datetime,nat_demand,T2M_toc,QV2M_toc,TQL_toc,W2M_toc,T2M_san,QV2M_san,TQL_san,W2M_san,T2M_dav,QV2M_dav,TQL_dav,W2M_dav,Holiday_ID,holiday,school
2020-03-16 00:00:00,1152.4913,25.608605957031276,0.015674897,0.06086731,24.909022597008523,24.499230957031276,0.015068359,0.007291794,12.328431220947332,22.428918457031276,0.014953918,0.0320282,6.154681447615194,0,0,1
2020-03-16 01:00:00,1088.7654,25.468530273437523,0.015621708,0.06390381,24.84468681901154,24.171655273437523,0.015110538,0.00825119,11.989843075499264,22.046655273437523,0.0147939185,0.033294678,6.164725125164581,0,0,1
2020-03-16 02:00:00,1054.0727,25.330468750000023,0.015557058,0.06124878,24.870786585683717,23.924218750000023,0.015103109,0.009326935,11.749438080033157,21.721093750000023,0.014672048,0.027328491,6.270233733278712,0,0,1
2020-03-16 03:00:00,1030.9285,25.229943847656276,0.015465621,0.051742554,25.06842679005836,23.714318847656276,0.015198592,0.02204895,11.846327123146388,21.472131347656276,0.014584426,0.029403687,6.405517953124692,0,0,1
2020-03-16 04:00:00,1019.2993,25.149072265625023,0.015354797,0.03540039,24.85255762213073,23.586572265625023,0.015293762,0.028259277,12.015460964318372,21.313134765625023,0.014549896,0.0362854,6.37816979085548,0,0,1
2020-03-16 05:00:00,1047.5207999999998,25.141687011718773,0.0151711665,0.024803162,25.244035338876184,23.485437011718773,0.015316125,0.040359497,11.88114714199214,21.258874511718773,0.014549371,0.039916992,6.257849532457138,0,0,1
2020-03-16 06:00:00,1059.8625,25.252282714843773,0.014987446,0.016044617,25.86103117336216,23.564782714843773,0.0152506605,0.04257202,12.145236289441518,21.267907714843773,0.014602162,0.04484558,6.112826014524714,0,0,1
2020-03-16 07:00:00,1161.7313,26.035913085937523,0.014678003,0.010414124,28.661777013085764,25.301538085937523,0.015120508,0.042892456,15.44982915987539,22.145288085937523,0.014582636,0.04118347,6.611193104118858,0,0,1
2020-03-16 08:00:00,1324.1151,27.164910888671898,0.014376323,0.002064705,29.832621820869704,27.774285888671898,0.014448802,0.039016724,18.15472698606279,24.102410888671898,0.014128367,0.02104187,6.905232991038207,0,0,1
2020-03-16 09:00:00,1360.2972,28.311181640625023,0.014246391,0.0009276867,28.882658214863824,30.061181640625023,0.013620781,0.03475952,18.30290829421289,26.373681640625023,0.013147758,0.012077332,6.520213982984848,0,0,1
2020-03-16 10:00:00,1447.3975,29.368005371093773,0.013914363,0.0007007122,28.328982164362174,31.930505371093773,0.01288821,0.026908875,17.700683451243158,28.352380371093773,0.012270229,0.008781433,5.677678864860224,0,0,1
2020-03-16 11:00:00,1477.3916,30.2018981933594,0.013540468,0.00042760372,28.01668772820523,33.4362731933594,0.012338839,0.01676178,16.794317619632007,29.6862731933594,0.012296877,0.0073013306,4.400338214099914,0,0,1
2020-03-16 12:00:00,1499.7503,30.735314941406276,0.013300112,0.00028026104,27.28056770651316,34.50093994140627,0.011968783,0.009098053,16.01415309547259,30.579064941406276,0.012262515,0.007820129,3.5615882951726627,0,0,1
2020-03-16 13:00:00,1513.4435,30.963647460937523,0.013155111,0.00055360794,26.439299826534416,35.01052246093752,0.011697897,0.00504303,15.622727871907262,31.057397460937523,0.012151846,0.013298035,3.1421179932086973,0,0,1
2020-03-16 14:00:00,1530.2833,30.8715759277344,0.013147432,0.0015158653,26.08369157279033,34.9809509277344,0.011400301,0.0028848648,15.673866720162762,30.9653259277344,0.012399752,0.022857666,3.0731340049998077,0,0,1
2020-03-16 15:00:00,1480.3162000000002,30.4191833496094,0.013254206,0.0024929047,26.142351082899975,34.2004333496094,0.011335413,0.0017385483,15.991918496989518,30.4191833496094,0.01256756,0.024978638,3.4276363417471623,0,0,1
2020-03-16 16:00:00,1413.1413,29.622186279296898,0.013483047,0.0027122498,26.26809975188908,32.5596862792969,0.011564254,0.0024175644,16.258143795804568,29.497186279296898,0.012605666,0.022094727,4.044039345343288,0,0,1
2020-03-16 17:00:00,1308.9571,28.397424316406276,0.013921711,0.0020999908,26.00631452908586,30.319299316406276,0.012041065,0.0026817322,16.137591122252537,28.116174316406276,0.01273534,0.021446228,4.898023804347807,0,0,1
2020-03-16 18:00:00,1280.7756,27.044641113281276,0.014528297,0.0012388229,24.570194815397816,27.872766113281276,0.012704872,0.0029354095,14.188491068770976,26.232141113281276,0.013315223,0.012630463,5.624454777042968,0,0,1
2020-03-16 19:00:00,1338.1402,26.262109375000023,0.015054879,0.0004657507,23.110153939078177,26.418359375000023,0.013452706,0.0051403046,12.393494148325962,24.777734375000023,0.013597664,0.0130729675,5.971068102881226,0,0,1
2020-03-16 20:00:00,1301.8467,25.876489257812523,0.015303035,0.00016343594,21.8248595557659,25.579614257812523,0.014032741,0.005493164,11.301198986888949,24.001489257812523,0.013967891,0.014015198,5.695641537804205,0,0,1
2020-03-16 21:00:00,1287.9947,25.663385009765648,0.015333721,0.00012648106,21.13254206446648,25.054010009765648,0.014292309,0.008377075,10.290063817129402,23.538385009765648,0.014238903,0.02456665,5.528781684096452,0,0,1
2020-03-16 22:00:00,1217.0712,25.475427246093773,0.015147013,0.00013136864,21.07658794027396,24.694177246093773,0.014391703,0.009830475,9.90645579608668,23.178552246093773,0.014399332,0.0286026,5.500152616984335,0,0,1
2020-03-16 23:00:00,1186.433,25.264093017578148,0.014876409,0.00025641918,21.25503147292516,24.420343017578148,0.0144720515,0.012268066,9.685748813967884,22.842218017578148,0.0145483455,0.03315735,5.387713664834159,0,0,1
2020-03-17 00:00:00,1112.5399,25.036920166015648,0.014708807,0.0006093979,21.470047083155865,24.146295166015648,0.014529516,0.0178833,9.188135540837264,22.552545166015648,0.014628698,0.036087036,5.328685011980834,0,0,1
2020-03-17 01:00:00,1084.5341999999998,24.834527587890648,0.014651822,0.0022411346,21.2476115098391,23.725152587890648,0.014537381,0.025474548,8.186271148947894,22.287652587890648,0.014670895,0.039733887,5.2756085374745,0,0,1
2020-03-17 02:00:00,1041.3543,24.697381591796898,0.014617672,0.0061893463,21.08356863662028,23.416131591796898,0.014526119,0.023979187,8.052070337229937,22.041131591796898,0.014716854,0.046554565,5.049096483665279,0,0,1
2020-03-17 03:00:00,1001.5973,24.613244628906276,0.01461772,0.012237549,20.18727039312876,23.144494628906276,0.014549055,0.016723633,8.064734173323815,21.831994628906276,0.014735975,0.051940918,4.909156331146572,0,0,1
2020-03-17 04:00:00,1006.4104,24.521386718750023,0.014690021,0.022659302,17.978441527040406,22.865136718750023,0.014537433,0.017448425,7.832223515992618,21.708886718750023,0.014777759,0.051315308,4.66571023177157,0,0,1
2020-03-17 05:00:00,1025.3375,24.436822509765648,0.014796425,0.031051636,16.63897513277901,22.593072509765648,0.014544655,0.02192688,7.72294596798647,21.577447509765648,0.014826942,0.04789734,4.398097459241477,0,0,1
2020-03-17 06:00:00,1003.5577,24.549859619140648,0.014960055,0.030731201,16.731204728587894,22.659234619140648,0.014567141,0.021781921,8.578830257253239,21.581109619140648,0.01489902,0.04673767,4.382894945644171,0,0,1
2020-03-17 07:00:00,1102.6214,25.711694335937523,0.015097115,0.03060913,20.85710301882528,25.039819335937523,0.014463875,0.018730164,13.6983520964637,22.602319335937523,0.014875863,0.041870117,5.040042964207219,0,0,1
2020-03-17 08:00:00,1231.3347,27.032556152343773,0.01492909,0.038085938,23.40407620652981,27.938806152343773,0.013677869,0.014888763,17.07231517142593,24.657556152343773,0.014429364,0.032943726,5.521558520018622,0,0,1
2020-03-17 09:00:00,1315.4117,28.321557617187523,0.0147305885,0.03378296,23.14092693453848,30.430932617187523,0.012857572,0.009918213,16.69699598693708,26.884057617187523,0.013662473,0.026664734,5.314047152354895,0,0,1
2020-03-17 10:00:00,1365.6354,29.477990722656276,0.014516846,0.035720825,22.90220386278275,32.50924072265627,0.012182252,0.0055122375,15.61872582038757,28.727990722656276,0.013071076,0.022247314,4.574940978122899,0,0,1
2020-03-17 11:00:00,1434.3726,30.298669433593773,0.014429014,0.041015625,22.853561451031958,34.12679443359377,0.0117663555,0.0028476715,14.707922128147018,29.986169433593773,0.013204496,0.019844055,3.4037886547817418,0,0,1
2020-03-17 12:00:00,1463.3004,30.833276367187523,0.014467093,0.036895752,22.742762627990583,35.25515136718752,0.011503073,0.001709938,14.063503675120122,30.833276367187523,0.013223502,0.022109985,2.595426525938895,0,0,1
2020-03-17 13:00:00,1492.1375999999998,31.115533447265648,0.014573845,0.0541687,22.8296036321692,35.81865844726565,0.011354241,0.0015120506,13.658241131703877,31.318658447265648,0.013143334,0.026763916,2.0685353147550254,0,0,1
2020-03-17 14:00:00,1500.222,30.9731384277344,0.014760693,0.0793457,23.03342846612933,35.7856384277344,0.01133128,0.0014891624,13.494400388972831,31.3793884277344,0.013200481,0.025253296,1.6976226087064188,0,0,1
2020-03-17 15:00:00,1449.2272,30.530603027343773,0.014928466,0.09719849,23.400358109301543,35.04622802734377,0.011556273,0.0014166832,13.677520876662664,30.874353027343773,0.013257628,0.034500122,1.5609026105950918,0,0,1
2020-03-17 16:00:00,1365.7371,29.7480407714844,0.015157279,0.09927368,23.825543917584547,33.5136657714844,0.012006339,0.0023212433,13.944128166620832,29.8574157714844,0.013337668,0.036361694,1.594237093821342,0,0,1
2020-03-17 17:00:00,1279.1773999999998,28.6540466308594,0.01538992,0.08456421,24.25245389183104,31.2634216308594,0.012559415,0.0028219223,14.120240735387377,28.4196716308594,0.013410092,0.037521362,1.9154450573192237,0,0,1
2020-03-17 18:00:00,1253.6864,27.378015136718773,0.015756136,0.0713501,24.517013957427032,28.581140136718773,0.013219362,0.003112793,13.096846007176437,26.721765136718773,0.0133528765,0.030174255,2.8524593282837425,0,0,1
2020-03-17 19:00:00,1317.0122,26.513299560546898,0.016076626,0.065216064,24.244094626683385,26.857049560546898,0.013948025,0.0051822662,12.362220796492847,25.357049560546898,0.013593258,0.015678406,4.847338089503875,0,0,1
2020-03-17 20:00:00,1298.8934000000002,26.069787597656276,0.016145373,0.06222534,22.88206966029246,25.960412597656276,0.014459277,0.009269714,11.993095967727152,24.319787597656276,0.01403966,0.009048462,5.844802954153029,0,0,1
2020-03-17 21:00:00,1259.0631,25.888391113281276,0.016092092,0.038650513,22.02771564070265,25.388391113281276,0.014802723,0.021499634,11.567285657108348,23.638391113281276,0.014394551,0.01914215,5.748364831372319,0,0,1
2020-03-17 22:00:00,1223.2404,25.7502380371094,0.016069368,0.025299072,21.888457425808824,25.0158630371094,0.015035585,0.03274536,10.990988011746952,23.1721130371094,0.014551118,0.036499023,5.82553277587576,0,0,1
2020-03-17 23:00:00,1187.5335,25.577935791015648,0.016092472,0.02027893,21.885906126155493,24.781060791015648,0.015218905,0.034988403,10.471614091947515,22.874810791015648,0.014684848,0.044281006,5.750427492255595,0,0,1
2020-03-18 00:00:00,1138.6649,25.423608398437523,0.016092721,0.018882751,21.99816544252984,24.392358398437523,0.015394632,0.044143677,9.56022749881516,22.720483398437523,0.014814798,0.04499817,5.39356286706672,0,0,1
2020-03-18 01:00:00,1093.4494,25.309167480468773,0.016009007,0.02016449,21.98740117764887,24.074792480468773,0.015524539,0.04698181,9.260358456291724,22.606042480468773,0.014895114,0.04446411,4.97346014220812,0,0,1
2020-03-18 02:00:00,1067.4932,25.243371582031276,0.015833687,0.019439697,22.00016215871523,23.852746582031276,0.015585732,0.044174194,9.278838354114283,22.477746582031276,0.014880013,0.04673767,4.809032869718069,0,0,1
2020-03-18 03:00:00,1036.313,25.122277832031276,0.015673537,0.015571594,21.66431274929842,23.622277832031276,0.015547652,0.034851074,9.461860733913475,22.278527832031276,0.014799971,0.045455933,4.94055273014031,0,0,1
2020-03-18 04:00:00,1021.1274,24.970330810546898,0.015562817,0.013553619,20.721922833981893,23.282830810546898,0.015436932,0.023704529,9.26600710307721,22.064080810546898,0.014723584,0.044708252,5.028514157083653,0,0,1
2020-03-18 05:00:00,1036.042,24.859033203125023,0.015478561,0.013286591,19.65110852558144,22.968408203125023,0.0153297875,0.012706757,9.02355270827427,21.827783203125023,0.014704177,0.049957275,5.023094009355075,0,0,1
2020-03-18 06:00:00,1003.5961,24.910180664062523,0.015401912,0.012710571,20.151706632749555,22.832055664062523,0.015276027,0.0060329437,9.165611956405332,21.738305664062523,0.014677119,0.05105591,5.17699208271909,0,0,1
2020-03-18 07:00:00,1102.1578,25.6738220214844,0.015241462,0.011268616,23.386958552198823,24.9863220214844,0.015107947,0.0031909943,14.078346101335008,22.6425720214844,0.014516669,0.045959473,6.114835468489865,0,0,1
2020-03-18 08:00:00,1262.8576999999998,26.710626220703148,0.01498574,0.01235199,25.524067980332767,27.804376220703148,0.014344871,0.0022773743,17.02145819436455,24.429376220703148,0.014012992,0.03388977,6.536316759093573,0,0,1
2020-03-18 09:00:00,1321.318,27.853234863281276,0.014840683,0.010986328,25.75145757309034,30.337609863281276,0.0135742035,0.0017528534,16.609387163389243,26.478234863281276,0.0132461395,0.022109985,6.221956064950147,0,0,1
2020-03-18 10:00:00,1371.8431,28.916711425781276,0.014741413,0.008769989,25.9308391414374,32.40108642578127,0.013379566,0.0019140244,15.8164331181082,28.369836425781276,0.012544148,0.01776886,5.60144074503203,0,0,1
2020-03-18 11:00:00,1432.4593,29.732263183593773,0.0146993855,0.0069904327,26.18921844889357,33.95101318359377,0.0133795,0.0029459,15.37120665857515,29.747888183593773,0.01238005,0.013301849,4.646873512088253,0,0,1
2020-03-18 12:00:00,1439.1929,30.304711914062523,0.01466501,0.004644394,26.49590239316128,34.99221191406252,0.013306978,0.004003525,15.213205784745814,30.585961914062523,0.012544039,0.010410309,3.878206071152263,0,0,1
2020-03-18 13:00:00,1458.7507,30.551904296875023,0.014619207,0.004928589,26.96156719010747,35.52065429687502,0.013078069,0.004776001,15.347910198888464,30.973779296875023,0.012639379,0.0084991455,3.682948597856164,0,0,1
2020-03-18 14:00:00,1469.3609,30.484216308593773,0.014573417,0.005346298,27.34045575022265,35.49984130859377,0.012872062,0.005290985,15.671562409254795,30.890466308593773,0.012688956,0.017913818,3.8310022270895177,0,0,1
2020-03-18 15:00:00,1441.0083000000002,30.054223632812523,0.014615381,0.0064029694,27.887849487686417,34.75734863281252,0.012814844,0.0061454773,16.249842453412963,30.304223632812523,0.012769068,0.020835876,4.410399203235119,0,0,1
2020-03-18 16:00:00,1361.6724000000002,29.289941406250023,0.014657309,0.0071372986,28.26816977816961,33.16494140625002,0.012963584,0.0084991455,16.79216191144417,29.243066406250023,0.012807181,0.017044067,5.357711574775321,0,0,1
2020-03-18 17:00:00,1258.1374999999998,28.2255798339844,0.01473356,0.0074806213,27.95873806049813,30.9287048339844,0.01323057,0.010353088,17.010881150447453,27.7412048339844,0.012887247,0.023002625,6.464351107079171,0,0,1
2020-03-18 18:00:00,1239.184,27.136437988281276,0.014901387,0.021697998,26.86170146992508,28.495812988281276,0.013547169,0.011695862,15.552352560497582,25.839562988281276,0.013154255,0.023956299,7.208181453567446,0,0,1
2020-03-18 19:00:00,1275.3934,26.544854736328148,0.015130296,0.03387451,26.04060435072834,26.951104736328148,0.014024034,0.013870239,14.26026254634272,24.357354736328148,0.013570085,0.03100586,7.758132502015111,0,0,1
2020-03-18 20:00:00,1258.9049,26.264489746093773,0.0153020425,0.03236389,25.11603639955613,26.061364746093773,0.014539103,0.013103485,13.778365899184369,23.420739746093773,0.014188151,0.04284668,7.505615664954459,0,0,1
2020-03-18 21:00:00,1250.78,26.096734619140648,0.015428087,0.027496338,24.35105314072679,25.518609619140648,0.014852067,0.019584656,13.164816315119625,22.846734619140648,0.014638444,0.058288574,7.069336641693396,0,0,1
2020-03-18 22:00:00,1232.0997,25.952935791015648,0.015512087,0.022499084,23.78408006628824,25.109185791015648,0.014901736,0.01499939,12.600979903128286,22.499810791015648,0.014951327,0.0566864,6.721920737904997,0,0,1
2020-03-18 23:00:00,1175.0196,25.832116699218773,0.015599951,0.023117065,23.55081684615406,24.753991699218773,0.014890417,0.018669128,11.965406833591553,22.285241699218773,0.015184149,0.05291748,6.422852040610253,0,0,1
2020-03-19 00:00:00,1109.1561,25.727014160156276,0.015622973,0.016273499,23.61845961364721,24.445764160156276,0.01491344,0.020835876,11.821978444698832,22.117639160156276,0.015268207,0.06564331,6.278962842252663,0,0,1
2020-03-19 01:00:00,1081.5327,25.611993408203148,0.015535385,0.015403748,23.610035020349063,24.174493408203148,0.015043289,0.023796082,11.735232081091125,21.955743408203148,0.015260727,0.074645996,6.138719177355138,0,0,1
2020-03-19 02:00:00,1040.4411,25.497399902343773,0.01551645,0.017662048,23.29159271101109,23.981774902343773,0.015226533,0.025024414,11.682599612137263,21.825524902343773,0.015249421,0.07092285,5.842548319429473,0,0,1
2020-03-19 03:00:00,1013.4963,25.464227294921898,0.015489843,0.020774841,23.297337850658696,23.870477294921898,0.015375402,0.025466919,11.608204597221194,21.761102294921898,0.015249517,0.07293701,5.59503600612642,0,0,1
2020-03-19 04:00:00,996.1323,25.411462402343773,0.015550899,0.024124146,22.604383965029363,23.786462402343773,0.015405941,0.024993896,11.24235091524733,21.755212402343773,0.015268612,0.0793457,5.472654995315702,0,0,1
2020-03-19 05:00:00,997.9148,25.310388183593773,0.015764313,0.025772095,20.74049039667412,23.669763183593773,0.01530655,0.02103424,10.666992557633543,21.747888183593773,0.015283662,0.08251953,5.347048349875678,0,0,1
2020-03-19 06:00:00,997.2655,25.319543457031276,0.01600067,0.02658081,19.444887233572924,23.741418457031276,0.015127103,0.013156891,10.561960305415091,21.757043457031276,0.015233914,0.0793457,5.365465744578937,0,0,1
2020-03-19 07:00:00,1122.1084999999998,26.086328125000023,0.01609211,0.029335022,21.249838119787817,25.789453125000023,0.014818001,0.008224487,13.992139800484024,22.664453125000023,0.015172767,0.06732178,6.0906490945902165,0,0,1
2020-03-19 08:00:00,1271.829,27.266717529296898,0.015870772,0.03540039,22.836061449265905,28.376092529296898,0.014096938,0.005033493,16.227359556660854,24.641717529296898,0.014531814,0.04685974,6.542163217088136,0,0,1
2020-03-19 09:00:00,1308.5639,28.455377197265648,0.015679905,0.034622192,22.34663109702934,30.767877197265648,0.013478826,0.0023908615,15.122460018035106,26.892877197265648,0.013623784,0.030181885,6.036374706339635,0,0,1
2020-03-19 10:00:00,1379.5175000000002,29.553521728515648,0.015424206,0.026306152,21.776623530691367,32.89727172851565,0.0131239435,0.0019721985,13.320360743818426,28.850396728515648,0.012998058,0.01600647,4.754595900250894,0,0,1
2020-03-19 11:00:00,1432.7028,30.512719726562523,0.015149466,0.01828003,21.711897735939587,34.57521972656252,0.012902609,0.0030698776,12.131103061924064,30.262719726562523,0.013047568,0.012466431,3.17277048784055,0,0,1
2020-03-19 12:00:00,1437.6174,31.195977783203148,0.014966297,0.016448975,21.94691129255329,35.77410278320315,0.01265459,0.0043621063,11.409222556532168,31.211602783203148,0.012925434,0.015785217,2.351592305650369,0,0,1
2020-03-19 13:00:00,1471.1471,31.532861328125023,0.014832733,0.017372131,22.407862373340706,36.50161132812502,0.012326477,0.0049495697,11.164792553981355,31.735986328125023,0.01279187,0.020690918,1.9611088943048665,0,0,1
2020-03-19 14:00:00,1460.6983,31.516748046875023,0.014714431,0.027076721,22.812016984398472,36.70424804687502,0.012158584,0.0050373077,11.235093212275784,31.797998046875023,0.01277275,0.04008484,1.7588844936814896,0,0,1
2020-03-19 15:00:00,1445.5247,31.1186462402344,0.014577061,0.029006958,23.119222594394056,36.2592712402344,0.0122767985,0.00598526,11.478305654664556,31.3530212402344,0.013001591,0.037231445,1.722553782626934,0,0,1
2020-03-19 16:00:00,1369.8342,30.324853515625023,0.014561769,0.019699097,23.807050388348397,35.12172851562502,0.012543794,0.015407562,11.904097811604707,30.465478515625023,0.013234254,0.039398193,1.906906970270921,0,0,1
2020-03-19 17:00:00,1267.7503000000002,29.022393798828148,0.014729592,0.01171875,24.650325081250514,33.19426879882815,0.012971017,0.01966095,12.249668512335727,29.131768798828148,0.013466927,0.048690796,2.329451937826299,0,0,1
2020-03-19 18:00:00,1270.031,27.578027343750023,0.015050019,0.004796982,24.420386605916416,30.562402343750023,0.013764466,0.021888733,11.743652603208414,27.328027343750023,0.013871278,0.039596558,2.81147726155529,0,0,1
2020-03-19 19:00:00,1316.0045,26.700219726562523,0.01536285,0.0018377304,23.84192471818452,28.481469726562523,0.014664761,0.026947021,12.551545407409312,25.809594726562523,0.0144663965,0.048553467,4.693792718319594,0,0,1
2020-03-19 20:00:00,1311.6103,26.266656494140648,0.015526962,0.00078964233,23.17323998740081,27.157281494140648,0.015488815,0.027763367,12.516190844828156,24.813531494140648,0.014706802,0.043624878,6.100773118226549,0,0,1
2020-03-19 21:00:00,1303.8079,26.064294433593773,0.0155957835,0.001411438,22.86197611279976,26.392419433593773,0.015931476,0.027801514,12.064374183963444,24.142419433593773,0.014829029,0.037322998,6.10897861453366,0,0,1
2020-03-19 22:00:00,1264.6995000000002,25.898370361328148,0.01565689,0.0072193146,22.836865706631773,25.929620361328148,0.016107025,0.028816223,11.061001040527692,23.679620361328148,0.014977874,0.050338745,5.839338035299098,0,0,1
2020-03-19 23:00:00,1247.6802,25.732720947265648,0.015672239,0.009876251,22.72800744428986,25.576470947265648,0.016183408,0.029121399,10.270214152420206,23.357720947265648,0.015119108,0.07495117,5.416484372323753,0,0,1
2020-03-20 00:00:00,1203.1312,25.550927734375023,0.01562277,0.009407043,22.45619992155824,25.238427734375023,0.016160643,0.030273438,9.50174844011298,23.082177734375023,0.015283262,0.081604004,4.779132239371,0,0,1
2020-03-20 01:00:00,1154.7738,25.358453369140648,0.0155733125,0.009605408,21.950478057173985,24.889703369140648,0.016046336,0.027755737,8.901689197669137,22.889703369140648,0.015424539,0.08380127,4.080401186572686,0,0,1
2020-03-20 02:00:00,1112.2807,25.206933593750023,0.01556197,0.010746002,21.218256377151334,24.550683593750023,0.015909107,0.02420044,8.491671801844108,22.722558593750023,0.015508564,0.07702637,3.6163110054215952,0,0,1
2020-03-20 03:00:00,1095.8961000000002,25.103326416015648,0.015592571,0.01228714,19.78659026608451,24.243951416015648,0.015756603,0.022476196,8.234376547304764,22.603326416015648,0.0154018365,0.08932495,3.3476873357658232,0,0,1
2020-03-20 04:00:00,1057.7553,25.002587890625023,0.015703235,0.01354599,18.126584319226588,23.861962890625023,0.015623126,0.022018433,7.655070206652217,22.393212890625023,0.015264545,0.10482788,3.394100272296252,0,0,1
2020-03-20 05:00:00,999.7755,24.917016601562523,0.015832895,0.013988495,17.10346684698851,23.463891601562523,0.015497201,0.020202637,7.287454338650434,22.213891601562523,0.015134805,0.11453247,3.580033196449875,0,0,1
2020-03-20 06:00:00,1058.3143,24.994287109375023,0.015916724,0.015068054,16.995318138329946,23.478662109375023,0.015355962,0.019432068,8.221325707002201,22.134912109375023,0.015054601,0.11254883,3.79696614473936,0,0,1
2020-03-20 07:00:00,1173.3535000000002,25.769677734375023,0.015741106,0.018737793,19.627349308588453,25.613427734375023,0.01500487,0.02079773,12.920454708400404,23.175927734375023,0.014890429,0.09716797,4.686489167132852,0,0,1
2020-03-20 08:00:00,1236.8289,26.766015625000023,0.015367138,0.021530151,21.617146743388577,28.469140625000023,0.014161694,0.019767761,15.051768151526408,25.234765625000023,0.014432537,0.071746826,4.998963631989276,0,0,1
2020-03-20 09:00:00,1273.4672,27.863702392578148,0.015275495,0.012310028,21.854292319209,31.082452392578148,0.013432996,0.015048981,13.734145322578296,27.332452392578148,0.013700025,0.054733276,4.464308588590602,0,0,1
2020-03-20 10:00:00,1329.0988000000002,28.837030029296898,0.015080956,0.007455826,22.004290977241983,33.1964050292969,0.013021019,0.011035919,11.807745625244824,29.102655029296898,0.013093499,0.0448761,3.193731625199882,0,0,1
2020-03-20 11:00:00,1386.457,29.605004882812523,0.0148825925,0.005426407,22.32848802681177,34.80812988281252,0.012620477,0.011859894,10.650050224937964,30.386254882812523,0.01302865,0.044036865,1.862304350798426,0,0,1
2020-03-20 12:00:00,1414.121,30.155328369140648,0.014638428,0.008243561,22.654443085273723,35.92095336914065,0.012204651,0.0149002075,10.134753907748816,31.139703369140648,0.013112549,0.043289185,1.1308061830334386,0,0,1
2020-03-20 13:00:00,1433.3783999999998,30.425012207031276,0.014394233,0.011142731,22.90644527169922,36.50313720703127,0.011899421,0.020133972,10.006900962036832,31.518762207031276,0.012967536,0.054534912,0.68380170089692,0,0,1
2020-03-20 14:00:00,1406.9788,30.392388916015648,0.014123356,0.017082214,22.95617197855905,36.50176391601565,0.011762058,0.0345459,10.077888441991147,31.439263916015648,0.012807285,0.061141968,0.3779562421828889,0,0,1
2020-03-20 15:00:00,1338.5974,30.056024169921898,0.013947849,0.013946533,23.003694798123934,35.8528991699219,0.011754398,0.07400513,10.280462976264625,30.759149169921898,0.012772922,0.07437134,0.1495368912658141,0,0,1
2020-03-20 16:00:00,1261.3507,29.330834960937523,0.01395164,0.010936737,23.11097218903742,34.54958496093752,0.011865,0.07366943,10.502218742282135,29.705834960937523,0.012860636,0.064331055,0.2878678987039623,0,0,1
2020-03-20 17:00:00,1201.868,28.190759277343773,0.0141576035,0.0052928925,22.902088373235067,32.67513427734377,0.012299846,0.04800415,10.928608565067057,28.409509277343773,0.012982677,0.04837036,0.7498389714941889,0,0,1
2020-03-20 18:00:00,1221.6671,26.912530517578148,0.014500902,0.002339363,21.752072781417542,30.240655517578148,0.012997911,0.044647217,10.256551399893258,26.678155517578148,0.013383196,0.049621582,1.081809577682738,0,0,1
2020-03-20 19:00:00,1273.1783,26.136865234375023,0.014870911,0.0023288727,20.77028036663899,28.324365234375023,0.013715058,0.042526245,10.71696922701758,25.277490234375023,0.013703614,0.06338501,2.091427461718214,0,0,1
2020-03-20 20:00:00,1255.5828,25.7707458496094,0.015076918,0.007762909,19.66056381364011,26.9582458496094,0.014207167,0.039154053,11.1066890048031,24.4582458496094,0.013921064,0.05596924,3.1615446524904818,0,0,1
2020-03-20 21:00:00,1242.9528,25.600732421875023,0.015138016,0.0111961365,18.74009965672656,26.053857421875023,0.014550553,0.029151917,10.509904930780902,23.756982421875023,0.014119492,0.043441772,4.071778108464297,0,0,1
2020-03-20 22:00:00,1203.8917,25.455102539062523,0.015126684,0.011886597,17.9898011114843,25.376977539062523,0.014878728,0.021453857,9.70738134822005,23.173852539062523,0.014298894,0.039718628,4.703488126911512,0,0,1
2020-03-20 23:00:00,1123.5063,25.293908691406276,0.0151039,0.011577606,17.205362433263677,24.809533691406276,0.015100085,0.019241333,8.931045895080223,22.747033691406276,0.014356219,0.034194946,5.136781695194184,0,0,1
2020-03-21 00:00:00,1078.2496999999998,25.126306152343773,0.015096402,0.01084137,16.4389234081744,24.188806152343773,0.015233731,0.019004822,7.9158635660358465,22.360681152343773,0.0144212,0.031143188,5.083085283991751,0,0,1
2020-03-21 01:00:00,1055.9087000000002,24.947320556640648,0.015077523,0.010070801,15.54514127424798,23.650445556640648,0.015291146,0.019317627,7.431597604794996,22.025445556640648,0.014444283,0.034301758,4.9368843930999375,0,0,1
2020-03-21 02:00:00,1032.7346,24.775415039062523,0.015051017,0.009300232,14.6406640311813,23.228540039062523,0.015287528,0.019950867,7.188963155675658,21.728540039062523,0.014467368,0.039779663,4.825539658563424,0,0,1
2020-03-21 03:00:00,1001.3669,24.639245605468773,0.014990082,0.008457184,14.063990985411792,22.889245605468773,0.015245667,0.0209198,7.008969141196244,21.514245605468773,0.014520874,0.04197693,4.749508862451915,0,0,1
2020-03-21 04:00:00,968.0522,24.511651611328148,0.014936706,0.007873535,13.910045577961167,22.636651611328148,0.015203735,0.023475647,7.108118203214487,21.402276611328148,0.014581939,0.042282104,4.770934342338131,0,0,1
2020-03-21 05:00:00,978.9921,24.432946777343773,0.014890997,0.0075912476,13.877269629351542,22.448571777343773,0.015199987,0.026733398,7.141445743462855,21.339196777343773,0.01459345,0.0471344,4.808931832223647,0,0,1
2020-03-21 06:00:00,954.7806,24.611291503906276,0.014894706,0.006669998,14.393444047095374,22.626916503906276,0.015207511,0.028923035,8.049997104620562,21.330041503906276,0.014574272,0.055038452,4.813131050251694,0,0,1
2020-03-21 07:00:00,997.5996,25.709191894531276,0.014761051,0.0072898865,18.896238116127936,25.162316894531276,0.014986118,0.029769897,12.74797813989628,22.381066894531276,0.014532169,0.05810547,5.617351886747301,0,0,1
2020-03-21 08:00:00,1083.5103,26.7546325683594,0.014669393,0.011165619,20.8517121634288,28.2546325683594,0.013982748,0.028434753,15.622459676308678,24.5983825683594,0.014108633,0.049713135,6.094918720557731,0,0,1
2020-03-21 09:00:00,1110.3386,27.814172363281276,0.014699836,0.01978302,21.146946982938665,30.704797363281276,0.013025184,0.024291992,15.148587030673156,26.923547363281276,0.013349433,0.043884277,5.771239763217347,0,0,1
2020-03-21 10:00:00,1113.7174,28.807000732421898,0.014661638,0.03147888,21.709501037627152,32.7132507324219,0.012422411,0.018417358,13.8337158983637,28.744500732421898,0.012586443,0.045181274,5.01461422441469,0,0,1
2020-03-21 11:00:00,1140.5002,29.5886169433594,0.01455863,0.042099,22.37416779233172,34.2448669433594,0.011941748,0.013957977,12.928475644209188,30.0104919433594,0.012624579,0.05644226,3.947828120678808,0,0,1
2020-03-21 12:00:00,1124.4657000000002,30.115899658203148,0.014383186,0.052719116,23.10497315613889,35.25652465820315,0.011545051,0.011974335,12.609739735373116,30.772149658203148,0.012952674,0.07144165,3.1628779520951884,0,0,1
2020-03-21 13:00:00,1122.6474,30.325708007812523,0.014211577,0.056503296,23.764776242240323,35.70070800781252,0.01133911,0.01184082,12.826408389208106,31.013208007812523,0.013059539,0.08816528,2.958415279238492,0,0,1
2020-03-21 14:00:00,1121.3317,30.253045654296898,0.014055065,0.04937744,24.31294211017528,35.5499206542969,0.011365703,0.011707306,13.564696812065923,30.815545654296898,0.013143352,0.10723877,3.122845555556836,0,0,1
2020-03-21 15:00:00,1123.2710000000002,29.850244140625023,0.014032088,0.03463745,24.854004774778783,34.70961914062502,0.01154872,0.013191223,14.571793616073938,30.209619140625023,0.013200484,0.09967041,3.6273134965228575,0,0,1
2020-03-21 16:00:00,1102.2608,29.131799316406276,0.014096873,0.026184082,25.140809326254825,33.06929931640627,0.01180424,0.00894165,15.471792314462956,29.225549316406276,0.0132194925,0.080444336,4.44524507119472,0,0,1
2020-03-21 17:00:00,1080.9398,28.053155517578148,0.014245573,0.016029358,24.805355133731645,30.771905517578148,0.012197081,0.0069503784,15.960569671560055,27.865655517578148,0.013207976,0.06222534,5.560813658477644,0,0,1
2020-03-21 18:00:00,1096.6363,26.878991699218773,0.014565889,0.007968903,23.80636924339229,28.175866699218773,0.012795869,0.0076122284,15.405642043183247,26.160241699218773,0.013352815,0.041168213,6.438568693173307,0,0,1
2020-03-21 19:00:00,1198.5019,26.212335205078148,0.014935854,0.011310577,23.177971451266032,26.587335205078148,0.013512972,0.008098602,14.464608307647062,24.837335205078148,0.013440493,0.027267456,7.132477091562926,0,0,1
2020-03-21 20:00:00,1184.4542,25.953210449218773,0.0151228625,0.020812988,22.621552889918217,25.671960449218773,0.014123412,0.008518219,13.336061328923126,23.984460449218773,0.013715239,0.024620056,7.146132424845124,0,0,1
2020-03-21 21:00:00,1173.8957,25.846154785156276,0.015134435,0.023017883,22.197900126352742,25.033654785156276,0.014497381,0.013286591,12.00037930842782,23.346154785156276,0.013887029,0.034576416,7.01154764001697,0,0,1
2020-03-21 22:00:00,1136.8483,25.718835449218773,0.015203174,0.02394867,21.796226300830867,24.546960449218773,0.014669117,0.019630432,11.183818701621217,22.843835449218773,0.014089283,0.046951294,6.6128322178939785,0,0,1
2020-03-21 23:00:00,1083.0603,25.565515136718773,0.015310049,0.023902893,21.273639195242904,24.174890136718773,0.014764547,0.020843506,10.57460261470777,22.456140136718773,0.01429534,0.05102539,6.291054996626643,0,0,1
2020-03-22 00:00:00,1047.0462000000002,25.402795410156276,0.015355876,0.022323608,20.51865249224852,23.840295410156276,0.014833262,0.020965576,9.88066421886119,22.152795410156276,0.014421275,0.056137085,5.996768777531713,0,0,1
2020-03-22 01:00:00,1022.6587,25.229516601562523,0.015371254,0.022460938,19.52804089261172,23.401391601562523,0.014890602,0.020309448,8.901643725562472,21.917016601562523,0.014459541,0.066711426,5.774816713273194,0,0,1
2020-03-22 02:00:00,989.9701,25.132409667968773,0.015386531,0.016975403,18.610466922270955,23.069909667968773,0.014909694,0.019821167,8.704801444692942,21.741784667968773,0.014463374,0.066711426,5.628492568074261,0,0,1
2020-03-22 03:00:00,975.9471,25.113397216796898,0.015378894,0.01864624,18.592806181731305,22.785272216796898,0.014860095,0.015182495,8.764732339866516,21.566522216796898,0.014421405,0.063323975,5.616599623433742,0,0,1
2020-03-22 04:00:00,950.0522,25.056512451171898,0.015428452,0.025665283,18.09809330966421,22.509637451171898,0.014768509,0.010765076,8.686839758943329,21.462762451171898,0.014352707,0.05656433,5.734550435971224,0,0,1
2020-03-22 05:00:00,946.0376,25.043389892578148,0.015462709,0.025848389,17.885074551805282,22.324639892578148,0.014669252,0.008758545,8.667602146230065,21.371514892578148,0.014268708,0.046920776,5.812337211052063,0,0,1
2020-03-22 06:00:00,894.6809000000001,25.154840087890648,0.015500772,0.026130676,18.304485684306787,22.529840087890648,0.014608133,0.010353088,9.209185223651469,21.342340087890648,0.014177072,0.039413452,5.900472550945636,0,0,1
2020-03-22 07:00:00,923.6846,25.913415527343773,0.015355733,0.022064209,21.671165723793564,24.725915527343773,0.014512685,0.010112762,13.006008004059517,22.335290527343773,0.014051107,0.034072876,6.548041261933294,0,0,1
2020-03-22 08:00:00,967.1793,26.901940917968773,0.015035215,0.034317017,23.978375916577,27.698815917968773,0.013860288,0.014537811,16.38596343424631,24.323815917968773,0.013478818,0.031723022,6.879200510103127,0,0,1
2020-03-22 09:00:00,994.544,28.006372070312523,0.014916884,0.023246765,24.17733729995956,30.146997070312523,0.013089644,0.019721985,16.244539450248617,26.490747070312523,0.012814986,0.036499023,6.399798694067257,0,0,1
2020-03-22 10:00:00,995.8997,29.100640869140648,0.014775695,0.022567749,23.75729941539432,32.25689086914065,0.012719573,0.02381134,14.610804690656025,28.428765869140648,0.012322845,0.05003357,5.482088240204519,0,0,1
2020-03-22 11:00:00,1035.1926,30.008081054687523,0.014619295,0.022987366,23.64271691989929,33.96120605468752,0.012509767,0.025596619,13.13709142396227,29.867456054687523,0.012261812,0.058502197,4.340768397292197,0,0,1
2020-03-22 12:00:00,1051.5416,30.603967285156276,0.01443231,0.031433105,24.02690885742825,35.15084228515627,0.012318968,0.029190063,12.238849531970354,30.713342285156276,0.012677549,0.06991577,3.267673323863986,0,0,1
2020-03-22 13:00:00,1066.5536,30.843804931640648,0.0143673355,0.040008545,24.568521670627195,35.78130493164065,0.012150996,0.036102295,11.861026337137258,31.062554931640648,0.012891048,0.09844971,2.775132810146685,0,0,1
2020-03-22 14:00:00,1068.3162,30.752770996093773,0.014420714,0.038757324,24.868464711545325,35.84652099609377,0.012017455,0.05505371,12.064770648292424,30.940270996093773,0.013089385,0.1227417,2.7204997989126536,0,0,1
2020-03-22 15:00:00,1065.0874,30.337487792968773,0.014496999,0.03086853,24.91610322074925,35.32186279296877,0.012025075,0.08547974,12.684187914363102,30.274987792968773,0.013310628,0.13885498,3.0357358259831293,0,0,1
2020-03-22 16:00:00,1063.9982,29.621545410156276,0.014573307,0.021018982,25.147096306268026,33.87154541015627,0.012311191,0.07852173,13.42393978770123,29.246545410156276,0.013512821,0.14404297,3.790308041698505,0,0,1
2020-03-22 17:00:00,1033.7948,28.547204589843773,0.014714478,0.016532898,25.011659512560648,32.09407958984377,0.0127995,0.06100464,14.124985880886886,27.937829589843773,0.013711212,0.13769531,4.821647966025347,0,0,1
2020-03-22 18:00:00,1061.4729,27.326318359375023,0.015004389,0.010276794,23.99887685055054,29.779443359375023,0.013371699,0.064086914,13.548337078459214,26.357568359375023,0.014001124,0.109436035,5.74246996873801,0,0,1
2020-03-22 19:00:00,1158.4335,26.649621582031276,0.0152942585,0.012649536,23.141812458982525,27.946496582031276,0.014065926,0.063964844,14.066970285570973,25.024621582031276,0.0143367695,0.1187439,6.771430975101313,0,0,1
2020-03-22 20:00:00,1163.2641,26.301599121093773,0.0154468,0.01587677,22.304284283789727,26.739099121093773,0.014641899,0.051483154,14.069155261093048,24.145349121093773,0.014695304,0.12490845,7.209369618744944,0,0,1
2020-03-22 21:00:00,1161.5641,26.103326416015648,0.015507939,0.013259888,21.95318850079784,26.009576416015648,0.015042546,0.047088623,12.979934600759368,23.618951416015648,0.014958623,0.13189697,6.7923248845771855,0,0,1
2020-03-22 22:00:00,1130.8954,25.978906250000023,0.015515702,0.013858795,21.830670247432817,25.572656250000023,0.015233414,0.04663086,12.01276716080101,23.291406250000023,0.015138047,0.13873291,6.247652143844586,0,0,1
2020-03-22 23:00:00,1084.7557000000002,25.824822998046898,0.015599816,0.015907288,21.24354973047977,25.246697998046898,0.015279382,0.0440979,11.326745794273217,23.090447998046898,0.015218346,0.14318848,5.861790761768405,0,0,1
2020-03-23 00:00:00,1051.7537,25.693902587890648,0.015687747,0.01928711,20.27923548775381,24.943902587890648,0.015283389,0.037887573,10.78340877249113,22.897027587890648,0.0152643155,0.1463623,5.503269361327872,0,0,1
2020-03-23 01:00:00,1004.7666,25.5920349121094,0.01577174,0.023002625,19.41594675369412,24.6232849121094,0.015256755,0.031028748,10.138687952242355,22.7951599121094,0.01525294,0.1484375,5.3210288055448896,0,0,1
2020-03-23 02:00:00,972.1438,25.470574951171898,0.015893899,0.026473999,18.60648109976778,24.345574951171898,0.015218698,0.026535034,9.754153672679104,22.642449951171898,0.015245401,0.14691162,5.2103421691587934,0,0,1
2020-03-23 03:00:00,950.836,25.371179199218773,0.016054226,0.028076172,18.05479262700625,24.074304199218773,0.015184475,0.023475647,9.548501896816628,22.527429199218773,0.015173031,0.14697266,5.181356225115484,0,0,1
2020-03-23 04:00:00,928.2162,25.2788024902344,0.016214482,0.028549194,17.592564772258573,23.6538024902344,0.015184515,0.021659851,8.720235154192183,22.4038024902344,0.015131109,0.14807129,5.115311391978191,0,0,1
2020-03-23 05:00:00,942.506,25.191918945312523,0.016366996,0.030059814,16.82460517136623,23.301293945312523,0.015169182,0.020439148,8.361116782433273,22.348168945312523,0.015073814,0.14715576,5.13031664222466,0,0,1
2020-03-23 06:00:00,928.5888,25.263513183593773,0.016450843,0.028961182,17.068577697174778,23.372888183593773,0.015146215,0.023773193,9.198763648177362,22.341638183593773,0.015016516,0.14318848,5.297734553719388,0,0,1
2020-03-23 07:00:00,1019.3114,26.046716308593773,0.016298184,0.02999115,19.874744479858062,25.702966308593773,0.01503552,0.02733612,13.981443494021413,23.265466308593773,0.014886747,0.13787842,6.117295846966132,0,0,1
2020-03-23 08:00:00,1137.7551,27.224542236328148,0.01586325,0.032440186,21.98209859616243,28.583917236328148,0.014375517,0.029594421,16.558265323176077,25.130792236328148,0.014425108,0.12506104,6.595518402594477,0,0,1
2020-03-23 09:00:00,1179.1806,28.442956542968773,0.015626688,0.027107239,22.11498589912188,31.036706542968773,0.013692635,0.028747559,15.870731377000808,27.130456542968773,0.013749856,0.1133728,6.303814142140253,0,0,1
2020-03-23 10:00:00,1222.4819,29.523950195312523,0.0154855065,0.020874023,22.311904576154625,33.08645019531252,0.013330203,0.026176453,14.694571508680696,28.836450195312523,0.013234835,0.10015869,5.506038943174122,0,0,1
2020-03-23 11:00:00,1264.0831,30.387963867187523,0.015336714,0.016166687,22.752387315181657,34.63796386718752,0.01305171,0.023918152,13.697436712445691,30.059838867187523,0.013391218,0.091278076,4.195362296208487,0,0,1
2020-03-23 12:00:00,1275.7016,30.987695312500023,0.015172675,0.013523102,23.22874508854647,35.70644531250002,0.012807563,0.021118164,12.963762195019756,30.831445312500023,0.013627723,0.10595703,3.168647191112285,0,0,1
2020-03-23 13:00:00,1283.4643,31.283380126953148,0.014985754,0.009307861,23.56978096175187,36.26775512695315,0.012555792,0.019744873,12.534820306781068,31.220880126953148,0.013627722,0.12265015,2.638731263210288,0,0,1
2020-03-23 14:00:00,1284.3739,31.285211181640648,0.014814094,0.005674362,23.82269682023978,36.30083618164065,0.012468055,0.019233704,12.49987476743908,31.160211181640648,0.013673499,0.1451416,2.292602651246811,0,0,1
2020-03-23 15:00:00,1249.9694,30.9328552246094,0.01476832,0.0029449463,24.10368495010313,35.7141052246094,0.012494761,0.024551392,12.889322182033307,30.4953552246094,0.013768869,0.1765747,2.1446740675100773,0,0,1
2020-03-23 16:00:00,1178.4153,30.145318603515648,0.014905613,0.0012512207,24.64898230132861,34.33281860351565,0.01273505,0.033355713,13.667573101098707,29.410943603515648,0.013909977,0.2020874,2.4078541033577268,0,0,1
2020-03-23 17:00:00,1134.3671000000002,28.921807861328148,0.01523744,0.0008301735,25.28617478734133,32.21868286132815,0.01323091,0.026763916,14.46497828978074,28.093682861328148,0.013822188,0.19689941,3.1657425959323606,0,0,1
2020-03-23 18:00:00,1164.0684,27.522912597656276,0.015679931,0.002363205,25.183398309502216,29.741662597656276,0.013909913,0.020195007,14.3899671890065,26.491662597656276,0.014253235,0.17736816,4.368999032056915,0,0,1
2020-03-23 19:00:00,1250.2305,26.716882324218773,0.016023282,0.016738892,24.61895472026696,27.795007324218773,0.014791134,0.019676208,14.845727201787804,25.216882324218773,0.014566067,0.11331177,5.822650625558089,0,0,1
2020-03-23 20:00:00,1232.4646,26.368676757812523,0.016229331,0.014011383,23.801188373549,26.618676757812523,0.015466392,0.024215698,14.147938646256296,24.087426757812523,0.015123069,0.09072876,6.067143255244851,0,0,1
2020-03-23 21:00:00,1221.4031,26.196862792968773,0.016382022,0.011459351,23.299403589826102,25.884362792968773,0.015832705,0.021965027,13.020076250125497,23.399987792968773,0.015458865,0.090545654,5.508780489656067,0,0,1
2020-03-23 22:00:00,1189.4158000000002,26.077050781250023,0.016481338,0.013969421,23.0347194771632,25.498925781250023,0.01594728,0.01838684,11.86832824246937,22.998925781250023,0.015577254,0.09542847,5.070085107438887,0,0,1
2020-03-23 23:00:00,1136.7509,25.9467712402344,0.016573083,0.019767761,22.37460087425531,25.2123962402344,0.015947472,0.020149231,11.190928532016072,22.7123962402344,0.015627038,0.10726929,4.939645792505766,0,0,1
2020-03-24 00:00:00,1114.6409,25.845910644531276,0.016489282,0.031463623,22.428744102417298,24.924035644531276,0.015947595,0.021759033,10.82115771179927,22.517785644531276,0.015688196,0.11380005,4.810549462116768,0,0,1
2020-03-24 01:00:00,1079.6926,25.718316650390648,0.016374798,0.027793884,22.079109129141138,24.608941650390648,0.015955182,0.022712708,10.60219709550587,22.374566650390648,0.01573393,0.11505127,4.7330517420935685,0,0,1
2020-03-24 02:00:00,1049.1872,25.614923095703148,0.016260348,0.019309998,21.763558837794264,24.318048095703148,0.01597806,0.026771545,10.446417476438562,22.255548095703148,0.01573392,0.11242676,4.95041665144341,0,0,1
2020-03-24 03:00:00,1007.6409,25.530908203125023,0.016145881,0.0104522705,21.14583179713151,24.077783203125023,0.016016182,0.030418396,10.415215732283226,22.140283203125023,0.015688118,0.110809326,5.29200568887833,0,0,1
2020-03-24 04:00:00,996.6906,25.461877441406276,0.016046662,0.0070495605,19.85890521486539,23.899377441406276,0.01606192,0.03289795,10.468451597601163,22.024377441406276,0.015611786,0.113861084,5.550279816455616,0,0,1
2020-03-24 05:00:00,1000.0847,25.361627197265648,0.016100032,0.0061416626,17.94577701802744,23.721002197265648,0.016069515,0.033569336,10.326873018268852,21.924127197265648,0.015527827,0.11166382,5.770366732282847,0,0,1
2020-03-24 06:00:00,979.0915,25.403527832031276,0.016267868,0.0055599213,17.276896569995785,23.747277832031276,0.016054245,0.03060913,10.427132170286846,21.903527832031276,0.015462966,0.10845947,5.821258246883082,0,0,1
2020-03-24 07:00:00,1060.4008,26.218896484375023,0.016313668,0.008480072,20.09089349593103,25.593896484375023,0.015962716,0.026985168,13.600347873502113,22.718896484375023,0.015485878,0.10144043,6.161352221708411,0,0,1
2020-03-24 08:00:00,1142.5166,27.400323486328148,0.016130555,0.014095306,21.585103811262265,28.525323486328148,0.015058626,0.020759583,16.273226986831514,24.790948486328148,0.015066256,0.08081055,6.388175525515858,0,0,1
2020-03-24 09:00:00,1170.7044,28.629541015625023,0.015978005,0.015296936,21.233345898076067,31.160791015625023,0.014066842,0.0122413635,15.281945110963845,27.207666015625023,0.014120248,0.0663147,5.842951827592823,0,0,1
2020-03-24 10:00:00,1200.0241999999998,29.735528564453148,0.01574918,0.012557983,20.77540679423198,33.36052856445315,0.013403142,0.006914139,13.271296252805763,29.094903564453148,0.013471806,0.060134888,4.529519571255512,0,0,1
2020-03-24 11:00:00,1224.6232,30.683374023437523,0.015466946,0.01002121,20.57054405490637,35.07399902343752,0.012953061,0.004716873,11.623780217318604,30.448999023437523,0.013605374,0.06088257,2.8527194299976317,0,0,1
2020-03-24 12:00:00,1237.6822,31.371606445312523,0.015161811,0.008171082,20.607299489169563,36.24660644531252,0.012541114,0.0049648285,10.671178043333338,31.340356445312523,0.013727485,0.07711792,1.914455132521328,0,0,1
2020-03-24 13:00:00,1241.8462,31.7385192871094,0.014894792,0.0039787292,20.83553478765773,36.9260192871094,0.012178727,0.0065841675,10.360496174481478,31.7541442871094,0.013689348,0.09420776,1.462190646685683,0,0,1
2020-03-24 14:00:00,1230.8084,31.746606445312523,0.014719303,0.0017242432,21.38070519050668,36.98098144531252,0.0120642735,0.008556366,10.51127017489786,31.684106445312523,0.013704593,0.09008789,1.1333318027785195,0,0,1
2020-03-24 15:00:00,1170.3642,31.403466796875023,0.014562873,0.00079894066,22.08304632650563,36.32534179687502,0.012258796,0.020248413,10.917464238119813,31.200341796875023,0.0138151925,0.093566895,0.9229923337109676,0,0,1
2020-03-24 16:00:00,1108.1905000000002,30.628533935546898,0.01455523,0.00042366982,23.093779640436832,34.9722839355469,0.012636437,0.035888672,11.511129609595924,30.128533935546898,0.013960137,0.09213257,0.947325993767408,0,0,1
2020-03-24 17:00:00,1085.4636,29.337854003906276,0.014841307,0.00031733513,24.03049400936203,33.00972900390627,0.0132086165,0.027000427,11.935597615871526,28.650354003906276,0.014166106,0.077941895,1.2734164164851436,0,0,1
2020-03-24 18:00:00,1110.4154,27.863885498046898,0.015268533,0.00031387806,24.25752411513362,30.473260498046898,0.0140592735,0.020828247,11.335440869063936,26.770135498046898,0.014517037,0.09777832,1.383621496420996,0,0,1
2020-03-24 19:00:00,1202.4222,26.953424072265648,0.01564237,0.0021400452,23.85034824333022,28.422174072265648,0.0149328355,0.014331818,12.31126899878122,25.390924072265648,0.014929021,0.09967041,2.1777863018875725,0,0,1
2020-03-24 20:00:00,1218.6026000000002,26.548455810546898,0.015848337,0.009593964,23.162681372190256,27.095330810546898,0.015527903,0.015060425,12.454792635312042,24.798455810546898,0.015112101,0.088653564,2.740259425836581,0,0,1
2020-03-24 21:00:00,1213.4481,26.373254394531276,0.015932234,0.017303467,22.89549262985341,26.263879394531276,0.015764387,0.0144844055,11.88763302508994,24.342004394531276,0.015241775,0.076293945,2.981822581457119,0,0,1
2020-03-24 22:00:00,1197.5364,26.239953613281276,0.016000912,0.021308899,22.996254299167774,25.630578613281276,0.01590173,0.01342392,10.578311742489396,23.927453613281276,0.015234158,0.07015991,3.680823278386762,0,0,1
2020-03-24 23:00:00,1150.914,26.076867675781276,0.016130565,0.020477295,22.95091550908325,25.154992675781276,0.01593983,0.013484955,9.687874500542256,23.529992675781276,0.015260814,0.07116699,4.102089454151635,0,0,1
2020-03-25 00:00:00,1104.2846,25.873101806640648,0.016267823,0.02532959,23.219343408571987,24.701226806640648,0.015955018,0.01008606,8.996820613038167,23.138726806640648,0.015253114,0.06539917,4.310743342331128,0,0,1
2020-03-25 01:00:00,1060.7795,25.703820800781276,0.016252508,0.030174255,23.610995081637647,24.250695800781276,0.01597022,0.0062885284,7.994881026937655,22.797570800781276,0.015233983,0.061813354,4.417434574283881,0,0,1
2020-03-25 02:00:00,1023.7862,25.562127685546898,0.016214348,0.029815674,23.67524825130124,23.874627685546898,0.015985467,0.0045204163,7.709605312115759,22.515252685546898,0.01518438,0.06222534,4.569389893355299,0,0,1
2020-03-25 03:00:00,1004.6556,25.473565673828148,0.016153289,0.02696228,23.27821974564136,23.582940673828148,0.015993072,0.003528595,7.7602434942052865,22.286065673828148,0.015134765,0.066223145,4.738878630288755,0,0,1
2020-03-25 04:00:00,992.5173,25.421838378906276,0.01613038,0.027030945,22.669863326607647,23.312463378906276,0.01600068,0.0033073425,7.782825165305395,22.093713378906276,0.015115671,0.07272339,4.825947046975083,0,0,1
2020-03-25 05:00:00,975.4369,25.367578125000023,0.016206691,0.028175354,21.210416818540157,23.039453125000023,0.016000697,0.004611969,7.667212207568581,21.945703125000023,0.01508517,0.07220459,4.908581010606753,0,0,1
2020-03-25 06:00:00,969.1136,25.4164978027344,0.016321173,0.027046204,20.240722362006743,23.1352478027344,0.016008368,0.0043621063,8.396286306979967,21.8852478027344,0.015096654,0.06655884,4.96494086169839,0,0,1
2020-03-25 07:00:00,1022.9034,26.138055419921898,0.01625265,0.036361694,22.218968056683156,25.559930419921898,0.015855921,0.003932953,13.050025098053048,22.903680419921898,0.01504339,0.055862427,5.410275600838313,0,0,1
2020-03-25 08:00:00,1070.189,27.318383789062523,0.016054364,0.038131714,22.64320370601885,28.630883789062523,0.0146619985,0.004442215,15.480331247023692,25.068383789062523,0.014585705,0.039535522,5.282228902349732,0,0,1
2020-03-25 09:00:00,1078.3543,28.5463806152344,0.015917076,0.029418945,21.98596097191111,31.2651306152344,0.013506186,0.004278183,14.017781338876375,27.4213806152344,0.013727439,0.030029297,4.471847361353268,0,0,1
2020-03-25 10:00:00,1101.6854,29.682458496093773,0.015726345,0.021270752,21.45525077095421,33.52620849609377,0.012872951,0.0031938553,11.958746610050673,29.494958496093773,0.013033168,0.02355957,3.003381739983799,0,0,1
2020-03-25 11:00:00,1125.8697000000002,30.676354980468773,0.015466944,0.007823944,21.240590460377245,35.31697998046877,0.012422816,0.0018754005,10.473839306312328,31.051354980468773,0.013201014,0.017814636,1.2063650644597,0,0,1
2020-03-25 12:00:00,1141.1993000000002,31.419061279296898,0.015142514,0.0042705536,21.27798217958568,36.6534362792969,0.011865689,0.0011429787,9.624442895396747,32.1846862792969,0.013109281,0.013381958,0.3879436116748894,0,0,1
2020-03-25 13:00:00,1168.2794,31.806298828125023,0.014795122,0.002152443,21.45608489686696,37.50942382812502,0.011346635,0.0008585453,9.236853264867552,32.94692382812502,0.012483415,0.022262573,0.9957389630542368,0,0,1
2020-03-25 14:00:00,1169.6246,31.842797851562523,0.014485922,0.0010371208,21.723773713615035,37.71779785156252,0.0111366175,0.00083971024,9.14251276329846,33.07717285156252,0.012250509,0.04031372,1.9250460705879504,0,0,1
2020-03-25 15:00:00,1167.3183,31.522088623046898,0.014245496,0.00053310394,22.14913838176753,37.2564636230469,0.011155591,0.0021276474,9.221765835153713,32.4439636230469,0.012547956,0.06071472,2.797491908739268,0,0,1
2020-03-25 16:00:00,1123.8193,30.722253417968773,0.0142493,0.00033032894,22.85605989397457,36.14412841796877,0.011338686,0.0053520203,9.44747019011778,31.003503417968773,0.013215517,0.0741272,3.087710113171403,0,0,1
2020-03-25 17:00:00,1088.176,29.401086425781276,0.014535435,0.00025761127,23.85779176506647,34.15108642578127,0.011872776,0.006406784,9.84652820728283,29.244836425781276,0.013932712,0.07852173,2.8330165682226385,0,0,1
2020-03-25 18:00:00,1128.8927,27.886163330078148,0.014970409,0.000603199,24.111866327149382,31.417413330078148,0.012715923,0.0067977905,9.261425805448592,27.417413330078148,0.014596568,0.079956055,2.397360390227047,0,0,1
2020-03-25 19:00:00,1225.0373,26.946496582031276,0.015374928,0.008125305,23.72981040753464,28.977746582031276,0.013913899,0.0058956146,9.709162099497382,25.993371582031276,0.014825611,0.07733154,2.291699382086075,0,0,1
2020-03-25 20:00:00,1230.2567,26.557427978515648,0.015523718,0.016571045,22.92555424842889,26.948052978515648,0.015142248,0.006204605,9.193000411251992,24.776177978515648,0.015439794,0.073272705,2.237641890518168,0,0,1
2020-03-25 21:00:00,1202.3965,26.391931152343773,0.015554268,0.01864624,22.47418269791925,25.735681152343773,0.015802223,0.006532669,9.233727323019613,24.016931152343773,0.015695412,0.06637573,2.348820756716379,0,0,1
2020-03-25 22:00:00,1186.7318,26.242761230468773,0.015573447,0.021484375,22.42825255010233,24.914636230468773,0.016237205,0.004655838,9.230819913211482,23.477136230468773,0.015771812,0.051254272,2.905082054489452,0,0,1
2020-03-25 23:00:00,1121.358,26.088769531250023,0.015619402,0.027275085,22.34721072412478,24.323144531250023,0.016481522,0.004781723,8.83840850519963,23.010644531250023,0.015833024,0.042495728,3.437825028745418,0,0,1
2020-03-26 00:00:00,1081.2275,25.939385986328148,0.015711198,0.03149414,22.345393255242687,23.814385986328148,0.01655806,0.0053634644,8.618035000361512,22.564385986328148,0.015856156,0.04170227,3.92587873742063,0,0,1
2020-03-26 01:00:00,1031.6002,25.767602539062523,0.015863862,0.031967163,22.31804811372279,23.376977539062523,0.016550507,0.004163742,8.53603957993431,22.236352539062523,0.015833344,0.04031372,4.293683273929708,0,0,1
2020-03-26 02:00:00,999.6255,25.609948730468773,0.016085114,0.03135681,21.980106986759964,23.031823730468773,0.016481843,0.0025014877,8.40659746210633,22.031823730468773,0.015779939,0.039138794,4.546393010656759,0,0,1
2020-03-26 03:00:00,976.6255,25.465112304687523,0.01617664,0.036392212,21.357139176369763,22.777612304687523,0.016382633,0.001461029,8.227317798860826,21.886987304687523,0.015711246,0.038253784,4.730288461514602,0,0,1
2020-03-26 04:00:00,958.4094,25.382165527343773,0.01616901,0.04043579,20.52528581501573,22.538415527343773,0.016222415,0.0031032562,7.840693838791133,21.741540527343773,0.015592991,0.03314209,4.756749756231476,0,0,1
2020-03-26 05:00:00,955.319,25.336114501953148,0.016130926,0.036956787,19.408693587662857,22.289239501953148,0.016024115,0.006538391,7.45867993904454,21.554864501953148,0.0154328365,0.028015137,4.737433668089929,0,0,1
2020-03-26 06:00:00,920.969,25.440576171875023,0.01609275,0.031417847,19.29311130901218,22.299951171875023,0.01595542,0.008647919,7.779000168911793,21.424951171875023,0.015318366,0.028656006,4.736242869319668,0,0,1
2020-03-26 07:00:00,995.9918,26.270288085937523,0.015764566,0.036010742,22.134304642716963,23.629663085937523,0.016519876,0.01084137,10.252302731762798,22.004663085937523,0.015497538,0.026062012,5.122717424416928,0,0,1
2020-03-26 08:00:00,1084.5176,27.362939453125023,0.015508824,0.027175903,23.453011312495107,26.128564453125023,0.016245062,0.011978149,13.304387554880128,23.456689453125023,0.015287572,0.014251709,5.365074702700024,0,0,1
2020-03-26 09:00:00,1065.4943,28.557183837890648,0.015386615,0.015663147,23.11274442981891,29.150933837890648,0.014871631,0.008693695,14.00304153645659,26.166558837890648,0.0140591,0.004301071,5.030969620942196,0,0,1
2020-03-26 10:00:00,1092.6774,29.611840820312523,0.015233912,0.0075187683,22.45076913854199,31.533715820312523,0.013944544,0.006341934,12.513501619383774,28.674340820312523,0.01279632,0.0034837723,3.8589013232930167,0,0,1
2020-03-26 11:00:00,1119.5322,30.461022949218773,0.015004858,0.004037857,21.92452215285112,33.38289794921877,0.0134789795,0.0044021606,11.205028215855382,30.539147949218773,0.01214765,0.0040798187,2.3316358282800724,0,0,1
2020-03-26 12:00:00,1151.7486,31.0637145996094,0.014668992,0.0019512177,21.69020395270099,34.5793395996094,0.01317363,0.003211975,10.576314771368448,31.5949645996094,0.012635758,0.0040950775,0.8955184849359996,0,0,1
2020-03-26 13:00:00,1171.4754,31.345239257812523,0.014333155,0.0009586811,21.70818359479557,35.22023925781252,0.01288357,0.0025501251,10.432682198223096,32.23586425781252,0.012528803,0.003894806,0.0971279019507704,0,0,1
2020-03-26 14:00:00,1188.0051,31.354150390625023,0.014046952,0.00061893463,21.9159449392018,35.29165039062502,0.012704179,0.0019054413,10.512795134584715,32.40102539062502,0.012173936,0.004760742,0.9716720013338436,0,0,1
2020-03-26 15:00:00,1183.086,30.948663330078148,0.013947684,0.00060915947,22.234871524673807,34.72991333007815,0.012749869,0.0027751923,10.778428660224314,31.917413330078148,0.012162406,0.011604309,2.034318844068519,0,0,1
2020-03-26 16:00:00,1123.8308000000002,30.140985107421898,0.013970489,0.00071525574,22.831133536671715,33.4534851074219,0.013013,0.003394127,11.278932096374158,30.687860107421898,0.012734527,0.02458191,2.662056286870921,0,0,1
2020-03-26 17:00:00,1088.1833,28.827966308593773,0.014214562,0.00085139275,23.47523154245086,31.234216308593773,0.013592767,0.0038700104,11.554746450153884,28.796716308593773,0.013791131,0.031661987,2.6077506870008853,0,0,1
2020-03-26 18:00:00,1132.3869,27.321984863281276,0.014679907,0.0010070801,23.20134261620081,28.118859863281276,0.014603613,0.00522995,9.920801296019516,26.618859863281276,0.015137671,0.04206848,2.0265157748610045,0,0,1
2020-03-26 19:00:00,1186.0821,26.372338867187523,0.015141487,0.0062789917,22.3344244634439,26.091088867187523,0.015183449,0.0076179504,10.191548267923384,25.137963867187523,0.015309334,0.051986694,1.6838423953798758,0,0,1
2020-03-26 20:00:00,1193.9295,25.955407714843773,0.015328461,0.01941681,21.417893845049576,25.096032714843773,0.015164429,0.006542206,11.23772212096462,24.455407714843773,0.0152254645,0.04588318,1.8991527990002544,0,0,1
2020-03-26 21:00:00,1175.4962,25.815209960937523,0.01526753,0.023895264,21.540148019096115,24.315209960937523,0.015271345,0.0039024353,10.563642335775732,23.955834960937523,0.015137831,0.033615112,2.4325134534551998,0,0,1
2020-03-26 22:00:00,1148.3924,25.688439941406276,0.0151685,0.027801514,22.25314424050829,23.672814941406276,0.015389753,0.0024633408,9.504571999069608,23.485314941406276,0.015019727,0.026443481,3.165062097961722,0,0,1
2020-03-26 23:00:00,1105.5387,25.520837402343773,0.015172506,0.0286026,22.983985062123967,23.208337402343773,0.015485311,0.0049705505,8.61877176726029,23.005212402343773,0.014863515,0.016159058,4.074600085428097,0,0,1
2020-03-27 00:00:00,1060.2794,25.354058837890648,0.015142179,0.02910614,23.634524795923053,22.885308837890648,0.015615202,0.012329102,8.188561570164746,22.525933837890648,0.014756895,0.01663971,4.854982659950288,0,0,1
2020-03-27 01:00:00,1038.295,25.184442138671898,0.015092761,0.03075409,24.212984054051617,22.715692138671898,0.015771776,0.016174316,8.03286078660599,22.184442138671898,0.014673145,0.026725769,5.379606169995206,0,0,1
2020-03-27 02:00:00,997.7263,25.087518310546898,0.015092886,0.028068542,23.915609036585717,22.618768310546898,0.015901601,0.014373779,8.004810241318136,22.009393310546898,0.014635122,0.03656006,5.589218807194332,0,0,1
2020-03-27 03:00:00,961.6814,25.066857910156276,0.015089121,0.0231781,22.933712913269872,22.519982910156276,0.016008463,0.009475708,8.033033111576206,21.894982910156276,0.014680948,0.05303955,5.463653386819009,0,0,1
2020-03-27 04:00:00,940.482,25.056481933593773,0.0149936685,0.016967773,21.216502981860533,22.353356933593773,0.01600075,0.0058231354,7.683490731150382,21.837731933593773,0.014768601,0.060150146,5.055093611804116,0,0,1
2020-03-27 05:00:00,934.0281,24.9728942871094,0.014875232,0.01266861,18.71337367523777,22.0978942871094,0.01585561,0.0053710938,7.195210986089177,21.7853942871094,0.014829456,0.063446045,4.733639910445007,0,0,1
2020-03-27 06:00:00,910.3827,25.0661560058594,0.0148178395,0.009231567,17.157078457200207,22.2380310058594,0.015622741,0.0067825317,7.590939828335948,21.7380310058594,0.014913207,0.055374146,4.428229042828466,0,0,1
2020-03-27 07:00:00,978.703,26.108026123046898,0.014630774,0.006511688,20.010476115223,24.639276123046898,0.015199164,0.0067386627,11.717719466406772,22.842401123046898,0.014905432,0.0388031,5.082070631362836,0,0,1
2020-03-27 08:00:00,1037.2941999999998,27.279870605468773,0.014470421,0.0038108826,20.91968335935008,27.607995605468773,0.013985954,0.004299164,15.012853257773925,25.014245605468773,0.014287315,0.022140503,5.562317340723521,0,0,1
2020-03-27 09:00:00,1062.4411,28.448785400390648,0.01437492,0.0009903908,20.53803331329292,30.073785400390648,0.012891003,0.00217247,14.601937570423551,27.261285400390648,0.01330299,0.008895874,4.995057046925347,0,0,1
2020-03-27 10:00:00,1092.5355,29.556176757812523,0.014374816,0.0009827614,20.392375463657523,32.38430175781252,0.012169921,0.000906229,13.279544117237984,29.321801757812523,0.012322509,0.0059165955,3.902674909407245,0,0,1
2020-03-27 11:00:00,1128.7531,30.505090332031276,0.014302269,0.0008275509,20.647957305000915,34.16134033203127,0.012002006,0.00058078766,12.188226709854495,30.895715332031276,0.012238517,0.003613472,2.4754626621950893,0,0,1
2020-03-27 12:00:00,1143.1551,31.222863769531276,0.014111482,0.00059843063,21.27068992195268,35.36348876953127,0.0118951425,0.000654459,11.862901333128873,32.00411376953127,0.012173615,0.0020923615,1.415491272123615,0,0,1
2020-03-27 13:00:00,1167.9408,31.619836425781276,0.013939784,0.00041925907,22.07750135962355,36.01046142578127,0.011872218,0.0009069443,12.091354743269584,32.58858642578127,0.01209347,0.0012159348,0.8943442796433468,0,0,1
2020-03-27 14:00:00,1184.2203,31.627740478515648,0.013901615,0.00033724308,23.03757597092652,36.04961547851565,0.0119370455,0.0011372566,12.64384988244694,32.73711547851565,0.011944675,0.00075507164,0.5125108293226559,0,0,1
2020-03-27 15:00:00,1149.331,31.183709716796898,0.014042732,0.0003758669,23.9829423559298,35.4180847167969,0.012146828,0.0010609627,13.32667714169275,32.2774597167969,0.011937019,0.00054478645,0.3796697453480283,0,0,1
2020-03-27 16:00:00,1134.4357,30.309838867187523,0.014237272,0.00048327446,24.894422379822355,33.99733886718752,0.012463437,0.00091433525,14.029597886319005,31.216088867187523,0.012043821,0.00044071674,0.5411018333194796,0,0,1
2020-03-27 17:00:00,1089.9599,28.986993408203148,0.014553903,0.00062155724,25.55643786041555,31.643243408203148,0.013050912,0.0013332367,14.564594114955572,29.549493408203148,0.012272714,0.00043570995,0.9469485792521902,0,0,1
2020-03-27 18:00:00,1117.902,27.544458007812523,0.014988801,0.0023860931,25.19573753275216,28.763208007812523,0.01381006,0.0016350746,13.67135979498012,27.247583007812523,0.012875459,0.0005104542,1.2815920898772026,0,0,1
2020-03-27 19:00:00,1202.4471,26.710473632812523,0.015255866,0.012714386,24.49887793637908,26.944848632812523,0.014550147,0.002521515,12.5409873486093,25.491723632812523,0.013295111,0.008262634,2.446791180457533,0,0,1
2020-03-27 20:00:00,1196.2306,26.365350341796898,0.015290277,0.02179718,23.64410011945865,25.990350341796898,0.015164392,0.004743576,11.564863118946151,24.474725341796898,0.01374151,0.020301819,3.238376325032991,0,0,1
2020-03-27 21:00:00,1201.6129,26.215905761718773,0.015301856,0.02445221,23.06802787218945,25.309655761718773,0.015648995,0.0084114075,9.612387068423653,23.762780761718773,0.013940009,0.0206604,3.739818491789673,0,0,1
2020-03-27 22:00:00,1183.6731,26.071740722656276,0.015401233,0.027030945,22.470833268446462,24.727990722656276,0.015961993,0.019203186,7.60885379455372,23.118615722656276,0.014062274,0.031326294,3.92464541637676,0,0,1
2020-03-27 23:00:00,1116.7885,25.924157714843773,0.01547774,0.03211975,22.371951430651503,24.299157714843773,0.0161682,0.026603699,6.36597639639287,22.642907714843773,0.014077746,0.04949951,3.923688523660713,0,0,1
2020-03-28 00:00:00,1086.0773000000002,25.763940429687523,0.01551229,0.036514282,22.3911356825267,23.857690429687523,0.01628286,0.043533325,5.409270911314406,22.263940429687523,0.01407415,0.06036377,3.7094425442723615,0,0,1
2020-03-28 01:00:00,1052.2665,25.611169433593773,0.015501057,0.037216187,22.125980802876462,23.548669433593773,0.016321216,0.05506897,4.911901079315643,22.001794433593773,0.014085804,0.07409668,3.6083099775608303,0,0,1
2020-03-28 02:00:00,1003.9086,25.512292480468773,0.0154478075,0.043029785,21.401791007417938,23.293542480468773,0.016321372,0.05180359,4.989218761315904,21.809167480468773,0.014146996,0.08758545,3.695990248097522,0,0,1
2020-03-28 03:00:00,981.9293,25.435144042968773,0.015505085,0.052078247,20.143910330744774,23.060144042968773,0.016283283,0.04800415,5.553241010236584,21.700769042968773,0.014269123,0.093048096,3.736180330854046,0,0,1
2020-03-28 04:00:00,963.6492,25.363610839843773,0.015848381,0.050247192,18.602461867301702,22.894860839843773,0.016199334,0.043930054,5.833445851285322,21.676110839843773,0.014410241,0.09552002,3.5104629093976816,0,0,1
2020-03-28 05:00:00,954.3384,25.326989746093773,0.016168749,0.041244507,17.408192909055398,22.717614746093773,0.016115343,0.040115356,5.719528055261795,21.670739746093773,0.014516985,0.097839355,3.32634201645042,0,0,1
2020-03-28 06:00:00,921.4352,25.478173828125023,0.016321331,0.039001465,17.526056712204102,22.900048828125023,0.016054302,0.036239624,6.671286812434664,21.712548828125023,0.014696269,0.09075928,3.4514210883995977,0,0,1
2020-03-28 07:00:00,965.3237,26.331933593750023,0.01610015,0.052520752,20.67340435988104,25.363183593750023,0.015779715,0.034072876,11.50067605063207,22.910058593750023,0.014845113,0.09094238,4.175336623183888,0,0,1
2020-03-28 08:00:00,1027.8239999999998,27.523583984375023,0.015642526,0.05482483,24.2143714287901,28.226708984375023,0.01495588,0.031692505,13.795011912579591,25.273583984375023,0.014719369,0.091674805,4.232390728084661,0,0,1
2020-03-28 09:00:00,1038.6500999999998,28.689721679687523,0.015371813,0.045684814,25.829545460599416,30.720971679687523,0.0142121455,0.03099823,13.107772908939346,27.517846679687523,0.014082446,0.08547974,3.571902573847032,0,0,1
2020-03-28 10:00:00,1043.9683,29.731103515625023,0.015196364,0.03186035,26.571904033854537,32.77797851562502,0.013777297,0.029083252,11.843934527648102,29.387353515625023,0.013479751,0.08135986,2.543286886399383,0,0,1
2020-03-28 11:00:00,1055.1957,30.536004638671898,0.0150400195,0.021621704,26.84575079854352,34.3641296386719,0.013506511,0.029792786,11.162693451746144,30.801629638671898,0.013762096,0.07064819,1.308822586320183,0,0,1
2020-03-28 12:00:00,1089.5343,31.052209472656276,0.014826465,0.011646271,26.757232258763494,35.42720947265627,0.013334919,0.034423828,10.872657891988991,31.677209472656276,0.013891865,0.06878662,0.8093362699543243,0,0,1
2020-03-28 13:00:00,1093.4194,31.292932128906276,0.014593868,0.0052700043,26.632633836303043,36.01168212890627,0.013178615,0.047576904,10.887237314412324,32.27730712890627,0.013483791,0.081604004,0.6944887905637475,0,0,1
2020-03-28 14:00:00,1105.1361,31.176599121093773,0.014387706,0.0021076202,26.749391455457538,35.95784912109377,0.013128856,0.08270264,11.14068336075615,32.31722412109377,0.013281444,0.08862305,0.706023638663866,0,0,1
2020-03-28 15:00:00,1101.8426,30.715356445312523,0.01429605,0.0011339188,27.03901356178756,35.34035644531252,0.013300414,0.1076355,11.635182819708804,31.871606445312523,0.013292785,0.09573364,0.7557558920350156,0,0,1
2020-03-28 16:00:00,1074.4184,29.872888183593773,0.0143380985,0.0008430481,27.579978414614214,34.16976318359377,0.013613306,0.111328125,12.28960828263955,30.919763183593773,0.013411127,0.093933105,1.239100409717937,0,0,1
2020-03-28 17:00:00,1060.5146,28.636590576171898,0.014628013,0.00071692467,27.835011945653054,32.2928405761719,0.014017661,0.091278076,12.682280847606185,29.339715576171898,0.013979514,0.10336304,1.6453205988758002,0,0,1
2020-03-28 18:00:00,1077.7551,27.293359375000023,0.015040046,0.0022611618,27.31518457692863,30.027734375000023,0.014582282,0.070129395,11.95505740354151,27.371484375000023,0.014818793,0.114105225,1.924517616916816,0,0,1
2020-03-28 19:00:00,1145.3542,26.549768066406276,0.015288171,0.011425018,27.10835678923568,27.893518066406276,0.015429315,0.08630371,11.49158598549017,25.846643066406276,0.015429315,0.115478516,2.132534121277281,0,0,1
2020-03-28 20:00:00,1168.8974,26.233758544921898,0.015322634,0.015823364,27.08013437888585,26.061883544921898,0.016398378,0.09075928,10.916527388366104,24.718133544921898,0.015902467,0.12231445,2.447634769738724,0,0,1
2020-03-28 21:00:00,1174.3769,26.107446289062523,0.01530373,0.014110565,26.851191182059463,25.154321289062523,0.016810535,0.07437134,10.01936564419062,24.013696289062523,0.016139148,0.12731934,2.4377752588814112,0,0,1
2020-03-28 22:00:00,1132.4886,25.975183105468773,0.015322976,0.012184143,25.965543750907152,24.600183105468773,0.016955666,0.058883667,8.777277254838245,23.475183105468773,0.016108803,0.12817383,2.621629136462162,0,0,1
2020-03-28 23:00:00,1100.5911,25.849755859375023,0.0153306825,0.012619019,24.91204719036241,24.162255859375023,0.016925227,0.0524292,8.110457726671955,23.006005859375023,0.01600207,0.12005615,2.8830949151871548,0,0,1
2020-03-29 00:00:00,1048.4389,25.740014648437523,0.015307882,0.015232086,23.97377251912657,23.786889648437523,0.016810874,0.047180176,7.868154896842898,22.630639648437523,0.015864829,0.11236572,3.0730237797749,0,0,1
2020-03-29 01:00:00,1030.8013,25.632226562500023,0.015304206,0.01752472,23.033103287353583,23.444726562500023,0.016650794,0.04296875,7.77603442311615,22.311914062500023,0.015735267,0.108428955,3.278164320601732,0,0,1
2020-03-29 02:00:00,1001.4967,25.545831298828148,0.0153118,0.019165039,22.09165712881824,23.139581298828148,0.016475283,0.038650513,7.938589522911564,22.069268798828148,0.015613161,0.10733032,3.575401319639702,0,0,1
2020-03-29 03:00:00,981.3292,25.494744873046898,0.015338442,0.02142334,21.08008619953172,22.869744873046898,0.016299747,0.03491211,8.247747661737671,21.854119873046898,0.015513918,0.09918213,4.075103398046847,0,0,1
2020-03-29 04:00:00,960.1619,25.475244140625023,0.015384084,0.02368927,20.023535308420403,22.662744140625023,0.016154652,0.031234741,8.69442991646178,21.662744140625023,0.015452748,0.09100342,4.596277019887126,0,0,1
2020-03-29 05:00:00,944.5932,25.491174316406276,0.015437373,0.022598267,19.27160191844284,22.491174316406276,0.016047724,0.028755188,9.158149479509389,21.506799316406276,0.015403041,0.088378906,5.025467580420301,0,0,1
2020-03-29 06:00:00,880.4259,25.610375976562523,0.015483184,0.022491455,19.516587441552623,22.485375976562523,0.01604013,0.027786255,9.687884387850298,21.422875976562523,0.0153611135,0.08343506,5.349921042314231,0,0,1
2020-03-29 07:00:00,894.5027,26.344934082031276,0.015433703,0.019004822,22.80020153558904,23.657434082031276,0.016551409,0.02519989,11.720595499214244,22.001184082031276,0.015571032,0.07394409,5.93161111260974,0,0,1
2020-03-29 08:00:00,899.1052,27.426660156250023,0.015399505,0.009349823,24.81629261002235,26.082910156250023,0.01647525,0.026634216,14.814453305248843,23.504785156250023,0.015349914,0.05747986,6.372315431707822,0,0,1
2020-03-29 09:00:00,943.788,28.621850585937523,0.015357425,0.0045166016,25.0697204812851,29.153100585937523,0.015136173,0.026405334,15.982184371516814,26.153100585937523,0.014193943,0.042053223,6.236196784677279,0,0,1
2020-03-29 10:00:00,958.3187,29.6743103027344,0.015303974,0.0028018951,25.108340733988427,31.5493103027344,0.014323597,0.022918701,14.634157195538473,28.3305603027344,0.013312702,0.03492737,5.214515746355949,0,0,1
2020-03-29 11:00:00,980.3734,30.448297119140648,0.015227691,0.0027656555,25.029185966516856,33.22954711914065,0.014033691,0.017700195,13.083624095884971,29.885797119140648,0.012919799,0.03340149,3.844848498173559,0,0,1
2020-03-29 12:00:00,1006.0215,30.959375000000023,0.015109518,0.0040073395,24.835911794182987,34.27187500000002,0.01387737,0.012680054,12.221921530829828,30.818750000000023,0.013324239,0.03791809,2.4076425966475656,0,0,1
2020-03-29 13:00:00,1013.4755,31.176446533203148,0.015040938,0.0057029724,24.680375591369245,34.75457153320315,0.013728682,0.010971069,12.082922342260648,31.270196533203148,0.013423506,0.03955078,1.633633877714254,0,0,1
2020-03-29 14:00:00,1040.6233,31.062890625000023,0.015086765,0.0082473755,24.71180802390928,34.65664062500002,0.013656254,0.01449585,12.244954174699002,31.219140625000023,0.0135990335,0.049316406,1.1918722213288648,0,0,1
2020-03-29 15:00:00,1051.7182,30.5629821777344,0.015281382,0.020256042,24.967873706169424,33.8598571777344,0.013778391,0.024711609,12.579053634198054,30.7348571777344,0.013702097,0.05355835,0.9605204872952876,0,0,1
2020-03-29 16:00:00,1051.4753,29.722253417968773,0.015449339,0.031570435,25.11366140927847,32.34725341796877,0.013953977,0.033111572,13.178781152844165,29.816003417968773,0.013690763,0.07858276,0.9438261841345992,0,0,1
2020-03-29 17:00:00,1006.6204,28.601190185546898,0.015602067,0.04234314,24.949918782746067,30.304315185546898,0.014144853,0.035720825,13.613488279675757,28.382440185546898,0.01373668,0.072021484,0.9817362157787975,0,0,1
2020-03-29 18:00:00,1054.7027,27.484155273437523,0.015842581,0.05265808,24.58921015367198,27.812280273437523,0.014515066,0.03189087,12.516584353593244,26.421655273437523,0.01427474,0.07312012,1.3567008372267335,0,0,1
2020-03-29 19:00:00,1128.263,26.800134277343773,0.016132766,0.051879883,24.265622044530566,26.300134277343773,0.01495021,0.04345703,12.48710705937938,24.987634277343773,0.014782364,0.09576416,2.6725653148124326,0,0,1
2020-03-29 20:00:00,1153.1324,26.473840332031276,0.016331442,0.050048828,23.92341249753772,25.598840332031276,0.015133626,0.050186157,12.759352020982936,24.380090332031276,0.014767415,0.08807373,4.447013583674443,0,0,1
2020-03-29 21:00:00,1176.7663,26.269738769531276,0.016400434,0.047424316,23.664731866255277,25.129113769531276,0.015328504,0.04827881,11.811344809586142,23.800988769531276,0.01487837,0.07467651,5.601632432062163,0,0,1
2020-03-29 22:00:00,1161.726,26.100183105468773,0.016431335,0.04737854,23.222744546194637,24.772058105468773,0.015496735,0.042877197,10.988115604588211,23.365808105468773,0.015019898,0.06958008,5.83676578388914,0,0,1
2020-03-29 23:00:00,1130.5042,25.904382324218773,0.016393386,0.047821045,22.976635006579748,24.482507324218773,0.015645705,0.038772583,10.509196368561598,23.060632324218773,0.015081131,0.06365967,5.843380425338321,0,0,1
2020-03-30 00:00:00,1109.9111,25.6879821777344,0.016385699,0.04283142,22.487118138564007,24.2348571777344,0.015782977,0.026634216,9.98049622748786,22.8129821777344,0.01510396,0.06100464,5.798876906871061,0,0,1
2020-03-30 01:00:00,1056.1904000000002,25.505456542968773,0.016362825,0.040145874,22.007910218433217,23.958581542968773,0.015912691,0.022239685,9.333074968940004,22.622644042968773,0.015100161,0.05479431,5.743863156338271,0,0,1
2020-03-30 02:00:00,1039.456,25.334252929687523,0.01645447,0.034454346,21.07148903486615,23.693627929687523,0.016042482,0.02407074,8.63379202499313,22.459252929687523,0.015069734,0.047958374,5.69922744133269,0,0,1
2020-03-30 03:00:00,1015.9676,25.2390075683594,0.016538566,0.04034424,20.82215147835353,23.3952575683594,0.016141837,0.019470215,8.043240233587468,22.2936950683594,0.014982169,0.042922974,5.60197965848281,0,0,1
2020-03-30 04:00:00,996.031,25.199761962890648,0.016683659,0.06010437,20.669709309387255,23.121636962890648,0.016248783,0.019073486,7.542424611595826,22.137261962890648,0.014913638,0.04219055,5.412091736229602,0,0,1
2020-03-30 05:00:00,999.5791,25.186181640625023,0.016904812,0.06512451,20.58716860645166,22.998681640625023,0.016347867,0.019836426,7.369274976826556,22.014306640625023,0.014928799,0.05104065,5.225104382946154,0,0,1
2020-03-30 06:00:00,979.7324,25.295739746093773,0.01702687,0.04597473,20.927030600188143,23.186364746093773,0.016462294,0.020988464,8.343789542458092,22.014489746093773,0.014986006,0.05923462,5.09979366558281,0,0,1
2020-03-30 07:00:00,1026.5456,25.975396728515648,0.016896937,0.015361786,23.154404816413308,24.787896728515648,0.016706202,0.020881653,11.38332774067672,22.975396728515648,0.015073513,0.06777954,5.407586681078622,0,0,1
2020-03-30 08:00:00,1065.8462,27.072656250000023,0.016240342,0.014472961,26.724738843621385,27.666406250000023,0.015950425,0.015254974,15.134473674231163,25.119531250000023,0.014771683,0.05935669,5.486329654681168,0,0,1
2020-03-30 09:00:00,1079.5842,28.143212890625023,0.015995791,0.0074863434,26.64416089529661,30.221337890625023,0.015122226,0.008785248,15.083930715178736,27.393212890625023,0.01412659,0.053955078,4.631618123732979,0,0,1
2020-03-30 10:00:00,1120.9181999999998,29.048944091796898,0.015919337,0.006385803,25.458515377944245,32.2833190917969,0.014828334,0.0052337646,13.284790049808104,29.361444091796898,0.01368011,0.04977417,3.228794385226144,0,0,1
2020-03-30 11:00:00,1129.0467999999998,29.724633789062523,0.01592681,0.006793976,24.31030563532692,33.88088378906252,0.014713735,0.0051460266,11.859774264524123,30.771508789062523,0.014080496,0.041305542,1.6073653909022367,0,0,1
2020-03-30 12:00:00,1149.1093,30.162469482421898,0.01590379,0.009857178,23.546045872823683,34.9749694824219,0.014496167,0.012802124,11.3434880804925,31.724969482421898,0.014385541,0.047546387,0.5852448237246031,0,0,1
2020-03-30 13:00:00,1167.1446999999998,30.3937927246094,0.01589612,0.016601562,23.2528433949947,35.4250427246094,0.014198579,0.02835083,11.1543529275973,32.2687927246094,0.014110841,0.057388306,0.3691228535325255,0,0,1
2020-03-30 14:00:00,1162.05,30.338769531250023,0.015888482,0.02004242,23.388088422393803,35.12001953125002,0.014053614,0.05105591,11.327681450098783,32.26064453125002,0.013828547,0.101135254,1.2965705311954696,0,0,1
2020-03-30 15:00:00,1153.6618,29.934625244140648,0.015957164,0.03517151,23.91822907593508,34.32525024414065,0.014099407,0.046844482,12.024179664594392,31.294000244140648,0.014007854,0.13000488,1.958453210719281,0,0,1
2020-03-30 16:00:00,1106.9992,29.117333984375023,0.016033478,0.052124023,24.629090763087586,33.14858398437502,0.014042206,0.030014038,13.00779967271327,29.882958984375023,0.014461823,0.14013672,2.280264125633422,0,0,1
2020-03-30 17:00:00,1087.2324,27.974328613281276,0.016147925,0.067474365,25.26699327376884,31.255578613281276,0.013958287,0.01727295,13.556935146635038,28.380578613281276,0.014732671,0.1394043,2.528572115597851,0,0,1
2020-03-30 18:00:00,1135.8567,26.8867126464844,0.01641498,0.06011963,25.09236110240245,28.7617126464844,0.014110901,0.0077266693,12.346985113048284,26.7460876464844,0.01488147,0.13946533,2.752942868810453,0,0,1
2020-03-30 19:00:00,1213.7542,26.276696777343773,0.016796656,0.05015564,23.901567556137923,27.089196777343773,0.014393396,0.005088806,11.186815976164546,25.542321777343773,0.014957971,0.1109314,3.2521575236650326,0,0,1
2020-03-30 20:00:00,1216.0934,26.015954589843773,0.017117357,0.052352905,22.268500472219724,26.234704589843773,0.014565324,0.0034122467,10.995570612278364,24.625329589843773,0.015229082,0.077423096,3.655570686029456,0,0,1
2020-03-30 21:00:00,1221.3724,25.915002441406276,0.017308224,0.05027771,20.966026203378224,25.540002441406276,0.014752377,0.004447937,10.46572688392853,23.930627441406276,0.015393246,0.058013916,3.752662712803493,0,0,1
2020-03-30 22:00:00,1202.8118,25.824426269531276,0.017453335,0.044036865,20.09084058993928,24.902551269531276,0.014870785,0.008491516,8.766019715586586,23.402551269531276,0.015355252,0.050247192,3.816986328520263,0,0,1
2020-03-30 23:00:00,1151.9606,25.721612548828148,0.017545044,0.042160034,19.27698520278264,24.393487548828148,0.014935792,0.007926941,7.599214749174887,22.955987548828148,0.015248598,0.04019165,3.9123946788128032,0,0,1
2020-03-31 00:00:00,1106.5207999999998,25.6118103027344,0.017552607,0.040481567,18.751734075086333,24.0180603027344,0.015000574,0.009803772,6.904661544471328,22.5493103027344,0.01517605,0.04093933,3.921617836594844,0,0,1
2020-03-31 01:00:00,1074.8184,25.513787841796898,0.017529668,0.036972046,17.709140809561898,23.701287841796898,0.015130223,0.01965332,6.192151959972054,22.255975341796898,0.015099705,0.037979126,3.959375204735128,0,0,1
2020-03-31 02:00:00,1046.0112,25.409326171875023,0.017491551,0.032562256,16.130820766503923,23.346826171875023,0.015286656,0.027549744,5.17673483255723,22.026513671875023,0.01498911,0.037490845,4.0434968235290665,0,0,1
2020-03-31 03:00:00,1007.3123,25.337915039062523,0.017438225,0.029396057,15.005712169206705,23.072290039062523,0.015435509,0.039764404,4.639733024184212,21.837915039062523,0.014886193,0.048950195,3.9898328456427135,0,0,1
2020-03-31 04:00:00,1004.7204,25.2670837402344,0.017430667,0.030273438,13.834727684128596,22.8920837402344,0.015569094,0.043548584,4.269862249863864,21.7045837402344,0.014825228,0.056365967,3.802219139425858,0,0,1
2020-03-31 05:00:00,976.1665,25.172143554687523,0.017506987,0.031723022,12.420312051584704,22.812768554687523,0.015683562,0.051315308,4.17268607838334,21.625268554687523,0.014821439,0.06335449,3.5888078757854003,0,0,1
2020-03-31 06:00:00,949.9312,25.2216735839844,0.01759852,0.03390503,12.210322868708488,23.1435485839844,0.015805611,0.052490234,4.951194463012455,21.6982360839844,0.014836677,0.0637207,3.411640214027035,0,0,1
2020-03-31 07:00:00,1002.2528,26.100061035156276,0.017430183,0.052093506,16.348991376931142,25.334436035156276,0.015965339,0.064575195,8.924611238619756,22.709436035156276,0.014965889,0.055038452,3.7297577370725032,0,0,1
2020-03-31 08:00:00,1075.1586,27.0993591308594,0.017002495,0.076934814,19.12805653999042,27.7712341308594,0.015720757,0.09524536,11.664988909019955,24.7868591308594,0.014641198,0.039001465,3.822207968953884,0,0,1
2020-03-31 09:00:00,1070.7447,28.018762207031276,0.016765652,0.093322754,19.818035581302144,29.721887207031276,0.015346586,0.11300659,11.391304233220575,27.143762207031276,0.013980924,0.029167175,3.1952404329338613,0,0,1
2020-03-31 10:00:00,1086.424,28.844049072265648,0.01665864,0.10293579,20.378493697304854,31.375299072265648,0.015209055,0.10797119,10.13617608283693,29.187799072265648,0.013229227,0.033950806,2.11318765542293,0,0,1
2020-03-31 11:00:00,1091.1871,29.541070556640648,0.016544107,0.116241455,21.01077626162848,32.83794555664065,0.015151742,0.10217285,8.904398707673352,30.619195556640648,0.01303077,0.050994873,0.8501634703548477,0,0,1
2020-03-31 12:00:00,1131.7991,29.894921875000023,0.016368607,0.12414551,21.492101110786027,33.84804687500002,0.014976243,0.11227417,8.243861019378961,31.504296875000023,0.01311467,0.06484985,0.9542925209573798,0,0,1
2020-03-31 13:00:00,1152.946,30.088494873046898,0.016223684,0.123291016,22.00116101062464,34.4322448730469,0.014739767,0.1362915,8.029942240240075,32.0259948730469,0.0128400475,0.072143555,1.855391910929521,0,0,1
2020-03-31 14:00:00,1177.2463,29.960717773437523,0.016078789,0.097076416,22.3599896731549,34.57009277343752,0.014526207,0.15997314,7.823069832255225,32.00759277343752,0.013145287,0.070617676,2.9276306500424942,0,0,1
2020-03-31 15:00:00,1159.8623,29.567773437500023,0.015933823,0.071380615,22.609011435073608,34.22402343750002,0.014362167,0.17218018,7.807869917051741,31.333398437500023,0.013725112,0.086761475,3.858053065942101,0,0,1
2020-03-31 16:00:00,1116.1463,28.858575439453148,0.015773524,0.050491333,22.86257943566623,33.35857543945315,0.014358271,0.15344238,7.717474744216031,30.311700439453148,0.0141370185,0.09289551,4.427808264884401,0,0,1
2020-03-31 17:00:00,1058.982,27.879907226562523,0.015658831,0.033920288,22.83210577939077,32.27053222656252,0.014518238,0.13372803,6.984244760412685,29.004907226562523,0.014468647,0.08792114,4.93287916068951,0,0,1
2020-03-31 18:00:00,1142.059,26.898034667968773,0.015689148,0.02798462,21.82601253087808,30.288659667968773,0.015334381,0.11557007,3.957352471074856,27.382409667968773,0.015132202,0.09072876,4.855790075961924,0,0,1
2020-03-31 19:00:00,1218.1455999999998,26.277459716796898,0.015879717,0.020629883,20.46649167527597,28.871209716796898,0.015925493,0.09793091,3.559056820601563,25.996209716796898,0.016116228,0.08828735,4.140243289267399,0,0,1
2020-03-31 20:00:00,1222.0866999999998,25.938745117187523,0.01614672,0.01480484,18.69309881639144,27.798120117187523,0.016467154,0.07952881,3.4918787139987533,25.094995117187523,0.016680777,0.07110596,3.3147906980420605,0,0,1
2020-03-31 21:00:00,1217.8467,25.716210937500023,0.016367994,0.0111198425,17.278121264369847,26.997460937500023,0.0168105,0.059906006,3.3215495182465213,24.497460937500023,0.016955458,0.06692505,2.704005893655708,0,0,1
2020-03-31 22:00:00,1179.7148000000002,25.526147460937523,0.016551081,0.00963974,16.06892160971665,26.385522460937523,0.016848627,0.04170227,3.1924259718494863,24.135522460937523,0.017085139,0.07028198,2.343505248451093,0,0,1
2020-03-31 23:00:00,1147.2347,25.333795166015648,0.016657924,0.009216309,15.045650231257794,25.802545166015648,0.016909694,0.03224182,2.8718644682615357,23.880670166015648,0.017138576,0.06427002,2.1759735263535864,0,0,1
2020-04-01 00:00:00,1083.1481,25.140222167968773,0.016719032,0.009044647,13.768584791275428,25.312097167968773,0.017016578,0.03390503,2.453286971072252,23.702722167968773,0.017047096,0.06326294,2.169207574686018,0,0,1
2020-04-01 01:00:00,1032.8958,24.947930908203148,0.016757306,0.008167267,12.570110673439965,24.916680908203148,0.016970929,0.03944397,2.478415421428564,23.510430908203148,0.016970929,0.071502686,2.3646505104863094,0,0,1
2020-04-01 02:00:00,1007.0061,24.780175781250023,0.016742233,0.008621216,11.57399494594624,24.545800781250023,0.01702452,0.0438385,2.668680405435196,23.280175781250023,0.01691008,0.089019775,2.452863271564204,0,0,1
2020-04-01 03:00:00,958.9307,24.6269470214844,0.016788183,0.010940552,10.456228825558544,24.2206970214844,0.017062841,0.04347229,2.78615125006222,23.0800720214844,0.016811071,0.104003906,2.359870155367083,0,0,1
2020-04-01 04:00:00,956.3519,24.496148681640648,0.016864555,0.015678406,9.50829135262541,23.980523681640648,0.01706292,0.044311523,2.9627031473934737,22.933648681640648,0.01667382,0.11227417,2.0133509311896405,0,0,1
2020-04-01 05:00:00,960.5375,24.392236328125023,0.016948532,0.015537262,8.565004133500741,23.782861328125023,0.017055344,0.0395813,3.2539187867288315,22.821923828125023,0.016536545,0.10961914,1.6170737516785585,0,0,1
2020-04-01 06:00:00,930.1426,24.540246582031276,0.017055446,0.016059875,8.068893211506236,23.821496582031276,0.017093593,0.030944824,4.004678629293451,22.798059082031276,0.016460354,0.10510254,1.327760329502086,0,0,1
2020-04-01 07:00:00,955.8614,25.510919189453148,0.01677333,0.023094177,10.567872847618744,24.964044189453148,0.017345535,0.02986145,6.258756512363673,23.276544189453148,0.01677333,0.10418701,0.8265676970579893,0,0,1
2020-04-01 08:00:00,1018.1963,26.526696777343773,0.016414918,0.051956177,11.382619799865967,27.151696777343773,0.0166438,0.038360596,6.920685511355253,24.198571777343773,0.017002381,0.10223389,0.7083784001169345,0,0,1
2020-04-01 09:00:00,1051.1907,27.457574462890648,0.01621667,0.061691284,11.178831777391885,29.707574462890648,0.015579614,0.041534424,6.340786405702121,26.223199462890648,0.016193781,0.112091064,0.8404229084284923,0,0,1
2020-04-01 10:00:00,1063.9235,28.4221130371094,0.016140383,0.04689026,11.375868805623757,31.7189880371094,0.014984529,0.032470703,5.330358232551458,28.5158630371094,0.0154003315,0.09866333,1.1076757521492533,0,0,1
2020-04-01 11:00:00,1075.4083,29.288873291015648,0.015995359,0.028945923,12.127043844784684,33.49199829101565,0.014248228,0.02017212,4.569196152722672,30.085748291015648,0.014877653,0.096221924,1.910946136230517,0,0,1
2020-04-01 12:00:00,1102.9994000000002,29.985559082031276,0.015850278,0.021858215,13.046852416241682,34.75118408203127,0.014007778,0.011676788,4.1591810655558,31.188684082031276,0.01454565,0.08786011,2.8000470310757217,0,0,1
2020-04-01 13:00:00,1128.8236,30.392175292968773,0.015674563,0.015693665,13.875579541449214,35.47030029296877,0.013687106,0.006521225,4.278783368875706,31.860925292968773,0.014423342,0.07525635,3.5310571330916742,0,0,1
2020-04-01 14:00:00,1130.6409,30.564538574218773,0.015502702,0.014671326,14.583683752300356,35.62703857421877,0.013458025,0.004507065,4.381536568535748,31.939538574218773,0.014487993,0.06793213,4.247429918830298,0,0,1
2020-04-01 15:00:00,1116.6105,30.447381591796898,0.015342317,0.012290955,15.21536587478636,35.1817565917969,0.013389192,0.0069618225,4.311068753452799,31.463006591796898,0.014602265,0.06503296,4.839795725586491,0,0,1
2020-04-01 16:00:00,1068.9989,29.976434326171898,0.015243031,0.012145996,16.11838649237807,34.2420593261719,0.013442494,0.008918762,4.245488204380784,30.492059326171898,0.01481197,0.048736572,5.137669470003672,0,0,1
2020-04-01 17:00:00,1041.5846,29.053918457031276,0.015277255,0.010066986,17.120498898803895,32.66329345703127,0.014212955,0.007751465,3.82246382162913,29.053918457031276,0.015193332,0.03994751,4.946640851569528,0,0,1
2020-04-01 18:00:00,1105.9178,27.832940673828148,0.015517445,0.00800705,17.78764785630089,30.098565673828148,0.016841145,0.010627747,3.1994611644077997,27.207940673828148,0.015826436,0.028793335,4.367727770748083,0,0,1
2020-04-01 19:00:00,1192.7596999999998,26.836450195312523,0.015879717,0.007806778,18.61231773804733,28.773950195312523,0.01722249,0.01128006,2.2624212915207766,25.680200195312523,0.016512956,0.022460938,3.4612926099475105,0,0,1
2020-04-01 20:00:00,1195.4825,26.238244628906276,0.016116142,0.007858276,18.29766870876673,27.910119628906276,0.017123222,0.019622803,1.0677690019196189,24.894494628906276,0.016665459,0.023963928,2.338422038552141,0,0,1
2020-04-01 21:00:00,1181.5032,25.958215332031276,0.016238166,0.008907318,16.861684443812692,27.130090332031276,0.017023994,0.029808044,0.5931452522397807,24.317590332031276,0.016772224,0.03817749,1.378585255897293,0,0,1
2020-04-01 22:00:00,1155.156,25.751275634765648,0.016268669,0.010826111,15.102232155435177,26.438775634765648,0.016856132,0.036697388,1.4574330881833049,23.907525634765648,0.01675695,0.055603027,0.6579342727125391,0,0,1
2020-04-01 23:00:00,1099.3534,25.596856689453148,0.016253373,0.014350891,13.579158790838145,25.784356689453148,0.016772171,0.03642273,2.202743347874885,23.612481689453148,0.016688248,0.06588745,0.1376860449086797,0,0,1
2020-04-02 00:00:00,1069.3474,25.430780029296898,0.016276183,0.014888763,12.17036054442308,25.180780029296898,0.016726317,0.03791809,2.871314619015597,23.368280029296898,0.016627135,0.068847656,0.7093947529668376,0,0,1
2020-04-02 01:00:00,1017.5412,25.254205322265648,0.016344752,0.018730164,10.391765283413902,24.629205322265648,0.016680446,0.03666687,3.50235230144654,23.113580322265648,0.016527858,0.06311035,1.3479147780855718,0,0,1
2020-04-02 02:00:00,995.8398,25.0659118652344,0.016382845,0.022415161,8.844626046184802,24.1284118652344,0.016611727,0.031433105,4.132545782759877,22.8159118652344,0.016382845,0.059677124,1.993561168326376,0,0,1
2020-04-02 03:00:00,978.5403,24.890405273437523,0.016443761,0.02255249,7.680720634625574,23.687280273437523,0.016542943,0.026237488,4.6615596692313925,22.577905273437523,0.01619962,0.057296753,2.532147362908915,0,0,1
2020-04-02 04:00:00,951.4024,24.733758544921898,0.01653522,0.01865387,6.793321294514948,23.311883544921898,0.01642841,0.01977539,5.10623261578331,22.343133544921898,0.015985904,0.052749634,2.8705126564372785,0,0,1
2020-04-02 05:00:00,945.0238,24.629418945312523,0.016580915,0.023719788,6.276691862201954,22.973168945312523,0.016290998,0.014457703,5.421831251512081,22.129418945312523,0.0157722,0.047409058,3.0871955798727138,0,0,1
2020-04-02 06:00:00,925.7009,24.805047607421898,0.016603783,0.022064209,6.795300716794294,23.039422607421898,0.01626046,0.011249542,6.114872103559936,22.023797607421898,0.015596703,0.04373169,3.2610139027205287,0,0,1
2020-04-02 07:00:00,978.4845,25.7565856933594,0.016298644,0.019378662,10.482601028199358,24.6784606933594,0.016329162,0.009315491,8.760708953178657,22.9440856933594,0.015470856,0.03579712,3.722358998842786,0,0,1
2020-04-02 08:00:00,1028.7467,26.781945800781276,0.016107988,0.032806396,12.157398768573614,27.391320800781276,0.015375567,0.0078315735,9.68621552251867,24.953820800781276,0.014746142,0.02722931,3.787081077749329,0,0,1
2020-04-02 09:00:00,1044.1151,27.801293945312523,0.016054697,0.04156494,12.534741917720032,29.957543945312523,0.014467783,0.010650635,8.895560865554964,27.191918945312523,0.013659067,0.024551392,3.2250995088351035,0,0,1
2020-04-02 10:00:00,1063.0323,28.751000976562523,0.016070027,0.05204773,12.483563106715785,32.09475097656252,0.013521808,0.01354599,7.643336636586508,29.032250976562523,0.012610096,0.024246216,2.458889973762255,0,0,1
2020-04-02 11:00:00,1067.6087,29.567590332031276,0.016092889,0.06311035,12.376464091303312,33.83321533203127,0.012842766,0.012233734,6.505015715126331,30.551965332031276,0.011858574,0.02407837,1.7917554272984235,0,0,1
2020-04-02 12:00:00,1110.2527,30.2453552246094,0.016138658,0.07611084,12.734040232371203,35.1984802246094,0.012171372,0.00920105,5.829682265141043,31.5734802246094,0.011767014,0.02481842,1.5823330400627502,0,0,1
2020-04-02 13:00:00,1137.0979,30.718103027343773,0.016138665,0.08276367,13.588017969163944,36.12435302734377,0.011484736,0.005908966,5.482250283290624,32.23372802734377,0.011229151,0.022445679,2.017156765893519,0,0,1
2020-04-02 14:00:00,1137.0322,30.834130859375023,0.016176838,0.08895874,15.007324810692705,36.42788085937502,0.011355062,0.0034017563,5.556880160835504,32.36538085937502,0.011187215,0.015155792,2.50729656010335,0,0,1
2020-04-02 15:00:00,1111.131,30.544274902343773,0.01624555,0.081451416,16.71592700319584,36.12239990234377,0.01145429,0.0009329319,5.961566607273953,32.01302490234377,0.011500066,0.008396149,2.9737188690210856,0,0,1
2020-04-02 16:00:00,1080.2365,29.956231689453148,0.01633717,0.06515503,18.64478830943156,35.19060668945315,0.011675608,0.0005004406,6.317333816619013,31.112481689453148,0.012030375,0.005739212,3.1574268798335394,0,0,1
2020-04-02 17:00:00,1052.0799,28.950952148437523,0.016421169,0.055496216,20.471188234430656,33.60720214843752,0.011999936,0.0023021698,6.277777004898309,29.669702148437523,0.012648434,0.0035066605,2.9018453826806043,0,0,1
2020-04-02 18:00:00,1109.5039000000002,27.6303649902344,0.016543316,0.0443573,21.614825310831765,30.7241149902344,0.013049052,0.0017266273,3.554113438793904,27.7397399902344,0.01358311,0.0014071465,2.374651313081328,0,0,1
2020-04-02 19:00:00,1162.5666,26.643975830078148,0.016703596,0.038742065,21.829811934300167,29.003350830078148,0.01320552,0.00060272217,3.954874994783683,26.081475830078148,0.013861648,0.00081014633,1.629034537333877,0,0,1
2020-04-02 20:00:00,1165.7451,26.200219726562523,0.016871503,0.033294678,20.290789607191257,27.715844726562523,0.013583234,0.0007712841,4.753220398075334,24.809594726562523,0.014266064,0.0056266785,0.6304754590099407,0,0,1
2020-04-02 21:00:00,1152.1953,26.008508300781276,0.016993633,0.027275085,18.638455218699136,26.617883300781276,0.0137931015,0.00068068504,5.958212494947518,23.977258300781276,0.014502635,0.017463684,0.9404351806480196,0,0,1
2020-04-02 22:00:00,1129.4075,25.853143310546898,0.017146265,0.025909424,17.592585848682443,25.603143310546898,0.013945734,0.00057530403,7.256113308350962,23.446893310546898,0.01463238,0.022453308,1.627676535581869,0,0,1
2020-04-02 23:00:00,1102.5652,25.679376220703148,0.017321773,0.028816223,16.516836530554233,24.695001220703148,0.014285274,0.00030899048,7.64401980755933,23.054376220703148,0.014640041,0.023239136,2.0440038645851493,0,0,1
2020-04-03 00:00:00,1065.0563,25.5371032714844,0.0174515,0.034820557,15.727676440383012,23.9589782714844,0.014624809,0.00014829636,6.960653403293491,22.6464782714844,0.014613365,0.024711609,2.4124226691151054,0,0,1
2020-04-03 01:00:00,1024.6903,25.438287353515648,0.017535422,0.03869629,14.849359949363532,23.344537353515648,0.014880393,0.00076007843,6.471471409759641,22.250787353515648,0.014613364,0.029281616,2.877705228431916,0,0,1
2020-04-03 02:00:00,991.7019,25.368341064453148,0.017604066,0.051727295,14.052516035916746,22.899591064453148,0.0150520345,0.00131464,6.279106781118551,21.946466064453148,0.014624788,0.035095215,3.360548589063697,0,0,1
2020-04-03 03:00:00,970.229,25.278741455078148,0.01766506,0.05241394,13.35437308704889,22.591241455078148,0.015158803,0.0035915375,6.0673637716233095,21.747491455078148,0.014586599,0.0499115,3.7395107129766383,0,0,1
2020-04-03 04:00:00,937.6427,25.227624511718773,0.017718421,0.045059204,12.67516701492336,22.383874511718773,0.01521598,0.003648758,5.713669147674668,21.680749511718773,0.014487373,0.06062317,3.944638761799373,0,0,1
2020-04-03 05:00:00,944.307,25.181665039062523,0.01774128,0.046676636,12.286114498349455,22.236352539062523,0.015265541,0.0036153793,5.466829092047352,21.658227539062523,0.014380531,0.05845642,4.073551365146548,0,0,1
2020-04-03 06:00:00,906.1816,25.304986572265648,0.017771808,0.05937195,12.70689914169146,22.547174072265648,0.015349477,0.003320694,6.146593015454321,21.656549072265648,0.014311879,0.050964355,4.210618322728681,0,0,1
2020-04-03 07:00:00,972.0421,26.142602539062523,0.017558232,0.08856201,15.997538567991484,25.111352539062523,0.015406743,0.0066165924,10.211233124426585,22.486352539062523,0.014166966,0.035888672,4.7664190432557065,0,0,1
2020-04-03 08:00:00,1023.0909,27.119195556640648,0.01721498,0.12335205,17.379642152954304,28.181695556640648,0.014899459,0.009490967,11.932336817500149,24.400445556640648,0.01350328,0.017196655,4.559052347293117,0,0,1
2020-04-03 09:00:00,1049.7278,28.071557617187523,0.017153967,0.14172363,17.095072789311985,30.712182617187523,0.014136542,0.010253906,11.05339504232387,26.821557617187523,0.012400854,0.014972687,3.610368436361704,0,0,1
2020-04-03 10:00:00,1069.3467,29.085290527343773,0.017169252,0.14477539,16.890227504573463,32.97591552734377,0.013652101,0.009944916,9.796858529254996,29.210290527343773,0.011351839,0.00875473,2.294728533453131,0,0,1
2020-04-03 11:00:00,1103.3143,30.025720214843773,0.01717691,0.14038086,16.77122043379274,34.76009521484377,0.013739867,0.008487701,8.43042110273754,31.166345214843773,0.010821624,0.0038461685,0.9013676384855488,0,0,1
2020-04-03 12:00:00,1119.3165,30.792626953125023,0.017100664,0.1506958,16.864817728821357,36.07387695312502,0.013610217,0.0070209503,7.691222570734016,32.38637695312502,0.010966632,0.0013041496,0.5759952988395473,0,0,1
2020-04-03 13:00:00,1132.146,31.252954101562523,0.016986297,0.1531372,17.335876617668557,36.95607910156252,0.013278412,0.00655365,7.454030384277123,33.19045410156252,0.010451721,0.0005440712,1.350291149215151,0,0,1
2020-04-03 14:00:00,1145.1431,31.391229248046898,0.016917638,0.14550781,18.221973083054174,37.2349792480469,0.013179235,0.029212952,7.442290824639001,33.3443542480469,0.010512762,0.00047707558,2.050315920979978,0,0,1
2020-04-03 15:00:00,1130.5942,31.227593994140648,0.016910102,0.13085938,19.589204462088794,36.85259399414065,0.013274696,0.045150757,7.809684184938687,32.86821899414065,0.010924842,0.00047814846,2.598435158421694,0,0,1
2020-04-03 16:00:00,1104.4971,30.617944335937523,0.01696354,0.1048584,21.15523188385252,35.74294433593752,0.013534126,0.048202515,8.229962488508429,31.789819335937523,0.011558113,0.0005788803,2.724894579326845,0,0,1
2020-04-03 17:00:00,1059.884,29.4489685058594,0.017055161,0.090789795,22.773663016143267,34.3395935058594,0.01398433,0.040878296,8.955282700260062,30.1364685058594,0.012454636,0.0008814335,2.5928796489103614,0,0,1
2020-04-03 18:00:00,1111.0804,28.0068298339844,0.017184772,0.09017944,24.04934506228402,32.0693298339844,0.014724293,0.025489807,8.409304084606402,27.9912048339844,0.013656178,0.0011096001,2.430841783315544,0,0,1
2020-04-03 19:00:00,1190.4903,27.016442871093773,0.01730674,0.08480835,24.232071600822387,30.000817871093773,0.01542228,0.019050598,9.094956868107692,26.282067871093773,0.013972695,0.0011425018,2.7903238729953705,0,0,1
2020-04-03 20:00:00,1185.8876,26.590753173828148,0.017337149,0.068725586,23.097903466142768,28.293878173828148,0.015910452,0.016616821,10.24712360495827,24.981378173828148,0.014376943,0.004224777,2.879098336218174,0,0,1
2020-04-03 21:00:00,1185.2906,26.4565368652344,0.017314164,0.050430298,22.00813822642341,27.1284118652344,0.016009538,0.014465332,10.871347126943018,24.1596618652344,0.01473543,0.016494751,2.971947894721647,0,0,1
2020-04-03 22:00:00,1158.9295000000002,26.333154296875023,0.017268313,0.04324341,21.31446983027042,26.442529296875023,0.016032351,0.0119514465,10.111385500006236,23.692529296875023,0.014853609,0.020233154,3.2340649796223078,0,0,1
2020-04-03 23:00:00,1119.1389,26.1525817871094,0.017191945,0.04147339,20.75338204271625,25.8713317871094,0.016192494,0.010223389,8.470892054073907,23.2619567871094,0.014834462,0.019683838,3.4344944982591525,0,0,1
2020-04-04 00:00:00,1065.5928,25.927026367187523,0.0170927,0.037857056,19.845621851306124,25.380151367187523,0.016345019,0.014266968,7.451453646990436,22.770776367187523,0.014819141,0.024757385,3.652221291187357,0,0,1
2020-04-04 01:00:00,1033.6453,25.705163574218773,0.01697823,0.035125732,18.705933984903258,24.923913574218773,0.016451802,0.018081665,6.5838355047505015,22.392663574218773,0.014780965,0.02748108,3.8846669953542894,0,0,1
2020-04-04 02:00:00,1001.357,25.5026794433594,0.016901948,0.032836914,17.52936032805368,24.5808044433594,0.016550995,0.016029358,6.270063225824359,22.1120544433594,0.014693239,0.027122498,4.173657140804165,0,0,1
2020-04-04 03:00:00,977.4906,25.388818359375023,0.016825711,0.03175354,16.461133117237644,24.326318359375023,0.016650235,0.013511658,6.2580909787054,21.888818359375023,0.014613186,0.026100159,4.346494169576455,0,0,1
2020-04-04 04:00:00,953.1766,25.287286376953148,0.016764605,0.024238586,15.48943361491754,24.099786376953148,0.016734088,0.012042999,6.448173796703994,21.662286376953148,0.014578784,0.029090881,4.375744020684723,0,0,1
2020-04-04 05:00:00,938.3196,25.188012695312523,0.016741717,0.017974854,15.207006516082508,23.906762695312523,0.016779864,0.008975983,6.873052944170914,21.563012695312523,0.014613115,0.031013489,4.437490685681521,0,0,1
2020-04-04 06:00:00,904.1113,25.269189453125023,0.016772322,0.014514923,15.670311535998698,24.003564453125023,0.016779952,0.0057029724,8.151645807824375,21.652001953125023,0.014685683,0.030151367,4.481022299883229,0,0,1
2020-04-04 07:00:00,941.0293,26.253564453125023,0.01652053,0.018035889,20.583673040183943,25.972314453125023,0.016306907,0.0031366348,12.774114750537985,22.800439453125023,0.014632256,0.026535034,5.080145791207002,0,0,1
2020-04-04 08:00:00,991.5859,27.442651367187523,0.016299244,0.02294159,22.821659039997304,28.520776367187523,0.015246388,0.0016708374,14.529720433611455,25.036401367187523,0.014117237,0.010948181,5.051625741691952,0,0,1
2020-04-04 09:00:00,1004.4653,28.731103515625023,0.016329722,0.02292633,23.08993449694568,31.027978515625023,0.014277415,0.0009703636,13.777782368266116,27.606103515625023,0.013110118,0.006128311,4.193706674821032,0,0,1
2020-04-04 10:00:00,1025.2205,29.731835937500023,0.016444119,0.028129578,22.91256856705166,33.35683593750002,0.013274104,0.00043809414,12.765509832042458,30.013085937500023,0.01201144,0.004173279,2.838447567187882,0,0,1
2020-04-04 11:00:00,1059.9923,30.496301269531276,0.016558494,0.03315735,22.97016075068064,35.21505126953127,0.012663688,0.00033080578,11.6840811787116,31.605676269531276,0.012118186,0.0026693344,1.2828727401361129,0,0,1
2020-04-04 12:00:00,1062.7067000000002,31.028649902343773,0.0166042,0.032836914,23.29023421448623,36.48177490234377,0.012152449,0.00026583672,11.17838730646946,32.66927490234377,0.012053267,0.002026558,0.3573832106392607,0,0,1
2020-04-04 13:00:00,1070.7594,31.319390869140648,0.016596502,0.027641296,23.4808117384698,37.17876586914065,0.011778539,0.0002284646,11.00741401508822,33.36626586914065,0.01151151,0.0019731522,0.6479944576980088,0,0,1
2020-04-04 14:00:00,1100.8143,31.260888671875023,0.016604068,0.030273438,23.732893626108133,37.30776367187502,0.011648776,0.00022429228,11.083340551235365,33.47963867187502,0.011320712,0.004545212,1.7420503885687582,0,0,1
2020-04-04 15:00:00,1077.35,30.877496337890648,0.016634531,0.036834717,24.004097436179222,36.75249633789065,0.011835642,0.00022774935,11.308118614532738,32.72124633789065,0.0117555335,0.008605957,2.7750935616056776,0,0,1
2020-04-04 16:00:00,1053.1742,30.131188964843773,0.016603965,0.03845215,24.640104474923724,35.45931396484377,0.01221325,0.00021392107,11.493291121963674,31.318688964843773,0.01270916,0.0055446625,3.170929559825709,0,0,1
2020-04-04 17:00:00,1048.3176,28.965722656250023,0.016565789,0.040985107,25.427854340608206,33.34072265625002,0.01281594,0.00022339821,11.477569112966382,29.606347656250023,0.013536918,0.0032844543,3.1338516209136444,0,0,1
2020-04-04 18:00:00,1075.0362,27.693261718750023,0.016619178,0.040130615,25.425127363307933,30.615136718750023,0.013601752,0.000497818,10.355442772152442,27.677636718750023,0.014090033,0.008396149,2.895968486092801,0,0,1
2020-04-04 19:00:00,1176.2032,26.856164550781276,0.016710721,0.036819458,24.93494597471025,28.387414550781276,0.014425717,0.0015349388,9.986573261525322,26.012414550781276,0.014551602,0.012237549,2.5564489720886883,0,0,1
2020-04-04 20:00:00,1175.3708,26.4179626464844,0.01674124,0.029792786,24.014709161335176,26.8085876464844,0.0150513295,0.0021972656,8.809268531007078,24.6992126464844,0.015276397,0.023269653,1.9242447548153343,0,0,1
2020-04-04 21:00:00,1169.5511,26.190972900390648,0.016733607,0.02796936,22.919836709604237,25.815972900390648,0.015505275,0.0023021698,8.624811956594828,23.878472900390648,0.015615901,0.03147888,2.0776858561316263,0,0,1
2020-04-04 22:00:00,1144.8203999999998,26.020959472656276,0.016733611,0.028266907,21.89357606915104,25.036584472656276,0.015955413,0.0020895004,8.610173307262956,23.302209472656276,0.01572653,0.03138733,2.7944888833972024,0,0,1
2020-04-04 23:00:00,1109.0228,25.8725524902344,0.016756501,0.028572083,20.89216646566139,24.4038024902344,0.016230073,0.0015935898,8.506134785832575,22.8413024902344,0.015741792,0.033233643,3.559188998673376,0,0,1
2020-04-05 00:00:00,1079.217,25.729638671875023,0.016809888,0.02936554,20.324836082782863,23.917138671875023,0.016367383,0.003273964,8.641439146347068,22.479638671875023,0.015688367,0.030342102,4.17417719379625,0,0,1
2020-04-05 01:00:00,1042.3647,25.618493652343773,0.016886173,0.028022766,20.337780932342472,23.587243652343773,0.016397892,0.003399849,8.954198528059742,22.180993652343773,0.015585361,0.028755188,4.633605586544774,0,0,1
2020-04-05 02:00:00,1003.4026,25.510827636718773,0.016962469,0.03161621,20.61304927207444,23.323327636718773,0.016397893,0.005414963,9.055917674536277,21.948327636718773,0.015451848,0.028663635,4.908991578571046,0,0,1
2020-04-05 03:00:00,979.4047,25.455438232421898,0.017092172,0.023162842,20.637002633268885,23.111688232421898,0.016382638,0.009120941,8.797142262709889,21.767938232421898,0.01534504,0.029762268,4.952493143784593,0,0,1
2020-04-05 04:00:00,952.9252,25.444268798828148,0.017183717,0.017913818,19.684500817870145,22.959893798828148,0.016336855,0.008281708,8.318668576593675,21.647393798828148,0.01526111,0.029945374,4.83712296901796,0,0,1
2020-04-05 05:00:00,932.3112,25.445703125000023,0.017214214,0.01486969,17.532519511395975,22.867578125000023,0.016298687,0.0053367615,8.012254379721186,21.586328125000023,0.015203869,0.030189514,4.688921927887603,0,0,1
2020-04-05 06:00:00,864.443,25.616479492187523,0.017244706,0.014907837,17.190268846576487,22.991479492187523,0.016344437,0.0055713654,8.724451457708676,21.616479492187523,0.0152076585,0.03100586,4.56194339649183,0,0,1
2020-04-05 07:00:00,867.8957999999999,26.5036560058594,0.017061578,0.023422241,22.108442684075214,24.3005310058594,0.016710626,0.008296967,11.146144217365332,22.5505310058594,0.015360223,0.0289917,4.952892117485865,0,0,1
2020-04-05 08:00:00,885.4537,27.676171875000023,0.016771646,0.03791809,25.275481720360723,27.348046875000023,0.015985819,0.006467819,14.156939526874378,24.629296875000023,0.015024515,0.020141602,5.030051189260727,0,0,1
2020-04-05 09:00:00,909.822,28.950158691406276,0.016710607,0.043304443,25.98434278457489,30.575158691406276,0.01453623,0.003870964,14.539803870975884,27.309533691406276,0.014135687,0.009689331,4.381803129926492,0,0,1
2020-04-05 10:00:00,916.0532,30.039331054687523,0.016832694,0.044647217,25.542076097435533,33.21120605468752,0.013407096,0.0020561218,13.662632456256944,29.773706054687523,0.01342617,0.010391235,3.1513832869708067,0,0,1
2020-04-05 11:00:00,940.3759,30.939263916015648,0.016931903,0.04711914,25.354062557294043,35.26738891601565,0.013010393,0.0011472702,12.514587551366226,31.454888916015648,0.013914476,0.0146102905,1.5690894599304794,0,0,1
2020-04-05 12:00:00,973.8905,31.543145751953148,0.016962407,0.03617859,25.27961144643668,36.69939575195315,0.013105749,0.0008382797,11.935258476357392,32.52752075195315,0.014463781,0.0205307,0.7659898659257365,0,0,1
2020-04-05 13:00:00,983.8988,31.992456054687523,0.016954694,0.032226562,24.81320354550032,37.47683105468752,0.013189588,0.0007176399,11.811436894125382,33.22683105468752,0.014383588,0.022415161,0.5553924749614295,0,0,1
2020-04-05 14:00:00,1022.5385,32.04534301757815,0.016977487,0.030555725,23.992782499338148,37.60784301757815,0.013147531,0.0006182194,11.805882284113611,33.46721801757815,0.014188943,0.028541565,1.2569740656997406,0,0,1
2020-04-05 15:00:00,1029.2628,31.719689941406276,0.017015567,0.030960083,23.28291819736427,37.00093994140627,0.013231387,0.0005669594,12.02370373882861,33.00093994140627,0.014082065,0.023506165,2.4944234239909844,0,0,1
2020-04-05 16:00:00,1017.6257,31.006280517578148,0.017068941,0.031921387,23.27679675057918,35.56878051757815,0.01342209,0.00086927414,12.345656183168945,31.803155517578148,0.014425355,0.029808044,3.192834272695909,0,0,1
2020-04-05 17:00:00,1001.6304,29.858972167968773,0.017168114,0.031951904,24.05687908679105,33.28084716796877,0.013841698,0.0012421608,12.443756689034412,29.983972167968773,0.015035698,0.032424927,3.050328187014052,0,0,1
2020-04-05 18:00:00,1084.1638,28.546960449218773,0.017381728,0.035888672,24.669838780068478,30.546960449218773,0.014360488,0.0010428429,11.544884279512884,27.937585449218773,0.015741408,0.040237427,2.5347043690045457,0,0,1
2020-04-05 19:00:00,1156.9975,27.671716308593773,0.017656296,0.04284668,24.963649830627958,28.484216308593773,0.014821976,0.00073981285,11.32558525543708,26.452966308593773,0.01596257,0.040390015,1.9288039707585984,0,0,1
2020-04-05 20:00:00,1181.607,27.254052734375023,0.017862247,0.047225952,24.165398696082484,27.363427734375023,0.015008854,0.00042140484,10.887733970256624,25.675927734375023,0.015870975,0.038467407,1.3163310568867024,0,0,1
2020-04-05 21:00:00,1175.5165000000002,27.071191406250023,0.017999547,0.051376343,23.47065163213645,26.586816406250023,0.015165226,0.00026845932,10.109870287688498,25.086816406250023,0.016008275,0.039154053,1.07298431325202,0,0,1
2020-04-05 22:00:00,1169.965,26.936364746093773,0.018136874,0.055999756,23.05245041141404,25.920739746093773,0.015436068,0.00020855665,9.7197698184415,24.655114746093773,0.016076937,0.038131714,1.3016741765392172,0,0,1
2020-04-05 23:00:00,1139.231,26.762353515625023,0.018228464,0.060775757,22.55991656024193,25.387353515625023,0.015657358,0.00034964085,9.751675834418917,24.324853515625023,0.01601594,0.038009644,1.9248411075856624,0,0,1
2020-04-06 00:00:00,1102.8922,26.588342285156276,0.018266592,0.07019043,22.25634206159877,25.025842285156276,0.015809927,0.002087593,9.847596346753544,24.025842285156276,0.01590148,0.03831482,3.0146147416347526,0,0,1
2020-04-06 01:00:00,1060.2452,26.417687988281276,0.01822839,0.080200195,22.484978872623916,24.792687988281276,0.015878536,0.009155273,9.609620590421128,23.698937988281276,0.01582513,0.036361694,3.916182374976105,0,0,1
2020-04-06 02:00:00,1037.8196,26.344323730468773,0.018022355,0.06680298,23.262245349832856,24.641198730468773,0.015916642,0.01763153,9.17922046268703,23.422448730468773,0.015748795,0.035186768,4.302791268366059,0,0,1
2020-04-06 03:00:00,1015.8243,26.303857421875023,0.017946046,0.049575806,22.750607647169115,24.569482421875023,0.015939515,0.023643494,8.653001249178583,23.210107421875023,0.015649598,0.035232544,4.412417681739368,0,0,1
2020-04-06 04:00:00,1018.9705,26.270623779296898,0.018029965,0.039138794,21.317598578528337,24.504998779296898,0.015992917,0.035995483,7.811258319295408,23.051873779296898,0.015519895,0.033447266,4.424059447853117,0,0,1
2020-04-06 05:00:00,994.7616,26.266748046875023,0.018213069,0.046920776,19.44925728681661,24.532373046875023,0.016107356,0.04598999,7.02377576376227,22.922998046875023,0.015394007,0.030548096,4.472352257938288,0,0,1
2020-04-06 06:00:00,959.9162,26.379785156250023,0.018441949,0.05581665,18.07922521568372,24.754785156250023,0.01629809,0.047348022,6.975335783720688,22.832910156250023,0.01533297,0.030014038,4.411440164948229,0,0,1
2020-04-06 07:00:00,1025.1189000000002,27.087274169921898,0.018457212,0.078125,20.77524140696272,26.306024169921898,0.016618527,0.05015564,9.66208116183722,23.352899169921898,0.015317715,0.026985168,4.521140907243371,0,0,1
2020-04-06 08:00:00,1099.4716,28.152795410156276,0.018266479,0.09017944,23.623962030769736,29.277795410156276,0.016694823,0.055603027,12.84937612006142,24.699670410156276,0.014890471,0.016685486,4.598716517391599,0,0,1
2020-04-06 09:00:00,1125.0054,29.314294433593773,0.018121516,0.077545166,25.15013846327053,31.954919433593773,0.016412532,0.05848694,13.452309256354958,26.454919433593773,0.014291559,0.013851166,4.361144857147818,0,0,1
2020-04-06 10:00:00,1146.9866,30.309747314453148,0.018045232,0.06036377,25.6009270500174,34.12224731445315,0.016359136,0.05168152,12.523880046181088,28.294122314453148,0.013833806,0.023391724,3.9362157634701096,0,0,1
2020-04-06 11:00:00,1163.8339,31.078210449218773,0.01795371,0.051208496,24.96548957172008,35.90633544921877,0.016290503,0.039764404,11.836297527011952,29.796960449218773,0.01393302,0.034713745,3.1328371331442715,0,0,1
2020-04-06 12:00:00,1192.6923000000002,31.543054199218773,0.01780112,0.03842163,24.49383143406341,37.02742919921877,0.016031101,0.034744263,11.713305962027055,30.730554199218773,0.014692142,0.040405273,1.9694239743413424,0,0,1
2020-04-06 13:00:00,1205.537,31.740350341796898,0.017564578,0.020874023,24.642405734838285,37.3653503417969,0.015718265,0.056991577,11.723128713196486,31.412225341796898,0.014669223,0.048934937,1.4096536339776546,0,0,1
2020-04-06 14:00:00,1225.2386,31.703057861328148,0.01727463,0.007013321,24.96801330167104,36.85930786132815,0.015523683,0.09628296,11.708103836000529,31.609307861328148,0.015027773,0.06488037,0.9630420972678198,0,0,1
2020-04-06 15:00:00,1203.9735,31.345483398437523,0.017022837,0.00365448,24.90737717512907,35.95485839843752,0.015489328,0.12243652,11.646914906148096,31.314233398437523,0.01539396,0.08660889,0.8506180851113625,0,0,1
2020-04-06 16:00:00,1163.6418,30.642907714843773,0.016893094,0.0050029755,24.738838370088587,34.78353271484377,0.015603727,0.12683105,11.540102118663407,30.689782714843773,0.015592283,0.0993042,0.8514789022306029,0,0,1
2020-04-06 17:00:00,1110.1973,29.608300781250023,0.016877782,0.016319275,24.906496859563163,33.42080078125002,0.015870702,0.10354614,11.441260068095682,29.530175781250023,0.01576389,0.09689331,1.01531476725909,0,0,1
2020-04-06 18:00:00,1155.0776,28.482507324218773,0.017045567,0.020957947,25.11541536079221,31.529382324218773,0.016313145,0.09088135,10.422771012480956,27.982507324218773,0.016183445,0.113098145,1.2854752081591376,0,0,1
2020-04-06 19:00:00,1233.2313,27.739465332031276,0.017358365,0.016464233,25.683152467691947,29.708215332031276,0.016992154,0.07272339,9.92393499468878,26.614465332031276,0.016992154,0.124176025,1.2935471997741987,0,0,1
2020-04-06 20:00:00,1241.4734,27.339440917968773,0.017701698,0.017738342,25.898196548652887,28.089440917968773,0.01767118,0.05265808,9.63097881155661,25.667565917968773,0.017594887,0.119903564,1.32759778228378,0,0,1
2020-04-06 21:00:00,1242.7259,27.127008056640648,0.018060269,0.021408081,25.44643083587866,27.267633056640648,0.017976345,0.042022705,10.261018738614563,25.173883056640648,0.017488064,0.11166382,1.599194134484107,0,0,1
2020-04-06 22:00:00,1225.2185,27.010430908203148,0.018342553,0.027442932,24.366604886931217,26.807305908203148,0.018197594,0.035446167,10.314736507302932,24.713555908203148,0.017663537,0.1015625,1.7398984272676832,0,0,1
2020-04-06 23:00:00,1195.6669000000002,26.896508789062523,0.018533293,0.035812378,22.699903593824917,26.443383789062523,0.018304411,0.04537964,9.827977633440328,24.349633789062523,0.017671172,0.10079956,2.2955710497217634,0,0,1
2020-04-07 00:00:00,1150.0048,26.745874023437523,0.018624848,0.053207397,20.87537035950463,26.183374023437523,0.01833493,0.07525635,9.329965700043555,24.105249023437523,0.017678803,0.09399414,2.7923688405926685,0,0,1
2020-04-07 01:00:00,1130.1863,26.617486572265648,0.01867062,0.054992676,19.93574393165197,26.039361572265648,0.018357815,0.10760498,8.835919004871228,23.961236572265648,0.0176788,0.097839355,2.979415703526066,0,0,1
2020-04-07 02:00:00,1084.0624,26.523522949218773,0.018708775,0.04864502,20.408913807877745,25.961022949218773,0.018357823,0.09573364,8.431788105685513,23.820397949218773,0.0176254,0.114746094,3.0079536289942514,0,0,1
2020-04-07 03:00:00,1056.3796,26.447961425781276,0.018792734,0.045288086,20.87508734953188,25.807336425781276,0.018312082,0.060058594,8.048833603795758,23.666711425781276,0.017549142,0.120025635,2.974344713506147,0,0,1
2020-04-07 04:00:00,1029.8412,26.435968017578148,0.018930113,0.042556763,20.459578321479977,25.560968017578148,0.018258726,0.044631958,7.581251514557313,23.560968017578148,0.017480528,0.12133789,2.8831108571550605,0,0,1
2020-04-07 05:00:00,1024.9842,26.442926025390648,0.01902934,0.039398193,19.816916712452556,25.364801025390648,0.018251142,0.032226562,7.428586336477224,23.521051025390648,0.017434796,0.1239624,2.788677705779248,0,0,1
2020-04-07 06:00:00,997.7572,26.552209472656276,0.019082798,0.036575317,20.023112484559835,25.333459472656276,0.018319858,0.022315979,7.495714840280203,23.536584472656276,0.017434848,0.11883545,2.78795075129244,0,0,1
2020-04-07 07:00:00,1042.4131,27.223840332031276,0.01894551,0.047348022,23.53809000127672,26.536340332031276,0.01855641,0.02532959,10.428457287874812,24.067590332031276,0.017648512,0.12234497,3.2149099149882674,0,0,1
2020-04-07 08:00:00,1088.6149,28.270196533203148,0.01862509,0.062179565,26.783656565771658,29.004571533203148,0.017839262,0.03075409,14.693603369509768,25.254571533203148,0.017572233,0.11987305,3.9446638278814503,0,0,1
2020-04-07 09:00:00,1121.0869,29.360650634765648,0.018464915,0.07662964,27.14286270325109,31.688775634765648,0.017053477,0.039413452,15.74560093071819,27.485650634765648,0.01663386,0.12011719,4.1426485073472055,0,0,1
2020-04-07 10:00:00,1159.3604,30.200341796875023,0.018388666,0.09020996,26.95123342547233,33.88784179687502,0.016885675,0.04788208,15.114498216462536,29.419091796875023,0.015985407,0.1053772,3.4832064871682498,0,0,1
2020-04-07 11:00:00,1166.596,30.685632324218773,0.018373437,0.10974121,26.832003600855604,35.29500732421877,0.01682467,0.054992676,14.650968062668754,30.826257324218773,0.016054101,0.092315674,2.233688057892921,0,0,1
2020-04-07 12:00:00,1173.8402999999998,30.711022949218773,0.018388743,0.13256836,26.72436515832012,35.94539794921877,0.016763682,0.0725708,14.962607384776776,31.711022949218773,0.016237253,0.0982666,1.7792932262864791,0,0,1
2020-04-07 13:00:00,1195.3441,30.513757324218773,0.018419312,0.13842773,26.71730577922456,35.90438232421877,0.01680188,0.092163086,15.646792936938414,32.12313232421877,0.016145753,0.110565186,1.6054818947803868,0,0,1
2020-04-07 14:00:00,1199.753,30.135644531250023,0.018457511,0.16186523,26.857909809513053,35.27626953125002,0.016870597,0.09906006,16.24476161623376,31.995019531250023,0.016107658,0.11810303,1.6494928512591782,0,0,1
2020-04-07 15:00:00,1177.6734,29.634057617187523,0.018533818,0.15289307,27.30675354307978,33.86843261718752,0.017030828,0.07446289,16.357125281826008,31.368432617187523,0.016191594,0.10803223,1.833355144746676,0,0,1
2020-04-07 16:00:00,1133.4342,29.053918457031276,0.018648261,0.12347412,27.54619056686593,32.35079345703127,0.017343635,0.05091858,16.160845933433674,30.335168457031276,0.016283149,0.08856201,2.121522396044054,0,0,1
2020-04-07 17:00:00,1105.5393,28.387963867187523,0.018846631,0.087646484,27.23145211429111,30.544213867187523,0.017801404,0.038330078,15.089395055456942,28.794213867187523,0.016504407,0.074035645,2.261376421227003,0,0,1
2020-04-07 18:00:00,1161.392,27.748986816406276,0.019136477,0.061035156,25.957980901081992,28.514611816406276,0.018381167,0.039978027,13.198076732280065,26.842736816406276,0.016977359,0.09234619,1.874508617862602,0,0,1
2020-04-07 19:00:00,1236.7508,27.329736328125023,0.019449221,0.048980713,24.57711959809892,27.298486328125023,0.018510805,0.041870117,13.401281210157874,25.548486328125023,0.017351137,0.10827637,2.251218637420597,0,0,1
2020-04-07 20:00:00,1248.1885,27.126000976562523,0.01966278,0.0440979,23.397763541525013,26.891625976562523,0.01841156,0.030380249,12.937226294234495,25.110375976562523,0.017236633,0.106781006,3.152646274727642,0,0,1
2020-04-07 21:00:00,1243.7368,26.989434814453148,0.019761885,0.048461914,22.22064679898043,26.708184814453148,0.018358076,0.03578186,11.824159110819616,24.770684814453148,0.01717552,0.10897827,3.65532153738724,0,0,1
2020-04-07 22:00:00,1240.3333,26.884851074218773,0.019761823,0.08062744,22.237644013683127,26.572351074218773,0.018350385,0.04397583,10.834726199082375,24.556726074218773,0.017137311,0.11172485,3.58901590492251,0,0,1
2020-04-07 23:00:00,1181.3271000000002,26.792291259765648,0.019700773,0.10153198,22.696800940864303,26.448541259765648,0.018358,0.05709839,9.92381543217797,24.417291259765648,0.017167814,0.11367798,3.1580428577870623,0,0,1
2020-04-08 00:00:00,1139.2198999999998,26.687219238281276,0.019609213,0.1088562,23.00797121655782,26.280969238281276,0.018365622,0.05807495,9.11425425280186,24.296594238281276,0.017167807,0.11734009,2.7842787292483444,0,0,1
2020-04-08 01:00:00,1120.5327,26.593927001953148,0.019487152,0.10736084,22.855018368490175,26.125177001953148,0.01838089,0.06185913,8.685843743169787,24.218927001953148,0.017137298,0.123565674,2.665784958470762,0,0,1
2020-04-08 02:00:00,1075.7547,26.511499023437523,0.019372746,0.10723877,22.2372749613139,26.027124023437523,0.018388554,0.064453125,8.888480371412669,24.136499023437523,0.017106816,0.124572754,2.834581802041028,0,0,1
2020-04-08 03:00:00,1068.8434000000002,26.435388183593773,0.01925834,0.102630615,21.340817909189965,26.029138183593773,0.01839622,0.064697266,9.61159980438015,24.076013183593773,0.017106852,0.1187439,3.219058183156659,0,0,1
2020-04-08 04:00:00,1032.2732,26.399072265625023,0.019174455,0.07888794,20.123336158353315,25.977197265625023,0.018380998,0.05215454,10.0477749539218,24.039697265625023,0.017122148,0.11550903,3.52862011093768,0,0,1
2020-04-08 05:00:00,1031.7983,26.3532653808594,0.019121077,0.051574707,18.75004995110534,25.9001403808594,0.018358137,0.0423584,10.284931345160173,24.0095153808594,0.017129805,0.11508179,3.74446762161427,0,0,1
2020-04-08 06:00:00,1016.5817,26.4484802246094,0.019060062,0.03829956,18.49691627988932,26.0109802246094,0.018350529,0.03538513,11.090369361388351,24.0422302246094,0.017145084,0.11099243,3.9222244848641656,0,0,1
2020-04-08 07:00:00,1051.4846,27.057489013671898,0.018938005,0.040023804,20.62523677065801,27.510614013671898,0.01825136,0.027412415,14.50190071013255,24.744989013671898,0.017145097,0.10424805,4.42609176745047,0,0,1
2020-04-08 08:00:00,1074.2486,28.113793945312523,0.018724397,0.05859375,23.22866740430632,29.707543945312523,0.017724946,0.019363403,17.006166502086227,26.348168945312523,0.016839936,0.08694458,5.036143242790246,0,0,1
2020-04-08 09:00:00,1110.0273,29.253045654296898,0.018556576,0.07748413,23.806212452693384,31.909295654296898,0.017175656,0.015270233,16.97843422400106,28.487420654296898,0.016397458,0.07022095,4.746368481631798,0,0,1
2020-04-08 10:00:00,1113.2677,30.217675781250023,0.018419275,0.08981323,24.275280395522728,33.53017578125002,0.016824732,0.013484955,16.050598161906006,30.311425781250023,0.016511926,0.055633545,3.3656023030060327,0,0,1
2020-04-08 11:00:00,1123.5832,30.918786621093773,0.018304778,0.10110474,24.831482304279263,34.88753662109377,0.016725494,0.015991211,14.959437557398052,31.809411621093773,0.016244842,0.048294067,2.291538507056851,0,0,1
2020-04-08 12:00:00,1150.471,31.355279541015648,0.018182565,0.11172485,25.31133005108736,35.77715454101565,0.016626168,0.019386292,14.373363559622703,32.68340454101565,0.016160775,0.043273926,1.565304889047389,0,0,1
2020-04-08 13:00:00,1168.085,31.529748535156276,0.01804514,0.10379028,25.44536516295978,36.15474853515627,0.01642008,0.031692505,14.14021217780517,32.93599853515627,0.01615305,0.052124023,1.036884689561708,0,0,1
2020-04-08 14:00:00,1174.9562999999998,31.415216064453148,0.01796117,0.08804321,25.454266095795923,35.86834106445315,0.016244557,0.050628662,14.080591195005944,32.68084106445315,0.01607671,0.055999756,0.6377222711493286,0,0,1
2020-04-08 15:00:00,1163.8601,31.035058593750023,0.017869603,0.07434082,25.390120247386733,34.95693359375002,0.016091954,0.05821228,14.04592768613768,32.01943359375002,0.015931737,0.058685303,0.5057937950720931,0,0,1
2020-04-08 16:00:00,1129.0194,30.375177001953148,0.017778065,0.058761597,25.31339451544441,33.70330200195315,0.015939381,0.04270935,14.184964410672,30.906427001953148,0.015794422,0.04789734,0.8912070370199409,0,0,1
2020-04-08 17:00:00,1086.9635,29.389611816406276,0.01776285,0.048736572,25.230767459332544,32.10836181640627,0.015809724,0.024124146,14.241014494601473,29.373986816406276,0.015756318,0.043121338,1.370899362722743,0,0,1
2020-04-08 18:00:00,1155.7629,28.270959472656276,0.01790023,0.04222107,25.058788069199803,30.036584472656276,0.015855553,0.020126343,12.97556798496585,27.645959472656276,0.01613021,0.04953003,1.5278400506515926,0,0,1
2020-04-08 19:00:00,1213.4082,27.5168395996094,0.01815199,0.044174194,25.003326682960488,28.4855895996094,0.016053906,0.022003174,12.948275966103932,26.3762145996094,0.016565075,0.056869507,1.9496255551803512,0,0,1
2020-04-08 20:00:00,1234.1816,27.137597656250023,0.018380865,0.047332764,24.813476506386763,27.606347656250023,0.016359076,0.019424438,12.805934186088026,25.668847656250023,0.01669477,0.05419922,2.364311395768262,0,0,1
2020-04-08 21:00:00,1230.9815999999998,26.956140136718773,0.018502949,0.05039978,24.57791214197799,27.096765136718773,0.016824482,0.017456055,11.938418572520204,25.206140136718773,0.016671894,0.046554565,2.9077857162332563,0,0,1
2020-04-08 22:00:00,1217.6683,26.835626220703148,0.018548753,0.056671143,24.21016107782149,26.804376220703148,0.017144945,0.017486572,11.02215888336742,24.804376220703148,0.016557481,0.038146973,3.580094259821968,0,0,1
2020-04-08 23:00:00,1159.7982000000002,26.695153808593773,0.018548744,0.06829834,22.67556322569605,26.570153808593773,0.017297523,0.012908936,10.428054318232796,24.460778808593773,0.016389625,0.038909912,3.915421104145827,0,0,1
2020-04-09 00:00:00,1119.2284,26.547784423828148,0.018525815,0.06851196,20.1830791193826,26.360284423828148,0.017396664,0.009654999,10.157525577198436,24.110284423828148,0.016275143,0.042999268,4.093684349407241,8,1,1
2020-04-09 01:00:00,1087.0718,26.396386718750023,0.018518174,0.06411743,18.391309999787964,26.162011718750023,0.017480576,0.008399963,10.126310340015012,23.849511718750023,0.016114915,0.046936035,4.334689352659267,8,1,1
2020-04-09 02:00:00,1050.1932000000002,26.252160644531276,0.018487684,0.049102783,18.294793660975145,25.986535644531276,0.01754164,0.014087677,10.01149605850533,23.642785644531276,0.015992872,0.050567627,4.55440348189499,8,1,1
2020-04-09 03:00:00,1032.7786,26.159844970703148,0.01842668,0.042175293,19.52356945858766,25.816094970703148,0.017556928,0.021385193,9.90399765450322,23.456719970703148,0.015931867,0.0521698,4.587781686476036,8,1,1
2020-04-09 04:00:00,1044.4115000000002,26.092126464843773,0.018342776,0.030654907,20.171925295553585,25.701501464843773,0.01754169,0.023582458,9.884377724680013,23.342126464843773,0.015931888,0.053878784,4.465293215258096,8,1,1
2020-04-09 05:00:00,1089.3308,26.069238281250023,0.018251227,0.01826477,19.828385553474256,25.647363281250023,0.017526435,0.019851685,9.626559650833707,23.272363281250023,0.015985297,0.051712036,4.546045192230388,8,1,1
2020-04-09 06:00:00,1092.6399,26.130914306640648,0.018098623,0.014465332,19.78771397275537,25.787164306640648,0.017534047,0.014755249,9.485601556390437,23.255914306640648,0.016061574,0.046585083,4.758333501242364,8,1,1
2020-04-09 07:00:00,1120.659,26.815393066406276,0.017671343,0.022575378,22.262212238454648,27.237268066406276,0.017472979,0.014579773,12.002651646424226,24.190393066406276,0.016038653,0.04071045,5.01591527366265,8,1,1
2020-04-09 08:00:00,1131.1501,27.861047363281276,0.017236453,0.04386902,23.56515019495818,29.517297363281276,0.016961794,0.015472412,14.139946019178891,26.173547363281276,0.015531282,0.029441833,4.726508744367612,8,1,1
2020-04-09 09:00:00,1119.4054,28.930627441406276,0.017152522,0.0519104,22.643801941313253,31.727502441406276,0.016343806,0.020599365,13.79913758609998,28.399377441406276,0.0148370005,0.021835327,3.849592920555588,8,1,1
2020-04-09 10:00:00,1139.3314,30.052148437500023,0.017274555,0.053451538,21.851379560482883,33.53652343750002,0.016023334,0.02747345,12.82597909502794,30.224023437500023,0.014611896,0.027114868,2.778413806917664,8,1,1
2020-04-09 11:00:00,1127.637,31.017053222656276,0.017396595,0.044799805,21.624852569606727,34.87642822265627,0.015893605,0.03729248,11.932473025576195,31.407678222656276,0.015248922,0.035369873,1.5591663106282143,8,1,1
2020-04-09 12:00:00,1138.1156,31.674340820312523,0.017449968,0.040985107,21.97433693572228,35.36184082031252,0.015794389,0.0491333,11.380888851160988,32.25246582031252,0.0154091045,0.039031982,0.851826635570488,8,1,1
2020-04-09 13:00:00,1150.8565999999998,32.01033935546877,0.017449928,0.039001465,22.16296621693953,35.61971435546877,0.01565702,0.059829712,11.21561958523309,32.71346435546877,0.015378548,0.05303955,0.4017470067656912,8,1,1
2020-04-09 14:00:00,1149.7838,31.967095947265648,0.017388871,0.042816162,22.042661481111995,35.59209594726565,0.015515855,0.07156372,11.383783752853804,32.63897094726565,0.015229752,0.07092285,0.2291167188348183,8,1,1
2020-04-09 15:00:00,1126.3862,31.613092041015648,0.01735074,0.059448242,22.10259988949264,35.09746704101565,0.015401431,0.082855225,11.687676145480786,32.05059204101565,0.015103885,0.06277466,0.7199153968159417,8,1,1
2020-04-09 16:00:00,1084.361,30.839288330078148,0.017312655,0.052230835,22.71014402154888,34.01116333007815,0.0153557155,0.10232544,11.953927362776271,31.042413330078148,0.015218386,0.05241394,1.0277465158439192,8,1,1
2020-04-09 17:00:00,1077.298,29.691491699218773,0.017335568,0.046798706,23.46137850016341,32.31649169921877,0.015397701,0.12161255,11.475007001089317,29.550866699218773,0.015546475,0.05104065,0.9836381006884554,8,1,1
2020-04-09 18:00:00,1149.516,28.480279541015648,0.017472858,0.042907715,23.555519691455977,30.433404541015648,0.015611284,0.10229492,10.147632785105964,27.777154541015648,0.016091937,0.04626465,0.9717676943695822,8,1,1
2020-04-09 19:00:00,1221.04,27.661828613281276,0.017633034,0.041625977,22.975238520698927,28.943078613281276,0.01578672,0.079559326,10.350750506183584,26.396203613281276,0.0166641,0.048187256,0.7922576308949754,8,1,1
2020-04-09 20:00:00,1231.2226,27.2712341308594,0.017755067,0.035827637,21.948655892409413,27.8962341308594,0.015878236,0.070617676,10.931979382425371,25.6618591308594,0.0164657,0.048202515,0.6837909688653334,8,1,1
2020-04-09 21:00:00,1226.7519,27.1057067871094,0.017831327,0.03215027,21.27794268078008,27.3088317871094,0.016053678,0.060287476,11.23138584570652,25.1213317871094,0.016564848,0.051330566,0.9351943503054166,8,1,1
2020-04-09 22:00:00,1201.5147000000002,27.001184082031276,0.017907603,0.034484863,20.63096238391992,26.860559082031276,0.016389353,0.02570343,10.739230850212245,24.782434082031276,0.016519053,0.057861328,1.400744617363989,8,1,1
2020-04-09 23:00:00,1183.0751,26.864709472656276,0.017968647,0.04866028,20.22814250057176,26.458459472656276,0.016648762,0.007123947,9.771499287915864,24.520959472656276,0.016389363,0.060440063,2.0436326159443183,8,1,1
2020-04-10 00:00:00,1164.9,26.705468750000023,0.01807548,0.062683105,20.01742602497952,26.096093750000023,0.016786112,0.0041065216,9.157689599926051,24.236718750000023,0.01629783,0.06390381,2.791221524139031,9,1,1
2020-04-10 01:00:00,1126.0007,26.567956542968773,0.018174699,0.08648682,20.153767924938144,25.817956542968773,0.016816666,0.009090424,9.40985649039994,23.927331542968773,0.016160538,0.058883667,3.738667393176416,9,1,1
2020-04-10 02:00:00,1082.6149,26.466821289062523,0.018251056,0.1227417,20.6090207542764,25.560571289062523,0.016763324,0.015907288,9.960868152332132,23.623071289062523,0.01605379,0.046722412,4.780596591956324,9,1,1
2020-04-10 03:00:00,1066.1491,26.3991638183594,0.018342685,0.1317749,20.942117494567015,25.3679138183594,0.016694736,0.019767761,10.58062782689107,23.3522888183594,0.015901279,0.03807068,5.673883840894685,9,1,1
2020-04-10 04:00:00,1049.1056,26.382989501953148,0.01842652,0.11315918,21.379503920021413,25.179864501953148,0.016687019,0.015342712,10.823669055759847,23.148614501953148,0.015687568,0.052108765,5.524992881528662,9,1,1
2020-04-10 05:00:00,1036.245,26.393182373046898,0.018456953,0.09170532,21.71413137997728,25.018182373046898,0.016740339,0.013206482,9.521705730600038,23.002557373046898,0.015584485,0.060943604,4.990338359667581,9,1,1
2020-04-10 06:00:00,982.2342,26.510522460937523,0.018395834,0.07788086,21.70619987835687,25.073022460937523,0.016824178,0.022628784,8.973001802771414,22.901147460937523,0.015618734,0.054382324,4.908038517248208,9,1,1
2020-04-10 07:00:00,1001.9475,27.101342773437523,0.018113531,0.07400513,23.561551938196438,26.898217773437523,0.016778387,0.029327393,12.266240324683064,23.757592773437523,0.015542425,0.03643799,5.52864922883811,9,1,1
2020-04-10 08:00:00,1007.0213,28.166375732421898,0.017747536,0.076293945,25.497965078502464,29.400750732421898,0.016290322,0.03163147,14.924500178110026,25.744500732421898,0.014997139,0.019081116,5.905750362516211,9,1,1
2020-04-10 09:00:00,1013.9497,29.299401855468773,0.017579634,0.09109497,25.97024526099081,31.721276855468773,0.015924055,0.03503418,14.940157944177589,27.986901855468773,0.014257033,0.010746002,5.318442914729032,9,1,1
2020-04-10 10:00:00,1019.9438,30.3889099121094,0.017556682,0.11380005,25.510015517902627,33.7482849121094,0.016007915,0.04550171,14.160347040740527,30.0920349121094,0.01368095,0.009304047,4.082127741645144,9,1,1
2020-04-10 11:00:00,1055.5057000000002,31.258081054687523,0.017610023,0.12579346,24.92902096805611,35.27370605468752,0.01626725,0.06768799,13.412880670810589,31.570581054687523,0.0141005,0.009113312,2.4720113656375298,9,1,1
2020-04-10 12:00:00,1073.5705,31.901452636718773,0.017655822,0.11383057,24.492909005521057,35.88582763671877,0.016358824,0.10922241,13.154769740248035,32.57332763671877,0.014142486,0.008239746,1.704119779910236,9,1,1
2020-04-10 13:00:00,1113.827,32.26983032226565,0.017617652,0.08325195,24.016574248277934,35.83233032226565,0.016351173,0.14318848,13.21765646449211,33.08233032226565,0.014283606,0.014266968,1.2005758036553007,9,1,1
2020-04-10 14:00:00,1140.9955,32.33550415039065,0.017541345,0.035568237,23.601121442626606,35.25737915039065,0.016305383,0.16363525,13.103844103378387,33.19487915039065,0.014401849,0.008243561,0.6204337748591215,9,1,1
2020-04-10 15:00:00,1151.6331,32.06768188476565,0.017457427,0.01398468,23.13798704948528,34.41143188476565,0.016229095,0.17462158,12.650447400289456,32.88018188476565,0.014405669,0.012062073,0.1087446055585031,9,1,1
2020-04-10 16:00:00,1130.2822,31.429284667968773,0.01737352,0.008701324,22.87918726884781,33.50740966796877,0.016252,0.1350708,12.09759971203894,32.03865966796877,0.014459092,0.014808655,0.5645033257676201,9,1,1
2020-04-10 17:00:00,1070.5524,30.324853515625023,0.017381173,0.0064373016,22.647315708787136,32.57485351562502,0.016351204,0.085754395,11.386733818868674,30.668603515625023,0.01459263,0.017349243,1.268663421270062,9,1,1
2020-04-10 18:00:00,1127.2093,29.026574707031276,0.017549042,0.014011383,22.160433135499176,30.932824707031276,0.016656402,0.049057007,8.856559960130829,28.776574707031276,0.015538696,0.020324707,1.5724727108502434,9,1,1
2020-04-10 19:00:00,1218.4824999999998,28.134484863281276,0.017770315,0.02619934,21.503129413761176,29.587609863281276,0.017015005,0.02973175,7.787552981862306,27.118859863281276,0.016290212,0.030273438,1.469218250872154,9,1,1
2020-04-10 20:00:00,1225.3261,27.662072753906276,0.017930556,0.03302002,20.413257913248746,28.583947753906276,0.01725154,0.020591736,8.572197178575852,26.193322753906276,0.016412307,0.03314209,1.596090846122083,9,1,1
2020-04-10 21:00:00,1224.8642,27.437402343750023,0.018029768,0.030845642,19.41849668771607,27.703027343750023,0.017442305,0.017784119,9.58718769305882,25.531152343750023,0.016465742,0.03515625,1.919075846884213,9,1,1
2020-04-10 22:00:00,1201.7722,27.314538574218773,0.018075578,0.029220581,19.20606047825109,27.048913574218773,0.017518632,0.015678406,11.155647612905764,25.002038574218773,0.01654207,0.03817749,2.374725968463092,9,1,1
2020-04-10 23:00:00,1163.2134,27.192712402343773,0.018075623,0.028427124,19.368295084807738,26.520837402343773,0.017625488,0.016571045,11.04912894427638,24.630212402343773,0.016435303,0.039260864,2.543371929781601,9,1,1
2020-04-11 00:00:00,1089.9358000000002,27.017907714843773,0.01806041,0.025894165,19.544746539916304,26.158532714843773,0.017625535,0.019042969,9.727458025416018,24.299157714843773,0.016374314,0.038085938,2.1417032875710147,10,1,1
2020-04-11 01:00:00,1065.1454,26.866754150390648,0.018007057,0.029075623,19.712690914876863,25.819879150390648,0.017549293,0.018569946,7.4380734570397555,23.960504150390648,0.016351478,0.040542603,2.2845328176023534,10,1,1
2020-04-11 02:00:00,1019.6471,26.766931152343773,0.017907932,0.030509949,19.012967400758992,25.501306152343773,0.017480686,0.0141944885,5.847511172893495,23.626306152343773,0.0162905,0.046844482,2.6741243711863203,10,1,1
2020-04-11 03:00:00,987.9087,26.667840576171898,0.017846946,0.03276062,18.23177838898602,25.277215576171898,0.017450217,0.011600494,5.505908746785556,23.292840576171898,0.016267661,0.047180176,2.904423731770009,10,1,1
2020-04-11 04:00:00,979.8768,26.602502441406276,0.0177935,0.034729004,17.74726291238589,25.118127441406276,0.01743492,0.012771606,5.715926507054251,23.071252441406276,0.016252363,0.046325684,3.02783471006322,10,1,1
2020-04-11 05:00:00,949.8563,26.556726074218773,0.017854497,0.031417847,16.75321877596866,24.962976074218773,0.017419621,0.019233704,5.774906603565744,22.947351074218773,0.016214177,0.046844482,3.05520707572723,10,1,1
2020-04-11 06:00:00,912.8582,26.639581298828148,0.017968861,0.03262329,17.176345012921978,25.123956298828148,0.017404286,0.023086548,6.503500990330176,22.889581298828148,0.016198842,0.044174194,3.1916380153063884,10,1,1
2020-04-11 07:00:00,905.7477,27.337487792968773,0.017968796,0.05683899,20.160462450445436,27.087487792968773,0.01716008,0.0206604,10.765235260883433,24.056237792968773,0.016130112,0.033996582,3.828474060337392,10,1,1
2020-04-11 08:00:00,918.3901,28.442346191406276,0.017739866,0.08874512,22.91838391263643,29.567346191406276,0.016519163,0.018180847,13.190826453518955,26.067346191406276,0.015382383,0.021522522,3.9619110897242056,10,1,1
2020-04-11 09:00:00,946.9046,29.436486816406276,0.017625408,0.10470581,24.380365357513007,31.920861816406276,0.016007977,0.018669128,13.221443479741096,28.155236816406276,0.014539318,0.013263702,3.371977864447327,10,1,1
2020-04-11 10:00:00,942.1623,30.493066406250023,0.017640622,0.10018921,25.638509967612684,33.94619140625002,0.015763791,0.019943237,12.598614861783297,30.055566406250023,0.014028105,0.015777588,2.3039494274668773,10,1,1
2020-04-11 11:00:00,953.4649,31.499566650390648,0.017632933,0.080200195,26.979688710310825,35.54644165039065,0.015756102,0.022140503,12.00565450959911,31.390191650390648,0.01464984,0.017578125,0.9687285390137966,10,1,1
2020-04-11 12:00:00,974.6608,32.24666748046877,0.017564222,0.055007935,28.79471835343612,36.60604248046877,0.015664503,0.03742981,11.879488313232542,32.35604248046877,0.014840528,0.025817871,0.4749644159490356,10,1,1
2020-04-11 13:00:00,1003.9859,32.50979003906252,0.01742686,0.027626038,30.58308930704189,36.97854003906252,0.015515696,0.07757568,12.200731286816602,32.83791503906252,0.0147947185,0.041931152,0.1699541906342867,10,1,1
2020-04-11 14:00:00,1015.4537,32.30474243164065,0.017243758,0.0118255615,31.93207642610816,36.77349243164065,0.015511884,0.117370605,12.924267604596958,32.72661743164065,0.01493968,0.07473755,0.1027302458335813,10,1,1
2020-04-11 15:00:00,1029.7029,31.722222900390648,0.017182773,0.0060329437,32.03606023332828,35.87847290039065,0.015611117,0.15917969,13.384566605982446,32.01909790039065,0.015153353,0.09396362,0.6062722531393329,10,1,1
2020-04-11 16:00:00,1011.4445,30.934838867187523,0.017259128,0.011657715,29.8396972051808,34.80983886718752,0.015771396,0.20288086,13.127780606683926,30.997338867187523,0.015241153,0.119781494,1.1641872636128507,10,1,1
2020-04-11 17:00:00,994.2571,30.042810058593773,0.017381212,0.024093628,26.958292065863493,33.08968505859377,0.016030809,0.20507812,12.035239889862726,29.589685058593773,0.0155577855,0.11691284,1.3022720866403723,10,1,1
2020-04-11 18:00:00,1062.0517,29.102655029296898,0.017579576,0.02873993,24.89805834450092,31.352655029296898,0.016358873,0.16955566,9.551784911796366,27.962030029296898,0.016213914,0.118255615,1.373303531192969,10,1,1
2020-04-11 19:00:00,1147.2049,28.452172851562523,0.01791526,0.024215698,24.45238879183286,29.999047851562523,0.016717445,0.13214111,7.349621961564097,26.545922851562523,0.017205726,0.14099121,1.4236767497657206,10,1,1
2020-04-11 20:00:00,1165.2784,28.025750732421898,0.018174684,0.027008057,24.905376322701706,28.869500732421898,0.017129457,0.08584595,7.514575863136391,25.588250732421898,0.017503297,0.1541748,1.3440470336151908,10,1,1
2020-04-11 21:00:00,1177.2445,27.721704101562523,0.018296804,0.025177002,25.621320250752134,27.924829101562523,0.0173355,0.058776855,8.223066038816382,24.940454101562523,0.017526235,0.1515503,1.1464079630925903,10,1,1
2020-04-11 22:00:00,1160.2732,27.534448242187523,0.01831975,0.026298523,26.218763816202408,27.237573242187523,0.01744237,0.037857056,8.272617105327813,24.440698242187523,0.017587328,0.13323975,1.1972419918148538,10,1,1
2020-04-11 23:00:00,1127.8603,27.421777343750023,0.018312173,0.036499023,25.23427169580248,26.765527343750023,0.017488198,0.025222778,7.998304168251612,24.078027343750023,0.017518716,0.10232544,1.5418310431750433,10,1,1
2020-04-12 00:00:00,1096.2372,27.286828613281276,0.018274069,0.06814575,22.744085353759598,26.427453613281276,0.017579794,0.024154663,6.679745553818448,23.802453613281276,0.017442465,0.08483887,1.6185286492082718,11,1,1
2020-04-12 01:00:00,1084.0301000000002,27.176568603515648,0.01817491,0.082611084,21.165794546027524,26.145318603515648,0.017740035,0.090667725,5.767075816654106,23.660943603515648,0.017335678,0.08621216,1.316168712159982,11,1,1
2020-04-12 02:00:00,1029.5227,27.0673767089844,0.01812913,0.04043579,20.50968861954047,25.9736267089844,0.017869731,0.16784668,5.679551488200164,23.5673767089844,0.017190715,0.095336914,1.1463673645304324,11,1,1
2020-04-12 03:00:00,996.8456,26.983789062500023,0.018090947,0.02949524,19.73170393239478,25.811914062500023,0.017945988,0.13708496,5.118354597644779,23.421289062500023,0.017015202,0.11340332,1.0820479579695976,11,1,1
2020-04-12 04:00:00,974.9508,26.942803955078148,0.018052762,0.03137207,18.009624197098148,25.677178955078148,0.017991727,0.124694824,4.590405089510426,23.302178955078148,0.016862577,0.1272583,1.1457348688763314,11,1,1
2020-04-12 05:00:00,954.6288,26.877343750000023,0.018159565,0.0309906,16.36175047670968,25.580468750000023,0.018029865,0.14813232,4.448479426902902,23.205468750000023,0.016748127,0.13372803,1.2432403075996574,11,1,1
2020-04-12 06:00:00,890.8571,26.9260192871094,0.018365571,0.0309906,17.11742902257151,25.6447692871094,0.018075654,0.1550293,5.220239089225861,23.1760192871094,0.016709993,0.1408081,1.3591881643349708,11,1,1
2020-04-12 07:00:00,894.2733,27.504571533203148,0.018457156,0.04534912,20.834109874850515,26.535821533203148,0.018136721,0.113861084,7.792993641290136,23.676446533203148,0.016946536,0.14575195,1.7398511984930771,11,1,1
2020-04-12 08:00:00,909.2885,28.475854492187523,0.018403785,0.07092285,23.83748162863493,28.600854492187523,0.017625587,0.077056885,10.679588071615616,24.882104492187523,0.01709153,0.14624023,2.09760758839005,11,1,1
2020-04-12 09:00:00,928.0132,29.536950683593773,0.018319862,0.07217407,25.100470367522963,30.865075683593773,0.017022865,0.06921387,11.117080002115552,27.099450683593773,0.016237037,0.1538086,1.8923891484539053,11,1,1
2020-04-12 10:00:00,928.4179,30.435662841796898,0.01828168,0.06491089,25.43607336294264,32.9200378417969,0.01689313,0.097717285,10.038448424798712,28.888787841796898,0.015695315,0.18841553,1.0614589752305137,11,1,1
2020-04-12 11:00:00,947.9541,30.960595703125023,0.018274022,0.050933838,25.59539475741849,34.31997070312502,0.016847325,0.13970947,8.81100284926278,30.116845703125023,0.015538883,0.23205566,1.6232670956158937,11,1,1
2020-04-12 12:00:00,945.5621,31.256860351562523,0.0181977,0.048568726,25.872523658676013,35.06936035156252,0.016748115,0.17773438,8.114465385497164,30.569360351562523,0.015741035,0.2854004,3.2448378398094,11,1,1
2020-04-12 13:00:00,942.8576,31.275109863281276,0.018144287,0.0572052,25.757832546625504,34.55635986328127,0.01683966,0.21264648,7.559842920033851,30.181359863281276,0.01622931,0.31018066,4.377729776256982,11,1,1
2020-04-12 14:00:00,960.9574,31.053735351562523,0.018129032,0.06954956,25.452833648194385,33.49123535156252,0.01714484,0.24127197,7.1417797585624285,29.459985351562523,0.016687077,0.3076172,4.745755684574342,11,1,1
2020-04-12 15:00:00,945.831,30.563439941406276,0.018068006,0.068725586,24.821622110457163,32.42281494140627,0.01751869,0.2713623,6.951517729766171,28.797814941406276,0.016992262,0.29992676,4.495317731581777,11,1,1
2020-04-12 16:00:00,937.1739,29.875207519531276,0.01795358,0.051879883,24.08485590186241,31.234582519531276,0.017785734,0.2861328,6.685951858009421,28.031457519531276,0.01719827,0.28173828,4.164915919926374,11,1,1
2020-04-12 17:00:00,956.0379,28.944055175781276,0.017854428,0.032699585,22.96790826742096,29.897180175781276,0.018480038,0.25183105,5.193491464508144,26.990930175781276,0.017533993,0.2479248,3.708806090205592,11,1,1
2020-04-12 18:00:00,1031.0718,27.966699218750023,0.017877363,0.019615173,20.85604581930134,28.310449218750023,0.019708417,0.19836426,3.7055621430355794,25.701074218750023,0.018213056,0.20397949,3.0643368595744387,11,1,1
2020-04-12 19:00:00,1086.3947,27.341516113281276,0.017976575,0.0119133,19.00731751725267,27.404016113281276,0.019960217,0.13391113,3.3467703281992573,24.794641113281276,0.018632703,0.2130127,2.737861813189396,11,1,1
2020-04-12 20:00:00,1093.8684,27.036553955078148,0.01800711,0.0119514465,17.011089675151183,26.942803955078148,0.019838165,0.09750366,3.292354188093,24.380303955078148,0.018594574,0.19555664,2.5965995174225047,11,1,1
2020-04-12 21:00:00,1100.1216,26.843652343750023,0.018022392,0.0143585205,14.864145650784453,26.546777343750023,0.019731376,0.07006836,3.174059280945217,24.124902343750023,0.018464897,0.16320801,2.606484321653922,11,1,1
2020-04-12 22:00:00,1092.0822999999998,26.756433105468773,0.0179919,0.018989563,13.515132967245068,26.193933105468773,0.019533038,0.053131104,3.0407596899391143,23.959558105468773,0.018342853,0.13104248,2.768822531686547,11,1,1
2020-04-12 23:00:00,1070.8887,26.661218261718773,0.018037705,0.019424438,12.202292255117351,25.848718261718773,0.019281296,0.03642273,2.8906089493589437,23.848718261718773,0.018205551,0.11166382,3.0440115751630383,11,1,1
2020-04-13 00:00:00,1021.9361,26.518273925781276,0.018136917,0.022285461,11.089186871011108,25.471398925781276,0.019014297,0.027557373,2.854811837631447,23.658898925781276,0.018045364,0.10455322,3.064474621436614,0,0,1
2020-04-13 01:00:00,984.6435,26.365808105468773,0.018259007,0.025817871,10.46196307373531,25.162683105468773,0.018815953,0.024238586,3.2967659795733555,23.475183105468773,0.017892797,0.09918213,2.915129454471641,0,0,1
2020-04-13 02:00:00,963.7067,26.255517578125023,0.018373482,0.02771759,10.23406468697017,24.880517578125023,0.018663399,0.02584076,4.166671971635621,23.318017578125023,0.017747872,0.09237671,2.615203823512268,0,0,1
2020-04-13 03:00:00,949.2182,26.139001464843773,0.018465059,0.025405884,10.194142578349336,24.685876464843773,0.018533723,0.032440186,4.796717964111909,23.185876464843773,0.01758005,0.09408569,2.288034545477587,0,0,1
2020-04-13 04:00:00,936.7747,26.052697753906276,0.018571896,0.021217346,9.716793828517112,24.599572753906276,0.01840405,0.042785645,5.848978921837604,23.083947753906276,0.01738934,0.11138916,2.158295273414565,0,0,1
2020-04-13 05:00:00,945.6722,25.973657226562523,0.018671127,0.018409729,9.264995309876904,24.489282226562523,0.018274399,0.049087524,6.959105538408966,22.989282226562523,0.017267318,0.11773682,2.319416358597508,0,0,1
2020-04-13 06:00:00,911.014,26.1721130371094,0.018709293,0.01599884,10.17864633219987,24.4846130371094,0.018213382,0.05319214,7.797886474072602,23.0158630371094,0.017282596,0.120025635,2.6845939271623025,0,0,1
2020-04-13 07:00:00,947.5435,27.018487548828148,0.018449925,0.016098022,13.298075440634436,25.409112548828148,0.018594883,0.05355835,9.418206491970254,23.674737548828148,0.017732762,0.11669922,3.392252845784895,0,0,1
2020-04-13 08:00:00,995.765,28.0927673339844,0.01826687,0.030952454,13.013152778368289,27.5458923339844,0.018228723,0.052947998,10.378364374144876,24.7646423339844,0.017870141,0.10562134,3.374685959510512,0,0,1
2020-04-13 09:00:00,990.6117,29.146264648437523,0.018404262,0.054138184,10.133719390073804,30.224389648437523,0.017343776,0.05331421,9.602751909649715,27.083764648437523,0.016817348,0.09039307,2.4775714780425853,0,0,1
2020-04-13 10:00:00,1014.7252,30.0390563964844,0.018564276,0.11453247,7.461961061579019,32.3203063964844,0.017107062,0.085998535,7.837530663535261,29.3046813964844,0.016016059,0.09625244,1.2809775923526845,0,0,1
2020-04-13 11:00:00,1033.7806,30.779870605468773,0.01839638,0.1609497,6.341872761903524,33.76424560546877,0.017213823,0.13116455,6.449669177420572,30.732995605468773,0.01586342,0.12530518,0.96154307008886,0,0,1
2020-04-13 12:00:00,1036.4793000000002,31.453240966796898,0.018144522,0.18481445,5.7457722886318825,34.7032409667969,0.017137442,0.1651001,5.868315327790162,31.687615966796898,0.01564971,0.14776611,1.5464148790778425,0,0,1
2020-04-13 13:00:00,1049.1378,31.952844238281276,0.017892659,0.19158936,5.218467797969752,35.32784423828127,0.016717732,0.21899414,5.485105119669825,32.01534423828127,0.015825093,0.17126465,2.224774923620287,0,0,1
2020-04-13 14:00:00,1047.3732,32.08913574218752,0.017633203,0.2043457,4.647474249018943,35.10476074218752,0.016900782,0.27697754,5.170291948320867,31.776635742187523,0.016244654,0.18469238,2.948999236773279,0,0,1
2020-04-13 15:00:00,1042.5700000000002,31.979577636718773,0.01741193,0.19940186,3.8113757117317895,33.72957763671877,0.01728223,0.30981445,4.808135987346972,30.979577636718773,0.016679509,0.20611572,3.771883490299255,0,0,1
2020-04-13 16:00:00,1012.4385,31.563836669921898,0.017282235,0.2062378,2.9629464018367715,32.1419616699219,0.01772474,0.33422852,4.766968254516605,29.751336669921898,0.017030464,0.21704102,5.05024793035154,0,0,1
2020-04-13 17:00:00,1006.7711,30.7497497558594,0.017335672,0.21276855,2.2279487261924733,30.2497497558594,0.018701334,0.34924316,4.633866316285023,28.0466247558594,0.017648477,0.2479248,5.6254850254756334,0,0,1
2020-04-13 18:00:00,1052.6957,29.665093994140648,0.01770957,0.19262695,2.3143473293412904,28.555718994140648,0.019655066,0.36462402,4.692426720007894,26.258843994140648,0.01846488,0.29699707,5.120617033464401,0,0,1
2020-04-13 19:00:00,1108.5006,28.7831970214844,0.018060597,0.17840576,3.999518878135379,27.5956970214844,0.01979247,0.3577881,4.221429995923152,25.1269470214844,0.019098194,0.3297119,4.486792561227652,0,0,1
2020-04-13 20:00:00,1108.3543,28.252801513671898,0.018007277,0.16107178,7.021927853475778,27.096551513671898,0.019792555,0.35046387,3.0085693992356384,24.643426513671898,0.019205092,0.34191895,3.7758571510571226,0,0,1
2020-04-13 21:00:00,1104.3670000000002,27.877801513671898,0.01792349,0.13446045,9.918302160295376,26.721551513671898,0.019739285,0.32055664,1.7268323827200365,24.440301513671898,0.019189969,0.33911133,3.257419840250181,0,0,1
2020-04-13 22:00:00,1085.6674,27.570703125000023,0.017977154,0.101379395,11.767053690336828,26.414453125000023,0.019647991,0.29553223,1.7919743731286275,24.289453125000023,0.01904527,0.33312988,2.835276639247612,0,0,1
2020-04-13 23:00:00,1054.741,27.293298339843773,0.018053466,0.07562256,12.528415931374234,26.121423339843773,0.019533569,0.21478271,2.985481656190824,24.105798339843773,0.018854553,0.3017578,2.652246660076365,0,0,1
2020-04-14 00:00:00,1019.8233,27.061303710937523,0.01813717,0.060516357,12.797172955408346,25.780053710937523,0.019472314,0.13757324,3.7052852925410606,23.905053710937523,0.018625451,0.28894043,2.64921326744977,0,0,1
2020-04-14 01:00:00,1003.9806,26.820703125000023,0.018228762,0.058883667,13.017975812098625,25.445703125000023,0.019335024,0.11532593,3.943641080727593,23.648828125000023,0.01838135,0.26757812,2.547699238152152,0,0,1
2020-04-14 02:00:00,951.151,26.633874511718773,0.018350998,0.06265259,12.939741972011888,25.133874511718773,0.019152084,0.094573975,3.523666364929669,23.383874511718773,0.018114487,0.22644043,2.1606731724796595,0,0,1
2020-04-14 03:00:00,933.4526,26.499322509765648,0.01848852,0.06227112,12.834949368539354,24.905572509765648,0.018938655,0.08581543,2.9176311987082992,23.186822509765648,0.017885799,0.19519043,1.5704165933753556,0,0,1
2020-04-14 04:00:00,920.3776,26.386102294921898,0.018595492,0.061553955,12.759540910504036,24.682977294921898,0.018694675,0.08395386,2.63029740548468,23.026727294921898,0.017718112,0.18395996,1.1718815826231137,0,0,1
2020-04-14 05:00:00,921.759,26.312188720703148,0.018625997,0.06814575,12.387413318688749,24.499688720703148,0.018511556,0.07839966,2.4795082474586967,22.905938720703148,0.017542623,0.2097168,1.0951278563541555,0,0,1
2020-04-14 06:00:00,888.7359,26.365167236328148,0.018580198,0.084106445,12.84004292917651,24.646417236328148,0.018488646,0.0758667,3.0924179955035487,22.849542236328148,0.01742053,0.24377441,1.4137987698103769,0,0,1
2020-04-14 07:00:00,937.4015,26.961938476562523,0.01831307,0.121917725,14.350247264685622,25.836938476562523,0.018747946,0.073913574,5.075824597270343,23.352563476562523,0.017733237,0.24816895,2.1767677883982377,0,0,1
2020-04-14 08:00:00,989.4266,27.922692871093773,0.017939169,0.13024902,14.198867758084525,27.735192871093773,0.01793154,0.08267212,5.662868199787891,24.266442871093773,0.01793154,0.21655273,3.2960221851768874,0,0,1
2020-04-14 09:00:00,1009.9808,29.015191650390648,0.017862735,0.16143799,12.749405701194176,29.640191650390648,0.017389713,0.11935425,4.95757009621146,26.124566650390648,0.017351566,0.18670654,4.036528306842668,0,0,1
2020-04-14 10:00:00,1035.4888,29.993920898437523,0.017992454,0.2064209,10.970545976765257,31.197045898437523,0.01728292,0.1473999,4.940628404996159,27.978295898437523,0.016863303,0.1482544,4.156136055438503,0,0,1
2020-04-14 11:00:00,1049.5099,30.704187011718773,0.017916305,0.26293945,10.549602772253738,32.46981201171877,0.017183883,0.1762085,5.225502942715993,29.360437011718773,0.016558273,0.1463623,3.90452338305406,0,0,1
2020-04-14 12:00:00,1080.0642,30.988183593750023,0.017824575,0.2489624,10.992460476021488,33.26943359375002,0.017084524,0.21832275,4.77429706132846,30.175683593750023,0.01651232,0.19519043,3.563613155524741,0,0,1
2020-04-14 13:00:00,1092.4173,31.163751220703148,0.017832087,0.2185669,11.631859587817551,33.64812622070315,0.017015742,0.26123047,3.816420840935357,30.148126220703148,0.01666479,0.23986816,4.040772798671789,0,0,1
2020-04-14 14:00:00,1102.5886,31.246118164062523,0.01774806,0.19116211,11.737480460933718,33.37111816406252,0.01699275,0.30871582,5.296209134810105,29.511743164062523,0.017046155,0.2841797,4.935666277354042,0,0,1
2020-04-14 15:00:00,1057.0008,31.154901123046898,0.017542006,0.15240479,11.356292116531096,31.873651123046898,0.017389419,0.36376953,7.685452161503435,28.389276123046898,0.017526748,0.31323242,5.413178385097044,0,0,1
2020-04-14 16:00:00,1032.0077,30.786279296875023,0.017259642,0.11520386,11.314533171486657,30.114404296875023,0.018022582,0.41552734,8.522695490552424,27.286279296875023,0.0179234,0.3388672,5.251465358590456,0,0,1
2020-04-14 17:00:00,1023.511,30.0898376464844,0.017023051,0.07305908,11.50749667416031,28.4335876464844,0.018663371,0.42126465,7.973206144336968,26.1835876464844,0.018350566,0.34057617,5.020434363673244,0,0,1
2020-04-14 18:00:00,1070.7337,29.136163330078148,0.016916174,0.039260864,11.69326365288823,27.151788330078148,0.01924314,0.41381836,6.582799641025967,25.089288330078148,0.018800635,0.34472656,4.61369611536566,0,0,1
2020-04-14 19:00:00,1100.2536,28.234948730468773,0.017015276,0.022338867,12.4863399482288,26.563073730468773,0.019441424,0.40930176,5.813850511737221,24.469323730468773,0.01899129,0.335083,3.912787571292872,0,0,1
2020-04-14 20:00:00,1109.0086,27.503503417968773,0.017106758,0.012077332,13.185560478301753,26.284753417968773,0.019502388,0.4053955,5.09373663964889,24.253503417968773,0.018953072,0.29003906,3.062525843297169,0,0,1
2020-04-14 21:00:00,1093.228,26.929620361328148,0.017198289,0.005548477,13.443909047993545,26.148370361328148,0.019540513,0.40112305,4.335280250017455,24.117120361328148,0.01881572,0.25073242,2.324986802340551,0,0,1
2020-04-14 22:00:00,1078.6668,26.467370605468773,0.0172518,0.0023670197,13.0907014882359,26.061120605468773,0.019548248,0.38293457,3.811093170252303,23.967370605468773,0.018625092,0.22717285,1.815232720075706,0,0,1
2020-04-14 23:00:00,1038.8388,26.089868164062523,0.01725943,0.003988266,12.36606938718294,25.902368164062523,0.019555878,0.37145996,3.756130258489153,23.808618164062523,0.018426728,0.23724365,1.562596568365954,0,0,1
2020-04-15 00:00:00,991.5911,25.819726562500023,0.017198356,0.013442993,11.801818552349385,25.710351562500023,0.01953295,0.33496094,4.520608821983929,23.632226562500023,0.01828936,0.24414062,1.630976502741007,0,0,1
2020-04-15 01:00:00,982.8883,25.653649902343773,0.017122054,0.020683289,11.845935868230857,25.513024902343773,0.019502426,0.2512207,5.46579946563382,23.481774902343773,0.01818254,0.23431396,2.04289152331294,0,0,1
2020-04-15 02:00:00,946.8587,25.523095703125023,0.01698463,0.03147888,12.37883513237894,25.398095703125023,0.019456554,0.2310791,5.881101856534713,23.319970703125023,0.01811378,0.2300415,2.4209922953912035,0,0,1
2020-04-15 03:00:00,921.6729,25.471459960937523,0.016969375,0.027961731,13.377101417952671,25.299584960937523,0.019380264,0.25610352,6.098353701579458,23.190209960937523,0.018029861,0.23266602,2.5325792255794024,0,0,1
2020-04-15 04:00:00,914.4889,25.401086425781276,0.01709911,0.024284363,13.222826000572129,25.197961425781276,0.01924297,0.28601074,6.310942248016558,23.135461425781276,0.01798412,0.23248291,2.8039267984839964,0,0,1
2020-04-15 05:00:00,913.0122,25.322351074218773,0.017259313,0.02570343,12.190110691685172,25.041101074218773,0.019029332,0.352417,6.266059649605138,23.119226074218773,0.017968846,0.26489258,2.754325319261498,0,0,1
2020-04-15 06:00:00,902.7177,25.500848388671898,0.017373726,0.031600952,11.694368151377866,24.907098388671898,0.018800423,0.35949707,6.648923399547243,23.141473388671898,0.017930672,0.27233887,2.05033457049512,0,0,1
2020-04-15 07:00:00,953.455,26.326715087890648,0.017129488,0.053344727,13.349739637943465,25.123590087890648,0.018701144,0.3046875,7.739411091246326,23.498590087890648,0.01812131,0.26782227,1.7001814983755463,0,0,1
2020-04-15 08:00:00,1010.0691000000002,27.318292236328148,0.0168929,0.072631836,12.976552387488534,25.880792236328148,0.018212786,0.23071289,8.997146192135656,23.990167236328148,0.01828145,0.28112793,1.0528832834554918,0,0,1
2020-04-15 09:00:00,1024.5075000000002,28.422387695312523,0.01681655,0.091156006,12.479345184900389,27.484887695312523,0.017281944,0.16308594,8.949006000922171,24.641137695312523,0.017884666,0.27600098,2.4331894510876744,0,0,1
2020-04-15 10:00:00,1072.6628,29.550561523437523,0.016961444,0.09414673,12.07423889415175,29.503686523437523,0.016442645,0.13012695,7.698495524679212,25.816186523437523,0.017091144,0.27148438,3.246881444225213,0,0,1
2020-04-15 11:00:00,1079.2394,30.576074218750023,0.017251357,0.087524414,11.427374528335012,30.888574218750023,0.01596962,0.1428833,6.3025278197192405,26.685449218750023,0.016740188,0.27563477,3.6274282806688936,0,0,1
2020-04-15 12:00:00,1128.4969,31.332208251953148,0.017205443,0.09625244,10.982253181780615,31.738458251953148,0.015839782,0.15917969,4.84436812659081,27.254083251953148,0.016541686,0.25146484,3.811377333143249,0,0,1
2020-04-15 13:00:00,1121.2222000000002,31.790063476562523,0.016976522,0.09573364,10.797519208180434,32.22756347656252,0.015916036,0.16644287,3.319378744793753,27.633813476562523,0.01638143,0.21081543,3.846634592807365,0,0,1
2020-04-15 14:00:00,1132.4176,31.999078369140648,0.016724803,0.10580444,10.99792974930973,32.21782836914065,0.016099192,0.18725586,2.205672890501834,27.920953369140648,0.016274668,0.15625,3.7977961122285904,0,0,1
2020-04-15 15:00:00,1105.3303,31.920739746093773,0.01649587,0.09133911,11.70937687650105,32.06136474609377,0.01625173,0.20568848,2.0714000520011333,27.951989746093773,0.01625936,0.13049316,3.796372443954272,0,0,1
2020-04-15 16:00:00,1069.425,31.567773437500023,0.01622877,0.075927734,12.670869486057963,31.364648437500023,0.016526317,0.19866943,2.7312667531911643,27.395898437500023,0.01648817,0.10656738,3.9251244640661582,0,0,1
2020-04-15 17:00:00,1028.3854,30.792565917968773,0.015969364,0.048034668,13.693632859913384,30.355065917968773,0.017594425,0.1873169,3.349466170294312,26.292565917968773,0.017090885,0.07711792,3.906162550290657,0,0,1
2020-04-15 18:00:00,1079.0185,29.707635498046898,0.015793936,0.023605347,14.660571880349236,28.723260498046898,0.018746512,0.16619873,3.7189862549690127,24.895135498046898,0.017800467,0.075653076,3.561509888238554,0,0,1
2020-04-15 19:00:00,1168.7509,28.710717773437523,0.015900727,0.010314941,15.828761806198957,27.616967773437523,0.020295259,0.14465332,3.460052200651269,24.007592773437523,0.017991181,0.09182739,3.375034103221254,0,0,1
2020-04-15 20:00:00,1160.8608,27.863702392578148,0.016106721,0.003988266,16.226069264966913,27.004327392578148,0.020173188,0.12994385,3.225609766069172,23.598077392578148,0.017945405,0.121154785,3.161517286845541,0,0,1
2020-04-15 21:00:00,1158.2568,27.193139648437523,0.01621358,0.0015058517,16.42213954316833,26.490014648437523,0.019890947,0.115112305,2.755278435568232,23.380639648437523,0.017792864,0.13208008,3.030336197434605,0,0,1
2020-04-15 22:00:00,1125.2467,26.632012939453148,0.016328111,0.00096821785,16.225336479847723,26.007012939453148,0.019547716,0.09301758,2.146498791244454,23.210137939453148,0.017617479,0.13543701,2.783998082398708,0,0,1
2020-04-15 23:00:00,1091.3831,26.1931091308594,0.01649609,0.0014538765,15.385384021983535,25.6149841308594,0.019204525,0.087677,1.9963414728637072,23.0524841308594,0.017396359,0.128479,2.4405189833040497,0,0,1
2020-04-16 00:00:00,1041.9587,25.918908691406276,0.016618317,0.0062942505,14.1695493845338,25.231408691406276,0.018861359,0.06713867,2.616904948454725,22.872033691406276,0.017167633,0.12072754,2.124386404870472,0,0,1
2020-04-16 01:00:00,1004.3897,25.767907714843773,0.016694779,0.009685516,13.052873176773968,24.892907714843773,0.018602127,0.0541687,3.550177059324981,22.689782714843773,0.016916031,0.11694336,2.113320254602286,0,0,1
2020-04-16 02:00:00,983.3741,25.6535583496094,0.016671995,0.02016449,11.978572750505805,24.5441833496094,0.01837335,0.05256653,4.164887171633261,22.5285583496094,0.016694883,0.10958862,2.314925609406792,0,0,1
2020-04-16 03:00:00,954.3029,25.649011230468773,0.016763626,0.025993347,11.20191444656075,24.289636230468773,0.01821321,0.049468994,4.7019074303014285,22.399011230468773,0.016511856,0.10424805,2.5973281299759576,0,0,1
2020-04-16 04:00:00,942.6737,25.665856933593773,0.016916297,0.03614807,10.667764209866316,24.087731933593773,0.018060707,0.04244995,5.418168973296547,22.275231933593773,0.016359352,0.10128784,3.004670560553972,0,0,1
2020-04-16 05:00:00,949.5888,25.680139160156276,0.017091857,0.034362793,10.349767134990776,23.914514160156276,0.017870056,0.033859253,6.14214903111761,22.148889160156276,0.016214477,0.102630615,3.434509680123043,0,0,1
2020-04-16 06:00:00,909.4181,25.975366210937523,0.017160602,0.040145874,11.656609110273324,23.928491210937523,0.017778583,0.024208069,7.525181146513471,22.100366210937523,0.01616878,0.100982666,3.864182070784434,0,0,1
2020-04-16 07:00:00,953.6989,26.888726806640648,0.01697761,0.049468994,15.739577588783629,24.826226806640648,0.018091502,0.016571045,10.267255662974256,22.716851806640648,0.016535105,0.090026855,4.606351597155942,0,0,1
2020-04-16 08:00:00,1008.8143,27.883111572265648,0.016810024,0.051239014,17.574548542415723,26.554986572265648,0.01761874,0.010822296,12.76728829911408,23.820611572265648,0.016520107,0.06826782,5.372916874534876,0,0,1
2020-04-16 09:00:00,1049.5096999999998,29.089379882812523,0.016672865,0.050750732,18.280875446884163,28.792504882812523,0.016436353,0.007499695,13.667613794646073,25.714379882812523,0.015795484,0.04244995,5.394648952429277,0,0,1
2020-04-16 10:00:00,1083.1754,30.230432128906276,0.016657857,0.042144775,18.2140592160287,30.621057128906276,0.015681295,0.0056648254,12.925041237033014,27.246057128906276,0.015307454,0.032608032,4.90043825019205,0,0,1
2020-04-16 11:00:00,1121.6243,31.054345703125023,0.016772727,0.057785034,17.89186221499897,32.11684570312502,0.015334586,0.004682541,11.62925600960414,28.382470703125023,0.0151858125,0.029670715,4.090371143690954,0,0,1
2020-04-16 12:00:00,1139.9063,31.552636718750023,0.016864777,0.086120605,17.87422649283837,33.11513671875002,0.015357972,0.004219055,10.414092470828498,29.037011718750023,0.015449525,0.029426575,3.0940595992105253,0,0,1
2020-04-16 13:00:00,1132.7469,31.7978454589844,0.016872877,0.10549927,18.12452365012513,33.6572204589844,0.015392776,0.005727768,9.55307263780194,29.3447204589844,0.015629286,0.035003662,2.502018716206975,0,0,1
2020-04-16 14:00:00,1137.7663,31.797906494140648,0.016758723,0.103393555,18.725124367885343,33.73540649414065,0.015423579,0.022354126,8.979229381604837,29.329156494140648,0.015690608,0.04978943,2.215157274126375,0,0,1
2020-04-16 15:00:00,1110.4918,31.526666259765648,0.01654526,0.08621216,19.57132744374168,33.32354125976565,0.015385591,0.061935425,8.640303434765716,28.901666259765648,0.01579758,0.057296753,2.0355757162788373,0,0,1
2020-04-16 16:00:00,1068.2248000000002,30.830224609375023,0.016331926,0.04852295,20.718138600990287,32.45522460937502,0.015580431,0.097839355,8.2945887839291,28.095849609375023,0.016003862,0.052246094,1.927965752997876,0,0,1
2020-04-16 17:00:00,1029.8717,29.739709472656276,0.016210204,0.022247314,21.89567376869587,30.770959472656276,0.01639331,0.090270996,6.919454696867518,26.911584472656276,0.016423827,0.038848877,1.905307191425603,0,0,1
2020-04-16 18:00:00,1064.3418,28.439630126953148,0.016317647,0.008094788,21.915547910886808,28.424005126953148,0.017454427,0.07119751,5.3131743095146176,25.314630126953148,0.016882222,0.03930664,2.2776194541331445,0,0,1
2020-04-16 19:00:00,1146.659,27.5248962402344,0.016600857,0.0037145615,21.44590957160632,26.9623962402344,0.017760525,0.0637207,5.403917036367001,24.1655212402344,0.016700039,0.047073364,3.449971588681205,0,0,1
2020-04-16 20:00:00,1147.3514,27.125024414062523,0.016860392,0.0031261444,20.00441103548077,26.156274414062523,0.017806437,0.055511475,5.63183867736083,23.562524414062523,0.01638737,0.045410156,4.600411423652913,0,0,1
2020-04-16 21:00:00,1161.4797,26.912988281250023,0.016990943,0.006626129,18.6305059745744,25.553613281250023,0.017601294,0.03956604,6.280681035477696,23.084863281250023,0.016205115,0.036590576,5.326116471710608,0,0,1
2020-04-16 22:00:00,1152.6189,26.772546386718773,0.017098106,0.008926392,17.684774205753833,24.991296386718773,0.017418541,0.024299622,6.745272850360144,22.670983886718773,0.016075768,0.029006958,5.414985558234318,0,0,1
2020-04-16 23:00:00,1089.7768999999998,26.646081542968773,0.017220136,0.01109314,16.663198405207467,24.521081542968773,0.017281171,0.014141083,6.377047463529797,22.333581542968773,0.01591551,0.024009705,5.234538957903231,0,0,1
2020-04-17 00:00:00,1043.8816000000002,26.532128906250023,0.017326448,0.015777588,15.785802986472827,24.110253906250023,0.017067049,0.0073986053,6.043467256072439,22.055566406250023,0.015724275,0.024383545,4.989397895356194,0,0,1
2020-04-17 01:00:00,998.0372,26.421960449218773,0.017348869,0.019203186,15.397300899833064,23.734460449218773,0.016845329,0.0036230087,6.0325658787822745,21.812585449218773,0.015552147,0.028457642,4.855455511785554,0,0,1
2020-04-17 02:00:00,967.3646,26.341912841796898,0.017318048,0.021560669,15.445358201279126,23.396600341796898,0.016600884,0.001707077,6.221394618528123,21.607537841796898,0.01540307,0.02999115,4.864197520518233,0,0,1
2020-04-17 03:00:00,942.0333,26.239038085937523,0.017249245,0.021385193,15.682824447975424,23.098413085937523,0.016333718,0.0011835098,6.522735807952758,21.442163085937523,0.015265604,0.02873993,4.969031715324096,0,0,1
2020-04-17 04:00:00,921.5098,26.1503845214844,0.017165205,0.020202637,15.962452089481252,22.8378845214844,0.016150495,0.0021209717,6.681416639885202,21.2988220214844,0.015151044,0.028259277,5.110079756261779,0,0,1
2020-04-17 05:00:00,921.5091,26.074426269531276,0.017096343,0.016700745,16.04372176259628,22.605676269531276,0.016058745,0.010002136,6.602087046352445,21.199426269531276,0.015078368,0.02747345,5.277905431486375,0,0,1
2020-04-17 06:00:00,914.6627,26.169580078125023,0.01699691,0.016197205,16.799488277816213,22.880517578125023,0.01612716,0.014701843,7.355151305882284,21.208642578125023,0.015043787,0.030426025,5.32284433493643,0,0,1
2020-04-17 07:00:00,947.7357,27.010430908203148,0.01666099,0.019981384,20.55653368811259,24.947930908203148,0.016447367,0.016532898,10.805955579904678,22.229180908203148,0.01510078,0.031204224,5.844576419594075,0,0,1
2020-04-17 08:00:00,1021.0607,28.128991699218773,0.016363218,0.018806458,22.55797596556673,27.691491699218773,0.01634033,0.026229858,14.06405294159699,24.082116699218773,0.014997557,0.030220032,6.177297274490814,0,0,1
2020-04-17 09:00:00,1044.6333000000002,29.246026611328148,0.016225722,0.020767212,22.900184330760585,29.855401611328148,0.015943434,0.028915405,14.485023498832122,25.980401611328148,0.014669326,0.032333374,5.985385634539585,0,0,1
2020-04-17 10:00:00,1079.8585999999998,30.212518310546898,0.016149346,0.015384674,23.29451745490838,31.618768310546898,0.015790764,0.02924347,13.650075857769126,27.556268310546898,0.014344993,0.047927856,5.175939723399383,0,0,1
2020-04-17 11:00:00,1101.6558,30.997186279296898,0.016103579,0.0070610046,23.920382771060805,32.9346862792969,0.015912844,0.032958984,12.720047700180729,28.762811279296898,0.014516664,0.06820679,3.856540274553309,0,0,1
2020-04-17 12:00:00,1109.8284,31.512536621093773,0.015882403,0.0033721924,24.5974742430141,33.80941162109377,0.015874773,0.048690796,12.316977010145674,29.528161621093773,0.014940172,0.07791138,2.574172968594819,0,0,1
2020-04-17 13:00:00,1125.025,31.745172119140648,0.015588876,0.003771782,25.316755501660545,34.16704711914065,0.015661355,0.07070923,12.139832374886073,29.948297119140648,0.014978524,0.07879639,1.9399894005200773,0,0,1
2020-04-17 14:00:00,1124.6018,31.639855957031276,0.0153565835,0.003973007,26.10553424959986,33.99923095703127,0.01545958,0.09857178,12.118461365432434,29.889855957031276,0.015253587,0.092559814,1.4981024064137578,0,0,1
2020-04-17 15:00:00,1111.9893,31.187951660156276,0.015223351,0.0024442673,26.738315615847164,33.35982666015627,0.0153339775,0.111328125,12.259332202191978,29.422326660156276,0.015478936,0.10437012,1.2822797907453136,0,0,1
2020-04-17 16:00:00,1077.3193,30.293176269531276,0.015268645,0.0013437271,27.126069506115076,32.30880126953127,0.015211425,0.09362793,12.383858301904556,28.574426269531276,0.01563104,0.10058594,1.2193269801693007,0,0,1
2020-04-17 17:00:00,1036.7816,29.0822692871094,0.015420863,0.00087046623,26.87422395091377,30.6603942871094,0.01521487,0.05519104,11.689907768414308,27.3166442871094,0.0158977,0.092803955,1.2728638200460898,0,0,1
2020-04-17 18:00:00,1054.6388,27.825341796875023,0.015588439,0.0017876625,25.557559835518216,28.434716796875023,0.015309966,0.03678894,9.962779448262255,25.778466796875023,0.015920319,0.10870361,1.813915157987941,0,0,1
2020-04-17 19:00:00,1151.2156,27.169732666015648,0.015691215,0.0112838745,24.30608037534828,26.763482666015648,0.015336448,0.018798828,10.014173732121357,24.622857666015648,0.015950615,0.084991455,3.415923725547445,0,0,1
2020-04-17 20:00:00,1162.6866,26.912255859375023,0.015752086,0.016410828,23.486442180726176,25.506005859375023,0.0155994985,0.0098724365,9.774277167168169,23.646630859375023,0.015980968,0.053482056,4.832114020265477,0,0,1
2020-04-17 21:00:00,1147.2693,26.735437011718773,0.01580524,0.01876831,22.760277890082737,24.782312011718773,0.015736576,0.005170822,9.51387496415084,22.907312011718773,0.0159502,0.033828735,5.131714953824849,0,0,1
2020-04-17 22:00:00,1107.1807,26.589562988281276,0.015904322,0.019309998,22.00927486155872,24.214562988281276,0.015774623,0.002500534,8.822079001651309,22.386437988281276,0.015850917,0.025726318,5.071200561809013,0,0,1
2020-04-17 23:00:00,1084.1357,26.455041503906276,0.016064558,0.017875671,20.86944529565274,23.689416503906276,0.015759382,0.0012221336,8.187336619836373,22.001916503906276,0.015675459,0.01979065,5.10009296556899,0,0,1
2020-04-18 00:00:00,1057.5782,26.297204589843773,0.01625536,0.014781952,19.959025815074654,23.265954589843773,0.015660267,0.0005800724,7.992551726602524,21.664392089843773,0.015473347,0.016349792,5.17193844666993,0,0,1
2020-04-18 01:00:00,1017.568,26.131738281250023,0.016446125,0.008468628,19.011335023480072,22.897363281250023,0.015530597,0.00035512447,7.792810457156455,21.381738281250023,0.01530553,0.0138549805,5.321054936839982,0,0,1
2020-04-18 02:00:00,974.607,25.947442626953148,0.016621536,0.0066661835,17.77513837156881,22.611505126953148,0.015412277,0.00032019615,7.561665618517493,21.088067626953148,0.015118545,0.012142181,5.587259499923234,0,0,1
2020-04-18 03:00:00,957.6991,25.834375000000023,0.016689988,0.0068359375,17.163778125489028,22.428125000000023,0.015328142,0.00096583366,7.504935952052435,20.810937500000023,0.014939043,0.010791779,5.675328709833524,0,0,1
2020-04-18 04:00:00,918.7464,25.753381347656276,0.01672798,0.0107803345,17.010824477786564,22.284631347656276,0.015305099,0.0021982193,7.616592434689026,20.581506347656276,0.014755783,0.010292053,5.675464275038973,0,0,1
2020-04-18 05:00:00,894.7027,25.803430175781276,0.016781269,0.019088745,17.256372167147234,22.131555175781276,0.0153087955,0.0016121864,7.789497332435296,20.389367675781276,0.014614521,0.010482788,5.731581294178326,0,0,1
2020-04-18 06:00:00,837.9312,26.018884277343773,0.01672772,0.03263855,18.38869895527082,22.292321777343773,0.015407834,0.00050854683,8.577335028622661,20.339196777343773,0.014557157,0.010726929,5.802362533052017,0,0,1
2020-04-18 07:00:00,865.4311,26.948449707031276,0.016330777,0.037643433,22.53598111789875,23.839074707031276,0.015865384,9.1671944e-05,11.273986148291783,21.175012207031276,0.014816343,0.009780884,6.088818157130179,0,0,1
2020-04-18 08:00:00,882.8709,27.934411621093773,0.016155079,0.030532837,24.522430677305262,26.621911621093773,0.015399769,0.00014179945,14.516131847061375,23.043786621093773,0.014896229,0.0042304993,6.157368288664284,0,0,1
2020-04-18 09:00:00,908.8575,29.083764648437523,0.016238837,0.0233078,24.651171426233415,29.161889648437523,0.0143505605,0.00013512373,15.265521436045198,25.427514648437523,0.014194158,0.0006785393,5.707962567987922,0,0,1
2020-04-18 10:00:00,927.2939,30.112969970703148,0.016330361,0.022705078,24.105520592737157,31.112969970703148,0.013770699,0.00030481815,14.025583183688946,27.441094970703148,0.013400673,0.0003991127,4.472406147056881,0,0,1
2020-04-18 11:00:00,940.8823,30.882989501953148,0.016376028,0.022644043,23.20181992068372,32.61736450195315,0.013682852,0.00046515465,12.294268803396006,28.992364501953148,0.012843618,0.0003350973,2.8880499625679006,0,0,1
2020-04-18 12:00:00,962.0945,31.368554687500023,0.01639119,0.02292633,22.310147386146998,33.60292968750002,0.013698014,0.0006570816,10.785677950246594,29.946679687500023,0.0130037395,0.00033962727,0.9715274005192632,0,0,1
2020-04-18 13:00:00,995.4191,31.653833007812523,0.016291944,0.016601562,21.64133313372093,34.15383300781252,0.013541548,0.0009241104,9.751653020555068,30.310083007812523,0.013263075,0.00037145615,0.4939117365927282,0,0,1
2020-04-18 14:00:00,1016.1874,31.686547851562523,0.016124075,0.01505661,21.406820475975056,34.17092285156252,0.013419454,0.0013237,9.06133367360103,30.295922851562523,0.01309139,0.0030059814,1.3140475141870511,0,0,1
2020-04-18 15:00:00,1002.587,31.443994140625023,0.015940988,0.008075714,21.564667222948824,33.64711914062502,0.013472878,0.0037431717,8.697988764359373,29.834619140625023,0.0131944055,0.014511108,1.8833633098354687,0,0,1
2020-04-18 16:00:00,999.536,30.867761230468773,0.01576557,0.005212784,21.78792419545906,32.52401123046877,0.013743781,0.007036209,8.26405630993192,28.836511230468773,0.01375141,0.022781372,2.2698693627313165,0,0,1
2020-04-18 17:00:00,959.4701,29.855371093750023,0.015674105,0.0036144257,22.01596768829281,30.745996093750023,0.014457217,0.011016846,7.096876644804549,27.449121093750023,0.014716617,0.0073928833,2.2411411409168616,0,0,1
2020-04-18 18:00:00,990.5948,28.568719482421898,0.01575031,0.0029230118,21.63031015456812,28.193719482421898,0.015468022,0.010513306,4.896845082165457,25.943719482421898,0.015250584,0.0043907166,2.1502067333454864,0,0,1
2020-04-18 19:00:00,1121.2701000000002,27.673852539062523,0.015948555,0.0054187775,21.08362608614632,26.767602539062523,0.01575019,0.006467819,5.248494330164095,24.720727539062523,0.015609046,0.0050086975,1.9380041254135487,0,0,1
2020-04-18 20:00:00,1121.7278,27.261315917968773,0.016032366,0.01468277,19.94778078972843,25.886315917968773,0.015601305,0.004421234,5.976692783506441,23.886315917968773,0.015425829,0.011669159,1.660937314109756,0,0,1
2020-04-18 21:00:00,1109.1763,27.0563903808594,0.016040027,0.018966675,18.94794942988967,25.2282653808594,0.015563189,0.0029554367,6.272265421258054,23.2751403808594,0.015475451,0.016181946,1.874101011291788,0,0,1
2020-04-18 22:00:00,1098.9713,26.929711914062523,0.016078385,0.014732361,18.178421517010158,24.679711914062523,0.015597734,0.0018520355,6.444341288687353,22.757836914062523,0.015487107,0.01826477,2.353120768873811,0,0,1
2020-04-18 23:00:00,1067.6624,26.768151855468773,0.016254105,0.010032654,17.029944420285343,24.221276855468773,0.015651383,0.0015096664,6.584899829285086,22.315026855468773,0.015414872,0.020973206,2.7463806488672127,0,0,1
2020-04-19 00:00:00,1039.9922,26.587518310546898,0.016422141,0.009975433,16.131747855684907,23.884393310546898,0.015727866,0.0020284653,6.636450862406299,21.962518310546898,0.015334953,0.022994995,3.0116313568378743,0,0,1
2020-04-19 01:00:00,989.1354,26.420770263671898,0.0165442,0.01260376,15.492782201851414,23.608270263671898,0.01580415,0.0030937195,6.580798324344347,21.725457763671898,0.015266276,0.023544312,3.3143404357132225,0,0,1
2020-04-19 02:00:00,962.2685,26.322412109375023,0.01661274,0.014930725,15.058422026015018,23.400537109375023,0.015895577,0.004793167,6.341555571951062,21.525537109375023,0.015212746,0.024993896,3.626220416132778,0,0,1
2020-04-19 03:00:00,938.9629,26.250115966796898,0.01669654,0.020599365,14.271532354382536,23.218865966796898,0.015994636,0.006828308,5.82824226159159,21.414178466796898,0.015182105,0.026748657,3.855062156502703,0,0,1
2020-04-19 04:00:00,907.4102,26.140039062500023,0.016818479,0.0263443,13.247630259371435,23.077539062500023,0.016078427,0.009254456,5.345258383433765,21.319726562500023,0.015140013,0.028045654,3.903962462522272,0,0,1
2020-04-19 05:00:00,886.9226,26.112359619140648,0.016856467,0.031433105,13.164145498857414,22.971734619140648,0.016169822,0.011348724,5.087245886077635,21.252984619140648,0.015078818,0.032989502,3.889717551423534,0,0,1
2020-04-19 06:00:00,830.6348,26.181359863281276,0.016940188,0.03353882,13.124647438763668,23.243859863281276,0.016329836,0.01341629,5.735000604498115,21.259484863281276,0.015070987,0.040374756,3.907243150114752,0,0,1
2020-04-19 07:00:00,821.8476,26.812799072265648,0.016749263,0.024871826,16.019928156659482,24.703424072265648,0.016619563,0.014701843,8.175797393826631,22.047174072265648,0.015356897,0.041992188,4.275119980584015,0,0,1
2020-04-19 08:00:00,836.4203,27.592919921875023,0.01655071,0.03303528,18.25880924349215,27.452294921875023,0.016291311,0.016242981,11.005219195833394,23.639794921875023,0.015177419,0.031936646,4.422760348163807,0,0,1
2020-04-19 09:00:00,858.8654,28.392175292968773,0.016542906,0.047470093,18.70424705868233,29.642175292968773,0.01573419,0.03113556,11.802920222608048,25.798425292968773,0.014429565,0.03173828,3.969790215126212,0,0,1
2020-04-19 10:00:00,888.8119,29.206109619140648,0.016687736,0.044891357,17.701697989016083,31.315484619140648,0.015413628,0.038711548,10.653325295124992,27.549859619140648,0.013918267,0.0592041,2.879924194411167,0,0,1
2020-04-19 11:00:00,906.2986,30.011315917968773,0.017000468,0.03881836,16.11765417934996,32.69881591796877,0.015310557,0.046951294,8.930058086244795,28.917565917968773,0.013719828,0.07723999,1.397082099667505,0,0,1
2020-04-19 12:00:00,949.1059,30.572137451171898,0.017229289,0.0390625,14.897659947509243,33.6190124511719,0.015260905,0.06034851,7.342190279638427,29.947137451171898,0.0140325725,0.08270264,0.7505141820266515,0,0,1
2020-04-19 13:00:00,966.0382,30.927301025390648,0.017267385,0.04071045,14.555414384023049,34.19292602539065,0.0149366055,0.08215332,6.182257800203637,30.427301025390648,0.014413992,0.091796875,1.8568369890994283,0,0,1
2020-04-19 14:00:00,993.4485,31.026513671875023,0.01719106,0.042526245,14.883758735913675,34.33901367187502,0.014642843,0.09640503,5.223636427368351,30.167138671875023,0.015001425,0.12185669,2.7749432429102567,0,0,1
2020-04-19 15:00:00,1002.3952,30.871850585937523,0.017046096,0.04345703,15.703747917915445,34.01247558593752,0.014669539,0.12384033,4.574529304679881,29.293725585937523,0.0154744405,0.1515503,3.356956390547594,0,0,1
2020-04-19 16:00:00,972.1836,30.419458007812523,0.016878288,0.047531128,16.96756230196876,33.02883300781252,0.0149594955,0.14422607,4.427827804380674,28.122583007812523,0.015825432,0.17669678,3.7277691424276576,0,0,1
2020-04-19 17:00:00,992.6105,29.529687500000023,0.01681736,0.033218384,18.67197123406163,31.498437500000023,0.015581397,0.14154053,4.201045921065622,26.764062500000023,0.01606205,0.20080566,3.976984449982068,0,0,1
2020-04-19 18:00:00,1029.6407000000002,28.292932128906276,0.01701583,0.021820068,19.592805538503896,29.261682128906276,0.017092124,0.13549805,2.560248777028848,25.292932128906276,0.016741171,0.21783447,3.5756119651136764,0,0,1
2020-04-19 19:00:00,1134.3614,27.311303710937523,0.017244786,0.012233734,20.17544748029826,28.045678710937523,0.017389745,0.12258911,2.736331167607382,24.389428710937523,0.017252415,0.21899414,3.1625560378586868,0,0,1
2020-04-19 20:00:00,1145.7765,26.7526794433594,0.01733645,0.008831024,18.904547008140867,27.4870544433594,0.017153345,0.098602295,3.27596361965897,23.9714294433594,0.016771875,0.2163086,2.6790390342183974,0,0,1
2020-04-19 21:00:00,1129.5186,26.4384704589844,0.017374732,0.007478714,16.871828315219492,26.9072204589844,0.017306067,0.065704346,3.7365750064434775,23.7509704589844,0.016855933,0.20825195,2.415712560766832,0,0,1
2020-04-19 22:00:00,1105.893,26.173944091796898,0.01742056,0.0069065094,15.388772116415804,26.314569091796898,0.017405301,0.050827026,3.959402908913298,23.548944091796898,0.016833097,0.18609619,2.2230108906714663,0,0,1
2020-04-19 23:00:00,1078.7215,25.948815917968773,0.017512225,0.007642746,14.314338959071952,25.823815917968773,0.017428301,0.039916992,4.101194117106352,23.355065917968773,0.016787432,0.1585083,2.202991445835595,0,0,1
2020-04-20 00:00:00,1038.365,25.754022216796898,0.017596357,0.009918213,13.440032981423371,25.394647216796898,0.017375104,0.029060364,4.12777288698158,23.160272216796898,0.0166732,0.1453247,2.260767530525811,0,0,1
2020-04-20 01:00:00,997.1198,25.600122070312523,0.01764234,0.011947632,12.695452469180326,24.928247070312523,0.017245611,0.022087097,4.09274319680578,22.943872070312523,0.016551336,0.13482666,2.425464775339241,0,0,1
2020-04-20 02:00:00,958.212,25.487695312500023,0.017657554,0.013465881,12.214106493330569,24.503320312500023,0.017123496,0.018127441,4.027705052446362,22.768945312500023,0.01644448,0.120788574,2.6606274910848624,0,0,1
2020-04-20 03:00:00,934.0335,25.391992187500023,0.017672699,0.016052246,11.854544142538446,24.141992187500023,0.01703183,0.016723633,4.0355805242485365,22.610742187500023,0.016314667,0.10656738,2.803310441737504,0,0,1
2020-04-20 04:00:00,919.779,25.322076416015648,0.017687855,0.020957947,11.544838780152665,23.868951416015648,0.016970692,0.016998291,4.080678332543075,22.509576416015648,0.016169606,0.09121704,2.856559568027435,0,0,1
2020-04-20 05:00:00,910.8933,25.267663574218773,0.017718345,0.022384644,11.011658673401657,23.658288574218773,0.016924888,0.01727295,4.08763753677097,22.423913574218773,0.016032249,0.07272339,2.8616812288791,0,0,1
2020-04-20 06:00:00,876.5307,25.490563964843773,0.017809937,0.021942139,11.1676720883014,23.928063964843773,0.016947815,0.01687622,4.957919426746895,22.428063964843773,0.015940735,0.049072266,2.777812645841679,0,0,1
2020-04-20 07:00:00,957.0661,26.567559814453148,0.017626945,0.025909424,14.228407166496376,25.895684814453148,0.016726676,0.016044617,7.445571284565075,23.426934814453148,0.015956108,0.028457642,2.66100403035578,0,0,1
2020-04-20 08:00:00,1041.4213,27.780175781250023,0.017268596,0.03567505,14.801395845315623,28.233300781250023,0.016192852,0.015678406,7.702849101296465,25.248925781250023,0.015536724,0.018615723,2.2023494020777203,0,0,1
2020-04-20 09:00:00,1082.2958,28.916192626953148,0.017192582,0.029937744,13.716631630118496,30.306817626953148,0.015765885,0.015052795,6.13302670555452,27.181817626953148,0.014987686,0.022903442,1.0645445601363164,0,0,1
2020-04-20 10:00:00,1129.9454,29.818322753906276,0.017352944,0.028289795,12.283694368506048,32.17769775390627,0.015533333,0.014640808,4.257469231163389,28.849572753906276,0.014819984,0.05670166,0.5068367180790707,0,0,1
2020-04-20 11:00:00,1134.0737,30.614770507812523,0.017360698,0.02961731,11.642630614501709,33.67727050781252,0.015361796,0.03479004,2.617805999095687,29.880395507812523,0.0150299175,0.09527588,1.9443809981515712,0,0,1
2020-04-20 12:00:00,1154.0024,31.225427246093773,0.01718529,0.026741028,11.674695630568117,34.53792724609377,0.015480121,0.080841064,1.471392621733426,30.491052246093773,0.015438159,0.12530518,3.151431085572946,0,0,1
2020-04-20 13:00:00,1173.2424,31.6901794433594,0.01694123,0.024108887,12.19013756014884,34.8933044433594,0.015449684,0.12634277,1.5507544265848707,30.5651794433594,0.015628975,0.1515503,4.338566493420894,0,0,1
2020-04-20 14:00:00,1190.045,31.906854248046898,0.016704721,0.020004272,13.24344056916974,34.7974792480469,0.015331429,0.14770508,2.752663657496809,30.016229248046898,0.015873117,0.17529297,5.221486387739709,0,0,1
2020-04-20 15:00:00,1165.2859,31.840844726562523,0.016498707,0.015529633,14.538958042595608,34.26271972656252,0.01526656,0.15759277,4.2191854023365165,29.043969726562523,0.01620879,0.21124268,5.528194273950762,0,0,1
2020-04-20 16:00:00,1138.9252,31.433435058593773,0.016407186,0.016365051,16.09815935310946,33.07406005859377,0.015411551,0.15228271,5.663675421175566,27.995935058593773,0.016521627,0.23236084,5.432260090585912,0,0,1
2020-04-20 17:00:00,1102.6537,30.563775634765648,0.016445495,0.026306152,17.57180136255245,31.641900634765648,0.016064025,0.14056396,6.399210842473712,26.876275634765648,0.016804077,0.26135254,5.063218790524604,0,0,1
2020-04-20 18:00:00,1136.3445000000002,29.335839843750023,0.016705194,0.024429321,19.029037957382293,29.710839843750023,0.017658869,0.13122559,5.418866673041757,25.757714843750023,0.017040888,0.2685547,4.241602837332745,0,0,1
2020-04-20 19:00:00,1204.6583,28.239770507812523,0.017239528,0.01423645,20.11999221194896,28.583520507812523,0.018063502,0.1394043,5.228542882586775,24.974145507812523,0.017270045,0.2631836,3.515366152580204,0,0,1
2020-04-20 20:00:00,1219.0843,27.598779296875023,0.017635891,0.014335632,19.228172851979096,27.848779296875023,0.018238613,0.13739014,5.105316678199756,24.505029296875023,0.017429898,0.24871826,3.0597654005888466,0,0,1
2020-04-20 21:00:00,1213.5607,27.311547851562523,0.017826233,0.013877869,16.52943990045796,27.311547851562523,0.018474732,0.12106323,4.653136376955613,24.202172851562523,0.017536316,0.21728516,2.6760341356606325,0,0,1
2020-04-20 22:00:00,1194.8154000000002,27.0966735839844,0.017933263,0.015686035,12.3609115027457,26.9247985839844,0.018558873,0.087127686,4.154528392371979,24.0029235839844,0.017559422,0.17718506,2.4180386584010045,0,0,1
2020-04-20 23:00:00,1152.6862,26.8583923339844,0.01804785,0.01902008,8.521929387589442,26.6083923339844,0.018528502,0.056777954,3.714404224663985,23.8115173339844,0.017483275,0.13739014,2.301009798210599,0,0,1
2020-04-21 00:00:00,1103.6443,26.650445556640648,0.018101443,0.02016449,6.409849241391195,26.197320556640648,0.018444765,0.05467224,3.4505895193881053,23.619195556640648,0.017399538,0.085357666,2.3539370530040973,0,0,1
2020-04-21 01:00:00,1038.3183,26.469903564453148,0.018048339,0.017074585,5.499648672500368,26.016778564453148,0.018361144,0.07382202,3.693865322113656,23.391778564453148,0.017300658,0.047851562,2.7893640384035594,0,0,1
2020-04-21 02:00:00,1009.1669,26.2858825683594,0.017957058,0.013317108,5.389352792302381,25.8640075683594,0.018323269,0.073516846,3.783513272973624,23.0671325683594,0.017217007,0.031967163,3.066846355757689,0,0,1
2020-04-21 03:00:00,978.3322,26.154687500000023,0.017881006,0.013324738,5.4683744395318525,25.685937500000023,0.018285364,0.06059265,3.651410911851237,22.771875000000023,0.017163843,0.030647278,3.044810335613435,0,0,1
2020-04-21 04:00:00,953.4276,26.009301757812523,0.017858308,0.01525116,5.799034094128584,25.493676757812523,0.018255036,0.041137695,3.2965147861199444,22.704614257812523,0.017087739,0.03489685,3.191506226559983,0,0,1
2020-04-21 05:00:00,948.3343,25.869836425781276,0.017850813,0.017074585,6.083775603360221,25.276086425781276,0.0181331,0.02911377,2.8415073044317367,22.627648925781276,0.016988691,0.03099823,3.2665012815675274,0,0,1
2020-04-21 06:00:00,916.4091,26.1137634277344,0.017850999,0.020606995,6.323396426690295,25.4262634277344,0.018118028,0.033447266,2.409475999785847,22.6293884277344,0.016904954,0.025932312,3.202442036088528,0,0,1
2020-04-21 07:00:00,981.5635,27.109552001953148,0.017438961,0.027297974,7.965785638888771,26.890802001953148,0.017690731,0.050750732,3.1801965359467843,23.781427001953148,0.016874386,0.018928528,3.100162366491213,0,0,1
2020-04-21 08:00:00,1053.6026,28.051171875000023,0.017110853,0.040237427,7.368830090735431,28.551171875000023,0.016912488,0.05795288,2.7700085468366957,25.676171875000023,0.016416578,0.015296936,2.503345796940944,0,0,1
2020-04-21 09:00:00,1083.736,28.934533691406276,0.01695055,0.04737854,6.433011628377478,30.293908691406276,0.015897693,0.046157837,1.839239379362673,27.684533691406276,0.015562,0.017486572,1.7634142371290535,0,0,1
2020-04-21 10:00:00,1114.0177,29.746942138671898,0.017293764,0.043548584,5.400532696198586,32.0906921386719,0.015157534,0.038986206,0.7811226760108135,29.309442138671898,0.015058352,0.04222107,1.580340771624951,0,0,1
2020-04-21 11:00:00,1127.2898,30.595361328125023,0.017270746,0.026123047,4.5841997546067645,33.57973632812502,0.014714899,0.04284668,0.2893508305662287,30.267236328125023,0.015145959,0.07647705,2.0471373737867573,0,0,1
2020-04-21 12:00:00,1143.5304,31.388482666015648,0.017003477,0.027069092,4.075992147507371,34.66973266601565,0.014523923,0.0513916,1.338768106546492,30.716607666015648,0.015435636,0.10272217,2.676510678405953,0,0,1
2020-04-21 13:00:00,1172.0353,31.947137451171898,0.016690426,0.03475952,3.701190159090722,35.2440124511719,0.014439754,0.084503174,2.637912473922801,30.540887451171898,0.015626125,0.12161255,3.493061934192076,0,0,1
2020-04-21 14:00:00,1154.3363,32.25332031250002,0.016415577,0.044387817,3.5279307823008392,35.09707031250002,0.014538745,0.11843872,4.46117038312665,30.112695312500023,0.015789967,0.14086914,4.320866531249442,0,0,1
2020-04-21 15:00:00,1147.8837,32.30056152343752,0.016262816,0.075042725,3.766415297017273,34.05056152343752,0.014851378,0.1531372,5.566285576405781,29.472436523437523,0.01608734,0.14868164,4.965529720479807,0,0,1
2020-04-21 16:00:00,1125.6322,32.0137878417969,0.016277848,0.10079956,4.856489038659851,32.9044128417969,0.015282212,0.16101074,5.596426695691985,28.607537841796898,0.016430436,0.14550781,5.162611520962006,0,0,1
2020-04-21 17:00:00,1099.0382000000002,31.503259277343773,0.016414953,0.09350586,6.514849640523029,31.643884277343773,0.015926672,0.13220215,4.842517415391036,27.487634277343773,0.017010046,0.14257812,4.90492152020027,0,0,1
2020-04-21 18:00:00,1146.1117000000002,30.781152343750023,0.01668952,0.08389282,8.037427303288016,30.390527343750023,0.017307501,0.08538818,3.966553275039682,26.234277343750023,0.017421942,0.14239502,4.163278805844217,0,0,1
2020-04-21 19:00:00,1228.7538,30.034143066406276,0.0170711,0.06704712,10.090703020358312,29.502893066406276,0.017856928,0.05908203,3.206056287836564,25.112268066406276,0.017795892,0.1463623,3.4358299082398878,0,0,1
2020-04-21 20:00:00,1231.1729,29.298120117187523,0.01739187,0.07293701,12.32907081834038,28.516870117187523,0.01903219,0.050323486,2.2356210160746497,24.485620117187523,0.017819116,0.13275146,2.935645289798665,0,0,1
2020-04-21 21:00:00,1215.6168,28.719842529296898,0.017697101,0.07470703,14.081476405288104,27.688592529296898,0.019253498,0.046447754,1.8253914805107636,24.094842529296898,0.017773395,0.08312988,2.7799297568139782,0,0,1
2020-04-21 22:00:00,1183.7787,28.266961669921898,0.017963817,0.07095337,14.50787904493018,27.063836669921898,0.019131115,0.04586792,1.7786088777857387,23.813836669921898,0.017742565,0.054641724,2.727478060752122,0,0,1
2020-04-21 23:00:00,1136.907,27.8832946777344,0.018146612,0.07531738,14.207976865053672,26.5239196777344,0.018970586,0.042785645,1.997723552239978,23.6020446777344,0.017650701,0.04512024,2.670784095115889,0,0,1
2020-04-22 00:00:00,1093.178,27.562432861328148,0.018222608,0.08584595,14.013152478397304,26.046807861328148,0.018749036,0.040390015,2.310891741750324,23.359307861328148,0.017497815,0.03767395,2.582353249928992,0,0,1
2020-04-22 01:00:00,1059.4062,27.263970947265648,0.018222343,0.09335327,13.94590477668205,25.701470947265648,0.018558037,0.04827881,2.680227743692062,23.076470947265648,0.017314445,0.035354614,2.5682085789262925,0,0,1
2020-04-22 02:00:00,1033.2334,26.973107910156276,0.018206881,0.08734131,13.728963060890466,25.363732910156276,0.018321322,0.05404663,3.0951013977375963,22.801232910156276,0.01710062,0.03237915,2.5928264692669747,0,0,1
2020-04-22 03:00:00,1002.1901,26.712518310546898,0.018183896,0.0769043,13.421634120000885,24.915643310546898,0.017962644,0.053955078,3.423271809637662,22.540643310546898,0.01687927,0.024665833,2.6283372156053644,0,0,1
2020-04-22 04:00:00,982.2619,26.529351806640648,0.01815338,0.0647583,12.986354714967511,24.607476806640648,0.01764984,0.047698975,3.6986217148306073,22.287164306640648,0.01665039,0.019226074,2.589807890907007,0,0,1
2020-04-22 05:00:00,968.7772,26.413415527343773,0.018122913,0.05467224,12.717406927705182,24.319665527343773,0.017329456,0.03640747,3.865492037781585,22.038415527343773,0.0164063,0.012771606,2.475339086019234,0,0,1
2020-04-22 06:00:00,936.9033,26.479333496093773,0.01806194,0.049606323,13.48014088022209,24.448083496093773,0.017222706,0.027366638,4.311796001524022,21.916833496093773,0.016200367,0.011760712,2.475679373698994,0,0,1
2020-04-22 07:00:00,987.627,27.009423828125023,0.017810225,0.062423706,16.17263160594229,25.978173828125023,0.01711595,0.023597717,7.043364295452117,23.025048828125023,0.016093612,0.00825119,2.6411865467947324,0,0,1
2020-04-22 08:00:00,1058.0339,27.840203857421898,0.017619533,0.090911865,17.34561563551154,28.074578857421898,0.016093655,0.02381897,8.29425835161852,24.855828857421898,0.015292568,0.0049743652,2.5284692367242263,0,0,1
2020-04-22 09:00:00,1097.0181,28.689141845703148,0.017520413,0.10809326,17.018274587098276,30.048516845703148,0.015273557,0.029373169,8.231374794398526,26.970391845703148,0.014068113,0.0064048767,1.9623010570985755,0,0,1
2020-04-22 10:00:00,1088.9563,29.447900390625023,0.017581467,0.1340332,16.512613309692373,31.791650390625023,0.014598373,0.03694153,7.482909329756275,28.729150390625023,0.012965683,0.010478973,1.1457459934355176,0,0,1
2020-04-22 11:00:00,1141.4896,29.842858886718773,0.017787473,0.16729736,16.583882460711763,33.18660888671877,0.014411467,0.042404175,5.8098803812867645,30.014733886718773,0.012462157,0.012653351,0.4356762195342219,0,0,1
2020-04-22 12:00:00,1139.2457,29.955682373046898,0.018016351,0.18664551,17.08567635795805,34.2681823730469,0.014300835,0.05381775,4.235794730262283,30.861932373046898,0.012500298,0.012367249,1.301038883573774,0,0,1
2020-04-22 13:00:00,1106.294,30.054650878906276,0.01810021,0.17651367,17.517486973122473,34.80465087890627,0.0146479085,0.11904907,3.0668327542262586,31.164025878906276,0.013175435,0.015293121,2.3107563559083526,0,0,1
2020-04-22 14:00:00,1168.8314,30.052148437500023,0.01792469,0.15899658,17.670871417541168,34.64589843750002,0.015159034,0.18707275,2.75898177562528,31.052148437500023,0.013892555,0.023994446,3.207611437413025,0,0,1
2020-04-22 15:00:00,1117.6915,29.826043701171898,0.01760423,0.12799072,17.778162807639642,33.8572937011719,0.015567182,0.23272705,2.320836621823769,30.544793701171898,0.014552472,0.048049927,3.894883335310406,0,0,1
2020-04-22 16:00:00,1080.3551,29.455133056640648,0.017314274,0.08480835,17.83282613918365,32.67388305664065,0.016139347,0.2775879,1.8359926619663576,29.580133056640648,0.015155154,0.09295654,4.441883322827524,0,0,1
2020-04-22 17:00:00,1075.0428000000002,28.919335937500023,0.017222619,0.045074463,17.6175696500958,31.091210937500023,0.017359948,0.30529785,0.6975631463784657,28.216210937500023,0.01595614,0.12683105,4.80034375747945,0,0,1
2020-04-22 18:00:00,1125.4407,28.103601074218773,0.017390326,0.023963928,16.61846981895551,29.478601074218773,0.018389776,0.34094238,0.0603936728995126,26.791101074218773,0.016787603,0.16864014,4.079847974188827,0,0,1
2020-04-22 19:00:00,1214.6888,27.451379394531276,0.017519878,0.011749268,16.40165552296606,28.498254394531276,0.018771099,0.36706543,0.5555892258381643,25.779504394531276,0.017313885,0.2000122,3.2535993510545542,0,0,1
2020-04-22 20:00:00,1218.0331,26.9340759277344,0.017527374,0.006090164,16.024215664764952,27.9028259277344,0.018870147,0.35083008,1.2242929427615827,25.1372009277344,0.017527374,0.22290039,2.598013573873181,0,0,1
2020-04-22 21:00:00,1208.6866,26.568170166015648,0.017534882,0.0047912598,15.41226984673618,27.474420166015648,0.018931061,0.3100586,1.5940177019469322,24.740045166015648,0.01767984,0.23858643,2.147726071840421,0,0,1
2020-04-22 22:00:00,1185.4724,26.330773925781276,0.017534746,0.009723663,13.91464256384056,27.143273925781276,0.018930925,0.26086426,1.4871966397268532,24.471398925781276,0.017748369,0.24035645,1.9079310762264328,0,0,1
2020-04-22 23:00:00,1131.5132999999998,26.182061767578148,0.017450746,0.015930176,12.672601741548668,26.822686767578148,0.018885072,0.21081543,1.2883804847524298,24.228936767578148,0.017725404,0.24255371,1.9431273539453129,0,0,1
2020-04-23 00:00:00,1092.1708,26.077783203125023,0.017259933,0.016113281,12.15833911821534,26.390283203125023,0.018968917,0.17364502,1.0919438364551315,23.984033203125023,0.017656662,0.23571777,1.9314300305053864,0,0,1
2020-04-23 01:00:00,1064.3402999999998,25.916040039062523,0.017038638,0.015274048,11.8828125,25.962915039062523,0.018823916,0.152771,1.3208468232935089,23.759790039062523,0.017549807,0.21777344,1.801795755126404,0,0,1
2020-04-23 02:00:00,1021.5497,25.807824707031276,0.016840253,0.016647339,11.827297163380903,25.698449707031276,0.018694196,0.13970947,1.8100193477355264,23.589074707031276,0.017412458,0.19940186,1.690549384099002,0,0,1
2020-04-23 03:00:00,991.9408999999998,25.6384216308594,0.01668765,0.029335022,11.126165552696303,25.4821716308594,0.018549222,0.13842773,2.732208546401772,23.4352966308594,0.017275114,0.18353271,1.5004046299684726,0,0,1
2020-04-23 04:00:00,964.7325,25.533349609375023,0.016596107,0.047851562,10.297705518834606,25.345849609375023,0.018541602,0.19555664,4.482285383951316,23.345849609375023,0.017130164,0.1661377,1.22072638991502,0,0,1
2020-04-23 05:00:00,937.4313,25.4653259277344,0.016519839,0.033859253,9.789913537614854,25.2153259277344,0.01851111,0.2211914,5.88528934451316,23.3403259277344,0.01700812,0.16217041,1.0766715460972798,0,0,1
2020-04-23 06:00:00,891.2338,25.663659667968773,0.016466457,0.013671875,10.36545768467053,25.132409667968773,0.018419582,0.21002197,6.588047918301774,23.398034667968773,0.016962368,0.17388916,1.3248500865123845,0,0,1
2020-04-23 07:00:00,967.3324,26.701623535156276,0.016069751,0.0051651,14.015546907443394,25.529748535156276,0.018251758,0.18029785,7.626042989470101,24.107873535156276,0.016886096,0.1765747,1.878436921125471,0,0,1
2020-04-23 08:00:00,1027.9998,27.688867187500023,0.016168926,0.003373146,13.995835147973764,26.860742187500023,0.017473552,0.14746094,9.37647637300836,25.266992187500023,0.016672466,0.15515137,2.245260587661563,0,0,1
2020-04-23 09:00:00,1074.0808,28.833337402343773,0.016146034,0.004858017,12.744896583182449,28.708337402343773,0.016748756,0.13879395,9.765162793749408,26.552087402343773,0.016245216,0.13989258,1.9692678587886927,0,0,1
2020-04-23 10:00:00,1103.1251,29.882348632812523,0.016184196,0.009395599,11.49579862723251,30.444848632812523,0.016085014,0.1281128,9.32364728182401,27.554223632812523,0.01588665,0.1328125,1.5970244126863518,0,0,1
2020-04-23 11:00:00,1140.3938,30.519067382812523,0.016680138,0.0185318,9.886480706648824,31.769067382812523,0.015756981,0.15112305,8.465454180948953,28.222192382812523,0.015787499,0.13476562,1.851335435295812,0,0,1
2020-04-23 12:00:00,1164.9736,30.746484375000023,0.017389733,0.030952454,8.362421215011267,32.44960937500002,0.015615899,0.16271973,7.434628849578266,28.715234375000023,0.01578756,0.14117432,2.5536938335947297,0,0,1
2020-04-23 13:00:00,1146.021,30.804071044921898,0.017816994,0.04685974,8.205214940242344,32.8978210449219,0.015589212,0.13122559,6.49998728530814,28.960321044921898,0.015963051,0.13861084,2.952177015463418,0,0,1
2020-04-23 14:00:00,1163.8085,30.7978454589844,0.017847534,0.06604004,9.44418559354212,33.0634704589844,0.015593048,0.11199951,6.022594756904701,28.9228454589844,0.01639032,0.14459229,2.914422644075001,0,0,1
2020-04-23 15:00:00,1123.8468,30.701379394531276,0.017771255,0.0798645,11.451678823472852,32.70137939453127,0.015554916,0.08303833,5.704398947371146,28.623254394531276,0.016550552,0.15063477,3.1511038344794966,0,0,1
2020-04-23 16:00:00,1070.677,30.413049316406276,0.017702492,0.08862305,13.620718198149408,32.02242431640627,0.015547188,0.05239868,4.84676340000494,27.913049316406276,0.016527565,0.16845703,3.79797835530988,0,0,1
2020-04-23 17:00:00,1037.3737999999998,29.798425292968773,0.017770996,0.08859253,15.191824742323249,30.985925292968773,0.016123047,0.034957886,3.0750142632130384,26.798425292968773,0.01672577,0.19946289,4.256180266090535,0,0,1
2020-04-23 18:00:00,1077.8629999999998,28.944909667968773,0.01812942,0.075164795,15.325087231236877,29.273034667968773,0.018022608,0.0340271,1.988630031129737,25.616784667968773,0.017099451,0.24145508,4.2351312211209615,0,0,1
2020-04-23 19:00:00,1155.477,28.262261962890648,0.018480238,0.07537842,15.376565695336778,28.449761962890648,0.018464979,0.03805542,1.6891662953938906,24.715386962890648,0.017488416,0.2446289,3.682451261364891,0,0,1
2020-04-23 20:00:00,1152.2163999999998,27.714929199218773,0.018670859,0.083740234,15.101251684188275,27.918054199218773,0.018678488,0.030014038,1.1220779617885486,24.043054199218773,0.017801108,0.20654297,2.9615020954460216,0,0,1
2020-04-23 21:00:00,1166.358,27.296105957031276,0.018777534,0.09020996,14.809977472611422,27.280480957031276,0.018495247,0.014873505,0.9579355419091884,23.686730957031276,0.017846748,0.14538574,2.4849401442996477,0,0,1
2020-04-23 22:00:00,1120.7905999999998,26.993432617187523,0.018823203,0.090667725,14.895623054496266,26.587182617187523,0.018182334,0.018966675,1.4164418194487016,23.415307617187523,0.017747458,0.099975586,2.1606543134047627,0,0,1
2020-04-23 23:00:00,1091.0528000000002,26.8161560058594,0.018807894,0.08917236,14.562983369459044,26.0505310058594,0.017953401,0.028564453,1.887366195382285,23.1442810058594,0.017556673,0.08880615,1.8382659872566824,0,0,1
2020-04-24 00:00:00,1048.5971,26.649621582031276,0.018815491,0.08892822,13.582331798740023,25.680871582031276,0.017785523,0.028900146,2.2223294433184737,22.915246582031276,0.01732013,0.08047485,1.4278631383441092,0,0,1
2020-04-24 01:00:00,1011.4964,26.518670654296898,0.018777324,0.08847046,12.269799703814586,25.268670654296898,0.01757188,0.025436401,2.324633095616562,22.690545654296898,0.017083598,0.0692749,0.8889815757942733,0,0,1
2020-04-24 02:00:00,978.3002,26.380731201171898,0.01880784,0.09387207,10.992479590335629,24.974481201171898,0.017335366,0.038513184,2.378725302443231,22.458856201171898,0.016831826,0.05809021,0.723388099219578,0,0,1
2020-04-24 03:00:00,954.522,26.287469482421898,0.01886127,0.105407715,9.822347023642386,24.787469482421898,0.01709888,0.052459717,2.784653250922771,22.224969482421898,0.016602969,0.04748535,1.5516471908827618,0,0,1
2020-04-24 04:00:00,939.9349,26.222009277343773,0.018907135,0.110839844,8.747186568129552,24.612634277343773,0.016892975,0.055389404,3.155303183072708,21.987634277343773,0.01633603,0.042510986,2.1784692719336567,0,0,1
2020-04-24 05:00:00,937.739,26.196679687500023,0.018952971,0.121520996,7.878643479133261,24.368554687500023,0.01669467,0.034851074,3.2751766564866496,21.790429687500023,0.016053801,0.042495728,2.479109516820767,0,0,1
2020-04-24 06:00:00,904.8717,26.458856201171898,0.019052207,0.13671875,8.423202363618701,24.458856201171898,0.016549766,0.020240784,3.893207474289832,21.677606201171898,0.015809715,0.04144287,2.620478108585936,0,0,1
2020-04-24 07:00:00,970.7577,27.205590820312523,0.018914936,0.16247559,11.55903444554226,26.143090820312523,0.016114948,0.019737244,6.254655541465318,22.127465820312523,0.015855549,0.036834717,2.6529522735121804,0,0,1
2020-04-24 08:00:00,1061.988,27.966363525390648,0.018785378,0.20336914,13.20409452916803,28.278863525390648,0.015390297,0.023956299,6.186566591083708,23.341363525390648,0.015794655,0.03225708,2.3582147971738454,0,0,1
2020-04-24 09:00:00,1090.6695,28.671563720703148,0.018648263,0.22406006,14.148635760750253,30.577813720703148,0.014921303,0.028945923,5.538078877177655,25.624688720703148,0.014856453,0.03955078,1.7549600024433851,0,0,1
2020-04-24 10:00:00,1117.9852,29.408776855468773,0.018549582,0.22497559,14.414717591820976,32.34627685546877,0.015047689,0.04008484,5.430791802607746,27.580651855468773,0.014166494,0.045562744,1.0050194970417496,0,0,1
2020-04-24 11:00:00,1124.9805,29.900201416015648,0.018488798,0.23425293,13.70217764038341,33.60332641601565,0.015341673,0.083740234,6.375086489820005,28.993951416015648,0.013834868,0.056396484,1.3593414644511383,0,0,1
2020-04-24 12:00:00,1136.6927,30.233178710937523,0.01844318,0.22705078,12.797936887175029,33.79567871093752,0.015593601,0.1541748,7.517860538830101,29.842553710937523,0.013964726,0.078826904,2.415760126319465,0,0,1
2020-04-24 13:00:00,1158.4127,30.326806640625023,0.0184205,0.21081543,12.03276313917247,33.45180664062502,0.01591806,0.20861816,8.508058735460454,30.108056640625023,0.014582916,0.112854004,3.331128663220464,0,0,1
2020-04-24 14:00:00,1132.5551,30.250543212890648,0.018374728,0.1932373,11.387283581081006,32.70366821289065,0.016284274,0.2701416,8.85032042876949,29.719293212890648,0.015147493,0.14874268,4.1946437741734295,0,0,1
2020-04-24 15:00:00,1066.8464,30.092492675781276,0.01835195,0.171875,11.082871619528982,31.623742675781276,0.016673483,0.31323242,8.556833728526085,28.936242675781276,0.015727438,0.17333984,4.768530300374104,0,0,1
2020-04-24 16:00:00,1025.5996,29.8161560058594,0.018382523,0.15136719,11.2544837256386,30.3630310058594,0.017131303,0.32763672,7.648235117462545,27.9099060058594,0.01641414,0.18652344,4.874306139351366,0,0,1
2020-04-24 17:00:00,1014.5181,29.4719177246094,0.018458964,0.115600586,11.558960131697482,29.1906677246094,0.017947795,0.32263184,6.372543085909651,26.7219177246094,0.017276408,0.17114258,4.58585016586613,0,0,1
2020-04-24 18:00:00,1070.8197,28.937585449218773,0.01871843,0.089019775,11.111707750535054,28.203210449218773,0.01861162,0.2857666,5.2453242815718895,25.484460449218773,0.018054673,0.14953613,3.935056745805885,0,0,1
2020-04-24 19:00:00,1130.4578,28.401727294921898,0.019046552,0.071502686,11.376452771990918,27.620477294921898,0.018878706,0.22296143,4.7522811230821285,24.651727294921898,0.018428572,0.13885498,3.362290292886882,0,0,1
2020-04-24 20:00:00,1140.3662,27.9638610839844,0.019237353,0.056243896,12.06846062477757,27.2919860839844,0.018947436,0.16259766,4.5404060389736935,24.2451110839844,0.018039538,0.11730957,3.056299651509069,0,0,1
2020-04-24 21:00:00,1128.9895,27.607324218750023,0.019275574,0.041992188,12.970116938973392,26.997949218750023,0.019115357,0.121276855,4.364732150482189,23.935449218750023,0.01794043,0.10812378,2.8410580295569785,0,0,1
2020-04-24 22:00:00,1109.9875,27.322656250000023,0.019100199,0.030326843,13.074941648859996,26.697656250000023,0.019481668,0.09429932,3.796942951865898,23.744531250000023,0.017841348,0.106536865,2.646515296896151,0,0,1
2020-04-24 23:00:00,1077.06,27.110070800781276,0.018962955,0.023963928,12.345782325030724,26.422570800781276,0.0195199,0.07714844,3.466474440331443,23.625695800781276,0.017719364,0.09939575,2.3903508915550447,0,0,1
2020-04-25 00:00:00,1044.0769999999998,26.914117431640648,0.018787455,0.021621704,11.793863472445723,26.148492431640648,0.019374918,0.06484985,3.180976277324981,23.539117431640648,0.017574381,0.091918945,2.11024493779982,0,0,1
2020-04-25 01:00:00,1004.2494,26.7736755371094,0.018596828,0.022979736,11.374172145355788,25.9299255371094,0.01919955,0.06439209,2.9354160887314005,23.4924255371094,0.01742953,0.0859375,1.8970485438187068,0,0,1
2020-04-25 02:00:00,965.6143,26.642236328125023,0.018428765,0.022895813,11.189957694211458,25.751611328125023,0.019092523,0.06338501,2.724952693843565,23.423486328125023,0.017276727,0.08200073,1.7175820616728397,0,0,1
2020-04-25 03:00:00,944.3278,26.520410156250023,0.018329244,0.019340515,10.92552970806704,25.629785156250023,0.018993001,0.066467285,2.5277174141305534,23.364160156250023,0.017139059,0.07977295,1.4905696786655405,0,0,1
2020-04-25 04:00:00,953.7784,26.383813476562523,0.01830611,0.016456604,10.74358319058168,25.508813476562523,0.018893573,0.07778931,2.368137173655338,23.290063476562523,0.017009113,0.08258057,1.356889359562051,0,0,1
2020-04-25 05:00:00,911.8789,26.274560546875023,0.018351711,0.020515442,10.811380874841957,25.415185546875023,0.018801846,0.09442139,2.336524782385276,23.212060546875023,0.016902126,0.09234619,1.3590917568430312,0,0,1
2020-04-25 06:00:00,871.5119000000001,26.460900878906276,0.018481284,0.029411316,11.723732280723912,25.726525878906276,0.01892379,0.12060547,2.372073693679404,23.179650878906276,0.01688674,0.112976074,1.475453707048623,0,0,1
2020-04-25 07:00:00,877.7927999999999,27.302087402343773,0.018351423,0.051605225,15.767326894946695,27.114587402343773,0.018748151,0.14154053,3.618920578172868,24.177087402343773,0.01712309,0.13446045,1.6672747316572496,0,0,1
2020-04-25 08:00:00,921.4988,28.179132080078148,0.018076655,0.08139038,17.281721878093553,28.601007080078148,0.018290278,0.21179199,3.949152983618753,25.851007080078148,0.016947504,0.15136719,1.9023603472289163,0,0,1
2020-04-25 09:00:00,943.6695,29.236169433593773,0.01791628,0.10757446,16.768313635040524,29.939294433593773,0.017901022,0.2738037,3.49179796747382,27.548669433593773,0.01665743,0.17840576,2.3848745770134374,0,0,1
2020-04-25 10:00:00,977.1871,30.301782226562523,0.017832244,0.10586548,15.434284046350756,31.083032226562523,0.017595733,0.29052734,2.684625003350582,28.754907226562523,0.016642058,0.22192383,3.009335854534208,0,0,1
2020-04-25 11:00:00,997.7082,31.209191894531276,0.018000025,0.09448242,13.588253097930505,31.896691894531276,0.01742782,0.30151367,1.7467847688194766,29.662316894531276,0.016664881,0.2434082,3.6034283764208994,0,0,1
2020-04-25 12:00:00,1020.6915,31.818261718750023,0.018068653,0.07525635,12.504244903011234,32.27138671875002,0.017389636,0.32287598,2.046666676643488,30.162011718750023,0.016756397,0.2562256,4.381963200005912,0,0,1
2020-04-25 13:00:00,1033.2961,32.16921386718752,0.0179618,0.059661865,12.5225950570515,32.90358886718752,0.01733619,0.32556152,2.6408459398284343,30.028588867187523,0.016809762,0.28186035,4.8414193178289535,0,0,1
2020-04-25 14:00:00,1053.8947,32.31380615234377,0.017786292,0.044662476,13.312256544868951,33.34505615234377,0.017153053,0.31921387,3.182084417425789,29.735681152343773,0.016893653,0.2927246,4.886704681156682,0,0,1
2020-04-25 15:00:00,1053.0509,32.2581726074219,0.017572718,0.030601501,14.625432685907109,33.2112976074219,0.017000513,0.3109131,3.989498271516741,29.133172607421898,0.01691659,0.27954102,4.64430263100993,0,0,1
2020-04-25 16:00:00,1037.1898,31.845422363281276,0.017313333,0.016975403,16.15317864566868,32.26729736328127,0.017114969,0.29284668,4.543209317661168,28.407922363281276,0.01698527,0.23699951,4.233445352789347,0,0,1
2020-04-25 17:00:00,1030.3982,31.0217224121094,0.017130196,0.017242432,17.997626109941883,31.0529724121094,0.01758796,0.2607422,4.500617080340352,27.4435974121094,0.01720649,0.1873169,3.6959797978901823,0,0,1
2020-04-25 18:00:00,1068.0655,29.7673278808594,0.0172751,0.017204285,19.50429651904002,29.5798278808594,0.019029861,0.22668457,3.667338672670344,26.3142028808594,0.01767183,0.13745117,2.992243653410451,0,0,1
2020-04-25 19:00:00,1154.844,28.661279296875023,0.017603109,0.013412476,20.65951160898716,28.551904296875023,0.019899556,0.2053833,3.158408033415251,25.317529296875023,0.018015096,0.113861084,2.628800072077462,0,0,1
2020-04-25 20:00:00,1166.7483000000002,27.944940185546898,0.01780905,0.014629364,20.33452938543571,27.757440185546898,0.020311492,0.1842041,2.734638798658949,24.491815185546898,0.01831259,0.10638428,2.381910854160833,0,0,1
2020-04-25 21:00:00,1168.3981,27.575128173828148,0.01796923,0.013538361,18.62035904584264,27.137628173828148,0.020341972,0.16210938,2.3165303703621065,24.043878173828148,0.018190483,0.12530518,2.135313270732841,0,0,1
2020-04-25 22:00:00,1137.2532,27.333825683593773,0.018083666,0.014156342,16.514759107282856,26.661950683593773,0.020097826,0.14129639,2.0370323334825846,23.755700683593773,0.017961595,0.12133789,1.9351675502183816,0,0,1
2020-04-25 23:00:00,1106.7481,27.134545898437523,0.018152345,0.02054596,14.95450427734575,26.228295898437523,0.019708741,0.12261963,2.350758777027972,23.572045898437523,0.017740358,0.114715576,1.7114452162658067,0,0,1
2020-04-26 00:00:00,1069.4670999999998,26.947381591796898,0.0182668,0.031433105,14.075605855745565,25.791131591796898,0.019296769,0.116241455,2.943233293998352,23.431756591796898,0.017534379,0.10812378,1.640458679488047,0,0,1
2020-04-26 01:00:00,1036.4967,26.8110290527344,0.018350726,0.04498291,14.19055717164752,25.3891540527344,0.018983966,0.10827637,3.8235539339496096,23.3110290527344,0.017381793,0.10543823,1.8018992894150148,0,0,1
2020-04-26 02:00:00,984.7229,26.733300781250023,0.018426977,0.06427002,14.602855925608594,25.014550781250023,0.01876267,0.098968506,4.569674910453855,23.186425781250023,0.017213903,0.11242676,2.0748035498774597,0,0,1
2020-04-26 03:00:00,964.2692,26.675408935546898,0.018518459,0.090545654,14.770523462026832,24.691033935546898,0.018526088,0.08935547,4.957744920367986,23.003533935546898,0.017007839,0.1184082,2.36899776622398,0,0,1
2020-04-26 04:00:00,937.8502,26.635797119140648,0.018617561,0.09710693,14.823223317616373,24.417047119140648,0.018297127,0.08175659,5.259585322290263,22.823297119140648,0.016786506,0.11462402,2.702652010246375,0,0,1
2020-04-26 05:00:00,905.2806,26.622705078125023,0.018716661,0.09817505,14.862247202450185,24.185205078125023,0.018068163,0.068237305,5.662172462135606,22.669580078125023,0.01659569,0.11071777,3.0335664074471365,0,0,1
2020-04-26 06:00:00,840.7582,26.812463378906276,0.018769983,0.1015625,15.79654073389851,24.281213378906276,0.01805282,0.05517578,6.712632775725057,22.593713378906276,0.016481165,0.111206055,3.22188474429828,0,0,1
2020-04-26 07:00:00,865.8341,27.589379882812523,0.018586783,0.12069702,19.356321854622745,25.401879882812523,0.01850286,0.044281006,9.15329342964219,23.151879882812523,0.016816763,0.11129761,3.521039068467373,0,0,1
2020-04-26 08:00:00,879.0758000000001,28.437829589843773,0.01833494,0.13604736,20.895259074886837,27.469079589843773,0.018197611,0.037765503,11.33915072939398,24.281579589843773,0.016931131,0.09805298,3.938528068389192,0,0,1
2020-04-26 09:00:00,895.2249,29.210656738281276,0.018243326,0.15203857,20.58472621554974,29.960656738281276,0.017213358,0.03074646,11.881911196864989,26.366906738281276,0.016389383,0.07141113,3.919463673998112,0,0,1
2020-04-26 10:00:00,916.0621,29.746026611328148,0.018197514,0.1706543,20.021166145133385,31.855401611328148,0.016763188,0.023849487,10.843908127393084,28.136651611328148,0.01598499,0.053497314,3.513239938036276,0,0,1
2020-04-26 11:00:00,949.1169,30.138116455078148,0.018189883,0.18951416,19.51273603766989,33.32561645507815,0.016618228,0.021980286,9.235144048123972,29.388116455078148,0.015916323,0.045318604,2.567143883453608,0,0,1
2020-04-26 12:00:00,967.1938,30.364648437500023,0.018182272,0.19799805,18.820670480328317,34.30214843750002,0.016534323,0.045059204,7.742208479805707,30.161523437500023,0.016252035,0.03845215,1.5608983421569091,0,0,1
2020-04-26 13:00:00,1001.0942,30.376733398437523,0.018167047,0.19714355,18.19355468645164,34.62673339843752,0.016290216,0.108306885,6.753339475432475,30.595483398437523,0.016076593,0.050430298,1.1581337517841526,0,0,1
2020-04-26 14:00:00,1009.0907,30.2133728027344,0.018144155,0.18048096,17.74311800936735,34.2289978027344,0.0164428,0.16864014,6.236045413993993,30.6196228027344,0.016000295,0.049438477,1.0189936779404485,0,0,1
2020-04-26 15:00:00,999.151,29.954919433593773,0.018174663,0.15460205,17.539366097386317,33.12679443359377,0.016992107,0.21600342,6.208859008790588,30.283044433593773,0.015962139,0.0765686,1.08102896310857,0,0,1
2020-04-26 16:00:00,972.3005,29.584802246093773,0.018250937,0.13189697,17.58579512346575,31.428552246093773,0.017930502,0.26135254,6.26187636873714,29.397302246093773,0.01606893,0.08178711,1.428963584855029,0,0,1
2020-04-26 17:00:00,962.7952,29.011926269531276,0.018373022,0.104766846,17.794164982771235,29.574426269531276,0.019227514,0.28125,5.6975188326221,27.965051269531276,0.016923437,0.08377075,1.4545978096458616,0,0,1
2020-04-26 18:00:00,1024.6068,28.303857421875023,0.018617222,0.07330322,17.475090137953217,27.897607421875023,0.019830296,0.26159668,5.345784685364976,26.131982421875023,0.017999241,0.08648682,0.9056244519628917,0,0,1
2020-04-26 19:00:00,1133.8164,27.8073669433594,0.018823316,0.056610107,17.692182230373785,26.9792419433594,0.019593885,0.20361328,6.329692920992302,24.8386169433594,0.018457105,0.1171875,0.393526868949234,0,0,1
2020-04-26 20:00:00,1162.2132,27.523339843750023,0.018975912,0.0443573,17.739704406408745,26.445214843750023,0.01937264,0.15917969,6.853444938653892,24.226464843750023,0.017831502,0.1437378,0.4721111414104761,0,0,1
2020-04-26 21:00:00,1144.173,27.383752441406276,0.019105595,0.043167114,17.462394968534795,26.008752441406276,0.019334476,0.1383667,6.097505969505625,23.805627441406276,0.017587345,0.14477539,0.7480677868183526,0,0,1
2020-04-26 22:00:00,1125.6275,27.249658203125023,0.01918199,0.040420532,17.090737173075382,25.671533203125023,0.019265912,0.12145996,5.563914193391935,23.530908203125023,0.01728227,0.13946533,1.648614357956979,0,0,1
2020-04-26 23:00:00,1079.2741999999998,27.151208496093773,0.01918202,0.04220581,17.034429740083,25.401208496093773,0.019159133,0.10385132,4.9660884883338925,23.276208496093773,0.017030532,0.13653564,2.5033266650626222,0,0,1
2020-04-27 00:00:00,1054.5693,27.007928466796898,0.019243132,0.040405273,16.6338519171613,25.179803466796898,0.01902188,0.08157349,4.623763311882069,23.070428466796898,0.016862761,0.12683105,2.921577975429736,0,0,1
2020-04-27 01:00:00,1018.0679,26.864892578125023,0.019235738,0.037246704,16.786537662057878,25.005517578125023,0.018892415,0.06976318,4.49055523589223,22.911767578125023,0.016733296,0.1293335,3.0571296923663343,0,0,1
2020-04-27 02:00:00,1001.3217,26.7641540527344,0.01918251,0.042434692,17.21941640682406,24.8735290527344,0.018801041,0.058898926,4.395024464509855,22.8110290527344,0.016634293,0.14404297,3.071889248229907,0,0,1
2020-04-27 03:00:00,962.3618,26.692041015625023,0.019106343,0.04949951,17.62884136787307,24.754541015625023,0.018717244,0.05265808,4.411262602384082,22.785791015625023,0.016581014,0.15570068,3.0456263874128298,0,0,1
2020-04-27 04:00:00,947.0369,26.6223083496094,0.019037751,0.054901123,16.743423072553696,24.6691833496094,0.018648652,0.054244995,4.371998089467963,22.8566833496094,0.016603975,0.16119385,2.7843865134261248,0,0,1
2020-04-27 05:00:00,942.7494,26.545251464843773,0.018999657,0.057495117,15.03518840117373,24.607751464843773,0.01858767,0.059555054,4.419178731749483,22.982751464843773,0.01668032,0.15124512,2.32870320148714,0,0,1
2020-04-27 06:00:00,917.6094,26.719323730468773,0.019022621,0.06866455,14.524760332608816,24.844323730468773,0.018725075,0.065093994,5.3820900503937015,23.172448730468773,0.016855873,0.14672852,1.9035176778743517,0,0,1
2020-04-27 07:00:00,996.772,27.448693847656276,0.018862551,0.087371826,17.311515812080525,25.854943847656276,0.019190615,0.08230591,7.615847162724672,23.776818847656276,0.017313784,0.14324951,1.7000186631636809,0,0,1
2020-04-27 08:00:00,1070.459,28.200463867187523,0.018588072,0.11828613,19.26609780726856,27.387963867187523,0.019076353,0.092559814,9.847227343396671,24.762963867187523,0.017764097,0.14715576,2.0306983879543945,0,0,1
2020-04-27 09:00:00,1113.915,28.896142578125023,0.01832887,0.15216064,19.89880272412176,29.224267578125023,0.018275464,0.09957886,11.420074776907384,26.505517578125023,0.017367566,0.15930176,2.4422793145960067,0,0,1
2020-04-27 10:00:00,1154.1024,29.475061035156276,0.01814598,0.1807251,20.908490368326976,30.646936035156276,0.017840805,0.120025635,11.42594837618156,28.100061035156276,0.016856613,0.16674805,2.268182888558932,0,0,1
2020-04-27 11:00:00,1171.8059,29.9047790527344,0.01797073,0.19384766,22.303220316237056,31.4672790527344,0.017680813,0.14093018,11.148479806222287,29.1235290527344,0.016864467,0.17712402,1.6584091090936202,0,0,1
2020-04-27 12:00:00,1172.2556,30.090295410156276,0.017810674,0.19445801,23.446189951507847,32.09029541015627,0.017703863,0.15386963,10.899876543098328,29.668420410156276,0.0171164,0.19403076,1.3711010741991876,0,0,1
2020-04-27 13:00:00,1169.0902999999998,30.300317382812523,0.017673347,0.16937256,23.957170264454817,32.28469238281252,0.01775727,0.16455078,10.90957747189296,29.815942382812523,0.017108772,0.20983887,1.124261399043993,0,0,1
2020-04-27 14:00:00,1165.3919,30.388574218750023,0.01756657,0.14794922,23.816276113921976,31.982324218750023,0.017909892,0.16784668,11.03460436949638,29.622949218750023,0.017101176,0.21765137,0.7824933675021779,0,0,1
2020-04-27 15:00:00,1141.7342,30.152246093750023,0.017551389,0.11047363,23.129838453389223,31.308496093750023,0.018215146,0.16253662,11.41897297157612,28.917871093750023,0.01716229,0.2107544,0.3088751591446982,0,0,1
2020-04-27 16:00:00,1093.4947,29.723352050781276,0.017620094,0.0763855,22.1403779979165,30.348352050781276,0.01855851,0.13238525,11.398136629104016,27.832727050781276,0.017559059,0.21807861,0.2991628589671168,0,0,1
2020-04-27 17:00:00,1081.394,29.113488769531276,0.017818311,0.05860901,20.779410192290182,29.113488769531276,0.018932203,0.100097656,10.29383644943207,26.613488769531276,0.01833711,0.21551514,0.8081403174132473,0,0,1
2020-04-27 18:00:00,1106.736,28.405297851562523,0.018192109,0.048324585,19.21287936727712,27.499047851562523,0.019130524,0.09988403,8.761807545770234,25.530297851562523,0.018848237,0.2243042,1.1822952414415178,0,0,1
2020-04-27 19:00:00,1163.8817,27.865991210937523,0.018642247,0.044311523,18.322203751994188,26.475366210937523,0.01898557,0.08163452,8.838116235034724,24.881616210937523,0.018657506,0.21374512,1.761268039066806,0,0,1
2020-04-27 20:00:00,1175.8689000000002,27.546044921875023,0.01904665,0.043380737,17.885128454227516,25.858544921875023,0.018924579,0.058944702,8.286395991051103,24.452294921875023,0.018298969,0.19116211,2.3766730107904466,0,0,1
2020-04-27 21:00:00,1175.2638,27.386865234375023,0.019374792,0.041641235,17.39184200172284,25.480615234375023,0.018840734,0.039154053,7.708024849432427,24.121240234375023,0.018115941,0.15539551,2.702123474513127,0,0,1
2020-04-27 22:00:00,1136.5528,27.305261230468773,0.019573122,0.05583191,16.389924438749258,25.195886230468773,0.018756777,0.027107239,6.677749924576076,23.867761230468773,0.017948061,0.12817383,2.821752709054952,0,0,1
2020-04-27 23:00:00,1095.6771,27.227593994140648,0.019657092,0.06890869,15.35417734767727,24.961968994140648,0.01866527,0.026260376,5.922158750313606,23.696343994140648,0.017841296,0.10354614,2.7340551361462686,0,0,1
2020-04-28 00:00:00,1065.4096,27.111779785156276,0.019634513,0.056930542,14.794130965864682,24.783654785156276,0.018574027,0.035079956,5.596663826643901,23.564904785156276,0.017750053,0.09487915,2.596847914131012,0,0,1
2020-04-28 01:00:00,1013.7343,27.003778076171898,0.019420898,0.043258667,14.95438609004322,24.628778076171898,0.018474853,0.03930664,5.363859353800992,23.410028076171898,0.017605102,0.104278564,2.646044153740391,0,0,1
2020-04-28 02:00:00,992.0947,26.867028808593773,0.019100549,0.036575317,15.207974480283978,24.492028808593773,0.018383386,0.043945312,5.104182951401664,23.242028808593773,0.017422082,0.107543945,2.819908622925101,0,0,1
2020-04-28 03:00:00,965.8028,26.763055419921898,0.018871525,0.04321289,14.411564474851192,24.513055419921898,0.018367985,0.067993164,4.786999985601849,23.098992919921898,0.017254094,0.114715576,2.9425806189085533,0,0,1
2020-04-28 04:00:00,955.4273,26.722253417968773,0.018764596,0.05027771,13.754136423938457,24.566003417968773,0.018406015,0.082855225,4.658741216710119,23.003503417968773,0.017116647,0.12414551,2.925242428636708,0,0,1
2020-04-28 05:00:00,943.8393999999998,26.677819824218773,0.018764477,0.05215454,13.56349903839532,24.599694824218773,0.018451672,0.08761597,4.608390689559602,22.974694824218773,0.017032605,0.14361572,2.687332861382719,0,0,1
2020-04-28 06:00:00,913.1486,26.753137207031276,0.018833075,0.059890747,14.395656741320142,24.815637207031276,0.018604193,0.0942688,5.348425528323176,23.034387207031276,0.017040167,0.1673584,2.26918249815612,0,0,1
2020-04-28 07:00:00,986.7518,27.229150390625023,0.01878737,0.0743103,17.75596955832192,25.682275390625023,0.019054398,0.10015869,7.543574057915833,23.549462890625023,0.017353043,0.19067383,1.901230956665013,0,0,1
2020-04-28 08:00:00,1070.0677999999998,27.747460937500023,0.01860437,0.090911865,20.19772182497188,27.138085937500023,0.019397827,0.09121704,9.278096388056095,24.450585937500023,0.017757507,0.2019043,1.845199673245308,0,0,1
2020-04-28 09:00:00,1106.3291,28.299035644531276,0.01842124,0.10903931,21.64086824378187,28.845910644531276,0.018703528,0.104003906,11.172381346425263,25.861535644531276,0.017482825,0.20184326,2.0698821585740084,0,0,1
2020-04-28 10:00:00,1122.8998,28.781701660156276,0.018344862,0.12963867,22.433286594079554,30.016076660156276,0.018169386,0.12011719,11.080388906105547,27.234826660156276,0.017063124,0.19110107,1.8606262638599025,0,0,1
2020-04-28 11:00:00,1158.784,29.135461425781276,0.018321946,0.14385986,22.953463663260607,30.697961425781276,0.018009141,0.12878418,10.588287446735071,28.104211425781276,0.017002061,0.19232178,1.371934509724529,0,0,1
2020-04-28 12:00:00,1157.9589,29.4147888183594,0.018268535,0.13665771,23.178451369971985,31.1960388183594,0.018047282,0.123291016,10.50398741078258,28.5710388183594,0.017055461,0.18249512,0.883887890090141,0,0,1
2020-04-28 13:00:00,1170.7203,29.5588317871094,0.018207306,0.124298096,23.16353511731013,31.5900817871094,0.018245453,0.11260986,10.915906362677816,28.7463317871094,0.016971344,0.17608643,0.7241692498336245,0,0,1
2020-04-28 14:00:00,1177.5994,29.539880371093773,0.018085126,0.099823,23.20619510939004,31.696130371093773,0.018428449,0.12411499,11.159791590067451,28.539880371093773,0.0169102,0.17938232,0.9928661716639716,0,0,1
2020-04-28 15:00:00,1168.4799,29.302056884765648,0.018001238,0.07421875,23.43942671768053,31.302056884765648,0.018504778,0.11999512,10.515844390530397,27.927056884765648,0.017009417,0.17773438,1.584975288029997,0,0,1
2020-04-28 16:00:00,1110.013,28.901452636718773,0.017955486,0.05606079,24.01246098322084,30.588952636718773,0.01879472,0.12057495,9.346507422777147,26.979577636718773,0.01751298,0.16223145,2.0525543464964957,0,0,1
2020-04-28 17:00:00,1080.2013000000002,28.2924743652344,0.018016558,0.041290283,24.2088592328603,29.3393493652344,0.019572955,0.10519409,7.14751982454991,25.8549743652344,0.0180013,0.16326904,2.3151835403023373,0,0,1
2020-04-28 18:00:00,1135.6007,27.655145263671898,0.018169397,0.027153015,23.27789373878278,27.733270263671898,0.020046229,0.099487305,5.189577849313888,24.764520263671898,0.017948145,0.17785645,2.60474421411383,0,0,1
2020-04-28 19:00:00,1231.0159,27.270349121093773,0.018307002,0.017555237,22.11364678255121,26.817224121093773,0.019687923,0.09701538,5.743701769405262,23.989099121093773,0.017887386,0.18670654,2.5833615918818644,0,0,1
2020-04-28 20:00:00,1223.6609,27.079522705078148,0.018360414,0.017028809,21.229889194021474,26.251397705078148,0.019390382,0.08709717,6.68608010307799,23.626397705078148,0.017673768,0.17272949,2.669998570131069,0,0,1
2020-04-28 21:00:00,1216.8476,26.973657226562523,0.01836044,0.018196106,20.70285266625128,25.786157226562523,0.019268338,0.07757568,6.460152978650611,23.395532226562523,0.017460171,0.15283203,2.83628439554985,0,0,1
2020-04-28 22:00:00,1181.4154,26.893579101562523,0.018329933,0.01826477,20.590671982844032,25.424829101562523,0.01911576,0.067993164,5.980646726026848,23.252954101562523,0.017284706,0.13787842,2.986945789597444,0,0,1
2020-04-28 23:00:00,1136.3720999999998,26.789971923828148,0.018284194,0.017570496,20.62023484548631,25.102471923828148,0.018925063,0.064697266,5.964273354588503,23.149346923828148,0.017170303,0.12792969,2.9980942824402232,0,0,1
2020-04-29 00:00:00,1093.4022,26.648889160156276,0.018269073,0.021438599,20.473551202176065,24.867639160156276,0.018780243,0.062927246,6.000537504915738,23.086389160156276,0.017109405,0.13000488,2.8753089871430184,0,0,1
2020-04-29 01:00:00,1057.8607000000002,26.538415527343773,0.018261474,0.028160095,20.33797600862587,24.679040527343773,0.018650573,0.06674194,6.075709746544462,23.054040527343773,0.017101806,0.13586426,2.741585298584948,0,0,1
2020-04-29 02:00:00,1012.239,26.438653564453148,0.018276775,0.032669067,20.087151591443156,24.501153564453148,0.018520916,0.07507324,6.173109152714548,23.048028564453148,0.017124737,0.13806152,2.6645313895150604,0,0,1
2020-04-29 03:00:00,988.5268,26.354333496093773,0.018307421,0.03213501,19.6965606940356,24.354333496093773,0.018353198,0.0713501,6.332467748150958,23.026208496093773,0.017124865,0.15008545,2.631738411704745,0,0,1
2020-04-29 04:00:00,967.5189,26.264306640625023,0.01837633,0.026878357,18.247964589781567,24.201806640625023,0.018177966,0.05583191,6.28713064454988,22.990869140625023,0.017079333,0.1461792,2.3523278455345458,0,0,1
2020-04-29 05:00:00,964.8089,26.183892822265648,0.018467996,0.022254944,16.354468338761574,24.019830322265648,0.017979715,0.04386902,5.970066955037593,22.957330322265648,0.016987894,0.1482544,1.928876659217325,0,0,1
2020-04-29 06:00:00,935.0504,26.348962402343773,0.018567381,0.021064758,16.045240092135046,24.130212402343773,0.017972289,0.038619995,6.4697893186814825,22.981774902343773,0.01694995,0.15161133,1.607267708969638,0,0,1
2020-04-29 07:00:00,1007.3744,27.224023437500023,0.018468378,0.035995483,19.178223204986768,25.161523437500023,0.01843786,0.029121399,8.444874828759339,23.583398437500023,0.017232416,0.14630127,1.559013830951856,0,0,1
2020-04-29 08:00:00,1069.5205999999998,28.273828125000023,0.018171113,0.058395386,20.80777474864226,26.883203125000023,0.01846103,0.02079773,10.383856553742977,24.641015625000023,0.017286103,0.12957764,1.9922290321957543,0,0,1
2020-04-29 09:00:00,1105.466,29.293298339843773,0.017942654,0.07507324,20.28975711472205,28.980798339843773,0.01773666,0.01701355,10.831569308126952,26.355798339843773,0.016790615,0.11126709,1.8045726154965944,0,0,1
2020-04-29 10:00:00,1130.7314,30.188073730468773,0.017859133,0.096710205,19.62234685178304,30.641198730468773,0.01739374,0.018196106,9.820486112166142,27.922448730468773,0.016401919,0.09524536,1.0282334511090885,0,0,1
2020-04-29 11:00:00,1143.8131999999998,30.880822753906276,0.0178514,0.12072754,19.24455180168797,31.943322753906276,0.017279195,0.027198792,8.788913084667458,28.880822753906276,0.016638326,0.09057617,0.3956453770772862,0,0,1
2020-04-29 12:00:00,1166.7179,31.3439880371094,0.017881753,0.14215088,18.9404700641246,32.7658630371094,0.017362954,0.075042725,7.564732155000882,29.4689880371094,0.01640165,0.08843994,1.146708785649342,0,0,1
2020-04-29 13:00:00,1175.9593,31.579309082031276,0.017881602,0.15063477,18.941044952666307,33.06368408203127,0.01727125,0.14355469,6.802751408045537,29.657434082031276,0.016073436,0.08377075,1.6807545885689847,0,0,1
2020-04-29 14:00:00,1175.9572,31.606103515625023,0.017858628,0.13861084,19.182873717015624,33.01235351562502,0.017255906,0.1807251,6.618653103818889,29.340478515625023,0.016012315,0.09451294,1.8974063361651488,0,0,1
2020-04-29 15:00:00,1152.6385,31.398797607421898,0.017789954,0.12374878,19.55570506491488,32.3362976074219,0.017431373,0.19122314,6.718446759145208,28.664422607421898,0.016119117,0.09692383,1.695896753988866,0,0,1
2020-04-29 16:00:00,1106.4514,30.853967285156276,0.017721374,0.09933472,20.57970123163121,31.541467285156276,0.01775952,0.18560791,7.057642799416479,27.744592285156276,0.016432006,0.07952881,1.2405194292864807,0,0,1
2020-04-29 17:00:00,1106.2496,29.867242431640648,0.017752089,0.06918335,21.93701546940873,30.289117431640648,0.018515028,0.1449585,6.566347121517691,26.539117431640648,0.017034926,0.05836487,1.046220638109251,0,0,1
2020-04-29 18:00:00,1182.7354,28.640985107421898,0.017935112,0.04737854,22.45428669195988,28.375360107421898,0.019293144,0.114593506,5.061988041740409,25.172235107421898,0.017614678,0.05152893,1.2404759170934456,0,0,1
2020-04-29 19:00:00,1210.4366,27.772119140625023,0.018171454,0.031028748,22.322458099862505,27.193994140625023,0.01910987,0.09677124,5.642803733807466,24.131494140625023,0.017400885,0.03967285,1.926905691946105,0,0,1
2020-04-29 20:00:00,1222.136,27.358972167968773,0.01830863,0.026107788,20.881408570231876,26.546472167968773,0.018774023,0.08218384,6.344378784286788,23.562097167968773,0.017347327,0.041625977,2.285616446299894,0,0,1
2020-04-29 21:00:00,1221.1557,27.182275390625023,0.01832374,0.028785706,19.15603123600616,26.010400390625023,0.018636545,0.06970215,5.709639639898904,23.229150390625023,0.017148813,0.041412354,2.505574894111739,0,0,1
2020-04-29 22:00:00,1199.0642,27.075006103515648,0.018331243,0.0342865,17.769646487865508,25.559381103515648,0.0186059,0.06335449,4.725084358552191,22.996881103515648,0.016935064,0.03881836,2.55770990891851,0,0,1
2020-04-29 23:00:00,1150.5085,26.931024169921898,0.018422758,0.038879395,16.55907891407073,25.181024169921898,0.018552458,0.064697266,3.991463105832212,22.806024169921898,0.016729033,0.043426514,2.44393099238998,0,0,1
2020-04-30 00:00:00,1099.5131,26.7541442871094,0.018476257,0.036727905,15.563608741330611,24.8791442871094,0.018460998,0.05656433,3.56963540098717,22.6447692871094,0.016530761,0.050567627,2.249796743748998,0,0,1
2020-04-30 01:00:00,1052.6371,26.592004394531276,0.018514464,0.033706665,14.90382700678729,24.654504394531276,0.018346617,0.046295166,3.291744452575473,22.506066894531276,0.016355345,0.06277466,2.2056605451254,0,0,1
2020-04-30 02:00:00,1021.892,26.439874267578148,0.018529527,0.037719727,14.451534942095847,24.439874267578148,0.018209092,0.038208008,3.112382633799978,22.361749267578148,0.01623308,0.06338501,2.357854116993978,0,0,1
2020-04-30 03:00:00,1001.5128,26.321069335937523,0.018559838,0.04335022,13.56817107861104,24.250756835937523,0.018094445,0.031585693,3.061161326334791,22.235131835937523,0.01614132,0.05986023,2.6179305221512346,0,0,1
2020-04-30 04:00:00,969.8695,26.236383056640648,0.01858256,0.04408264,12.61439220801335,24.119195556640648,0.018017985,0.02760315,3.0657363731381926,22.142633056640648,0.016080119,0.055725098,2.8764646580854207,0,0,1
2020-04-30 05:00:00,962.8596,26.149285888671898,0.018612806,0.04840088,12.011703258374157,24.024285888671898,0.017941419,0.03173828,3.0038481398419687,22.102410888671898,0.01603407,0.053390503,3.055822550832012,0,0,1
2020-04-30 06:00:00,937.5783,26.3334899902344,0.018681202,0.05760193,12.67051734885736,24.4116149902344,0.018131886,0.04309082,3.453123109566702,22.1928649902344,0.016094837,0.052139282,3.030089685226957,0,0,1
2020-04-30 07:00:00,1011.4797,27.180200195312523,0.018497843,0.094329834,15.839752899323306,25.945825195312523,0.018574137,0.054611206,5.617372789152161,23.086450195312523,0.016613383,0.051818848,2.966423565480228,0,0,1
2020-04-30 08:00:00,1090.987,28.029962158203148,0.018108524,0.12045288,16.5493490315825,28.108087158203148,0.01816193,0.09283447,8.01767860206529,24.639337158203148,0.016704716,0.053482056,2.6623232393287948,0,0,1
2020-04-30 09:00:00,1112.7991,29.057641601562523,0.017902555,0.1293335,15.855680777407164,29.948266601562523,0.01759738,0.11489868,8.25671607181253,26.807641601562523,0.016124906,0.057907104,2.040028310467118,0,0,1
2020-04-30 10:00:00,1142.3236,30.014520263671898,0.017856594,0.13708496,15.348530264706817,31.358270263671898,0.017353054,0.10736084,7.452548713716824,28.545770263671898,0.016040798,0.056503296,1.2285138279063268,0,0,1
2020-04-30 11:00:00,1170.9833999999998,30.844537353515648,0.018024215,0.11941528,15.11173320935823,32.43828735351565,0.01720024,0.10739136,6.425784034241419,29.719537353515648,0.01632286,0.07394409,1.3733782003574957,0,0,1
2020-04-30 12:00:00,1167.6302,31.501824951171898,0.018230109,0.10687256,14.863509535451216,33.2205749511719,0.017253546,0.10070801,5.620904728704913,30.283074951171898,0.016521124,0.09408569,2.274416469312273,0,0,1
2020-04-30 13:00:00,1190.5332,31.862390136718773,0.018283494,0.10739136,14.58253704462001,33.76864013671877,0.017230637,0.09509277,5.492089582414166,30.378015136718773,0.016780503,0.11114502,3.013949587592107,0,0,1
2020-04-30 14:00:00,1174.5494,31.974633789062523,0.018207168,0.10696411,14.654521736454546,33.81838378906252,0.017154312,0.08755493,5.399181971578587,30.099633789062523,0.017024612,0.121032715,3.336861538628553,0,0,1
2020-04-30 15:00:00,1144.5883,31.870385742187523,0.018084986,0.09976196,15.121186607665027,33.55788574218752,0.017055018,0.06842041,5.197777254710652,29.511010742187523,0.017215235,0.12121582,3.124883161267942,0,0,1
2020-04-30 16:00:00,1104.0287,31.494592285156276,0.017970527,0.08416748,15.9535204407405,32.74459228515627,0.017032111,0.055130005,4.995680549243061,28.650842285156276,0.01742884,0.091918945,2.6885788158366224,0,0,1
2020-04-30 17:00:00,1100.9862999999998,30.644158935546898,0.017871404,0.06829834,17.20687451155912,31.503533935546898,0.01741364,0.04386902,4.461136617676018,27.503533935546898,0.017901922,0.07659912,2.3611586986558186,0,0,1
2020-04-30 18:00:00,1151.9949,29.432092285156276,0.0179553,0.04762268,18.502671249951696,29.135217285156276,0.018405434,0.039855957,2.621791780990253,26.135217285156276,0.018039223,0.077941895,2.157385273487728,0,0,1
2020-04-30 19:00:00,1207.1161,28.401788330078148,0.018123155,0.03135681,19.87509459275102,27.745538330078148,0.018214708,0.04486084,2.5128387735200866,25.011163330078148,0.01807738,0.09265137,1.904527787983044,0,0,1
2020-04-30 20:00:00,1221.4015,27.721520996093773,0.018207163,0.026809692,20.634748228962145,27.002770996093773,0.017879099,0.045272827,3.204919679620189,24.377770996093773,0.01799354,0.100738525,1.6471173877156575,0,0,1
2020-04-30 21:00:00,1219.1667,27.382775878906276,0.018260732,0.023704529,20.39863905013411,26.351525878906276,0.017772451,0.045776367,4.011505481433321,23.960900878906276,0.01779534,0.09466553,1.466172112545023,0,0,1
2020-04-30 22:00:00,1193.4384,27.180993652343773,0.01826106,0.021461487,19.663699899815395,25.852868652343773,0.017849073,0.052520752,4.50172143435126,23.696618652343773,0.017566785,0.08047485,1.3730029150924243,0,0,1
2020-04-30 23:00:00,1155.1695,27.004846191406276,0.018330127,0.022644043,18.956646416478183,25.426721191406276,0.017834216,0.053833008,4.451073514915325,23.489221191406276,0.017345935,0.06576538,1.5952883263679676,0,0,1
2020-05-01 00:00:00,1102.9328,26.8740173339844,0.01843737,0.036209106,17.919881739566772,25.0615173339844,0.017796502,0.055648804,4.158032365251884,23.3115173339844,0.017140374,0.055389404,1.8021118054501937,12,1,1
2020-05-01 01:00:00,1078.1345,26.768365478515648,0.018582689,0.05091858,16.628721176956365,24.799615478515648,0.017766343,0.06472778,3.771602701062489,23.143365478515648,0.016942369,0.05305481,1.8608561500429444,12,1,1
2020-05-01 02:00:00,1028.1121,26.687829589843773,0.018697305,0.06271362,15.906288256646036,24.640954589843773,0.017766519,0.070129395,3.455990806090524,23.023767089843773,0.016789956,0.061813354,1.870862974457391,12,1,1
2020-05-01 03:00:00,1000.8457,26.642663574218773,0.018735314,0.05897522,15.762716249802168,24.572351074218773,0.017812157,0.067871094,3.261924114043926,22.955163574218773,0.01665249,0.07614136,1.8634076921278653,12,1,1
2020-05-01 04:00:00,970.6304,26.604272460937523,0.01879625,0.043167114,15.39494716435751,24.518334960937523,0.017873093,0.06826782,3.11890728081852,22.885522460937523,0.01653795,0.093811035,1.7424674947544587,12,1,1
2020-05-01 05:00:00,954.8015,26.555871582031276,0.018849613,0.0340271,15.132216275925572,24.493371582031276,0.017949345,0.07080078,3.05110909042452,22.829309082031276,0.016453983,0.109375,1.6066253594606077,12,1,1
2020-05-01 06:00:00,896.3394999999999,26.717919921875023,0.018834364,0.026489258,16.229479860443075,24.811669921875023,0.018094312,0.06741333,3.843791555784797,22.858544921875023,0.016469251,0.12112427,1.5406629917497658,12,1,1
2020-05-01 07:00:00,914.143,27.435144042968773,0.018643433,0.029678345,19.691434595669936,26.263269042968773,0.018269593,0.0741272,6.424930931343479,23.778894042968773,0.016705567,0.11959839,1.541924604368695,12,1,1
2020-05-01 08:00:00,979.6018,28.370751953125023,0.018437268,0.049743652,20.70092784626547,28.355126953125023,0.018017652,0.08898926,8.9701011697939,25.448876953125023,0.01665199,0.13244629,1.3987714963186713,12,1,1
2020-05-01 09:00:00,1002.0474,29.390924072265648,0.018322699,0.07687378,20.137989775599465,30.078424072265648,0.017697088,0.12884521,9.46845111639592,27.390924072265648,0.01654505,0.13519287,0.7114872988440463,12,1,1
2020-05-01 10:00:00,1021.4722,30.297143554687523,0.018276867,0.11495972,19.497081925592894,31.172143554687523,0.01746815,0.16809082,9.28097034379816,28.890893554687523,0.016796764,0.13201904,0.3304528252843181,12,1,1
2020-05-01 11:00:00,1040.6137,30.919702148437523,0.018299768,0.15130615,19.08352688131784,31.935327148437523,0.017368982,0.18096924,8.964792738825459,29.841577148437523,0.016949365,0.16766357,1.3421325796701489,12,1,1
2020-05-01 12:00:00,1073.7033,31.283959960937523,0.018406669,0.17254639,19.000147094157175,32.54958496093752,0.017399589,0.17785645,8.400790259108906,30.205834960937523,0.017224113,0.21252441,2.3236283347715223,12,1,1
2020-05-01 13:00:00,1073.6495,31.491906738281276,0.018521275,0.18218994,19.361913943302497,33.03878173828127,0.017346349,0.16253662,7.943458024728588,29.741906738281276,0.017476048,0.26782227,2.9464334150992872,12,1,1
2020-05-01 14:00:00,1079.3951,31.409448242187523,0.018551944,0.16625977,20.06411140031324,33.39382324218752,0.017285464,0.17047119,7.730083548426201,29.018823242187523,0.017682193,0.28686523,2.8370719368318653,12,1,1
2020-05-01 15:00:00,1089.6387,31.137841796875023,0.018483428,0.122558594,20.90114252353355,33.01284179687502,0.017247466,0.1829834,7.558870906982586,28.419091796875023,0.017773895,0.2906494,2.451479243365494,12,1,1
2020-05-01 16:00:00,1053.0395,30.644616699218773,0.018323356,0.06881714,21.83929113893516,32.26961669921877,0.01727813,0.1873169,6.930392188332075,27.722741699218773,0.017743522,0.28723145,2.335193288387482,12,1,1
2020-05-01 17:00:00,1049.8211,29.768151855468773,0.018193692,0.031295776,22.651537184942228,31.065026855468773,0.017873257,0.17895508,5.566701061271964,26.799401855468773,0.017613858,0.25891113,2.6702414407756323,12,1,1
2020-05-01 18:00:00,1112.8875,28.655572509765648,0.018246872,0.015625,22.530120829780124,29.280572509765648,0.019124253,0.15887451,3.02060860229815,25.639947509765648,0.018002732,0.2397461,2.5366147982507297,12,1,1
2020-05-01 19:00:00,1189.1761,27.863092041015648,0.0183611,0.019088745,22.399950286265117,28.191217041015648,0.019352922,0.1461792,2.8824077191763244,24.769342041015648,0.018315325,0.2310791,2.129775827861337,12,1,1
2020-05-01 20:00:00,1189.9854,27.490533447265648,0.018444799,0.029014587,22.1645109087307,27.349908447265648,0.01956632,0.11203003,3.653633049715734,24.209283447265648,0.018399023,0.21844482,2.0223994723069585,12,1,1
2020-05-01 21:00:00,1180.4964,27.372155761718773,0.018467546,0.031906128,21.955305274295323,26.762780761718773,0.019512773,0.09777832,4.742255772408697,23.965905761718773,0.01827681,0.20214844,2.4919578393810897,12,1,1
2020-05-01 22:00:00,1187.4785,27.313562011718773,0.01863535,0.030281067,21.07526377448364,26.266687011718773,0.019451695,0.08892822,4.877709401698278,23.813562011718773,0.01812418,0.17626953,2.6883003905994296,12,1,1
2020-05-01 23:00:00,1138.2879,27.254235839843773,0.018856656,0.027679443,20.23008542248826,25.910485839843773,0.019390713,0.07736206,4.392431568704788,23.722985839843773,0.018009793,0.16192627,2.6417299060492336,12,1,1
2020-05-02 00:00:00,1086.0356000000002,27.189752197265648,0.01901679,0.030769348,19.973600725761703,25.627252197265648,0.019245671,0.06552124,4.304698880660007,23.642877197265648,0.017933415,0.15209961,2.5842196361333336,0,0,1
2020-05-02 01:00:00,1050.7269,27.139978027343773,0.019169373,0.03477478,19.23191286568095,25.389978027343773,0.019108338,0.05557251,4.703091319017428,23.530603027343773,0.01783423,0.14324951,2.6068017114924875,0,0,1
2020-05-02 02:00:00,1010.9351,27.094506835937523,0.019283695,0.04185486,18.14451629776025,25.203881835937523,0.019001408,0.049118042,5.298170223711332,23.414819335937523,0.01771967,0.1338501,2.59058686931236,0,0,1
2020-05-02 03:00:00,994.0941,27.048364257812523,0.01937517,0.051330566,16.898446845741173,25.048364257812523,0.018909777,0.04849243,5.544029715619398,23.321801757812523,0.01760515,0.123413086,2.3785905299653245,0,0,1
2020-05-02 04:00:00,968.5888,27.043572998046898,0.019367533,0.0619812,18.111782803759723,24.918572998046898,0.018841105,0.051818848,5.649649573742721,23.277947998046898,0.01751359,0.11791992,2.2291938860886247,0,0,1
2020-05-02 05:00:00,938.6305,27.018090820312523,0.019397989,0.06741333,19.38268036249548,24.814965820312523,0.018772379,0.05456543,5.69810261517691,23.244653320312523,0.017437235,0.11526489,2.2381405899028994,0,0,1
2020-05-02 06:00:00,895.8396,27.057458496093773,0.019504793,0.076812744,20.151404872791577,24.963708496093773,0.018848665,0.046722412,6.669747538442703,23.252770996093773,0.01739145,0.10839844,2.590139104649817,0,0,1
2020-05-02 07:00:00,920.253,27.490747070312523,0.019336984,0.08758545,23.957651082903688,25.725122070312523,0.01926069,0.041763306,9.109031525772892,23.740747070312523,0.01762037,0.10229492,3.3133864558993245,0,0,1
2020-05-02 08:00:00,947.2906,28.0747009277344,0.018856348,0.096221924,27.99524659271837,26.9809509277344,0.019535365,0.051101685,11.460344357734265,24.7934509277344,0.01756698,0.08370972,4.209957267743704,0,0,1
2020-05-02 09:00:00,958.5494,28.630792236328148,0.018543383,0.09170532,30.21176025596112,28.583917236328148,0.018848559,0.047073364,15.067410964360976,26.552667236328148,0.017025134,0.07394409,4.350115208908843,0,0,1
2020-05-02 10:00:00,976.6254,29.106652832031276,0.018329442,0.04977417,31.22592295129411,30.044152832031276,0.01835233,0.044326782,15.989697897170336,28.012902832031276,0.016780674,0.061203003,3.7366545980929535,0,0,1
2020-05-02 11:00:00,992.1751,29.544152832031276,0.018146144,0.037979126,30.26940957074847,31.262902832031276,0.018245326,0.039779663,15.221082662605673,28.997277832031276,0.016872035,0.052246094,2.5267628379760594,0,0,1
2020-05-02 12:00:00,1024.23,29.753045654296898,0.017932452,0.10064697,28.04584505856132,32.2061706542969,0.018252887,0.07342529,13.985560125672786,29.643670654296898,0.016871966,0.050216675,1.5941429685927355,0,0,1
2020-05-02 13:00:00,1032.2971,29.639978027343773,0.017749384,0.10772705,26.45875817946515,32.10872802734377,0.01817663,0.097717285,12.998684825394506,29.952478027343773,0.016948298,0.06726074,0.9939442714596508,0,0,1
2020-05-02 14:00:00,1041.2114,29.413964843750023,0.01767304,0.040802002,26.60004118722581,32.08583984375002,0.018123174,0.10494995,12.816748444123087,29.820214843750023,0.0169101,0.06640625,0.4591364630471092,0,0,1
2020-05-02 15:00:00,1044.0354,29.067834472656276,0.017703522,0.015132904,26.43268708268482,31.302209472656276,0.018016327,0.11105347,11.981662109164713,29.427209472656276,0.016765106,0.06918335,0.562009564220763,0,0,1
2020-05-02 16:00:00,1000.8685,28.616418457031276,0.017703528,0.018295288,25.43976794730822,30.147668457031276,0.01830625,0.10076904,10.23011114065704,28.553918457031276,0.016940588,0.07879639,0.976483978166415,0,0,1
2020-05-02 17:00:00,1005.508,28.136773681640648,0.017802754,0.033706665,24.306549206964487,28.808648681640648,0.018893758,0.088531494,8.400048351148685,27.136773681640648,0.017779866,0.09674072,1.0964048111454794,0,0,1
2020-05-02 18:00:00,1082.6293999999998,27.592675781250023,0.018100359,0.042434692,22.7756991935458,27.405175781250023,0.018992998,0.096466064,7.618736155671832,25.655175781250023,0.018382646,0.123931885,1.1677268057708214,0,0,1
2020-05-02 19:00:00,1181.8372,27.260583496093773,0.018413095,0.041152954,21.630647279575303,26.510583496093773,0.018802194,0.090911865,7.807657796271035,24.760583496093773,0.01835206,0.1459961,1.3004900054679591,0,0,1
2020-05-02 20:00:00,1204.7451,27.116723632812523,0.018580846,0.041641235,21.20873853415052,25.960473632812523,0.018573217,0.07803345,8.248987614330437,24.319848632812523,0.017924719,0.14245605,1.9496244655813109,0,0,1
2020-05-02 21:00:00,1194.4582,27.006127929687523,0.018649468,0.04927063,21.44108411183131,25.599877929687523,0.018473992,0.065826416,8.725039707738375,23.990502929687523,0.017642388,0.13079834,2.890932554637245,0,0,1
2020-05-02 22:00:00,1182.202,26.919305419921898,0.018680016,0.05241394,22.51346520912888,25.309930419921898,0.018458763,0.051239014,9.009699820578575,23.684930419921898,0.017451683,0.119506836,3.9278571062531737,0,0,1
2020-05-02 23:00:00,1136.3888000000002,26.826135253906276,0.01868013,0.052093506,23.680209276975727,25.076135253906276,0.018405471,0.04046631,9.610837553047569,23.451135253906276,0.017367873,0.10586548,4.494040605807238,0,0,1
2020-05-03 00:00:00,1114.5166000000002,26.736230468750023,0.018626895,0.05128479,25.034583696546164,24.814355468750023,0.01830646,0.034576416,10.111706972089545,23.283105468750023,0.017329898,0.106292725,4.906919504152596,0,0,1
2020-05-03 01:00:00,1074.8315,26.659356689453148,0.018588891,0.050582886,25.693672986612263,24.659356689453148,0.01823794,0.031677246,10.646685920113496,23.174981689453148,0.017307153,0.11730957,5.133860458623526,0,0,1
2020-05-03 02:00:00,1043.4265999999998,26.618341064453148,0.018604035,0.03466797,25.53536556247393,24.571466064453148,0.018207306,0.031044006,10.331180745358282,23.102716064453148,0.017253632,0.12786865,5.0706254981816645,0,0,1
2020-05-03 03:00:00,1009.8192,26.537500000000023,0.018649679,0.019729614,25.44886316184809,24.459375000000023,0.018169027,0.036392212,9.783163859661173,23.045312500000023,0.017200094,0.11898804,4.733091564899072,0,0,1
2020-05-03 04:00:00,1000.1077,26.491296386718773,0.018619034,0.013011932,25.9620220582964,24.366296386718773,0.018115494,0.037750244,9.472777681244876,23.014733886718773,0.017085526,0.10470581,4.295184719478846,0,0,1
2020-05-03 05:00:00,958.8411999999998,26.482629394531276,0.018504495,0.009235382,25.06555222949089,24.279504394531276,0.018092507,0.033432007,8.832489198861103,22.998254394531276,0.016948098,0.104003906,4.246895553842284,0,0,1
2020-05-03 06:00:00,876.8529000000001,26.675805664062523,0.018374966,0.013820648,23.31443860540827,24.472680664062523,0.018222379,0.03538513,8.597537668494487,23.035180664062523,0.01693301,0.1043396,4.137925721362419,0,0,1
2020-05-03 07:00:00,889.4286,27.5300231933594,0.018107826,0.020721436,27.066890713119907,25.6862731933594,0.018779213,0.035995483,10.697387747214636,23.6393981933594,0.017138893,0.10192871,3.9983988823764336,0,0,1
2020-05-03 08:00:00,899.1591,28.5251403808594,0.017764471,0.022766113,30.676630625019857,27.5876403808594,0.01866474,0.039535522,13.999537024335911,24.9313903808594,0.017047308,0.1026001,4.038838647066124,0,0,1
2020-05-03 09:00:00,901.198,29.450067138671898,0.017672773,0.017494202,31.02659029638806,29.184442138671898,0.017855879,0.028678894,15.198262787978797,26.731317138671898,0.016741987,0.09640503,3.723705788894457,0,0,1
2020-05-03 10:00:00,927.0219,30.2622009277344,0.017710915,0.015945435,30.630592940342392,30.2465759277344,0.01738285,0.018249512,14.708890165139472,28.2153259277344,0.016574135,0.092315674,2.9388595876052293,0,0,1
2020-05-03 11:00:00,956.1288,30.732080078125023,0.017726324,0.02494049,29.87792000390532,31.044580078125023,0.017062567,0.013553619,14.088422299296,28.872705078125023,0.016734503,0.08843994,1.4494604405810838,0,0,1
2020-05-03 12:00:00,941.6946,30.881402587890648,0.017779928,0.038528442,28.48680892045831,31.678277587890648,0.016925436,0.014953613,13.670360781102232,28.928277587890648,0.016902547,0.0932312,0.3689606963747382,0,0,1
2020-05-03 13:00:00,978.5727,30.832299804687523,0.01785647,0.058059692,27.338186297808985,31.972924804687523,0.016872277,0.0211792,13.40780976298444,28.722924804687523,0.0169562,0.107910156,0.4755709507517597,0,0,1
2020-05-03 14:00:00,988.7182,30.515222167968773,0.017902454,0.06845093,27.268435799333684,32.01522216796877,0.016880115,0.02533722,13.272789981309108,28.343347167968773,0.01707085,0.1184082,0.5108927505915152,0,0,1
2020-05-03 15:00:00,1025.4679,29.927758789062523,0.017940652,0.07321167,27.57238233631972,31.630883789062523,0.01683439,0.03475952,13.212966653744676,27.802758789062523,0.017192971,0.11682129,0.741121767734139,0,0,1
2020-05-03 16:00:00,1024.8079,29.189904785156276,0.018016977,0.07922363,27.127701545875748,30.611779785156276,0.01697175,0.030349731,12.256923926624756,26.971154785156276,0.017536325,0.11541748,1.265128915837031,0,0,1
2020-05-03 17:00:00,1032.9768,28.486779785156276,0.018184802,0.07333374,26.19817802558704,29.143029785156276,0.017414233,0.032730103,9.97683739052695,25.971154785156276,0.017910143,0.13671875,1.95334259530086,0,0,1
2020-05-03 18:00:00,1079.9978,27.912988281250023,0.01840602,0.06097412,24.89812883447284,27.537988281250023,0.017635452,0.03665161,8.481922003281507,25.037988281250023,0.017994033,0.14019775,2.686387269075001,0,0,1
2020-05-03 19:00:00,1183.8685,27.585290527343773,0.018627243,0.053588867,24.06919194689681,26.647790527343773,0.017673569,0.038208008,8.751303029721779,24.429040527343773,0.01791008,0.13085938,2.970006549134403,0,0,1
2020-05-03 20:00:00,1194.9295,27.429864501953148,0.018833224,0.054260254,23.468359761860423,26.086114501953148,0.017887179,0.049865723,8.12009987830762,24.164239501953148,0.017688815,0.11328125,3.067537687485167,0,0,1
2020-05-03 21:00:00,1187.4266,27.332788085937523,0.019016344,0.05593872,22.37713070064066,25.739038085937523,0.017986376,0.0544281,7.829691524348522,23.973413085937523,0.017490465,0.11468506,3.276233954595916,0,0,1
2020-05-03 22:00:00,1167.7994,27.213769531250023,0.019161377,0.06149292,21.42891073601342,25.495019531250023,0.01799408,0.05456543,7.774241714052607,23.807519531250023,0.017391358,0.12060547,3.4613723943195702,0,0,1
2020-05-03 23:00:00,1137.57,27.080041503906276,0.019237768,0.07345581,20.82963874141019,25.298791503906276,0.017971288,0.056137085,7.98053379654108,23.673791503906276,0.01731516,0.12579346,3.628675764995352,0,0,1
2020-05-04 00:00:00,1110.7887,26.953637695312523,0.019283617,0.08331299,20.36409447259968,25.141137695312523,0.017940843,0.058792114,8.182845076881641,23.563012695312523,0.01723131,0.12890625,3.7857574457859786,0,0,1
2020-05-04 01:00:00,1081.332,26.843804931640648,0.01930661,0.08883667,20.192581559489145,25.000054931640648,0.017925689,0.057037354,8.031300461903726,23.460992431640648,0.01715512,0.1251831,3.884733809258857,0,0,1
2020-05-04 02:00:00,1043.9713,26.743676757812523,0.019352503,0.09524536,20.13068978004748,24.868676757812523,0.017925806,0.05215454,7.54652142756769,23.360864257812523,0.017071314,0.12640381,3.860442604325033,0,0,1
2020-05-04 03:00:00,1026.6849,26.6760192871094,0.019428894,0.095214844,19.972235611280475,24.7541442871094,0.017925903,0.058181763,7.079750838340527,23.2853942871094,0.016995117,0.124694824,3.683370788234188,0,0,1
2020-05-04 04:00:00,1011.514,26.657830810546898,0.019482337,0.08795166,19.67967931997895,24.673455810546898,0.017887793,0.06600952,6.574052366711394,23.243768310546898,0.016911231,0.11880493,3.533034663952688,0,0,1
2020-05-04 05:00:00,1009.2842,26.664758300781276,0.01955099,0.07342529,19.0576509025211,24.617883300781276,0.017842006,0.0697937,6.20714408219799,23.219445800781276,0.016873073,0.111328125,3.50824454792485,0,0,1
2020-05-04 06:00:00,978.4936,26.771203613281276,0.019619282,0.06607056,18.684175962468466,24.771203613281276,0.01787978,0.07171631,6.168060366220117,23.239953613281276,0.01688033,0.118011475,3.5683904396546526,0,0,1
2020-05-04 07:00:00,1041.7022,27.312188720703148,0.019580623,0.0630188,20.46793976509456,25.687188720703148,0.018047115,0.07727051,7.8742842866729,23.874688720703148,0.017024776,0.11590576,3.7661039486283134,0,0,1
2020-05-04 08:00:00,1113.8424,27.990991210937523,0.019366557,0.06906128,22.998440591773186,26.928491210937523,0.018176371,0.087127686,9.26951350889184,25.084741210937523,0.01694041,0.09713745,3.8746781147811578,0,0,1
2020-05-04 09:00:00,1142.9317,28.825524902343773,0.019099124,0.072753906,24.37524361356627,28.341149902343773,0.018092044,0.12609863,11.585170770999143,26.434899902343773,0.016779788,0.080078125,3.549220304427918,0,0,1
2020-05-04 10:00:00,1184.6485,29.757409667968773,0.018953906,0.084228516,24.447186079926716,29.241784667968773,0.017984973,0.15844727,11.894725848931545,27.804284667968773,0.016588794,0.07409668,3.2840697505085736,0,0,1
2020-05-04 11:00:00,1188.3393999999998,30.553308105468773,0.01891555,0.08477783,24.21427955212617,29.943933105468773,0.017961876,0.14111328,11.778407834392612,29.053308105468773,0.016725915,0.08520508,2.8692617072205344,0,0,1
2020-05-04 12:00:00,1211.3422,31.028588867187523,0.018938372,0.073028564,24.192193517183423,30.450463867187523,0.01796181,0.10458374,11.911512355150965,29.841088867187523,0.016863177,0.10644531,2.0532123808359857,0,0,1
2020-05-04 13:00:00,1220.2101,31.121209716796898,0.01892303,0.06845093,23.86678659135464,30.761834716796898,0.017984614,0.0982666,11.938640120620418,30.105584716796898,0.016977534,0.12057495,1.4955469240691657,0,0,1
2020-05-04 14:00:00,1203.3972,30.863732910156276,0.018839074,0.07369995,22.60931975362549,30.676232910156276,0.0180151,0.14886475,11.537221800652071,30.082482910156276,0.017107202,0.1274414,1.2200408349863832,0,0,1
2020-05-04 15:00:00,1162.6518999999998,30.423974609375023,0.01872467,0.08493042,21.5906744853292,30.080224609375023,0.01811432,0.1954956,10.731461292601738,29.580224609375023,0.017305603,0.13586426,0.7315500487449775,0,0,1
2020-05-04 16:00:00,1119.5835,29.841333007812523,0.018671123,0.08987427,21.101584873067555,29.231958007812523,0.018419353,0.20855713,9.403549364275296,28.778833007812523,0.017480938,0.14538574,0.3402864348462956,0,0,1
2020-05-04 17:00:00,1082.7445,29.065209960937523,0.0187855,0.086242676,20.9058289352917,28.158959960937523,0.018831277,0.18292236,8.044459854495264,27.690209960937523,0.018075967,0.14654541,0.6345954573026873,0,0,1
2020-05-04 18:00:00,1159.2763,28.287774658203148,0.019098334,0.07128906,20.529038167460616,27.053399658203148,0.019037299,0.13452148,7.176436968203215,26.537774658203148,0.018472724,0.15203857,0.7241745166788409,0,0,1
2020-05-04 19:00:00,1251.1961,27.766442871093773,0.019449385,0.06008911,20.201834196909783,26.391442871093773,0.019037398,0.10266113,7.987253190646591,25.672692871093773,0.018526228,0.1665039,0.8167828037357961,0,0,1
2020-05-04 20:00:00,1254.872,27.489892578125023,0.019678332,0.057052612,20.2740719960321,25.911767578125023,0.019029833,0.084991455,9.215449679037114,25.114892578125023,0.01831267,0.15838623,1.5695175253845748,0,0,1
2020-05-04 21:00:00,1248.6315,27.338525390625023,0.019808112,0.056365967,20.88256865387935,25.604150390625023,0.018984137,0.08520508,9.873413904991638,24.651025390625023,0.018350897,0.14837646,2.641910757306102,0,0,1
2020-05-04 22:00:00,1231.7722,27.217370605468773,0.019930169,0.060409546,20.73001748378254,25.404870605468773,0.018930718,0.09692383,9.320073717996372,24.342370605468773,0.018259332,0.14709473,3.392033432633804,0,0,1
2020-05-04 23:00:00,1185.1228,27.1044860839844,0.019983597,0.066589355,20.296412266484765,25.2294860839844,0.018884964,0.107788086,7.843101726354274,24.1201110839844,0.01806862,0.15148926,3.715518764456167,0,0,1
2020-05-05 00:00:00,1154.7777,27.004083251953148,0.019991152,0.077056885,19.54862641096975,25.082208251953148,0.018839113,0.095703125,6.421676173786829,23.925958251953148,0.017969362,0.1663208,3.4733053946759505,0,0,1
2020-05-05 01:00:00,1113.3064,26.872338867187523,0.019998841,0.076416016,19.203914839266723,24.919213867187523,0.018785767,0.073028564,5.302944207692313,23.762963867187523,0.017893128,0.16925049,3.23344532749714,0,0,1
2020-05-05 02:00:00,1066.4705,26.7648864746094,0.02000661,0.06454468,18.775536882264785,24.7180114746094,0.018663837,0.07485962,4.2800009137446775,23.6242614746094,0.017832233,0.17675781,3.100769292068779,0,0,1
2020-05-05 03:00:00,1043.4924,26.689904785156276,0.020006802,0.06555176,17.34222570370938,24.627404785156276,0.018557217,0.086883545,3.204726489651515,23.502404785156276,0.017725613,0.18328857,2.811615736235713,0,0,1
2020-05-05 04:00:00,1027.832,26.607019042968773,0.020022262,0.075683594,14.17868648003306,24.607019042968773,0.018504012,0.09765625,2.5274136272127343,23.435144042968773,0.017603744,0.18023682,2.3568957205432866,0,0,1
2020-05-05 05:00:00,1024.3181,26.571252441406276,0.020037623,0.086517334,12.01633579329476,24.586877441406276,0.018511744,0.07495117,2.841005145026989,23.368127441406276,0.01755807,0.19000244,2.090004135109493,0,0,1
2020-05-05 06:00:00,977.6462,26.754571533203148,0.0201139,0.08679199,12.47381452229318,24.863946533203148,0.018778756,0.0625,3.394464630421417,23.363946533203148,0.017565683,0.16723633,2.3232112463950814,0,0,1
2020-05-05 07:00:00,1033.6389,27.329064941406276,0.020144409,0.093688965,15.072901793259264,26.032189941406276,0.019312805,0.059143066,4.942511928931792,24.032189941406276,0.01761145,0.13983154,2.785543716679228,0,0,1
2020-05-05 08:00:00,1100.4303,27.818688964843773,0.020052804,0.11135864,15.943837291279689,27.834313964843773,0.019328011,0.074523926,6.42941975255094,25.240563964843773,0.017313851,0.12243652,2.780257353499973,0,0,1
2020-05-05 09:00:00,1124.9766,28.3073669433594,0.019846758,0.1348877,16.11357102012176,29.1511169433594,0.018870195,0.12548828,6.778892631908357,26.4479919433594,0.016947588,0.12149048,2.8379350673191204,0,0,1
2020-05-05 10:00:00,1164.2523,28.714196777343773,0.019739933,0.17224121,15.998518961071175,30.276696777343773,0.018626042,0.16894531,6.170218592624894,27.511071777343773,0.016688175,0.137146,2.8863633185040376,0,0,1
2020-05-05 11:00:00,1186.3869,28.926782226562523,0.019755179,0.20690918,16.007396933661543,31.145532226562523,0.018580252,0.19598389,5.087225083180027,28.333032226562523,0.016550833,0.15740967,2.6826404407494646,0,0,1
2020-05-05 12:00:00,1199.6121,29.065881347656276,0.019854281,0.19250488,15.889414707781386,31.581506347656276,0.018625949,0.21777344,4.2803573568839575,28.659631347656276,0.016825411,0.17736816,2.3356185725988525,0,0,1
2020-05-05 13:00:00,1203.3385,29.143395996093773,0.019930582,0.16265869,15.845923800347702,31.643395996093773,0.018755656,0.21447754,4.004857437511053,28.455895996093773,0.01719163,0.19384766,2.2642117658421443,0,0,1
2020-05-05 14:00:00,1180.5174,29.147149658203148,0.019999275,0.13806152,17.02080685237224,30.897149658203148,0.018961677,0.20214844,4.01965253552439,28.069024658203148,0.017489204,0.20196533,2.1762185530825344,0,0,1
2020-05-05 15:00:00,1171.5045,29.027429199218773,0.020037496,0.13024902,18.929694690207054,30.261804199218773,0.019327963,0.16088867,4.471127141640856,27.636804199218773,0.01773342,0.19830322,2.022738051721845,0,0,1
2020-05-05 16:00:00,1126.2414,28.757257080078148,0.019938385,0.13049316,20.25224108692588,29.679132080078148,0.019854462,0.12872314,4.773221300788777,27.163507080078148,0.017970001,0.1998291,2.4638150987777614,0,0,1
2020-05-05 17:00:00,1103.6834,28.296777343750023,0.019816343,0.09902954,19.78682075920323,28.843652343750023,0.020159665,0.09542847,4.825598728013061,26.531152343750023,0.018366758,0.18798828,3.048514296650973,0,0,1
2020-05-05 18:00:00,1165.0271,27.7094665527344,0.01974001,0.0730896,18.684633054736096,27.7250915527344,0.020815754,0.08502197,3.5367121975119478,25.8032165527344,0.018641377,0.17468262,3.4217115054852334,0,0,1
2020-05-05 19:00:00,1207.6227,27.344171142578148,0.019709473,0.045913696,18.622673464891676,27.078546142578148,0.020663148,0.09365845,3.4857184751226367,25.203546142578148,0.018664246,0.17559814,3.695468746696757,0,0,1
2020-05-05 20:00:00,1214.5541,27.190148925781276,0.01963321,0.024291992,18.72402732370229,26.721398925781276,0.020426666,0.10430908,3.897464353387378,24.752648925781276,0.0186185,0.16656494,3.814917661445767,0,0,1
2020-05-05 21:00:00,1215.3322,27.069482421875023,0.019602751,0.0234375,17.02181035886214,26.444482421875023,0.020213103,0.10775757,4.108166704545078,24.428857421875023,0.01861856,0.15045166,3.935147438243931,0,0,1
2020-05-05 22:00:00,1193.0010000000002,26.956750488281276,0.019633157,0.032165527,15.515828483607148,26.206750488281276,0.020052774,0.10992432,3.6520429850886615,24.191125488281276,0.018526895,0.13604736,3.727457260101719,0,0,1
2020-05-05 23:00:00,1133.9187,26.804010009765648,0.019617774,0.03529358,15.126684880005412,25.960260009765648,0.019846655,0.10900879,3.11948505370272,24.007135009765648,0.018389441,0.1449585,3.277869400227364,0,0,1
2020-05-06 00:00:00,1109.8549,26.663507080078148,0.01962526,0.03768921,15.471807492578312,25.710382080078148,0.01961763,0.11242676,2.9013596570133258,23.866632080078148,0.018251969,0.15893555,3.025930368780849,0,0,1
2020-05-06 01:00:00,1070.9047,26.557702636718773,0.019632766,0.051437378,15.075127899993811,25.526452636718773,0.019419143,0.113342285,3.0196298726743627,23.729577636718773,0.018183181,0.16436768,3.09803295178063,0,0,1
2020-05-06 02:00:00,1038.1667000000002,26.465234375000023,0.019670824,0.06707764,13.41398132619586,25.433984375000023,0.019251207,0.12072754,3.275799733716373,23.605859375000023,0.018144945,0.16546631,3.378049731408533,0,0,1
2020-05-06 03:00:00,975.0493,26.390405273437523,0.019678405,0.083984375,11.743724169659592,25.484155273437523,0.019068053,0.12786865,3.035713687800501,23.531030273437523,0.01810675,0.18035889,3.4963454021902978,0,0,1
2020-05-06 04:00:00,981.4455,26.330743408203148,0.019609712,0.09875488,10.554872944047704,25.393243408203148,0.018915437,0.12225342,2.4102792074781934,23.471368408203148,0.018060945,0.1809082,3.1385999385278773,0,0,1
2020-05-06 05:00:00,975.6158,26.305047607421898,0.019586802,0.09957886,10.186839353519044,25.086297607421898,0.018831491,0.102142334,2.4067021012097207,23.461297607421898,0.01796937,0.17730713,2.532388964946241,0,0,1
2020-05-06 06:00:00,941.5548,26.550683593750023,0.01970885,0.09591675,11.77553070233071,25.206933593750023,0.019006945,0.073913574,3.181907199208902,23.566308593750023,0.017908312,0.18762207,2.177150574030572,0,0,1
2020-05-06 07:00:00,994.1366,27.346246337890648,0.019777462,0.102630615,16.347384070314824,26.533746337890648,0.019212887,0.0864563,6.50907003097615,24.330621337890648,0.01804559,0.1864624,2.3188521905060693,0,0,1
2020-05-06 08:00:00,1057.3416,28.069055175781276,0.019617248,0.11517334,19.17850547687854,28.240930175781276,0.018701721,0.09030151,10.209028153005429,25.444055175781276,0.0178396,0.15130615,2.772416391582518,0,0,1
2020-05-06 09:00:00,1107.8157,28.727929687500023,0.019441767,0.11303711,19.513714002713257,29.962304687500023,0.018221064,0.08810425,12.062935738871229,26.884179687500023,0.017481012,0.12185669,2.949602565825722,0,0,1
2020-05-06 10:00:00,1136.6936,29.242700195312523,0.019327331,0.11203003,19.710196599110468,31.367700195312523,0.018068481,0.10064697,12.10732608044052,28.195825195312523,0.017236877,0.10092163,2.299286027676456,0,0,1
2020-05-06 11:00:00,1181.3257,29.545495605468773,0.019205254,0.11355591,20.382197881448302,32.35799560546877,0.018282097,0.13787842,10.883879894262632,29.217370605468773,0.01723687,0.09213257,0.8141655195951109,0,0,1
2020-05-06 12:00:00,1197.9847,29.6723571777344,0.019083202,0.10784912,20.719059669631484,32.8911071777344,0.018373668,0.17144775,9.735781281659252,29.9692321777344,0.01709956,0.108428955,0.2420151314007226,0,0,1
2020-05-06 13:00:00,1203.4667000000002,29.647973632812523,0.01895347,0.093933105,20.25526176756205,32.83547363281252,0.018266825,0.20697021,8.559884872375347,30.304223632812523,0.01682487,0.15032959,0.9690368393813054,0,0,1
2020-05-06 14:00:00,1222.1788,29.501611328125023,0.018861912,0.08615112,19.222437694030354,32.43911132812502,0.018282078,0.21099854,7.4615345392663075,30.407861328125023,0.016763829,0.17224121,1.6371511073107898,0,0,1
2020-05-06 15:00:00,1180.6871,29.266076660156276,0.01881617,0.082733154,18.512220390109142,31.719201660156276,0.01854914,0.17492676,6.782236104542424,29.781701660156276,0.017107185,0.1661377,1.9483052078035712,0,0,1
2020-05-06 16:00:00,1138.4042,28.953210449218773,0.018823825,0.08087158,18.28323148816703,30.562585449218773,0.0189993,0.118011475,5.71584028419435,28.875085449218773,0.017511569,0.17022705,1.9426983579595989,0,0,1
2020-05-06 17:00:00,1116.4251,28.504846191406276,0.01893826,0.08694458,17.906524560231443,29.489221191406276,0.019495206,0.08325195,4.093270321763818,27.754846191406276,0.018099027,0.17889404,1.9895799441749773,0,0,1
2020-05-06 18:00:00,1160.4061,27.891900634765648,0.019197628,0.09463501,16.340553900716664,28.345025634765648,0.020067379,0.067352295,1.7965297387175525,26.548150634765648,0.01890771,0.18756104,2.155899881879884,0,0,1
2020-05-06 19:00:00,1229.9962,27.500268554687523,0.019479886,0.091552734,15.101597884561492,27.672143554687523,0.020204678,0.059173584,1.4425963684961307,25.734643554687523,0.018892422,0.1817627,2.653062335780643,0,0,1
2020-05-06 20:00:00,1237.1610999999998,27.277185058593773,0.019754482,0.0909729,13.371930982771628,27.214685058593773,0.020380093,0.053634644,1.8961523926369697,25.042810058593773,0.019128872,0.18066406,2.7326239859468,0,0,1
2020-05-06 21:00:00,1238.8639,27.136041259765648,0.019990928,0.09222412,11.973668066187091,26.854791259765648,0.020372398,0.055282593,1.9421606870658652,24.651666259765648,0.019128807,0.16320801,2.4481799887937594,0,0,1
2020-05-06 22:00:00,1206.8396,27.017175292968773,0.020181606,0.08163452,10.94995629288821,26.548425292968773,0.02024264,0.06689453,1.6988833813376698,24.392175292968773,0.018976161,0.14465332,2.0240890361253183,0,0,1
2020-05-06 23:00:00,1159.4704,26.904565429687523,0.02036467,0.075531006,9.728503030256856,26.248315429687523,0.020021347,0.07122803,1.9987165851197493,24.248315429687523,0.01884642,0.13311768,1.8710784949714117,0,0,1
2020-05-07 00:00:00,1130.3222,26.847100830078148,0.020524884,0.076171875,9.065887933367904,25.956475830078148,0.019792462,0.06970215,2.866353279179528,24.143975830078148,0.018709088,0.12435913,2.0007247243550443,0,0,1
2020-05-07 01:00:00,1079.4934,26.824365234375023,0.02061647,0.06713867,9.44240886423066,25.683740234375023,0.019578872,0.06802368,3.801896297226491,24.027490234375023,0.018510757,0.12020874,2.23671754869648,0,0,1
2020-05-07 02:00:00,1050.1028,26.732324218750023,0.020647053,0.07168579,9.903037316225152,25.466699218750023,0.019403461,0.07421875,4.152300654247788,23.904199218750023,0.01828194,0.11608887,2.403752436287013,0,0,1
2020-05-07 03:00:00,1034.6634,26.661340332031276,0.020631872,0.07144165,10.616657814808685,25.286340332031276,0.019235693,0.087890625,4.213921675487811,23.723840332031276,0.01802262,0.118774414,2.53218938562633,0,0,1
2020-05-07 04:00:00,1020.7934,26.618676757812523,0.020570938,0.0599823,10.66739924617271,25.149926757812523,0.019083206,0.09295654,4.099798553449124,23.556176757812523,0.017755691,0.13031006,2.636087180219835,0,0,1
2020-05-07 05:00:00,1017.1283,26.576196289062523,0.020471875,0.049621582,10.325564190318543,25.123071289062523,0.01900703,0.08566284,3.915445962695947,23.451196289062523,0.01762611,0.14135742,2.526620445931677,0,0,1
2020-05-07 06:00:00,965.8031,26.7333923339844,0.020464363,0.044784546,10.468471078373865,25.3427673339844,0.019144477,0.07678223,3.926980271070564,23.4521423339844,0.01759571,0.13983154,2.2870954437222486,0,0,1
2020-05-07 07:00:00,1037.9386,27.402612304687523,0.020441499,0.044891357,13.36564753033048,26.168237304687523,0.019556489,0.07235718,5.15390834834328,23.871362304687523,0.017855134,0.12738037,2.170955280996054,0,0,1
2020-05-07 08:00:00,1117.9697,28.017724609375023,0.020151515,0.050216675,15.50472813510308,27.080224609375023,0.019922633,0.0708313,5.506020704641326,24.705224609375023,0.01818313,0.11682129,2.174924151972545,0,0,1
2020-05-07 09:00:00,1139.3575,28.665338134765648,0.019892056,0.05796814,15.89308341395187,28.305963134765648,0.020014126,0.07281494,6.706869958838876,25.962213134765648,0.018137295,0.121673584,2.173782234632911,0,0,1
2020-05-07 10:00:00,1163.2203000000002,29.232873535156276,0.019747064,0.069885254,16.491957629186146,29.342248535156276,0.020075127,0.07763672,7.651036360608765,27.279748535156276,0.017999932,0.12817383,2.0572077042712977,0,0,1
2020-05-07 11:00:00,1190.5993,29.7192321777344,0.019716548,0.07589722,17.113572125395486,29.9848571777344,0.019983577,0.09289551,8.04254141311015,28.0786071777344,0.018266963,0.13562012,1.6372726610217014,0,0,1
2020-05-07 12:00:00,1206.7251,30.024346923828148,0.019670779,0.087646484,17.469495438449947,30.368096923828148,0.019998843,0.1116333,7.833706740008343,28.461846923828148,0.01839667,0.14910889,1.3571249578665152,0,0,1
2020-05-07 13:00:00,1203.1623,30.118005371093773,0.019609677,0.09246826,17.5718112098422,30.430505371093773,0.019899594,0.14135742,7.614351936160743,28.368005371093773,0.018373715,0.15905762,1.287697616707007,0,0,1
2020-05-07 14:00:00,1212.1618,30.1411071777344,0.019533306,0.08734131,17.601726421298963,30.3442321777344,0.019785076,0.14990234,7.542041560456837,27.9067321777344,0.01859489,0.16589355,1.300900238368502,0,0,1
2020-05-07 15:00:00,1190.1073,30.0627380371094,0.019441672,0.07772827,17.78207503886957,29.9689880371094,0.019876547,0.13671875,7.139592584478394,27.1877380371094,0.01896865,0.16204834,1.2868648508643423,0,0,1
2020-05-07 16:00:00,1130.0417,29.736413574218773,0.019372953,0.062927246,18.41271532480541,29.252038574218773,0.020326627,0.12075806,6.112658445960934,26.423913574218773,0.019334806,0.16442871,1.292857948926209,0,0,1
2020-05-07 17:00:00,1097.1123,29.160729980468773,0.019411106,0.05769348,18.873518784363213,28.332604980468773,0.020837802,0.10580444,5.210732073759583,25.801354980468773,0.0193577,0.16497803,1.4806669898658982,0,0,1
2020-05-07 18:00:00,1161.2859,28.341149902343773,0.0196858,0.055664062,18.276773114689583,27.325524902343773,0.02080732,0.08187866,4.687119436455912,25.216149902343773,0.019342477,0.17541504,1.7467436964610037,0,0,1
2020-05-07 19:00:00,1235.606,27.755334472656276,0.020036837,0.0594635,18.22155322224356,26.817834472656276,0.020464083,0.074645996,5.186191266900264,24.739709472656276,0.019136569,0.1749878,2.160244557126047,0,0,1
2020-05-07 20:00:00,1234.5862,27.488824462890648,0.020311642,0.0619812,17.74783745285407,26.473199462890648,0.020288754,0.07543945,5.1461908604928,24.488824462890648,0.018976498,0.15899658,2.12953361912469,0,0,1
2020-05-07 21:00:00,1234.0597,27.354882812500023,0.020540562,0.06335449,17.521716288281002,26.198632812500023,0.020128574,0.077697754,5.184880651058678,24.354882812500023,0.018854465,0.15161133,1.6051329636089195,0,0,1
2020-05-07 22:00:00,1222.5718000000002,27.264031982421898,0.020715931,0.07028198,18.14113939132621,25.982781982421898,0.01998351,0.07321167,5.196292659684435,24.279656982421898,0.018755177,0.14544678,1.216495867829178,0,0,1
2020-05-07 23:00:00,1171.1951,27.1818786621094,0.020891447,0.06869507,18.972999195865903,25.8225036621094,0.01984622,0.065338135,5.436649503292931,24.2443786621094,0.018663663,0.13690186,1.3695276559542091,0,0,1
2020-05-08 00:00:00,1133.6728,27.128381347656276,0.020975467,0.06341553,19.548229353934424,25.659631347656276,0.019731876,0.060699463,5.336022759087339,24.159631347656276,0.018602725,0.13562012,1.547790526910518,0,0,1
2020-05-08 01:00:00,1094.9188,27.049737548828148,0.02092977,0.058120728,19.66768890224195,25.502862548828148,0.019625144,0.05848694,4.985855823924971,24.065362548828148,0.018511252,0.13134766,1.720473520502529,0,0,1
2020-05-08 02:00:00,1064.807,26.985253906250023,0.020761766,0.0640564,18.560865961459285,25.360253906250023,0.019510545,0.054473877,4.745116435834218,23.969628906250023,0.01842717,0.12420654,1.991175445195424,0,0,1
2020-05-08 03:00:00,1031.1691,26.866998291015648,0.02061678,0.07473755,14.192751858687082,25.226373291015648,0.019396076,0.05836487,4.491264600339877,23.866998291015648,0.018358478,0.116485596,2.29081725371504,0,0,1
2020-05-08 04:00:00,1016.9790000000002,26.7924743652344,0.02053281,0.08215332,12.22136582728486,25.1674743652344,0.019342624,0.067352295,4.145706219026365,23.8237243652344,0.018289767,0.1159668,2.384651637996802,0,0,1
2020-05-08 05:00:00,1003.8977,26.727258300781276,0.020502256,0.080078125,11.68450006671582,25.149133300781276,0.019304441,0.05784607,4.202209885821925,23.789758300781276,0.018205808,0.12322998,2.174948392453092,0,0,1
2020-05-08 06:00:00,975.7927,26.7863708496094,0.020540295,0.06317139,11.739284645394529,25.3019958496094,0.019426404,0.057617188,4.243085208559589,23.8176208496094,0.018198071,0.14178467,1.722801140122073,0,0,1
2020-05-08 07:00:00,1048.1972,27.337762451171898,0.020570751,0.060195923,13.310666497995118,26.181512451171898,0.01994514,0.05455017,6.062993965081747,24.165887451171898,0.018426891,0.14154053,1.4941450195247874,0,0,1
2020-05-08 08:00:00,1134.0309,27.954553222656276,0.02041051,0.07543945,14.857055375187464,27.079553222656276,0.020379992,0.06359863,6.814150123583885,24.876428222656276,0.01863286,0.12664795,1.7325768134193051,0,0,1
2020-05-08 09:00:00,1154.3349,28.582879638671898,0.020166263,0.09051514,16.085986427651427,28.395379638671898,0.020242557,0.06854248,9.04283811325726,26.114129638671898,0.01830469,0.108551025,1.9938551513303804,0,0,1
2020-05-08 10:00:00,1153.1817,29.120996093750023,0.019975424,0.08828735,16.25350888911364,29.605371093750023,0.019929647,0.06869507,9.93802021320427,27.511621093750023,0.01787734,0.1227417,1.7806636829131044,0,0,1
2020-05-08 11:00:00,1193.5135,29.563500976562523,0.019899024,0.09020996,15.664385488019796,30.391625976562523,0.019914282,0.071014404,9.54741744827577,28.485375976562523,0.01793827,0.12387085,0.9373921446747616,0,0,1
2020-05-08 12:00:00,1219.0566,29.8330017089844,0.019853093,0.1038208,14.599458992745568,30.9111267089844,0.02000568,0.076812744,8.921228692316728,29.1611267089844,0.017907597,0.122802734,0.4356439432680206,0,0,1
2020-05-08 13:00:00,1244.2876,29.928857421875023,0.019814847,0.109436035,13.460372748237114,30.913232421875023,0.019975064,0.0843811,8.331819864802737,29.538232421875023,0.017670987,0.15258789,0.6686784006275687,0,0,1
2020-05-08 14:00:00,1238.4513,29.905786132812523,0.01979952,0.10534668,12.861118253555311,30.671411132812523,0.020020772,0.09289551,7.644141478350596,29.452661132812523,0.017541219,0.17803955,1.3082112842577605,0,0,1
2020-05-08 15:00:00,1184.5392,29.779229736328148,0.01976894,0.09033203,12.647184741707113,30.263604736328148,0.02026485,0.093444824,6.841327888690807,28.810479736328148,0.017808186,0.18249512,1.6706403419483755,0,0,1
2020-05-08 16:00:00,1116.5469,29.528985595703148,0.019753627,0.06826782,12.34741154158813,29.716485595703148,0.020692043,0.078063965,5.802429098331329,27.872735595703148,0.018487148,0.1850586,1.8566233519575912,0,0,1
2020-05-08 17:00:00,1113.3401,29.112329101562523,0.019944314,0.051940918,11.894032759720591,28.846704101562523,0.021042947,0.069885254,4.400929248826188,26.737329101562523,0.019166116,0.18170166,1.8405700804931784,0,0,1
2020-05-08 18:00:00,1177.6822,28.455590820312523,0.020447774,0.047470093,10.864303463738358,27.799340820312523,0.021309895,0.061187744,2.5584758646357613,25.736840820312523,0.019555135,0.17425537,1.7670074634264852,0,0,1
2020-05-08 19:00:00,1235.2692,27.958581542968773,0.020745272,0.049316406,10.935981514290717,27.239831542968773,0.021142,0.057250977,2.0951996843318117,25.083581542968773,0.019410128,0.16479492,2.0663743891720583,0,0,1
2020-05-08 20:00:00,1260.3705,27.667352294921898,0.02085969,0.044311523,10.936236366736988,26.917352294921898,0.020806285,0.056137085,1.942195986225128,24.667352294921898,0.019173594,0.15130615,2.0826762493237085,0,0,1
2020-05-08 21:00:00,1244.0151,27.483605957031276,0.020913078,0.039382935,10.52947823038726,26.655480957031276,0.020485831,0.058013916,1.634055671349339,24.405480957031276,0.019013358,0.13983154,1.9457221718947024,0,0,1
2020-05-08 22:00:00,1211.6172,27.395776367187523,0.020890167,0.032333374,10.13202698050309,26.411401367187523,0.020317962,0.058685303,1.1922855691833307,24.239526367187523,0.018937042,0.13452148,1.996937377385256,0,0,1
2020-05-08 23:00:00,1182.3266,27.295709228515648,0.020851996,0.029014587,9.404213091040331,26.170709228515648,0.02017298,0.061767578,1.083335784701484,24.108209228515648,0.018868353,0.13647461,2.1075487394568357,0,0,1
2020-05-09 00:00:00,1156.5724,27.207330322265648,0.0208062,0.029167175,8.91389474535402,25.957330322265648,0.020043261,0.06402588,1.5199099879215436,23.972955322265648,0.01879967,0.13824463,2.247764974595785,0,0,1
2020-05-09 01:00:00,1119.1062000000002,27.105676269531276,0.02076804,0.022590637,8.765680969385988,25.761926269531276,0.019883031,0.0642395,1.863165889983586,23.871301269531276,0.01875388,0.1359253,2.528793287184862,0,0,1
2020-05-09 02:00:00,1083.0439,26.996301269531276,0.020737514,0.020057678,8.660825493212352,25.605676269531276,0.019753322,0.06994629,2.122824705513635,23.793176269531276,0.018730983,0.13348389,2.752094203129531,0,0,1
2020-05-09 03:00:00,1056.9386,26.9399353027344,0.020729879,0.024124146,8.663075336324676,25.5024353027344,0.019677022,0.07507324,2.303107209052803,23.7524353027344,0.018685201,0.13348389,2.9187543652520223,0,0,1
2020-05-09 04:00:00,1019.2214,26.936578369140648,0.020745127,0.037963867,9.125554207471778,25.436578369140648,0.01957783,0.08441162,2.341355441805153,23.686578369140648,0.018608896,0.13885498,2.88756793549122,0,0,1
2020-05-09 05:00:00,999.2197,26.880975341796898,0.020699337,0.04650879,8.274922461016772,25.490350341796898,0.019478634,0.09106445,1.9870830242433768,23.630975341796898,0.01851733,0.14385986,2.570946209828906,0,0,1
2020-05-09 06:00:00,934.0373,27.018914794921898,0.020790882,0.041168213,6.389902553621251,25.722039794921898,0.019738026,0.106170654,1.474345914029056,23.675164794921898,0.018471546,0.13842773,2.104610983768198,0,0,1
2020-05-09 07:00:00,948.6369,27.773797607421898,0.020607775,0.0395813,6.310077536298514,26.836297607421898,0.020462817,0.10305786,2.356329051950637,24.273797607421898,0.01889879,0.15283203,1.9397573438766704,0,0,1
2020-05-09 08:00:00,993.7762,28.384362792968773,0.020142384,0.036819458,5.566264759714914,28.181237792968773,0.020409413,0.11224365,2.633009940421656,25.056237792968773,0.019234486,0.17028809,1.722058119962712,0,0,1
2020-05-09 09:00:00,1018.9018,29.037866210937523,0.019989798,0.03289795,5.026827750234713,28.990991210937523,0.019532034,0.10720825,2.2035880815521933,26.256616210937523,0.018891165,0.18182373,1.619361868583885,0,0,1
2020-05-09 10:00:00,1022.8456,29.767175292968773,0.019852469,0.037582397,4.655129587436861,29.782800292968773,0.019440481,0.11843872,2.7782531022186934,27.704675292968773,0.018341849,0.17578125,1.813913454542098,0,0,1
2020-05-09 11:00:00,1030.89,30.317285156250023,0.020226303,0.04815674,3.414405311814425,30.317285156250023,0.019425217,0.11364746,3.653802187296017,28.614160156250023,0.018273178,0.16967773,2.1174335508492983,0,0,1
2020-05-09 12:00:00,1041.9719,30.711236572265648,0.020104226,0.066223145,2.323641466270686,30.758111572265648,0.019394692,0.11376953,3.5823935195953687,29.101861572265648,0.018441018,0.1459961,2.171854260023149,0,0,1
2020-05-09 13:00:00,1065.3353,30.9789978027344,0.019699859,0.08822632,2.106688138630044,30.8852478027344,0.019348906,0.11727905,3.4241252408585816,29.2602478027344,0.018463897,0.14263916,2.4936119270821497,0,0,1
2020-05-09 14:00:00,1052.4224,31.013726806640648,0.019707477,0.104034424,2.930355553715002,30.794976806640648,0.019379413,0.11746216,3.231897948063173,29.060601806640648,0.01852492,0.1383667,2.867644557019692,0,0,1
2020-05-09 15:00:00,1083.8785,30.896539306640648,0.019799016,0.097961426,4.413787556685362,30.584039306640648,0.019593023,0.10345459,3.3639166233807,28.505914306640648,0.018708013,0.12466431,3.2391903533213435,0,0,1
2020-05-09 16:00:00,1080.1368,30.673852539062523,0.019821893,0.0730896,6.3558545284969,30.314477539062523,0.020226251,0.09753418,3.1759061781744324,27.767602539062523,0.019417536,0.120025635,3.63491356517342,0,0,1
2020-05-09 17:00:00,1042.7713,30.295465087890648,0.020004986,0.044662476,8.392001962892433,29.795465087890648,0.020302532,0.09301758,2.955264989134792,26.732965087890648,0.0193336,0.11785889,3.500745158572378,0,0,1
2020-05-09 18:00:00,1107.6743,29.576196289062523,0.020600071,0.034683228,9.451289824608857,28.810571289062523,0.020821324,0.08340454,2.8190190104411568,25.966821289062523,0.019646397,0.11349487,3.3363996684982635,0,0,1
2020-05-09 19:00:00,1191.5043,28.9128356933594,0.020996796,0.03037262,10.542879321244468,28.2253356933594,0.020539032,0.07531738,3.2535541218415025,25.2722106933594,0.019455658,0.1131897,3.108019294590508,0,0,1
2020-05-09 20:00:00,1191.4517,28.439050292968773,0.0211799,0.02279663,11.447426192676131,27.751550292968773,0.020439848,0.07266235,3.416569632726272,24.845300292968773,0.019448027,0.1116333,2.976051447692828,0,0,1
2020-05-09 21:00:00,1202.8085,28.092126464843773,0.021218041,0.018051147,12.077090405842728,27.310876464843773,0.020439843,0.07003784,3.447666693593175,24.545251464843773,0.01934884,0.11071777,2.859640985843655,0,0,1
2020-05-09 22:00:00,1172.4213,27.830590820312523,0.021126484,0.0152282715,12.499378884715115,26.924340820312523,0.020409321,0.06832886,3.4317916192502924,24.346215820312523,0.019203877,0.1126709,2.794498005520759,0,0,1
2020-05-09 23:00:00,1148.071,27.627252197265648,0.02109597,0.01524353,11.985684973630391,26.564752197265648,0.020371178,0.06350708,3.393035649099697,24.205377197265648,0.01908181,0.11633301,2.744068756357039,0,0,1
2020-05-10 00:00:00,1134.1215,27.453179931640648,0.021118866,0.016479492,10.712694335029424,26.281304931640648,0.020256745,0.06262207,3.366423084556005,24.093804931640648,0.018959748,0.117126465,2.7467346051372257,0,0,1
2020-05-10 01:00:00,1099.5471,27.311334228515648,0.021141766,0.01828003,9.341855129640129,26.076959228515648,0.020119427,0.062286377,3.306257237100162,23.967584228515648,0.018845318,0.11538696,2.7631188264824,0,0,1
2020-05-10 02:00:00,1055.3813,27.172387695312523,0.021088373,0.018913269,7.820496156957768,25.906762695312523,0.01999737,0.06137085,3.2198268340917773,23.859887695312523,0.01873852,0.1138916,2.8594543195885467,0,0,1
2020-05-10 03:00:00,1016.9624,27.072869873046898,0.02098157,0.01902008,6.535786808692524,25.822869873046898,0.019882938,0.058883667,3.1232348805248384,23.744744873046898,0.018631717,0.11505127,2.865135159325153,0,0,1
2020-05-10 04:00:00,986.2053,26.993341064453148,0.020851875,0.018951416,5.553893089949593,25.743341064453148,0.019753242,0.05580139,3.0451123535399747,23.680841064453148,0.018547798,0.1161499,2.7861814707649715,0,0,1
2020-05-10 05:00:00,962.7506,26.976953125000023,0.020684026,0.019126892,4.998324466344268,25.680078125000023,0.01962354,0.053512573,2.8779956602179158,23.680078125000023,0.018509649,0.11239624,2.687140262391304,0,0,1
2020-05-10 06:00:00,904.4891,27.122277832031276,0.020706913,0.0184021,4.715597333883803,25.841027832031276,0.019890567,0.049743652,2.689826777812097,23.731652832031276,0.018540164,0.10983276,2.585698421063789,0,0,1
2020-05-10 07:00:00,889.5611,27.746057128906276,0.020493286,0.017311096,6.6296890593236295,26.964807128906276,0.020607727,0.04484558,3.6227313025891497,24.449182128906276,0.01918866,0.11480713,2.6527714470149246,0,0,1
2020-05-10 08:00:00,902.6614,28.196008300781276,0.020287286,0.017623901,7.563940514438029,28.492883300781276,0.02088238,0.046936035,3.677054691077069,25.164758300781276,0.019524347,0.13720703,2.750707542257488,0,0,1
2020-05-10 09:00:00,913.2054,28.666162109375023,0.020142319,0.018753052,8.4303038160211,29.400537109375023,0.01963115,0.04724121,4.165345822342024,26.119287109375023,0.019264938,0.16802979,2.7424079219553468,0,0,1
2020-05-10 10:00:00,932.6537,29.178094482421898,0.020004982,0.016067505,10.010151242572208,30.365594482421898,0.019287819,0.05644226,4.558422842082606,27.224969482421898,0.018860573,0.16870117,2.889061369413461,0,0,1
2020-05-10 11:00:00,967.8541,29.608239746093773,0.019905776,0.01253891,12.622710931820889,31.030114746093773,0.019257277,0.06594849,5.2708904004934185,28.092614746093773,0.018746108,0.17681885,3.21255191063408,0,0,1
2020-05-10 12:00:00,992.6137,30.040307617187523,0.019859979,0.013134003,14.992789129815485,31.430932617187523,0.01934881,0.07785034,6.5742039448780485,28.774682617187523,0.018692682,0.18847656,3.667926091442735,0,0,1
2020-05-10 13:00:00,1018.6596,30.273248291015648,0.019676855,0.05078125,11.731007437212858,31.429498291015648,0.019447973,0.08792114,6.906366570641096,29.085748291015648,0.018700292,0.18786621,4.224704781776363,0,0,1
2020-05-10 14:00:00,1040.9233,30.132653808593773,0.019394552,0.09588623,9.18341041943366,31.288903808593773,0.01955477,0.1326294,4.017691296887578,28.898278808593773,0.018822348,0.18127441,4.279240101620912,0,0,1
2020-05-10 15:00:00,1057.3819,30.078576660156276,0.019386908,0.061691284,12.275201781065318,31.000451660156276,0.019791266,0.16229248,2.487472698886132,28.406701660156276,0.019058844,0.16583252,3.879471678305837,0,0,1
2020-05-10 16:00:00,1043.0935,29.861199951171898,0.01948608,0.039001465,14.463461559249186,30.673699951171898,0.020348202,0.13964844,3.216696255470397,27.626824951171898,0.019508969,0.1586914,3.753135103058061,0,0,1
2020-05-10 17:00:00,1043.7775,29.397576904296898,0.019722586,0.026573181,14.359085609417274,29.788201904296898,0.020340567,0.1003418,3.9424554432133294,26.741326904296898,0.02005065,0.1694336,3.749930945714299,0,0,1
2020-05-10 18:00:00,1103.5819,28.664727783203148,0.020157455,0.021827698,13.81078099942088,28.867852783203148,0.021111129,0.07556152,3.259106206005556,25.899102783203148,0.020630477,0.16955566,3.5818556947442484,0,0,1
2020-05-10 19:00:00,1209.9887,28.072656250000023,0.020432103,0.020889282,14.546204219312385,28.213281250000023,0.021141637,0.0687561,3.5871859542613382,25.416406250000023,0.019997228,0.16540527,3.01493848823315,0,0,1
2020-05-10 20:00:00,1228.694,27.718377685546898,0.020546539,0.022827148,15.484691537033289,27.562127685546898,0.021202667,0.06466675,4.129421084380529,25.140252685546898,0.019981964,0.16119385,2.442336958340738,0,0,1
2020-05-10 21:00:00,1224.5603,27.530236816406276,0.020622808,0.025871277,16.068043970824196,27.155236816406276,0.02097376,0.055770874,4.70673589743758,24.936486816406276,0.01985224,0.15484619,2.189587708555642,0,0,1
2020-05-10 22:00:00,1188.1673,27.413720703125023,0.02065331,0.03137207,16.258872821772435,26.835595703125023,0.020790638,0.048553467,5.230900906635868,24.741845703125023,0.019676747,0.1416626,2.2007951144918216,0,0,1
2020-05-10 23:00:00,1169.5736,27.286828613281276,0.020676194,0.04359436,16.46192523065892,26.568078613281276,0.020645676,0.046707153,5.5791905412834994,24.552453613281276,0.019493638,0.121398926,2.327909261449212,0,0,1
2020-05-11 00:00:00,1112.9996,27.170312500000023,0.020706719,0.052230835,16.500658500709335,26.279687500000023,0.020424431,0.066986084,5.6858096719259095,24.373437500000023,0.019287651,0.09899902,2.595858945970227,0,0,1
2020-05-11 01:00:00,1078.1347,27.105249023437523,0.020752516,0.07241821,15.69176445983029,26.058374023437523,0.02019557,0.08050537,5.37222039675142,24.245874023437523,0.019043531,0.07736206,2.75951929633155,0,0,1
2020-05-11 02:00:00,1051.8855,27.068750000000023,0.020805946,0.091156006,14.14530887011683,25.834375000000023,0.019890418,0.07876587,4.436998883817893,24.256250000000023,0.018700233,0.067993164,2.9936687418635253,0,0,1
2020-05-11 03:00:00,1023.8676000000002,27.058007812500023,0.020790715,0.10369873,14.209553918997749,25.667382812500023,0.019631047,0.07043457,4.20810124553603,24.167382812500023,0.018425602,0.06652832,2.4921872971872467,0,0,1
2020-05-11 04:00:00,1014.8788,27.033105468750023,0.02071448,0.07879639,15.234577102024824,25.517480468750023,0.01945563,0.070739746,3.597708449590772,24.048730468750023,0.018234927,0.08847046,1.7534961654320944,0,0,1
2020-05-11 05:00:00,1007.3907,26.975732421875023,0.020592492,0.0605011,16.029888408460472,25.413232421875023,0.019303124,0.072906494,2.726295502714505,23.913232421875023,0.018181603,0.14544678,1.8210071086524835,0,0,1
2020-05-11 06:00:00,984.3963,27.007653808593773,0.020485718,0.04096985,16.49359805668456,25.679528808593773,0.019493897,0.06619263,2.552341782750404,23.851403808593773,0.018242676,0.16210938,2.0902965646901417,0,0,1
2020-05-11 07:00:00,1054.3627,27.4374938964844,0.020371307,0.026931763,18.0643260542279,26.9374938964844,0.019852508,0.06732178,4.943988826109472,24.4999938964844,0.018402923,0.13775635,2.2146835705192225,0,0,1
2020-05-11 08:00:00,1140.4073,27.983117675781276,0.020081423,0.023033142,19.281083057738083,28.373742675781276,0.019699953,0.06893921,7.824231757821189,25.529992675781276,0.018280886,0.1234436,2.268580469780579,0,0,1
2020-05-11 09:00:00,1181.7792,28.759210205078148,0.019860225,0.036819458,19.54081087083507,29.884210205078148,0.019463496,0.07006836,9.35045719354907,26.727960205078148,0.018059688,0.10913086,2.66508259772292,0,0,1
2020-05-11 10:00:00,1205.1552,29.4997497558594,0.019822124,0.056915283,18.61082023178202,31.1716247558594,0.01937199,0.07763672,8.953080747804577,27.9372497558594,0.017914776,0.08694458,3.087916377790797,0,0,1
2020-05-11 11:00:00,1235.5492,29.993493652343773,0.019806933,0.07785034,17.095737207030748,31.852868652343773,0.019265246,0.107788086,6.439645271246113,28.837243652343773,0.018052172,0.08963013,2.614774011799487,0,0,1
2020-05-11 12:00:00,1229.9132,30.352868652343773,0.019768871,0.08718872,16.563684279225306,31.993493652343773,0.019234814,0.16143799,4.716899795072799,29.384118652343773,0.018113293,0.12362671,2.472717645976699,0,0,1
2020-05-11 13:00:00,1249.0348,30.678125000000023,0.01976894,0.08938599,17.887488944572056,32.02187500000002,0.01927303,0.16009521,4.400514286503087,29.521875000000023,0.018151509,0.17895508,2.742216374171901,0,0,1
2020-05-11 14:00:00,1232.082,30.772393798828148,0.019639343,0.06695557,19.953693982930908,31.538018798828148,0.019395202,0.16119385,4.825792419509597,28.975518798828148,0.018319458,0.22314453,3.144512478411071,0,0,1
2020-05-11 15:00:00,1224.5095,30.498345947265648,0.019471616,0.05014038,20.09783589114321,30.951470947265648,0.019731015,0.13665771,5.0454314311479855,28.107720947265648,0.018571347,0.22357178,3.2839134436432054,0,0,1
2020-05-11 16:00:00,1174.2549,29.947839355468773,0.019349586,0.030952454,17.814525609537604,30.275964355468773,0.020341408,0.12258911,4.6526627207838285,27.197839355468773,0.018716346,0.1661377,3.2380379410323945,0,0,1
2020-05-11 17:00:00,1138.7749,29.262719726562523,0.019303814,0.031326294,15.887190672161434,29.465844726562523,0.020501629,0.1161499,3.927749921785959,26.403344726562523,0.018929973,0.11804199,2.920908031696568,0,0,1
2020-05-11 18:00:00,1175.9848000000002,28.412225341796898,0.019486973,0.03404236,15.318501584152784,28.349725341796898,0.021195957,0.1015625,2.699393824242088,25.677850341796898,0.01926572,0.11972046,2.5200385714031364,0,0,1
2020-05-11 19:00:00,1241.2694,27.765161132812523,0.019639643,0.029663086,16.608956303886004,27.687036132812523,0.020906122,0.08804321,2.608483588265225,25.140161132812523,0.01930395,0.13018799,2.317723858956332,0,0,1
2020-05-11 20:00:00,1246.7097,27.413415527343773,0.019700805,0.023796082,17.520502977859053,27.257165527343773,0.020593444,0.084106445,2.8330651029141305,24.819665527343773,0.019159118,0.1232605,2.212027803237665,0,0,1
2020-05-11 21:00:00,1236.8233,27.199273681640648,0.019723944,0.026519775,17.538261126249648,26.871148681640648,0.020296149,0.08547974,3.1217104481812425,24.589898681640648,0.018915229,0.11331177,2.1239171882100214,0,0,1
2020-05-11 22:00:00,1216.8139,27.039941406250023,0.019731604,0.030944824,17.497727940885973,26.524316406250023,0.020067297,0.0869751,3.1665912746355733,24.352441406250023,0.018800817,0.11871338,2.0952787665397485,0,0,1
2020-05-11 23:00:00,1170.3079,26.871362304687523,0.019662967,0.031402588,17.537745966039534,26.215112304687523,0.01986896,0.08959961,3.0399452539584013,24.199487304687523,0.018655887,0.12792969,2.111039961806631,0,0,1
2020-05-12 00:00:00,1127.3677,26.715478515625023,0.019563898,0.028152466,18.018815239541105,25.902978515625023,0.01967834,0.09976196,3.042681026542984,24.090478515625023,0.018564448,0.13726807,2.211776353199797,0,0,1
2020-05-12 01:00:00,1087.9072,26.533715820312523,0.019449607,0.026679993,18.03085680660173,25.627465820312523,0.019487754,0.1020813,3.20139957756268,23.971215820312523,0.018495932,0.15264893,2.301282715738409,0,0,1
2020-05-12 02:00:00,1043.8891999999998,26.382104492187523,0.019335339,0.030136108,16.56741852822742,25.444604492187523,0.01932771,0.11138916,3.090630557341637,23.835229492187523,0.0184427,0.16668701,2.3014747960303628,0,0,1
2020-05-12 03:00:00,1017.8095,26.2436462402344,0.019121855,0.035491943,15.711253784577424,25.3686462402344,0.01919815,0.11642456,2.624827875216148,23.7123962402344,0.018366545,0.18048096,2.1676290775923084,0,0,1
2020-05-12 04:00:00,995.8064,26.110711669921898,0.018900745,0.044326782,15.50073229628818,25.329461669921898,0.019045703,0.124694824,2.238050419753393,23.641961669921898,0.018282764,0.18554688,2.007734508855064,0,0,1
2020-05-12 05:00:00,987.4023,26.012109375000023,0.018771136,0.04814148,15.497511436284649,25.199609375000023,0.01884743,0.1296997,2.1400249124574264,23.574609375000023,0.01822945,0.18585205,1.9679699142470783,0,0,1
2020-05-12 06:00:00,966.5645,26.205133056640648,0.018778795,0.06010437,15.558693058464137,25.330133056640648,0.0189619,0.12332153,2.1862915308624418,23.580133056640648,0.018229479,0.19055176,1.8999424373540343,0,0,1
2020-05-12 07:00:00,1042.3128000000002,27.180810546875023,0.018656781,0.09320068,18.59952362434948,26.758935546875023,0.01903825,0.118255615,4.745725897202854,24.196435546875023,0.018343976,0.19714355,2.049235183818626,0,0,1
2020-05-12 08:00:00,1131.17,28.086816406250023,0.018488986,0.11465454,20.327822871385653,28.164941406250023,0.018527133,0.125,7.096251615813386,25.164941406250023,0.018176181,0.1984253,1.860698294459736,0,0,1
2020-05-12 09:00:00,1164.7518,28.969628906250023,0.018450804,0.12683105,20.37137817394922,29.547753906250023,0.018229552,0.15527344,8.149464824868115,26.375878906250023,0.0178786,0.1864624,1.5908620114420076,0,0,1
2020-05-12 10:00:00,1201.0191,29.615319824218773,0.018443093,0.16241455,19.46894784303317,30.849694824218773,0.018069252,0.15917969,8.874289900619338,27.599694824218773,0.017558083,0.16809082,1.604696768164683,0,0,1
2020-05-12 11:00:00,1210.4716,30.1337829589844,0.01837435,0.19598389,18.44747029151287,31.9619079589844,0.017809775,0.17059326,8.406620618173244,28.6494079589844,0.017535117,0.16595459,1.432727450942674,0,0,1
2020-05-12 12:00:00,1231.6767,30.345849609375023,0.018267505,0.21813965,17.260732771611647,32.54897460937502,0.0176953,0.17871094,6.572014299731216,29.408349609375023,0.017367236,0.15435791,1.8508035693064764,0,0,1
2020-05-12 13:00:00,1262.2732,30.249078369140648,0.018206557,0.24560547,15.972698121047468,32.87407836914065,0.017703017,0.18664551,4.844926518452861,29.702203369140648,0.017344436,0.14978027,2.7223397174659305,0,0,1
2020-05-12 14:00:00,1242.2433,29.969750976562523,0.018214427,0.2734375,14.8081321747011,32.84475097656252,0.017573558,0.19354248,3.518753393249502,29.563500976562523,0.017253123,0.14282227,3.4395220992338693,0,0,1
2020-05-12 15:00:00,1220.3721,29.545861816406276,0.01825287,0.27441406,14.02433047404978,32.49898681640627,0.01736023,0.21002197,2.3566499760165747,29.014611816406276,0.017024538,0.14202881,3.957957155255028,0,0,1
2020-05-12 16:00:00,1180.0761,29.097863769531276,0.018336983,0.25524902,13.486607431711278,31.644738769531276,0.017268868,0.21624756,0.98200764047288,28.238488769531276,0.01699421,0.11959839,3.969982658655838,0,0,1
2020-05-12 17:00:00,1151.0268,28.569909667968773,0.018550878,0.20806885,12.949633724968436,30.351159667968773,0.017932897,0.19366455,0.544568470212358,27.179284667968773,0.017292028,0.111572266,3.6792535727674665,0,0,1
2020-05-12 18:00:00,1212.0004,27.915002441406276,0.018940277,0.16015625,11.898751098748177,29.040002441406276,0.019382782,0.16046143,0.6924668237161934,25.805627441406276,0.017971344,0.1395874,3.2734986875364496,0,0,1
2020-05-12 19:00:00,1251.0085,27.468377685546898,0.019138949,0.12841797,12.20157358621159,28.202752685546898,0.019917147,0.13964844,1.693463165375925,24.749627685546898,0.018345492,0.16668701,2.771223601962713,0,0,1
2020-05-12 20:00:00,1245.8982,27.212121582031276,0.019177262,0.1098938,12.969554697832097,27.446496582031276,0.01958162,0.119506836,2.7447911505122606,24.212121582031276,0.018269364,0.17797852,2.194691030702354,0,0,1
2020-05-12 21:00:00,1252.4514,27.081079101562523,0.019154413,0.092163086,13.366881988262437,26.831079101562523,0.019276483,0.100738525,3.1978980656351053,23.893579101562523,0.018139703,0.16503906,1.5044439457371022,0,0,1
2020-05-12 22:00:00,1218.7307,26.954705810546898,0.01910856,0.08557129,13.034826257247952,26.454705810546898,0.019245889,0.0954895,2.674271402333812,23.673455810546898,0.017994668,0.1484375,1.0182184857184695,0,0,1
2020-05-12 23:00:00,1174.9543,26.826348876953148,0.019062476,0.09378052,12.023505859180672,26.138848876953148,0.019192176,0.09829712,1.894353517355792,23.466973876953148,0.017803626,0.13848877,0.6068343067669083,0,0,1
2020-05-13 00:00:00,1093.6111,26.702172851562523,0.01900892,0.10852051,11.204390639315852,25.795922851562523,0.018978402,0.101501465,1.447889346498491,23.311547851562523,0.017597482,0.13720703,0.6167496228856704,0,0,1
2020-05-13 01:00:00,1095.577,26.590600585937523,0.018955465,0.13623047,11.039323929527791,25.434350585937523,0.018696066,0.10070801,1.503339980488536,23.231225585937523,0.017429586,0.13146973,0.9040906211996936,0,0,1
2020-05-13 02:00:00,1057.5582000000002,26.506982421875023,0.018917324,0.14746094,11.252055354237472,25.100732421875023,0.018413784,0.09237671,1.72643174586863,23.163232421875023,0.017277004,0.11541748,1.2207081572161902,0,0,1
2020-05-13 03:00:00,1034.6222,26.459832763671898,0.018886777,0.14337158,11.887615869962207,24.741082763671898,0.018230649,0.08432007,1.8632969002696225,23.045770263671898,0.017093869,0.10644531,1.5147972804118388,0,0,1
2020-05-13 04:00:00,1009.5638,26.389794921875023,0.018840898,0.15039062,11.889868178475052,24.483544921875023,0.017978776,0.07546997,1.800613584843063,22.936669921875023,0.016903032,0.09890747,1.714102785789808,0,0,1
2020-05-13 05:00:00,984.652,26.301293945312523,0.01881789,0.15570068,11.252421126191992,24.301293945312523,0.017780293,0.071380615,1.6679898813235785,22.832543945312523,0.016757954,0.088012695,1.8363921114759407,0,0,1
2020-05-13 06:00:00,953.1129,26.502221679687523,0.018878821,0.17071533,10.888739132359548,24.658471679687523,0.017917518,0.06503296,2.0572993236029053,22.814721679687523,0.016712073,0.081085205,1.9171489982189884,0,0,1
2020-05-13 07:00:00,1042.3354,27.314324951171898,0.018627016,0.21514893,13.145615767156178,26.095574951171898,0.017963259,0.07104492,4.366983303694171,23.689324951171898,0.016765444,0.070495605,2.1648764270200904,0,0,1
2020-05-13 08:00:00,1126.9027,27.826257324218773,0.018314278,0.26574707,12.972554782377568,27.701257324218773,0.017513191,0.08862305,5.929108597914963,25.279382324218773,0.016384041,0.05722046,2.293716987559397,0,0,1
2020-05-13 09:00:00,1173.5481,28.227014160156276,0.018077932,0.27941895,11.49695810970742,29.102014160156276,0.017070852,0.13006592,6.242904688344513,27.023889160156276,0.01582726,0.060699463,2.165764464804633,0,0,1
2020-05-13 10:00:00,1193.3863,28.669549560546898,0.017894853,0.27026367,9.730516492067242,30.044549560546898,0.016758073,0.16619873,5.716357601845578,28.388299560546898,0.015503039,0.05935669,1.888658693380028,0,0,1
2020-05-13 11:00:00,1226.4271,29.138330078125023,0.017703973,0.25671387,7.93265316502444,30.825830078125023,0.016544305,0.18640137,4.767434442926566,29.466455078125023,0.015651666,0.0572052,1.4877664615885118,0,0,1
2020-05-13 12:00:00,1241.7716,29.531030273437523,0.017459653,0.25256348,6.090914924184006,31.421655273437523,0.016437314,0.19238281,3.661772586075964,30.265405273437523,0.015323422,0.06695557,1.3945669474160052,0,0,1
2020-05-13 13:00:00,1230.8217000000002,29.804345703125023,0.017253593,0.26464844,4.328552158911735,31.757470703125023,0.016483024,0.21063232,2.5442797425555628,30.601220703125023,0.015281394,0.08517456,1.8479286596288225,0,0,1
2020-05-13 14:00:00,1192.2031,30.010552978515648,0.017024742,0.2598877,3.0142666143949928,31.666802978515648,0.016536461,0.21881104,1.798316394695495,30.291802978515648,0.015697228,0.10348511,3.0251033859871046,0,0,1
2020-05-13 15:00:00,1137.642,30.095971679687523,0.016803332,0.26306152,2.1864983941331158,31.408471679687523,0.01657445,0.2243042,2.1135745549044174,29.549096679687523,0.016162463,0.12652588,4.3361516588264655,0,0,1
2020-05-13 16:00:00,1069.6473,30.090203857421898,0.016642971,0.25549316,2.7375002194757245,30.730828857421898,0.016810818,0.2368164,3.192960079322282,28.371453857421898,0.016574306,0.12573242,5.536211980851513,0,0,1
2020-05-13 17:00:00,1044.9248,29.819268798828148,0.016627531,0.20349121,4.772628460889209,30.006768798828148,0.017550688,0.24365234,3.907014202591033,26.944268798828148,0.017291289,0.13647461,5.6591208474076575,0,0,1
2020-05-13 18:00:00,1105.0020000000002,29.309289550781276,0.01721484,0.13153076,5.974763573473944,29.012414550781276,0.018061703,0.2121582,4.181196751276862,25.606164550781276,0.017962521,0.16455078,5.10890354046171,0,0,1
2020-05-13 19:00:00,1163.0074,28.758203125000023,0.018183649,0.09008789,6.311479817658336,28.101953125000023,0.019495904,0.17932129,3.924830626216694,24.742578125000023,0.018244684,0.18450928,4.338993789299157,0,0,1
2020-05-13 20:00:00,1167.6164,28.3256774902344,0.018740486,0.06530762,6.6164704630833935,27.7319274902344,0.01944239,0.15222168,3.31785654229011,24.3256774902344,0.018420052,0.20513916,3.550270077008959,0,0,1
2020-05-13 21:00:00,1175.1546,27.962701416015648,0.01889298,0.04916382,6.985054767478585,27.493951416015648,0.01899979,0.12921143,2.5910534880523017,24.103326416015648,0.018534398,0.21783447,2.970640066707774,0,0,1
2020-05-13 22:00:00,1151.3431999999998,27.649285888671898,0.019014983,0.044448853,7.066816175726608,27.086785888671898,0.019030241,0.106658936,1.9773700123056104,23.930535888671898,0.018557219,0.21618652,2.5728358831863964,0,0,1
2020-05-13 23:00:00,1122.6896,27.338952636718773,0.01908362,0.06008911,6.938476279358721,26.573327636718773,0.019106507,0.083740234,1.955513671163956,23.760827636718773,0.018458009,0.20184326,2.180638584478416,0,0,1
2020-05-14 00:00:00,1080.7962,27.053613281250023,0.01909122,0.08544922,7.138303852410828,26.100488281250023,0.018984409,0.06564331,2.0432905993211614,23.616113281250023,0.01834354,0.19128418,1.913817098028072,0,0,1
2020-05-14 01:00:00,1031.3408000000002,26.822076416015648,0.019091146,0.10949707,7.841460297882753,25.728326416015648,0.018755453,0.054260254,2.044715653216492,23.478326416015648,0.018183248,0.17980957,1.7817203563270465,0,0,1
2020-05-14 02:00:00,1030.5613,26.6037536621094,0.01906817,0.13201904,8.86723772184291,25.4787536621094,0.018488336,0.05065918,1.8600541754493023,23.2756286621094,0.017984796,0.17572021,1.7476161244492183,0,0,1
2020-05-14 03:00:00,993.1273,26.4404235839844,0.019007124,0.15130615,9.765512749354867,25.2216735839844,0.018221296,0.045288086,1.6299453253440253,23.0810485839844,0.017755903,0.16088867,1.5067012324665328,0,0,1
2020-05-14 04:00:00,965.2442,26.289147949218773,0.018892722,0.14447021,9.778430182722529,24.929772949218773,0.017946677,0.03933716,1.7367668423190863,22.945397949218773,0.01753469,0.1459961,1.1624151121955892,0,0,1
2020-05-14 05:00:00,956.631,26.189141845703148,0.018747792,0.120269775,9.077266819847324,24.673516845703148,0.017733082,0.03492737,2.0483971284078573,22.876641845703148,0.017366871,0.13806152,0.8765987286756254,0,0,1
2020-05-14 06:00:00,947.552,26.468865966796898,0.018686753,0.093444824,8.826752857621056,24.953240966796898,0.01783226,0.031044006,2.6606267652445257,22.859490966796898,0.017244797,0.12524414,0.8455798144226099,0,0,1
2020-05-14 07:00:00,1018.1989,27.361657714843773,0.01819083,0.09365845,10.967731322889604,26.674157714843773,0.017580478,0.027862549,5.121497052197147,23.924157714843773,0.017275302,0.10079956,0.7492408367318352,0,0,1
2020-05-14 08:00:00,1110.5392000000002,28.063317871093773,0.017931469,0.09991455,10.863431431000736,28.235192871093773,0.017252453,0.023994446,5.468420208387473,25.485192871093773,0.016733654,0.07562256,0.8326760085373147,0,0,1
2020-05-14 09:00:00,1157.8659,28.8957458496094,0.017832367,0.078063965,10.337160123798451,29.8176208496094,0.016565887,0.02154541,5.236280323850496,27.1926208496094,0.016131012,0.06359863,0.6094280894701812,0,0,1
2020-05-14 10:00:00,1176.9585,29.830865478515648,0.017809477,0.06491089,10.17973365240401,31.283990478515648,0.016115751,0.017066956,5.016388200823363,28.658990478515648,0.015810575,0.057617188,0.2067325857942932,0,0,1
2020-05-14 11:00:00,1206.3059,30.634851074218773,0.017817056,0.063323975,10.530224160962906,32.54110107421877,0.016069924,0.015968323,4.516180208386461,29.775476074218773,0.015711343,0.055404663,0.4382808858696552,0,0,1
2020-05-14 12:00:00,1196.2992000000002,31.200555419921898,0.017878069,0.07778931,11.02280643984565,33.4974304199219,0.016382707,0.028465271,3.693301898866137,30.606805419921898,0.015413774,0.057403564,1.1205623411967522,0,0,1
2020-05-14 13:00:00,1216.4173,31.515069580078148,0.01802305,0.10211182,11.40522447631894,34.04631958007815,0.016687905,0.068115234,3.1317853184490905,30.890069580078148,0.015726602,0.07086182,1.942442664695793,0,0,1
2020-05-14 14:00:00,1175.237,31.618524169921898,0.018107072,0.12994385,11.94287928307359,34.0247741699219,0.016779557,0.109436035,3.0000049638707105,30.618524169921898,0.016207352,0.0920105,2.6697106841137934,0,0,1
2020-05-14 15:00:00,1158.9053,31.531915283203148,0.01819108,0.14660645,12.860734325700076,33.59441528320315,0.016955119,0.14855957,3.026195088281869,29.781915283203148,0.016672831,0.10470581,3.13446853513346,0,0,1
2020-05-14 16:00:00,1136.2574,31.198114013671898,0.018244518,0.13922119,14.19131010947513,32.7606140136719,0.01720692,0.15423584,2.8347578435746086,28.807489013671898,0.017069591,0.10928345,3.4339527429385024,0,0,1
2020-05-14 17:00:00,1098.5353,30.566369628906276,0.018458124,0.118499756,15.491694010436312,31.519494628906276,0.017985102,0.13446045,1.9647429750964676,27.644494628906276,0.01726031,0.107177734,3.893041793073689,0,0,1
2020-05-14 18:00:00,1150.036,29.591088867187523,0.01903034,0.10134888,15.691631346406384,29.825463867187523,0.019312628,0.11672974,0.4157306404234207,26.341088867187523,0.017672308,0.09246826,3.962929316708295,0,0,1
2020-05-14 19:00:00,1237.9516,28.728356933593773,0.01952626,0.10220337,15.8009170169538,28.884606933593773,0.020121353,0.11550903,0.6643379111537393,25.337731933593773,0.017992752,0.080200195,3.587221808729312,0,0,1
2020-05-14 20:00:00,1232.8196,28.148614501953148,0.019701686,0.10983276,15.89241693436291,28.320489501953148,0.020136561,0.12295532,0.6745482363493948,24.726739501953148,0.018023219,0.070251465,3.2499109270654256,0,0,1
2020-05-14 21:00:00,1225.4602,27.802606201171898,0.019755034,0.11477661,15.125334196575809,27.802606201171898,0.019953398,0.12615967,0.7417368968562273,24.255731201171898,0.018023161,0.0664978,2.99613558783533,0,0,1
2020-05-14 22:00:00,1214.8341,27.597589111328148,0.019693872,0.109802246,14.319301170687266,27.285089111328148,0.019732019,0.12289429,1.252928564795142,23.878839111328148,0.017969629,0.06451416,2.752091676948215,0,0,1
2020-05-14 23:00:00,1166.8564,27.403161621093773,0.019525876,0.09603882,13.892021436152463,26.778161621093773,0.01947247,0.11206055,1.846138027724025,23.543786621093773,0.017801633,0.058746338,2.505675784229381,0,0,1
2020-05-15 00:00:00,1081.5400000000002,27.214288330078148,0.01943417,0.080566406,13.670793846760866,26.323663330078148,0.019205289,0.09512329,2.340161461761615,23.261163330078148,0.017610746,0.053390503,2.469819143060129,0,0,1
2020-05-15 01:00:00,1059.4926,27.022607421875023,0.01936554,0.07601929,13.508147565790791,25.881982421875023,0.01897644,0.08294678,2.6570208142419705,23.006982421875023,0.017427674,0.04685974,2.557592420949675,0,0,1
2020-05-15 02:00:00,1026.5334,26.862664794921898,0.01927399,0.07104492,13.529656147108264,25.456414794921898,0.018732304,0.075683594,2.816767285786314,22.768914794921898,0.017244572,0.038864136,2.679807928732365,0,0,1
2020-05-15 03:00:00,996.7647,26.769921875000023,0.019174788,0.070892334,13.697812979224762,25.144921875000023,0.01851866,0.06976318,3.018098796478736,22.551171875000023,0.017030928,0.030204773,2.6960669481641504,0,0,1
2020-05-15 04:00:00,976.5855,26.675561523437523,0.01913662,0.06854248,13.362855940414734,24.894311523437523,0.018327905,0.061538696,3.2467430947085605,22.394311523437523,0.016779138,0.0235672,2.6633916516975176,0,0,1
2020-05-15 05:00:00,955.2431,26.595300292968773,0.01912899,0.064086914,12.776110170504449,24.657800292968773,0.018160056,0.04837036,3.3354066048414173,22.267175292968773,0.016519736,0.02129364,2.532940795774304,0,0,1
2020-05-15 06:00:00,933.6411,26.827661132812523,0.019174779,0.057907104,13.383066420943765,24.968286132812523,0.018137181,0.03627014,4.212105362968158,22.312036132812523,0.016329015,0.020820618,2.332745592367636,0,0,1
2020-05-15 07:00:00,998.2099,27.620385742187523,0.019006906,0.08239746,15.807417400867667,26.761010742187523,0.017854868,0.03715515,6.712117436764967,23.526635742187523,0.016260324,0.017539978,2.2403450475758357,0,0,1
2020-05-15 08:00:00,1098.8768,28.307641601562523,0.018854318,0.112091064,14.772746608481391,28.682641601562523,0.01745051,0.04144287,7.355587357564034,25.463891601562523,0.015901743,0.014873505,1.6632197177411745,0,0,1
2020-05-15 09:00:00,1153.8144,29.080865478515648,0.018777981,0.12063599,12.983727649843196,30.471490478515648,0.017221585,0.05393982,6.273274738485399,27.455865478515648,0.015558378,0.014251709,0.6056953304010162,0,0,1
2020-05-15 10:00:00,1184.3412999999998,29.862634277343773,0.018739775,0.1439209,11.780958517096265,31.925134277343773,0.017137602,0.08685303,5.084761540045749,29.018884277343773,0.015615539,0.016593933,0.8018068844533687,0,0,1
2020-05-15 11:00:00,1217.381,30.536981201171898,0.018739743,0.15783691,11.221220757479372,32.8651062011719,0.017229123,0.12695312,4.019068858072899,30.068231201171898,0.016046567,0.024520874,1.7878881299845528,0,0,1
2020-05-15 12:00:00,1214.8598000000002,31.015924072265648,0.018739723,0.16674805,11.09245373698834,33.48467407226565,0.017480873,0.16802979,3.171532076634179,30.687799072265648,0.016305946,0.04849243,2.689740046735456,0,0,1
2020-05-15 13:00:00,1186.2998,31.248101806640648,0.01879311,0.1852417,11.141838199851929,33.77935180664065,0.017602924,0.1986084,2.8588951933985194,30.857476806640648,0.016496662,0.10601807,3.529305584067665,0,0,1
2020-05-15 14:00:00,1153.0539,31.217797851562523,0.018854119,0.20373535,11.401894381882578,33.42092285156252,0.017663933,0.23413086,3.3252012234941954,30.561547851562523,0.016664483,0.14929199,4.334389596486835,0,0,1
2020-05-15 15:00:00,1111.3435000000002,30.968408203125023,0.018823527,0.22290039,11.964336653676208,32.74965820312502,0.017801188,0.2611084,3.839512389933916,29.890283203125023,0.01688566,0.16693115,4.9967535580304485,0,0,1
2020-05-15 16:00:00,1079.2098,30.469140625000023,0.018846352,0.21929932,12.791067105799977,31.766015625000023,0.018030006,0.2803955,3.679738535921951,28.984765625000023,0.017198402,0.18359375,5.067495551613134,0,0,1
2020-05-15 17:00:00,1051.1549,29.9096618652344,0.019029409,0.1987915,12.94524638590163,30.6752868652344,0.018617421,0.2989502,3.2182052180904543,27.8002868652344,0.0176256,0.17736816,4.675814456678373,0,0,1
2020-05-15 18:00:00,1095.2387,29.271386718750023,0.01947949,0.16265869,11.44865642810496,29.552636718750023,0.01922772,0.32385254,2.663659050336208,26.458886718750023,0.018159606,0.16638184,3.9468441633528526,0,0,1
2020-05-15 19:00:00,1190.3482,28.790917968750023,0.019883802,0.12277222,10.41452743007559,28.712792968750023,0.019555738,0.33850098,2.057182170287913,25.415917968750023,0.01877754,0.16253662,3.1585492738832976,0,0,1
2020-05-15 20:00:00,1198.1993,28.414697265625023,0.020082118,0.085113525,9.950354430820552,28.055322265625023,0.019715907,0.34631348,1.003997147300551,24.727197265625023,0.01855624,0.14331055,2.6306141245828574,0,0,1
2020-05-15 21:00:00,1187.1472,28.103784179687523,0.020219386,0.06411743,9.866052093782818,27.541284179687523,0.019815028,0.33483887,0.1735734410041562,24.353784179687523,0.018632472,0.124816895,2.356858848206887,0,0,1
2020-05-15 22:00:00,1155.8455,27.838403320312523,0.020280372,0.059570312,10.134513962716616,27.135278320312523,0.01992942,0.2960205,0.8655664913083538,24.104028320312523,0.018586647,0.114868164,2.18401925132986,0,0,1
2020-05-15 23:00:00,1131.684,27.612878417968773,0.020242179,0.06790161,10.647730088445,26.816003417968773,0.020013297,0.22930908,1.6801690125599276,23.941003417968773,0.01847216,0.115448,2.1039559909112366,0,0,1
2020-05-16 00:00:00,1053.8768,27.444970703125023,0.020181086,0.08013916,10.889741364237285,26.507470703125023,0.020356562,0.16259766,2.027422219229692,23.788720703125023,0.018334772,0.13763428,2.0979578715586644,0,0,1
2020-05-16 01:00:00,1042.7384,27.312646484375023,0.020165764,0.08804321,10.988179718969697,26.297021484375023,0.020364128,0.11419678,2.35044419676287,23.625146484375023,0.018166862,0.14422607,2.1212833416756887,0,0,1
2020-05-16 02:00:00,1018.0739,27.213220214843773,0.02013518,0.09182739,11.01744206672327,26.025720214843773,0.020097032,0.089019775,2.621493002306504,23.463220214843773,0.017998949,0.13946533,2.1495855785884865,0,0,1
2020-05-16 03:00:00,990.8119,27.155389404296898,0.020119864,0.09075928,10.895340474775413,25.796014404296898,0.019852836,0.081970215,2.5886506217474365,23.342889404296898,0.017861564,0.13549805,2.21156216157698,0,0,1
2020-05-16 04:00:00,968.3755,27.121240234375023,0.020112196,0.095184326,10.68812099861136,25.605615234375023,0.019639174,0.07989502,2.374083107088974,23.293115234375023,0.017762342,0.13208008,2.218118742210867,0,0,1
2020-05-16 05:00:00,948.7916,27.110955810546898,0.020104554,0.09439087,10.252577592490535,25.454705810546898,0.019440796,0.07675171,2.297519272732764,23.267205810546898,0.01764026,0.13085938,2.1368277044604707,0,0,1
2020-05-16 06:00:00,910.7334,27.262872314453148,0.020188497,0.089263916,9.840317900569948,25.700372314453148,0.019578146,0.075286865,2.733780636085932,23.340997314453148,0.017609762,0.13482666,1.9229254591862397,0,0,1
2020-05-16 07:00:00,952.7934,27.876672363281276,0.020043548,0.08230591,11.51723901087382,26.579797363281276,0.019921478,0.076690674,4.724053642323694,24.017297363281276,0.0180065,0.16186523,1.753888693129041,0,0,1
2020-05-16 08:00:00,1007.1548,28.336846923828148,0.01989858,0.08544922,11.580745172588912,27.852471923828148,0.019723104,0.073516846,6.231776040236172,24.977471923828148,0.018250631,0.19464111,1.4580738140070963,0,0,1
2020-05-16 09:00:00,1044.3595,28.810205078125023,0.019753627,0.08227539,10.764560154045244,29.341455078125023,0.019173793,0.10720825,6.408467520642885,26.341455078125023,0.017670803,0.22058105,0.9289639929044156,0,0,1
2020-05-16 10:00:00,1071.8168,29.249108886718773,0.01961632,0.08178711,9.358570968405312,30.217858886718773,0.01886864,0.12646484,5.386644823923928,27.420983886718773,0.017396167,0.2078247,0.2609993881226635,0,0,1
2020-05-16 11:00:00,1093.9757,29.598596191406276,0.019501915,0.09262085,7.848456241889827,30.989221191406276,0.018853417,0.1329956,3.565349691930756,28.207971191406276,0.017503014,0.18243408,1.5131128598545134,0,0,1
2020-05-16 12:00:00,1117.1617,29.749169921875023,0.019303584,0.10513306,6.211389097674133,31.452294921875023,0.018876338,0.15136719,1.7715783007030343,28.749169921875023,0.017709041,0.17956543,2.584884050967432,0,0,1
2020-05-16 13:00:00,1136.1638,29.838891601562523,0.01914339,0.115722656,5.5077971347026375,31.776391601562523,0.018861102,0.18255615,0.3631494492196937,28.995141601562523,0.017861651,0.18920898,3.597349001410853,0,0,1
2020-05-16 14:00:00,1154.4397,29.857080078125023,0.019013695,0.12738037,6.079607678479834,31.716455078125023,0.01883822,0.20666504,1.855314365750339,28.732080078125023,0.018098168,0.19110107,4.3555094654592175,0,0,1
2020-05-16 15:00:00,1157.5855,29.788995361328148,0.018998442,0.12265015,7.823674513219088,31.163995361328148,0.019204436,0.20507812,3.2554831057534783,28.257745361328148,0.018365202,0.19378662,4.575017635123862,0,0,1
2020-05-16 16:00:00,1134.6943,29.592736816406276,0.019143414,0.100738525,9.515448387273418,30.686486816406276,0.019929241,0.21203613,3.574889669516488,27.592736816406276,0.018609356,0.18560791,4.338764301035795,0,0,1
2020-05-16 17:00:00,1120.358,29.246697998046898,0.019494344,0.07318115,9.93288532714645,29.793572998046898,0.0201581,0.20092773,3.692699271308888,26.731072998046898,0.018960286,0.16326904,3.962612744962663,0,0,1
2020-05-16 18:00:00,1161.4641,28.694848632812523,0.020165708,0.05581665,9.01986470461452,28.772973632812523,0.021073606,0.18719482,3.418717783439633,25.788598632812523,0.019555356,0.1508789,3.518614866328108,0,0,1
2020-05-16 19:00:00,1228.5474,28.256219482421898,0.02058531,0.047164917,8.621362320415939,28.099969482421898,0.02160002,0.18719482,3.247166808657803,25.131219482421898,0.019540083,0.14508057,3.294766211775699,0,0,1
2020-05-16 20:00:00,1241.8254000000002,27.964135742187523,0.020737894,0.045333862,8.634823745846013,27.667260742187523,0.021516092,0.16485596,3.1883887858204005,24.792260742187523,0.019364603,0.13928223,3.127625278186721,0,0,1
2020-05-16 21:00:00,1234.5653,27.740686035156276,0.020821845,0.04914856,8.556987557342746,27.334436035156276,0.021333015,0.13171387,3.2334272903542223,24.568811035156276,0.01924256,0.13934326,3.02638027605622,0,0,1
2020-05-16 22:00:00,1216.6713,27.580224609375023,0.02083713,0.05984497,8.704173487953835,27.017724609375023,0.021119418,0.098236084,3.252748319161447,24.408349609375023,0.019105257,0.13745117,2.9736210648628787,0,0,1
2020-05-16 23:00:00,1172.1699999999998,27.451501464843773,0.020798933,0.0579834,9.185312264439553,26.701501464843773,0.020867597,0.09362793,3.31889803281476,24.279626464843773,0.018990766,0.13140869,2.925019939061209,0,0,1
2020-05-17 00:00:00,1147.8573,27.317559814453148,0.020753084,0.052841187,9.799809889993014,26.458184814453148,0.02067679,0.089538574,3.3734479387200444,24.161309814453148,0.018891511,0.124694824,2.9391655278742195,0,0,1
2020-05-17 01:00:00,1116.1068,27.188317871093773,0.02069962,0.044525146,10.298353622851986,26.203942871093773,0.02045548,0.090026855,3.4754311465644805,24.032067871093773,0.018777013,0.12173462,2.915970407123873,0,0,1
2020-05-17 02:00:00,1078.9363,27.083642578125023,0.020646175,0.043121338,10.50237526321706,26.036767578125023,0.020310482,0.08520508,3.4396404551971784,23.911767578125023,0.018670162,0.11831665,2.922780236349897,0,0,1
2020-05-17 03:00:00,1054.626,27.033349609375023,0.020554598,0.04888916,9.880088480194136,25.892724609375023,0.02015787,0.08224487,3.186448397230702,23.783349609375023,0.018540438,0.10812378,2.997821541435249,0,0,1
2020-05-17 04:00:00,1029.658,27.020440673828148,0.0205012,0.06072998,9.494419984864743,25.879815673828148,0.020043436,0.095581055,2.575101720782208,23.692315673828148,0.018403117,0.10284424,2.9383611837081656,0,0,1
2020-05-17 05:00:00,1004.6207,26.997613525390648,0.020463083,0.07055664,9.692222666734272,25.841363525390648,0.019974802,0.11904907,2.080187376779876,23.653863525390648,0.018311594,0.124053955,2.77479737031726,0,0,1
2020-05-17 06:00:00,930.5016,27.194024658203148,0.020562306,0.06756592,11.33152692049282,26.006524658203148,0.020188466,0.1329956,2.3364741986558504,23.756524658203148,0.018334523,0.16247559,2.457998157432244,0,0,1
2020-05-17 07:00:00,947.9355,27.850000000000023,0.020684427,0.06387329,15.25686470990574,26.881250000000023,0.020585245,0.109558105,4.055858380379013,24.303125000000023,0.018670266,0.17089844,2.2388505205753533,0,0,1
2020-05-17 08:00:00,962.7134,28.322686767578148,0.020699726,0.0657959,16.635889208377712,27.900811767578148,0.020631062,0.09185791,5.314550091280493,25.103936767578148,0.019105183,0.16546631,2.2096194314163027,0,0,1
2020-05-17 09:00:00,971.5890000000002,28.731713867187523,0.020669255,0.07397461,16.442647655601867,28.762963867187523,0.020081792,0.092559814,6.59874383936582,26.262963867187523,0.01897553,0.16278076,2.077870073098877,0,0,1
2020-05-17 10:00:00,991.7822,29.085595703125023,0.020585338,0.081085205,15.833191632623873,29.601220703125023,0.019578258,0.11206055,6.924040841562285,27.788720703125023,0.018494884,0.17102051,1.5382757695353744,0,0,1
2020-05-17 11:00:00,1001.8618,29.306298828125023,0.020455645,0.09005737,15.280875876123854,30.212548828125023,0.019212054,0.12658691,6.690859694732048,28.712548828125023,0.01826601,0.18945312,1.5817633440152117,0,0,1
2020-05-17 12:00:00,986.638,29.396203613281276,0.02028017,0.08996582,13.927706520139374,30.583703613281276,0.018983172,0.13555908,6.311743934600934,28.880578613281276,0.018357562,0.20410156,1.987992974088523,0,0,1
2020-05-17 13:00:00,931.0387,29.4265075683594,0.020097004,0.0942688,11.929277164019863,30.7077575683594,0.018990742,0.14056396,5.972254047910283,28.7233825683594,0.018540608,0.2333374,2.460351388072303,0,0,1
2020-05-17 14:00:00,922.8659,29.394006347656276,0.01992148,0.11227417,10.55577398009486,30.534631347656276,0.018983064,0.15325928,6.085835267213384,28.347131347656276,0.018609224,0.24578857,3.07123398326009,0,0,1
2020-05-17 15:00:00,922.4819,29.2700134277344,0.019791739,0.09692383,9.423223106388203,30.1293884277344,0.019097464,0.14880371,5.892277435126214,27.7387634277344,0.018715994,0.2631836,3.560116060593907,0,0,1
2020-05-17 16:00:00,921.4645,29.086297607421898,0.019715419,0.07046509,8.002913183040487,29.586297607421898,0.019501796,0.13360596,4.676075476087052,26.930047607421898,0.018975368,0.27478027,3.5781149958175,0,0,1
2020-05-17 17:00:00,911.0516,28.778222656250023,0.01989089,0.040985107,6.070081881704574,28.981347656250023,0.019692525,0.1194458,3.5236326040988177,26.043847656250023,0.01937972,0.2816162,3.3134794766441096,0,0,1
2020-05-17 18:00:00,985.602,28.291162109375023,0.020531755,0.031417847,4.735533335778947,27.947412109375023,0.020264726,0.10272217,1.53099660139124,25.291162109375023,0.019730669,0.29406738,2.98458393743618,0,0,1
2020-05-17 19:00:00,1059.2582,27.926538085937523,0.020531747,0.027389526,5.266785550687087,27.379663085937523,0.020142648,0.08508301,0.8088158642423497,24.848413085937523,0.019799326,0.2512207,2.696137431080198,0,0,1
2020-05-17 20:00:00,1072.0883,27.6809020996094,0.020424921,0.02357483,6.344714339298677,26.9777770996094,0.02005871,0.06826782,1.4369050096561369,24.5871520996094,0.019661982,0.17938232,2.3847252514770005,0,0,1
2020-05-17 21:00:00,1073.2228,27.462915039062523,0.020325717,0.02658844,7.786721694285901,26.509790039062523,0.019967135,0.050094604,2.237996833666078,24.384790039062523,0.019440707,0.128479,2.2915356417103805,0,0,1
2020-05-17 22:00:00,1054.992,27.245019531250023,0.020226499,0.027694702,9.85517197968384,26.135644531250023,0.019852659,0.036865234,3.092899441406215,24.276269531250023,0.01921179,0.11187744,2.364526778453667,0,0,1
2020-05-17 23:00:00,1041.1077,27.0798278808594,0.02014253,0.030082703,11.957440167787206,25.8610778808594,0.0197458,0.035079956,3.640984956030816,24.1267028808594,0.019043896,0.09939575,3.142100906886118,0,0,1
2020-05-18 00:00:00,992.4469,26.995080566406276,0.02007382,0.036972046,13.347262806975689,25.698205566406276,0.01968472,0.032043457,3.826701694509862,23.948205566406276,0.018914152,0.10354614,3.3887463434045557,0,0,1
2020-05-18 01:00:00,957.74,26.921228027343773,0.020043256,0.037475586,13.071860111090388,25.468103027343773,0.019516828,0.031982422,3.809522392794936,23.858728027343773,0.018784406,0.10925293,3.4288270869474373,0,0,1
2020-05-18 02:00:00,940.8032,26.807763671875023,0.020050826,0.04219055,11.107492423560466,25.276513671875023,0.019310774,0.04017639,3.6548656718648656,23.729638671875023,0.018639388,0.108184814,3.4682462501744835,0,0,1
2020-05-18 03:00:00,924.4359,26.761682128906276,0.020004988,0.050247192,8.522902504191121,25.339807128906276,0.019150496,0.053710938,3.5315195747037147,23.636682128906276,0.01846385,0.10394287,3.2291479714785605,0,0,1
2020-05-18 04:00:00,911.5082,26.740350341796898,0.01993626,0.05908203,6.256228293153527,25.646600341796898,0.019066509,0.06881714,2.909067100351613,23.552850341796898,0.018234905,0.09854126,2.7494313033492124,0,0,1
2020-05-18 05:00:00,911.3499,26.731286621093773,0.019867534,0.064331055,5.165110617502789,25.793786621093773,0.01903593,0.08166504,2.753485636304967,23.465661621093773,0.017983073,0.09732056,2.2674666408368718,0,0,1
2020-05-18 06:00:00,890.1755999999999,26.928491210937523,0.02006585,0.07543945,4.750852432056458,25.694116210937523,0.01931054,0.08514404,3.116903935204996,23.381616210937523,0.017807549,0.09628296,1.9621658307959944,0,0,1
2020-05-18 07:00:00,983.9244,27.584924316406276,0.020081073,0.08178711,5.981667798795865,26.678674316406276,0.020050555,0.08557129,4.177625301269418,23.819299316406276,0.018295795,0.09500122,1.717009551639905,0,0,1
2020-05-18 08:00:00,1082.9722,28.070642089843773,0.019951353,0.097473145,6.137801507509106,28.023767089843773,0.020218382,0.10443115,4.248480082975781,24.367517089843773,0.018578062,0.09640503,1.6530212571703682,0,0,1
2020-05-18 09:00:00,1128.8913,28.556665039062523,0.01979875,0.10961914,5.536840674283917,28.931665039062523,0.01929521,0.15124512,3.72017292912838,25.134790039062523,0.01828813,0.09017944,1.4273726361738956,0,0,1
2020-05-18 10:00:00,1152.9275,28.911279296875023,0.01963085,0.12750244,6.150852944377664,29.317529296875023,0.018577993,0.15039062,4.458432993740522,26.426904296875023,0.017746389,0.09811401,1.1857037370404582,0,0,1
2020-05-18 11:00:00,1193.7247,29.128503417968773,0.01947823,0.14251709,6.749781872085923,29.862878417968773,0.018532185,0.14428711,5.699777709240371,27.425378417968773,0.01745644,0.11022949,1.6796922877043867,0,0,1
2020-05-18 12:00:00,1204.8536,29.314019775390648,0.019310357,0.1749878,6.262338711608948,30.110894775390648,0.018593194,0.14379883,6.358876210739849,27.985894775390648,0.017479302,0.12609863,2.4794802083300373,0,0,1
2020-05-18 13:00:00,1224.6798,29.435205078125023,0.019073835,0.2006836,4.763205318336862,30.122705078125023,0.0187534,0.16021729,6.713796343376229,28.122705078125023,0.017578473,0.1272583,3.2101290076170512,0,0,1
2020-05-18 14:00:00,1209.7576,29.484948730468773,0.018883102,0.22399902,3.756544429772719,29.813073730468773,0.01903569,0.18823242,6.951150790657122,27.875573730468773,0.017746322,0.1395874,3.7526750636325055,0,0,1
2020-05-18 15:00:00,1182.8965999999998,29.460473632812523,0.018783905,0.22393799,3.5653574917582764,29.179223632812523,0.019554473,0.19543457,7.004965519626228,27.304223632812523,0.01809726,0.17230225,4.104599649791036,0,0,1
2020-05-18 16:00:00,1085.7513,29.368463134765648,0.01880678,0.206604,4.036499792398812,28.680963134765648,0.020263994,0.20904541,6.121551682724934,26.524713134765648,0.01881441,0.20452881,4.266123661615003,0,0,1
2020-05-18 17:00:00,1055.5036,29.142480468750023,0.019058544,0.18499756,4.408983773679026,27.954980468750023,0.020080883,0.20367432,5.476442768785252,25.814355468750023,0.019203503,0.22265625,4.172078262692264,0,0,1
2020-05-18 18:00:00,1109.3898,28.701287841796898,0.01975282,0.15679932,4.1556630045609815,26.982537841796898,0.020424206,0.17156982,4.116646760179419,25.045037841796898,0.019249279,0.22314453,3.784406611139651,0,0,1
2020-05-18 19:00:00,1137.4698,28.336968994140648,0.020469982,0.13000488,4.30917310345509,26.415093994140648,0.020309765,0.13867188,3.552400765801446,24.508843994140648,0.019211132,0.21209717,3.7165142897658736,0,0,1
2020-05-18 20:00:00,1140.8957,28.119653320312523,0.020500502,0.089660645,5.962508291562631,26.088403320312523,0.020073256,0.11050415,3.339073924436469,24.260278320312523,0.018936476,0.18347168,3.934984308136379,0,0,1
2020-05-18 21:00:00,1122.4971,27.862634277343773,0.020431845,0.05267334,8.965728471969305,25.847009277343773,0.019882528,0.07659912,3.3556977867322195,24.065759277343773,0.018738119,0.1486206,4.222015337866928,0,0,1
2020-05-18 22:00:00,1104.2686,27.579919433593773,0.020424223,0.03944397,12.066070591094572,25.642419433593773,0.019729948,0.05241394,3.9135065216091993,23.829919433593773,0.018638944,0.10809326,4.359196202703073,0,0,1
2020-05-18 23:00:00,1087.8117,27.253198242187523,0.020515777,0.041503906,13.54072257701615,25.487573242187523,0.019630767,0.03753662,4.535532835473034,23.643823242187523,0.018608429,0.07739258,4.171971797891684,0,0,1
2020-05-19 00:00:00,1069.0625,26.966943359375023,0.020569189,0.052978516,12.176202621438277,25.388818359375023,0.019600255,0.041549683,4.866117772192897,23.607568359375023,0.018570287,0.080200195,4.051503665260032,0,0,1
2020-05-19 01:00:00,1029.0093,26.800164794921898,0.02053867,0.08358765,9.067780351493395,25.300164794921898,0.019577365,0.06500244,4.77345514721894,23.503289794921898,0.01850162,0.099243164,4.044042401598041,0,0,1
2020-05-19 02:00:00,994.0339,26.747735595703148,0.020454736,0.12390137,7.2824744142187,25.200860595703148,0.01952395,0.106170654,4.2674032876800085,23.341485595703148,0.018410059,0.113342285,4.085296176739769,0,0,1
2020-05-19 03:00:00,974.323,26.709405517578148,0.020309767,0.13726807,5.893096227378406,25.037530517578148,0.01938661,0.13439941,3.702403401435404,23.240655517578148,0.018349012,0.12988281,4.088334241655209,0,0,1
2020-05-19 04:00:00,965.6241,26.691491699218773,0.020141913,0.13146973,4.713315030151901,25.035241699218773,0.019241644,0.16217041,3.09560987573969,23.175866699218773,0.01828034,0.14422607,4.020735679323452,0,0,1
2020-05-19 05:00:00,956.2636,26.634637451171898,0.020042732,0.1260376,4.811993980061483,25.306512451171898,0.019172981,0.17883301,2.29469503844866,23.150262451171898,0.01818879,0.16412354,3.8709871026831646,0,0,1
2020-05-19 06:00:00,934.3141,26.714776611328148,0.020164812,0.11968994,5.13840345249265,25.636651611328148,0.019333208,0.18261719,1.84525713082499,23.105401611328148,0.018081987,0.16333008,3.74509925282945,0,0,1
2020-05-19 07:00:00,1015.9395,27.266625976562523,0.020019867,0.11645508,6.39518278742066,26.141625976562523,0.01996646,0.107543945,3.3142708633294484,23.516625976562523,0.018242218,0.14959717,3.6426430435736505,0,0,1
2020-05-19 08:00:00,1101.4365,27.639794921875023,0.019760463,0.12194824,5.564884855822008,27.139794921875023,0.019790981,0.10470581,4.212851895086665,24.139794921875023,0.018364284,0.14434814,3.5808962941880367,0,0,1
2020-05-19 09:00:00,1154.0517,27.937524414062523,0.019516308,0.15612793,3.633186464811852,27.515649414062523,0.019317944,0.13153076,4.459634229347089,24.968774414062523,0.018188793,0.1508789,3.208533547995132,0,0,1
2020-05-19 10:00:00,1187.8629,28.1840759277344,0.01924927,0.18347168,1.762690253844888,27.8247009277344,0.019302676,0.06793213,5.005858210973943,25.8872009277344,0.017807314,0.17419434,2.633510254900253,0,0,1
2020-05-19 11:00:00,1203.7384,28.552148437500023,0.018860167,0.22766113,1.213442283894051,27.880273437500023,0.019172972,0.124298096,6.140886206276543,26.614648437500023,0.017418211,0.16589355,2.376739152290721,0,0,1
2020-05-19 12:00:00,1191.6478,28.9260192871094,0.01868469,0.24890137,3.899578768650083,27.7541442871094,0.019180601,0.15179443,7.000542736811505,26.8791442871094,0.017250365,0.140625,2.77027638987907,0,0,1
2020-05-19 13:00:00,1141.3986,28.999078369140648,0.018577881,0.22363281,4.386324446256472,27.686578369140648,0.019279785,0.07846069,7.702950588518989,26.874078369140648,0.017280884,0.14361572,3.1828070257080823,0,0,1
2020-05-19 14:00:00,1110.2891,28.987573242187523,0.018471075,0.1920166,3.672852998391936,27.846948242187523,0.019371344,0.051605225,8.304466617549977,26.815698242187523,0.01740296,0.19616699,3.616412681826041,0,0,1
2020-05-19 15:00:00,1054.1162,28.927453613281276,0.018410053,0.18164062,3.92763132712286,27.693078613281276,0.019409504,0.037078857,7.803207471577468,26.630578613281276,0.01755556,0.25634766,3.696263615025513,0,0,1
2020-05-19 16:00:00,1014.419,28.753625488281276,0.018524501,0.19470215,6.215882750815624,27.222375488281276,0.019508693,0.052841187,6.665901043161691,26.394250488281276,0.017700527,0.29833984,3.3450139617628545,0,0,1
2020-05-19 17:00:00,994.0144,28.3486267089844,0.0189365,0.2020874,8.707862839347083,26.5986267089844,0.019714698,0.10470581,5.526009521774389,25.8486267089844,0.017990455,0.2821045,2.9528932316975456,0,0,1
2020-05-19 18:00:00,1066.3154,27.760034179687523,0.019554501,0.18585205,8.270270382982748,26.056909179687523,0.019920712,0.14337158,4.517517592918875,25.056909179687523,0.018471127,0.2529297,2.7968902911402225,0,0,1
2020-05-19 19:00:00,1077.4685,27.335229492187523,0.019874966,0.13879395,7.153848122059289,25.866479492187523,0.019928372,0.1593628,4.390793078046098,24.428979492187523,0.018539822,0.20544434,2.793688370197691,0,0,1
2020-05-19 20:00:00,1084.4737,27.110681152343773,0.019882618,0.09811401,6.220721859027914,25.798181152343773,0.019913135,0.16564941,4.551185845329146,24.048181152343773,0.018371997,0.15045166,2.777077144912574,0,0,1
2020-05-19 21:00:00,1077.7786,26.958703613281276,0.019844485,0.07876587,5.735265947609329,25.771203613281276,0.019875003,0.1618042,4.685191442024455,23.771203613281276,0.018166019,0.11514282,2.6518458649389944,0,0,1
2020-05-19 22:00:00,1044.4724,26.864465332031276,0.019813986,0.07409668,5.566863139144068,25.661340332031276,0.01977584,0.15264893,4.903244909858891,23.520715332031276,0.017929526,0.105651855,2.466212973454479,0,0,1
2020-05-19 23:00:00,997.7907,26.777368164062523,0.019783491,0.092681885,5.445987669847801,25.542993164062523,0.019638533,0.14190674,5.326502252284449,23.324243164062523,0.017708296,0.105163574,2.29406737956474,0,0,1
2020-05-20 00:00:00,980.3357,26.651635742187523,0.019760638,0.12524414,5.386057114829145,25.370385742187523,0.019447833,0.1381836,5.519826263513202,23.151635742187523,0.017525226,0.109954834,2.3007297975133394,0,0,1
2020-05-20 01:00:00,944.9162,26.498742675781276,0.019707277,0.14190674,5.607835965068933,25.186242675781276,0.019234255,0.117889404,5.476349672108345,22.998742675781276,0.017357424,0.10714722,2.404836710265918,0,0,1
2020-05-20 02:00:00,916.0126,26.3754821777344,0.019646242,0.13690186,5.856957919427652,24.9692321777344,0.018974856,0.11230469,5.299278483672071,22.8442321777344,0.01715143,0.084991455,2.4459098754118243,0,0,1
2020-05-20 03:00:00,899.3243,26.267358398437523,0.019577574,0.1270752,5.777487677276689,24.767358398437523,0.01874597,0.08917236,4.805703779714203,22.704858398437523,0.016922545,0.05947876,2.3771678085985912,0,0,1
2020-05-20 04:00:00,893.645,26.188378906250023,0.019447874,0.1204834,4.748568853310708,24.547753906250023,0.018524718,0.06625366,4.087690450448635,22.547753906250023,0.016701292,0.04373169,2.2878505375668388,0,0,1
2020-05-20 05:00:00,897.1153,26.202569580078148,0.019188482,0.11734009,3.2042283360202126,24.343194580078148,0.018295843,0.051651,3.316885175328149,22.405694580078148,0.01645716,0.032058716,2.125744103692814,0,0,1
2020-05-20 06:00:00,881.0513000000001,26.488702392578148,0.018860426,0.11798096,1.571396998082076,24.582452392578148,0.018318739,0.049072266,3.350528268298338,22.394952392578148,0.01629695,0.024429321,1.72450236523124,0,0,1
2020-05-20 07:00:00,950.5542,26.958703613281276,0.018524716,0.12524414,0.0515746987472617,25.802453613281276,0.018272946,0.04840088,5.777276955115903,23.349328613281276,0.016388485,0.019760132,1.361024355826696,0,0,1
2020-05-20 08:00:00,1028.0733,27.564965820312523,0.018379722,0.12860107,1.733119555580675,27.174340820312523,0.017921958,0.035217285,6.259268451151389,24.939965820312523,0.01589254,0.015384674,1.0052662412075688,0,0,1
2020-05-20 09:00:00,1097.1703,28.200128173828148,0.01841021,0.11529541,3.5424926707125315,28.731378173828148,0.01777697,0.03866577,5.832421080328833,26.762628173828148,0.015213493,0.028747559,0.2254628219538957,0,0,1
2020-05-20 10:00:00,1125.2849,28.886804199218773,0.018455973,0.10836792,4.859532664399904,29.996179199218773,0.017960062,0.08242798,4.926968137699617,28.199304199218773,0.015236368,0.054992676,1.0433305777085773,0,0,1
2020-05-20 11:00:00,1165.2614999999998,29.536706542968773,0.018509384,0.12683105,5.543644023514519,30.817956542968773,0.018074509,0.11541748,3.5358421376880145,29.083581542968773,0.015625473,0.082977295,2.3278599837856917,0,0,1
2020-05-20 12:00:00,1156.4927,29.960015869140648,0.018509407,0.14666748,5.942871086528685,31.272515869140648,0.01820423,0.15185547,2.5116185136552858,29.428765869140648,0.016068,0.1234436,3.4972711210911767,0,0,1
2020-05-20 13:00:00,1183.3632,30.200494384765648,0.018478932,0.15740967,5.904552368329807,31.466119384765648,0.01837212,0.18237305,2.268484103171714,29.434869384765648,0.016441884,0.16229248,4.34344246633284,0,0,1
2020-05-20 14:00:00,1189.1038999999998,30.319207763671898,0.01833404,0.1607666,5.2076992403722615,31.209832763671898,0.018478999,0.20025635,2.3700218349368414,29.131707763671898,0.016770015,0.17547607,4.819531447876981,0,0,1
2020-05-20 15:00:00,1176.7487,30.434411621093773,0.01821203,0.15386963,3.898048998599607,30.637536621093773,0.018700311,0.20629883,2.9315709473159144,28.293786621093773,0.017220208,0.18170166,4.796752588157773,0,0,1
2020-05-20 16:00:00,1140.1083,30.408593750000023,0.01802133,0.14880371,2.5137540022231555,29.892968750000023,0.018952116,0.19708252,3.4715798912673788,27.455468750000023,0.017609343,0.1765747,4.472885766149899,0,0,1
2020-05-20 17:00:00,1091.5216,30.109338378906276,0.017990854,0.110961914,2.7607961880800453,29.093713378906276,0.01941755,0.1796875,3.316949569355584,26.593713378906276,0.017998483,0.1671753,4.06243893621475,0,0,1
2020-05-20 18:00:00,1133.2739,29.546044921875023,0.018502075,0.08102417,3.8812368641506656,28.405419921875023,0.019638855,0.16479492,2.75385368654125,25.717919921875023,0.018555481,0.15240479,3.357194778191614,0,0,1
2020-05-20 19:00:00,1205.7537,28.985864257812523,0.019219292,0.06491089,4.590159729814949,27.532739257812523,0.020111931,0.15307617,2.0953307490226174,25.017114257812523,0.018677605,0.14434814,3.044772914254936,0,0,1
2020-05-20 20:00:00,1196.7361,28.599298095703148,0.019761031,0.048294067,5.104343068506538,27.177423095703148,0.019997543,0.14788818,1.901805281049132,24.505548095703148,0.01877684,0.14874268,3.039169996856156,0,0,1
2020-05-20 21:00:00,1191.577,28.238854980468773,0.01979925,0.032714844,5.607851943979811,26.895104980468773,0.019974725,0.14367676,2.1495491930276565,24.254479980468773,0.01879217,0.15875244,3.063120555675982,0,0,1
2020-05-20 22:00:00,1162.1455,27.904321289062523,0.01976884,0.02141571,5.876712114559023,26.716821289062523,0.019959575,0.1472168,2.313022773007155,24.138696289062523,0.01875413,0.15826416,3.094130877544594,0,0,1
2020-05-20 23:00:00,1106.2033,27.600671386718773,0.019692667,0.018249512,5.970883359874735,26.553796386718773,0.01977659,0.15887451,2.2992897232720573,24.022546386718773,0.018693216,0.1508789,3.102431749427726,0,0,1
2020-05-21 00:00:00,1064.1437999999998,27.343896484375023,0.019624053,0.021461487,5.98850240578961,26.375146484375023,0.019585906,0.17358398,2.11188927913466,23.906396484375023,0.018601714,0.15216064,3.0732737603761286,0,0,1
2020-05-21 01:00:00,1019.8335,27.114373779296898,0.019540181,0.024887085,6.198733560363792,26.223748779296898,0.01955544,0.18365479,1.824081785627152,23.770623779296898,0.018464437,0.1531372,2.998425480598345,0,0,1
2020-05-21 02:00:00,995.221,26.923425292968773,0.019456316,0.029800415,6.657497579221039,26.079675292968773,0.019418169,0.1906128,1.5586579044303508,23.626550292968773,0.018311907,0.15136719,2.8867251310161843,0,0,1
2020-05-21 03:00:00,979.0304,26.780084228515648,0.01940297,0.03604126,7.32726635032323,25.858209228515648,0.01926564,0.19073486,1.42528794792522,23.498834228515648,0.018159378,0.14892578,2.729413182625054,0,0,1
2020-05-21 04:00:00,959.2989,26.659997558593773,0.019357273,0.037826538,7.60874658515895,25.722497558593773,0.019189427,0.1809082,1.3511292026527468,23.409997558593773,0.01802213,0.14477539,2.6419206986491948,0,0,1
2020-05-21 05:00:00,944.2864,26.575128173828148,0.019296322,0.0423584,7.552160279892666,25.653253173828148,0.019105587,0.1675415,1.3504686972483368,23.356378173828148,0.017892513,0.14324951,2.58424788396512,0,0,1
2020-05-21 06:00:00,922.755,26.883325195312523,0.019403225,0.04473877,8.222226170833888,25.711450195312523,0.019387966,0.14031982,1.4866299769588394,23.383325195312523,0.017877346,0.14276123,2.486290865946339,0,0,1
2020-05-21 07:00:00,1046.5742,27.707849121093773,0.01912847,0.045806885,10.97938355513334,26.895349121093773,0.020120291,0.15209961,2.037528477803241,24.129724121093773,0.018548636,0.1408081,2.258696296657243,0,0,1
2020-05-21 08:00:00,1153.7284,28.301141357421898,0.019174201,0.050720215,10.326137533634023,27.910516357421898,0.019601448,0.15618896,2.593749137786354,25.004266357421898,0.018876655,0.14630127,2.1084542362944845,0,0,1
2020-05-21 09:00:00,1195.1014,28.816674804687523,0.019189546,0.060256958,8.457407910564195,28.676049804687523,0.019227693,0.1416626,2.5550090398460568,26.582299804687523,0.018396089,0.15026855,1.646472170095584,0,0,1
2020-05-21 10:00:00,1235.3623,29.291223144531276,0.019143851,0.0708313,6.9014190209821225,29.322473144531276,0.019090446,0.16113281,3.1894910809418664,28.275598144531276,0.017953666,0.16064453,1.4628939758180917,0,0,1
2020-05-21 11:00:00,1268.0402,29.798547363281276,0.01910575,0.08181763,6.0049406690628375,29.986047363281276,0.01910575,0.18890381,3.595081975477109,29.298547363281276,0.017915564,0.18237305,1.984015858507996,0,0,1
2020-05-21 12:00:00,1273.6286,30.314660644531276,0.019136213,0.10455322,5.9356900895851705,30.283410644531276,0.019067548,0.20727539,3.6172810869077394,29.783410644531276,0.018052839,0.21575928,2.767555623309637,0,0,1
2020-05-21 13:00:00,1295.9828,30.700860595703148,0.019212415,0.13189697,6.793499591216725,30.591485595703148,0.01915138,0.22106934,3.5886519267394674,29.857110595703148,0.018129041,0.23986816,3.6763456022043033,0,0,1
2020-05-21 14:00:00,1305.1876,30.942041015625023,0.019250495,0.13800049,8.278832590485164,31.067041015625023,0.019281013,0.23394775,3.6962000820077545,29.551416015625023,0.018266303,0.2512207,4.615931783410091,0,0,1
2020-05-21 15:00:00,1284.1872,30.941278076171898,0.019288564,0.13763428,10.14875570102329,30.972528076171898,0.019273305,0.22088623,3.652436389095024,28.769403076171898,0.018601919,0.25280762,5.1048572858837815,0,0,1
2020-05-21 16:00:00,1193.9796,30.567285156250023,0.0193572,0.11437988,12.005989086964007,30.379785156250023,0.019471642,0.20251465,3.699320686974091,27.551660156250023,0.018968102,0.25231934,4.993953046621519,0,0,1
2020-05-21 17:00:00,1138.2596999999998,29.9841247558594,0.01967766,0.08514404,13.059404128590542,29.8278747558594,0.020410081,0.18652344,3.767826707390327,26.3903747558594,0.019280931,0.25134277,4.588515750784401,0,0,1
2020-05-21 18:00:00,1170.5648,29.194024658203148,0.020310942,0.06826782,12.574323213539744,28.569024658203148,0.02108914,0.15148926,3.7215113772088055,25.475274658203148,0.019532744,0.25769043,3.962520731682199,0,0,1
2020-05-21 19:00:00,1261.4799,28.623376464843773,0.020669553,0.060409546,12.674271349306036,27.717126464843773,0.021234129,0.12664795,3.740825309266098,25.045251464843773,0.019639585,0.24847412,3.559365119953861,0,0,1
2020-05-21 20:00:00,1273.3661000000002,28.237512207031276,0.02066953,0.056777954,12.921765174629645,27.284387207031276,0.021104405,0.1303711,3.615591071784856,24.878137207031276,0.019624302,0.23040771,3.49097070578635,0,0,1
2020-05-21 21:00:00,1266.0721,27.922509765625023,0.020516865,0.053970337,12.869938230566367,27.016259765625023,0.021028034,0.14416504,3.387022349335396,24.719384765625023,0.019547932,0.21813965,3.2938867688963485,0,0,1
2020-05-21 22:00:00,1243.002,27.649499511718773,0.02028796,0.05470276,12.522337451198926,26.774499511718773,0.020867795,0.15124512,3.242973746321397,24.586999511718773,0.019441098,0.203125,3.149693814791823,0,0,1
2020-05-21 23:00:00,1181.5265,27.439813232421898,0.02008197,0.05895996,11.872682558103214,26.549188232421898,0.020616028,0.1729126,3.256378494919764,24.424188232421898,0.019319031,0.18774414,3.0208890030214697,0,0,1
2020-05-22 00:00:00,1125.455,27.278131103515648,0.019952282,0.062286377,11.403380986834922,26.340631103515648,0.020440564,0.18164062,3.2228806695651886,24.309381103515648,0.019166455,0.1795044,2.801727186256997,0,0,1
2020-05-22 01:00:00,1089.9729,27.134667968750023,0.019883633,0.064941406,10.908426936490878,26.134667968750023,0.02030325,0.18878174,3.207785790690376,24.165917968750023,0.018990993,0.18060303,2.4992944446583025,0,0,1
2020-05-22 02:00:00,1059.7069,26.995446777343773,0.019822612,0.06390381,10.992791036536136,25.932946777343773,0.020158306,0.18475342,3.1801834192100817,24.042321777343773,0.018823162,0.16802979,2.1436192809085406,0,0,1
2020-05-22 03:00:00,1019.0645,26.900292968750023,0.019799743,0.063812256,11.31563422353601,25.775292968750023,0.019982848,0.16070557,3.2081506014883145,23.931542968750023,0.018647704,0.15441895,1.868204807888044,0,0,1
2020-05-22 04:00:00,1003.769,26.811090087890648,0.019830313,0.06463623,11.00971448398181,25.592340087890648,0.019784536,0.12554932,3.000733319301718,23.842340087890648,0.018449392,0.14099121,1.693516876393404,0,0,1
2020-05-22 05:00:00,994.2662,26.748071289062523,0.01986087,0.06074524,10.496046662645588,25.419946289062523,0.019555693,0.116119385,2.752651730754733,23.810571289062523,0.018296843,0.13031006,1.6912327680534582,0,0,1
2020-05-22 06:00:00,970.8186,27.026574707031276,0.020066883,0.06037903,11.02353188218144,25.620324707031276,0.01972356,0.099609375,2.867114913811593,23.823449707031276,0.018243458,0.12634277,1.626621955422566,0,0,1
2020-05-22 07:00:00,1066.7816,27.870965576171898,0.020127991,0.055343628,14.227601029073048,26.527215576171898,0.020166138,0.0949707,4.296533899813441,24.308465576171898,0.018586854,0.11859131,1.6618361373781811,0,0,1
2020-05-22 08:00:00,1155.329,28.5341735839844,0.020158531,0.08425903,14.255826863017798,27.5966735839844,0.02005172,0.100250244,4.524033815282829,24.9560485839844,0.018899681,0.113586426,1.5565311821308752,0,0,1
2020-05-22 09:00:00,1208.5357,29.024011230468773,0.020051708,0.116607666,12.80685297382857,28.570886230468773,0.019593945,0.11010742,4.397191772762497,26.039636230468773,0.0186479,0.10211182,1.029194480826453,0,0,1
2020-05-22 10:00:00,1237.8368,29.4196716308594,0.019960124,0.15588379,11.997424059001736,29.2946716308594,0.01950999,0.13897705,4.257076576399048,27.6696716308594,0.018144328,0.10070801,0.6610979656462845,0,0,1
2020-05-22 11:00:00,1276.2121,29.635217285156276,0.01986089,0.18469238,11.339821601554329,29.791467285156276,0.019494679,0.17230225,4.153370221822746,28.853967285156276,0.018197682,0.12298584,1.5534319261578675,0,0,1
2020-05-22 12:00:00,1291.3889,29.794396972656276,0.019776935,0.17822266,10.03600660261999,30.060021972656276,0.019494647,0.19085693,3.7980401857971033,29.513146972656276,0.01820528,0.15124512,2.560211967022617,0,0,1
2020-05-22 13:00:00,1276.0539,29.908166503906276,0.019708235,0.13989258,8.886904423712796,30.173791503906276,0.019532759,0.1829834,3.146560725985315,29.689416503906276,0.018159468,0.18023682,3.6008110086540155,0,0,1
2020-05-22 14:00:00,1186.3372,30.013208007812523,0.019708222,0.11721802,8.116280787679964,30.310083007812523,0.01959378,0.16827393,2.4438343492082764,29.497583007812523,0.018273896,0.20263672,4.39849684355088,0,0,1
2020-05-22 15:00:00,1097.3725,29.946954345703148,0.01959378,0.10232544,6.802474558991928,30.196954345703148,0.019639557,0.15032959,2.648221394321994,28.728204345703148,0.018678254,0.18615723,4.687943405542102,0,0,1
2020-05-22 16:00:00,1047.6496,29.771936035156276,0.01950987,0.09286499,7.128588782528805,29.787561035156276,0.020478804,0.13934326,3.532888060229486,27.865686035156276,0.019097883,0.18292236,4.446754405677841,0,0,1
2020-05-22 17:00:00,1032.061,29.420831298828148,0.019685356,0.07989502,6.638038820282512,28.936456298828148,0.020532219,0.14453125,4.374985556442397,26.905206298828148,0.01950225,0.1928711,4.132725413798467,0,0,1
2020-05-22 18:00:00,1068.8867,28.981042480468773,0.020379657,0.06515503,3.730193681571853,27.668542480468773,0.021066302,0.13031006,3.9766975520795302,25.887292480468773,0.019982928,0.22540283,3.799327007730438,0,0,1
2020-05-22 19:00:00,1097.4282,28.8708435058594,0.019937178,0.056915283,1.5801300832459786,27.0114685058594,0.021005293,0.11477661,3.4876847248992293,25.2770935058594,0.020021101,0.26123047,3.7958260676750273,0,0,1
2020-05-22 20:00:00,1101.6727,28.839990234375023,0.019235287,0.047317505,0.4919314863035848,26.683740234375023,0.02083746,0.09442139,3.272699211823934,25.011865234375023,0.019860897,0.26306152,3.746096608913632,0,0,1
2020-05-22 21:00:00,1094.3264,28.5510192871094,0.019372614,0.041244507,2.506103809116976,26.3947692871094,0.020639094,0.07647705,3.663850133146379,24.8478942871094,0.019746454,0.23327637,3.597671948128414,0,0,1
2020-05-22 22:00:00,1071.634,28.183221435546898,0.019792248,0.03189087,3.578457487558696,26.167596435546898,0.020478893,0.06945801,4.207200376888591,24.698846435546898,0.01963203,0.20251465,3.605015455786896,0,0,1
2020-05-22 23:00:00,1037.3755999999998,27.907678222656276,0.01989144,0.021347046,3.918327498589156,26.001428222656276,0.020387352,0.07019043,4.658198813382438,24.595178222656276,0.01953286,0.18774414,3.6734462645445207,0,0,1
2020-05-23 00:00:00,1001.4855,27.679345703125023,0.019830396,0.01928711,3.825289187999539,25.929345703125023,0.020333936,0.07748413,5.077574754218206,24.507470703125023,0.019441297,0.1821289,3.754905368613168,0,0,1
2020-05-23 01:00:00,987.0052,27.488122558593773,0.019738829,0.023292542,3.623350683753881,25.878747558593773,0.020295775,0.09539795,5.23678807630012,24.409997558593773,0.019319212,0.17419434,3.7502714440331735,0,0,1
2020-05-23 02:00:00,957.1975,27.329492187500023,0.01961678,0.036895752,3.4358422738445524,25.876367187500023,0.02025765,0.11431885,5.324048443517251,24.266992187500023,0.019166647,0.16668701,3.7662296806873625,0,0,1
2020-05-23 03:00:00,938.4972,27.174951171875023,0.019601591,0.057662964,3.7149101756802687,25.799951171875023,0.020166166,0.12646484,5.098674467275019,24.128076171875023,0.019006498,0.159729,3.8197150351802014,0,0,1
2020-05-23 04:00:00,932.8861,27.030938720703148,0.019693237,0.072265625,4.408926656464696,25.593438720703148,0.019990783,0.13012695,4.662753968059048,24.015313720703148,0.018876892,0.1519165,3.941681608745704,0,0,1
2020-05-23 05:00:00,915.2322,26.938378906250023,0.019685706,0.06744385,4.692001317738693,25.391503906250023,0.019777259,0.119628906,4.29428377123708,23.907128906250023,0.018777808,0.15106201,3.9199157660056096,0,0,1
2020-05-23 06:00:00,883.5892,27.118615722656276,0.019823162,0.06506348,4.671263934842732,25.743615722656276,0.020021526,0.118927,4.118830391500154,23.884240722656276,0.01870164,0.15338135,3.83018389208087,0,0,1
2020-05-23 07:00:00,934.8996,27.795739746093773,0.019411346,0.08111572,6.4160062339400445,27.014489746093773,0.020433685,0.12921143,5.493966691362293,24.436364746093773,0.019045135,0.15759277,3.445531546966853,0,0,1
2020-05-23 08:00:00,1016.0012,28.255761718750023,0.019258834,0.08477783,5.990562073283059,28.208886718750023,0.019983627,0.16906738,5.142890763854075,25.099511718750023,0.019167282,0.16656494,3.037367627120508,0,0,1
2020-05-23 09:00:00,1049.0634,28.7307067871094,0.019091014,0.080078125,4.571613772080829,29.0900817871094,0.0196327,0.21557617,3.965533641006325,25.9807067871094,0.018793467,0.16253662,2.556770760391202,0,0,1
2020-05-23 10:00:00,1087.6085,29.246362304687523,0.018999504,0.0730896,3.21673179685708,29.949487304687523,0.019503044,0.2411499,3.082376596806893,27.043237304687523,0.0184273,0.16143799,1.9443748402020675,0,0,1
2020-05-23 11:00:00,1123.3465,29.789392089843773,0.018885143,0.077697754,2.505677094463928,30.305017089843773,0.019190319,0.23718262,3.0013535307186694,27.961267089843773,0.018206127,0.15856934,1.519313008539594,0,0,1
2020-05-23 12:00:00,1118.1449,30.255792236328148,0.018793391,0.08105469,2.756603389584189,30.505792236328148,0.019022273,0.2512207,3.426310589215304,28.490167236328148,0.018076228,0.16009521,1.721961617065275,0,0,1
2020-05-23 13:00:00,1137.8033,30.5605407714844,0.01870927,0.09246826,2.98128912558163,30.4824157714844,0.01896104,0.25378418,3.9935724353269983,28.6230407714844,0.018053142,0.17211914,2.210093434028716,0,0,1
2020-05-23 14:00:00,1157.174,30.732324218750023,0.018609917,0.10119629,2.5194981715670166,30.357324218750023,0.019052422,0.23803711,4.443700630782918,28.529199218750023,0.018144524,0.16882324,2.546780663363835,0,0,1
2020-05-23 15:00:00,1160.4398,30.824243164062523,0.018464725,0.10119629,1.4862736078156769,30.027368164062523,0.019181889,0.21972656,4.283791046079506,28.152368164062523,0.018327396,0.1494751,2.6767320355437527,0,0,1
2020-05-23 16:00:00,1132.1645,30.781610107421898,0.018296694,0.08810425,0.9963789713288322,29.703485107421898,0.019463992,0.18359375,3.6335117538343926,27.609735107421898,0.018678164,0.11691284,2.827811713807183,0,0,1
2020-05-23 17:00:00,1105.1914,30.642663574218773,0.018288964,0.06768799,1.769071049752976,29.002038574218773,0.020646447,0.16503906,2.3749767543257443,26.923913574218773,0.019082421,0.098480225,2.9053160415731227,0,0,1
2020-05-23 18:00:00,1141.559,30.244592285156276,0.01884587,0.05229187,2.51763121034752,28.400842285156276,0.019944502,0.13183594,1.277645628368205,26.072717285156276,0.019501997,0.09072876,2.704579475136403,0,0,1
2020-05-23 19:00:00,1213.9458000000002,29.661401367187523,0.020371731,0.035629272,2.900636708310545,27.973901367187523,0.020036038,0.09732056,1.736651696520745,25.317651367187523,0.019707974,0.09500122,2.5301456331096146,0,0,1
2020-05-23 20:00:00,1234.4933999999998,29.295678710937523,0.020570084,0.020187378,3.957386045375633,27.639428710937523,0.01987581,0.08633423,2.1188723571015524,24.967553710937523,0.019540116,0.11911011,2.5635507745954307,0,0,1
2020-05-23 21:00:00,1224.9632,28.933374023437523,0.020623492,0.01360321,5.016690167132281,27.402124023437523,0.019807147,0.092803955,2.627920575078265,24.792749023437523,0.01938753,0.14086914,2.7811060355998656,0,0,1
2020-05-23 22:00:00,1210.3635,28.537561035156276,0.020562444,0.011676788,6.273896552709613,27.037561035156276,0.019913945,0.09939575,3.614756025573533,24.662561035156276,0.019280706,0.15112305,3.130104147668292,0,0,1
2020-05-23 23:00:00,1173.1748,28.213037109375023,0.020486137,0.018684387,5.986492354114518,26.509912109375023,0.020089408,0.10687256,4.049586847212649,24.463037109375023,0.01918914,0.15325928,3.6701822191991034,0,0,1
2020-05-24 00:00:00,1137.4683,27.978723144531276,0.020440366,0.044891357,5.211699148446312,26.353723144531276,0.02000549,0.13256836,3.983253741300475,24.244348144531276,0.019089963,0.1508789,3.916519661978578,0,0,1
2020-05-24 01:00:00,1089.1062000000002,27.747827148437523,0.020356448,0.056015015,5.219322438167813,26.404077148437523,0.019883426,0.15863037,3.749579497602897,24.216577148437523,0.019006046,0.15106201,3.819891985819127,0,0,1
2020-05-24 02:00:00,1051.944,27.495416259765648,0.020272546,0.059432983,5.81545215085397,26.386041259765648,0.0198453,0.18811035,3.41213944175675,24.261041259765648,0.018922143,0.1552124,3.42677093581619,0,0,1
2020-05-24 03:00:00,1023.0255,27.280908203125023,0.020165768,0.058303833,6.4211964314168,26.234033203125023,0.019860592,0.19232178,3.37219789530446,24.249658203125023,0.018815365,0.15509033,2.9110301127420963,0,0,1
2020-05-24 04:00:00,1002.7676,27.152734375000023,0.02002844,0.054107666,6.420856451858928,26.012109375000023,0.019860594,0.18640137,3.6054690541838648,24.183984375000023,0.018708555,0.1652832,2.607663447815683,0,0,1
2020-05-24 05:00:00,964.2712,27.038232421875023,0.019914035,0.059661865,6.899984376309163,25.819482421875023,0.019830111,0.1640625,3.917770920510247,24.085107421875023,0.01859415,0.1651001,2.697702908878842,0,0,1
2020-05-24 06:00:00,888.9127,27.1730895996094,0.019921724,0.057617188,8.203503967250716,26.0949645996094,0.020112459,0.14471436,4.424474820798551,23.9387145996094,0.018495027,0.14123535,2.986910746732266,0,0,1
2020-05-24 07:00:00,896.8810000000001,27.759088134765648,0.019494476,0.052246094,10.740514585645004,27.321588134765648,0.020287933,0.13427734,6.23929944580823,24.368463134765648,0.018861236,0.12628174,3.0198099632976514,0,0,1
2020-05-24 08:00:00,945.8052,28.197778320312523,0.01933423,0.05378723,9.283522227184408,28.588403320312523,0.0201048,0.15826416,4.880083561635239,24.963403320312523,0.019196901,0.11154175,2.6187506919259045,0,0,1
2020-05-24 09:00:00,971.7326,28.684136962890648,0.019242682,0.07901001,7.329197479697974,29.934136962890648,0.01989118,0.20458984,3.186121954636625,25.824761962890648,0.019051947,0.102630615,2.019484925319834,0,0,1
2020-05-24 10:00:00,996.5506,29.231622314453148,0.019044349,0.07897949,7.794222291097867,31.044122314453148,0.019738624,0.23901367,1.9455124386909628,26.981622314453148,0.018479774,0.093811035,1.5284510095062065,0,0,1
2020-05-24 11:00:00,1010.9268,29.811914062500023,0.019074908,0.067474365,9.808032683045786,32.07753906250002,0.019616595,0.24450684,1.6659867350140662,27.999414062500023,0.018075457,0.10021973,1.6682675553628217,0,0,1
2020-05-24 12:00:00,1043.7974,30.440057373046898,0.019120693,0.057525635,11.21779251985678,32.7369323730469,0.019502163,0.24890137,2.700058936429513,28.658807373046898,0.018098354,0.109558105,2.3052983809539453,0,0,1
2020-05-24 13:00:00,1069.0269,30.926660156250023,0.019120691,0.054031372,10.677014477515527,32.75478515625002,0.019425867,0.26428223,4.120194010934939,28.957910156250023,0.01825094,0.114105225,3.0700054405363004,0,0,1
2020-05-24 14:00:00,1072.2118,31.059014892578148,0.019052014,0.066467285,9.857010042231684,31.949639892578148,0.019624218,0.26867676,5.74545311318699,28.824639892578148,0.018388256,0.12762451,3.841306797530008,0,0,1
2020-05-24 15:00:00,1067.9646,30.9743591308594,0.018983329,0.06817627,9.592935072492343,30.9899841308594,0.019990409,0.31420898,6.85400014317526,28.3649841308594,0.018571341,0.14300537,4.432577879555552,0,0,1
2020-05-24 16:00:00,1078.4845,30.765527343750023,0.018975677,0.063323975,9.191795696368544,29.906152343750023,0.020371856,0.37182617,6.825973659273432,27.546777343750023,0.019280853,0.16192627,4.738510217378474,0,0,1
2020-05-24 17:00:00,1073.946,30.403375244140648,0.019128239,0.062194824,8.387793895956198,28.903375244140648,0.020928776,0.4041748,5.599408734987787,26.684625244140648,0.019692814,0.18121338,4.365159539522119,0,0,1
2020-05-24 18:00:00,1118.7707,29.688592529296898,0.02008951,0.07086182,6.211637821661066,28.126092529296898,0.020951632,0.43359375,4.463634917250683,25.876092529296898,0.020013217,0.18920898,3.654339147228444,0,0,1
2020-05-24 19:00:00,1240.2544,29.185479736328148,0.020692198,0.078308105,5.235127445626157,27.654229736328148,0.020982115,0.42443848,3.613841484228705,25.372979736328148,0.019929258,0.1887207,3.2337351025038035,0,0,1
2020-05-24 20:00:00,1267.8842,28.853601074218773,0.020776091,0.07495117,5.277040078033183,27.369226074218773,0.021020232,0.40026855,3.006105561464448,25.041101074218773,0.0196622,0.16601562,2.704216573300728,0,0,1
2020-05-24 21:00:00,1250.0291,28.563348388671898,0.020821845,0.053009033,5.357790584969945,27.078973388671898,0.021104133,0.32128906,2.9175305876317466,24.891473388671898,0.019456184,0.16278076,2.3276350686107667,0,0,1
2020-05-24 22:00:00,1210.562,28.267358398437523,0.020768426,0.03366089,4.9840556362285895,26.861108398437523,0.02123382,0.2553711,3.113900221267967,24.829858398437523,0.019395135,0.19458008,3.0420089316603782,0,0,1
2020-05-24 23:00:00,1177.477,28.0661560058594,0.020631088,0.032852173,3.721197102112735,26.6755310058594,0.021172775,0.23968506,3.774127005376205,24.5974060058594,0.019364608,0.22454834,3.9697333948280686,0,0,1
2020-05-25 00:00:00,1136.3013,28.021661376953148,0.020363998,0.044387817,2.206058364196388,26.521661376953148,0.021035384,0.23150635,4.359222606333312,24.349786376953148,0.019356918,0.25952148,4.310208044938843,0,0,1
2020-05-25 01:00:00,1074.8783,27.970788574218773,0.020135058,0.056732178,1.851797798754229,26.408288574218773,0.020951403,0.2288208,4.811843078166508,24.283288574218773,0.019372119,0.27990723,4.360001707251678,0,0,1
2020-05-25 02:00:00,1033.9063,27.675164794921898,0.020463085,0.06430054,3.5248546935629887,26.315789794921898,0.02090559,0.2319336,5.053761990231263,24.362664794921898,0.01937971,0.28857422,4.13967269598784,0,0,1
2020-05-25 03:00:00,1004.9489,27.445947265625023,0.020592773,0.066467285,5.398060164120203,26.274072265625023,0.02088269,0.21600342,5.156705879172478,24.414697265625023,0.019387329,0.30664062,3.838848803933978,0,0,1
2020-05-25 04:00:00,989.0662,27.3100524902344,0.020531742,0.067108154,6.41500371943282,26.2631774902344,0.020859806,0.19586182,5.406476904897806,24.4038024902344,0.019394962,0.30871582,3.846599047731488,0,0,1
2020-05-25 05:00:00,981.494,27.2363220214844,0.020424943,0.0687561,6.131185996745211,26.2675720214844,0.02085219,0.17041016,5.671727424151918,24.3456970214844,0.019387346,0.30822754,4.309639700325151,0,0,1
2020-05-25 06:00:00,960.1666,27.370660400390648,0.020478364,0.07006836,5.600576554999769,26.433160400390648,0.020997163,0.14831543,6.338642626804401,24.292535400390648,0.019379731,0.32922363,4.873681849756306,0,0,1
2020-05-25 07:00:00,1064.9299,27.989434814453148,0.019967208,0.07913208,6.253111301389957,26.942559814453148,0.021355757,0.15136719,8.141555998826714,24.505059814453148,0.01968492,0.3552246,5.070176979452128,0,0,1
2020-05-25 08:00:00,1176.0621,28.342126464843773,0.019715453,0.11160278,3.745386772708388,27.342126464843773,0.021584654,0.1906128,8.91511621798481,25.092126464843773,0.020302916,0.37072754,5.144005748003987,0,0,1
2020-05-25 09:00:00,1229.4787,28.728784179687523,0.01966207,0.1362915,4.110511199178637,27.681909179687523,0.021516012,0.24139404,9.513979867121188,25.603784179687523,0.020638632,0.38708496,5.716631917968365,0,0,1
2020-05-25 10:00:00,1254.7795,29.112268066406276,0.019753639,0.14996338,6.77560132162846,28.049768066406276,0.02124137,0.29577637,10.001962392899925,25.956018066406276,0.02062339,0.39111328,5.9274735514590935,0,0,1
2020-05-25 11:00:00,1303.1424,29.443139648437523,0.019875715,0.17492676,7.891691730570912,28.271264648437523,0.021043012,0.29040527,10.37302180171372,26.146264648437523,0.02055473,0.38330078,5.940127017657188,0,0,1
2020-05-25 12:00:00,1300.7556,29.648126220703148,0.019913869,0.18756104,7.547432393405868,28.257501220703148,0.020928578,0.23657227,10.401242592745568,26.257501220703148,0.020554738,0.38098145,5.93600554280395,0,0,1
2020-05-25 13:00:00,1303.2875,29.733850097656276,0.019822326,0.1741333,5.828531722125876,28.233850097656276,0.020791259,0.16687012,10.371170020905986,26.296350097656276,0.020547118,0.36572266,5.852609199244975,0,0,1
2020-05-25 14:00:00,1310.9706,29.758447265625023,0.01963924,0.14001465,3.464732715156478,28.195947265625023,0.020699726,0.15161133,10.21380851888507,26.164697265625023,0.020547139,0.34692383,5.717247527319003,0,0,1
2020-05-25 15:00:00,1269.6713,29.776696777343773,0.019440899,0.100860596,0.2186553592823211,28.026696777343773,0.02055479,0.13366699,9.568888677567612,25.979821777343773,0.02056242,0.3010254,5.561087590609384,0,0,1
2020-05-25 16:00:00,1215.5698,29.779931640625023,0.019425659,0.0821228,2.625901982790071,27.670556640625023,0.02053955,0.118621826,8.773855516185373,25.764306640625023,0.020562438,0.24920654,5.3551699391816365,0,0,1
2020-05-25 17:00:00,1164.1187,29.563684082031276,0.019746117,0.07119751,4.693802921895889,27.219934082031276,0.020737939,0.1121521,7.690465647237356,25.548059082031276,0.020448022,0.2199707,5.10680200588342,0,0,1
2020-05-25 18:00:00,1231.3659,29.0414978027344,0.020661661,0.05105591,5.341382789309217,26.6196228027344,0.020783732,0.11303711,6.254676784150747,25.2446228027344,0.020264933,0.20184326,4.763933918069438,0,0,1
2020-05-25 19:00:00,1162.6073,28.680200195312523,0.021004979,0.02973938,5.977001420004135,26.336450195312523,0.020623509,0.14215088,6.236594393930025,25.008325195312523,0.020081822,0.19177246,4.589271916256869,0,0,1
2020-05-25 20:00:00,1238.3239,28.449914550781276,0.020982044,0.040008545,5.591156151212267,26.262414550781276,0.020554798,0.1585083,6.6646686109274365,24.918664550781276,0.02002837,0.19689941,4.393357929301742,0,0,1
2020-05-25 21:00:00,1258.7761,28.460473632812523,0.02077598,0.07901001,3.556846397015433,26.241723632812523,0.020569986,0.14013672,6.950685588036463,24.882348632812523,0.019974893,0.16278076,4.168883321251593,0,0,1
2020-05-25 22:00:00,1251.9194,28.559533691406276,0.020287687,0.10217285,2.177988298195544,26.153283691406276,0.020554716,0.13647461,6.184644144070194,24.840783691406276,0.019890958,0.14282227,4.119554823647556,0,0,1
2020-05-25 23:00:00,1177.6797,28.377343750000023,0.02038691,0.10897827,2.082474003248304,26.064843750000023,0.020501351,0.12030029,5.80783404699582,24.767968750000023,0.019837594,0.13415527,4.212796152724216,0,0,1
2020-05-26 00:00:00,1097.9579,28.152490234375023,0.02048607,0.10928345,2.201237767070202,26.011865234375023,0.020470811,0.10787964,5.8070160030974165,24.668115234375023,0.019707872,0.12915039,4.160184061306686,0,0,1
2020-05-26 01:00:00,1059.4452,27.989404296875023,0.020501329,0.10656738,2.4644788275451783,25.989404296875023,0.020463182,0.1088562,5.790260523335767,24.505029296875023,0.019494249,0.107940674,3.8400123175781102,0,0,1
2020-05-26 02:00:00,1026.0554,27.866754150390648,0.020493714,0.10357666,2.5850959224354018,25.960504150390648,0.020447938,0.096343994,5.530062759484772,24.366754150390648,0.019349305,0.107421875,3.2580463133412807,0,0,1
2020-05-26 03:00:00,1002.6903,27.778009033203148,0.020470813,0.097351074,2.040288432992018,25.903009033203148,0.020402148,0.08181763,5.191783359169309,24.215509033203148,0.019196704,0.101379395,2.7927673096472523,0,0,1
2020-05-26 04:00:00,981.4442,27.714929199218773,0.0202267,0.0947876,1.536071043524781,25.855554199218773,0.0203564,0.07974243,4.841631203202564,23.980554199218773,0.019067032,0.0914917,2.547662853242937,0,0,1
2020-05-26 05:00:00,968.0525,27.603295898437523,0.02031068,0.08520508,1.553400597787258,25.837670898437523,0.020341197,0.07461548,4.577813218472354,23.853295898437523,0.018967906,0.093170166,2.784571415302352,0,0,1
2020-05-26 06:00:00,947.8102,27.642358398437523,0.020417547,0.08557129,1.7859882137277054,26.048608398437523,0.020547247,0.068603516,4.430301645484528,24.001733398437523,0.018914556,0.104522705,3.2370803266427752,0,0,1
2020-05-26 07:00:00,1037.2179999999998,28.086785888671898,0.020455707,0.08532715,2.895625035503938,27.071160888671898,0.021333087,0.07650757,6.59008618427238,24.586785888671898,0.01941811,0.12161255,2.7879610031115223,0,0,1
2020-05-26 08:00:00,1179.493,28.553643798828148,0.020425178,0.08721924,3.618510508147918,27.881768798828148,0.021493293,0.08807373,7.535450033153192,25.334893798828148,0.019669868,0.14013672,2.915855300492052,0,0,1
2020-05-26 09:00:00,1223.1337,29.107812500000023,0.020402292,0.09689331,3.655520604078279,28.795312500000023,0.021363596,0.09301758,8.023396083944046,26.123437500000023,0.01966224,0.1552124,3.31946170740325,0,0,1
2020-05-26 10:00:00,1260.4473,29.724237060546898,0.020287827,0.10812378,3.5832852596932043,29.630487060546898,0.021310166,0.11273193,8.439806081342972,26.880487060546898,0.019593552,0.17828369,3.598224368887549,0,0,1
2020-05-26 11:00:00,1296.4292,30.228601074218773,0.020097088,0.13586426,4.292205599429725,29.806726074218773,0.021149945,0.1315918,8.63724349395976,27.431726074218773,0.019494366,0.19470215,3.955952637692656,0,0,1
2020-05-26 12:00:00,1306.4603,30.571588134765648,0.019990284,0.12890625,6.396682585788708,30.118463134765648,0.021149952,0.15008545,9.085281071784204,27.790338134765648,0.019372303,0.21166992,4.213238954110725,0,0,1
2020-05-26 13:00:00,1321.3935,30.779138183593773,0.020013202,0.111572266,10.16527268989196,30.497888183593773,0.02129494,0.14868164,9.523158134136928,27.997888183593773,0.019326556,0.20690918,4.532958792660109,0,0,1
2020-05-26 14:00:00,1286.4137,30.745385742187523,0.0200514,0.08355713,13.777632108417343,30.339135742187523,0.021394173,0.17694092,9.057060290747186,28.026635742187523,0.019441048,0.2008667,4.850573948199648,0,0,1
2020-05-26 15:00:00,1201.7346,30.495874023437523,0.020082032,0.06503296,15.705691808640214,29.792749023437523,0.021913087,0.27270508,8.074518559042833,27.745874023437523,0.019700563,0.18572998,4.611923684192654,0,0,1
2020-05-26 16:00:00,1130.9703,30.089410400390648,0.020127816,0.06121826,15.759103465648534,29.073785400390648,0.021981759,0.3552246,8.11502665009415,27.167535400390648,0.020226998,0.1918335,4.39998868160526,0,0,1
2020-05-26 17:00:00,1087.5715,29.499536132812523,0.020326138,0.06768799,14.226490343592756,28.233911132812523,0.021974087,0.38208008,7.5185374394001085,26.452661132812523,0.021066189,0.21533203,4.185796898064273,0,0,1
2020-05-26 18:00:00,1142.3013999999998,28.719018554687523,0.02076865,0.075683594,11.280480924053268,27.640893554687523,0.02216483,0.3383789,6.055516853481045,25.781518554687523,0.020562656,0.25012207,4.060026346506408,0,0,1
2020-05-26 19:00:00,1204.9876,28.196557617187523,0.020898426,0.085754395,10.516493741975031,27.352807617187523,0.022088611,0.26257324,5.38503528339016,25.384057617187523,0.020623768,0.2611084,4.086597454974332,0,0,1
2020-05-26 20:00:00,1213.8868,27.8908630371094,0.020929052,0.09207153,10.179518747402106,27.2033630371094,0.021890355,0.17456055,5.672690532471982,25.2189880371094,0.020593358,0.27075195,4.308477864648065,0,0,1
2020-05-26 21:00:00,1205.5671,27.731744384765648,0.02099019,0.10961914,9.103104219108458,26.950494384765648,0.02160817,0.15118408,5.582283360078296,25.044244384765648,0.020494279,0.26489258,4.514535126944363,0,0,1
2020-05-26 22:00:00,1169.3098,27.6440368652344,0.021013051,0.12799072,7.8208035413784,26.6596618652344,0.021241933,0.14221191,5.555047673004529,24.9565368652344,0.02038744,0.23010254,4.611543286355837,0,0,1
2020-05-26 23:00:00,1141.4458,27.565362548828148,0.020967266,0.137146,7.114491320378549,26.330987548828148,0.020852825,0.11715698,5.582585850494125,24.877862548828148,0.020234844,0.18823242,4.754465598031368,0,0,1
2020-05-27 00:00:00,1102.6683,27.462548828125023,0.020921485,0.13903809,7.426641525531907,26.040673828125023,0.020517128,0.066345215,5.271624297652073,24.743798828125023,0.020044105,0.18597412,4.572985114741754,0,0,1
2020-05-27 01:00:00,1074.24,27.3681579589844,0.020860434,0.14227295,8.106034891749465,25.7119079589844,0.020181417,0.04006958,4.68594503017328,24.5400329589844,0.019754171,0.19744873,3.609966596200524,0,0,1
2020-05-27 02:00:00,1043.5014,27.2763610839844,0.0207765,0.1586914,7.977381139698821,25.5888610839844,0.019998303,0.040100098,4.693437060452572,24.3701110839844,0.019502392,0.22259521,3.109326976616132,0,0,1
2020-05-27 03:00:00,1011.4603,27.227929687500023,0.020677332,0.1921997,6.529049005119727,25.462304687500023,0.019845728,0.040740967,4.938344515271659,24.227929687500023,0.019342188,0.19165039,3.666566397134012,0,0,1
2020-05-27 04:00:00,1003.7596,27.204919433593773,0.020616315,0.19433594,5.328294750205581,25.361169433593773,0.019723676,0.061767578,4.682717152217646,24.111169433593773,0.019243024,0.17706299,3.42768930258828,0,0,1
2020-05-27 05:00:00,1000.7837,27.154077148437523,0.02053241,0.15539551,4.944474100935979,25.357202148437523,0.019693177,0.08337402,3.848789175787552,24.122827148437523,0.019098084,0.17663574,2.014230030748197,0,0,1
2020-05-27 06:00:00,975.1143,27.150018310546898,0.020608738,0.1329956,5.078117086081574,25.478143310546898,0.019746616,0.08303833,2.632657125625587,24.071893310546898,0.018876866,0.17669678,1.2265313065565375,0,0,1
2020-05-27 07:00:00,1069.9717,27.612268066406276,0.020799505,0.12896729,5.843470847250252,26.252893066406276,0.020334112,0.090148926,1.859361226006788,24.206018066406276,0.01883875,0.17559814,0.5396176605891906,0,0,1
2020-05-27 08:00:00,1136.6197,28.051934814453148,0.020463834,0.14129639,6.436811999249635,27.145684814453148,0.020830045,0.11016846,1.4975483815205988,24.505059814453148,0.018762479,0.1953125,0.4029036141343891,0,0,1
2020-05-27 09:00:00,1151.653,28.452233886718773,0.020273121,0.16027832,3.8628360639127615,27.670983886718773,0.021081837,0.12069702,3.0139527913442072,24.952233886718773,0.01864043,0.19366455,1.0130447829421951,0,0,1
2020-05-27 10:00:00,1179.0422,28.900323486328148,0.019899314,0.17803955,1.1320365810861104,27.853448486328148,0.021249717,0.1326294,4.965397797290702,25.603448486328148,0.018365806,0.17071533,1.687088935376708,0,0,1
2020-05-27 11:00:00,1152.5324999999998,29.211968994140648,0.019777294,0.18902588,4.120202447769018,28.133843994140648,0.021554943,0.12097168,7.0501555648847,26.352593994140648,0.018281933,0.14227295,2.324792012786862,0,0,1
2020-05-27 12:00:00,1163.4504000000002,29.4038024902344,0.01989176,0.18762207,7.808348750611851,28.3256774902344,0.02163889,0.09365845,8.491394888659421,27.0444274902344,0.018411657,0.1348877,3.226994633958893,0,0,1
2020-05-27 13:00:00,1126.6127,29.470910644531276,0.020021405,0.19396973,10.154546427887754,28.517785644531276,0.021509137,0.04699707,8.399642977620493,27.470910644531276,0.018617596,0.13165283,3.929534899439045,0,0,1
2020-05-27 14:00:00,1071.0395,29.431848144531276,0.020036586,0.21551514,11.048362113426782,28.353723144531276,0.021509059,0.02773285,6.343098008800051,27.728723144531276,0.018556483,0.16601562,4.118118024627063,0,0,1
2020-05-27 15:00:00,1021.4588,29.252587890625023,0.020036537,0.24072266,12.556440917975577,28.049462890625023,0.021722633,0.025665283,5.390781640472137,27.174462890625023,0.018594582,0.17584229,4.511222616288558,0,0,1
2020-05-27 16:00:00,979.2583,28.804589843750023,0.02013568,0.2565918,14.959606929245805,27.726464843750023,0.021882812,0.028137207,5.106655277525019,26.195214843750023,0.019204894,0.17663574,4.920052658590105,0,0,1
2020-05-27 17:00:00,978.1648,28.176385498046898,0.020372156,0.24798584,15.987076527800877,27.332635498046898,0.02182937,0.040512085,5.181778424124168,25.426385498046898,0.019860987,0.19335938,5.173484381276371,0,0,1
2020-05-27 18:00:00,1064.9454,27.5781188964844,0.020639159,0.23077393,14.784070510002534,26.8906188964844,0.021531798,0.1262207,5.0992368239299735,24.9374938964844,0.019822814,0.20410156,5.402354108754982,0,0,1
2020-05-27 19:00:00,1093.9314,27.241662597656276,0.020753583,0.22723389,13.734296058193568,26.694787597656276,0.021234235,0.18243408,5.39271693232367,24.538537597656276,0.019441327,0.23504639,5.917004456168169,0,0,1
2020-05-27 20:00:00,1097.5854,27.065637207031276,0.020692546,0.2296753,13.081682196420106,26.487512207031276,0.020860393,0.21282959,6.857671295819118,24.284387207031276,0.019067485,0.21221924,6.267184596606704,0,0,1
2020-05-27 21:00:00,1071.3817,26.923913574218773,0.020570433,0.22601318,12.74911244612983,26.283288574218773,0.020494139,0.20233154,8.797611506309106,24.064538574218773,0.01872412,0.1862793,6.024996387907979,0,0,1
2020-05-27 22:00:00,1058.547,26.819696044921898,0.020448344,0.22424316,11.973702129838198,26.069696044921898,0.02024235,0.19177246,8.713413973228155,23.804071044921898,0.018380778,0.15264893,5.336979288971263,0,0,1
2020-05-27 23:00:00,1022.8537,26.692346191406276,0.020311022,0.23168945,10.782401815171266,25.864221191406276,0.020112658,0.22076416,7.646686823828595,23.536096191406276,0.018045092,0.15429688,4.746103515614953,0,0,1
2020-05-28 00:00:00,989.8083,26.545709228515648,0.020082088,0.22753906,9.8038067956048,25.608209228515648,0.020013424,0.24224854,6.318170148465723,23.295709228515648,0.017823787,0.15655518,4.476284631223918,0,0,1
2020-05-28 01:00:00,968.0644,26.392266845703148,0.01979213,0.21276855,9.184069868991662,25.439141845703148,0.019975236,0.23461914,5.348613862482407,23.126641845703148,0.017678788,0.13214111,4.741522538196419,0,0,1
2020-05-28 02:00:00,948.2081,26.255914306640648,0.019547956,0.18328857,8.538096483877021,25.349664306640648,0.019914167,0.19824219,4.905266096264166,23.021539306640648,0.017533796,0.13977051,5.07486724867807,0,0,1
2020-05-28 03:00:00,937.3301,26.152307128906276,0.01931141,0.16448975,8.067982910947617,25.277307128906276,0.019700509,0.20281982,4.390184666827125,22.933557128906276,0.017388802,0.16308594,5.046758669052808,0,0,1
2020-05-28 04:00:00,920.6072,26.042047119140648,0.019128276,0.15203857,7.441753144596528,25.198297119140648,0.019441081,0.17669678,3.836919366605204,22.838922119140648,0.01719041,0.17297363,4.811481215406131,0,0,1
2020-05-28 05:00:00,929.8379,25.944024658203148,0.018975666,0.1574707,6.556646044526916,25.178399658203148,0.019257953,0.14385986,3.318162807954083,22.678399658203148,0.016938617,0.199646,4.722840006166463,0,0,1
2020-05-28 06:00:00,912.319,26.064233398437523,0.018983247,0.15289307,5.684274242445563,25.189233398437523,0.019219758,0.13934326,2.8043573687827865,22.548608398437523,0.01667154,0.23553467,5.300071413530707,0,0,1
2020-05-28 07:00:00,990.8221999999998,26.625146484375023,0.018609341,0.15582275,6.371834397572484,26.000146484375023,0.019723233,0.14379883,3.2491964667350235,22.687646484375023,0.016648587,0.25720215,5.440601774338125,0,0,1
2020-05-28 08:00:00,1061.3355,26.965875244140648,0.018235447,0.17852783,5.628980037250587,26.700250244140648,0.019097568,0.17822266,3.737953666277389,23.153375244140648,0.016663792,0.27404785,5.404009093744969,0,0,1
2020-05-28 09:00:00,1090.5548,27.324517822265648,0.017998902,0.2166748,4.942413151257283,27.137017822265648,0.01828882,0.21722412,4.464031898999837,23.824517822265648,0.016587464,0.29870605,5.271493293949708,0,0,1
2020-05-28 10:00:00,1124.7931,27.6701599121094,0.017968377,0.23986816,5.061905024851942,27.5764099121094,0.018120965,0.24328613,4.332858413689634,24.4514099121094,0.016495904,0.30456543,5.086733229307045,0,0,1
2020-05-28 11:00:00,1153.6912,27.966577148437523,0.018075135,0.24957275,5.586474146533982,27.888452148437523,0.018090393,0.2541504,3.852280082787683,24.982202148437523,0.016472962,0.29040527,4.894530188095331,0,0,1
2020-05-28 12:00:00,1154.6382,28.091241455078148,0.018143827,0.26098633,5.78362119143349,28.169366455078148,0.01810568,0.23486328,3.273443586029732,25.497491455078148,0.016503507,0.2738037,4.676261484824901,0,0,1
2020-05-28 13:00:00,1139.1839,28.072381591796898,0.018120876,0.25354004,5.345269366650364,28.384881591796898,0.018128505,0.22113037,2.5997659119351,25.916131591796898,0.016594997,0.24969482,4.50628442632088,0,0,1
2020-05-28 14:00:00,1133.2705,27.970819091796898,0.017983496,0.24139404,4.304212365487934,28.423944091796898,0.018166602,0.1940918,2.4421570642372306,26.205194091796898,0.016717017,0.22723389,4.355964537452548,0,0,1
2020-05-28 15:00:00,1099.7319,27.842248535156276,0.017762305,0.2232666,2.2777952167443014,28.232873535156276,0.018250586,0.17315674,3.396397850685037,26.232873535156276,0.016862037,0.20495605,4.207960445892615,0,0,1
2020-05-28 16:00:00,1056.7521,27.757043457031276,0.01754113,0.18878174,0.3255770674643157,27.897668457031276,0.018471915,0.14855957,4.413402683331678,25.913293457031276,0.017121512,0.18408203,3.85811093034748,0,0,1
2020-05-28 17:00:00,1040.0712,27.626855468750023,0.01741144,0.12957764,2.039344241968047,27.314355468750023,0.01881525,0.1282959,4.524273370391017,25.283105468750023,0.017632693,0.15148926,3.276170292903163,0,0,1
2020-05-28 18:00:00,1091.197,27.340295410156276,0.017945519,0.07299805,4.149011914846396,26.371545410156276,0.01906704,0.10092163,3.6203854358818894,24.434045410156276,0.017945519,0.121795654,2.8489467833085524,0,0,1
2020-05-28 19:00:00,1142.9978,27.004235839843773,0.01869321,0.048171997,5.258369978078281,25.754235839843773,0.018868687,0.08282471,2.739796367721773,23.722985839843773,0.017785313,0.10787964,2.403999230114945,0,0,1
2020-05-28 20:00:00,1148.9811,26.814996337890648,0.01880764,0.037246704,6.013234029839487,25.502496337890648,0.018845787,0.08300781,1.7966954355496223,23.533746337890648,0.017525902,0.10687256,2.2149759307655805,0,0,1
2020-05-28 21:00:00,1153.0711,26.711541748046898,0.018754194,0.0365448,4.877352267344498,25.336541748046898,0.018738935,0.1281128,1.5506197390299878,23.414666748046898,0.01741142,0.12365723,2.389724112911507,0,0,1
2020-05-28 22:00:00,1136.8335000000002,26.7558532714844,0.018540513,0.028839111,3.071539690377583,25.2714782714844,0.01870073,0.19482422,1.0676142630966747,23.1152282714844,0.01731981,0.14886475,2.763022653840976,0,0,1
2020-05-28 23:00:00,1100.717,26.711572265625023,0.018281061,0.049118042,2.4189206174068083,25.086572265625023,0.018563349,0.20513916,0.7420977014124867,22.883447265625023,0.01715954,0.1940918,2.5745325979071945,0,0,1
2020-05-29 00:00:00,1048.4251,26.520837402343773,0.018288651,0.0715332,2.949820844414945,24.817712402343773,0.018364945,0.2043457,1.2596543430591314,22.708337402343773,0.016968766,0.22076416,2.051790310485655,0,0,1
2020-05-29 01:00:00,1002.4046,26.309106445312523,0.018364916,0.0776062,3.4962550373061565,24.605981445312523,0.01818181,0.21380615,1.4131449391688964,22.543481445312523,0.016762743,0.21069336,1.6452517571607272,0,0,1
2020-05-29 02:00:00,986.4186,26.167749023437523,0.018311486,0.08633423,3.617479043832647,24.417749023437523,0.01799868,0.22363281,1.3975956689915972,22.355249023437523,0.016571984,0.19702148,1.8189380509206896,0,0,1
2020-05-29 03:00:00,957.6026,26.108453369140648,0.018197022,0.10546875,3.4792594889671555,24.217828369140648,0.017807923,0.21368408,1.852623987257184,22.202203369140648,0.016404115,0.18182373,2.0831537354939784,0,0,1
2020-05-29 04:00:00,937.8338,26.160241699218773,0.017983373,0.12496948,2.811535647048754,24.003991699218773,0.01764768,0.18896484,2.3400942864129144,22.128991699218773,0.016282018,0.17633057,2.03336029412682,0,0,1
2020-05-29 05:00:00,941.158,26.175988769531276,0.017792612,0.1362915,2.375550843656823,23.832238769531276,0.017517954,0.16448975,2.725095990441392,22.097863769531276,0.016144663,0.18188477,1.8364315468804897,0,0,1
2020-05-29 06:00:00,921.366,26.265527343750023,0.01803674,0.1315918,3.336361813149038,24.124902343750023,0.017739194,0.14556885,3.567436512340062,22.124902343750023,0.016121762,0.17822266,1.7798430980151725,0,0,1
2020-05-29 07:00:00,1005.7604,26.869897460937523,0.017952818,0.13580322,6.742724044862434,25.416772460937523,0.017846007,0.1315918,6.404770217811779,22.823022460937523,0.01655664,0.16192627,1.6491172228002124,0,0,1
2020-05-29 08:00:00,1075.7854,27.379266357421898,0.018113013,0.13787842,9.43121825681164,26.754266357421898,0.017708655,0.12677002,6.277470112391049,23.629266357421898,0.016350623,0.1583252,1.4390643265802676,0,0,1
2020-05-29 09:00:00,1108.8175,27.893334960937523,0.018288476,0.1453247,11.422711426549675,28.002709960937523,0.017685754,0.13720703,5.512002790176283,25.080834960937523,0.015641076,0.15332031,1.0764743591679835,0,0,1
2020-05-29 10:00:00,1123.0387,28.319787597656276,0.018402915,0.14221191,12.36441064154274,28.944787597656276,0.017914634,0.20141602,5.581571211334208,26.538537597656276,0.015232902,0.13720703,1.4557283916255228,0,0,1
2020-05-29 11:00:00,1143.284,28.671319580078148,0.01845632,0.13452148,12.837867305147691,29.343194580078148,0.018051961,0.24633789,6.2647209386636735,27.515069580078148,0.015259603,0.12112427,2.292891814258762,0,0,1
2020-05-29 12:00:00,1145.4113,28.963586425781276,0.018425798,0.14581299,13.685069197011828,29.447961425781276,0.018135881,0.2730713,6.867042963895972,28.010461425781276,0.015503741,0.1274414,3.2851020828480606,0,0,1
2020-05-29 13:00:00,1147.3487,29.038751220703148,0.018296096,0.152771,14.42057351039314,29.429376220703148,0.01812062,0.29833984,7.387063926567862,27.960626220703148,0.01584706,0.1741333,4.069399529571964,0,0,1
2020-05-29 14:00:00,1150.7940999999998,28.966912841796898,0.018128246,0.15783691,14.923163495580296,29.091912841796898,0.01806721,0.30908203,7.737971287488477,27.373162841796898,0.016228527,0.22851562,4.275885138982482,0,0,1
2020-05-29 15:00:00,1111.5261,28.726007080078148,0.017937507,0.14331055,15.28139998847979,28.585382080078148,0.01802143,0.30444336,8.001048887157092,26.616632080078148,0.016625252,0.27770996,4.1016482133901055,0,0,1
2020-05-29 16:00:00,1045.659,28.286828613281276,0.01780781,0.124938965,15.24396648182884,27.724328613281276,0.01818165,0.2915039,7.911007766667742,25.833703613281276,0.016976206,0.3071289,3.899086478421701,0,0,1
2020-05-29 17:00:00,1041.5885,27.684167480468773,0.017845962,0.103759766,14.888645725700178,26.793542480468773,0.018425796,0.2841797,7.416408631483013,24.918542480468773,0.017311905,0.31884766,3.7475162902233663,0,0,1
2020-05-29 18:00:00,1099.5653,26.924951171875023,0.018311372,0.083343506,13.01830525913678,25.815576171875023,0.018814912,0.28015137,5.439605526225668,24.003076171875023,0.017594209,0.29614258,3.09920302729156,0,0,1
2020-05-29 19:00:00,1159.4002,26.517785644531276,0.018860677,0.07739258,11.134022672711998,25.361535644531276,0.019127706,0.26782227,4.389691612430194,23.392785644531276,0.01769338,0.27319336,2.5450165803140625,0,0,1
2020-05-29 20:00:00,1147.9186,26.424890136718773,0.01919651,0.08300781,10.11924946561327,25.284265136718773,0.019356728,0.2763672,4.014551091258518,23.081140136718773,0.017663002,0.22698975,2.331490713378749,0,0,1
2020-05-29 21:00:00,1135.9882,26.411584472656276,0.019379606,0.09805298,9.289524676067954,25.302209472656276,0.019509306,0.32495117,3.858768601442217,22.927209472656276,0.01756381,0.18487549,2.110653055200568,0,0,1
2020-05-29 22:00:00,1107.5936,26.428399658203148,0.019448252,0.10925293,8.638687577704472,25.428399658203148,0.019547435,0.34423828,3.906091356641814,22.803399658203148,0.017403575,0.14538574,1.7769971652977037,0,0,1
2020-05-29 23:00:00,1079.2784,26.403222656250023,0.019478787,0.115600586,8.176437587501935,25.543847656250023,0.019524563,0.26818848,4.033940518339266,22.684472656250023,0.017228115,0.1116333,1.9092814683247703,0,0,1
2020-05-30 00:00:00,1036.981,26.319238281250023,0.019463524,0.12640381,7.823059957913051,25.553613281250023,0.019539818,0.15783691,4.3570761248907806,22.522363281250023,0.017083153,0.086242676,2.756124859518653,0,0,0
2020-05-30 01:00:00,1008.5706,26.248406982421898,0.019349081,0.12866211,7.578731078775938,25.389031982421898,0.01961611,0.08013916,4.881527442227481,22.342156982421898,0.016907675,0.08566284,3.855112852233328,0,0,0
2020-05-30 02:00:00,981.9116,26.184045410156276,0.019227011,0.13195801,7.459105796095384,25.152795410156276,0.019547446,0.04890442,5.616553961795589,22.152795410156276,0.016701682,0.09347534,4.66417353972328,0,0,0
2020-05-30 03:00:00,956.9958,26.151574707031276,0.019104954,0.1317749,7.368029563571131,25.104699707031276,0.019494053,0.04588318,6.521348628767462,21.995324707031276,0.01651859,0.09234619,4.869372879162996,0,0,0
2020-05-30 04:00:00,944.4835,26.076562500000023,0.018998168,0.13226318,7.345015692541551,25.092187500000023,0.01947119,0.042633057,7.171119273142699,21.842187500000023,0.016373657,0.09542847,4.584665151201887,0,0,0
2020-05-30 05:00:00,914.5798,25.959527587890648,0.018914314,0.13964844,7.421372793452995,25.162652587890648,0.019494148,0.038391113,8.821850287537616,21.693902587890648,0.016266914,0.12225342,4.222368077441436,0,0,0
2020-05-30 06:00:00,877.7646000000001,26.201593017578148,0.019051751,0.14984131,8.45289062626361,25.373468017578148,0.019623956,0.058380127,12.43183758067665,21.654718017578148,0.016267022,0.18963623,3.788037811469232,0,0,0
2020-05-30 07:00:00,930.1995,27.000665283203148,0.018906763,0.16894531,12.205628269376197,25.641290283203148,0.019768884,0.08453369,13.895860815902749,22.110040283203148,0.016602686,0.22460938,3.409267260897213,0,0,0
2020-05-30 08:00:00,995.7161,27.471948242187523,0.01892967,0.19415283,14.018856983907565,25.956323242187523,0.019982526,0.15563965,13.475123717354064,22.768823242187523,0.016946027,0.2374878,3.4817694435697004,0,0,0
2020-05-30 09:00:00,1018.4162,27.861901855468773,0.019013628,0.20288086,15.47754934385306,26.174401855468773,0.019967303,0.17022705,13.490339103039265,23.533776855468773,0.017136797,0.24078369,3.9497516867897633,0,0,0
2020-05-30 10:00:00,1047.3948,28.188562011718773,0.019097595,0.21099854,16.714871118375584,26.313562011718773,0.019639282,0.18634033,14.102977340942951,24.188562011718773,0.017411498,0.24108887,4.62578988624492,0,0,0
2020-05-30 11:00:00,1048.7038,28.288171386718773,0.019173967,0.23291016,18.230893686792776,26.538171386718773,0.019608842,0.21594238,13.781116369728402,24.710046386718773,0.017701494,0.25671387,5.512364350810275,0,0,0
2020-05-30 12:00:00,1058.4083,28.288720703125023,0.019311368,0.25341797,19.531422272677748,26.694970703125023,0.01978439,0.2421875,13.357854868283638,24.929345703125023,0.017793119,0.25830078,6.360814007183701,0,0,0
2020-05-30 13:00:00,1047.0431,28.205041503906276,0.019311484,0.30187988,21.060444800741465,26.767541503906276,0.020005759,0.25024414,13.139911224901446,24.923791503906276,0.017808493,0.24395752,6.770541330780294,0,0,0
2020-05-30 14:00:00,1032.8215,27.942254638671898,0.019372769,0.3269043,22.69250291882108,26.723504638671898,0.020173855,0.2532959,12.91337541417434,24.739129638671898,0.017801113,0.21746826,6.799397573713239,0,0,0
2020-05-30 15:00:00,1015.1062,27.647760009765648,0.019441761,0.32336426,24.41619355699205,26.585260009765648,0.02021996,0.25378418,12.5173466490534,24.429010009765648,0.017801441,0.16412354,6.502317373489696,0,0,0
2020-05-30 16:00:00,1017.6759,27.372247314453148,0.019441932,0.27197266,26.10453904243789,26.340997314453148,0.02011332,0.27331543,11.642880614622296,24.075372314453148,0.017893165,0.11791992,5.892934994864506,0,0,0
2020-05-30 17:00:00,1026.939,27.075555419921898,0.01948025,0.24285889,26.955090825050448,25.966180419921898,0.01986935,0.28845215,9.878485867390133,23.763055419921898,0.018000148,0.088531494,5.339567487109968,0,0,0
2020-05-30 18:00:00,1080.41,26.686334228515648,0.01958713,0.23596191,26.358092181292257,25.436334228515648,0.019426912,0.31555176,8.32110748017686,23.342584228515648,0.017893404,0.06530762,5.108094848409403,0,0,0
2020-05-30 19:00:00,1103.0970000000002,26.506188964843773,0.019693995,0.21795654,25.43392069460417,25.037438964843773,0.018961573,0.31726074,8.203918279165487,22.928063964843773,0.017573023,0.057662964,5.112261841690084,0,0,0
2020-05-30 20:00:00,1093.0217,26.448663330078148,0.019701626,0.18255615,24.634939400327585,24.839288330078148,0.018740322,0.29919434,8.311051266274006,22.714288330078148,0.017367031,0.06135559,5.147672797735298,0,0,0
2020-05-30 21:00:00,1069.9263,26.387292480468773,0.019678764,0.1583252,23.90239490975486,24.715417480468773,0.018625908,0.29663086,8.024966031296756,22.590417480468773,0.017229728,0.06686401,5.144697385290826,0,0,0
2020-05-30 22:00:00,1052.5858,26.319635009765648,0.019633014,0.14727783,23.332989919405996,24.632135009765648,0.01854201,0.31567383,7.871898105613172,22.507135009765648,0.017130572,0.077056885,5.015403488829361,0,0,0
2020-05-30 23:00:00,1022.9322,26.217797851562523,0.019373644,0.18560791,23.197338411969035,24.577172851562523,0.018488634,0.32092285,7.676715159669545,22.374047851562523,0.017008532,0.09661865,4.881351787370401,0,0,0
2020-05-31 00:00:00,1001.1041,26.040887451171898,0.019114159,0.23400879,22.115655427000583,24.494012451171898,0.018419884,0.28344727,7.340691927900713,22.228387451171898,0.016863488,0.122283936,4.766944595495083,0,0,0
2020-05-31 01:00:00,989.647,25.841699218750023,0.018923366,0.24377441,20.89075369841621,24.388574218750023,0.018358791,0.2086792,6.846204903708122,22.091699218750023,0.01674136,0.17004395,4.557108141300932,0,0,0
2020-05-31 02:00:00,950.0437,25.666314697265648,0.018755496,0.21624756,18.91094653701346,24.306939697265648,0.01832062,0.15307617,6.508710430062344,21.978814697265648,0.016642153,0.2144165,4.27605567747075,0,0,0
2020-05-31 03:00:00,936.0798,25.534448242187523,0.01858765,0.18347168,16.788756668195152,24.221948242187523,0.018274846,0.12585449,6.3701364252880985,21.893823242187523,0.016565861,0.234375,4.059021629123619,0,0,0
2020-05-31 04:00:00,909.3632,25.435205078125023,0.01840457,0.15142822,14.667789155025686,24.185205078125023,0.01826724,0.13140869,6.295547001519395,21.825830078125023,0.01651248,0.23626709,3.905501190435413,0,0,0
2020-05-31 05:00:00,884.3611999999999,25.361505126953148,0.018267276,0.12805176,13.240862177871158,24.158380126953148,0.018290164,0.15808105,6.3275929952153325,21.775567626953148,0.016489627,0.23278809,3.8509840760358687,0,0,0
2020-05-31 06:00:00,837.576,25.506707763671898,0.018244322,0.11477661,13.138527034609329,24.334832763671898,0.018450316,0.20898438,6.660047916549281,21.819207763671898,0.016542967,0.24230957,3.868702517512344,0,0,0
2020-05-31 07:00:00,834.2796999999999,26.147546386718773,0.018160343,0.111206055,15.85169075693554,25.022546386718773,0.018991947,0.28051758,8.318872867310253,22.381921386718773,0.016909122,0.2647705,3.919169608835658,0,0,0
2020-05-31 08:00:00,848.1495,26.686242675781276,0.01804579,0.13085938,16.994410522688685,25.592492675781276,0.019251235,0.35510254,9.36505719087473,23.139367675781276,0.017320998,0.27905273,3.798058287295316,0,0,0
2020-05-31 09:00:00,861.3623,27.189660644531276,0.018083762,0.17504883,17.715723792914474,26.205285644531276,0.019151878,0.3968506,10.363438183472994,24.267785644531276,0.017397117,0.2770996,3.695606079053127,0,0,0
2020-05-31 10:00:00,874.3288,27.521997070312523,0.018190406,0.21820068,18.134215346558328,27.084497070312523,0.018953346,0.40930176,10.91815762498748,25.568872070312523,0.017076515,0.29663086,3.59944023310347,0,0,0
2020-05-31 11:00:00,891.1181,27.692163085937523,0.018327562,0.25720215,18.3429303512844,27.692163085937523,0.01872429,0.41674805,10.791473646953897,26.473413085937523,0.0168322,0.31921387,3.550590235038518,0,0,0
2020-05-31 12:00:00,912.8359,27.872125244140648,0.018388413,0.29504395,18.31852899767533,28.028375244140648,0.018602036,0.4243164,10.302514919167454,26.919000244140648,0.016725205,0.34106445,3.6807036533589743,0,0,0
2020-05-31 13:00:00,919.6723,27.9787536621094,0.018434053,0.31066895,18.105329489755693,28.1818786621094,0.01847983,0.4251709,9.573628813966131,26.8068786621094,0.016786104,0.35083008,3.9039246692112255,0,0,0
2020-05-31 14:00:00,932.6186,28.072839355468773,0.018464554,0.32080078,17.579699929446324,28.166589355468773,0.018418778,0.41845703,8.618140051754796,26.322839355468773,0.016946305,0.36364746,3.99910108956202,0,0,0
2020-05-31 15:00:00,941.5736,27.992822265625023,0.018495064,0.3302002,16.945730431179157,27.633447265625023,0.018517952,0.37609863,7.550318098630211,25.649072265625023,0.017144661,0.36706543,3.893214220441454,0,0,0
2020-05-31 16:00:00,958.6672,27.639489746093773,0.018578928,0.30981445,15.514841487958694,27.045739746093773,0.01892225,0.33459473,6.237345942427562,24.889489746093773,0.017388742,0.36584473,3.698918903770552,0,0,0
2020-05-31 17:00:00,958.8952,27.155664062500023,0.018777182,0.27783203,13.757977000720118,26.452539062500023,0.018838217,0.296875,5.489981077818233,24.171289062500023,0.017655661,0.37121582,3.3844482921156285,0,0,0
2020-05-31 18:00:00,1015.5133,26.619989013671898,0.01908224,0.24841309,10.951202347469644,25.604364013671898,0.018944912,0.24060059,4.306708067073969,23.588739013671898,0.017815761,0.37194824,2.941278642416873,0,0,0
2020-05-31 19:00:00,1102.3474,26.267175292968773,0.019204218,0.23754883,9.138213098256704,25.032800292968773,0.018700678,0.19213867,4.061258118005813,23.251550292968773,0.017769892,0.36437988,2.477404198319584,0,0,0
2020-05-31 20:00:00,1126.0997000000002,26.062341308593773,0.019158375,0.21899414,8.163614334289896,24.781091308593773,0.018479358,0.14263916,4.209719827712057,23.171716308593773,0.017609607,0.3178711,2.231446733536884,0,0,0
2020-05-31 21:00:00,1116.4743,25.920251464843773,0.019036254,0.18170166,7.631516600504732,24.560876464843773,0.018273314,0.105163574,4.30901301843638,23.092126464843773,0.017472228,0.2524414,2.5089028955919326,0,0,0
2020-05-31 22:00:00,1085.8194,25.8137145996094,0.018898904,0.13684082,7.167735406304935,24.3762145996094,0.018105447,0.07788086,4.437883043547129,22.9855895996094,0.017357767,0.20080566,2.922867584541473,0,0,0
2020-05-31 23:00:00,1056.2947,25.686944580078148,0.01874632,0.10702515,6.691248989094459,24.233819580078148,0.017960493,0.06954956,4.463010300381873,22.858819580078148,0.017258588,0.16894531,3.3099339820870357,0,0,0
2020-06-01 00:00:00,999.6582,25.555932617187523,0.018616611,0.0993042,6.109912244975077,24.087182617187523,0.017838413,0.075408936,4.330679065676809,22.680932617187523,0.017167026,0.15307617,3.78292971291162,0,0,0
2020-06-01 01:00:00,996.2859,25.458825683593773,0.01850214,0.09036255,5.619335618439566,23.911950683593773,0.017685795,0.0843811,4.114511534760564,22.505700683593773,0.017083073,0.15704346,4.053217182272912,0,0,0
2020-06-01 02:00:00,972.3116,25.374414062500023,0.018387677,0.078186035,5.51238256835418,23.811914062500023,0.01760185,0.08227539,3.942501880207472,22.421289062500023,0.017037274,0.16088867,4.082029717404018,0,0,0
2020-06-01 03:00:00,950.982,25.296655273437523,0.018303739,0.07022095,5.659581656345397,23.687280273437523,0.017464506,0.06417847,3.855280764556529,22.421655273437523,0.017014371,0.16796875,4.046894217780594,0,0,0
2020-06-01 04:00:00,934.7633,25.2814880371094,0.01824271,0.063964844,5.3878143148052455,23.5627380371094,0.017296664,0.056396484,3.6491467771984847,22.4689880371094,0.016999118,0.17663574,4.000381165463379,0,0,0
2020-06-01 05:00:00,933.7608,25.3166442871094,0.01815881,0.06906128,4.630472181231066,23.5510192871094,0.01715936,0.054595947,3.5067612627152736,22.5197692871094,0.016968625,0.16973877,3.80718124347803,0,0,0
2020-06-01 06:00:00,937.1256,25.575097656250023,0.018280905,0.07608032,3.7134670038551176,23.746972656250023,0.01734249,0.051956177,3.2158579172020305,22.543847656250023,0.016938131,0.16326904,3.605361498459817,0,0,0
2020-06-01 07:00:00,1047.9074,26.232995605468773,0.01828097,0.08810425,4.0664147562163375,24.826745605468773,0.017998682,0.046920776,3.85213169186519,22.889245605468773,0.017441737,0.15692139,3.277201931491424,0,0,0
2020-06-01 08:00:00,1150.9169,26.740136718750023,0.018296242,0.1171875,4.433554220552717,26.255761718750023,0.018105507,0.03894043,4.081210044209595,23.521386718750023,0.017785072,0.15783691,3.258739158515762,0,0,0
2020-06-01 09:00:00,1186.8090000000002,27.275415039062523,0.018395416,0.14868164,4.467970039219411,27.337915039062523,0.017159455,0.037872314,4.488680144031741,24.525415039062523,0.01747989,0.16070557,3.412226374628568,0,0,0
2020-06-01 10:00:00,1227.246,27.780908203125023,0.018464113,0.16778564,4.798788525763814,27.952783203125023,0.016961122,0.044296265,4.797011213822704,25.921533203125023,0.016823793,0.16278076,3.539395299762684,0,0,0
2020-06-01 11:00:00,1247.2696,28.174462890625023,0.018471768,0.18493652,4.892770919199184,28.424462890625023,0.01706796,0.051361084,4.85013438559692,26.690087890625023,0.01656442,0.16711426,3.66371139958955,0,0,0
2020-06-01 12:00:00,1246.0005,28.540917968750023,0.018349899,0.19177246,4.713852566352014,28.775292968750023,0.01720549,0.055633545,4.985732340379864,27.025292968750023,0.016495956,0.18487549,3.870015146092784,0,0,0
2020-06-01 13:00:00,1255.4629,28.818627929687523,0.018189672,0.20202637,4.353736252873918,28.974877929687523,0.01733518,0.051605225,5.199565696919741,26.756127929687523,0.016633276,0.20880127,4.072021315457027,0,0,0
2020-06-01 14:00:00,1235.3545,28.959008789062523,0.018014265,0.21014404,4.260783761149742,29.084008789062523,0.017495466,0.049575806,5.427369850878967,26.334008789062523,0.016839338,0.2230835,4.205533435656418,0,0,0
2020-06-01 15:00:00,1207.8841,29.018701171875023,0.017838914,0.20019531,4.315973823255858,28.956201171875023,0.017701585,0.045455933,5.704982296701391,25.815576171875023,0.017098863,0.21221924,4.359959362610588,0,0,0
2020-06-01 16:00:00,1122.1504,29.0112243652344,0.017747533,0.15808105,4.342522356835564,28.6049743652344,0.018357884,0.046875,5.826276624545482,25.1987243652344,0.017511021,0.19750977,4.542913458004694,0,0,0
2020-06-01 17:00:00,1090.6251,28.835321044921898,0.017793376,0.11227417,4.521718714398443,27.960321044921898,0.018731792,0.059020996,6.03248648662927,24.491571044921898,0.01799937,0.18951416,4.671046305873425,0,0,0
2020-06-01 18:00:00,1133.1488,28.277062988281276,0.018891929,0.069488525,3.7517406086107976,26.433312988281276,0.019281028,0.054153442,5.387369834938318,23.870812988281276,0.01825106,0.18457031,4.564700618591073,0,0,0
2020-06-01 19:00:00,1196.1935,27.901269531250023,0.019319203,0.048843384,3.648994782912168,25.620019531250023,0.019158985,0.053497314,5.709953241240323,23.448144531250023,0.018136647,0.18054199,4.6357281736937965,0,0,0
2020-06-01 20:00:00,1171.4222,27.660760498046898,0.019281197,0.040252686,4.604146007416694,25.332635498046898,0.019159127,0.055236816,6.297892872063697,23.301385498046898,0.018014718,0.16577148,4.724655193281734,0,0,0
2020-06-01 21:00:00,1176.6661,27.4059997558594,0.019273823,0.036346436,5.786291028295738,25.1559997558594,0.019205159,0.057235718,6.844975818956351,23.2341247558594,0.01793105,0.17138672,4.885875654423876,0,0,0
2020-06-01 22:00:00,1151.3545,27.219262695312523,0.019296927,0.051712036,6.183539409579418,25.031762695312523,0.019190116,0.060516357,6.847310124216285,23.172387695312523,0.017832084,0.20977783,5.307033025437193,0,0,0
2020-06-01 23:00:00,1105.1677,27.043969726562523,0.019304728,0.10473633,5.709913737619181,24.887719726562523,0.019083476,0.07211304,6.158669125595202,23.122094726562523,0.017740702,0.25500488,5.610721899493814,0,0,0
2020-06-02 00:00:00,1057.6992,26.852105712890648,0.01935828,0.1828003,5.965895725859497,24.727105712890648,0.018915774,0.14239502,5.43630478975847,23.008355712890648,0.017664554,0.31555176,5.324019425062229,0,0,0
2020-06-02 01:00:00,1012.7808,26.6518493652344,0.019442152,0.21105957,7.637918423992397,24.7299743652344,0.018908095,0.24932861,5.153175075234498,22.9955993652344,0.017618727,0.3314209,4.972284077923204,0,0,0
2020-06-02 02:00:00,1008.0553,26.459619140625023,0.01948027,0.17871094,9.457637316488167,24.709619140625023,0.018900435,0.234375,5.1122956885665785,22.983056640625023,0.017557662,0.30444336,4.4884951388636685,0,0,0
2020-06-02 03:00:00,982.3874,26.275750732421898,0.019449737,0.14831543,10.44230938329006,24.619500732421898,0.018816497,0.15820312,5.2281941994729255,22.885125732421898,0.017443206,0.27685547,4.404331201795969,0,0,0
2020-06-02 04:00:00,970.1696,26.106134033203148,0.01935057,0.12670898,10.326612103759098,24.481134033203148,0.018656295,0.10470581,5.094338966441562,22.778009033203148,0.01733641,0.24273682,4.456692412298948,0,0,0
2020-06-02 05:00:00,968.6356,25.970483398437523,0.019190395,0.11199951,9.772957567465363,24.298608398437523,0.018419826,0.10253906,4.952648494675996,22.704858398437523,0.017260158,0.20404053,4.417322306402667,0,0,0
2020-06-02 06:00:00,939.8227,26.038262939453148,0.019167548,0.09295654,9.282058292218204,24.553887939453148,0.01863349,0.10372925,4.785519674895023,22.655450439453148,0.017222052,0.16363525,4.454185189380202,0,0,0
2020-06-02 07:00:00,1035.5817,26.569024658203148,0.018999714,0.08468628,11.174045598794796,25.678399658203148,0.01943459,0.10916138,6.353864887346349,22.936212158203148,0.017618794,0.14837646,4.425080088521048,0,0,0
2020-06-02 08:00:00,1131.9607,26.933190917968773,0.018931042,0.08770752,10.862151981656648,26.714440917968773,0.019610059,0.13110352,6.587467953569615,23.386315917968773,0.018007886,0.17089844,4.494149925888762,0,0,0
2020-06-02 09:00:00,1176.3361,27.410485839843773,0.018854732,0.095947266,9.464167955102944,27.191735839843773,0.018808955,0.13793945,7.347661296349941,23.926110839843773,0.018175716,0.22180176,4.759975629391513,0,0,0
2020-06-02 10:00:00,1236.147,27.871179199218773,0.018725002,0.11581421,8.031362788376914,27.605554199218773,0.01875552,0.14874268,8.549272486202259,24.464929199218773,0.01787814,0.25854492,5.105492495282386,0,0,0
2020-06-02 11:00:00,1248.7791,28.153649902343773,0.018641049,0.13458252,7.134470690613095,27.950524902343773,0.018900448,0.17193604,9.65167575971671,24.966149902343773,0.017710263,0.28063965,5.528643639938871,0,0,0
2020-06-02 12:00:00,1220.2566,28.303308105468773,0.018580006,0.14526367,6.621174302953023,28.193933105468773,0.018953847,0.18530273,10.62645853241625,25.240808105468773,0.017626332,0.30114746,5.982150248638866,0,0,0
2020-06-02 13:00:00,1193.2144999999998,28.415155029296898,0.018511323,0.14447021,5.955583670812323,28.133905029296898,0.018869905,0.18798828,11.656223681218192,25.196405029296898,0.017649202,0.3154297,6.26815726766859,0,0,0
2020-06-02 14:00:00,1154.7381,28.510583496093773,0.018404488,0.1404419,5.06498397922524,27.713708496093773,0.018831734,0.16864014,12.566319655291084,24.916833496093773,0.017725471,0.30615234,6.40649204894769,0,0,0
2020-06-02 15:00:00,1127.3683,28.548272705078148,0.018328195,0.13244629,4.650266639694058,27.048272705078148,0.018816477,0.15899658,13.004630945374446,24.595147705078148,0.017817026,0.25170898,6.403990550485152,0,0,0
2020-06-02 16:00:00,1063.5344,28.486230468750023,0.018312953,0.11715698,4.980236937390145,26.345605468750023,0.018801235,0.14770508,12.521449608047195,24.329980468750023,0.017908596,0.20227051,6.279811664843018,0,0,0
2020-06-02 17:00:00,1028.2775,28.2485290527344,0.018572384,0.09362793,5.639812041052294,25.7172790527344,0.018862301,0.12799072,11.067247247595237,23.9985290527344,0.018023068,0.18145752,5.991778969099125,0,0,0
2020-06-02 18:00:00,1095.1016,27.770837402343773,0.019434547,0.08282471,5.503451835115888,25.161462402343773,0.018839454,0.10910034,9.172351864533251,23.614587402343773,0.018045997,0.15234375,5.809512870839323,0,0,0
2020-06-02 19:00:00,1117.3082000000002,27.467309570312523,0.019594856,0.070251465,6.149723046742491,24.889184570312523,0.018686958,0.09194946,9.30832974653821,23.295434570312523,0.017962165,0.12402344,5.979461928818589,0,0,0
2020-06-02 20:00:00,1095.0507,27.266137695312523,0.019488024,0.05986023,6.770089276399891,24.797387695312523,0.018587755,0.068115234,9.550773952738778,23.125512695312523,0.017855333,0.12249756,6.036328380942409,0,0,0
2020-06-02 21:00:00,1093.1023,27.064416503906276,0.019404136,0.05529785,7.0651706446552405,24.720666503906276,0.01859542,0.05934143,8.476702993327358,23.001916503906276,0.017779075,0.118133545,5.801802555689278,0,0,0
2020-06-02 22:00:00,1058.0267,26.894708251953148,0.019343074,0.05734253,7.178415130345231,24.613458251953148,0.018595394,0.057418823,7.153405388252622,22.941583251953148,0.017725643,0.117370605,5.631464760397176,0,0,0
2020-06-02 23:00:00,1032.3354,26.713525390625023,0.019297183,0.069244385,7.110549503772931,24.557275390625023,0.018633425,0.05155945,6.56148601436716,22.885400390625023,0.01767975,0.10861206,5.456559194082421,0,0,0
2020-06-03 00:00:00,1018.7213,26.544610595703148,0.019258942,0.08703613,7.343299115563438,24.497735595703148,0.01867148,0.04597473,6.464117843025868,22.825860595703148,0.017618623,0.091033936,5.219654842672621,0,0,0
2020-06-03 01:00:00,970.7799,26.392877197265648,0.019266494,0.10784912,8.050672633342085,24.377252197265648,0.018701918,0.050445557,6.289436421337517,22.767877197265648,0.017526992,0.07421875,4.973666713081501,0,0,0
2020-06-03 02:00:00,945.3735,26.268395996093773,0.019304575,0.12542725,8.632091187873124,24.252770996093773,0.018694224,0.060195923,6.028502219635156,22.659020996093773,0.017412486,0.05848694,4.558144069743153,0,0,0
2020-06-03 03:00:00,928.4149,26.178887939453148,0.01935029,0.14428711,8.464573751173917,24.147637939453148,0.018640757,0.069732666,5.714845248552649,22.475762939453148,0.017267466,0.048049927,4.026947599920275,0,0,0
2020-06-03 04:00:00,916.6217,26.126916503906276,0.019373123,0.15447998,7.239508473693075,24.126916503906276,0.018541519,0.078125,5.27442090439984,22.290979003906276,0.017091934,0.047073364,3.5493031180428614,0,0,0
2020-06-03 05:00:00,925.9476,26.1428161621094,0.019304415,0.14874268,5.339610887987965,24.2521911621094,0.018411776,0.08148193,5.0371570252689954,22.1584411621094,0.016901156,0.04888916,3.3528733300351123,0,0,0
2020-06-03 06:00:00,893.7315,26.3496032714844,0.019319635,0.15374756,3.705232546840451,24.7246032714844,0.018655878,0.083496094,4.500955194185418,22.2167907714844,0.016763788,0.05052185,3.167022053368659,0,0,0
2020-06-03 07:00:00,992.5719,26.863885498046898,0.019395892,0.15472412,2.681471814137079,26.160760498046898,0.01903731,0.09237671,4.691948469020478,23.145135498046898,0.017229144,0.054092407,2.9410018144360044,0,0,0
2020-06-03 08:00:00,1114.504,27.233666992187523,0.019159349,0.16235352,1.8239526173058889,27.264916992187523,0.018869432,0.14202881,4.60097457471794,24.499291992187523,0.017206224,0.058944702,2.904999223863298,0,0,0
2020-06-03 09:00:00,1174.6144,27.561914062500023,0.019067783,0.18725586,1.6769193250020884,28.077539062500023,0.018701572,0.21282959,4.597333191028233,26.124414062500023,0.016679782,0.07699585,2.98843001410498,0,0,0
2020-06-03 10:00:00,1197.737,27.937524414062523,0.018968625,0.20922852,3.3425001129287324,28.640649414062523,0.018686337,0.24188232,5.057790778451967,27.421899414062523,0.016305966,0.091430664,2.9320388903621226,0,0,0
2020-06-03 11:00:00,1246.6983,28.3518005371094,0.018869497,0.24719238,4.353217776392253,28.9924255371094,0.018739797,0.25915527,6.243232086971032,28.1799255371094,0.016244985,0.11343384,3.106973498572413,0,0,0
2020-06-03 12:00:00,1226.5028,28.774438476562523,0.018793251,0.2581787,6.322957362672997,28.852563476562523,0.018877175,0.2722168,8.11016894031675,28.399438476562523,0.016428139,0.15325928,3.973354258023492,0,0,0
2020-06-03 13:00:00,1226.2446,28.930139160156276,0.018755093,0.2508545,7.969363961297779,28.398889160156276,0.019067898,0.28222656,9.846756028183314,28.211389160156276,0.016695157,0.21520996,4.861407724589377,0,0,0
2020-06-03 14:00:00,1212.8752000000002,28.6516052246094,0.01886953,0.21923828,8.928266603857692,27.8547302246094,0.01912893,0.2890625,10.804578954850651,27.4328552246094,0.017130028,0.2664795,5.472080758854067,0,0,0
2020-06-03 15:00:00,1167.3711,28.2831970214844,0.01896861,0.21203613,9.724174582159726,27.2831970214844,0.01910594,0.27404785,10.947683909827775,26.5019470214844,0.01758006,0.32788086,5.654909859907728,0,0,0
2020-06-03 16:00:00,1095.5407,27.865350341796898,0.019044813,0.1975708,10.393542639888372,26.740350341796898,0.01909059,0.26062012,10.4344069817148,25.615350341796898,0.017900404,0.36572266,5.593766496516789,0,0,0
2020-06-03 17:00:00,1037.6952,27.438012695312523,0.019166762,0.17462158,10.23744144632551,26.203637695312523,0.019151503,0.24371338,8.901257723973815,24.766137695312523,0.01817494,0.38598633,5.362292241693579,0,0,0
2020-06-03 18:00:00,1106.8383,26.938317871093773,0.019578628,0.1463623,8.03428004953192,25.625817871093773,0.0191819,0.22851562,6.860991465374335,24.157067871093773,0.018380813,0.38635254,4.998161725673383,0,0,0
2020-06-03 19:00:00,1182.0181,26.6696716308594,0.019616596,0.115478516,6.683489768971249,25.2321716308594,0.01906728,0.22045898,6.167673368332858,23.9040466308594,0.018495075,0.36413574,4.903438054843808,0,0,0
2020-06-03 20:00:00,1175.6501,26.5241638183594,0.01945635,0.10293579,5.85727154626929,25.0710388183594,0.019006215,0.20831299,5.890020776009308,23.8522888183594,0.018540822,0.3560791,4.909578022197894,0,0,0
2020-06-03 21:00:00,1174.8075,26.422265625000023,0.019235067,0.09970093,5.160806680211451,24.969140625000023,0.018960409,0.19165039,5.7089831588905655,23.797265625000023,0.018540792,0.35107422,4.903678451432302,0,0,0
2020-06-03 22:00:00,1145.8416,26.384454345703148,0.01903664,0.0897522,4.675495431525135,24.884454345703148,0.018922199,0.16912842,5.674892864812482,23.743829345703148,0.018502582,0.33569336,4.819272107290063,0,0,0
2020-06-03 23:00:00,1103.4637,26.338708496093773,0.018891625,0.08267212,4.322361572414217,24.807458496093773,0.018922143,0.14123535,5.713967116125415,23.651208496093773,0.018426232,0.31274414,4.655426612096124,0,0,0
2020-06-04 00:00:00,1068.8388,26.206201171875023,0.018807653,0.07989502,4.194061611099553,24.706201171875023,0.018914465,0.1187439,5.649974981607056,23.581201171875023,0.018357519,0.26391602,4.504581198494954,0,0,0
2020-06-04 01:00:00,1044.7014,26.097497558593773,0.018738948,0.08532715,4.282715991664493,24.675622558593773,0.018914424,0.11352539,5.662845828377863,23.488122558593773,0.018281184,0.23114014,4.449349846654269,0,0,0
2020-06-04 02:00:00,1010.2389,25.993280029296898,0.018723633,0.079437256,4.610434911904114,24.665155029296898,0.018914368,0.11172485,5.773190152828023,23.415155029296898,0.018227722,0.21936035,4.546260139342846,0,0,0
2020-06-04 03:00:00,995.739,25.872766113281276,0.01870834,0.08514404,5.196067882261812,24.732141113281276,0.018914334,0.13116455,6.09177270354294,23.372766113281276,0.018174283,0.22253418,4.7322297506657405,0,0,0
2020-06-04 04:00:00,974.4224,25.801080322265648,0.018639633,0.09710693,5.660680294063741,24.722955322265648,0.018906662,0.18017578,6.024727393350223,23.347955322265648,0.018029282,0.23931885,4.977605139533456,0,0,0
2020-06-04 05:00:00,977.8256,25.780358886718773,0.018532785,0.117370605,5.896478733642549,24.624108886718773,0.018876107,0.20617676,6.043469812472599,23.249108886718773,0.017884286,0.24157715,4.8039211469621845,0,0,0
2020-06-04 06:00:00,962.1388,25.974237060546898,0.018670086,0.16064453,6.5068401849519,24.974237060546898,0.019028667,0.21221924,6.696879218060567,23.192987060546898,0.017807964,0.22961426,4.425074153214169,0,0,0
2020-06-04 07:00:00,1047.3357,26.622155761718773,0.018509855,0.1819458,9.618720446089466,26.012780761718773,0.019356718,0.22021484,9.189475906587065,23.419030761718773,0.017861357,0.22644043,4.341403662293127,0,0,0
2020-06-04 08:00:00,1150.7378,26.946374511718773,0.018486964,0.19683838,10.780928748610538,26.915124511718773,0.019257532,0.2536621,10.740484090795846,23.868249511718773,0.017762171,0.22711182,4.458858504454952,0,0,0
2020-06-04 09:00:00,1180.8868,27.316949462890648,0.01850985,0.19500732,10.847391291326613,27.707574462890648,0.01902102,0.2767334,10.96491989169101,24.395074462890648,0.017518029,0.20373535,4.289070784764028,0,0,0
2020-06-04 10:00:00,1222.1628,27.887628173828148,0.018486956,0.18774414,10.978452552189394,28.215753173828148,0.018753985,0.28894043,11.331973565003128,25.090753173828148,0.017380694,0.1953125,4.0993542395262486,0,0,0
2020-06-04 11:00:00,1261.4245999999998,28.433648681640648,0.018494572,0.19726562,11.14253093493513,28.496148681640648,0.018547978,0.28686523,11.806469058927156,25.636773681640648,0.017235722,0.18688965,3.9985644482475897,0,0,0
2020-06-04 12:00:00,1254.7622,28.827905273437523,0.018479295,0.21020508,11.20585822438076,28.734155273437523,0.018380113,0.2803955,12.119387909191495,25.906030273437523,0.01715941,0.16741943,3.938862265219039,0,0,0
2020-06-04 13:00:00,1291.7854,29.050958251953148,0.018372461,0.2131958,11.016529986927864,28.675958251953148,0.018227503,0.256958,12.109793704958816,25.972833251953148,0.017151758,0.14575195,3.964289079024017,0,0,0
2020-06-04 14:00:00,1281.0735000000002,29.212731933593773,0.018227478,0.1930542,10.24903397636726,28.650231933593773,0.01807489,0.22833252,11.738453396720228,25.837731933593773,0.017166993,0.12524414,3.879800807912957,0,0,0
2020-06-04 15:00:00,1237.9992,29.276666259765648,0.018051974,0.15734863,8.99430728164001,28.479791259765648,0.01797568,0.1675415,10.851951957947817,25.557916259765648,0.017289035,0.107177734,3.690465491172411,0,0,0
2020-06-04 16:00:00,1179.3344000000002,29.1948181152344,0.017929882,0.12512207,7.544665173482258,28.0073181152344,0.017983288,0.11190796,9.563129431260617,25.1479431152344,0.017556041,0.09591675,3.505428083237899,0,0,0
2020-06-04 17:00:00,1104.2681,29.001062011718773,0.01792987,0.07470703,6.425427706839469,27.219812011718773,0.01818164,0.06750488,7.991026065146611,24.641687011718773,0.017968018,0.099853516,3.499558245164761,0,0,0
2020-06-04 18:00:00,1141.142,28.358789062500023,0.018799614,0.044677734,4.532465930774908,25.858789062500023,0.018738579,0.037765503,5.505797067257855,24.030664062500023,0.018364739,0.104003906,3.707448678667859,0,0,0
2020-06-04 19:00:00,1242.7751,27.885522460937523,0.019394683,0.029563904,3.7705280948973714,25.119897460937523,0.018746184,0.02155304,5.225560004052871,23.604272460937523,0.018219756,0.102874756,4.14985356359766,0,0,0
2020-06-04 20:00:00,1240.4998,27.676599121093773,0.019295463,0.021621704,3.705034691652052,24.926599121093773,0.018791923,0.014278412,5.412013518779643,23.442224121093773,0.01806713,0.09765625,4.233061601273022,0,0,0
2020-06-04 21:00:00,1219.7333999999998,27.541955566406276,0.019180996,0.019943237,3.538388037675719,24.760705566406276,0.018860562,0.013523102,5.339899639515261,23.370080566406276,0.017983181,0.09490967,4.1893438646700965,0,0,0
2020-06-04 22:00:00,1183.5336,27.402734375000023,0.019074166,0.025558472,3.3806212343014077,24.637109375000023,0.018868173,0.016532898,5.032502986719464,23.324609375000023,0.01789924,0.095214844,4.124792898354436,0,0,0
2020-06-04 23:00:00,1140.0476999999998,27.237207031250023,0.018990222,0.034622192,3.2842605077240488,24.549707031250023,0.018845264,0.01889038,4.900185713849263,23.252832031250023,0.017807666,0.1031189,4.14054833222432,0,0,0
2020-06-05 00:00:00,1086.9376,27.115625000000023,0.01887576,0.037963867,2.935368456872169,24.490625000000023,0.018829983,0.023223877,5.056453603598981,23.131250000000023,0.017761867,0.11541748,4.286317200622015,0,0,0
2020-06-05 01:00:00,1056.9923,27.0385681152344,0.018700259,0.038253784,2.3951841794036177,24.4448181152344,0.018829959,0.02960205,5.27342167966377,23.0073181152344,0.017738955,0.12628174,4.418342929850291,0,0,0
2020-06-05 02:00:00,1039.2743,27.023278808593773,0.01853239,0.04006958,1.4033924366170247,24.398278808593773,0.018807048,0.03326416,5.302999561739247,22.913903808593773,0.017723674,0.1350708,4.394982984594535,0,0,0
2020-06-05 03:00:00,1007.085,26.952783203125023,0.018395042,0.04460144,0.8797148288662321,24.390283203125023,0.018784141,0.03817749,5.089061787891894,22.812158203125023,0.017693138,0.14141846,4.243157301850195,0,0,0
2020-06-05 04:00:00,998.874,26.759423828125023,0.018486585,0.046783447,2.379874211962237,24.400048828125023,0.018753614,0.040374756,4.694770679662549,22.696923828125023,0.017632093,0.14038086,3.890483653247095,0,0,0
2020-06-05 05:00:00,993.2538,26.594384765625023,0.018623913,0.04890442,3.542854195859448,24.406884765625023,0.018677318,0.048095703,4.355036076287893,22.625634765625023,0.017578686,0.14465332,3.481403572078408,0,0,0
2020-06-05 06:00:00,954.2009,26.730432128906276,0.018921463,0.050994873,3.8228041236104,24.699182128906276,0.018745987,0.06512451,4.066124289463582,22.699182128906276,0.017525284,0.15264893,3.187543123738908,0,0,0
2020-06-05 07:00:00,1055.8883,27.443078613281276,0.018700223,0.06750488,5.3046168102110665,25.849328613281276,0.019577604,0.08358765,4.347645313012692,23.583703613281276,0.018128019,0.16516113,2.926202570853904,0,0,0
2020-06-05 08:00:00,1187.7005,27.830987548828148,0.018654468,0.11657715,6.27536945243277,26.955987548828148,0.019646289,0.12548828,5.131751682972721,24.502862548828148,0.018509509,0.18707275,2.857812022797809,0,0,0
2020-06-05 09:00:00,1215.7466,28.157434082031276,0.018730788,0.1661377,6.862852994251234,27.688684082031276,0.019219069,0.15911865,4.732586737078202,25.438684082031276,0.018425612,0.20471191,2.8223443740365064,0,0,0
2020-06-05 10:00:00,1248.6375,28.294885253906276,0.018761326,0.18640137,6.886854088157189,28.185510253906276,0.019249607,0.17828369,5.245042694761697,26.154260253906276,0.018189121,0.21954346,2.966447001979263,0,0,0
2020-06-05 11:00:00,1253.5511,28.411553955078148,0.018807108,0.1809082,6.464680673807055,28.739678955078148,0.019325906,0.21069336,6.029456767194762,26.614678955078148,0.018128091,0.24377441,3.22131898302104,0,0,0
2020-06-05 12:00:00,1251.8404,28.529595947265648,0.018845256,0.17242432,5.795160451515858,29.263970947265648,0.019409832,0.22003174,6.500393239377179,26.795220947265648,0.018189128,0.2545166,3.512309300686337,0,0,0
2020-06-05 13:00:00,1247.959,28.7009216308594,0.018784218,0.17010498,4.875151711083995,29.6384216308594,0.019417457,0.22601318,6.904057379597975,26.5759216308594,0.018402748,0.25305176,3.8315742318142014,0,0,0
2020-06-05 14:00:00,1233.1953999999998,28.851495361328148,0.018669771,0.17712402,4.160674236018316,29.382745361328148,0.01943271,0.21429443,7.055291369373961,26.195245361328148,0.0186774,0.25073242,3.961051153775771,0,0,0
2020-06-05 15:00:00,1213.7369,28.948510742187523,0.01857059,0.16967773,3.66541505490432,28.776635742187523,0.019783664,0.20227051,7.2803127435432895,25.776635742187523,0.018921543,0.24066162,4.102132577569862,0,0,0
2020-06-05 16:00:00,1171.6055,28.959497070312523,0.018479053,0.15588379,2.887797991746418,28.115747070312523,0.020203296,0.19049072,6.833495811143483,25.365747070312523,0.019165698,0.22467041,4.085851487372194,0,0,0
2020-06-05 17:00:00,1103.2743,28.828393554687523,0.018456189,0.14300537,2.313745534388655,27.531518554687523,0.02033302,0.1973877,6.515172621576533,25.000268554687523,0.019348828,0.22045898,3.994240099426021,0,0,0
2020-06-05 18:00:00,1137.0626,28.480920410156276,0.018875819,0.13238525,1.8077091118239108,26.684045410156276,0.020470362,0.2041626,5.444375525360555,24.590295410156276,0.0193641,0.20880127,3.923486721591446,0,0,0
2020-06-05 19:00:00,1204.9858,28.197656250000023,0.019272558,0.1161499,1.6174013610078442,26.213281250000023,0.020371191,0.22711182,5.1532398329062525,24.228906250000023,0.01899027,0.1876831,4.053652642110496,0,0,0
2020-06-05 20:00:00,1215.0121,28.001580810546898,0.01947856,0.106658936,1.8352101285194329,26.017205810546898,0.020317793,0.24481201,4.885276561861822,24.064080810546898,0.018746138,0.1741333,4.248950617768331,0,0,0
2020-06-05 21:00:00,1204.0270999999998,27.8430114746094,0.019310717,0.10134888,2.306661615623427,25.8898864746094,0.020218614,0.2355957,4.537122461675327,23.9055114746094,0.018593553,0.16339111,4.398024919853024,0,0,0
2020-06-05 22:00:00,1184.0477,27.624108886718773,0.019402267,0.09118652,2.9834578489890444,25.795983886718773,0.020066025,0.22912598,4.373086523955614,23.655358886718773,0.018456222,0.1482544,4.327374336890768,0,0,0
2020-06-05 23:00:00,1110.5721,27.3637634277344,0.019501455,0.09222412,3.766798191531192,25.6606384277344,0.019898184,0.19421387,4.223605177384303,23.3950134277344,0.018288381,0.13580322,3.946200387888746,0,0,0
2020-06-06 00:00:00,1072.9426,27.107537841796898,0.019547245,0.0947876,4.408591997794209,25.435662841796898,0.019669315,0.17364502,4.176961428923787,23.263787841796898,0.018173954,0.12628174,3.6325192122663488,0,0,0
2020-06-06 01:00:00,1042.4426,26.9287048339844,0.01953963,0.1020813,4.7177080835685015,25.2255798339844,0.019448077,0.1473999,4.172359872136919,23.2255798339844,0.018097674,0.11273193,3.5188293502289527,0,0,0
2020-06-06 02:00:00,1013.6931,26.784844970703148,0.019570159,0.108428955,5.22555349968324,25.034844970703148,0.019249724,0.13500977,4.125278477372061,23.112969970703148,0.017967986,0.09588623,3.3919227528413254,0,0,0
2020-06-06 03:00:00,990.4399,26.6728454589844,0.0195778,0.111968994,5.641639451713039,24.9072204589844,0.019081889,0.13354492,4.00937649376738,23.0009704589844,0.01780015,0.082855225,3.2664345923204388,0,0,0
2020-06-06 04:00:00,968.8912,26.614343261718773,0.019463371,0.10095215,5.097122210711905,24.801843261718773,0.018929314,0.12976074,3.744678658525352,22.911218261718773,0.017639946,0.070739746,3.13932246740468,0,0,0
2020-06-06 05:00:00,959.2987,26.619653320312523,0.019257396,0.07485962,4.088123749903511,24.650903320312523,0.01870045,0.11190796,3.2579732863453312,22.822778320312523,0.01745686,0.05845642,3.0233074497375267,0,0,0
2020-06-06 06:00:00,916.1179,26.730981445312523,0.019333713,0.056167603,3.166710317879696,24.902856445312523,0.018921725,0.100860596,2.5421407253320907,22.809106445312523,0.017365329,0.047576904,2.720033234926144,0,0,0
2020-06-06 07:00:00,996.8138,27.216363525390648,0.019173522,0.05117798,2.968838634573251,26.153863525390648,0.019684691,0.09729004,3.085497624590622,23.341363525390648,0.01768579,0.04798889,2.2182195604278605,0,0,0
2020-06-06 08:00:00,1080.6906,27.605798339843773,0.01899045,0.07888794,1.6096418133641317,27.496423339843773,0.019852571,0.106781006,3.0766130543009105,23.965173339843773,0.017800264,0.047805786,1.6510374968884238,0,0,0
2020-06-06 09:00:00,1129.6132,27.965478515625023,0.018898945,0.11987305,2.175139998172551,28.356103515625023,0.019143086,0.11114502,2.8666161623283632,24.809228515625023,0.017388325,0.042037964,1.2574672623234984,0,0,0
2020-06-06 10:00:00,1160.0837,28.328973388671898,0.018845603,0.14282227,3.5177387932447144,28.703973388671898,0.018708274,0.114471436,2.9345000267815275,25.969598388671898,0.016884848,0.04257202,1.0647143463745037,0,0,0
2020-06-06 11:00:00,1139.9285,28.6520935058594,0.018769367,0.1508789,3.516342773406989,29.1364685058594,0.018807514,0.14068604,2.911468192113973,26.7927185058594,0.016800983,0.057785034,1.1546242202329962,0,0,0
2020-06-06 12:00:00,1140.8702,28.884088134765648,0.0186168,0.14770508,1.836028003815652,29.352838134765648,0.018967751,0.16882324,3.0720007714479194,27.243463134765648,0.017159585,0.09945679,1.322966972756265,0,0,0
2020-06-06 13:00:00,1172.0013,29.028161621093773,0.018540487,0.14331055,1.5567118177802333,29.309411621093773,0.019158468,0.18115234,3.103529105712344,27.325036621093773,0.017319784,0.1394043,1.5833080175115952,0,0,0
2020-06-06 14:00:00,1144.3102,29.116052246093773,0.01855572,0.1408081,3.1899142872048687,29.209802246093773,0.019364435,0.18389893,2.8413583243279588,27.084802246093773,0.017586786,0.16802979,1.762171688343757,0,0,0
2020-06-06 15:00:00,1148.1582,29.125207519531276,0.018548079,0.13250732,4.566794168590422,29.015832519531276,0.01967723,0.1541748,2.81609023777558,26.672082519531276,0.017991133,0.18115234,2.0079062924575863,0,0,0
2020-06-06 16:00:00,1102.5807,29.080133056640648,0.018601483,0.11212158,5.50181861981156,28.798883056640648,0.020180767,0.13220215,3.0837520167325234,26.095758056640648,0.018441265,0.18829346,2.4159689240193867,0,0,0
2020-06-06 17:00:00,1091.0680000000002,28.871697998046898,0.01888377,0.09384155,6.109697563065932,28.262322998046898,0.01976878,0.11013794,3.5248340932883817,25.465447998046898,0.019082135,0.18444824,2.983978232327344,0,0,0
2020-06-06 18:00:00,1171.2115,28.361718750000023,0.019845078,0.085754395,4.840509445554764,27.517968750000023,0.019967148,0.09359741,2.9808719323310804,24.752343750000023,0.01854808,0.1552124,3.2210490754494656,0,0,0
2020-06-06 19:00:00,1253.7729000000002,28.046716308593773,0.019997653,0.081726074,4.309213078965152,27.171716308593773,0.019303378,0.08880615,3.013610226883838,24.234216308593773,0.018609103,0.11834717,3.572569904164025,0,0,0
2020-06-06 20:00:00,1279.9115,27.883691406250023,0.019890834,0.07901001,4.201634838180911,27.039941406250023,0.019082118,0.0881958,2.764051303873196,23.899316406250023,0.01854806,0.092163086,3.7275045103970728,0,0,0
2020-06-06 21:00:00,1264.2744,27.702081298828148,0.01986795,0.06906128,4.801018773683227,26.983331298828148,0.018899016,0.08932495,2.388164816162314,23.592706298828148,0.018441252,0.07159424,3.437322901932144,0,0,0
2020-06-06 22:00:00,1219.5921,27.483514404296898,0.019898472,0.059951782,5.771970533934186,26.733514404296898,0.018990574,0.091674805,2.42491556394208,23.358514404296898,0.018258153,0.056427002,2.8901673073172214,0,0,0
2020-06-06 23:00:00,1215.8999,27.243981933593773,0.019936621,0.052368164,6.713722245594557,26.290856933593773,0.0190745,0.096954346,3.12287499160562,23.228356933593773,0.018021643,0.051834106,2.5283040260329663,0,0,0
2020-06-07 00:00:00,1184.3851,26.961633300781276,0.019959526,0.051696777,7.3788923744244865,25.742883300781276,0.01914318,0.094696045,3.9324351842429,23.086633300781276,0.017800407,0.047348022,2.3869284739651166,0,0,0
2020-06-07 01:00:00,1125.1410999999998,26.7204528808594,0.019982437,0.053527832,7.468877672197542,25.2673278808594,0.019112686,0.09564209,4.194089422688822,22.9235778808594,0.017640213,0.047042847,2.572950423375719,0,0,0
2020-06-07 02:00:00,1093.5035,26.592645263671898,0.019967215,0.056671143,6.867587845625479,24.967645263671898,0.01901354,0.09017944,4.219478147610825,22.686395263671898,0.017457144,0.04849243,2.719173871902832,0,0,0
2020-06-07 03:00:00,1050.8014,26.559014892578148,0.019898612,0.062805176,5.867222128205901,24.824639892578148,0.018876273,0.08493042,4.167619968969041,22.480889892578148,0.017243583,0.04801941,2.7205111567460065,0,0,0
2020-06-07 04:00:00,1031.8239,26.595849609375023,0.019799495,0.07043457,5.061157048437177,24.705224609375023,0.01872375,0.08300781,3.95739365811352,22.314599609375023,0.017007137,0.044006348,2.6192833696420474,0,0,0
2020-06-07 05:00:00,998.5796,26.665948486328148,0.019669857,0.0753479,4.612302375839724,24.572198486328148,0.018548336,0.08728027,3.669678100480344,22.134698486328148,0.01673254,0.036193848,2.413174239503237,0,0,0
2020-06-07 06:00:00,931.8581,26.908654785156276,0.019746196,0.068481445,3.870072831644,24.799279785156276,0.01880015,0.084350586,3.3843308591209595,22.064904785156276,0.016572367,0.030799866,2.2489440347400427,0,0,0
2020-06-07 07:00:00,928.7939,27.6601501464844,0.019578274,0.063323975,3.756913526074445,26.0195251464844,0.019418057,0.07687378,4.772943906846469,22.8476501464844,0.016907986,0.02974701,2.2581168727902714,0,0,0
2020-06-07 08:00:00,972.3107,28.291101074218773,0.019456163,0.076049805,5.226140338629484,27.150476074218773,0.01924254,0.076293945,4.689201326994077,23.869226074218773,0.016770616,0.030540466,2.146956776223396,0,0,0
2020-06-07 09:00:00,995.324,28.938989257812523,0.019517178,0.07766724,6.771406334052383,28.110864257812523,0.019028896,0.08227539,4.050802914185378,25.454614257812523,0.016358608,0.035339355,1.831895654536525,0,0,0
2020-06-07 10:00:00,1008.7932,29.4912048339844,0.01959349,0.061782837,7.268381029704535,29.0380798339844,0.019150985,0.093688965,3.80227886933872,26.5380798339844,0.016335739,0.041870117,1.5031018610261786,0,0,0
2020-06-07 11:00:00,1024.2283,30.003869628906276,0.019700337,0.04156494,8.71347709441823,29.753869628906276,0.019265462,0.109436035,4.09747752771738,27.222619628906276,0.01664095,0.045318604,1.3237075115874013,0,0,0
2020-06-07 12:00:00,1051.9035,30.352075195312523,0.019517213,0.04776001,7.987880643989192,30.555200195312523,0.019349366,0.17022705,3.444525542398328,27.664575195312523,0.017213136,0.0594635,1.389120503642387,0,0,0
2020-06-07 13:00:00,1087.0898000000002,30.501275634765648,0.019105276,0.08453369,5.196276604476703,31.063775634765648,0.019341787,0.23486328,1.6019391944575356,28.048150634765648,0.017350515,0.08505249,1.5474371356859684,0,0,0
2020-06-07 14:00:00,1129.177,30.585778808593773,0.018845916,0.1031189,4.036840995648901,30.945153808593773,0.019372344,0.2581787,4.059733329621738,28.132653808593773,0.017632842,0.13165283,1.951767025470319,0,0,0
2020-06-07 15:00:00,1089.9481,30.512750244140648,0.018449208,0.089141846,2.4119416692712115,30.325250244140648,0.01967754,0.21142578,5.061722657605039,27.747125244140648,0.017999073,0.18267822,2.7126398815177324,0,0,0
2020-06-07 16:00:00,1067.3657999999998,30.318322753906276,0.018266147,0.066223145,2.920945717630757,29.630822753906276,0.020432895,0.19799805,5.219177393058918,26.974572753906276,0.018433994,0.18536377,3.456211858335436,0,0,0
2020-06-07 17:00:00,1063.4649000000002,29.990136718750023,0.018563757,0.051940918,3.590634848479069,28.646386718750023,0.020371923,0.20629883,5.636786966842929,26.083886718750023,0.018991003,0.1665039,3.777678727895943,0,0,0
2020-06-07 18:00:00,1125.2433,29.417810058593773,0.019731054,0.04574585,3.7017671978550295,27.480310058593773,0.020822058,0.19989014,5.087016745820032,25.245935058593773,0.019517431,0.15179443,3.653413159154986,0,0,0
2020-06-07 19:00:00,1204.5509,28.998406982421898,0.020417662,0.045776367,4.102207148000625,26.873406982421898,0.020753356,0.19195557,4.749863411796712,24.810906982421898,0.019547911,0.16156006,3.43973859547853,0,0,0
2020-06-07 20:00:00,1229.3047,28.674584960937523,0.02041763,0.051223755,4.507586873720051,26.612084960937523,0.0206694,0.18023682,4.283873093336166,24.643334960937523,0.019402921,0.15100098,3.21177586658033,0,0,0
2020-06-07 21:00:00,1238.7366,28.373559570312523,0.020387093,0.056274414,4.809821499627233,26.451684570312523,0.020615974,0.17303467,3.824795616523674,24.451684570312523,0.019265572,0.13238525,3.0534345378164485,0,0,0
2020-06-07 22:00:00,1217.5198,28.113305664062523,0.020379445,0.06121826,5.471706089308069,26.425805664062523,0.020486256,0.1673584,3.6030139704170607,24.207055664062523,0.019112965,0.11795044,2.852784688652935,0,0,0
2020-06-07 23:00:00,1170.8324,27.851281738281276,0.020356541,0.068481445,6.183981377024573,26.554406738281276,0.020211583,0.16247559,3.4117834240107823,23.976281738281276,0.018945104,0.114593506,2.3636106332798947,0,0,0
2020-06-08 00:00:00,1092.3682,27.608819580078148,0.020326003,0.076171875,6.270196281171662,26.561944580078148,0.020013198,0.16668701,3.0666521503961843,23.671319580078148,0.018746719,0.11981201,1.9437641131020564,0,0,1
2020-06-08 01:00:00,1076.5,27.416650390625023,0.020249683,0.08126831,5.760429609489961,26.604150390625023,0.019891102,0.17755127,2.6406825674429464,23.463525390625023,0.018548328,0.121032715,1.7542990766675814,0,0,1
2020-06-08 02:00:00,1044.5562,27.273309326171898,0.020074178,0.080596924,4.992027344619612,26.445184326171898,0.019822408,0.18261719,2.3331383796265337,23.367059326171898,0.018357564,0.122161865,1.6563437172628253,0,0,1
2020-06-08 03:00:00,1019.8899,27.2053161621094,0.019875782,0.07623291,4.3590383092006775,26.2990661621094,0.019746082,0.17285156,1.9992995144092232,23.2834411621094,0.018204944,0.122558594,1.5444286074996572,0,0,1
2020-06-08 04:00:00,996.4884,27.083703613281276,0.019746052,0.07495117,4.34656241504489,26.177453613281276,0.019662129,0.15478516,1.6722462942373488,23.271203613281276,0.018059956,0.1210022,1.467933158179116,0,0,1
2020-06-08 05:00:00,1009.1204,26.971398925781276,0.019669713,0.07287598,4.516851686486379,26.127648925781276,0.01957816,0.14117432,1.3176655889320616,23.221398925781276,0.017892065,0.11407471,1.4285947231709557,0,0,1
2020-06-08 06:00:00,984.1458,27.026757812500023,0.019829892,0.06628418,4.552801734691123,26.183007812500023,0.019662045,0.1239624,1.0614590207148538,23.245507812500023,0.01771655,0.10656738,1.219302351570161,0,0,1
2020-06-08 07:00:00,1103.9994,27.670129394531276,0.019852739,0.058258057,5.736542655510266,26.748254394531276,0.02021132,0.109954834,1.0661919850154968,23.982629394531276,0.017975908,0.09991455,1.0996528809310522,0,0,1
2020-06-08 08:00:00,1204.6409999999998,28.120568847656276,0.019570408,0.05241394,6.481684694638647,27.495568847656276,0.019982396,0.11679077,0.855624516558737,24.948693847656276,0.017960606,0.088409424,0.9881866445983424,0,0,1
2020-06-08 09:00:00,1225.4969,28.573022460937523,0.019562755,0.050842285,6.301361618037166,28.057397460937523,0.019761119,0.12799072,0.5492327939295869,26.088647460937523,0.017533336,0.07196045,0.9164536524852048,0,0,1
2020-06-08 10:00:00,1295.1588,29.060571289062523,0.019539848,0.051483154,6.582187527122873,28.669946289062523,0.019677177,0.14447021,0.2796340474405277,27.107446289062523,0.017281547,0.06515503,0.818690822370046,0,0,1
2020-06-08 11:00:00,1339.4065,29.529992675781276,0.019524572,0.057891846,7.071242514800705,29.139367675781276,0.019631384,0.15246582,0.3254176725065941,27.904992675781276,0.017350195,0.06384277,1.0555590423657455,0,0,1
2020-06-08 12:00:00,1353.5474,29.9138122558594,0.019501673,0.06384277,7.121257063875718,29.4763122558594,0.019570338,0.1618042,0.5144044735785545,28.3200622558594,0.017800318,0.070251465,1.2909203143004355,0,0,1
2020-06-08 13:00:00,1347.2345,30.141870117187523,0.019433,0.0715332,7.285211864105754,29.704370117187523,0.01953981,0.15533447,0.7747935596971874,28.423120117187523,0.01802919,0.09310913,1.5814047221302756,0,0,1
2020-06-08 14:00:00,1336.2886999999998,30.240563964843773,0.019341424,0.07220459,7.673272177582057,29.740563964843773,0.019494012,0.14996338,0.9177336462356844,28.209313964843773,0.018235162,0.12094116,2.028463358346228,0,0,1
2020-06-08 15:00:00,1271.6247999999998,30.268975830078148,0.019333769,0.06600952,8.571694687390748,29.597100830078148,0.019532133,0.13934326,1.028579726143134,27.722100830078148,0.01831143,0.13494873,2.6763891695087656,0,0,1
2020-06-08 16:00:00,1191.3188,30.150109863281276,0.01941004,0.061431885,9.391192863673387,29.353234863281276,0.020096686,0.121795654,1.5424694510824464,27.056359863281276,0.01854029,0.13500977,3.2676254526234816,0,0,1
2020-06-08 17:00:00,1117.4721,29.751336669921898,0.019768598,0.06347656,8.934395327950215,28.907586669921898,0.020295026,0.11022949,1.4305568815840386,26.204461669921898,0.018959882,0.13372803,3.3405569756543256,0,0,1
2020-06-08 18:00:00,1166.0347,29.048120117187523,0.020668842,0.065582275,7.542221822239727,28.001245117187523,0.020043232,0.105041504,1.5515299445018498,25.329370117187523,0.019371845,0.1270752,3.0405365071450365,0,0,1
2020-06-08 19:00:00,1241.1572,28.537225341796898,0.020996884,0.06958008,7.4078402509252,27.552850341796898,0.020386532,0.090026855,2.30938784501526,24.709100341796898,0.019638851,0.13201904,2.557588947572832,0,0,1
2020-06-08 20:00:00,1236.8651,28.182153320312523,0.0210579,0.074035645,7.984822213923355,27.197778320312523,0.01966935,0.08660889,3.005664955677929,24.354028320312523,0.019219216,0.12319946,2.076489442526132,0,0,1
2020-06-08 21:00:00,1223.9184,27.856896972656276,0.021065516,0.08685303,8.423276463467461,26.669396972656276,0.019661708,0.08557129,3.4343623569800767,24.153771972656276,0.019043727,0.122802734,1.683307169090863,0,0,1
2020-06-08 22:00:00,1207.1658,27.622155761718773,0.021019734,0.09939575,8.936477756327212,26.184655761718773,0.019730367,0.08517456,3.710586887219786,23.997155761718773,0.018868245,0.12664795,1.491783943929313,0,0,1
2020-06-08 23:00:00,1148.3638,27.458642578125023,0.020905282,0.110961914,9.376851050169533,25.739892578125023,0.01967695,0.08895874,3.813697474295196,23.880517578125023,0.018685129,0.12130737,1.4530620413646624,0,0,1
2020-06-09 00:00:00,1065.9301,27.316674804687523,0.020851864,0.122802734,8.993208229866974,25.472924804687523,0.019577755,0.09310913,3.9256335603632495,23.816674804687523,0.018540157,0.11315918,1.8520462987892303,0,0,1
2020-06-09 01:00:00,1050.0969,27.172570800781276,0.02076793,0.13128662,8.495528725823887,25.313195800781276,0.019493822,0.10412598,4.172537418881093,23.703820800781276,0.018433336,0.105529785,2.6430822624888086,0,0,1
2020-06-09 02:00:00,1026.4353,27.071496582031276,0.020668743,0.13391113,8.147613203977645,25.212121582031276,0.019417522,0.114471436,4.3259013851846,23.524621582031276,0.018341778,0.11264038,3.232320262222268,0,0,1
2020-06-09 03:00:00,1005.7057,26.999780273437523,0.02058482,0.13323975,8.402769585835761,25.124780273437523,0.019348858,0.118377686,4.571083168196178,23.390405273437523,0.018273113,0.123565674,3.561470087654389,0,0,1
2020-06-09 04:00:00,991.4895,26.9453063964844,0.02053141,0.123931885,9.250000214447844,25.0390563964844,0.019287819,0.12081909,4.872116098561543,23.2890563964844,0.018219704,0.1303711,3.7637622680261416,0,0,1
2020-06-09 05:00:00,985.3694,26.920098876953148,0.020485617,0.109069824,9.36489089975591,24.982598876953148,0.019242026,0.112335205,5.324011590052255,23.154473876953148,0.018151022,0.13861084,3.964178202876066,0,0,1
2020-06-09 06:00:00,973.9009,27.091943359375023,0.020615298,0.11740112,8.337517601349195,25.201318359375023,0.01946326,0.10626221,5.737000477307244,23.091943359375023,0.018151004,0.13867188,4.033814513190332,0,0,1
2020-06-09 07:00:00,1042.6174999999998,27.919824218750023,0.02079076,0.1517334,9.85705957081362,26.169824218750023,0.02015752,0.09597778,7.402797309447338,23.826074218750023,0.018852893,0.14251709,3.8679750396609576,0,0,1
2020-06-09 08:00:00,1159.3034,28.575769042968773,0.02072971,0.1763916,11.52793111537284,27.294519042968773,0.02047031,0.10668945,7.448687275178968,24.544519042968773,0.019386936,0.15240479,3.912842257218749,0,0,1
2020-06-09 09:00:00,1224.4235,29.194665527343773,0.020607628,0.19567871,12.434626967261275,28.382165527343773,0.020119347,0.13684082,7.350213464245152,25.444665527343773,0.019486107,0.17486572,3.954871674299251,0,0,1
2020-06-09 10:00:00,1269.8072,29.673974609375023,0.020401632,0.21606445,11.328229168432694,29.002099609375023,0.020088827,0.20269775,6.802298995878783,26.673974609375023,0.019020712,0.22283936,3.822408246872071,0,0,1
2020-06-09 11:00:00,1296.9908,29.834771728515648,0.020088837,0.22668457,8.71672296402538,29.319146728515648,0.020081207,0.2602539,5.726794498839084,27.444146728515648,0.01878421,0.2750244,3.7861351197761866,0,0,1
2020-06-09 12:00:00,1304.295,29.834375000000023,0.019814191,0.21258545,4.859076742850201,29.475000000000023,0.02008885,0.29455566,5.379690889462155,27.662500000000023,0.018730817,0.3121338,3.9640067187193626,0,0,1
2020-06-09 13:00:00,1288.8669,29.758508300781276,0.019592952,0.19110107,1.51166004865362,29.289758300781276,0.020226192,0.28564453,6.126405534433618,27.258508300781276,0.0189826,0.32141113,4.276642212910561,0,0,1
2020-06-09 14:00:00,1246.0641999999998,29.809411621093773,0.019684518,0.17407227,4.798606461655971,28.871911621093773,0.020592416,0.27172852,7.275384841650387,26.559411621093773,0.019364083,0.30419922,4.543926102322788,0,0,1
2020-06-09 15:00:00,1152.7359,29.7160583496094,0.019867623,0.14959717,7.709947175316248,28.4660583496094,0.020935738,0.24884033,8.737292923335799,25.9035583496094,0.019684518,0.25720215,4.51411965592466,0,0,1
2020-06-09 16:00:00,1104.4116,29.481042480468773,0.020073608,0.1361084,9.06020387382257,27.996667480468773,0.021340087,0.19622803,9.992484259117008,25.496667480468773,0.019890502,0.18463135,4.238343659534743,0,0,1
2020-06-09 17:00:00,1034.2242,29.068383789062523,0.020516092,0.12896729,8.423395682153085,27.459008789062523,0.021507913,0.11416626,10.625647821760332,25.209008789062523,0.019959146,0.16217041,3.926306284853548,0,0,1
2020-06-09 18:00:00,1076.8949,28.503106689453148,0.021004353,0.11871338,7.078836432065202,26.674981689453148,0.021217976,0.07241821,8.850432149390052,24.831231689453148,0.019882832,0.14074707,3.6792649102981656,0,0,1
2020-06-09 19:00:00,1138.2565,28.089379882812523,0.020928044,0.097595215,8.109682399678624,26.073754882812523,0.020798344,0.044326782,7.072323927240007,24.464379882812523,0.019646306,0.12982178,4.099272267955747,0,0,1
2020-06-09 20:00:00,1137.4688999999998,27.786950683593773,0.020714397,0.07836914,10.886116207928762,25.724450683593773,0.020401591,0.041549683,6.191341026371749,24.396325683593773,0.019600505,0.13964844,5.093550407384173,0,0,1
2020-06-09 21:00:00,1124.4658,27.527551269531276,0.020554164,0.05014038,12.148069101126408,25.496301269531276,0.020088771,0.07455444,5.627452437794231,24.308801269531276,0.019524196,0.18017578,5.222548206156167,0,0,1
2020-06-09 22:00:00,1079.9583,27.292504882812523,0.020447353,0.039642334,9.756182427083717,25.511254882812523,0.020035366,0.12384033,5.477972148845355,24.308129882812523,0.019287685,0.23376465,4.867846842723825,0,0,1
2020-06-09 23:00:00,1053.3043,27.118676757812523,0.020256624,0.07977295,6.848351323331647,25.478051757812523,0.019959077,0.16064453,5.2673032681697824,24.134301757812523,0.018974885,0.24475098,4.17820624170515,0,0,1
2020-06-10 00:00:00,1033.8977,27.016534423828148,0.02011931,0.1315918,6.178867713382641,25.344659423828148,0.019798875,0.16558838,4.951269507173491,23.547784423828148,0.018456101,0.23034668,4.153033384255533,0,0,1
2020-06-10 01:00:00,984.5179,26.914758300781276,0.019997256,0.16680908,5.991877207375142,25.211633300781276,0.019646304,0.1675415,4.73329410111372,23.149133300781276,0.018128054,0.21032715,4.138661183032437,0,0,1
2020-06-10 02:00:00,968.1228,26.816796875000023,0.019867579,0.20697021,5.573981584664302,25.082421875000023,0.019493738,0.17407227,4.649805981679972,22.957421875000023,0.017899195,0.1850586,4.254484400277786,0,0,1
2020-06-10 03:00:00,956.6612,26.720605468750023,0.0197379,0.23913574,5.182574426141425,24.954980468750023,0.019318283,0.1831665,4.469132413707385,22.767480468750023,0.017616928,0.13659668,4.307564633017937,0,0,1
2020-06-10 04:00:00,922.545,26.5939880371094,0.01966925,0.2548828,5.487642881579664,24.8908630371094,0.019127563,0.20977783,4.265363452983505,22.5158630371094,0.017235473,0.10317993,3.9785028965877034,0,0,1
2020-06-10 05:00:00,932.7203,26.4423767089844,0.01969978,0.21606445,6.884839951394008,25.0361267089844,0.01894447,0.23022461,4.111107636327106,22.2392517089844,0.01680824,0.0859375,3.5432955859252937,0,0,1
2020-06-10 06:00:00,923.4333,26.496423339843773,0.019806623,0.15960693,9.352460196868458,25.308923339843773,0.018921614,0.19335938,3.613823528775492,22.121423339843773,0.016495466,0.08203125,3.0703417128709254,0,0,1
2020-06-10 07:00:00,1016.0504,26.925164794921898,0.020050855,0.111328125,14.51263796718576,26.097039794921898,0.019677015,0.16699219,3.454331568856804,22.675164794921898,0.016564222,0.09817505,2.681533030263662,0,0,1
2020-06-10 08:00:00,1101.2133,27.217553710937523,0.020066136,0.07437134,20.3629139557802,26.998803710937523,0.01940238,0.19750977,4.529378700849649,23.655053710937523,0.016556615,0.108306885,2.1795234076968493,0,0,1
2020-06-10 09:00:00,1127.8008,27.499353027343773,0.02007378,0.077697754,21.73711363946465,27.749353027343773,0.018807301,0.19030762,5.3862630641138765,24.702478027343773,0.01717461,0.103149414,2.2737995197677137,0,0,1
2020-06-10 10:00:00,1166.6723,27.793481445312523,0.019883018,0.08657837,17.844007598567494,27.715356445312523,0.018105369,0.15899658,7.342480234308495,25.730981445312523,0.016434532,0.105895996,2.835842192758657,0,0,1
2020-06-10 11:00:00,1190.4584,27.890527343750023,0.01947869,0.07247925,11.028503297331332,27.687402343750023,0.018059622,0.104644775,9.908088500963238,26.359277343750023,0.01593865,0.100738525,3.515134316343029,0,0,1
2020-06-10 12:00:00,1178.1318,27.722436523437523,0.01905913,0.08099365,10.6452138112582,27.863061523437523,0.018158862,0.10354614,10.265186741501132,26.488061523437523,0.016190479,0.106658936,4.084383352047846,0,0,1
2020-06-10 13:00:00,1159.8026,27.668969726562523,0.018799786,0.08816528,13.128795489156412,28.043969726562523,0.018189434,0.17718506,8.492783730219513,26.590844726562523,0.016297344,0.12185669,4.047868930903631,0,0,1
2020-06-10 14:00:00,1120.4188,27.645379638671898,0.018693022,0.08947754,12.75163809631548,27.895379638671898,0.018052153,0.2111206,6.700233409858349,26.582879638671898,0.016358428,0.15411377,3.7279659982366775,0,0,1
2020-06-10 15:00:00,1071.7758,27.593286132812523,0.018609129,0.09762573,10.876496058193846,27.515161132812523,0.01797589,0.2218628,5.6146286833659085,26.218286132812523,0.016549192,0.1743164,3.4912145459990094,0,0,1
2020-06-10 16:00:00,1008.1358,27.450067138671898,0.018578634,0.1065979,9.669547775881949,26.950067138671898,0.01823531,0.20684814,5.4813568731173845,25.543817138671898,0.017045125,0.17303467,3.5588295670227703,0,0,1
2020-06-10 17:00:00,989.9435,27.171044921875023,0.01869308,0.1111145,8.322953916107457,26.296044921875023,0.018517604,0.20245361,5.096408959745396,24.749169921875023,0.01767837,0.16870117,3.795226082381384,0,0,1
2020-06-10 18:00:00,1068.851,26.726708984375023,0.019082155,0.11639404,6.551098109789824,25.320458984375023,0.01852521,0.17364502,4.320663970943678,24.023583984375023,0.017983522,0.16503906,3.84232200334386,0,0,1
2020-06-10 19:00:00,1100.1523,26.451562500000023,0.019013451,0.11911011,6.319451086616053,24.764062500000023,0.018311547,0.13830566,4.184810931949415,23.514062500000023,0.017808007,0.17443848,3.912515709696178,0,0,1
2020-06-10 20:00:00,1085.103,26.3056579589844,0.01891423,0.11569214,6.5598536185470735,24.5244079589844,0.018120773,0.10040283,4.242017501881279,23.2900329589844,0.017624862,0.18243408,3.791927725779193,0,0,1
2020-06-10 21:00:00,1071.0585,26.169854736328148,0.018822627,0.10592651,6.609027402137888,24.294854736328148,0.017922359,0.070739746,4.089794159072107,23.122979736328148,0.017449336,0.18786621,3.6569885446996486,0,0,1
2020-06-10 22:00:00,1061.7223,26.065637207031276,0.01873864,0.09503174,6.622073048775427,24.096887207031276,0.01773156,0.061660767,3.782963814243952,22.971887207031276,0.017273797,0.17370605,3.6744704273677775,0,0,1
2020-06-10 23:00:00,1021.5052,25.980584716796898,0.018685179,0.08920288,6.86923707548863,23.980584716796898,0.017632322,0.05633545,3.67238374342998,22.808709716796898,0.017136412,0.1473999,3.792704618864782,0,0,1
2020-06-11 00:00:00,978.1125,25.907983398437523,0.018654622,0.08328247,7.101943856754616,23.876733398437523,0.017571248,0.049728394,3.740505428841094,22.657983398437523,0.017029561,0.12695312,3.9286696463853614,0,0,1
2020-06-11 01:00:00,929.9701,25.835961914062523,0.018608823,0.07797241,6.984962313747663,23.804711914062523,0.017540708,0.046157837,3.895018396395331,22.507836914062523,0.016930357,0.11010742,4.0545537143752215,0,0,1
2020-06-11 02:00:00,915.5469,25.750146484375023,0.018547783,0.095184326,6.613896548043201,23.734521484375023,0.017525444,0.044677734,4.001702335033999,22.359521484375023,0.016838798,0.09802246,4.17517677207007,0,0,1
2020-06-11 03:00:00,897.9212,25.711267089843773,0.01843334,0.12963867,6.130385899679702,23.633142089843773,0.017464407,0.07165527,4.0490471672727,22.242517089843773,0.016754873,0.09375,4.303002030354632,0,0,1
2020-06-11 04:00:00,892.5377,25.706475830078148,0.018303642,0.16503906,5.673580771958741,23.581475830078148,0.01744152,0.10687256,4.109486117292997,22.112725830078148,0.016663322,0.09460449,4.458898177447893,0,0,1
2020-06-11 05:00:00,901.8665,25.694238281250023,0.018166307,0.1975708,5.399975109042975,23.553613281250023,0.017418627,0.14880371,4.204189227635642,22.037988281250023,0.016587023,0.09423828,4.557530880068541,0,0,1
2020-06-11 06:00:00,901.8914,25.884667968750023,0.018387552,0.2064209,5.373663575568224,24.072167968750023,0.017845865,0.18890381,4.534546765913151,22.072167968750023,0.016602274,0.103393555,4.421882248727633,0,0,1
2020-06-11 07:00:00,1001.2966,26.536004638671898,0.018158669,0.21179199,7.499427636241037,25.457879638671898,0.018631691,0.22723389,7.09927305878967,22.832879638671898,0.017273659,0.12640381,4.0462890789983765,0,0,1
2020-06-11 08:00:00,1110.0716,26.923760986328148,0.018128144,0.26000977,7.489051181809334,26.408135986328148,0.018769013,0.2824707,8.12376883701078,23.736260986328148,0.017578827,0.15356445,3.902448861021054,0,0,1
2020-06-11 09:00:00,1151.7497,27.6135192871094,0.017815318,0.31115723,6.487468459212527,27.4103942871094,0.018593516,0.33215332,8.397386948283621,25.2697692871094,0.017052379,0.17401123,3.776689916630619,0,0,1
2020-06-11 10:00:00,1198.8688,28.086938476562523,0.017655075,0.32836914,6.290169375615078,28.227563476562523,0.018448532,0.3704834,8.261792054196071,26.586938476562523,0.016495407,0.21179199,3.715224150907398,0,0,1
2020-06-11 11:00:00,1220.0205999999998,28.243341064453148,0.017777115,0.33239746,7.253507583829823,28.821466064453148,0.018257767,0.39697266,7.858482782824508,27.290216064453148,0.016281754,0.2541504,3.7924025579518927,0,0,1
2020-06-11 12:00:00,1218.4082,28.285699462890648,0.017952569,0.3338623,8.182169886572533,28.895074462890648,0.017952569,0.41931152,7.492698411118685,27.535699462890648,0.016243584,0.28930664,4.044671558866555,0,0,1
2020-06-11 13:00:00,1221.1016,28.209283447265648,0.018051732,0.33972168,8.687606613273427,28.803033447265648,0.01796018,0.3897705,7.557496877171826,27.396783447265648,0.016342748,0.30541992,4.179211695318521,0,0,1
2020-06-11 14:00:00,1208.0258,27.987451171875023,0.018044088,0.33288574,8.641327941887356,28.237451171875023,0.018166158,0.375,7.74557813443236,27.096826171875023,0.016457174,0.30822754,4.111648376314892,0,0,1
2020-06-11 15:00:00,1167.3403,27.675134277343773,0.017998304,0.32421875,8.088379344273495,27.706384277343773,0.018395033,0.35620117,7.361583596986448,26.628259277343773,0.016647901,0.2947998,3.9695668210480015,0,0,1
2020-06-11 16:00:00,1116.5501,27.343713378906276,0.01792964,0.31726074,7.123428396263924,27.187463378906276,0.01867732,0.3416748,6.287085183871214,25.874963378906276,0.016968336,0.2906494,3.7572198793078457,0,0,1
2020-06-11 17:00:00,1059.6987,26.974877929687523,0.017922008,0.29406738,5.611883511063647,26.662377929687523,0.018799389,0.3227539,4.840321609515097,24.990502929687523,0.01739558,0.29370117,3.540040390624751,0,0,1
2020-06-11 18:00:00,1094.1745999999998,26.579125976562523,0.01815851,0.2779541,4.042153195595764,25.969750976562523,0.019020632,0.2923584,3.5866567092412214,24.047875976562523,0.017815188,0.3059082,3.0960630058708465,0,0,1
2020-06-11 19:00:00,1132.5371,26.306726074218773,0.018341597,0.26574707,3.5916887545219924,25.494226074218773,0.018852767,0.26049805,3.158991419658257,23.431726074218773,0.017860945,0.30151367,2.655295497161492,0,0,1
2020-06-11 20:00:00,1113.4109,26.144555664062523,0.018623866,0.24523926,3.4256216445680923,25.175805664062523,0.018539943,0.22113037,3.1815283318192886,23.128930664062523,0.017624415,0.27539062,2.196838171312435,0,0,1
2020-06-11 21:00:00,1100.7027,26.052117919921898,0.018761178,0.22943115,3.6620913280805327,24.927117919921898,0.018303415,0.16925049,3.238917045805304,22.942742919921898,0.017418405,0.24969482,1.86176327465248,0,0,1
2020-06-11 22:00:00,1061.3622,25.977227783203148,0.01879931,0.22357178,3.91439939956333,24.695977783203148,0.018082147,0.12701416,3.3458010064285846,22.789727783203148,0.017242914,0.22363281,1.6472899657910025,0,0,1
2020-06-11 23:00:00,1025.214,25.921044921875023,0.01876115,0.22741699,3.947729892523207,24.436669921875023,0.017815106,0.09927368,3.475077945191833,22.624169921875023,0.017082684,0.19091797,1.5974268584901972,0,0,1
2020-06-12 00:00:00,973.2779,25.892663574218773,0.018661957,0.24133301,3.790902488470721,24.158288574218773,0.017555695,0.08215332,3.503676399168324,22.486413574218773,0.016937714,0.16229248,1.6070172292109774,0,0,1
2020-06-12 01:00:00,941.8536,25.9030700683594,0.018555136,0.26171875,3.3397792191545435,24.0124450683594,0.01738021,0.07269287,3.435941197079781,22.3561950683594,0.016800376,0.14562988,1.6882204234592613,0,0,1
2020-06-12 02:00:00,911.8079,25.892297363281276,0.018501727,0.2828369,2.806061783831599,23.954797363281276,0.0171971,0.06866455,3.3280908287335755,22.236047363281276,0.016647784,0.1340332,1.6440177518101984,0,0,1
2020-06-12 03:00:00,884.4994999999999,25.8732849121094,0.018516986,0.28894043,2.1514356687973666,23.9357849121094,0.016998736,0.0670166,3.156508560920755,22.1389099121094,0.016479937,0.12823486,1.4627216904684175,0,0,1
2020-06-12 04:00:00,876.8197,25.847619628906276,0.018433064,0.29040527,1.5306508141455757,23.925744628906276,0.016800374,0.06417847,3.016132475693234,22.081994628906276,0.016319722,0.124298096,1.2924350026387543,0,0,1
2020-06-12 05:00:00,871.4359999999999,25.773309326171898,0.018471217,0.28125,0.8505836887964947,23.898309326171898,0.016609645,0.06451416,2.8884812310315406,22.023309326171898,0.01615188,0.12701416,1.1158539545111434,0,0,1
2020-06-12 06:00:00,875.9100999999999,25.8207946777344,0.018784026,0.26831055,0.1053429043514379,24.2114196777344,0.017075041,0.063934326,2.503716216828333,22.0864196777344,0.01607559,0.12701416,0.851801385182694,0,0,1
2020-06-12 07:00:00,971.1658,26.373712158203148,0.018776394,0.24902344,1.176599243623781,26.092462158203148,0.01820419,0.067352295,2.7374873801162583,22.576837158203148,0.01642654,0.12219238,0.6446296159069708,0,0,1
2020-06-12 08:00:00,1089.8177,26.6345153808594,0.018784022,0.24346924,3.2439379554934757,27.8063903808594,0.017097926,0.0697937,2.622189657723907,23.2438903808594,0.016579127,0.10964966,0.4459452219817778,0,0,1
2020-06-12 09:00:00,1161.621,26.991296386718773,0.018837431,0.24786377,6.005066735042132,28.522546386718773,0.016556242,0.071746826,2.2395004674677224,24.569421386718773,0.016022185,0.096069336,0.4310507225818748,0,0,1
2020-06-12 10:00:00,1200.3734,27.382043457031276,0.018875582,0.2607422,8.709848301964696,29.257043457031276,0.016724093,0.07711792,2.9350239581506337,26.194543457031276,0.015285951,0.08605957,0.9968569643308413,0,0,1
2020-06-12 11:00:00,1224.3331999999998,27.870874023437523,0.018776406,0.27661133,10.766333367195353,29.714624023437523,0.017029274,0.090026855,4.1932367570750175,27.214624023437523,0.015057075,0.08618164,1.7377328545124209,0,0,1
2020-06-12 12:00:00,1253.1163,28.229669189453148,0.01860094,0.28649902,12.231110993746949,29.901544189453148,0.01735735,0.1060791,5.61342332887127,27.776544189453148,0.015175343,0.10443115,2.5290865999103693,0,0,1
2020-06-12 13:00:00,1254.7187,28.4328552246094,0.018402591,0.2828369,12.915897172874727,29.7453552246094,0.017624393,0.12670898,6.909409558896888,27.8859802246094,0.015434758,0.13427734,3.248971196710028,0,0,1
2020-06-12 14:00:00,1261.914,28.514550781250023,0.018211873,0.2672119,13.021930050167114,29.373925781250023,0.017776998,0.13562012,7.805295584419352,27.623925781250023,0.01572469,0.1630249,3.7938144810332783,0,0,1
2020-06-12 15:00:00,1218.4830000000002,28.497705078125023,0.018097444,0.22436523,12.458184550916217,28.482080078125023,0.018097444,0.10473633,8.434722198994983,26.982080078125023,0.01612906,0.18109131,4.190218154308267,0,0,1
2020-06-12 16:00:00,1150.2892,28.272882080078148,0.018166117,0.18426514,11.673660737360253,27.616632080078148,0.018570475,0.08520508,8.677073874466508,26.038507080078148,0.016762309,0.18774414,4.506917443229673,0,0,1
2020-06-12 17:00:00,1074.5106,27.831201171875023,0.018463667,0.15411377,10.359917574521477,26.721826171875023,0.018837508,0.090270996,7.716991873604022,25.112451171875023,0.017380293,0.20648193,4.590203316617306,0,0,1
2020-06-12 18:00:00,1114.92,27.241601562500023,0.018868031,0.12591553,8.532935369669058,25.757226562500023,0.018829884,0.10421753,6.231776288151429,24.194726562500023,0.017838063,0.22979736,4.2210125768673405,0,0,1
2020-06-12 19:00:00,1205.774,26.860131835937523,0.018829888,0.10958862,7.892583605927941,25.219506835937523,0.018776482,0.11465454,5.346599903086226,23.657006835937523,0.017952507,0.26037598,4.048757362465024,0,0,1
2020-06-12 20:00:00,1197.862,26.654321289062523,0.018784117,0.09512329,7.677481890563574,24.888696289062523,0.018555235,0.13348389,5.132439854302458,23.466821289062523,0.017883848,0.2894287,4.104645381576354,0,0,1
2020-06-12 21:00:00,1177.703,26.449426269531276,0.018745976,0.079956055,7.506422512540017,24.590051269531276,0.018326359,0.12872314,4.962833622016202,23.355676269531276,0.01780756,0.29711914,4.238179987809605,0,0,1
2020-06-12 22:00:00,1144.4264,26.264794921875023,0.018684942,0.06616211,7.442689803794252,24.389794921875023,0.018135626,0.121032715,4.842995471883701,23.233544921875023,0.017731268,0.30090332,4.345689894203876,0,0,1
2020-06-12 23:00:00,1110.1379,26.116021728515648,0.01862391,0.060516357,7.468892151824522,24.225396728515648,0.017975412,0.10897827,4.705057456611282,23.116021728515648,0.017677866,0.29504395,4.420532357016232,0,0,1
2020-06-13 00:00:00,1049.8653,25.977502441406276,0.018524736,0.06112671,7.38690664938997,24.055627441406276,0.01785335,0.08642578,4.5454420966238,22.993127441406276,0.017624468,0.29748535,4.440516548523652,0,0,1
2020-06-13 01:00:00,1010.6531,25.8649841308594,0.01843319,0.0549469,7.205362849949923,23.9431091308594,0.017777063,0.08200073,4.400059608575888,22.8806091308594,0.017586328,0.3071289,4.517944720047845,0,0,1
2020-06-13 02:00:00,976.2663,25.748864746093773,0.0183035,0.053833008,6.85819034017914,23.858239746093773,0.017708408,0.083496094,4.28651615788271,22.780114746093773,0.01754819,0.31274414,4.510993156446519,0,0,1
2020-06-13 03:00:00,947.0559,25.689111328125023,0.01813567,0.05444336,6.505668337103432,23.798486328125023,0.01763976,0.08569336,4.173377654954414,22.704736328125023,0.017532948,0.3062744,4.515431647467566,0,0,1
2020-06-13 04:00:00,930.6396,25.6740661621094,0.017990736,0.049987793,6.110040443648672,23.7365661621094,0.017594008,0.08950806,4.115884467702787,22.6896911621094,0.017540602,0.31176758,4.542654820072846,0,0,1
2020-06-13 05:00:00,922.1306,25.665490722656276,0.017868662,0.04472351,5.769462506731207,23.712365722656276,0.017563486,0.08969116,4.097215846917029,22.712365722656276,0.017563486,0.2993164,4.539575199973652,0,0,1
2020-06-13 06:00:00,865.5554,25.983361816406276,0.018112794,0.039901733,5.686637544740001,24.248986816406276,0.0180365,0.087249756,4.462020841887532,22.795861816406276,0.017616883,0.26550293,4.551769172541338,0,0,1
2020-06-13 07:00:00,957.0903,26.888055419921898,0.017746575,0.036117554,7.811136086998131,25.575555419921898,0.018776543,0.101501465,6.754624575468098,23.263055419921898,0.017998345,0.24255371,4.575423862020969,0,0,1
2020-06-13 08:00:00,1022.75,27.359643554687523,0.01794493,0.03704834,7.861215003068095,26.719018554687523,0.018799422,0.13140869,7.283818451229324,23.765893554687523,0.01833403,0.2364502,4.485467026293888,0,0,1
2020-06-13 09:00:00,1059.0593,27.891442871093773,0.018211948,0.063201904,7.264531435469786,27.813317871093773,0.018738376,0.159729,7.536983050938342,24.344567871093773,0.018608676,0.23901367,4.661010135975988,0,0,1
2020-06-13 10:00:00,1093.9261,28.408471679687523,0.018356893,0.0925293,6.181150639644731,28.611596679687523,0.018845174,0.16210938,8.019700084605502,24.830346679687523,0.018562887,0.26049805,4.994326745101969,0,0,1
2020-06-13 11:00:00,1105.1414,28.876489257812523,0.01843318,0.1244812,5.409236637772281,29.063989257812523,0.018868055,0.1862793,8.593376314673744,25.079614257812523,0.018395033,0.2919922,5.5270203844788135,0,0,1
2020-06-13 12:00:00,1110.6754,29.249566650390648,0.018433176,0.15118408,4.93388582284762,29.437066650390648,0.018944345,0.21643066,9.724427829571711,25.140191650390648,0.018333994,0.2803955,6.290639954050315,0,0,1
2020-06-13 13:00:00,1111.806,29.531152343750023,0.018356884,0.15893555,4.360834519726134,29.046777343750023,0.019051159,0.23657227,10.880188602607967,25.109277343750023,0.018265331,0.26489258,6.903661958629339,0,0,1
2020-06-13 14:00:00,1104.6386,29.727380371093773,0.01810512,0.14978027,3.4286407680822717,28.539880371093773,0.019180864,0.27453613,11.561270053090125,24.993005371093773,0.018173784,0.23016357,7.224935696325611,0,0,1
2020-06-13 15:00:00,1083.9444,29.866845703125023,0.01786862,0.13140869,2.616145765084452,27.866845703125023,0.019180875,0.3010254,11.623917382804544,24.788720703125023,0.018158536,0.16723633,7.242422582273799,0,0,1
2020-06-13 16:00:00,1064.1251,29.852075195312523,0.01768553,0.10723877,2.489819944834673,27.102075195312523,0.019165633,0.33520508,11.167420857330324,24.336450195312523,0.018242477,0.12374878,6.857352055015179,0,0,1
2020-06-13 17:00:00,1040.5547,29.633172607421898,0.01760926,0.09371948,2.94262879030643,26.305047607421898,0.019287726,0.36010742,10.0620881786543,23.914422607421898,0.018402716,0.10473633,6.13273549414234,0,0,1
2020-06-13 18:00:00,1088.7196,29.125207519531276,0.01811281,0.07324219,2.783582539927961,25.687707519531276,0.019417437,0.39440918,8.21340669826257,23.593957519531276,0.018395098,0.10003662,5.428160292752818,0,0,1
2020-06-13 19:00:00,1182.4094,28.674035644531276,0.01883761,0.052139282,2.1881439470976103,25.486535644531276,0.019402185,0.3753662,7.526928494238074,23.252160644531276,0.018181482,0.118499756,4.91578339202098,0,0,1
2020-06-13 20:00:00,1192.5682,28.429711914062523,0.019035984,0.038726807,1.791871289241742,25.414086914062523,0.019364048,0.3071289,7.296833616216961,23.195336914062523,0.018036533,0.11526489,4.947532923330102,0,0,1
2020-06-13 21:00:00,1160.9196,28.231103515625023,0.018875774,0.029754639,2.02591798955657,25.371728515625023,0.019333538,0.26965332,7.454781056802298,23.246728515625023,0.017983135,0.112579346,4.918098334801159,0,0,1
2020-06-13 22:00:00,1118.9703000000002,28.021813964843773,0.018768968,0.02935791,2.3830903188371377,25.334313964843773,0.019303026,0.23223877,7.546100503737013,23.224938964843773,0.017937364,0.10977173,4.869451087941808,0,0,1
2020-06-13 23:00:00,1091.4122,27.979913330078148,0.018334098,0.050354004,1.3750380137997564,25.261163330078148,0.019264884,0.15740967,7.347174307609456,23.073663330078148,0.017861076,0.1138916,5.020799783090693,0,0,1
2020-06-14 00:00:00,1048.9227999999998,27.720147705078148,0.018334104,0.09399414,1.5411470724111382,25.126397705078148,0.019173337,0.13226318,6.592740869906414,22.876397705078148,0.017777158,0.10733032,4.956723779111159,0,0,1
2020-06-14 01:00:00,1023.3747,27.3085876464844,0.018875778,0.10971069,2.499034264955845,24.9648376464844,0.019035995,0.14483643,5.986866806411752,22.7304626464844,0.017670333,0.095214844,4.754419455242068,0,0,1
2020-06-14 02:00:00,978.6669,27.028375244140648,0.018990202,0.09490967,2.897786295243808,24.809625244140648,0.018913908,0.15985107,5.780127738280306,22.637750244140648,0.017548246,0.085113525,4.6107318001098205,0,0,1
2020-06-14 03:00:00,951.055,26.8456970214844,0.018959671,0.09185791,2.7251460219990125,24.6738220214844,0.018807083,0.14868164,5.789921653098896,22.6425720214844,0.01746431,0.102996826,4.405679394725365,0,0,1
2020-06-14 04:00:00,941.647,26.824822998046898,0.018746043,0.097839355,1.835613220145874,24.559197998046898,0.018707896,0.1105957,5.923367528922246,22.652947998046898,0.01740327,0.12792969,4.174067451352451,0,0,1
2020-06-14 05:00:00,923.1551,26.750268554687523,0.018654503,0.1003418,0.7343059215116238,24.469018554687523,0.018623985,0.072509766,6.0589430640807285,22.687768554687523,0.017365135,0.1404419,4.012680149490699,0,0,1
2020-06-14 06:00:00,855.1638,26.717858886718773,0.018883403,0.094329834,2.254633091133287,24.655358886718773,0.018738445,0.039413452,6.491385223725575,22.733483886718773,0.017304119,0.14282227,3.940008007757889,0,0,1
2020-06-14 07:00:00,873.8285,27.147760009765648,0.018692678,0.09527588,5.314943397055496,25.475885009765648,0.019272512,0.02722931,8.661174048466359,22.991510009765648,0.017571157,0.14208984,4.053529536545133,0,0,1
2020-06-14 08:00:00,905.4061,27.581201171875023,0.018646935,0.11703491,7.528219858524407,26.221826171875023,0.019379357,0.0317688,8.51089646616835,23.409326171875023,0.017998436,0.14349365,4.024871499515974,0,0,1
2020-06-14 09:00:00,928.3636,28.052880859375023,0.018677453,0.1373291,8.447225717933192,27.068505859375023,0.01920388,0.05657959,7.315730534525187,23.927880859375023,0.018227318,0.15118408,3.9829628342473096,0,0,1
2020-06-14 10:00:00,950.2173,28.312585449218773,0.01870035,0.15185547,8.329778794629307,27.765710449218773,0.019020785,0.10913086,5.918608721584723,24.562585449218773,0.018013705,0.15655518,3.7794763311317943,0,0,1
2020-06-14 11:00:00,973.1005,28.3771911621094,0.018723246,0.16668701,8.17675426454375,28.1115661621094,0.01879954,0.16900635,5.058038347662276,25.5334411621094,0.01765513,0.1687622,3.434823086276489,0,0,1
2020-06-14 12:00:00,1009.7185,28.398645019531276,0.018784296,0.17974854,7.592403038091581,28.226770019531276,0.018669855,0.19458008,4.88801559694552,26.414270019531276,0.017502557,0.19592285,3.2433927129763958,0,0,1
2020-06-14 13:00:00,1045.4167,28.385644531250023,0.01876144,0.19873047,6.284814680549273,28.213769531250023,0.018692775,0.1986084,4.874375394275042,26.948144531250023,0.017472072,0.21710205,3.5562935221444194,0,0,1
2020-06-14 14:00:00,1049.0727000000002,28.359643554687523,0.018730933,0.2006836,5.009247043472243,27.953393554687523,0.018837744,0.19110107,5.072407602490481,26.828393554687523,0.017563635,0.22955322,3.997315869984346,0,0,1
2020-06-14 15:00:00,1050.8799,28.299279785156276,0.018677512,0.18670654,4.130356684838991,27.689904785156276,0.018982688,0.20251465,5.324354578581971,26.299279785156276,0.017746726,0.24761963,4.307610541290781,0,0,1
2020-06-14 16:00:00,1038.5744,28.218774414062523,0.01870802,0.15484619,4.422720351004813,27.406274414062523,0.019120008,0.20861816,5.867736368119686,25.531274414062523,0.017983228,0.26037598,4.41416784650285,0,0,1
2020-06-14 17:00:00,1037.3572,28.050683593750023,0.018913997,0.12823486,4.697181719056349,26.956933593750023,0.01951672,0.19311523,5.347183858934761,24.753808593750023,0.018265499,0.27197266,4.139518185649892,0,0,1
2020-06-14 18:00:00,1076.7720000000002,27.661737060546898,0.019821882,0.115112305,3.729277207141005,26.271112060546898,0.019654036,0.19354248,4.260359318851676,24.146112060546898,0.018501997,0.28149414,3.5400761770683724,0,0,1
2020-06-14 19:00:00,1190.3415,27.477441406250023,0.020050718,0.115448,3.054055049430076,25.758691406250023,0.019486142,0.1864624,3.7570309301651066,23.758691406250023,0.018433286,0.2644043,3.1985797889564678,0,0,1
2020-06-14 20:00:00,1204.9415,27.3854919433594,0.020004878,0.11868286,2.1825273877814544,25.5261169433594,0.01922668,0.20355225,3.905292514488289,23.5729919433594,0.018128047,0.24078369,2.768291840201176,0,0,1
2020-06-14 21:00:00,1212.6158,27.354516601562523,0.019859867,0.12432861,1.5061901183512214,25.292016601562523,0.019096928,0.21173096,4.092577099688476,23.417016601562523,0.017914372,0.23150635,2.0603210383313084,0,0,1
2020-06-14 22:00:00,1178.2315,27.328332519531276,0.019699603,0.12695312,1.7667842212589069,25.062707519531276,0.018967181,0.19281006,4.19244066882248,23.203332519531276,0.01772359,0.20727539,1.8431513819935916,0,0,1
2020-06-14 23:00:00,1152.6779,27.239953613281276,0.019562233,0.13665771,2.357014281679955,24.849328613281276,0.018791664,0.15631104,4.33637825700052,22.974328613281276,0.017532814,0.1661377,1.9075326362807683,0,0,1
2020-06-15 00:00:00,1098.5467,27.121301269531276,0.019432504,0.14300537,2.7985052666054835,24.761926269531276,0.0187306,0.12780762,4.248375532814414,22.746301269531276,0.01733442,0.1317749,1.949897341593552,0,0,1
2020-06-15 01:00:00,1054.2033,26.986016845703148,0.019379077,0.14251709,3.4801462474873306,24.673516845703148,0.018639026,0.1156311,4.066229916138043,22.564141845703148,0.017166553,0.11514282,2.167433778483797,0,0,1
2020-06-15 02:00:00,1023.5766,26.834100341796898,0.019409584,0.14105225,4.240612541073605,24.568475341796898,0.018509315,0.10974121,3.9485093889534215,22.459100341796898,0.017052101,0.10217285,2.371543794810276,0,0,1
2020-06-15 03:00:00,997.3501,26.738732910156276,0.019363802,0.13800049,4.453834159199394,24.504357910156276,0.01837198,0.10308838,3.7175685615091862,22.379357910156276,0.016945284,0.09942627,2.268025028635614,0,0,1
2020-06-15 04:00:00,968.2188,26.748498535156276,0.019241717,0.1482544,3.784726250851477,24.357873535156276,0.018104937,0.10775757,3.667030708852263,22.357873535156276,0.016853716,0.100128174,2.057027175963033,0,0,1
2020-06-15 05:00:00,988.9068,26.886621093750023,0.019035704,0.15777588,2.19646804860489,24.324121093750023,0.01795233,0.11477661,3.74608155567782,22.370996093750023,0.016777404,0.09738159,1.864561650098605,0,0,1
2020-06-15 06:00:00,972.1547,27.032250976562523,0.019035691,0.15985107,1.2943884974005724,24.688500976562523,0.018356675,0.10598755,3.529990705256342,22.469750976562523,0.016807908,0.091918945,1.8644769251063824,0,0,1
2020-06-15 07:00:00,1065.6265,27.403741455078148,0.019111978,0.16210938,2.1560818946656752,26.200616455078148,0.019379007,0.10449219,4.71977042577383,23.200616455078148,0.01770817,0.09365845,2.2016816463677986,0,0,1
2020-06-15 08:00:00,1201.0206999999998,27.777917480468773,0.018997531,0.17016602,3.033298638603019,27.574792480468773,0.019440036,0.1262207,4.559502860375323,24.043542480468773,0.018120151,0.088897705,2.8931182797960218,0,0,1
2020-06-15 09:00:00,1243.1802,28.116113281250023,0.019012786,0.17828369,3.0006473367372557,28.303613281250023,0.018745758,0.13409424,4.553997924321723,25.522363281250023,0.017250396,0.09011841,3.2477714747547792,0,0,1
2020-06-15 10:00:00,1258.241,28.431573486328148,0.018951755,0.16693115,2.0192541620764914,28.712823486328148,0.018425327,0.123168945,4.156116539669538,26.744073486328148,0.016960483,0.095703125,3.437507514251819,0,0,1
2020-06-15 11:00:00,1238.566,28.688989257812523,0.0189136,0.14440918,1.7392456019988718,29.048364257812523,0.018333767,0.13970947,3.4643746324456752,27.610864257812523,0.016945217,0.10961914,3.509513046525183,0,0,1
2020-06-15 12:00:00,1214.6927999999998,28.848748779296898,0.018921213,0.124938965,2.227135864318668,29.286248779296898,0.018486338,0.1918335,3.023780611663069,28.161248779296898,0.017029123,0.1307373,3.6572656717284726,0,0,1
2020-06-15 13:00:00,1199.6353,28.935479736328148,0.01887542,0.11303711,2.269436352530032,29.216729736328148,0.018554986,0.23028564,3.359398372125274,28.357354736328148,0.017143548,0.16186523,3.963957610526293,0,0,1
2020-06-15 14:00:00,1179.171,28.990350341796898,0.018738078,0.1020813,1.8013731963723238,29.021600341796898,0.01858549,0.21246338,4.346649497550179,28.193475341796898,0.017265605,0.19268799,4.302886597256271,0,0,1
2020-06-15 15:00:00,1147.4587,29.000695800781276,0.018722812,0.09466553,2.6386744700093643,28.860070800781276,0.01911191,0.19415283,5.100773292707072,27.469445800781276,0.017639438,0.1921997,4.47017041233551,0,0,1
2020-06-15 16:00:00,1069.8383,28.911096191406276,0.018722812,0.08166504,3.78609717044579,28.723596191406276,0.01950101,0.19610596,4.897767358232467,26.629846191406276,0.018471042,0.17218018,4.2596816827827935,0,0,1
2020-06-15 17:00:00,1041.2469,28.725610351562523,0.018844888,0.057754517,4.128259612436376,28.038110351562523,0.019134805,0.13671875,4.738971707071438,26.069360351562523,0.019035622,0.13787842,3.701586687259384,0,0,1
2020-06-15 18:00:00,1083.0047,28.371942138671898,0.01940946,0.033599854,3.1853221319594325,27.028192138671898,0.019737523,0.080444336,3.650345997545224,25.278192138671898,0.019592565,0.09838867,3.0473828077431806,0,0,1
2020-06-15 19:00:00,1134.7596,28.105920410156276,0.019577306,0.036376953,3.0744746154789384,26.574670410156276,0.019226354,0.052124023,3.5709679721003837,24.684045410156276,0.018547338,0.0635376,2.854072632365952,0,0,1
2020-06-15 20:00:00,1147.7872,27.900750732421898,0.01950102,0.03541565,3.833157132839913,26.416375732421898,0.018883038,0.03627014,3.2498479382080663,24.228875732421898,0.018410016,0.043914795,2.9820606497079125,0,0,1
2020-06-15 21:00:00,1145.3204,27.696008300781276,0.019554434,0.035614014,4.566932362579527,26.242883300781276,0.01872283,0.030265808,2.9323944086445346,23.852258300781276,0.018371878,0.03163147,2.9776613480982235,0,0,1
2020-06-15 22:00:00,1097.5905,27.514062500000023,0.019516299,0.028686523,5.12709793322284,25.982812500000023,0.018722842,0.029579163,3.1682050518518894,23.639062500000023,0.018272707,0.04626465,3.2347643941253432,0,0,1
2020-06-15 23:00:00,1057.2035999999998,27.312066650390648,0.019455275,0.02368927,5.613754414344536,25.562066650390648,0.018822035,0.027679443,3.743096107604527,23.483941650390648,0.018204054,0.08004761,3.7341670226596575,0,0,1
2020-06-16 00:00:00,1009.8091,27.116143798828148,0.01937899,0.026626587,5.888974368396699,25.116143798828148,0.018822044,0.03729248,4.08297523147952,23.272393798828148,0.018135399,0.105041504,4.033555979665458,0,0,1
2020-06-16 01:00:00,970.4887,26.957238769531276,0.019302705,0.03591919,5.7956341688909845,24.785363769531276,0.0187305,0.057357788,4.32190010245557,23.097863769531276,0.018043855,0.1184082,4.0991616508472335,0,0,1
2020-06-16 02:00:00,936.6285,26.864434814453148,0.019195903,0.048294067,5.495681516889694,24.661309814453148,0.018745769,0.07064819,4.45646742494966,22.973809814453148,0.017914165,0.11981201,4.026548005012473,0,0,1
2020-06-16 03:00:00,913.0119,26.807519531250023,0.019089103,0.051971436,5.184161295288881,24.620019531250023,0.018715262,0.09063721,4.337781227515191,22.870019531250023,0.017792106,0.11981201,3.889659561420981,0,0,1
2020-06-16 04:00:00,907.3773,26.819604492187523,0.018944155,0.054016113,4.718127566079298,24.741479492187523,0.018646609,0.112976074,4.082448669409905,22.772729492187523,0.017647158,0.13232422,3.617151672317673,0,0,1
2020-06-16 05:00:00,897.273,26.931237792968773,0.018700028,0.06098938,3.885534492458373,24.993737792968773,0.018608475,0.1305542,3.6634408751285648,22.759362792968773,0.017502213,0.14575195,3.437588974234708,0,0,1
2020-06-16 06:00:00,897.8859,27.206658935546898,0.018768707,0.07809448,2.711114798692721,25.331658935546898,0.018951813,0.14691162,3.083942640431669,22.909783935546898,0.01746408,0.15338135,3.1242351786245197,0,0,1
2020-06-16 07:00:00,988.4364,27.7163024902344,0.018623758,0.0982666,1.849089457702374,26.3881774902344,0.019806314,0.15655518,3.373060584733466,23.5444274902344,0.018074442,0.16259766,2.6687084829062613,0,0,1
2020-06-16 08:00:00,1113.6193999999998,28.084832763671898,0.01859325,0.100860596,0.2762253921215993,27.866082763671898,0.020027576,0.15905762,3.822294063472068,24.303582763671898,0.018410144,0.17749023,2.654436565032814,0,0,1
2020-06-16 09:00:00,1179.3587,28.5615173339844,0.018631425,0.08303833,2.6590489009393323,28.5146423339844,0.018967118,0.15045166,4.342153048713243,25.4052673339844,0.018043961,0.16107178,2.6909713947472618,0,0,1
2020-06-16 10:00:00,1232.1053,28.987268066406276,0.018700121,0.07305908,3.852583865293192,28.721643066406276,0.018555162,0.11755371,5.03210126795248,26.581018066406276,0.017540453,0.15325928,2.7713346812688715,0,0,1
2020-06-16 11:00:00,1273.0776999999998,29.277429199218773,0.018761164,0.073638916,3.606061624403466,29.214929199218773,0.018700128,0.11590576,5.590545449029421,27.355554199218773,0.01742602,0.17248535,3.051743237465195,0,0,1
2020-06-16 12:00:00,1280.5361,29.496759033203148,0.018684855,0.08087158,2.7949723149192662,29.512384033203148,0.018883219,0.12738037,6.0938420872699455,27.778009033203148,0.01749467,0.19140625,3.5860106337326343,0,0,1
2020-06-16 13:00:00,1290.4091,29.611108398437523,0.018539941,0.090026855,2.249847902879234,29.642358398437523,0.019073999,0.13665771,6.535448062307746,27.782983398437523,0.017616784,0.22137451,4.265564655254392,0,0,1
2020-06-16 14:00:00,1292.4443,29.612390136718773,0.018333992,0.10229492,1.962743774386697,29.487390136718773,0.019219002,0.14898682,6.8931805289848445,27.487390136718773,0.017830452,0.24133301,4.827798830144235,0,0,1
2020-06-16 15:00:00,1281.1562,29.622583007812523,0.018257735,0.0970459,2.4711109210227917,29.138208007812523,0.01944792,0.15509033,7.1674174739050365,26.825708007812523,0.018128036,0.26086426,5.034154194512926,0,0,1
2020-06-16 16:00:00,1205.978,29.608666992187523,0.018166192,0.08453369,3.4981395122587595,28.593041992187523,0.01995147,0.14788818,6.804660201603718,25.968041992187523,0.018540032,0.23614502,4.753557932622556,0,0,1
2020-06-16 17:00:00,1118.5884,29.457421875000023,0.018196724,0.06201172,4.446533432346138,28.019921875000023,0.020287178,0.14807129,5.856085267900134,25.223046875000023,0.018982552,0.20135498,4.134506534897408,0,0,1
2020-06-16 18:00:00,1150.1815,28.936944580078148,0.019180957,0.045639038,4.743627777334419,27.077569580078148,0.020622913,0.11627197,4.457846637198008,24.655694580078148,0.01926488,0.19049072,3.3480468237279046,0,0,1
2020-06-16 19:00:00,1236.3367,28.538964843750023,0.01991341,0.04171753,5.133235380963881,26.413964843750023,0.020363545,0.0925293,4.150284467851935,24.367089843750023,0.019142842,0.18054199,2.748378490619106,0,0,1
2020-06-16 20:00:00,1236.4751,28.250634765625023,0.019997442,0.04449463,5.820895701433567,26.110009765625023,0.0201424,0.062026978,4.118647528663086,24.219384765625023,0.018921698,0.14587402,2.739398371226663,0,0,1
2020-06-16 21:00:00,1226.7375000000002,27.951684570312523,0.019928748,0.05229187,6.555160455202056,25.920434570312523,0.01990586,0.03211975,3.9140362730689424,24.076684570312523,0.018799597,0.116119385,3.5381262706760377,0,0,1
2020-06-16 22:00:00,1201.0245,27.660302734375023,0.019890642,0.0526886,7.4160211546512835,25.629052734375023,0.019684648,0.025230408,3.918026447574912,23.769677734375023,0.018692827,0.11114502,4.160971469146012,0,0,1
2020-06-16 23:00:00,1157.4846,27.376428222656276,0.019883003,0.043029785,8.80217619343969,25.345178222656276,0.019524422,0.020446777,4.611764225775144,23.642053222656276,0.01866993,0.1078186,4.477648078348453,0,0,1
2020-06-17 00:00:00,1109.3721,27.113122558593773,0.01989061,0.030220032,10.50891351835106,25.175622558593773,0.0193947,0.025596619,5.776406976299988,23.566247558593773,0.01862413,0.104888916,4.568825385310621,0,0,1
2020-06-17 01:00:00,1061.0959,26.862176513671898,0.0198753,0.024650574,11.528276341045432,25.002801513671898,0.019272577,0.029647827,6.366846376981774,23.393426513671898,0.01848675,0.10006714,4.535984833010793,0,0,1
2020-06-17 02:00:00,1029.2499,26.672296142578148,0.019791309,0.026870728,11.1208927141998,24.750421142578148,0.019074146,0.034561157,5.794027584796377,23.219171142578148,0.018318836,0.08670044,4.382787433083397,0,0,1
2020-06-17 03:00:00,1004.5562,26.587609863281276,0.019661563,0.055023193,10.169315859308664,24.556359863281276,0.018845217,0.051940918,5.104708080407893,23.071984863281276,0.018128054,0.0791626,4.311297924187933,0,0,1
2020-06-17 04:00:00,984.0419,26.538232421875023,0.019516582,0.08380127,8.987857065548901,24.553857421875023,0.018730754,0.07333374,4.718290306082871,23.006982421875023,0.017967815,0.08129883,4.246918654059579,0,0,1
2020-06-17 05:00:00,982.5697,26.480615234375023,0.019348715,0.077301025,7.770673346487581,24.746240234375023,0.018738363,0.09298706,4.408313212982778,23.043115234375023,0.017876241,0.076690674,3.905887656534367,0,0,1
2020-06-17 06:00:00,961.5173,26.706628417968773,0.019402094,0.049484253,7.276151821546895,25.159753417968773,0.0190664,0.094696045,3.60359558314492,23.112878417968773,0.017838068,0.074157715,3.422633035385582,0,0,1
2020-06-17 07:00:00,1055.3229,27.432977294921898,0.019081637,0.040039062,9.710639604585856,26.307977294921898,0.019791171,0.06549072,4.193947968450819,23.698602294921898,0.018562838,0.07400513,2.9458825374812285,0,0,1
2020-06-17 08:00:00,1190.1985,27.879113769531276,0.019089252,0.042251587,10.728504424659638,27.644738769531276,0.019592792,0.050598145,4.7454146649589255,24.504113769531276,0.019012958,0.08013916,2.93511646884484,0,0,1
2020-06-17 09:00:00,1253.2019,28.286431884765648,0.019226575,0.041900635,12.176485820868054,28.520806884765648,0.018646741,0.048187256,4.671749925246876,25.770806884765648,0.018730665,0.07574463,2.960886450657082,0,0,1
2020-06-17 10:00:00,1277.0975,28.636315917968773,0.019424938,0.039398193,13.390602124260289,29.183190917968773,0.01863148,0.05039978,5.511421440643668,27.026940917968773,0.018196605,0.08529663,2.991494897110247,0,0,1
2020-06-17 11:00:00,1306.1125,28.852380371093773,0.019524116,0.040740967,13.006970623094336,29.664880371093773,0.018700141,0.049102783,6.137298064784759,27.836755371093773,0.017906684,0.10147095,3.1656446239770726,0,0,1
2020-06-17 12:00:00,1324.8691,28.960778808593773,0.019547008,0.053207397,11.9244382330092,30.226403808593773,0.018784069,0.06365967,5.289495278349591,28.335778808593773,0.017769359,0.11715698,3.5799884231742487,0,0,1
2020-06-17 13:00:00,1344.9218,29.024987792968773,0.019592792,0.07620239,11.649591987243085,30.712487792968773,0.01885274,0.105895996,4.83433400724227,28.524987792968773,0.017761737,0.14886475,3.768674160777865,0,0,1
2020-06-17 14:00:00,1336.5338000000002,29.057763671875023,0.019638574,0.104156494,12.529312652221163,30.714013671875023,0.018837487,0.12994385,5.046871322772219,28.354638671875023,0.017838037,0.1798706,3.847023759780941,0,0,1
2020-06-17 15:00:00,1274.5531,28.887628173828148,0.01976065,0.13134766,14.234909322950294,30.543878173828148,0.018959563,0.1293335,5.19878656094264,27.856378173828148,0.017975371,0.19274902,4.018258064975357,0,0,1
2020-06-17 16:00:00,1192.3837,28.519555664062523,0.01993613,0.15246582,15.787258438110754,30.003930664062523,0.019508883,0.107666016,5.357206343356381,27.066430664062523,0.01828055,0.17077637,4.118447776901445,0,0,1
2020-06-17 17:00:00,1121.3599,28.055810546875023,0.020165017,0.16784668,15.54398757145611,29.462060546875023,0.019836953,0.109375,5.272440140060159,26.165185546875023,0.018776467,0.15185547,4.068915255658079,0,0,1
2020-06-17 18:00:00,1148.5644,27.525109863281276,0.02037102,0.1616211,13.778186043327011,28.118859863281276,0.020531237,0.08868408,4.329794066820243,25.212609863281276,0.019310534,0.14245605,3.636299965712855,0,0,1
2020-06-17 19:00:00,1217.6139,27.223596191406276,0.020432066,0.15893555,12.838789102373882,27.379846191406276,0.020340513,0.07925415,3.973427551473088,24.504846191406276,0.019554686,0.13977051,3.0421809685729557,0,0,1
2020-06-17 20:00:00,1218.6806,27.089562988281276,0.020493116,0.1550293,12.177652045882487,26.777062988281276,0.020271864,0.08169556,3.615623973955093,24.167687988281276,0.019043531,0.12908936,2.529061401246281,0,0,1
2020-06-17 21:00:00,1206.0313,27.032373046875023,0.020546544,0.14031982,11.594524854076466,26.297998046875023,0.02008878,0.07043457,3.3863241569028477,23.954248046875023,0.018768895,0.1227417,2.303975327970609,0,0,1
2020-06-17 22:00:00,1179.8286,27.008203125000023,0.020615237,0.13494873,11.091454221628844,25.945703125000023,0.01982941,0.057861328,3.3286499297183925,23.805078125000023,0.0185553,0.11236572,2.4455401758837603,0,0,1
2020-06-17 23:00:00,1137.1812,27.017297363281276,0.020699186,0.13647461,10.516070052048894,25.454797363281276,0.01939456,0.060531616,3.457864496708047,23.704797363281276,0.018356962,0.10089111,2.460658274477188,0,0,1
2020-06-18 00:00:00,1051.2232,27.033288574218773,0.02076788,0.14550781,10.132560653674403,25.111413574218773,0.019104673,0.062164307,3.6250534895535034,23.595788574218773,0.01812048,0.088134766,2.374243838751018,0,0,1
2020-06-18 01:00:00,1005.4278,26.985864257812523,0.020760253,0.16687012,10.368177158749498,24.876489257812523,0.018921569,0.06359863,3.4042783690062834,23.454614257812523,0.017838195,0.092437744,2.1951172309452573,0,0,1
2020-06-18 02:00:00,1006.878,26.959191894531276,0.020668698,0.1595459,11.245113318564794,24.693566894531276,0.018715573,0.07537842,2.9259211483602066,23.224816894531276,0.017571164,0.10494995,2.093725701945502,0,0,1
2020-06-18 03:00:00,991.3314,26.893640136718773,0.02050848,0.1439209,13.031796406878524,24.737390136718773,0.018624019,0.102386475,2.519152150576562,23.049890136718773,0.01735754,0.13946533,2.023716996968216,0,0,1
2020-06-18 04:00:00,973.0022,26.807641601562523,0.020249084,0.14196777,14.378618292501711,24.854516601562523,0.018639281,0.10507202,2.467630920763247,22.901391601562523,0.017174438,0.16833496,2.1831376660250124,0,0,1
2020-06-18 05:00:00,987.8975,26.663507080078148,0.01998207,0.112213135,14.803100044756118,24.788507080078148,0.018631667,0.09136963,2.9182553070184807,22.804132080078148,0.017044753,0.19244385,2.3701182286433515,0,0,1
2020-06-18 06:00:00,972.5099,26.794763183593773,0.019905785,0.078704834,15.204824103730717,24.935388183593773,0.018974999,0.09057617,3.508411006717033,22.841638183593773,0.017159203,0.20141602,2.523952646494426,0,0,1
2020-06-18 07:00:00,1059.3991,27.484399414062523,0.019860012,0.06820679,17.541680109860064,26.156274414062523,0.019669278,0.10946655,4.712227642981974,23.453149414062523,0.0174949,0.20471191,3.004038562415396,0,0,1
2020-06-18 08:00:00,1150.6647,28.063409423828148,0.019669276,0.09085083,17.16807657815967,27.422784423828148,0.01973794,0.1574707,3.678231581810408,24.297784423828148,0.017822962,0.2033081,3.093766604292268,0,0,1
2020-06-18 09:00:00,1168.5639,28.6137634277344,0.019638756,0.08758545,15.402607526114387,27.9731384277344,0.019638756,0.17462158,3.404038853543496,25.2231384277344,0.01796029,0.22149658,2.3233611175767623,0,0,1
2020-06-18 10:00:00,1176.9177,29.111779785156276,0.019699804,0.082458496,14.775611857026824,28.330529785156276,0.019768469,0.15234375,3.100962730857879,25.939904785156276,0.01798319,0.22875977,1.779292683601677,0,0,1
2020-06-18 11:00:00,1166.4138,29.498376464843773,0.01976845,0.08862305,14.635209496096357,28.654626464843773,0.019982073,0.17156982,2.425204876965881,26.373376464843773,0.018074725,0.22070312,1.950821369753132,0,0,1
2020-06-18 12:00:00,1173.8161,29.735223388671898,0.01973032,0.10305786,14.18121942589979,29.094598388671898,0.020012608,0.22235107,1.2925980124582093,26.657098388671898,0.018158665,0.20550537,2.476317384545338,0,0,1
2020-06-18 13:00:00,1202.2642999999998,29.791375732421898,0.019623525,0.12750244,13.438061188090828,29.400750732421898,0.019905813,0.24584961,0.4596616142811106,26.853875732421898,0.018265493,0.19293213,2.908535173365764,0,0,1
2020-06-18 14:00:00,1228.4353,29.740075683593773,0.019417513,0.14147949,12.690715279407168,29.286950683593773,0.019921053,0.26391602,1.3033092862461264,26.896325683593773,0.018433321,0.19085693,3.306335272167104,0,0,1
2020-06-18 15:00:00,1217.5869,29.734643554687523,0.01928785,0.14135742,11.86302739891394,28.859643554687523,0.020211007,0.28833008,2.388672594645806,26.625268554687523,0.018646982,0.17370605,3.528164514501115,0,0,1
2020-06-18 16:00:00,1150.1136,29.618005371093773,0.019158192,0.13244629,10.598492828319204,28.618005371093773,0.020653553,0.31530762,3.0294390210091606,26.055505371093773,0.018891163,0.17193604,3.6942093152120674,0,0,1
2020-06-18 17:00:00,1110.4451,29.300439453125023,0.019326152,0.12277222,8.66593040811296,28.112939453125023,0.020417156,0.3494873,3.341984241612811,25.378564453125023,0.019143047,0.18273926,3.724628819143335,0,0,1
2020-06-18 18:00:00,1129.1091,28.663232421875023,0.020119796,0.11050415,6.055068826197622,27.085107421875023,0.02082933,0.35766602,2.997117994717838,24.741357421875023,0.01931108,0.22729492,3.4371246826580157,0,0,1
2020-06-18 19:00:00,1215.7961,28.175744628906276,0.020287892,0.092315674,5.982520840804212,26.456994628906276,0.020623585,0.3347168,3.1190456043883086,24.331994628906276,0.019235035,0.27124023,3.250699135335234,0,0,1
2020-06-18 20:00:00,1184.3943,27.845788574218773,0.020135317,0.06652832,7.841217167045343,26.173913574218773,0.020425234,0.2738037,3.156786556149146,24.189538574218773,0.019006167,0.29760742,2.9422273816501727,0,0,1
2020-06-18 21:00:00,1184.9695,27.547082519531276,0.0199675,0.04133606,10.467187040801322,25.984582519531276,0.020318452,0.19897461,3.447034568932002,24.062707519531276,0.01884598,0.29248047,2.7489380363899394,0,0,1
2020-06-18 22:00:00,1153.1495,27.267999267578148,0.019807354,0.02204132,12.686367972849018,25.799249267578148,0.020173565,0.14538574,4.229458333498488,23.861749267578148,0.01871635,0.26696777,3.1633193707400835,0,0,1
2020-06-18 23:00:00,1117.2034999999998,27.044396972656276,0.019670142,0.010368347,13.370639217049789,25.622521972656276,0.019982947,0.13244629,4.577776600987757,23.638146972656276,0.018602027,0.22918701,3.5560902041718387,0,0,1
2020-06-19 00:00:00,1074.466,26.838281250000023,0.019570999,0.011230469,12.542945459677458,25.447656250000023,0.019792251,0.14691162,4.361643795166766,23.463281250000023,0.018472366,0.20184326,3.623005293203936,0,0,1
2020-06-19 01:00:00,1043.9968,26.675866699218773,0.019502353,0.018981934,11.128516996143164,25.378991699218773,0.01965494,0.18457031,4.036260952100311,23.332116699218773,0.018350314,0.18469238,3.542784096007641,0,0,1
2020-06-19 02:00:00,1020.7302,26.553918457031276,0.019449012,0.038345337,9.710585192598582,25.444543457031276,0.01947953,0.21722412,3.9873464907571696,23.225793457031276,0.01822068,0.1786499,3.5084460149022734,0,0,1
2020-06-19 03:00:00,993.1523,26.477807617187523,0.01937282,0.0708313,8.543490290793157,25.618432617187523,0.019327044,0.24737549,3.41830844154638,23.134057617187523,0.018075824,0.17840576,3.487775201091346,0,0,1
2020-06-19 04:00:00,980.9,26.382287597656276,0.019258495,0.086364746,7.478438458566363,25.757287597656276,0.01918983,0.28356934,1.9655481187009936,23.007287597656276,0.01793098,0.1850586,3.446577040935366,0,0,1
2020-06-19 05:00:00,977.1489,26.322167968750023,0.019136546,0.104888916,6.450509428266521,25.447167968750023,0.01909077,0.29821777,0.1112818816413323,22.915917968750023,0.017786143,0.18414307,3.5196987871776355,0,0,1
2020-06-19 06:00:00,960.5081,26.5768981933594,0.019365584,0.11553955,5.461269688796693,25.3268981933594,0.019342696,0.28149414,1.190275723747243,22.9675231933594,0.017702376,0.17279053,3.584437660261581,0,0,1
2020-06-19 07:00:00,1067.0716,27.421197509765648,0.019426802,0.13128662,6.207621701138709,26.139947509765648,0.01957939,0.22241211,4.334613970031882,23.889947509765648,0.01806114,0.1619873,3.8206906895580905,0,0,1
2020-06-19 08:00:00,1178.5475,27.842431640625023,0.019335434,0.14697266,6.716104931055372,26.967431640625023,0.019602463,0.16741943,6.403463642330793,25.029931640625023,0.017962143,0.1352539,3.806168638966481,0,0,1
2020-06-19 09:00:00,1198.2837,28.213891601562523,0.019312726,0.14550781,7.926667533192161,27.870141601562523,0.01951109,0.14953613,8.295546851455741,26.417016601562523,0.017687665,0.11773682,3.4275884509203327,0,0,1
2020-06-19 10:00:00,1209.1371,28.558740234375023,0.01932814,0.14105225,9.224832858920774,28.730615234375023,0.019465469,0.17797852,8.995220021244107,27.558740234375023,0.017626785,0.1430664,2.460188039826848,0,0,1
2020-06-19 11:00:00,1226.3597,28.836083984375023,0.019381663,0.1373291,10.469492882632014,29.445458984375023,0.019457957,0.21380615,7.866783826031,28.336083984375023,0.017672678,0.2078247,1.4755573011910468,0,0,1
2020-06-19 12:00:00,1237.5232,29.043725585937523,0.019473199,0.11679077,11.365427859937924,29.996850585937523,0.019427422,0.2647705,5.630766788797223,28.621850585937523,0.017504815,0.25341797,0.866194019862032,0,0,1
2020-06-19 13:00:00,1248.0341,29.162072753906276,0.019495869,0.09893799,10.479753210641796,30.224572753906276,0.019305134,0.29077148,5.065618546309411,27.974572753906276,0.017481709,0.25793457,1.1214570810470568,0,0,1
2020-06-19 14:00:00,1254.2509,29.195275878906276,0.019411799,0.10513306,8.250053599790371,29.882775878906276,0.01939654,0.26574707,5.528221102796212,27.132775878906276,0.01787829,0.25561523,2.19658252076856,0,0,1
2020-06-19 15:00:00,1230.3755999999998,29.139764404296898,0.019373728,0.12524414,7.537511888181506,29.311639404296898,0.019564463,0.27490234,6.616834247622518,26.546014404296898,0.01822169,0.27209473,2.86324347290265,0,0,1
2020-06-19 16:00:00,1174.8661,29.008172607421898,0.019396855,0.1486206,7.522685874399687,28.430047607421898,0.019854618,0.26879883,7.968627253765121,25.867547607421898,0.018664433,0.27624512,2.6470730289751243,0,0,1
2020-06-19 17:00:00,1128.9327999999998,28.673944091796898,0.019832134,0.1484375,6.802706667821482,27.423944091796898,0.020083904,0.2902832,7.771680892526641,25.158319091796898,0.019168377,0.28149414,2.886705328841749,0,0,1
2020-06-19 18:00:00,1152.4132,28.118951416015648,0.020503646,0.12994385,5.802824480351621,26.525201416015648,0.02006877,0.30456543,6.86576180406417,24.728326416015648,0.019481307,0.24066162,3.762292048895413,0,0,1
2020-06-19 19:00:00,1213.6226,27.725640869140648,0.020587526,0.113464355,6.081359078192558,26.069390869140648,0.02004584,0.3013916,5.9594982148481535,24.538140869140648,0.019603334,0.20343018,4.768177625070956,0,0,1
2020-06-19 20:00:00,1207.3977,27.479638671875023,0.020572105,0.10031128,6.495030604548074,25.870263671875023,0.020030418,0.29907227,5.361427541342595,24.448388671875023,0.01963369,0.16308594,5.395922074735799,0,0,1
2020-06-19 21:00:00,1175.9687,27.271203613281276,0.020579666,0.091308594,6.780641359359946,25.724328613281276,0.019931167,0.2984619,5.449407002796626,24.411828613281276,0.019557327,0.11050415,5.645813817439772,0,0,1
2020-06-19 22:00:00,1123.2326,27.111993408203148,0.020572081,0.09359741,7.047067023999919,25.627618408203148,0.01983966,0.28430176,5.555375006899639,24.361993408203148,0.019473448,0.05342102,5.855308794174248,0,0,1
2020-06-19 23:00:00,1080.356,26.949151611328148,0.020556904,0.103881836,7.32408140496224,25.542901611328148,0.019763447,0.23132324,5.447103294013645,24.074151611328148,0.019313313,0.03857422,5.675079620743856,0,0,1
2020-06-20 00:00:00,1049.7208,26.825097656250023,0.020534117,0.113586426,7.513480377969767,25.418847656250023,0.019671995,0.184021,5.181130501504533,23.825097656250023,0.01911505,0.047805786,5.031388625610489,0,0,1
2020-06-20 01:00:00,1029.152,26.728448486328148,0.020503791,0.118621826,7.805153068884104,25.181573486328148,0.019443305,0.16619873,4.8514429226941775,23.884698486328148,0.01913813,0.06549072,5.003852801785688,0,0,1
2020-06-20 02:00:00,1004.0595,26.678979492187523,0.020503823,0.11029053,8.491897765045074,25.007104492187523,0.019260231,0.13275146,4.6694662073311415,23.835229492187523,0.019054238,0.06576538,5.559515492302839,0,0,1
2020-06-20 03:00:00,984.5426,26.651879882812523,0.020549634,0.09329224,8.905562846127316,24.886254882812523,0.019122938,0.12112427,4.5424794956515,23.714379882812523,0.018924573,0.055282593,5.776206111051917,0,0,1
2020-06-20 04:00:00,943.874,26.614770507812523,0.020481005,0.09313965,7.713717085453294,24.771020507812523,0.018955126,0.13824463,4.078710074713043,23.614770507812523,0.018817797,0.047042847,5.471590605730099,0,0,1
2020-06-20 05:00:00,960.3058,26.541070556640648,0.020297663,0.115875244,6.52648795690107,24.681695556640648,0.018794673,0.17132568,3.711015716692148,23.572320556640648,0.018741267,0.04322815,4.8283332202048,0,0,1
2020-06-20 06:00:00,929.1575,26.701318359375023,0.020274442,0.124298096,5.242070089239136,24.951318359375023,0.019091886,0.16766357,3.623188439577628,23.591943359375023,0.018702786,0.04725647,4.249042973194001,0,0,1
2020-06-20 07:00:00,979.7702,27.332604980468773,0.02033522,0.11703491,4.609093817976207,25.957604980468773,0.019747756,0.17175293,5.677752334046675,23.785729980468773,0.018855117,0.05380249,3.880095467720227,0,0,1
2020-06-20 08:00:00,1009.9661,27.746972656250023,0.019854343,0.10293579,3.837092705400808,26.559472656250023,0.019457614,0.17126465,6.513883684595013,24.028222656250023,0.018992221,0.062683105,3.517633715692828,0,0,1
2020-06-20 09:00:00,1043.6835999999998,28.119836425781276,0.01946508,0.10668945,2.619420060990096,27.166711425781276,0.019098869,0.1375122,6.973168631055835,24.260461425781276,0.018999686,0.07720947,3.130728709063732,0,0,1
2020-06-20 10:00:00,1085.6698,28.420739746093773,0.019205578,0.119140625,2.775180687047991,27.951989746093773,0.019136913,0.14019775,6.535022063214417,24.561364746093773,0.018747814,0.0831604,2.655404298678625,0,0,1
2020-06-20 11:00:00,1082.2197,28.534478759765648,0.019098671,0.12921143,3.097816139510745,28.565728759765648,0.019152077,0.17224121,5.77528032885782,24.878228759765648,0.018167885,0.10195923,2.236859228777226,0,0,1
2020-06-20 12:00:00,1088.5319,28.708520507812523,0.019052763,0.14776611,3.0843516525729906,28.942895507812523,0.019167203,0.20404053,5.689056622785819,25.114770507812523,0.017862577,0.13983154,2.024842065374352,0,0,1
2020-06-20 13:00:00,1095.7085000000002,28.873132324218773,0.018983971,0.16210938,3.862019073767161,29.013757324218773,0.019113671,0.21936035,5.946338299393788,25.279382324218773,0.017709862,0.15063477,1.9180214446184631,0,0,1
2020-06-20 14:00:00,1096.1403,28.955163574218773,0.0189839,0.15930176,4.795204729675848,28.814538574218773,0.019052565,0.20721436,5.912209953307006,25.439538574218773,0.017580092,0.16241455,1.8305613905827025,0,0,1
2020-06-20 15:00:00,1082.7122,28.974298095703148,0.019060135,0.14648438,5.545338750730343,28.505548095703148,0.019281387,0.17456055,5.437412171805502,25.380548095703148,0.017496109,0.17211914,1.5172541563436288,0,0,1
2020-06-20 16:00:00,1045.2069,28.817163085937523,0.019189775,0.12402344,6.281544382968657,28.348413085937523,0.019838274,0.1595459,4.883974400821115,25.067163085937523,0.017641008,0.16601562,1.812198657274312,0,0,1
2020-06-20 17:00:00,1035.1049,28.5473571777344,0.019548299,0.103515625,7.176330403188325,27.6567321777344,0.019494893,0.13891602,5.192661135454881,24.5629821777344,0.018045308,0.14990234,2.265544657367892,0,0,1
2020-06-20 18:00:00,1083.0775,28.027307128906276,0.020303553,0.09182739,7.357711794543362,26.652307128906276,0.0199526,0.10592651,4.426366116698207,24.042932128906276,0.018373316,0.12799072,2.3660039530178527,0,0,1
2020-06-20 19:00:00,1150.9465,27.669396972656276,0.020471344,0.07952881,8.473022392244262,26.060021972656276,0.019731293,0.08605957,4.217067840902511,23.716271972656276,0.01812149,0.10043335,2.640892302397534,0,0,1
2020-06-20 20:00:00,1157.6162,27.411248779296898,0.020501811,0.06802368,9.847082060220073,25.817498779296898,0.019593913,0.07397461,4.09125261147588,23.473748779296898,0.017953593,0.08023071,3.1110800847898195,0,0,1
2020-06-20 21:00:00,1159.0047000000002,27.188592529296898,0.020539926,0.063964844,10.627662271298576,25.594842529296898,0.019471811,0.066589355,3.932772845135392,23.219842529296898,0.017816233,0.06451416,3.0449101659367352,0,0,1
2020-06-20 22:00:00,1119.912,27.037622070312523,0.020578053,0.06744385,11.033218745839978,25.381372070312523,0.019342091,0.05596924,3.74120917096914,23.084497070312523,0.0177094,0.04574585,2.836407497331972,0,0,1
2020-06-20 23:00:00,1087.3953,26.925866699218773,0.02057804,0.07217407,10.661996322845871,25.160241699218773,0.01918186,0.051330566,3.517688395939112,22.941491699218773,0.01754154,0.03315735,2.654893416512149,0,0,1
2020-06-21 00:00:00,1059.5671,26.839807128906276,0.020539897,0.07879639,10.04373177299436,24.949182128906276,0.019021647,0.045455933,3.329815871844412,22.746057128906276,0.017366068,0.03404236,2.7620674554154867,0,0,1
2020-06-21 01:00:00,1028.9622,26.769128417968773,0.0204865,0.08459473,9.549167844456733,24.722253417968773,0.01883855,0.04650879,3.383891790242603,22.566003417968773,0.01722112,0.036499023,3.0442630499921663,0,0,1
2020-06-21 02:00:00,1010.5635,26.719659423828148,0.02045599,0.09310913,9.237143957480091,24.610284423828148,0.018716488,0.058914185,3.4342162646610896,22.422784423828148,0.017076168,0.052352905,3.081807908933341,0,0,1
2020-06-21 03:00:00,974.9457,26.697717285156276,0.02041024,0.10028076,8.63190576491654,24.541467285156276,0.018617332,0.065979004,3.3256366593461744,22.275842285156276,0.016908348,0.070495605,2.874641561969465,0,0,1
2020-06-21 04:00:00,956.0602,26.644738769531276,0.020341652,0.097595215,8.189552415627519,24.457238769531276,0.01847245,0.06640625,2.900749622668783,22.152551269531276,0.01671769,0.07382202,2.488334626923327,0,0,1
2020-06-21 05:00:00,949.3111,26.599755859375023,0.02028056,0.0793457,8.116398424524276,24.396630859375023,0.018312177,0.05479431,2.5630090756770985,22.060693359375023,0.016519269,0.07208252,2.0937453483416,0,0,1
2020-06-21 06:00:00,890.6572,26.747369384765648,0.02038737,0.06524658,8.623252320068197,24.731744384765648,0.018579204,0.05079651,2.4113032836722117,22.059869384765648,0.016442973,0.068603516,1.826168386527417,0,0,1
2020-06-21 07:00:00,897.6265999999999,27.376184082031276,0.020692555,0.064453125,10.952238925241996,25.907434082031276,0.019166676,0.06010437,2.7791482592139443,22.719934082031276,0.01672527,0.072906494,1.837312155483637,0,0,1
2020-06-21 08:00:00,905.077,27.808526611328148,0.020570463,0.068573,12.06194593985386,27.230401611328148,0.019288724,0.079315186,3.0721931300549667,23.902276611328148,0.016801542,0.07775879,1.8478754654699057,0,0,1
2020-06-21 09:00:00,949.0863,28.086389160156276,0.020379743,0.0864563,9.486267033852084,28.055139160156276,0.019128522,0.13397217,3.0487044631541456,25.508264160156276,0.01689311,0.0954895,1.3892669561592812,0,0,1
2020-06-21 10:00:00,946.9415,28.381127929687523,0.01990678,0.10366821,5.473504099874929,28.474877929687523,0.01901414,0.18756104,3.3180689872688776,26.881127929687523,0.017144939,0.14556885,0.9360431509616772,0,0,1
2020-06-21 11:00:00,977.3227,28.723962402343773,0.019174425,0.12213135,2.336096935125888,28.848962402343773,0.019059984,0.1977539,3.3190851591884942,27.458337402343773,0.017495958,0.2211914,1.0303449213621134,0,0,1
2020-06-21 12:00:00,1012.4986,29.052362060546898,0.018403905,0.15637207,1.1618700997350326,29.192987060546898,0.01895322,0.20678711,3.665056556275696,27.364862060546898,0.017877476,0.2828369,1.519353555914798,0,0,1
2020-06-21 13:00:00,1018.1468,29.3039489746094,0.017847074,0.14691162,1.887694415759778,29.2258239746094,0.018922819,0.2142334,4.315304383364115,27.0539489746094,0.018091215,0.28674316,2.0214367988626964,0,0,1
2020-06-21 14:00:00,1035.4303,29.367333984375023,0.017847206,0.11657715,6.316910962268236,29.070458984375023,0.019121315,0.17053223,4.83081879659276,26.664208984375023,0.018076088,0.27270508,2.2407605820499263,0,0,1
2020-06-21 15:00:00,1098.8787,29.321740722656276,0.01807615,0.089904785,9.99889764813384,28.743615722656276,0.019258706,0.13092041,5.270530448725014,26.102990722656276,0.018411843,0.23400879,1.9741615688676288,0,0,1
2020-06-21 16:00:00,1137.2244,29.083703613281276,0.01850334,0.07809448,11.499131622699684,28.286828613281276,0.019556196,0.09692383,4.953206064421293,25.614953613281276,0.018770369,0.18267822,1.7665595843893165,0,0,1
2020-06-21 17:00:00,1124.4498,28.602838134765648,0.019167008,0.068359375,11.439899930716384,27.680963134765648,0.019563736,0.077819824,4.484099410357966,25.196588134765648,0.01900679,0.1762085,1.8878397844171293,0,0,1
2020-06-21 18:00:00,1180.3801,27.934869384765648,0.019861206,0.060302734,11.013374146700675,26.669244384765648,0.019845948,0.0539093,2.2444109737410107,24.606744384765648,0.018907532,0.17456055,2.083997181474973,0,0,1
2020-06-21 19:00:00,1282.5121,27.451196289062523,0.020143429,0.046966553,11.701633045963405,26.138696289062523,0.019441525,0.035583496,1.432960755510276,24.107446289062523,0.018670956,0.13012695,2.2002137838875933,0,0,1
2020-06-21 20:00:00,1298.8818,27.152459716796898,0.020326428,0.03842163,11.282582212284256,25.808709716796898,0.019059949,0.03186035,1.3793870091055962,23.808709716796898,0.018388562,0.089904785,2.0695227375481875,0,0,1
2020-06-21 21:00:00,1305.3179,26.919763183593773,0.020311056,0.043930054,10.31327454033804,25.451013183593773,0.01875466,0.029884338,1.6069550388125788,23.591638183593773,0.018083273,0.06893921,1.7351016280342009,0,0,1
2020-06-21 22:00:00,1259.3089,26.727990722656276,0.020188944,0.047851562,9.383799142156231,25.056115722656276,0.018563883,0.030319214,1.9985905866767135,23.352990722656276,0.017831462,0.056884766,1.665870522444478,0,0,1
2020-06-21 23:00:00,1144.4527,26.6386657714844,0.020066796,0.05444336,8.5482300783574,24.7011657714844,0.018403588,0.026535034,2.2667285267953066,23.0761657714844,0.017602501,0.04663086,1.9409334683933008,0,0,1
2020-06-22 00:00:00,1072.8109,26.570825195312523,0.019975182,0.059020996,7.694489664923418,24.430200195312523,0.018258568,0.027008057,2.5133408036319134,22.773950195312523,0.017373558,0.039611816,2.2929693842664425,0,0,1
2020-06-22 01:00:00,1027.8547,26.5270935058594,0.019906476,0.07028198,7.037728290005785,24.1989685058594,0.01808305,0.03213501,2.846842602944308,22.4958435058594,0.017129377,0.04118347,2.467880403942573,0,0,1
2020-06-22 02:00:00,978.3978,26.486840820312523,0.019860677,0.0869751,6.693912715697265,24.033715820312523,0.017899923,0.035507202,3.1926989040681497,22.252465820312523,0.016854696,0.041610718,2.4915480794935463,0,0,1
2020-06-22 03:00:00,949.9401,26.4645935058594,0.019814821,0.10513306,6.3506559348556655,23.8864685058594,0.017701479,0.032043457,3.3909048304250957,22.0270935058594,0.016572328,0.042037964,2.4784454985092594,0,0,1
2020-06-22 04:00:00,936.2562,26.449151611328148,0.019761346,0.11795044,6.112516148083659,23.761651611328148,0.017518304,0.028831482,3.4873574627696797,21.855401611328148,0.016297601,0.04118347,2.459882193861465,0,0,1
2020-06-22 05:00:00,950.4846,26.4392028808594,0.01971552,0.12033081,5.9795099866528325,23.6579528808594,0.017373296,0.024681091,3.554618300215002,21.7360778808594,0.01605341,0.037765503,2.4177813164902875,0,0,1
2020-06-22 06:00:00,945.9379,26.665246582031276,0.019974876,0.119903564,5.735052057776609,24.055871582031276,0.01766317,0.020965576,3.855188794392744,21.743371582031276,0.015946556,0.03491211,2.358202922796393,0,0,1
2020-06-22 07:00:00,1061.8597,27.465051269531276,0.020066353,0.12658691,7.557449450082465,25.308801269531276,0.018250557,0.017791748,5.838329911306767,22.480676269531276,0.016297432,0.033569336,2.350617553853314,0,0,1
2020-06-22 08:00:00,1190.8001,27.965417480468773,0.019989973,0.13519287,7.883668934598999,26.777917480468773,0.018486982,0.016593933,6.012727608605606,23.902917480468773,0.016640669,0.028373718,2.0720254455075477,0,0,1
2020-06-22 09:00:00,1262.9215000000002,28.419519042968773,0.019974655,0.13665771,7.198604901575839,28.357019042968773,0.018471664,0.02141571,6.282462205207708,25.966394042968773,0.016518539,0.025672913,1.5389914466218677,0,0,1
2020-06-22 10:00:00,1325.9263,28.851708984375023,0.019959355,0.12768555,6.227801930976891,29.617333984375023,0.01863947,0.0521698,6.237930472585483,27.523583984375023,0.016587162,0.035095215,0.684459457672958,0,0,1
2020-06-22 11:00:00,1352.0642,29.208398437500023,0.019959325,0.11416626,5.314762590476403,30.302148437500023,0.018959874,0.09176636,6.128119357124466,28.520898437500023,0.01699149,0.062469482,0.3117979149931307,0,0,1
2020-06-22 12:00:00,1374.9122,29.537072753906276,0.019936414,0.107177734,5.068541012370285,30.708947753906276,0.019455763,0.12792969,5.76664958502972,29.177697753906276,0.017067762,0.09118652,0.9394894757445204,0,0,1
2020-06-22 13:00:00,1363.8667,29.771752929687523,0.01986011,0.0975647,5.619441467441925,30.896752929687523,0.019738039,0.14257812,5.508577718618088,29.349877929687523,0.017365297,0.13482666,1.628254955911496,0,0,1
2020-06-22 14:00:00,1359.3101,29.907006835937523,0.019760933,0.09237671,6.332322826414465,30.938256835937523,0.019776192,0.15209961,5.352725520151355,29.110131835937523,0.01776966,0.1673584,2.23821850434079,0,0,1
2020-06-22 15:00:00,1320.4162,29.938073730468773,0.019631255,0.07659912,6.868153379039573,30.438073730468773,0.01995932,0.14422607,4.489853845694154,28.344323730468773,0.01830374,0.18060303,2.6094932300942486,0,0,1
2020-06-22 16:00:00,1262.8703,29.864678955078148,0.01958552,0.057235718,7.130144490601024,29.880303955078148,0.020539194,0.13555908,3.140954312951396,27.458428955078148,0.018853098,0.17541504,2.842937034687908,0,0,1
2020-06-22 17:00:00,1146.2561,29.571008300781276,0.019928886,0.041519165,6.797130913487715,29.102258300781276,0.020615531,0.1317749,2.543621652350401,26.446008300781276,0.01923461,0.18353271,3.232381919775248,0,0,1
2020-06-22 18:00:00,1179.8164,28.920556640625023,0.020890215,0.038513184,5.33214277012498,27.983056640625023,0.020928362,0.10733032,0.9715808705445562,25.498681640625023,0.019371966,0.18579102,3.802232141935765,0,0,1
2020-06-22 19:00:00,1276.4345,28.466210937500023,0.02107336,0.04814148,5.305036771396973,27.731835937500023,0.020226497,0.10354614,1.4368824975945191,24.825585937500023,0.019494075,0.17816162,3.953199553860959,0,0,1
2020-06-22 20:00:00,1273.0326,28.1655212402344,0.021065809,0.0670166,5.805253957471817,27.4936462402344,0.020005323,0.107421875,2.6290943476367743,24.5092712402344,0.019364454,0.17102051,3.944659519659929,0,0,1
2020-06-22 21:00:00,1278.9725,27.924005126953148,0.021065932,0.07531738,6.447168376273532,27.111505126953148,0.020051222,0.11260986,3.6251253014317055,24.299005126953148,0.019273024,0.16430664,3.8466048715234806,0,0,1
2020-06-22 22:00:00,1232.4834,27.716119384765648,0.021043165,0.0796814,7.302165548938311,26.700494384765648,0.020120008,0.10733032,3.915462534975015,24.169244384765648,0.019166334,0.16223145,3.674134467827355,0,0,1
2020-06-22 23:00:00,1142.2647000000002,27.532403564453148,0.020966917,0.0814209,8.170915307608526,26.391778564453148,0.020127684,0.11126709,4.013162162548097,24.079278564453148,0.019105345,0.17224121,3.428333556404409,0,0,1
2020-06-23 00:00:00,1114.9465,27.3530212402344,0.020860156,0.08068848,8.823923208447262,26.1342712402344,0.020081958,0.12057495,4.073335368431153,24.0405212402344,0.019067248,0.17181396,3.4800526873118853,0,0,1
2020-06-23 01:00:00,1078.3874,27.231408691406276,0.020753395,0.07922363,9.564508994501924,25.934533691406276,0.020036232,0.10510254,4.0561844336995785,23.981408691406276,0.019036781,0.17425537,3.698103091130064,0,0,1
2020-06-23 02:00:00,1046.7504,27.135064697265648,0.020654231,0.074035645,10.646106620809348,25.760064697265648,0.019937068,0.0776062,4.017469028146995,23.994439697265648,0.019059688,0.18182373,3.78545401426516,0,0,1
2020-06-23 03:00:00,1021.6518,27.074731445312523,0.02058561,0.06442261,11.906577451513376,25.605981445312523,0.019860817,0.063934326,4.00835850258986,24.027856445312523,0.019105507,0.17272949,3.814494842441806,0,0,1
2020-06-23 04:00:00,1011.8681,27.026483154296898,0.020532187,0.059661865,11.976793260833391,25.604608154296898,0.019799765,0.061584473,3.592339507243112,24.042108154296898,0.019143637,0.16271973,3.735712206854785,0,0,1
2020-06-23 05:00:00,1011.3234,26.980645751953148,0.020493992,0.06274414,10.810343938644014,25.871270751953148,0.019731052,0.05882263,2.522459253184324,24.058770751953148,0.019143589,0.15356445,3.487194761639078,0,0,1
2020-06-23 06:00:00,993.608,27.0698181152344,0.020570233,0.06655884,9.502478145824131,26.0854431152344,0.019845441,0.057022095,1.3175312584674137,24.0698181152344,0.019120649,0.1449585,3.071447893411433,0,0,1
2020-06-23 07:00:00,1099.3965,27.709344482421898,0.020829577,0.06829834,10.15193956381482,26.834344482421898,0.020638842,0.057876587,1.3326938240907713,24.506219482421898,0.019441027,0.13195801,2.8995447541407704,0,0,1
2020-06-23 08:00:00,1189.772,28.237878417968773,0.02069981,0.06594849,11.516647695110796,27.831628417968773,0.02108891,0.06466675,2.093753926287713,25.003503417968773,0.019753765,0.1281128,2.844675903497824,0,0,1
2020-06-23 09:00:00,1242.2773,28.605737304687523,0.020783704,0.057113647,11.616866149357152,28.527612304687523,0.020409863,0.059448242,2.4727174116769297,25.590112304687523,0.019974988,0.13031006,2.9135267600772785,0,0,1
2020-06-23 10:00:00,1273.2247,28.949822998046898,0.020905778,0.042999268,11.73607250954163,28.996697998046898,0.019837663,0.047698975,2.6823786780802648,26.168572998046898,0.019639298,0.13702393,2.979653704831169,0,0,1
2020-06-23 11:00:00,1288.7563,29.288354492187523,0.021058317,0.038269043,11.924929521460362,29.538354492187523,0.019845244,0.049728394,2.7230980876637263,26.835229492187523,0.019181486,0.16101074,3.0010764527260565,0,0,1
2020-06-23 12:00:00,1307.3161,29.542413330078148,0.021020075,0.055725098,10.882627267021055,29.933038330078148,0.019852778,0.063934326,1.837304167140669,27.214288330078148,0.018983027,0.17114258,2.8838174398842957,0,0,1
2020-06-23 13:00:00,1314.5816,29.720056152343773,0.02089793,0.06945801,9.207258106361428,29.923181152343773,0.019860333,0.08734131,1.665579404797321,27.376306152343773,0.018914288,0.17858887,2.8386977957154547,0,0,1
2020-06-23 14:00:00,1255.3198,29.7631774902344,0.020844473,0.07357788,8.224635065673187,29.7475524902344,0.01987554,0.10345459,2.531030950604956,27.1538024902344,0.018891348,0.16516113,3.384298789732853,0,0,1
2020-06-23 15:00:00,1189.3427,29.740869140625023,0.020676592,0.07235718,7.278985888094717,29.365869140625023,0.019967059,0.10217285,2.677217975797881,26.615869140625023,0.019211749,0.15002441,3.749724324583872,0,0,1
2020-06-23 16:00:00,1138.9366,29.596887207031276,0.020424796,0.068237305,6.248867432783711,29.018762207031276,0.02075286,0.09152222,1.8390832386127731,25.971887207031276,0.019593192,0.14654541,3.452709904228057,0,0,1
2020-06-23 17:00:00,1079.6843,29.232019042968773,0.020600239,0.06399536,5.284320605881807,28.278894042968773,0.02020351,0.092681885,2.1931803623972663,25.419519042968773,0.019890705,0.14324951,3.0594413477373203,0,0,1
2020-06-23 18:00:00,1119.9391,28.674249267578148,0.021248698,0.062210083,4.298443929652873,27.674249267578148,0.019783854,0.058929443,3.423619186893935,25.033624267578148,0.020005107,0.12475586,2.7916839384616976,0,0,1
2020-06-23 19:00:00,1155.3302,28.232934570312523,0.021111323,0.06086731,5.149556046396193,26.873559570312523,0.019715143,0.050750732,4.443425613345569,24.748559570312523,0.019707514,0.09841919,2.9222160442232195,0,0,1
2020-06-23 20:00:00,1125.1268,27.893914794921898,0.020996843,0.056488037,6.8039719986112335,26.175164794921898,0.019936357,0.058441162,4.693423893517214,24.503289794921898,0.019470964,0.07998657,3.409684144994655,0,0,1
2020-06-23 21:00:00,1114.4679,27.585809326171898,0.020928143,0.058639526,7.864882154703467,25.898309326171898,0.019890545,0.057159424,4.548644266306992,24.257684326171898,0.019242046,0.08343506,3.624699097345208,0,0,1
2020-06-23 22:00:00,1088.2161,27.321252441406276,0.020882336,0.06863403,8.057323181314285,25.743127441406276,0.019844739,0.0566864,4.423223171074502,24.055627441406276,0.019051282,0.087371826,3.6381137054902406,0,0,1
2020-06-23 23:00:00,1036.5686,27.125329589843773,0.020752622,0.07678223,7.956045795705876,25.609704589843773,0.019798947,0.06451416,4.363002168887865,23.875329589843773,0.01887579,0.091674805,3.699559564409197,0,0,1
2020-06-24 00:00:00,1000.9335999999998,26.931176757812523,0.020569514,0.080596924,7.529950087180504,25.509301757812523,0.01973791,0.07333374,4.322574596919648,23.681176757812523,0.018700313,0.093688965,3.7628042890112057,0,0,1
2020-06-24 01:00:00,965.272,26.752343750000023,0.020371167,0.08004761,7.160462973560267,25.377343750000023,0.019676892,0.08416748,4.283393590530493,23.471093750000023,0.018524854,0.09289551,3.727516115641152,0,0,1
2020-06-24 02:00:00,934.6908999999998,26.626031494140648,0.020180468,0.08190918,7.046222047856928,25.251031494140648,0.019600634,0.095458984,4.082844306830666,23.266656494140648,0.018326525,0.0854187,3.646127509464953,0,0,1
2020-06-24 03:00:00,921.6869,26.5129333496094,0.0200203,0.08358765,6.977211533928477,25.1535583496094,0.019493872,0.100372314,3.9071150360551536,23.0754333496094,0.018151099,0.08105469,3.5008992865425537,0,0,1
2020-06-24 04:00:00,907.6659,26.439843750000023,0.019898305,0.08190918,6.818877330678584,25.064843750000023,0.019364247,0.10369873,3.577537661660086,22.924218750000023,0.017968068,0.071014404,3.306360855119009,0,0,1
2020-06-24 05:00:00,928.0271,26.418359375000023,0.019814488,0.087005615,6.612696244152732,24.980859375000023,0.019196507,0.10873413,3.2924560147695057,22.777734375000023,0.017731663,0.073150635,3.1074572882321743,0,0,1
2020-06-24 06:00:00,923.5816,26.550317382812523,0.01992903,0.08969116,6.246032215266189,25.128442382812523,0.019280532,0.10684204,3.2717692142207158,22.769067382812523,0.01755629,0.0831604,2.842177890050411,0,0,1
2020-06-24 07:00:00,1026.3666,27.236596679687523,0.020302955,0.09793091,6.734263883944091,26.064721679687523,0.019959632,0.10290527,4.84894593376216,23.299096679687523,0.017861549,0.10168457,2.537354699094818,0,0,1
2020-06-24 08:00:00,1120.3085,27.796655273437523,0.020005453,0.10784912,8.227098089536401,26.656030273437523,0.020127524,0.09136963,6.060784046328131,24.124780273437523,0.018197287,0.12750244,2.115465815766301,0,0,1
2020-06-24 09:00:00,1197.478,28.180078125000023,0.019860521,0.11114502,8.326563920221192,27.398828125000023,0.019929186,0.07940674,6.892617721465499,25.289453125000023,0.017930284,0.13360596,1.653638635895052,0,0,1
2020-06-24 10:00:00,1234.813,28.5678649902344,0.019723266,0.1076355,8.04075163331223,28.2241149902344,0.019234985,0.06976318,7.3361057445014275,26.2241149902344,0.017396301,0.12530518,1.0673369251379812,0,0,1
2020-06-24 11:00:00,1284.8131,28.873498535156276,0.019555297,0.09790039,7.02918778352066,28.951623535156276,0.018708434,0.060943604,7.593486323547205,26.842248535156276,0.017197814,0.10211182,0.6960808145881744,0,0,1
2020-06-24 12:00:00,1292.7158000000002,29.163232421875023,0.01934154,0.08895874,6.06196135969442,29.522607421875023,0.018609118,0.0605011,7.611380087871123,27.288232421875023,0.017418932,0.0909729,0.7101532926592294,0,0,1
2020-06-24 13:00:00,1308.8176,29.401818847656276,0.019097311,0.07611084,4.953324588641273,29.776818847656276,0.018769247,0.06227112,7.336184085686981,27.573693847656276,0.017426474,0.10479736,0.9338840579120944,0,0,1
2020-06-24 14:00:00,1303.5680000000002,29.556298828125023,0.018891271,0.064941406,3.749868115967013,29.806298828125023,0.019074377,0.060531616,6.891690815610756,27.618798828125023,0.017441686,0.12579346,1.077252582346879,0,0,1
2020-06-24 15:00:00,1289.8674,29.6364685058594,0.018662361,0.051223755,2.3671632791923005,29.5427185058594,0.019394783,0.05935669,6.12568325046555,27.4489685058594,0.017487435,0.14251709,1.272524945983238,0,0,1
2020-06-24 16:00:00,1211.3736,29.659204101562523,0.01850212,0.04144287,2.2875540680045554,29.096704101562523,0.019959334,0.049560547,4.761621246966904,26.940454101562523,0.017784957,0.1352539,1.55620558801728,0,0,1
2020-06-24 17:00:00,1126.9673,29.5046325683594,0.01871571,0.033050537,3.506674360410665,28.4265075683594,0.020005077,0.04017639,4.32174031012583,26.1296325683594,0.018441051,0.13397217,1.767427257190214,0,0,1
2020-06-24 18:00:00,1153.2611,28.8569274902344,0.019905843,0.028244019,4.35013705070591,27.1694274902344,0.020233907,0.036117554,2.777435950185387,25.1850524902344,0.01918868,0.12817383,1.743011644383599,0,0,1
2020-06-24 19:00:00,1235.8434,28.297448730468773,0.02038646,0.028259277,5.407292115425744,26.484948730468773,0.01962352,0.03463745,2.481029517997971,24.563073730468773,0.018593552,0.11135864,2.1783224642987613,0,0,1
2020-06-24 20:00:00,1233.2471,27.935876464843773,0.020439863,0.031936646,6.829876358678033,26.123376464843773,0.01935649,0.03579712,2.379646259834682,24.060876464843773,0.018509626,0.09500122,2.3763530029415314,0,0,1
2020-06-24 21:00:00,1221.2048,27.619714355468773,0.020569572,0.033432007,7.958078274725636,25.838464355468773,0.019242058,0.03375244,2.115389040208737,23.744714355468773,0.018395195,0.08648682,2.380753599075021,0,0,1
2020-06-24 22:00:00,1195.659,27.370904541015648,0.020714527,0.030937195,8.917272450436975,25.589654541015648,0.019150501,0.032577515,1.755795791374296,23.558404541015648,0.01828838,0.08465576,2.4555387034876,0,0,1
2020-06-24 23:00:00,1130.5567,27.197961425781276,0.020844227,0.028251648,9.648737371194034,25.369836425781276,0.019089466,0.0357666,1.4913845861988682,23.385461425781276,0.01815868,0.09094238,2.616806796952403,0,0,1
2020-06-25 00:00:00,1102.6192,27.067834472656276,0.020920537,0.029930115,10.21231515966924,25.161584472656276,0.019074224,0.04966736,1.803581584594276,23.224084472656276,0.018013738,0.10205078,2.7842877461026787,0,0,1
2020-06-25 01:00:00,1060.0075000000002,26.959497070312523,0.020859541,0.038894653,10.756264824333371,24.990747070312523,0.019013228,0.05949402,2.446189205484384,23.084497070312523,0.017876448,0.12063599,2.878471641913707,0,0,1
2020-06-25 02:00:00,1024.9112,26.837731933593773,0.020768033,0.045272827,11.257609852986148,24.822106933593773,0.01892935,0.072387695,2.8876966087485467,22.962731933593773,0.017739164,0.12786865,2.7908779153559604,0,0,1
2020-06-25 03:00:00,1003.7967,26.757501220703148,0.020646023,0.04484558,11.804328577125354,24.710626220703148,0.018860744,0.070892334,2.9825876222131478,22.866876220703148,0.017609524,0.13891602,2.679233945493232,0,0,1
2020-06-25 04:00:00,991.5962,26.681695556640648,0.020478247,0.04270935,11.95010997131056,24.619195556640648,0.01879215,0.072052,2.853521249753825,22.837945556640648,0.017479895,0.1453247,2.51690975766732,0,0,1
2020-06-25 05:00:00,977.4811,26.6232849121094,0.020318063,0.042434692,11.932019855806288,24.5764099121094,0.01872352,0.07336426,2.679826665439832,22.8889099121094,0.017388375,0.14990234,2.259987921302723,0,0,1
2020-06-25 06:00:00,972.0262,26.743432617187523,0.020310484,0.043014526,12.544287973679555,24.837182617187523,0.018952452,0.07180786,2.4885152182777657,22.993432617187523,0.017396055,0.15460205,1.9091995370911063,0,0,1
2020-06-25 07:00:00,1072.0182,27.324151611328148,0.020417398,0.046279907,15.928550824989616,26.167901611328148,0.01987571,0.06738281,4.101778349510066,23.621026611328148,0.017808145,0.16882324,1.678213545525077,0,0,1
2020-06-25 08:00:00,1193.0333,27.817895507812523,0.020287866,0.048477173,19.6279173025127,27.302270507812523,0.01984536,0.07305908,6.01925873789989,24.708520507812523,0.018189782,0.17279053,1.6261395676844654,0,0,1
2020-06-25 09:00:00,1256.3163,28.296166992187523,0.020150619,0.04550171,21.273816975246568,28.514916992187523,0.019738631,0.08401489,6.930119992493028,26.124291992187523,0.018174605,0.1730957,1.382458975909294,0,0,1
2020-06-25 10:00:00,1304.6387,28.740350341796898,0.020120107,0.042053223,20.37924817316664,29.521600341796898,0.019654714,0.11453247,6.414368849023514,27.084100341796898,0.018327199,0.19714355,0.8060246596255692,0,0,1
2020-06-25 11:00:00,1335.3534,29.156701660156276,0.020089649,0.048294067,18.061469975970148,29.969201660156276,0.019494556,0.17834473,5.549111434326337,27.703576660156276,0.017953418,0.20263672,0.4688217260797769,0,0,1
2020-06-25 12:00:00,1352.9087,29.4516540527344,0.020066777,0.05619812,15.937331283573888,30.0922790527344,0.019372502,0.24121094,4.917927441775733,28.1235290527344,0.017838994,0.22314453,1.2131057548470408,0,0,1
2020-06-25 13:00:00,1370.0153,29.605432128906276,0.020066768,0.050704956,14.939433233701948,30.121057128906276,0.019349605,0.24975586,4.608539872372704,28.339807128906276,0.01776269,0.25024414,1.744268008169364,0,0,1
2020-06-25 14:00:00,1343.351,29.597680664062523,0.020020982,0.0393219,14.682630592413652,30.035180664062523,0.01941826,0.23919678,4.53828823084466,28.238305664062523,0.017724534,0.26635742,2.024300359025337,0,0,1
2020-06-25 15:00:00,1298.211,29.438409423828148,0.019975167,0.030059814,14.057408453263175,29.907159423828148,0.01954792,0.23413086,4.077547608640814,27.829034423828148,0.01778553,0.2623291,2.158022617990508,0,0,1
2020-06-25 16:00:00,1217.9484,29.169305419921898,0.020020915,0.025398254,14.028369763933462,29.513055419921898,0.019738628,0.19854736,2.973663537980117,27.153680419921898,0.018029643,0.24017334,2.132554677953216,0,0,1
2020-06-25 17:00:00,1142.2448000000002,28.688623046875023,0.020371843,0.02407074,13.81183249677411,28.751123046875023,0.019708086,0.16168213,2.862959369297833,26.282373046875023,0.018563677,0.22717285,2.105474359791489,0,0,1
2020-06-25 18:00:00,1169.9334,28.002282714843773,0.020577775,0.02393341,13.061414159881656,27.361657714843773,0.020158159,0.12365723,1.7848192694073068,25.299157714843773,0.018769609,0.23260498,2.337393791927379,0,0,1
2020-06-25 19:00:00,1276.8695,27.558251953125023,0.020516684,0.02331543,13.141610339005114,26.558251953125023,0.019898703,0.09811401,1.8664224540099648,24.480126953125023,0.018731406,0.21063232,2.2312180717171346,0,0,1
2020-06-25 20:00:00,1279.2819,27.305139160156276,0.020455558,0.024116516,13.207735707975772,26.148889160156276,0.019700248,0.08102417,2.191877563710015,24.008264160156276,0.018555839,0.19927979,2.177908229029428,0,0,1
2020-06-25 21:00:00,1260.8193,27.156304931640648,0.020402057,0.027320862,13.583286786770008,25.796929931640648,0.019524677,0.06976318,2.614863229387828,23.718804931640648,0.018433673,0.18743896,2.2470686891393257,0,0,1
2020-06-25 22:00:00,1226.9634,27.055718994140648,0.020348629,0.028793335,14.38424144602485,25.555718994140648,0.019394955,0.069366455,3.038830783512428,23.586968994140648,0.018364986,0.17944336,2.4181358533562936,0,0,1
2020-06-25 23:00:00,1184.3443,26.9560485839844,0.02032574,0.03250122,14.97207239029241,25.3154235839844,0.019234737,0.067352295,3.1932453032951607,23.4560485839844,0.018250545,0.17626953,2.705799074025602,0,0,1
2020-06-26 00:00:00,1106.9260000000002,26.8615661621094,0.020318108,0.038711548,14.99160858420118,25.1271911621094,0.019089775,0.07385254,3.157132792379738,23.3459411621094,0.018120842,0.1796875,2.814342764835653,0,0,1
2020-06-26 01:00:00,1068.2532,26.784082031250023,0.020272333,0.046676636,14.937148014534284,24.971582031250023,0.018975336,0.08639526,3.19637794545871,23.221582031250023,0.017991144,0.17926025,2.7327771977913886,0,0,1
2020-06-26 02:00:00,1040.012,26.753137207031276,0.020203704,0.054641724,15.810859675912829,24.862512207031276,0.018921966,0.09869385,3.4005629045467667,23.143762207031276,0.017876739,0.19055176,2.787737116970932,0,0,1
2020-06-26 03:00:00,1016.4073,26.723809814453148,0.020173175,0.061767578,17.046578654118107,24.801934814453148,0.018876178,0.108184814,3.604948386088701,23.098809814453148,0.017800434,0.20428467,2.955559822149551,0,0,1
2020-06-26 04:00:00,1000.7215,26.713769531250023,0.020127414,0.07183838,17.277416646494423,24.791894531250023,0.018838046,0.10839844,3.4351885219964107,23.073144531250023,0.017754672,0.21002197,3.053944262065271,0,0,1
2020-06-26 05:00:00,997.9285,26.705621337890648,0.020142697,0.07128906,17.673032538349567,24.861871337890648,0.018784665,0.11352539,3.099298862415194,23.064996337890648,0.017739438,0.21838379,3.034247882667212,0,0,1
2020-06-26 06:00:00,998.403,26.796594238281276,0.020264767,0.070251465,18.499933620024493,25.140344238281276,0.0189754,0.11846924,2.6192724576196484,23.124719238281276,0.017800473,0.23297119,2.939239905446856,0,0,1
2020-06-26 07:00:00,1063.6293999999998,27.277551269531276,0.02044792,0.07165527,20.278819823827657,26.043176269531276,0.019768903,0.12683105,2.9663287759730084,23.558801269531276,0.01816673,0.22607422,2.918429609925866,0,0,1
2020-06-26 08:00:00,1145.151,27.841455078125023,0.020341277,0.101989746,18.90996550364704,26.919580078125023,0.020066619,0.1251831,3.8567626043623,24.153955078125023,0.018601775,0.22607422,3.113680420369578,0,0,1
2020-06-26 09:00:00,1173.6152,28.497857666015648,0.02025735,0.15057373,16.308289798814265,27.482232666015648,0.019936915,0.12646484,5.296281186467343,24.935357666015648,0.01887643,0.23443604,2.7755199770008345,0,0,1
2020-06-26 10:00:00,1191.1005,28.736962890625023,0.020028459,0.15246582,14.087004528793136,27.861962890625023,0.019860612,0.09991455,5.991981116449728,25.611962890625023,0.01862465,0.24578857,1.5514943456519086,0,0,1
2020-06-26 11:00:00,1192.4966,28.873803710937523,0.019974945,0.13757324,13.18253948909662,28.201928710937523,0.01978421,0.09265137,5.451294841411355,25.983178710937523,0.018235443,0.237854,0.7791744944915322,0,0,1
2020-06-26 12:00:00,1208.1201,28.863702392578148,0.019837638,0.11141968,11.814610232826697,28.473077392578148,0.019677421,0.10784912,5.648993231949118,26.129327392578148,0.018143913,0.21618652,1.0512933973410743,0,0,1
2020-06-26 13:00:00,1225.1657,28.7819763183594,0.019570544,0.10183716,8.835989643621009,28.6413513183594,0.019555286,0.12719727,6.216295328717143,26.0944763183594,0.018296435,0.19586182,1.3160513977460755,0,0,1
2020-06-26 14:00:00,1220.4969,28.718103027343773,0.019242411,0.117004395,5.991976217551203,28.624353027343773,0.019616252,0.114349365,6.485374358231471,25.999353027343773,0.018334514,0.18017578,1.4495176639395129,0,0,1
2020-06-26 15:00:00,1183.0068,28.605249023437523,0.019059401,0.13165283,4.695788576487662,28.417749023437523,0.019845229,0.11090088,6.31946673304315,25.792749023437523,0.018479567,0.17779541,1.6034478715714695,0,0,1
2020-06-26 16:00:00,1093.5472,28.444696044921898,0.019082265,0.13348389,5.504968098644156,27.944696044921898,0.02003594,0.11581421,5.650667573093151,25.413446044921898,0.018601613,0.1716919,1.992103592844668,0,0,1
2020-06-26 17:00:00,1055.9591,28.145898437500023,0.019524792,0.11279297,6.595195608180887,27.255273437500023,0.020119885,0.104156494,4.648901643549157,24.864648437500023,0.018647412,0.16271973,2.3507160577073134,0,0,1
2020-06-26 18:00:00,1077.9756,27.677392578125023,0.020188672,0.08444214,7.01040594484625,26.380517578125023,0.020135267,0.09524536,2.6672726796900696,24.286767578125023,0.018639905,0.15301514,2.3988346548881414,0,0,1
2020-06-26 19:00:00,1127.2491,27.401391601562523,0.020242225,0.06829834,8.139691570165413,25.932641601562523,0.019891273,0.09265137,2.116812175970676,23.885766601562523,0.018502723,0.15093994,2.4312457293004672,0,0,1
2020-06-26 20:00:00,1128.5592,27.246545410156276,0.020303302,0.055511475,9.289304477372882,25.715295410156276,0.019746356,0.12155151,1.9907731005612093,23.746545410156276,0.018380694,0.1508789,2.4446579458699937,0,0,1
2020-06-26 21:00:00,1112.7487999999998,27.099572753906276,0.020394936,0.053848267,9.837504017306795,25.552697753906276,0.019631997,0.15386963,2.0944590424125336,23.693322753906276,0.01831974,0.15631104,2.515813834169663,0,0,1
2020-06-26 22:00:00,1081.568,26.971154785156276,0.020448437,0.057250977,10.26246406279392,25.393029785156276,0.01951765,0.14453125,2.3963691187519727,23.658654785156276,0.018327465,0.15325928,2.800716924846447,0,0,1
2020-06-26 23:00:00,1041.624,26.867486572265648,0.020463798,0.06417847,10.326566622573509,25.258111572265648,0.019403312,0.108062744,2.7208708915824893,23.601861572265648,0.018358085,0.152771,3.138131534802855,0,0,1
2020-06-27 00:00:00,1013.5683,26.750329589843773,0.020441001,0.063964844,10.19834579068856,25.125329589843773,0.019281333,0.10018921,2.7857505868286183,23.562829589843773,0.018403953,0.16259766,3.286878007712242,0,0,1
