datetime,nat_demand,T2M_toc,QV2M_toc,TQL_toc,W2M_toc,T2M_san,QV2M_san,TQL_san,W2M_san,T2M_dav,QV2M_dav,TQL_dav,W2M_dav,Holiday_ID,holiday,school
2020-01-01 00:00:00,1032.263,25.809259033203148,0.01804159,0.032806396,14.849624629044843,23.301446533203148,0.01703451,0.021865845,4.55908335432099,22.598321533203148,0.016195277,0.0680542,3.737707735750537,1,1,0
2020-01-01 01:00:00,1017.5806,25.650842285156276,0.018064952,0.05317688,15.933757315598315,23.041467285156276,0.016935801,0.023796082,4.84641243297132,22.471154785156276,0.016104197,0.08010864,3.591758975253757,1,1,0
2020-01-01 02:00:00,1000.2797,25.501489257812523,0.01811875,0.069000244,16.80681806904439,22.806176757812523,0.016821753,0.024909973,5.20460764612685,22.368676757812523,0.016013037,0.09475708,3.704176849477108,1,1,0
2020-01-01 03:00:00,987.2383,25.430993652343773,0.018142119,0.08001709,17.460632495238798,22.657556152343773,0.01674594,0.02520752,5.6280761547182445,22.282556152343773,0.015937224,0.10708618,3.936591561290346,1,1,0
2020-01-01 04:00:00,970.3667,25.360131835937523,0.018203776,0.08413696,16.632111626188543,22.539819335937523,0.01664738,0.022789001,5.72982058738518,22.203881835937523,0.015861552,0.11380005,4.088642779547702,1,1,0
2020-01-01 05:00:00,957.6767,25.316430664062523,0.018272119,0.08306885,15.16613976426174,22.417993164062523,0.016547875,0.01625824,5.705475415974557,22.144555664062523,0.015800195,0.11462402,4.131024119886406,1,1,0
2020-01-01 06:00:00,922.3729,25.353662109375023,0.018287243,0.08010864,14.490964444684463,22.447412109375023,0.016486706,0.013000488,5.860416118442345,22.127099609375023,0.015784802,0.10736084,4.0907422217234695,1,1,0
2020-01-01 07:00:00,924.4692,26.073602294921898,0.018569738,0.079956055,16.127367848268946,23.831414794921898,0.016921788,0.015655518,8.454857756028934,22.417352294921898,0.015922338,0.09579468,4.056486466719863,1,1,0
2020-01-01 08:00:00,954.3947,26.938073730468773,0.01849305,0.1027832,20.17907623747558,25.461511230468773,0.017341012,0.01687622,9.81647616742908,23.172448730468773,0.015937204,0.07879639,4.277816667724024,1,1,0
2020-01-01 09:00:00,986.0648,27.672021484375023,0.01840099,0.10592651,22.823426669359723,26.953271484375023,0.017470203,0.014186859,11.69646905290926,24.250146484375023,0.015829884,0.050323486,4.394932716036869,1,1,0
2020-01-01 10:00:00,989.1948,28.3290954589844,0.018401042,0.113586426,24.01665761798774,28.0634704589844,0.017561808,0.012226105,12.49029476749473,25.4384704589844,0.01565446,0.030548096,4.558983893872876,1,1,0
2020-01-01 11:00:00,1005.6986,28.846826171875023,0.018484617,0.12756348,24.472999698308307,28.706201171875023,0.017584348,0.013698578,12.599917602269644,26.393701171875023,0.015375638,0.019577026,4.569095052690948,1,1,0
2020-01-01 12:00:00,1006.6785,29.236260986328148,0.018522074,0.1338501,24.39700891891162,29.064385986328148,0.017728617,0.019599915,12.385637684168945,27.080010986328148,0.015237621,0.013484955,4.104061180863357,1,1,0
2020-01-01 13:00:00,999.7711,29.409112548828148,0.018483391,0.13665771,23.905088781540226,29.205987548828148,0.017850151,0.029510498,11.502516840968232,27.424737548828148,0.015431633,0.011390686,2.9209365937123515,1,1,0
2020-01-01 14:00:00,1000.8847,29.3684020996094,0.01836084,0.12976074,23.34670420877665,29.1340270996094,0.017910706,0.044647217,9.79044313575405,27.4309020996094,0.015812622,0.01134491,1.519032769900068,1,1,0
2020-01-01 15:00:00,1002.8859,29.124627685546898,0.01816197,0.11172485,22.518586683356048,28.796502685546898,0.018062787,0.080078125,8.085378037710749,27.155877685546898,0.015995221,0.025924683,0.4994622321799974,1,1,0
2020-01-01 16:00:00,993.8271,28.711785888671898,0.017955508,0.07833862,21.36330156334745,28.180535888671898,0.018352237,0.10501099,6.923084222643012,26.493035888671898,0.016025271,0.038513184,0.4155213753868935,1,1,0
2020-01-01 17:00:00,988.1441,27.937951660156276,0.017970355,0.043563843,19.142194921267745,26.984826660156276,0.018748553,0.12161255,5.404969598929901,25.531701660156276,0.01639107,0.048858643,0.911572924722062,1,1,0
2020-01-01 18:00:00,1086.8084,26.919213867187523,0.018229205,0.018157959,15.599730973491578,25.762963867187523,0.01855727,0.13305664,4.387417073566531,24.450463867187523,0.01677962,0.06512451,1.0512200998324654,1,1,0
2020-01-01 19:00:00,1126.1699,26.467004394531276,0.018175213,0.009460449,14.513568785589676,25.271691894531276,0.018289654,0.13720703,4.659473717486138,23.779504394531276,0.016870586,0.06417847,1.061667636878879,1,1,0
2020-01-01 20:00:00,1130.5479,26.226098632812523,0.018006902,0.0070438385,13.852067081149093,24.882348632812523,0.01803742,0.12963867,4.933951266783735,23.421411132812523,0.016732793,0.057174683,1.5790804389857165,1,1,0
2020-01-01 21:00:00,1123.8589000000002,26.060113525390648,0.017869193,0.007347107,13.508202921673028,24.497613525390648,0.017808158,0.11315918,4.84299802394388,23.161676025390648,0.016541678,0.05203247,2.143748015911641,1,1,0
2020-01-01 22:00:00,1072.263,25.936425781250023,0.017739177,0.009471893,13.791126084965152,24.186425781250023,0.017617106,0.09414673,4.730659310922921,22.952050781250023,0.016419291,0.050704956,2.240611477735249,1,1,0
2020-01-01 23:00:00,1076.9789,25.831719970703148,0.017540598,0.012001038,14.585716754405528,23.902032470703148,0.017426157,0.0869751,4.64805662707306,22.761407470703148,0.016304636,0.05709839,2.1992199707027864,1,1,0
2020-01-02 00:00:00,1021.8683,25.705133056640648,0.017410813,0.015640259,15.177570810267484,23.627008056640648,0.017227707,0.07910156,4.635170411616002,22.525445556640648,0.01619011,0.07247925,2.235103955635454,0,0,0
2020-01-02 01:00:00,989.2139,25.577539062500023,0.017365025,0.02154541,15.474082443816412,23.358789062500023,0.017075108,0.07437134,4.635264237658677,22.311914062500023,0.016083287,0.0965271,2.2887763355517112,0,0,0
2020-01-02 02:00:00,992.0821,25.4555603027344,0.017387943,0.023986816,15.41410776927273,23.1899353027344,0.016991215,0.06588745,4.782033357960985,22.1508728027344,0.015984135,0.11627197,2.370820162981813,0,0,0
2020-01-02 03:00:00,931.201,25.3569274902344,0.01743382,0.025749207,15.393875340870276,23.0209899902344,0.016884504,0.05845642,4.959659480280815,22.0209899902344,0.015892683,0.1274414,2.4598372086880995,0,0,0
2020-01-02 04:00:00,922.7832,25.235314941406276,0.017548325,0.021614075,14.564375172657488,22.821252441406276,0.01672435,0.048721313,5.021768054404985,21.938439941406276,0.015801193,0.13317871,2.427078961435291,0,0,0
2020-01-02 05:00:00,958.1755,25.137597656250023,0.01762461,0.028518677,13.367212544723762,22.614160156250023,0.016556494,0.03781128,5.081156267378448,21.887597656250023,0.01573252,0.13085938,2.297210768466468,0,0,0
2020-01-02 06:00:00,987.5273,25.098657226562523,0.01766269,0.027679443,12.768627552672111,22.512719726562523,0.016434357,0.027374268,5.141066378396614,21.848657226562523,0.015679047,0.12298584,2.153017965460635,0,0,0
2020-01-02 07:00:00,1079.2255,26.021020507812523,0.0180517,0.02166748,15.204877753376287,23.958520507812523,0.016884403,0.017936707,7.495153784010818,22.427270507812523,0.015846806,0.10293579,2.0725496462407875,0,0,0
2020-01-02 08:00:00,1237.3843,27.040856933593773,0.017929941,0.02193451,18.65144925865661,25.556481933593773,0.01718226,0.013874054,8.5253964239671,23.822106933593773,0.01580134,0.10205078,2.125043006910562,0,0,0
2020-01-02 09:00:00,1313.5203,27.915185546875023,0.017800884,0.021156311,19.78715119045404,27.102685546875023,0.017251568,0.009780884,9.584547409332798,25.274560546875023,0.0157028,0.08834839,1.9684213636493624,0,0,0
2020-01-02 10:00:00,1383.2545,28.690026855468773,0.017778134,0.014308929,19.753601433467395,28.268151855468773,0.017289853,0.006418228,9.215921428643512,26.502526855468773,0.015649533,0.08065796,1.591611859574657,0,0,0
2020-01-02 11:00:00,1423.1525,29.2917419433594,0.017801292,0.017295837,19.59932780767482,29.1979919433594,0.017381676,0.00605011,8.515448656968568,27.4323669433594,0.01568032,0.09527588,1.3533039432812362,0,0,0
2020-01-02 12:00:00,1446.9338,29.673791503906276,0.017847326,0.018676758,19.461991955074257,29.845666503906276,0.017435338,0.005376816,7.933542382934705,27.861291503906276,0.01614597,0.11557007,1.377320128534196,0,0,0
2020-01-02 13:00:00,1426.6427,29.825555419921898,0.01789309,0.022132874,19.279606725076963,30.263055419921898,0.017488733,0.0028524399,7.493355730007454,27.903680419921898,0.016557947,0.13122559,1.817306846576536,0,0,0
2020-01-02 14:00:00,1432.75,29.807580566406276,0.017862473,0.030349731,18.75294483710429,30.307580566406276,0.017656479,0.002316475,6.974803306513438,27.651330566406276,0.01676384,0.14385986,2.4126807426779173,0,0,0
2020-01-02 15:00:00,1387.9775,29.618096923828148,0.0177481,0.02861023,18.02115616149454,30.008721923828148,0.017954094,0.0041980743,6.186624777188934,27.039971923828148,0.017015679,0.1560669,2.81688959511073,0,0,0
2020-01-02 16:00:00,1317.7584,29.232629394531276,0.017626217,0.017982483,17.589622958307825,29.420129394531276,0.018419674,0.018005371,4.966046956249365,26.326379394531276,0.016985347,0.15771484,3.1236448065549487,0,0,0
2020-01-02 17:00:00,1257.317,28.3764587402344,0.017885968,0.011798859,16.33482107017188,28.2983337402344,0.01861839,0.017593384,4.263472665911397,25.4233337402344,0.017000958,0.16668701,3.298200836437467,0,0,0
2020-01-02 18:00:00,1308.265,27.187951660156276,0.018443445,0.006055832,13.917453577023474,26.437951660156276,0.01850448,0.01752472,2.7758315361228614,24.414514160156276,0.017321924,0.19024658,2.99723139802622,0,0,0
2020-01-02 19:00:00,1350.8292,26.631524658203148,0.018505089,0.00303936,13.595549163669984,25.772149658203148,0.017925255,0.021476746,3.1269206744100075,23.756524658203148,0.017421715,0.17889404,2.672307190322981,0,0,0
2020-01-02 20:00:00,1286.6903,26.300744628906276,0.01845876,0.0017533302,13.349022561627129,25.214807128906276,0.017802631,0.02419281,3.4881201408063944,23.316369628906276,0.017459309,0.15802002,2.280119129130479,0,0,0
2020-01-02 21:00:00,1261.342,26.080194091796898,0.018359039,0.0022201538,13.075164262895855,24.736444091796898,0.017695282,0.024909973,3.829674613118522,23.009881591796898,0.017321441,0.14172363,2.016401249651379,0,0,0
2020-01-02 22:00:00,1193.7009,25.909753417968773,0.018282464,0.0026798248,13.273683437428751,24.355065917968773,0.01757293,0.022644043,4.117151687147818,22.761315917968773,0.017122796,0.10662842,1.8642045982922928,0,0,0
2020-01-02 23:00:00,1143.114,25.757775878906276,0.018206127,0.0032072067,13.777088916607648,24.039025878906276,0.017443188,0.01939392,4.362640083490431,22.539025878906276,0.016893871,0.0803833,1.82057490082472,0,0,0
2020-01-03 00:00:00,1075.2017,25.602136230468773,0.018061237,0.0036716461,14.151658376828248,23.774011230468773,0.017290669,0.015090942,4.572288935625115,22.320886230468773,0.016657429,0.0675354,2.020370436543524,0,0,0
2020-01-03 01:00:00,1035.1116,25.449609375000023,0.017840162,0.004091263,14.423488152941603,23.519921875000023,0.017145887,0.012928009,4.67189262055101,22.121484375000023,0.016428724,0.059906006,2.3648147414879106,0,0,0
2020-01-03 02:00:00,996.7045,25.302575683593773,0.017588614,0.0046482086,14.870733040838136,23.255700683593773,0.017016409,0.01184845,4.608570043590494,21.997888183593773,0.016207693,0.04949951,2.591184960969233,0,0,0
2020-01-03 03:00:00,972.5915,25.180535888671898,0.017382799,0.00504303,15.146232997793131,22.985223388671898,0.01687163,0.009944916,4.552924574483825,21.946160888671898,0.01598662,0.044509888,2.6438962368392005,0,0,0
2020-01-03 04:00:00,962.2506,25.0925231933594,0.017253174,0.008342743,14.58225565098231,22.7331481933594,0.016742004,0.0072898865,4.518807742434495,21.8503356933594,0.01578833,0.04020691,2.672095151163586,0,0,0
2020-01-03 05:00:00,968.1705,25.009667968750023,0.017214969,0.009609222,13.417880117065344,22.517480468750023,0.016627505,0.00450325,4.494349479746068,21.736230468750023,0.015620426,0.035079956,2.651426071946253,0,0,0
2020-01-03 06:00:00,977.3287,24.974938964843773,0.017214881,0.007991791,12.47542999076945,22.420251464843773,0.016535865,0.0029563904,4.516284203377404,21.639001464843773,0.01546775,0.030426025,2.5465574139066645,0,0,0
2020-01-03 07:00:00,1086.2521,25.9025817871094,0.017527701,0.006483078,14.106824578721612,23.9650817871094,0.01703179,0.0036411285,6.807260939497845,22.1994567871094,0.015620354,0.023719788,2.34589504196916,0,0,0
2020-01-03 08:00:00,1250.9927,26.905114746093773,0.017299004,0.005449295,17.036112246736295,25.748864746093773,0.017268486,0.004667282,7.957260918652515,23.592614746093773,0.01551754,0.015113831,2.388127617953118,0,0,0
2020-01-03 09:00:00,1343.0494,27.658837890625023,0.017345142,0.0027370453,16.730794735835946,27.299462890625023,0.017268848,0.0040225983,8.683439673164957,24.986962890625023,0.015250872,0.009849548,2.238251032600348,0,0,0
2020-01-03 10:00:00,1430.7716,28.404199218750023,0.017437262,0.0021133423,15.450537929614397,28.466699218750023,0.01734571,0.0030641556,8.045185009125316,26.216699218750023,0.015095038,0.009246826,1.85544978146143,0,0,0
2020-01-03 11:00:00,1468.9345,29.052697753906276,0.01749147,0.0015277863,14.099762399173072,29.443322753906276,0.017468581,0.002415657,7.3658711874162845,27.255822753906276,0.01507295,0.016357422,1.245720711958035,0,0,0
2020-01-03 12:00:00,1483.663,29.600366210937523,0.017499646,0.00059080124,13.029240163691972,30.194116210937523,0.017537793,0.007144928,6.708858077413836,27.928491210937523,0.015496929,0.028182983,0.6699334973809039,0,0,0
2020-01-03 13:00:00,1534.4767,29.936975097656276,0.01757644,0.00015157461,12.49451591735483,30.608850097656276,0.017492516,0.028709412,6.12132529438521,28.233850097656276,0.01580642,0.0526886,1.1442074189334148,0,0,0
2020-01-03 14:00:00,1529.2185,30.066949462890648,0.017645849,0.002404213,12.633028990636864,30.676324462890648,0.017706884,0.04597473,5.497685264390495,28.098199462890648,0.015975012,0.07644653,1.8002295824505354,0,0,0
2020-01-03 15:00:00,1469.6202,29.963586425781276,0.017539585,0.0043582916,13.64273149408244,30.291711425781276,0.01797446,0.04611206,5.122210429148821,27.635461425781276,0.016448582,0.08572388,2.284546934616257,0,0,0
2020-01-03 16:00:00,1409.9023,29.566461181640648,0.017401239,0.004016876,14.972105410719212,29.800836181640648,0.018347284,0.0413208,4.538362272947579,26.800836181640648,0.016958734,0.101257324,2.4624246779409877,0,0,0
2020-01-03 17:00:00,1308.1027,28.660119628906276,0.017712839,0.004732132,14.726930045562602,28.597619628906276,0.018437631,0.039642334,4.228413310233741,25.800744628906276,0.017407663,0.11785889,2.444195773548256,0,0,0
2020-01-03 18:00:00,1348.6345,27.350274658203148,0.018329747,0.0042877197,12.803024417481174,26.600274658203148,0.018520482,0.023239136,2.7302991717811054,24.803399658203148,0.017437108,0.13031006,2.6818252639941496,0,0,0
2020-01-03 19:00:00,1363.8664,26.6867614746094,0.01838989,0.0032892227,12.526504883045428,25.7961364746094,0.01764221,0.015357971,3.2751590850280574,24.1398864746094,0.01764221,0.13995361,2.5719545187540365,0,0,0
2020-01-03 20:00:00,1311.9671,26.318200683593773,0.018259339,0.0018553734,11.966489312036265,25.138513183593773,0.017465882,0.010448456,3.936187699843395,23.763513183593773,0.017694764,0.13952637,2.1748865920130136,0,0,0
2020-01-03 21:00:00,1269.3826,26.048394775390648,0.018067915,0.0012164116,11.302663296821612,24.564019775390648,0.017327864,0.005874634,4.515085378961187,23.431207275390648,0.017518599,0.12054443,1.914420633248527,0,0,0
2020-01-03 22:00:00,1191.4652999999998,25.819451904296898,0.01785394,0.00073480606,10.899142870318618,24.038201904296898,0.017129147,0.0029554367,4.693535811290379,23.155389404296898,0.017304623,0.09793091,1.8811784648284768,0,0,0
2020-01-03 23:00:00,1137.0714,25.604119873046898,0.017678345,0.00037920475,10.987437319007164,23.549432373046898,0.016877258,0.0014705658,4.690735254383378,22.940057373046898,0.017052734,0.07199097,2.0238221557741207,0,0,0
2020-01-04 00:00:00,1069.3249,25.412896728515648,0.017594317,0.00016492605,11.76568446900434,23.123834228515648,0.016640643,0.00064635277,4.644892225298393,22.678521728515648,0.01680086,0.053359985,2.3186098267171205,0,0,0
2020-01-04 01:00:00,1031.5166000000002,25.281213378906276,0.0176401,6.341934e-05,13.12532827784216,22.765588378906276,0.016434656,0.00029027462,4.649752321107441,22.406213378906276,0.016564356,0.04824829,2.6034358852163053,0,0,0
2020-01-04 02:00:00,1006.8219,25.192956542968773,0.017800486,5.6773424e-05,13.325317453464129,22.489831542968773,0.016282236,0.00013929605,4.622259635473307,22.169519042968773,0.0163509,0.047561646,2.802194758661389,0,0,0
2020-01-04 03:00:00,974.5017,25.098840332031276,0.017938104,9.056926e-05,12.053344281481383,22.231652832031276,0.016152825,7.57277e-05,4.234779179838761,21.981652832031276,0.016183343,0.04534912,2.822001133124369,0,0,0
2020-01-04 04:00:00,967.0756,24.987023925781276,0.018060701,0.00013625622,10.865373926166551,22.072961425781276,0.015993135,7.3581934e-05,4.0528356162053285,21.807336425781276,0.016031282,0.046447754,2.6854062498693114,0,0,0
2020-01-04 05:00:00,961.8724,24.8527770996094,0.01817592,0.00017035007,10.522038921714191,22.0324645996094,0.015810808,0.00026738644,4.290561241570813,21.6652770996094,0.015879473,0.05279541,2.4984505973315168,0,0,0
2020-01-04 06:00:00,945.7888,24.810418701171898,0.018268306,0.00030565262,10.4159929844002,22.060418701171898,0.015742976,0.0015792847,4.530803745788955,21.599481201171898,0.015727717,0.054138184,2.3098682955562992,0,0,0
2020-01-04 07:00:00,980.8308,26.0405212402344,0.018696362,0.00086450577,12.795752172151628,23.9311462402344,0.016392285,0.005060196,6.856584644757378,22.2592712402344,0.015797192,0.047683716,2.125167051368774,0,0,0
2020-01-04 08:00:00,1122.398,27.365380859375023,0.018627234,0.004350662,15.862679208595395,25.849755859375023,0.016895361,0.008098602,7.471612168957936,23.771630859375023,0.015712805,0.042266846,2.230244482092803,0,0,0
2020-01-04 09:00:00,1224.3461,28.286096191406276,0.01857299,0.019042969,16.294166017056725,27.707971191406276,0.017199699,0.009716034,8.95051060077851,25.239221191406276,0.015448753,0.036743164,2.326461357341787,0,0,0
2020-01-04 10:00:00,1311.5866,28.983728027343773,0.018442683,0.03640747,15.838078305977325,28.968103027343773,0.01734405,0.011688232,8.391719551513265,26.468103027343773,0.015238338,0.029006958,1.9645316353471909,0,0,0
2020-01-04 11:00:00,1348.0186,29.613366699218773,0.018442165,0.052597046,15.382497368137653,29.957116699218773,0.017457973,0.014060974,7.644677857721661,27.472741699218773,0.0151615245,0.021591187,1.3767122384249535,0,0,0
2020-01-04 12:00:00,1339.378,29.999841308593773,0.018411245,0.0697937,15.3541218047951,30.687341308593773,0.01760253,0.023780823,7.137653230268271,28.046716308593773,0.015687551,0.023880005,0.7066447926868119,0,0,0
2020-01-04 13:00:00,1330.5575,30.1567321777344,0.01827364,0.07821655,15.832454715376675,30.9692321777344,0.017983723,0.04147339,6.56289907931368,28.3442321777344,0.015824605,0.037628174,0.8593106117402584,0,0,0
2020-01-04 14:00:00,1336.84,30.144219970703148,0.018113136,0.080322266,16.632184451579043,31.003594970703148,0.018105507,0.06619263,6.353783187884603,28.362969970703148,0.01580143,0.047409058,1.305466128334687,0,0,0
2020-01-04 15:00:00,1310.6185,29.924340820312523,0.018005945,0.11065674,17.419163746431686,30.752465820312523,0.01818142,0.05770874,6.332273298528602,27.924340820312523,0.016136743,0.06539917,1.750216510185857,0,0,0
2020-01-04 16:00:00,1281.2915999999998,29.316217041015648,0.017997893,0.1111145,18.70747210700252,30.081842041015648,0.018638762,0.05303955,5.711261576630149,27.222467041015648,0.016700896,0.058059692,1.9528873634730808,0,0,0
2020-01-04 17:00:00,1237.2551,28.373376464843773,0.018340888,0.08615112,18.745831396958195,28.670251464843773,0.018859686,0.037506104,5.33766415631687,26.139001464843773,0.017326178,0.07055664,1.848031072361544,0,0,0
2020-01-04 18:00:00,1280.6014,27.317254638671898,0.018890008,0.08355713,16.754048719594174,26.598504638671898,0.018981561,0.03125,3.608067627977148,24.911004638671898,0.017806634,0.09979248,1.4841485599667754,0,0,0
2020-01-04 19:00:00,1326.9846,26.8510681152344,0.019149305,0.0920105,16.003356695928183,25.8510681152344,0.018569471,0.04170227,4.125748271698374,24.1323181152344,0.01732588,0.11468506,1.4391469228627518,0,0,0
2020-01-04 20:00:00,1286.0857,26.645654296875023,0.019195085,0.091796875,15.59997103761772,25.301904296875023,0.018111711,0.04600525,5.21684990379263,23.567529296875023,0.01711226,0.11383057,1.408082698587914,0,0,0
2020-01-04 21:00:00,1225.848,26.506494140625023,0.019149417,0.09274292,15.66799723609041,24.740869140625023,0.017943973,0.05038452,5.333529880398855,23.318994140625023,0.016875857,0.11831665,1.3578807168380378,0,0,0
2020-01-04 22:00:00,1178.2984,26.373956298828148,0.019065607,0.07699585,16.132960653072757,24.194268798828148,0.017791498,0.05911255,4.734527410187953,23.178643798828148,0.016669977,0.12362671,1.3930792986637257,0,0,0
2020-01-04 23:00:00,1133.0124,26.221826171875023,0.01889767,0.04814148,16.97797196317693,23.753076171875023,0.017577784,0.06378174,4.315453315872177,23.049951171875023,0.016509669,0.13067627,1.502471789826737,0,0,0
2020-01-05 00:00:00,1085.9276,26.036218261718773,0.018599853,0.031967163,17.8886946369205,23.426843261718773,0.017402038,0.06211853,4.1616247133201,22.919030761718773,0.01636444,0.13098145,1.6302408516985034,0,0,0
2020-01-05 01:00:00,1038.4670999999998,25.876184082031276,0.01816473,0.019874573,19.218349843395117,23.212121582031276,0.017302608,0.053375244,4.2047927690169455,22.782434082031276,0.016219234,0.13323975,1.894059486405644,0,0,0
2020-01-05 02:00:00,1013.5455,25.709130859375023,0.017851815,0.009674072,19.84229588360725,23.052880859375023,0.017249092,0.048080444,4.405557534205498,22.654443359375023,0.016112313,0.13696289,2.268165519396571,0,0,0
2020-01-05 03:00:00,991.6183,25.590112304687523,0.017577186,0.0029716492,21.191049032127484,22.933862304687523,0.017203346,0.06047058,4.677333451389223,22.582299804687523,0.016005531,0.13928223,2.5456983579409824,0,0,0
2020-01-05 04:00:00,966.1103,25.503930664062523,0.017378995,0.0034217834,22.552398702928684,22.832055664062523,0.017096708,0.072784424,5.092561503110578,22.511743164062523,0.01592178,0.140625,2.756044419076014,0,0,0
2020-01-05 05:00:00,966.7874,25.473352050781276,0.017211411,0.010150909,24.27938375127748,22.715539550781276,0.016952012,0.06304932,5.478393485436621,22.426477050781276,0.015876267,0.13635254,3.1114572271943826,0,0,0
2020-01-05 06:00:00,923.2408,25.505761718750023,0.017142732,0.014453888,25.33420651319714,22.654199218750023,0.01678415,0.055130005,5.905236293448174,22.388574218750023,0.015868623,0.13879395,3.492512454076911,0,0,0
2020-01-05 07:00:00,936.837,26.122827148437523,0.017341023,0.021408081,26.373761368001517,24.200952148437523,0.01713503,0.0519104,9.41823601892902,22.849389648437523,0.016036397,0.13470459,4.187247001634577,0,0,0
2020-01-05 08:00:00,983.6561,27.059899902343773,0.01708158,0.041137695,28.3949455384036,25.997399902343773,0.017508825,0.038635254,12.654815836711492,23.950524902343773,0.0160745,0.11929321,5.324205430616594,0,0,0
2020-01-05 09:00:00,1035.262,27.836877441406276,0.016661985,0.060943604,29.8972652549788,27.430627441406276,0.017440183,0.040374756,16.603762041791303,25.211877441406276,0.016028745,0.09472656,6.0224557181852685,0,0,0
2020-01-05 10:00:00,1085.5312,28.549645996093773,0.01643333,0.052734375,29.81793877276312,28.377770996093773,0.017097088,0.04597473,17.457026302723623,26.221520996093773,0.015830608,0.075927734,6.189181428810116,0,0,0
2020-01-05 11:00:00,1116.7028,29.174035644531276,0.016425945,0.050308228,29.98229708390827,29.064660644531276,0.016960002,0.04386902,17.32270127936916,26.908410644531276,0.015556193,0.06072998,6.039337769387387,0,0,0
2020-01-05 12:00:00,1135.8987,29.528161621093773,0.016479526,0.039978027,30.184223485326054,29.512536621093773,0.016899142,0.038269043,17.209427144138022,27.231286621093773,0.015438112,0.04875183,5.77050300983998,0,0,0
2020-01-05 13:00:00,1129.6253000000002,29.683374023437523,0.016510274,0.02884674,30.055979327091425,29.714624023437523,0.016800191,0.031799316,16.881581724283773,27.261499023437523,0.015365865,0.031539917,5.588478514737278,0,0,0
2020-01-05 14:00:00,1134.4477,29.692956542968773,0.016403735,0.014770508,29.82580334076309,29.646081542968773,0.016670763,0.02898407,16.118061364836795,27.052331542968773,0.015324175,0.027328491,5.525641584471793,0,0,0
2020-01-05 15:00:00,1149.1425,29.4931579589844,0.016319547,0.007865906,29.49271034304759,29.2744079589844,0.016670499,0.033615112,14.658879778061358,26.6494079589844,0.01540402,0.03414917,5.3953728878774605,0,0,0
2020-01-05 16:00:00,1120.6145,28.896844482421898,0.016418576,0.004360199,29.005974642156165,28.568719482421898,0.016937375,0.045135498,12.125316214616564,26.084344482421898,0.015663266,0.06384277,4.956012611428534,0,0,0
2020-01-05 17:00:00,1136.3425,27.807214355468773,0.016800214,0.0019607544,26.51613958647329,27.291589355468773,0.017555524,0.048858643,8.405373040157937,25.213464355468773,0.016022015,0.0854187,4.305917170580633,0,0,0
2020-01-05 18:00:00,1217.6226,26.628259277343773,0.01741852,0.0006828308,21.59200138768477,25.347009277343773,0.017616885,0.04017639,5.731955148961994,24.128259277343773,0.016304629,0.10235596,3.658452095647149,0,0,0
2020-01-05 19:00:00,1254.1394,26.105798339843773,0.017724007,0.00024360418,18.60967527209731,24.683923339843773,0.017518014,0.04573059,5.325801445193989,23.597985839843773,0.01644227,0.104522705,3.3720177253447323,0,0,0
2020-01-05 20:00:00,1260.7762,25.759576416015648,0.017838672,0.000109791756,15.974955126202378,24.220513916015648,0.017380908,0.0549469,5.079013137854469,23.376763916015648,0.016549304,0.098480225,3.167229616085566,0,0,0
2020-01-05 21:00:00,1228.5935,25.529687500000023,0.017831175,5.671382e-05,15.187614745660282,23.795312500000023,0.017182676,0.04852295,5.058333551615292,23.264062500000023,0.016587583,0.09353638,2.889835329809243,0,0,0
2020-01-05 22:00:00,1188.8061,25.381188964843773,0.017792996,0.005250931,15.903169740661545,23.412438964843773,0.017068204,0.043273926,5.4201845586681285,23.139001464843773,0.016518887,0.11495972,2.943735334031813,0,0,0
2020-01-05 23:00:00,1110.8038,25.4360290527344,0.017716609,0.0107421875,17.805757358708096,23.0766540527344,0.01694604,0.036224365,5.790995029869575,22.9204040527344,0.016411982,0.12609863,3.164130736568888,0,0,0
2020-01-06 00:00:00,1083.9995,25.463830566406276,0.017495306,0.012519836,19.761795013998423,22.706018066406276,0.016785773,0.028427124,5.93796477737336,22.674768066406276,0.016289862,0.12112427,3.3959813827974865,0,0,0
2020-01-06 01:00:00,1040.1826,25.390008544921898,0.017342472,0.0156059265,20.978206595835093,22.343133544921898,0.01661768,0.023918152,6.090343173275355,22.429071044921898,0.016137028,0.11483765,3.574637598729381,0,0,0
2020-01-06 02:00:00,1019.1363,25.312921142578148,0.017197257,0.018447876,21.78156758365585,22.008233642578148,0.016449576,0.024589539,6.242605238437224,22.203546142578148,0.015968924,0.105773926,3.687795108689185,0,0,0
2020-01-06 03:00:00,1000.4205,25.248712158203148,0.017082496,0.016189575,22.03398329121937,21.733087158203148,0.016296668,0.028671265,6.299404552112972,22.014337158203148,0.015816016,0.09609985,3.7181943744414334,0,0,0
2020-01-06 04:00:00,975.8471,25.1508728027344,0.017066933,0.016571045,20.83538530096452,21.5414978027344,0.016166665,0.031814575,6.066149304236307,21.8774353027344,0.015678383,0.08843994,3.6228944201204096,0,0,0
2020-01-06 05:00:00,1004.3309,25.073419189453148,0.01715071,0.015686035,19.148449835522342,21.393731689453148,0.016052077,0.033554077,5.829438446376946,21.784356689453148,0.015552352,0.08621216,3.449558565674659,0,0,0
2020-01-06 06:00:00,1030.8288,25.079461669921898,0.017226987,0.018951416,18.21710373103167,21.391961669921898,0.015968136,0.03678894,5.772242207146321,21.727899169921898,0.015472226,0.08731079,3.300408125695645,0,0,0
2020-01-06 07:00:00,1140.3482,26.019372558593773,0.017578015,0.01876831,20.056695161790447,23.542810058593773,0.016700635,0.03337097,8.367135430181996,22.292810058593773,0.015693555,0.09362793,3.2993933423488646,0,0,0
2020-01-06 08:00:00,1309.5513999999998,27.132897949218773,0.017395137,0.018478394,24.22381244972825,25.632897949218773,0.017433284,0.040496826,10.61663162089921,23.593835449218773,0.015831111,0.09561157,3.596844339115762,0,0,0
2020-01-06 09:00:00,1400.7622,27.966577148437523,0.017128527,0.044174194,26.850179422301174,27.372827148437523,0.017700732,0.041885376,13.29951737180707,25.107202148437523,0.015945971,0.098968506,3.6460160683023055,0,0,0
2020-01-06 10:00:00,1481.8001,28.667352294921898,0.017098617,0.035842896,27.174640580847477,28.526727294921898,0.01769371,0.042037964,14.070929699990344,26.432977294921898,0.015847396,0.090911865,3.4570582750201617,0,0,0
2020-01-06 11:00:00,1510.4303,29.302819824218773,0.017159805,0.03425598,26.86021063817899,29.349694824218773,0.01760231,0.043655396,14.080197506516368,27.365319824218773,0.015733108,0.08081055,3.0061979404311705,0,0,0
2020-01-06 12:00:00,1532.3679000000002,29.590600585937523,0.017052803,0.041168213,26.386235307377387,29.856225585937523,0.017487679,0.05770874,13.700241320635646,27.809350585937523,0.016045723,0.081085205,2.2885496889187054,0,0,0
2020-01-06 13:00:00,1575.1152,29.770043945312523,0.01694599,0.030296326,25.57366345624424,30.051293945312523,0.017434271,0.07373047,13.073958509697102,27.957543945312523,0.016091498,0.09579468,1.919750360412604,0,0,0
2020-01-06 14:00:00,1565.9265,29.740747070312523,0.016832028,0.027183533,24.582902167553208,29.990747070312523,0.017358456,0.07144165,12.376129542732498,27.756372070312523,0.016099606,0.088134766,1.8574469781857963,0,0,0
2020-01-06 15:00:00,1536.6601,29.473260498046898,0.016733715,0.03213501,23.786452712449613,29.660760498046898,0.017260144,0.052520752,11.73177389561327,27.348260498046898,0.016069958,0.07531738,1.9532252379063204,0,0,0
2020-01-06 16:00:00,1452.7249,28.817742919921898,0.016688894,0.044433594,23.37439629902236,28.973992919921898,0.017345022,0.03930664,10.451724305328275,26.723992919921898,0.015964102,0.0657959,2.33947789970015,0,0,0
2020-01-06 17:00:00,1326.1734,27.832788085937523,0.017010707,0.035369873,21.63390626467062,27.504663085937523,0.017659206,0.037399292,7.906106775969279,25.645288085937523,0.016156215,0.07217407,2.5683224231687105,0,0,0
2020-01-06 18:00:00,1344.8182000000002,26.672662353515648,0.01765999,0.021408081,18.115908852841283,25.196099853515648,0.017225115,0.02898407,5.996906093180857,24.266412353515648,0.016240923,0.08181763,2.6622765245809763,0,0,0
2020-01-06 19:00:00,1363.7518,26.102746582031276,0.017888566,0.026008606,16.252368967947795,24.298059082031276,0.016736528,0.01738739,6.07561108376752,23.391809082031276,0.015813371,0.06439209,3.49714223541126,0,0,0
2020-01-06 20:00:00,1311.887,25.810510253906276,0.01785756,0.025268555,15.459310063491197,23.646447753906276,0.016400347,0.010719299,6.052832531497787,22.755822753906276,0.015713701,0.047409058,4.065351573478622,0,0,0
2020-01-06 21:00:00,1266.2945000000002,25.611352539062523,0.01778854,0.018882751,15.24970983010312,23.126977539062523,0.016117703,0.010822296,6.107849317719279,22.337915039062523,0.015572202,0.038909912,4.138173814286011,0,0,0
2020-01-06 22:00:00,1300.0011,25.435510253906276,0.017703263,0.013404846,15.333657079402515,22.724572753906276,0.015940873,0.008686066,6.048396542764486,22.037072753906276,0.015471666,0.043548584,4.027759137048374,0,0,0
2020-01-06 23:00:00,1239.2769,25.292077636718773,0.01759635,0.0128211975,15.65812962379063,22.393640136718773,0.015917882,0.0062351227,6.037489991742481,21.870202636718773,0.015433415,0.05253601,4.034608203344185,0,0,0
2020-01-07 00:00:00,1185.2767,25.160058593750023,0.017443571,0.015594482,16.090658067294022,22.074121093750023,0.015932951,0.0057735443,6.07559887795179,21.699121093750023,0.015395078,0.05647278,4.134290920103269,0,0,0
2020-01-07 01:00:00,1138.8251,25.006951904296898,0.017337138,0.022277832,16.189969581542442,21.780389404296898,0.01593333,0.0070495605,6.221851278707214,21.522576904296898,0.015349681,0.059509277,4.306279182058375,0,0,0
2020-01-07 02:00:00,1099.0663,24.862695312500023,0.017239137,0.026481628,16.099666407191535,21.518945312500023,0.015903993,0.009120941,6.386110555545443,21.409570312500023,0.015297456,0.06652832,4.525796118405147,0,0,0
2020-01-07 03:00:00,1083.4085,24.727014160156276,0.017216178,0.02532959,15.684595206585142,21.273889160156276,0.015842887,0.01171875,6.32878609828008,21.359826660156276,0.015274498,0.06958008,4.480765433827779,0,0,0
2020-01-07 04:00:00,1041.0795,24.639459228515648,0.01716262,0.03164673,15.52174276929596,21.045709228515648,0.015735922,0.017303467,5.893218394118064,21.334771728515648,0.015220939,0.069366455,4.183469113328563,0,0,0
2020-01-07 05:00:00,1054.0482,24.566949462890648,0.01711614,0.030784607,15.287814055840588,20.832574462890648,0.015628409,0.021987915,5.454089966135837,21.293511962890648,0.015113424,0.0630188,3.917088250271188,0,0,0
2020-01-07 06:00:00,1075.8888,24.592156982421898,0.017138448,0.026916504,15.241862342764458,20.795281982421898,0.015551534,0.021347046,5.396948715263159,21.264031982421898,0.015025105,0.059310913,3.6827187113094064,0,0,0
2020-01-07 07:00:00,1140.4639,25.7265563964844,0.01751953,0.023345947,18.55268761426232,22.8671813964844,0.01612335,0.02670288,8.53375950384889,21.8281188964844,0.015162046,0.05683899,3.817415346957004,0,0,0
2020-01-07 08:00:00,1305.2228,26.874780273437523,0.017359069,0.04421997,23.086896038158915,25.054467773437523,0.01683264,0.02835846,10.968454773671189,23.085717773437523,0.015222839,0.04296875,4.364521006622438,0,0,0
2020-01-07 09:00:00,1363.6599,27.707116699218773,0.01722078,0.07455444,24.860590990058945,27.035241699218773,0.017121598,0.027069092,13.675806555246512,24.449304199218773,0.015157029,0.03439331,4.401275371899831,0,0,0
2020-01-07 10:00:00,1416.3681,28.4392028808594,0.017129261,0.08822632,25.187691325556685,28.3298278808594,0.017197926,0.019973755,14.312490207718744,25.6735778808594,0.014989217,0.035583496,4.267354412578847,0,0,0
2020-01-07 11:00:00,1444.7368,28.997338867187523,0.017168136,0.10357666,25.201257510825787,29.278588867187523,0.017198654,0.015201569,14.178994624084062,26.575463867187523,0.014814468,0.046310425,3.968177720508408,0,0,0
2020-01-07 12:00:00,1454.4696,29.270227050781276,0.017237328,0.11727905,25.3061857358833,29.895227050781276,0.017176293,0.018852234,13.7272844258258,27.145227050781276,0.014742515,0.063446045,3.576050607988821,0,0,0
2020-01-07 13:00:00,1477.4163,29.3652282714844,0.017246928,0.121276855,25.329355715973676,30.1621032714844,0.017193522,0.03567505,13.04213056395376,27.3652282714844,0.01495811,0.07821655,3.266117326777002,0,0,0
2020-01-07 14:00:00,1505.8477,29.316369628906276,0.017217444,0.13226318,25.2526264539407,30.050744628906276,0.017225074,0.059814453,12.539699677151924,27.206994628906276,0.015397835,0.081085205,3.232106244031139,0,0,0
2020-01-07 15:00:00,1503.9966,29.092614746093773,0.017157236,0.12896729,25.322666903516406,29.639489746093773,0.017264048,0.067230225,12.437983143686004,26.826989746093773,0.015459696,0.076416016,3.600446077366549,0,0,0
2020-01-07 16:00:00,1397.0061,28.590173339843773,0.017119732,0.10650635,25.75861947098061,28.808923339843773,0.017363872,0.060409546,12.061651341128677,26.137048339843773,0.015513745,0.06991577,4.2034152450465845,0,0,0
2020-01-07 17:00:00,1289.2237,27.666802978515648,0.017311033,0.08895874,25.31462393432941,27.338677978515648,0.017562803,0.07183838,10.134854213454602,25.073052978515648,0.015487608,0.07208252,4.704378523447079,0,0,0
2020-01-07 18:00:00,1301.0697,26.614892578125023,0.01778519,0.07244873,22.71790020010549,25.349267578125023,0.017243503,0.08282471,8.509157265557802,23.739892578125023,0.015584109,0.10369873,5.079681689359685,0,0,0
2020-01-07 19:00:00,1337.5988,26.194787597656276,0.018069435,0.07254028,22.28058013379887,24.593225097656276,0.016978431,0.08035278,8.973988672088213,22.944787597656276,0.015696693,0.11907959,5.4739909770753234,0,0,0
2020-01-07 20:00:00,1293.2193,25.981103515625023,0.018293101,0.078125,22.12862730130892,24.145166015625023,0.016812999,0.08239746,9.101545064360982,22.442041015625023,0.015897471,0.14703369,5.268253506654362,0,0,0
2020-01-07 21:00:00,1248.0429,25.861657714843773,0.018400153,0.09072876,22.03142976987826,23.806970214843773,0.016714057,0.07107544,8.853462731476679,22.322595214843773,0.0160503,0.16241455,4.988862486861237,0,0,0
2020-01-07 22:00:00,1215.7252,25.750756835937523,0.018399682,0.08773804,20.807944629212727,23.532006835937523,0.016644921,0.06399536,8.396516677144774,22.297631835937523,0.01614901,0.16937256,4.743511178861667,0,0,0
2020-01-07 23:00:00,1140.8741,25.650964355468773,0.018376445,0.07473755,19.06699210647241,23.252526855468773,0.016606426,0.053146362,7.922807851186736,22.275964355468773,0.016209697,0.17095947,4.775811582768827,0,0,0
2020-01-08 00:00:00,1071.6841,25.535546875000023,0.01835343,0.06933594,17.432141392491975,22.894921875000023,0.016575782,0.05026245,7.786000247268418,22.238671875000023,0.016255347,0.1640625,5.012470075941305,0,0,0
2020-01-08 01:00:00,1032.7158,25.443383789062523,0.018254347,0.071136475,16.713515672656566,22.685571289062523,0.016560622,0.047424316,8.134123070736194,22.162133789062523,0.016232558,0.16113281,5.120850553346531,0,0,0
2020-01-08 02:00:00,998.7882,25.378503417968773,0.018117256,0.06781006,16.58728654576064,22.534753417968773,0.016522713,0.039230347,8.265011187371023,22.073815917968773,0.01617176,0.1505127,5.195628408364121,0,0,0
2020-01-08 03:00:00,968.9272,25.306726074218773,0.018018503,0.051193237,16.568918705746515,22.408288574218773,0.016492624,0.036361694,8.238984011633068,22.009851074218773,0.016103525,0.14648438,5.286655212444454,0,0,0
2020-01-08 04:00:00,974.2453,25.272332763671898,0.017942881,0.036575317,17.134906677757797,22.350457763671898,0.016470408,0.04109192,8.421369835701789,21.967645263671898,0.016027903,0.1373291,5.509594303295104,0,0,0
2020-01-08 05:00:00,990.1819,25.254968261718773,0.017852006,0.022781372,17.846965653702412,22.333093261718773,0.016448198,0.047958374,8.810498897529257,21.911218261718773,0.015967546,0.12689209,5.831471900765616,0,0,0
2020-01-08 06:00:00,999.3375,25.270715332031276,0.017799318,0.0143013,18.23931254948585,22.380090332031276,0.016426027,0.0491333,9.06400943787261,21.872277832031276,0.015930116,0.11508179,6.1912766461691415,0,0,0
2020-01-08 07:00:00,1130.7588,26.268884277343773,0.01811894,0.010269165,21.90319696371845,23.831384277343773,0.017005049,0.03793335,11.74038481437468,22.253259277343773,0.01610478,0.106933594,6.693377931656506,0,0,0
2020-01-08 08:00:00,1288.6721,27.486993408203148,0.017845478,0.010597229,28.608868857739484,25.799493408203148,0.01794466,0.03756714,13.033726299114708,23.205743408203148,0.016388264,0.10467529,6.903836063012268,0,0,0
2020-01-08 09:00:00,1363.1098,28.355249023437523,0.017655428,0.01518631,31.495240990951714,27.777124023437523,0.01839548,0.047683716,16.49280971262316,24.511499023437523,0.016419467,0.106781006,6.920134764004061,0,0,0
2020-01-08 10:00:00,1431.4231,29.018151855468773,0.017747685,0.026405334,31.721156889899103,28.971276855468773,0.018419072,0.046035767,17.668928980856943,25.854089355468773,0.016412541,0.12182617,6.393779291438243,0,0,0
2020-01-08 11:00:00,1518.6777,29.427423095703148,0.017900335,0.049346924,31.341714653039936,29.685235595703148,0.018258916,0.04472351,18.12824795790916,26.857110595703148,0.016427862,0.123413086,5.64940892393889,0,0,0
2020-01-08 12:00:00,1492.6365,29.588769531250023,0.018036406,0.080841064,30.819554470240817,30.034082031250023,0.018066924,0.04574585,17.981889540324445,27.385644531250023,0.016670745,0.12399292,4.77921645059018,0,0,0
2020-01-08 13:00:00,1541.9485,29.602014160156276,0.018110959,0.0881958,30.421715379011136,30.180139160156276,0.018011777,0.04524231,17.2933590176484,27.523889160156276,0.01682922,0.13543701,4.4161480441985645,0,0,0
2020-01-08 14:00:00,1566.5264,29.504785156250023,0.018147755,0.076538086,30.092222142874288,30.075097656250023,0.017987538,0.04798889,16.45660795466475,27.309472656250023,0.016797353,0.15911865,4.634189207400293,0,0,0
2020-01-08 15:00:00,1553.9315,29.246484375000023,0.01814665,0.064941406,29.78051386977156,29.699609375000023,0.017955916,0.047790527,15.57993237814962,26.793359375000023,0.016788619,0.15466309,5.077321443334116,0,0,0
2020-01-08 16:00:00,1489.1382,28.811425781250023,0.018176481,0.052078247,28.547405802485063,28.983300781250023,0.018100187,0.04862976,13.78863173238264,26.053613281250023,0.016902372,0.15136719,5.259070664030631,0,0,0
2020-01-08 17:00:00,1352.6304,28.045251464843773,0.018282386,0.043762207,25.860656477877683,27.709313964843773,0.01835868,0.0493927,10.568689744304963,25.014001464843773,0.017046424,0.14117432,4.86398598291862,0,0,0
2020-01-08 18:00:00,1345.9489999999998,27.181268310546898,0.01859422,0.020355225,21.236579717912072,25.892205810546898,0.01809831,0.053375244,7.900882063284433,23.915643310546898,0.01696153,0.13342285,4.436121164935673,0,0,0
2020-01-08 19:00:00,1397.6579,26.717858886718773,0.018715288,0.00875473,18.83036094412778,25.139733886718773,0.017990496,0.06138611,6.850692822580285,23.460046386718773,0.016861346,0.13238525,4.290145327100566,0,0,0
2020-01-08 20:00:00,1343.4902,26.485894775390648,0.01853148,0.011993408,18.625981648836994,24.618707275390648,0.017882982,0.055267334,5.754768861956231,23.368707275390648,0.016807238,0.13336182,3.900374225855141,0,0,0
2020-01-08 21:00:00,1296.5609000000002,26.3632751464844,0.018271873,0.010368347,18.932453738631708,24.2070251464844,0.017753074,0.054870605,5.179981752901083,23.3632751464844,0.016768882,0.14453125,3.457109109292717,0,0,0
2020-01-08 22:00:00,1252.0658,26.209405517578148,0.018157648,0.0131073,19.192056729384326,23.912530517578148,0.017676996,0.050338745,5.339976309391576,23.279718017578148,0.016715692,0.15209961,3.376531215453951,0,0,0
2020-01-08 23:00:00,1180.8597,26.022302246093773,0.018181147,0.023597717,19.11798685177517,23.655114746093773,0.017608942,0.0554657,5.706062175087078,23.147302246093773,0.01664001,0.15124512,3.4760651074469715,0,0,0
2020-01-09 00:00:00,1138.2116,25.873712158203148,0.018273648,0.030464172,19.07307792769018,23.404962158203148,0.017548855,0.05441284,6.114068355503881,23.014337158203148,0.01660281,0.15112305,3.644970346965971,2,1,0
2020-01-09 01:00:00,1100.3444,25.722802734375023,0.018488292,0.02255249,18.30290424252221,23.121240234375023,0.017465953,0.05496216,6.294614397257091,22.910302734375023,0.016588572,0.14910889,3.6777961992363952,2,1,0
2020-01-09 02:00:00,1081.356,25.598046875000023,0.018680083,0.028396606,17.85284013993325,22.910546875000023,0.017360197,0.051605225,6.7807149537130895,22.863671875000023,0.01657437,0.15032959,3.76342340081702,2,1,0
2020-01-09 03:00:00,1059.5425,25.520104980468773,0.018802729,0.04866028,17.91473917305725,22.699792480468773,0.017177667,0.04699707,7.324305843232182,22.840417480468773,0.016536798,0.14434814,3.879982981988612,2,1,0
2020-01-09 04:00:00,1039.7556000000002,25.4641052246094,0.018902408,0.052963257,17.624198057719802,22.4953552246094,0.016956912,0.03994751,7.787219683897034,22.7922302246094,0.01648389,0.13031006,4.066766366101283,2,1,0
2020-01-09 05:00:00,1031.6658,25.373071289062523,0.018970426,0.0423584,17.03961602866382,22.302758789062523,0.016742643,0.032302856,8.139524919859912,22.724633789062523,0.01640695,0.11264038,4.411936916917127,2,1,0
2020-01-09 06:00:00,999.8348,25.375329589843773,0.018985404,0.034576416,17.241221441559034,22.234704589843773,0.016605033,0.027122498,8.401834042463562,22.640954589843773,0.016292227,0.1005249,4.705142993598597,2,1,0
2020-01-09 07:00:00,1020.4181,26.291345214843773,0.019207222,0.025970459,21.485582196197765,23.939782714843773,0.017132027,0.023971558,11.543377887736415,23.049157714843773,0.016430123,0.08981323,5.100672733591627,2,1,0
2020-01-09 08:00:00,1098.111,27.511621093750023,0.01884231,0.028167725,28.36215559715424,25.956933593750023,0.018018335,0.023628235,13.513233869952204,24.245996093750023,0.016606897,0.07357788,5.596803505599035,2,1,0
2020-01-09 09:00:00,1144.0942,28.437432861328148,0.018506922,0.025779724,31.614837929284437,27.874932861328148,0.018575586,0.0289917,16.720410813025726,25.578057861328148,0.016660608,0.072753906,5.715855961174711,2,1,0
2020-01-09 10:00:00,1193.7227,29.164880371093773,0.018492036,0.028564453,32.0520254271766,29.118005371093773,0.018743806,0.0311203,17.607125374479413,26.688317871093773,0.016622834,0.08041382,5.651543512752785,2,1,0
2020-01-09 11:00:00,1242.0241,29.711145019531276,0.01857635,0.028678894,31.82926889512917,29.937707519531276,0.018744197,0.030288696,17.752103791547608,27.484582519531276,0.016699519,0.07821655,5.352897828955484,2,1,0
2020-01-09 12:00:00,1266.1273,30.029931640625023,0.018668102,0.037078857,31.41342805097945,30.412744140625023,0.018774914,0.029060364,17.485678308914746,27.865869140625023,0.016989635,0.08526611,4.857648293218931,2,1,0
2020-01-09 13:00:00,1269.7116,30.153497314453148,0.018675674,0.02494049,30.74369981191268,30.653497314453148,0.01884352,0.026641846,16.886571960023005,27.926934814453148,0.016974319,0.08654785,4.864540376112763,2,1,0
2020-01-09 14:00:00,1274.7443999999998,30.108117675781276,0.01853055,0.011146545,29.934463266683988,30.561242675781276,0.018843355,0.02027893,16.06731628645325,27.686242675781276,0.016859712,0.08615112,5.150153044861682,2,1,0
2020-01-09 15:00:00,1262.0978,29.749414062500023,0.018301819,0.0026807785,29.326199948475576,30.218164062500023,0.01879773,0.013832092,14.950435782622929,27.171289062500023,0.016730163,0.07406616,5.5354227341903535,2,1,0
2020-01-09 16:00:00,1222.3196999999998,28.980249023437523,0.018073991,0.0007894039,29.01359923259587,29.441186523437523,0.018783525,0.011184692,13.380059080121764,26.394311523437523,0.016532853,0.06692505,5.991857095733216,2,1,0
2020-01-09 17:00:00,1188.0593,27.8288513183594,0.01796063,0.00088620186,27.80448758796495,28.0085388183594,0.018769346,0.013988495,11.13152916122871,25.3132263183594,0.016388975,0.058746338,6.103264732343371,2,1,0
2020-01-09 18:00:00,1218.8633,26.685601806640648,0.017899634,0.0064811707,25.526165595421556,26.193414306640648,0.018303992,0.015361786,9.77296167765959,24.091851806640648,0.016343238,0.061843872,5.94818608178781,2,1,0
2020-01-09 19:00:00,1269.9603000000002,26.205407714843773,0.017670866,0.006500244,25.278921086912696,25.400720214843773,0.017915007,0.0126571655,10.329996299484492,23.478845214843773,0.016312834,0.06967163,5.916163119885742,2,1,0
2020-01-09 20:00:00,1279.8903,25.950280761718773,0.017335208,0.0013484955,25.72733510265638,24.872155761718773,0.017625125,0.0065460205,10.246065149300057,23.254968261718773,0.016289981,0.07122803,6.05937729157222,2,1,0
2020-01-09 21:00:00,1274.6981999999998,25.651879882812523,0.017120399,2.0917505e-06,25.104938060848955,24.495629882812523,0.017410316,0.004091263,10.134752383338334,23.198754882812523,0.016273536,0.07647705,6.234316653788888,2,1,0
2020-01-09 22:00:00,1225.8052,25.333215332031276,0.017050108,1.1117663e-07,23.578325825436984,24.200402832031276,0.01728662,0.003107071,9.974379865830544,23.153527832031276,0.01627191,0.08151245,6.24542519031333,2,1,0
2020-01-09 23:00:00,1210.0695,25.081262207031276,0.0171559,0.0,22.028549410611276,23.956262207031276,0.01717116,0.0018210411,10.05262739084198,23.081262207031276,0.01627089,0.0819397,6.341414999594533,2,1,0
2020-01-10 00:00:00,1131.5281,24.929864501953148,0.01728508,1.2572855e-05,21.301867851777917,23.750177001953148,0.016995164,0.0035762787,10.696918072225126,22.984552001953148,0.016171189,0.07513428,6.629415237047146,0,0,0
2020-01-10 01:00:00,1093.7796,24.922937011718773,0.017269915,0.0012750626,21.95450024885007,23.501062011718773,0.016682452,0.0047016144,11.57964691414423,22.813562011718773,0.015919512,0.07223511,6.986607497646613,0,0,0
2020-01-10 02:00:00,1061.8127,24.971002197265648,0.017232565,0.0010142326,22.545584438766426,23.197564697265648,0.016317038,0.0022497177,12.126105654928637,22.596002197265648,0.015641836,0.06549072,7.229447085816866,0,0,0
2020-01-10 03:00:00,1037.688,25.026513671875023,0.017226303,0.0014944077,23.0267672876318,22.940576171875023,0.015959824,0.0021095276,12.278516979567575,22.370263671875023,0.015418137,0.055236816,7.265826058836033,0,0,0
2020-01-10 04:00:00,1038.856,25.145166015625023,0.017372904,0.0053749084,23.509849464651744,22.692041015625023,0.015526592,0.002664566,12.065393491004489,22.152978515625023,0.015206157,0.04890442,7.1646626188463705,0,0,0
2020-01-10 05:00:00,1055.3086999999998,25.2697692871094,0.017671112,0.010196686,22.567274182179645,22.4025817871094,0.015149598,0.0026721954,11.457024351131574,21.9572692871094,0.014970307,0.044326782,6.937178691949669,0,0,0
2020-01-10 06:00:00,1082.6026,25.424584960937523,0.01793735,0.010807037,21.02945435429681,22.010522460937523,0.014992403,0.0009329319,10.063873712823806,21.830834960937523,0.014813112,0.036224365,6.815983872233371,0,0,0
2020-01-10 07:00:00,1189.3739,26.342614746093773,0.018401418,0.0049877167,22.47867092072627,23.381677246093773,0.01552895,0.00040721893,12.762786467472791,22.178552246093773,0.014781269,0.028297424,7.253475634684312,0,0,0
2020-01-10 08:00:00,1358.5646000000002,27.562951660156276,0.018544598,0.006883621,25.587162184430376,25.219201660156276,0.01637785,0.0011262894,14.86867915902694,23.148889160156276,0.014752788,0.02671814,7.423430537030056,0,0,0
2020-01-10 09:00:00,1441.442,28.575036621093773,0.018543037,0.014431,27.273883408611315,27.114099121093773,0.016811164,0.003285408,17.34115449856963,24.309411621093773,0.014640601,0.030761719,7.074664455045855,0,0,0
2020-01-10 10:00:00,1535.9506,29.351129150390648,0.018335853,0.022994995,29.08063798920813,28.413629150390648,0.017077003,0.007915497,17.31653132356703,25.366754150390648,0.014563117,0.03163147,6.769717295842198,0,0,0
2020-01-10 11:00:00,1561.8585,29.909936523437523,0.01806052,0.018081665,29.854839848881184,29.402124023437523,0.017541721,0.01890564,16.871157277317305,26.222436523437523,0.014589145,0.039627075,6.482674514063285,0,0,0
2020-01-10 12:00:00,1577.0431,30.225152587890648,0.017908983,0.0114860535,29.290175609016607,30.053277587890648,0.01794713,0.031829834,16.635843888420055,26.850152587890648,0.014944964,0.056152344,6.065816422851291,0,0,0
2020-01-10 13:00:00,1594.8164,30.318444824218773,0.017743543,0.007068634,28.95522021729469,30.388757324218773,0.01815553,0.03517151,16.204497666663606,27.248132324218773,0.015519574,0.07284546,5.440281733902967,0,0,0
2020-01-10 14:00:00,1605.2256,30.170861816406276,0.017547045,0.0031108856,28.91316686670139,30.405236816406276,0.01824895,0.032180786,15.531954857779544,27.397424316406276,0.016234789,0.08578491,4.620177842965426,0,0,0
2020-01-10 15:00:00,1574.1553,29.729943847656276,0.017327841,0.0005791187,28.832470327997285,30.097131347656276,0.018250998,0.030830383,14.631573417572977,27.190881347656276,0.016763266,0.10043335,4.054625730540157,0,0,0
2020-01-10 16:00:00,1486.8083,28.897912597656276,0.0172203,0.00015932322,28.75283346261558,29.382287597656276,0.018334191,0.023712158,13.090789294128207,26.647912597656276,0.01695327,0.10372925,4.030804539398154,0,0,0
2020-01-10 17:00:00,1348.405,27.719628906250023,0.017333623,0.00012427568,27.293633424978605,27.969628906250023,0.018409368,0.028877258,10.535517517616952,25.657128906250023,0.017150518,0.09863281,4.135078961911155,0,0,0
2020-01-10 18:00:00,1378.5822,26.590875244140648,0.017675936,0.00012078881,23.49085590776328,26.028375244140648,0.017912447,0.032577515,9.107958870112617,24.528375244140648,0.016958773,0.11416626,4.8555920129353485,0,0,0
2020-01-10 19:00:00,1422.1301,26.141534423828148,0.017926743,0.00010320544,20.84467635216634,25.086846923828148,0.017530015,0.027259827,9.244109815670717,23.891534423828148,0.016622117,0.11352539,6.157331404613943,0,0,0
2020-01-10 20:00:00,1391.8517,25.924401855468773,0.018047808,0.00015985966,19.4074969877894,24.432214355468773,0.017284868,0.013774872,9.3896055295919,23.479089355468773,0.016445635,0.09643555,6.341736581678471,0,0,0
2020-01-10 21:00:00,1328.3746,25.771936035156276,0.01816142,0.0007469654,18.164245387184128,23.951623535156276,0.01715434,0.0060749054,9.218348864087826,23.225061035156276,0.016299848,0.08078003,6.327311959488834,0,0,0
2020-01-10 22:00:00,1295.3931,25.668847656250023,0.018237239,0.0030965805,17.612780915423524,23.590722656250023,0.017024165,0.0024433136,8.893156854040438,23.036035156250023,0.016169673,0.07107544,6.259151948029422,0,0,0
2020-01-10 23:00:00,1236.2925,25.624780273437523,0.018275106,0.0058784485,17.01411190651117,23.304467773437523,0.016894186,0.0009498596,8.582279347517659,22.882592773437523,0.016108358,0.06359863,6.042535631850475,0,0,0
2020-01-11 00:00:00,1175.9983,25.611169433593773,0.01832064,0.0065517426,16.314991811971804,23.048669433593773,0.01682528,0.00207901,8.205573058262143,22.759606933593773,0.016123375,0.06466675,5.799878036926733,0,0,0
2020-01-11 01:00:00,1142.0389,25.598046875000023,0.018381491,0.007669449,15.941347163192995,22.832421875000023,0.0167488,0.0045204163,7.990424767806196,22.660546875000023,0.016161337,0.063446045,5.366922830111094,0,0,0
2020-01-11 02:00:00,1093.421,25.586450195312523,0.01842713,0.008686066,15.987090443606393,22.617700195312523,0.01666474,0.0042476654,7.396363261691611,22.578637695312523,0.01615357,0.06323242,5.016347239179464,0,0,0
2020-01-11 03:00:00,1067.8764,25.582360839843773,0.018427026,0.008197784,16.180573068473773,22.472985839843773,0.016588341,0.0061206818,7.017052316223541,22.527673339843773,0.016145837,0.05870056,5.001738943975793,0,0,0
2020-01-11 04:00:00,1059.1096,25.562768554687523,0.018419258,0.0074825287,16.400975798443007,22.429956054687523,0.016542427,0.0070495605,7.17022966248507,22.492456054687523,0.016084664,0.05656433,4.865805032740028,0,0,0
2020-01-11 05:00:00,1054.0637,25.5429626464844,0.0183886,0.00787735,16.597164720819624,22.4023376464844,0.01649651,0.006052017,7.041410505462176,22.4492126464844,0.016031116,0.056625366,4.769165600906477,0,0,0
2020-01-11 06:00:00,1049.2645,25.581170654296898,0.018388571,0.008041382,16.552240520840844,22.495233154296898,0.01651937,0.0044288635,7.086014728230441,22.401483154296898,0.01600057,0.058135986,4.727452813149532,0,0,0
2020-01-11 07:00:00,1116.2854,26.458032226562523,0.018648151,0.008014679,18.79826746323024,24.153344726562523,0.017107014,0.012268066,10.023278082325414,22.911157226562523,0.016222004,0.05860901,4.826793888630076,0,0,0
2020-01-11 08:00:00,1244.8815,27.542565917968773,0.01861034,0.013442993,21.76287620609277,26.191003417968773,0.017916065,0.021713257,11.546337488282184,24.159753417968773,0.016321521,0.05253601,4.97962189491417,0,0,0
2020-01-11 09:00:00,1337.3807,28.484490966796898,0.018702418,0.022850037,22.95037051631057,27.992303466796898,0.01830569,0.019439697,13.31907279215504,25.507928466796898,0.016337305,0.04838562,4.682508799009514,0,0,0
2020-01-11 10:00:00,1431.9412,29.377038574218773,0.01874138,0.03250122,23.13143612926668,29.267663574218773,0.018527757,0.015716553,13.501411669356273,26.697351074218773,0.01636101,0.047042847,4.3589890438396335,0,0,0
2020-01-11 11:00:00,1444.1931,30.130487060546898,0.018611113,0.03604126,22.75765596785766,30.239862060546898,0.018687407,0.017166138,13.150498303157104,27.685174560546898,0.016535917,0.05041504,3.5318763177478054,0,0,0
2020-01-11 12:00:00,1411.2386,30.590600585937523,0.018443821,0.027900696,22.18233789531557,30.840600585937523,0.018802403,0.025230408,12.504413924060117,28.254663085937523,0.017085789,0.054519653,2.4695958178248456,0,0,0
2020-01-11 13:00:00,1386.7401,30.813409423828148,0.018284734,0.016220093,21.383232378504545,31.125909423828148,0.018872198,0.03035736,11.754955224098332,28.625909423828148,0.017002996,0.06384277,2.054113061475002,0,0,0
2020-01-11 14:00:00,1384.5795,30.824243164062523,0.018147193,0.009250641,20.617752011265605,31.105493164062523,0.018894874,0.029563904,11.047552716348893,28.613305664062523,0.017086707,0.07141113,1.80863338946082,0,0,0
2020-01-11 15:00:00,1362.5339,30.557763671875023,0.018039737,0.006631851,20.229611928840946,30.807763671875023,0.018947635,0.027252197,10.317802968920695,28.206201171875023,0.017314944,0.07064819,1.8086342436704328,0,0,0
2020-01-11 16:00:00,1338.548,29.927819824218773,0.018069107,0.005958557,19.992090507531422,30.162194824218773,0.019190628,0.0317688,9.361024458647956,27.599694824218773,0.017496902,0.061950684,1.7865660214752248,0,0,0
2020-01-11 17:00:00,1292.2322,28.800622558593773,0.018396618,0.014564514,19.27191039976429,28.769372558593773,0.01975465,0.035247803,7.222384608407578,26.605310058593773,0.017755749,0.064971924,1.7465722655976987,0,0,0
2020-01-11 18:00:00,1327.6568,27.527307128906276,0.018831484,0.015003204,17.960548807777634,26.761682128906276,0.019418947,0.03894043,5.7739321823762095,25.300744628906276,0.018228762,0.088134766,1.804323570911226,0,0,0
2020-01-11 19:00:00,1360.332,26.827478027343773,0.018984243,0.0044898987,17.419999566236946,26.046228027343773,0.018938467,0.03944397,6.1110747846429225,24.538415527343773,0.017679617,0.091156006,2.6486998787602856,0,0,0
2020-01-11 20:00:00,1315.7314,26.4128356933594,0.018931193,0.004896164,16.372129362824094,25.4597106933594,0.018626017,0.03907776,5.920768897797438,23.9597106933594,0.017420573,0.09249878,3.467736276498915,0,0,0
2020-01-11 21:00:00,1260.4177,26.190454101562523,0.018786687,0.0058288574,16.01876081153008,24.995141601562523,0.0183747,0.037704468,5.852912764563457,23.526391601562523,0.017329473,0.08987427,3.7802937911167382,0,0,0
2020-01-11 22:00:00,1219.2241,26.015527343750023,0.018664926,0.0058021545,16.234398751411284,24.640527343750023,0.018161386,0.032043457,6.282533766097542,23.218652343750023,0.017276376,0.08822632,3.856095977130882,0,0,0
2020-01-11 23:00:00,1179.1118,25.861840820312523,0.018573431,0.00875473,16.64071841963214,24.377465820312523,0.017947821,0.026405334,6.741996063308223,23.041528320312523,0.017230658,0.088012695,4.075764718880453,0,0,0
2020-01-12 00:00:00,1148.3761,25.7592712402344,0.018497173,0.017036438,17.262614459321956,24.1342712402344,0.017802898,0.022224426,6.952101325298649,22.8452087402344,0.017162029,0.087677,4.335352057446502,0,0,0
2020-01-12 01:00:00,1116.6489,25.705499267578148,0.018458068,0.017974854,18.4087558396797,23.932061767578148,0.01767224,0.017494202,7.190786188300927,22.650811767578148,0.017069519,0.088409424,4.6002028690053045,0,0,0
2020-01-12 02:00:00,1078.7136,25.659783935546898,0.01847996,0.011920929,19.42169668028306,23.769158935546898,0.017556803,0.01675415,7.773044489908047,22.495721435546898,0.016992228,0.086517334,4.875737313486872,0,0,0
2020-01-12 03:00:00,1036.5087,25.6267028808594,0.018510269,0.010166168,20.111087872308524,23.6735778808594,0.017434524,0.01612091,8.71794689786613,22.3688903808594,0.016892837,0.086517334,5.105264022680117,0,0,0
2020-01-12 04:00:00,1028.2537,25.6005798339844,0.018517205,0.008701324,19.86110579901256,23.5693298339844,0.017357538,0.007835388,9.08370661210606,22.2802673339844,0.016800592,0.08898926,5.131079377509971,0,0,0
2020-01-12 05:00:00,1011.5015,25.574975585937523,0.018486083,0.008029938,19.43330972625363,23.442163085937523,0.017303526,0.00310421,8.966719587753667,22.231225585937523,0.016723692,0.087524414,5.038179189932185,0,0,0
2020-01-12 06:00:00,988.3955,25.595513916015648,0.018500974,0.0069618225,19.15440266250613,23.361138916015648,0.017265012,0.0010213852,8.728443412832023,22.197076416015648,0.01666992,0.07775879,4.8973173622087645,0,0,0
2020-01-12 07:00:00,982.9531,26.416711425781276,0.018691173,0.00746727,22.73162563916665,24.635461425781276,0.017691722,0.0008163452,11.399832433171747,22.627648925781276,0.016814342,0.06820679,5.162233843650514,0,0,0
2020-01-12 08:00:00,1038.2769,27.464776611328148,0.018713275,0.008930206,25.94789526016739,26.410089111328148,0.018232623,0.0010552406,13.409664802202249,23.535089111328148,0.01713399,0.06777954,5.448767653959782,0,0,0
2020-01-12 09:00:00,1091.3426,28.487695312500023,0.018873394,0.0061454773,25.504527473193058,28.034570312500023,0.018400371,0.001701355,15.364936802960967,24.854882812500023,0.017248333,0.06248474,5.496793238653634,0,0,0
2020-01-12 10:00:00,1145.6276,29.543725585937523,0.018911656,0.009490967,23.775341948447878,29.278100585937523,0.018423375,0.0025539398,15.461785896852833,26.324975585937523,0.01698142,0.054244995,5.192616208814302,0,0,0
2020-01-12 11:00:00,1210.2646,30.434991455078148,0.018774522,0.017059326,22.18384112381884,30.247491455078148,0.01854564,0.0030050278,14.91051457275096,27.356866455078148,0.016874803,0.06112671,4.544004472535579,0,0,0
2020-01-12 12:00:00,1210.0116,30.978051757812523,0.018576872,0.021965027,21.86943015027269,30.853051757812523,0.018698942,0.005472183,14.100762983740731,27.931176757812523,0.017188322,0.07208252,3.6348634111224993,0,0,0
2020-01-12 13:00:00,1242.1469,31.152124023437523,0.018296968,0.02053833,22.84516100240018,31.089624023437523,0.018792879,0.0119514465,13.528980581783514,28.152124023437523,0.017335664,0.08319092,3.2275138062197333,0,0,0
2020-01-12 14:00:00,1250.2065,30.944543457031276,0.018100021,0.014781952,24.26077155865192,30.975793457031276,0.018817184,0.018363953,13.228286432893857,27.991418457031276,0.017405747,0.09420776,3.394099930905526,0,0,0
2020-01-12 15:00:00,1237.9806,30.356256103515648,0.017985139,0.0061416626,25.46210962369885,30.528131103515648,0.018763337,0.024368286,13.016991693701977,27.528131103515648,0.01745871,0.09094238,3.957365744669673,0,0,0
2020-01-12 16:00:00,1226.7604,29.346093750000023,0.01798457,0.0027675629,26.648000594208668,29.658593750000023,0.018778026,0.030090332,12.0738130542891,26.760156250000023,0.017442882,0.08810425,4.5281040167470445,0,0,0
2020-01-12 17:00:00,1220.1112,28.041467285156276,0.018022086,0.0016593933,26.43170325828037,28.275842285156276,0.019029167,0.03466797,9.802454921207229,25.596154785156276,0.017434623,0.0847168,4.99320370929033,0,0,0
2020-01-12 18:00:00,1251.5005,26.832910156250023,0.018113097,0.008159637,24.246066449658382,26.465722656250023,0.018662414,0.0388031,8.531685256753939,24.301660156250023,0.017281493,0.100860596,5.439034333631465,0,0,0
2020-01-12 19:00:00,1319.2753,26.378594970703148,0.01812792,0.013877869,23.75397273516843,25.777032470703148,0.018333914,0.039352417,9.657600086235668,23.636407470703148,0.01712084,0.108673096,5.960081221647918,0,0,0
2020-01-12 20:00:00,1304.2796,26.195642089843773,0.018028364,0.013500214,23.771952282722413,25.328454589843773,0.018097028,0.034622192,10.20507701854061,23.359704589843773,0.017128095,0.10247803,5.917660834733928,0,0,0
2020-01-12 21:00:00,1276.9713,26.058679199218773,0.017974732,0.012767792,23.576805613557006,24.957116699218773,0.017799256,0.027503967,10.66675502581557,23.261804199218773,0.017143128,0.10092163,5.941866227802844,0,0,0
2020-01-12 22:00:00,1225.1304,25.955438232421898,0.017959367,0.014289856,23.41897963570861,24.650750732421898,0.01753975,0.020683289,11.438837852403289,23.150750732421898,0.01705147,0.09362793,6.096890998635548,0,0,0
2020-01-12 23:00:00,1190.5666,25.882531738281276,0.017981987,0.015575409,22.95126231592788,24.398156738281276,0.017386895,0.010280609,11.82837190519009,22.984094238281276,0.016875725,0.08282471,6.301303020330662,0,0,0
2020-01-13 00:00:00,1077.1595,25.837365722656276,0.018012155,0.015419006,22.462560403325504,24.212365722656276,0.017279733,0.0076789856,12.070074538764784,22.751428222656276,0.016646493,0.07608032,6.462451767879808,0,0,0
2020-01-13 01:00:00,1039.8034,25.807427978515648,0.018065495,0.015586853,22.39460189353065,24.033990478515648,0.017104192,0.016326904,12.144784443726053,22.510552978515648,0.016394658,0.07116699,6.386468834703239,0,0,0
2020-01-13 02:00:00,998.7073,25.787957763671898,0.018104073,0.018989563,22.540760808525263,23.858270263671898,0.016967293,0.014408112,11.706952068988985,22.280145263671898,0.016166206,0.068481445,6.246091826189901,0,0,0
2020-01-13 03:00:00,966.8077,25.768151855468773,0.018165955,0.019676208,22.06088386819301,23.736901855468773,0.016929993,0.009731293,11.003965779591374,22.065026855468773,0.01596869,0.07470703,6.075140379237455,0,0,0
2020-01-13 04:00:00,955.9626,25.7751403808594,0.018212812,0.014743805,21.194249650830265,23.6735778808594,0.016931074,0.01361084,10.404191492978136,21.9235778808594,0.015893476,0.07281494,5.900119848165568,0,0,0
2020-01-13 05:00:00,966.0251,25.771813964843773,0.018243521,0.012012482,20.37465659759022,23.607751464843773,0.016900748,0.016540527,9.93588646798992,21.881188964843773,0.015893668,0.07281494,5.779484877549997,0,0,0
2020-01-13 06:00:00,1003.9033,25.775750732421898,0.018334942,0.008682251,19.604698015147715,23.619500732421898,0.016931133,0.015304565,9.721229500893044,21.885125732421898,0.015931683,0.076171875,5.703346113543272,0,0,0
2020-01-13 07:00:00,1108.8528,26.523583984375023,0.018578613,0.004003525,21.783941601425944,24.890771484375023,0.017434204,0.01939392,12.28310473232376,22.359521484375023,0.016182983,0.07626343,5.995370967481472,0,0,0
2020-01-13 08:00:00,1286.6167,27.620538330078148,0.01847899,0.0032434464,25.39272345895741,26.573663330078148,0.018028855,0.025650024,14.079908267936126,23.362725830078148,0.016556382,0.07550049,6.403712626312227,0,0,0
2020-01-13 09:00:00,1402.8911,28.622460937500023,0.018493868,0.0047283173,26.932571443161823,28.091210937500023,0.01821158,0.019607544,16.032358617095255,24.778710937500023,0.01670859,0.07522583,6.78383730704079,0,0,0
2020-01-13 10:00:00,1471.1054,29.484765625000023,0.018417219,0.009593964,26.71505093637673,29.297265625000023,0.018325666,0.010978699,16.35704669812281,26.133203125000023,0.016662458,0.07260132,6.843046437508549,0,0,0
2020-01-13 11:00:00,1517.063,30.099206542968773,0.018111695,0.017410278,25.771658762791,30.224206542968773,0.018477906,0.0056114197,16.147736740963694,27.021081542968773,0.016684998,0.07052612,6.568109628113256,0,0,0
2020-01-13 12:00:00,1527.7693000000002,30.440393066406276,0.017776018,0.021095276,24.82445620952517,30.752893066406276,0.018584734,0.0032444,15.74251967313936,27.487268066406276,0.016906267,0.07458496,5.917377300658389,0,0,0
2020-01-13 13:00:00,1541.7857,30.497338867187523,0.017502222,0.023155212,24.17196698734113,30.950463867187523,0.018631373,0.0029659271,15.19281807932308,27.622338867187523,0.017082606,0.0765686,5.444879761936735,0,0,0
2020-01-13 14:00:00,1557.1441,30.288781738281276,0.017312264,0.02168274,23.9280111205784,30.851281738281276,0.018601632,0.0034513474,14.473182967389018,27.452844238281276,0.0171139,0.07312012,5.322665538301011,0,0,0
2020-01-13 15:00:00,1527.7729,29.842126464843773,0.017221453,0.021400452,24.046737252894943,30.389001464843773,0.018533709,0.0033111572,13.828862765011994,27.037438964843773,0.017099382,0.061080933,5.33454159441296,0,0,0
2020-01-13 16:00:00,1436.2030000000002,29.004937744140648,0.01735872,0.020736694,24.8325952257216,29.520562744140648,0.018472612,0.005836487,13.03673294751504,26.372125244140648,0.017061174,0.053771973,5.626552428596972,0,0,0
2020-01-13 17:00:00,1317.1199,27.851037597656276,0.017701449,0.01700592,24.807066113807267,28.038537597656276,0.018395724,0.007724762,11.660093828350504,25.296350097656276,0.016976656,0.051956177,6.031434057718159,0,0,0
2020-01-13 18:00:00,1323.773,26.767266845703148,0.018112665,0.009807587,23.184309843089803,26.267266845703148,0.017960077,0.008522034,11.042901589102014,24.009454345703148,0.016891962,0.065216064,6.245674785139594,0,0,0
2020-01-13 19:00:00,1348.8248,26.352746582031276,0.01824965,0.005842209,23.301651610421043,25.493371582031276,0.017654557,0.0060272217,11.644976476675854,23.368371582031276,0.016716141,0.070007324,6.553898712455808,0,0,0
2020-01-13 20:00:00,1309.9142000000002,26.150781250000023,0.018325618,0.008579254,23.491191586493017,24.963281250000023,0.017440608,0.0072460175,11.18323572820224,23.127343750000023,0.016616633,0.06295776,6.440347937075927,0,0,0
2020-01-13 21:00:00,1267.1213,26.058221435546898,0.018379262,0.011890411,23.73089062125007,24.612908935546898,0.017273,0.0053520203,10.838554990956691,23.011346435546898,0.016540578,0.055419922,6.21107668623524,0,0,0
2020-01-13 22:00:00,1227.0033999999998,25.9897399902344,0.018387245,0.011943817,23.307260637781955,24.3647399902344,0.017204689,0.007062912,10.427762748135216,22.9194274902344,0.016495155,0.052520752,6.031164837962344,0,0,0
2020-01-13 23:00:00,1159.5726000000002,25.902246093750023,0.018440003,0.013435364,22.070888792254788,24.160058593750023,0.017150635,0.013645172,9.920837113530446,22.816308593750023,0.01644873,0.05834961,5.921178816886294,0,0,0
2020-01-14 00:00:00,1158.4934,25.839013671875023,0.018492756,0.014492035,21.275566808947588,23.987451171875023,0.017142354,0.019386292,9.451059663488396,22.714013671875023,0.016409932,0.06417847,5.78083814318965,0,0,0
2020-01-14 01:00:00,1106.3313,25.840264892578148,0.018439295,0.016616821,21.61354212633992,23.848077392578148,0.017134668,0.026107788,9.133783196649592,22.590264892578148,0.0163641,0.072906494,5.54291130181316,0,0,0
2020-01-14 02:00:00,1080.7914,25.775811767578148,0.018469995,0.020256042,21.32386744936403,23.752374267578148,0.017119592,0.030181885,9.032372732102615,22.517999267578148,0.016356653,0.08358765,5.377275430626901,0,0,0
2020-01-14 03:00:00,1060.4196,25.7246032714844,0.018408893,0.013988495,21.36721563640744,23.8730407714844,0.01718056,0.047683716,9.438019596979224,22.5136657714844,0.016402362,0.084625244,5.254744897779041,0,0,0
2020-01-14 04:00:00,1038.6309,25.685388183593773,0.018180242,0.0115737915,21.607532332295857,24.029138183593773,0.017257085,0.047348022,10.121399506308828,22.521325683593773,0.016402593,0.084472656,5.223631103652273,0,0,0
2020-01-14 05:00:00,1067.5219,25.628625488281276,0.017928524,0.00901413,22.05844216179984,24.113000488281276,0.017272396,0.047332764,10.66195401116426,22.495812988281276,0.016372127,0.093322754,5.434579472701175,0,0,0
2020-01-14 06:00:00,1099.2878,25.5993591308594,0.017753117,0.007610321,22.354913691126058,24.1306091308594,0.017234318,0.035308838,11.120619309558483,22.4587341308594,0.016311161,0.102996826,5.839746262773257,0,0,0
2020-01-14 07:00:00,1176.4379,26.241021728515648,0.017768698,0.005399704,25.267876682479983,25.116021728515648,0.017585592,0.03640747,13.672344724073712,22.858209228515648,0.01648696,0.10443115,6.471207604655319,0,0,0
2020-01-14 08:00:00,1322.7648,27.192895507812523,0.01765493,0.0029439926,29.655840417186116,26.599145507812523,0.017990623,0.036499023,16.524562461704736,23.802270507812523,0.016678367,0.10513306,7.178457744161819,0,0,0
2020-01-14 09:00:00,1424.5326,28.105981445312523,0.017693581,0.0041675568,31.60605142329971,27.848168945312523,0.017983498,0.0340271,18.626969676482894,25.113793945312523,0.016640725,0.09838867,7.515389560493299,0,0,0
2020-01-14 10:00:00,1485.0358,28.944207763671898,0.017693838,0.003373146,32.186715592687165,28.912957763671898,0.017991384,0.019226074,19.197893027092515,26.225457763671898,0.01653417,0.09576416,7.469595414201191,0,0,0
2020-01-14 11:00:00,1530.4779,29.552301025390648,0.017609624,0.002275467,31.8060519235702,29.724176025390648,0.017983465,0.010063171,19.124143047207085,26.989801025390648,0.016442327,0.09875488,7.336848267395156,0,0,0
2020-01-14 12:00:00,1525.6016,29.9138122558594,0.017496293,0.0027885437,30.853515978607486,30.1794372558594,0.01790828,0.0062351227,18.794264912885595,27.3200622558594,0.016473955,0.09063721,7.137219016294796,0,0,0
2020-01-14 13:00:00,1554.6659,29.984429931640648,0.017352743,0.0030355453,29.902873780818503,30.312554931640648,0.017825766,0.005744934,18.344153946388182,27.304742431640648,0.01637618,0.08554077,7.225223514043068,0,0,0
2020-01-14 14:00:00,1570.8045,29.750787353515648,0.017139979,0.0014753342,29.24045723992033,30.078912353515648,0.017666407,0.0065288544,17.71888671822254,27.039849853515648,0.016209193,0.08673096,7.338073708040068,0,0,0
2020-01-14 15:00:00,1533.8159,29.262384033203148,0.016859176,0.00013518333,28.752556633097047,29.543634033203148,0.01743138,0.0063114166,16.885625560989368,26.559259033203148,0.016019942,0.08630371,7.472356113083563,0,0,0
2020-01-14 16:00:00,1450.3658,28.460351562500023,0.016745154,4.3854117e-05,28.238994276168764,28.632226562500023,0.017233435,0.005355835,15.555299862773484,25.811914062500023,0.01591355,0.07595825,7.459101239387925,0,0,0
2020-01-14 17:00:00,1329.6718,27.311944580078148,0.016843887,0.00017243624,26.816027890174947,27.171319580078148,0.017133804,0.007211685,13.42612032344777,24.757257080078148,0.015951248,0.05996704,6.946511151750674,0,0,0
2020-01-14 18:00:00,1313.8261,26.195092773437523,0.017163293,0.0022096634,24.15470069012836,25.421655273437523,0.016842859,0.0071926117,11.267323088474836,23.585717773437523,0.015995996,0.06188965,6.483422796356184,0,0,0
2020-01-14 19:00:00,1343.82,25.766900634765648,0.017300451,0.005344391,23.67129497278247,24.657525634765648,0.016613806,0.0076084137,10.879021325973506,22.915338134765648,0.01592716,0.06298828,6.459999681006267,0,0,0
2020-01-14 20:00:00,1311.2469,25.580041503906276,0.017337482,0.006214142,23.901453792775936,24.267541503906276,0.016460102,0.0068969727,11.097536834428798,22.548791503906276,0.015880268,0.063812256,6.396892466705285,0,0,0
2020-01-14 21:00:00,1270.062,25.445916748046898,0.01746611,0.00705719,23.52273765979885,24.000604248046898,0.016367476,0.0074691772,11.139203860257735,22.375604248046898,0.015894454,0.06402588,6.333019591474204,0,0,0
2020-01-14 22:00:00,1209.3861000000002,25.361413574218773,0.017587975,0.0061836243,23.245829310271244,23.798913574218773,0.016275719,0.010425568,11.467679908992803,22.275476074218773,0.015955284,0.06707764,6.4063319205652025,0,0,0
2020-01-14 23:00:00,1177.0442,25.319146728515648,0.01767182,0.0093307495,23.833480584105416,23.623834228515648,0.016245123,0.005886078,11.9240080798767,22.217584228515648,0.015978094,0.06994629,6.432871853710044,0,0,0
2020-01-15 00:00:00,1134.6995,25.296197509765648,0.017687546,0.017173767,24.07456670353364,23.530572509765648,0.016268479,0.0035095215,12.38135246222905,22.210260009765648,0.015986191,0.06692505,6.550955666282712,0,0,0
2020-01-15 01:00:00,1092.6994,25.271569824218773,0.017664867,0.020088196,24.194421929243,23.459069824218773,0.016344981,0.0059947968,12.297595445014773,22.193444824218773,0.015932994,0.06726074,6.749100892267347,0,0,0
2020-01-15 02:00:00,1053.317,25.267541503906276,0.017566048,0.024147034,25.175217567875038,23.439416503906276,0.016436897,0.008068085,12.252399505408594,22.126916503906276,0.015834175,0.06964111,6.856435478713038,0,0,0
2020-01-15 03:00:00,1040.4322,25.214013671875023,0.017566077,0.02683258,25.179488417418067,23.495263671875023,0.016505592,0.013591766,12.626829085092607,22.042138671875023,0.015727393,0.07525635,7.027676118091142,0,0,0
2020-01-15 04:00:00,1020.8605,25.146783447265648,0.017581334,0.026390076,23.67836049770708,23.506158447265648,0.016459813,0.018676758,12.751579456110068,21.998345947265648,0.015673986,0.0770874,7.132963793383658,0,0,0
2020-01-15 05:00:00,1052.8745,25.093652343750023,0.017596018,0.026184082,22.4499961937984,23.413964843750023,0.016405832,0.018318176,12.488263081097982,21.984277343750023,0.015650522,0.07699585,7.178924542589635,0,0,0
2020-01-15 06:00:00,1069.0758,25.070581054687523,0.017648272,0.02456665,21.620914252303688,23.359643554687523,0.016366534,0.020622253,12.151731240590976,21.984643554687523,0.015634112,0.071624756,7.074268961095792,0,0,0
2020-01-15 07:00:00,1164.1309,25.832421875000023,0.01788411,0.023292542,23.99451124370361,24.449609375000023,0.016678665,0.024055481,13.92359275624288,22.371484375000023,0.015763137,0.06814575,7.088826300638046,0,0,0
2020-01-15 08:00:00,1328.7085000000002,26.942742919921898,0.017815433,0.027900696,28.59580848763545,26.067742919921898,0.017166935,0.025802612,15.38088790175926,23.325555419921898,0.015900455,0.062210083,7.209102170070191,0,0,0
2020-01-15 09:00:00,1407.2759999999998,27.970849609375023,0.017686004,0.041275024,29.9732579785324,27.478662109375023,0.017281646,0.028388977,16.88712015917776,24.650537109375023,0.015809173,0.057556152,7.080043248836515,0,0,0
2020-01-15 10:00:00,1507.0138,28.769219970703148,0.017655179,0.043045044,29.538677079441385,28.550469970703148,0.01727371,0.028335571,17.447493985862803,25.800469970703148,0.01575546,0.056427002,6.819501502201272,0,0,0
2020-01-15 11:00:00,1518.3437,29.401177978515648,0.017702492,0.035598755,28.50451752847696,29.401177978515648,0.017389687,0.025512695,17.45067861379698,26.604302978515648,0.015680702,0.06695557,6.64373088557597,0,0,0
2020-01-15 12:00:00,1536.2031000000002,29.753381347656276,0.017796671,0.039596558,27.4466660773174,29.987756347656276,0.017506754,0.019866943,17.27298583725138,27.120568847656276,0.015698588,0.07159424,6.479361731566337,0,0,0
2020-01-15 13:00:00,1546.6291,29.856103515625023,0.01777503,0.039520264,26.60252507206714,30.199853515625023,0.017561408,0.018981934,16.942755820482112,27.309228515625023,0.015844794,0.070739746,6.264983821035138,0,0,0
2020-01-15 14:00:00,1568.8463000000002,29.783349609375023,0.01770812,0.036376953,26.143811936821507,30.095849609375023,0.017532645,0.018737793,16.410165520483577,27.181787109375023,0.016029654,0.0664978,6.125328129912445,0,0,0
2020-01-15 15:00:00,1549.0518,29.434106445312523,0.01760046,0.032806396,26.02656009626197,29.621606445312523,0.017424984,0.018035889,15.749420852912287,26.785668945312523,0.01608221,0.06213379,6.218884996645417,0,0,0
2020-01-15 16:00:00,1455.724,28.706018066406276,0.017500136,0.025566101,26.187126747694272,28.737268066406276,0.01733229,0.017364502,14.598728375383338,26.127893066406276,0.016111586,0.06112671,6.324185785651812,0,0,0
2020-01-15 17:00:00,1363.5943000000002,27.638513183593773,0.017492069,0.022850037,25.457232705490288,27.341638183593773,0.01734711,0.026130676,12.291169024894872,25.099450683593773,0.01622559,0.061904907,6.1922779570447455,0,0,0
2020-01-15 18:00:00,1353.1342000000002,26.5790954589844,0.017758146,0.012382507,22.97047175466442,25.5165954589844,0.017216459,0.052581787,9.766019308445715,23.8134704589844,0.016384855,0.08581543,5.725667533104415,0,0,0
2020-01-15 19:00:00,1399.3373,26.108819580078148,0.017901696,0.013313293,21.176276064708592,24.788507080078148,0.017176904,0.05506897,9.28599188613948,23.163507080078148,0.01635293,0.10369873,5.658315433629319,0,0,0
2020-01-15 20:00:00,1364.5367,25.9208923339844,0.017832326,0.021987915,20.45826859204316,24.4208923339844,0.017107533,0.06175232,9.324909187263328,22.9130798339844,0.016329335,0.101379395,5.526255265643035,0,0,0
2020-01-15 21:00:00,1352.7401,25.809259033203148,0.01773314,0.02784729,21.03680790869434,24.207696533203148,0.017084641,0.058059692,9.56398433160396,22.778009033203148,0.01634459,0.10333252,5.280706318515745,0,0,0
2020-01-15 22:00:00,1292.4376,25.700250244140648,0.01761982,0.029945374,21.69896836882999,24.051812744140648,0.017047616,0.056900024,9.747724120740063,22.661187744140648,0.016345711,0.09701538,5.329623146977087,0,0,0
2020-01-15 23:00:00,1257.8189,25.566033935546898,0.017619934,0.030578613,21.37959410436463,23.878533935546898,0.017017212,0.04737854,9.733989210979878,22.558221435546898,0.016338196,0.08370972,5.503007992178014,0,0,0
2020-01-16 00:00:00,1181.7322,25.449914550781276,0.017635642,0.04269409,20.758557893795956,23.684289550781276,0.016971884,0.036956787,9.588919873394444,22.465539550781276,0.016315756,0.075164795,5.445120371599333,0,0,0
2020-01-16 01:00:00,1117.1369000000002,25.360070800781276,0.01771222,0.06411743,20.21064963284315,23.516320800781276,0.016926393,0.02998352,9.408827325800411,22.383508300781276,0.016270265,0.071777344,5.147522432223737,0,0,0
2020-01-16 02:00:00,1066.4121,25.301232910156276,0.017910749,0.06854248,19.620133977310086,23.363732910156276,0.01688841,0.027786255,9.163723893800306,22.332482910156276,0.016201764,0.06976318,4.853736828067265,0,0,0
2020-01-16 03:00:00,1045.991,25.269830322265648,0.018146442,0.050216675,19.17587722303596,23.090142822265648,0.016872333,0.024650574,8.270640254485516,22.301080322265648,0.016139911,0.07577515,4.635001586617504,0,0,0
2020-01-16 04:00:00,1026.9261,25.238000488281276,0.018329399,0.039367676,18.768250907489087,22.839562988281276,0.016872184,0.028701782,7.856577135799756,22.292687988281276,0.016124504,0.0796814,4.555458508726805,0,0,0
2020-01-16 05:00:00,1047.2011,25.193566894531276,0.01848936,0.044387817,18.04663560109071,22.771691894531276,0.01687193,0.029449463,7.934344657848947,22.287316894531276,0.016124249,0.07748413,4.525537697053107,0,0,0
2020-01-16 06:00:00,1109.2776,25.211785888671898,0.018657094,0.039382935,17.46951595585675,22.805535888671898,0.016864186,0.030929565,8.13974091925941,22.297723388671898,0.016131764,0.080596924,4.609497544550839,0,0,0
2020-01-16 07:00:00,1182.9007,25.963647460937523,0.018855518,0.027282715,21.247336948252556,24.330834960937523,0.01731438,0.026771545,11.313884287066614,22.823022460937523,0.016322559,0.085235596,4.963452145495366,0,0,0
2020-01-16 08:00:00,1357.3394,27.090112304687523,0.018489096,0.018745422,26.287670723745727,26.215112304687523,0.017871115,0.029563904,13.459155129930087,23.988549804687523,0.016467307,0.07116699,5.379849411796163,0,0,0
2020-01-16 09:00:00,1425.8346,28.133142089843773,0.018266486,0.016067505,27.34326291976891,27.820642089843773,0.01796131,0.024345398,15.48046777417673,25.461267089843773,0.01658039,0.057800293,5.327160335258253,0,0,0
2020-01-16 10:00:00,1530.3404,28.977868652343773,0.018341828,0.010978699,26.13233186917881,29.048181152343773,0.018128205,0.017593384,15.234514632773552,26.735681152343773,0.016541291,0.053207397,5.082604276353904,0,0,0
2020-01-16 11:00:00,1556.2838000000002,29.662469482421898,0.018524984,0.011886597,24.244044666313965,30.053094482421898,0.018334249,0.014835358,14.652155809328532,27.693719482421898,0.016587118,0.054351807,4.642012565549766,0,0,0
2020-01-16 12:00:00,1572.6474,30.125177001953148,0.018693382,0.0096588135,22.349926143242584,30.734552001953148,0.018548423,0.0135650635,14.034778339958129,28.211114501953148,0.01708358,0.059524536,3.841923312194804,0,0,0
2020-01-16 13:00:00,1602.1257,30.390283203125023,0.018731926,0.010066986,21.024228794681928,31.077783203125023,0.018739555,0.012802124,13.44164174679273,28.429345703125023,0.0171679,0.06930542,3.471185573519857,0,0,0
2020-01-16 14:00:00,1616.1020999999998,30.405969238281276,0.018716874,0.008522034,20.423399441595823,31.030969238281276,0.018854203,0.01210022,12.97927470268895,28.366906738281276,0.017175736,0.0763855,3.389817441058834,0,0,0
2020-01-16 15:00:00,1586.9077,30.221154785156276,0.018602576,0.0068092346,20.415883063193714,30.643029785156276,0.018823829,0.011302948,12.66986182085544,28.010217285156276,0.01716062,0.086761475,3.5235773584051318,0,0,0
2020-01-16 16:00:00,1521.6088,29.6721130371094,0.01847348,0.004091263,21.204380201885023,29.8283630371094,0.01872525,0.0118637085,12.096241851296163,27.3439880371094,0.017191742,0.08761597,3.915033211402774,0,0,0
2020-01-16 17:00:00,1394.6760000000002,28.5490661621094,0.018542647,0.002705574,22.00710037785568,28.3615661621094,0.018664718,0.013683319,10.518224758151362,26.2521911621094,0.017329574,0.08282471,4.206996566927021,0,0,0
2020-01-16 18:00:00,1393.6814,27.263085937500023,0.018917164,0.005619049,21.671329976924586,26.474023437500023,0.018276295,0.01341629,9.216629175405378,24.895898437500023,0.01745232,0.08917236,4.441422096566388,0,0,0
2020-01-16 19:00:00,1424.0132999999998,26.575769042968773,0.019314747,0.007226944,21.104332892116943,25.677331542968773,0.01801775,0.0153541565,9.955149444270722,24.091394042968773,0.017201405,0.08920288,5.120332510999003,0,0,0
2020-01-16 20:00:00,1394.5531999999998,26.307031250000023,0.01945288,0.0117836,21.4199261883658,25.267968750000023,0.017949888,0.017555237,10.11118564433852,23.572656250000023,0.01717169,0.09460449,5.2113943999468,0,0,0
2020-01-16 21:00:00,1361.0084,26.213311767578148,0.019370222,0.015613556,22.20181737110902,25.025811767578148,0.017951155,0.017936707,9.926673640429538,23.369561767578148,0.017188216,0.09240723,5.004218042741475,0,0,0
2020-01-16 22:00:00,1311.08,26.126336669921898,0.01933365,0.015159607,22.534374133268603,24.923211669921898,0.018021394,0.011054993,10.030369857251856,23.282586669921898,0.017220307,0.09411621,5.005731671535474,0,0,0
2020-01-16 23:00:00,1249.8618,26.040093994140648,0.01937309,0.015953064,22.52258095405656,24.844781494140648,0.018114239,0.0051021576,9.963091138965606,23.235406494140648,0.017275006,0.091674805,5.140999964804761,0,0,0
2020-01-17 00:00:00,1188.3584,25.965844726562523,0.019389246,0.018287659,22.48033246863557,24.543969726562523,0.018168543,0.002524376,8.802828048231348,23.239282226562523,0.017352197,0.08508301,5.335052736802869,0,0,0
2020-01-17 01:00:00,1162.343,25.915429687500023,0.019427687,0.022125244,22.116808889928784,24.321679687500023,0.018176466,0.0021514893,8.623568712975628,23.204492187500023,0.017390639,0.081970215,5.458728156721972,0,0,0
2020-01-17 02:00:00,1093.2818,25.8544860839844,0.019527843,0.023040771,21.127349022274053,24.1982360839844,0.018116405,0.0034561157,8.745124077415626,23.1591735839844,0.017376354,0.08215332,5.472071159502424,0,0,0
2020-01-17 03:00:00,1089.9803,25.763146972656276,0.019636355,0.025177002,19.842543170425884,24.091271972656276,0.018041812,0.005378723,8.808807274643181,23.122521972656276,0.017347537,0.08770752,5.298773803657471,0,0,0
2020-01-17 04:00:00,1083.1773,25.708154296875023,0.019652344,0.026191711,19.26142118825624,23.942529296875023,0.01795099,0.0072021484,8.071947348665859,23.114404296875023,0.01731012,0.10144043,4.977218234997856,0,0,0
2020-01-17 05:00:00,1103.6165,25.698205566406276,0.019620582,0.023521423,19.15772741199449,23.838830566406276,0.017911598,0.009082794,7.393935259757709,23.112268066406276,0.0172631,0.10797119,4.720475291955686,0,0,0
2020-01-17 06:00:00,1122.3218,25.708551025390648,0.019543352,0.019203186,19.093049627217304,23.896051025390648,0.01793355,0.017349243,7.353984593487066,23.122613525390648,0.017224016,0.10684204,4.5187639798149934,0,0,0
2020-01-17 07:00:00,1203.2634999999998,26.370446777343773,0.01949743,0.012504578,22.63020674506132,25.440759277343773,0.01848272,0.020622253,10.379794549397175,23.479821777343773,0.017460382,0.09539795,4.87297552474694,0,0,0
2020-01-17 08:00:00,1387.8889,27.430352783203148,0.019192677,0.011772156,27.40623412111142,27.227227783203148,0.019055348,0.015476227,13.53380654796478,24.360040283203148,0.017872792,0.089660645,5.22947889310285,0,0,0
2020-01-17 09:00:00,1457.415,28.532983398437523,0.01926993,0.010665894,28.374228451359887,28.720483398437523,0.019239413,0.0119895935,15.96480267076315,25.603295898437523,0.018033968,0.08532715,5.348716981290679,0,0,0
2020-01-17 10:00:00,1585.2867,29.505456542968773,0.019392658,0.011642456,29.175187152958525,29.833581542968773,0.019293476,0.008213043,16.098646109383726,27.099206542968773,0.017836262,0.08538818,4.933858110680043,0,0,0
2020-01-17 11:00:00,1635.1119,30.201287841796898,0.019460557,0.013137817,29.94591132325862,30.716912841796898,0.019391892,0.0050258636,15.573559258751349,28.052850341796898,0.018072007,0.08248901,4.062978168223278,0,0,0
2020-01-17 12:00:00,1682.2257,30.667687988281276,0.019391168,0.01474762,30.443344335921253,31.308312988281276,0.019559015,0.004348755,14.982102298483568,28.558312988281276,0.018117059,0.07470703,3.596358185732965,0,0,0
2020-01-17 13:00:00,1734.0464,30.776666259765648,0.01923844,0.013076782,30.50904018816595,31.620416259765648,0.01975724,0.0071468353,14.424583241278423,28.698541259765648,0.018086402,0.07046509,3.5722826387178563,0,0,0
2020-01-17 14:00:00,1754.882,30.541162109375023,0.019048149,0.007446289,30.17632945497182,31.588037109375023,0.019872123,0.011009216,13.856647177076791,28.533349609375023,0.018056327,0.081451416,3.758203741632024,0,0,0
2020-01-17 15:00:00,1732.6799,30.031793212890648,0.018850038,0.002199173,29.654425037697266,31.266168212890648,0.019925782,0.012294769,13.222422663418678,28.070855712890648,0.01807184,0.092315674,4.026862619781528,0,0,0
2020-01-17 16:00:00,1609.6208,29.193017578125023,0.018751098,0.0010967255,29.370085900466503,30.536767578125023,0.020002319,0.01612854,12.324859692624136,27.333642578125023,0.01820941,0.09661865,4.250741373361307,0,0,0
2020-01-17 17:00:00,1505.7617,28.051904296875023,0.018744003,0.005405426,28.498045715787963,29.169091796875023,0.02004863,0.015617371,10.445079846184235,26.169091796875023,0.01840068,0.11669922,4.344511917584353,0,0,0
2020-01-17 18:00:00,1594.3392,26.945123291015648,0.018912725,0.0115242,26.586667154070444,27.382623291015648,0.019568853,0.013587952,9.5820724701646,24.937310791015648,0.018302374,0.12200928,4.830969905259699,0,0,0
2020-01-17 19:00:00,1630.2435,26.430474853515648,0.019035598,0.015216827,26.20592812600448,26.571099853515648,0.019104263,0.009857178,11.368222327252225,24.360162353515648,0.017944595,0.1126709,5.958075843351355,0,0,0
2020-01-17 20:00:00,1597.618,26.213769531250023,0.019035928,0.01727295,26.346084367492324,26.049707031250023,0.0187689,0.008735657,12.512027386286588,24.073144531250023,0.017845742,0.10235596,6.1732395427134685,0,0,0
2020-01-17 21:00:00,1580.5389,26.131463623046898,0.018927937,0.01689148,27.37157164962057,25.717401123046898,0.018462544,0.0064525604,13.181494520369355,23.928338623046898,0.017745381,0.10031128,6.198422255808628,0,0,0
2020-01-17 22:00:00,1490.8949,26.017541503906276,0.018866159,0.014217377,27.587348393454487,25.423791503906276,0.018271066,0.0061130524,13.324347686546334,23.814416503906276,0.017675973,0.09414673,6.025084084205027,0,0,0
2020-01-17 23:00:00,1427.2705,25.872583007812523,0.018865654,0.013866425,26.897623903067338,25.200708007812523,0.018133232,0.010887146,13.07928690025155,23.685083007812523,0.017591545,0.08795166,5.828624229833113,0,0,0
2020-01-18 00:00:00,1374.9307,25.778192138671898,0.018780665,0.017433167,26.42360027723944,25.036004638671898,0.018002467,0.016998291,12.75531735111044,23.520379638671898,0.01746078,0.08657837,5.654929530668457,0,0,0
2020-01-18 01:00:00,1327.0633,25.732232666015648,0.018588722,0.025482178,26.706983017453155,24.904107666015648,0.017940223,0.01828003,12.485043175759785,23.365045166015648,0.017337501,0.09005737,5.378446097045432,0,0,0
2020-01-18 02:00:00,1287.9434,25.695855712890648,0.018419756,0.026023865,25.597681596202925,24.836480712890648,0.017939104,0.031814575,12.381388398985123,23.273980712890648,0.017260088,0.096343994,5.149647250640599,0,0,0
2020-01-18 03:00:00,1245.3154,25.651940917968773,0.018396692,0.023147583,24.98609867412528,24.855065917968773,0.017954187,0.08395386,12.185365197645904,23.230065917968773,0.017221766,0.11138916,5.085604929092705,0,0,0
2020-01-18 04:00:00,1237.3227,25.620507812500023,0.018464983,0.019454956,25.078636457985446,24.917382812500023,0.017946184,0.09906006,11.867393553541511,23.229882812500023,0.017206132,0.121154785,5.093469421522607,0,0,0
2020-01-18 05:00:00,1238.4465,25.606164550781276,0.018555896,0.015953064,24.744380354554437,24.934289550781276,0.017922657,0.07559204,11.741075920439798,23.231164550781276,0.017190235,0.12774658,5.149133605669801,0,0,0
2020-01-18 06:00:00,1241.8258,25.623193359375023,0.018647145,0.029563904,24.372889744890767,24.935693359375023,0.017907094,0.051513672,11.900174077147202,23.224755859375023,0.017174672,0.13317871,5.297128522089002,0,0,0
2020-01-18 07:00:00,1267.8928,26.113946533203148,0.018837802,0.058502197,26.120672628671315,25.676446533203148,0.018166415,0.031936646,13.658532965370522,23.543634033203148,0.017334811,0.1296997,5.568784401527263,0,0,0
2020-01-18 08:00:00,1396.0355,26.970483398437523,0.018807271,0.069885254,29.951821054364228,27.001733398437523,0.018555501,0.01952362,15.833645163159115,24.329858398437523,0.017617086,0.12219238,5.961677523332834,0,0,0
2020-01-18 09:00:00,1448.8674999999998,27.848260498046898,0.018845534,0.05895996,31.30078905957409,28.340447998046898,0.018731093,0.007915497,17.41898494106224,25.426385498046898,0.017609572,0.11807251,6.177887986402325,0,0,0
2020-01-18 10:00:00,1521.0009,28.688989257812523,0.018929753,0.03387451,31.19095468716652,29.517114257812523,0.0189679,0.004032135,18.071224213989638,26.673364257812523,0.017495427,0.11526489,6.131506510277168,0,0,0
2020-01-18 11:00:00,1559.1236,29.509118652343773,0.019029507,0.010131836,30.71119931998545,30.477868652343773,0.019227872,0.0021953583,17.729180802527537,27.641931152343773,0.017572293,0.11239624,5.651384956960788,0,0,0
2020-01-18 12:00:00,1568.944,30.141473388671898,0.019091649,0.005739212,29.88317315958828,31.125848388671898,0.019480748,0.0019607544,16.896554593434317,28.172723388671898,0.017848058,0.09152222,4.997132302936532,0,0,0
2020-01-18 13:00:00,1546.1738,30.378320312500023,0.019093089,0.006544113,28.719556996958755,31.456445312500023,0.019619517,0.0026273727,16.331624699705515,28.393945312500023,0.017956309,0.07461548,5.077259673117877,0,0,0
2020-01-18 14:00:00,1538.771,30.252496337890648,0.019008895,0.010353088,27.87985939811379,31.393121337890648,0.019657394,0.002978325,16.0463469724317,28.221246337890648,0.017917892,0.06918335,5.348212922285085,0,0,0
2020-01-18 15:00:00,1384.5787,29.776696777343773,0.018885395,0.015213013,28.062336245868263,30.932946777343773,0.01957967,0.0030822754,15.532045573499508,27.745446777343773,0.017878314,0.0670166,5.525071177304617,0,0,0
2020-01-18 16:00:00,1422.7858,28.953332519531276,0.018738952,0.020095825,28.31551770833125,30.031457519531276,0.019433226,0.0049877167,14.738353721992503,26.992395019531276,0.017922606,0.06628418,5.534754800715252,0,0,0
2020-01-18 17:00:00,1400.3967,27.901635742187523,0.018660966,0.023216248,27.262345153284887,28.620385742187523,0.019294206,0.008659363,12.896375865627103,25.831323242187523,0.017951433,0.078125,5.712411668624591,0,0,0
2020-01-18 18:00:00,1448.0450999999998,26.892297363281276,0.01882035,0.016441345,25.37979433666256,26.954797363281276,0.018850867,0.008495331,12.06254638662956,24.618859863281276,0.017736975,0.08544922,6.246794499636668,0,0,0
2020-01-18 19:00:00,1498.5629,26.4013610839844,0.018973079,0.012634277,24.35710047410938,26.2060485839844,0.018561091,0.007621765,12.683238314766854,24.0029235839844,0.017538752,0.091552734,6.665959680581242,0,0,0
2020-01-18 20:00:00,1468.3931,26.216394042968773,0.018927583,0.014858246,24.485239594658093,25.810144042968773,0.018385896,0.004594803,12.857539928299367,23.747644042968773,0.017424593,0.09182739,6.583974655719057,0,0,0
2020-01-18 21:00:00,1433.6028,26.151269531250023,0.018806558,0.01979065,25.18556355721142,25.573144531250023,0.018318277,0.0026311874,12.676537450960552,23.659082031250023,0.017341714,0.093933105,6.45199852077706,0,0,0
2020-01-18 22:00:00,1396.8991,26.079980468750023,0.018716572,0.020065308,24.85991584155936,25.447167968750023,0.018319843,0.0026626587,12.67527622621648,23.587792968750023,0.017297504,0.09561157,6.5816786406385495,0,0,0
2020-01-18 23:00:00,1371.1641000000002,25.983911132812523,0.018702177,0.020950317,23.87411005888001,25.358911132812523,0.018313078,0.0059833527,12.706981332037673,23.522973632812523,0.01729074,0.09313965,6.514015317266983,0,0,0
2020-01-19 00:00:00,1309.8774,25.909722900390648,0.018672023,0.023880005,23.25752784193452,25.230035400390648,0.018267665,0.008434296,12.356025047743662,23.448785400390648,0.017260585,0.10028076,6.20385898965518,0,0,0
2020-01-19 01:00:00,1292.9535,25.8408142089844,0.018626615,0.028259277,23.31789689907515,25.0986267089844,0.01818411,0.022842407,11.72208386171312,23.3486267089844,0.017222807,0.10397339,5.678449699762852,0,0,0
2020-01-19 02:00:00,1234.2937,25.771783447265648,0.01861974,0.033462524,22.80064820823786,25.037408447265648,0.018108571,0.061691284,11.05433482763415,23.224908447265648,0.017208302,0.113098145,5.052576027458135,0,0,0
2020-01-19 03:00:00,1224.6175,25.701715087890648,0.01860532,0.063323975,22.06937002965557,24.975152587890648,0.018033115,0.11038208,10.337137406435184,23.139215087890648,0.01721677,0.12261963,4.426366640249216,0,0,0
2020-01-19 04:00:00,1191.5951,25.689080810546898,0.018552037,0.09750366,21.28759331226337,24.923455810546898,0.017949315,0.11331177,9.914937315957683,23.056268310546898,0.017201634,0.12695312,3.94027581600128,0,0,0
2020-01-19 05:00:00,1195.7096,25.679772949218773,0.018498708,0.09536743,20.670155381281685,24.867272949218773,0.017873097,0.09576416,9.711709008723297,22.968835449218773,0.017171193,0.12799072,3.676095970374624,0,0,0
2020-01-19 06:00:00,1154.8247,25.677453613281276,0.018436428,0.08157349,20.29194995637991,24.825891113281276,0.017841335,0.05769348,9.76026431382409,22.911828613281276,0.017139431,0.12249756,3.550705215093244,0,0,0
2020-01-19 07:00:00,1150.9231,26.103814697265648,0.018450556,0.059814453,22.605163659488635,25.697564697265648,0.01814538,0.03501892,11.897428199405525,23.283502197265648,0.017344294,0.1081543,3.846178305636172,0,0,0
2020-01-19 08:00:00,1209.066,26.874780273437523,0.018350432,0.035720825,26.967542441552105,26.999780273437523,0.018525908,0.03163147,14.130052639808522,24.077905273437523,0.017633269,0.10458374,4.334437715699616,0,0,0
2020-01-19 09:00:00,1262.2371,27.850488281250023,0.018387828,0.011505127,29.304620351162736,28.319238281250023,0.018593822,0.016944885,16.301202142301644,25.233300781250023,0.01772407,0.09283447,4.761953481720149,0,0,0
2020-01-19 10:00:00,1322.8407,28.849664306640648,0.0185935,0.006729126,29.901847062743,29.537164306640648,0.0187232,0.0075950623,16.824400946961564,26.701226806640648,0.017510125,0.0743103,4.954029749119142,0,0,0
2020-01-19 11:00:00,1324.7276000000002,29.620172119140648,0.018845383,0.008289337,28.823636655170645,30.456109619140648,0.018822495,0.0040683746,16.30894307260614,27.729547119140648,0.017479721,0.06604004,4.439615687672035,0,0,0
2020-01-19 12:00:00,1365.8164,30.110955810546898,0.019036045,0.016098022,26.53567573648714,31.017205810546898,0.018906346,0.0040607452,15.182047361036451,28.314080810546898,0.01783823,0.06518555,3.2864372014949743,0,0,0
2020-01-19 13:00:00,1358.0667,30.345147705078148,0.019089201,0.02935791,23.963139571130256,31.204522705078148,0.018898467,0.00881958,14.170647089040049,28.524835205078148,0.018013457,0.07998657,2.3683133943332715,0,0,0
2020-01-19 14:00:00,1363.532,30.292657470703148,0.018981984,0.038635254,22.42169050718958,31.011407470703148,0.018745473,0.01701355,13.52073861784987,28.417657470703148,0.018089345,0.11416626,1.7366950647383834,0,0,0
2020-01-19 15:00:00,1346.4866,29.918084716796898,0.01875926,0.038986206,21.74240093207316,30.418084716796898,0.018484602,0.025718689,12.912378537695233,28.004022216796898,0.018057356,0.13238525,1.3733722944697375,0,0,0
2020-01-19 16:00:00,1317.576,29.205499267578148,0.018513255,0.031570435,21.435832048928795,29.502374267578148,0.018383555,0.035217285,11.738599751294606,27.205499267578148,0.018223338,0.14404297,1.4364872358520522,0,0,0
2020-01-19 17:00:00,1277.7685,28.134301757812523,0.018344173,0.026519775,21.284946763857185,28.134301757812523,0.018443355,0.04484558,9.636892134796373,26.056176757812523,0.018618831,0.16711426,1.4528269800558742,0,0,0
2020-01-19 18:00:00,1322.5159,27.027246093750023,0.018389307,0.024482727,20.740659636525624,26.574121093750023,0.01822909,0.046783447,8.374437182289757,24.894433593750023,0.018633448,0.168396,1.819501733274334,0,0,0
2020-01-19 19:00:00,1376.7706,26.436456298828148,0.018480636,0.02469635,20.498418875406017,25.913018798828148,0.017984726,0.03616333,9.167389077128508,24.288018798828148,0.018068649,0.1381836,3.293942583740624,0,0,0
2020-01-19 20:00:00,1430.7923999999998,26.181054687500023,0.018488431,0.017547607,20.54139585036629,25.516992187500023,0.017839933,0.027160645,9.597359091381891,23.891992187500023,0.01775601,0.11026001,4.270968393314696,0,0,0
2020-01-19 21:00:00,1432.9889,26.030664062500023,0.01849666,0.0109939575,20.816981939285697,25.327539062500023,0.017794756,0.040512085,9.70780213786944,23.546289062500023,0.017596392,0.09030151,4.231107268186992,0,0,0
2020-01-19 22:00:00,1416.5446,25.882226562500023,0.018504022,0.009189606,21.08022808783984,25.218164062500023,0.017840264,0.058914185,9.716075130230278,23.296289062500023,0.0175122,0.075653076,4.183432552533905,0,0,0
2020-01-19 23:00:00,1367.1802,25.749169921875023,0.018421117,0.010444641,21.60972757643498,25.155419921875023,0.017902318,0.0663147,9.771936288707904,23.085107421875023,0.017406408,0.070739746,4.334518269630519,0,0,0
2020-01-20 00:00:00,1319.3785,25.674218750000023,0.018278012,0.015159607,22.329766658071154,25.096093750000023,0.017911801,0.058013916,9.987091193587512,22.877343750000023,0.017278561,0.06915283,4.470784353015772,0,0,0
2020-01-20 01:00:00,1261.9023,25.568414306640648,0.01830775,0.015544891,22.86779891937552,25.013726806640648,0.017872874,0.057678223,10.17117279582254,22.701226806640648,0.01717097,0.07330322,4.532733330336036,0,0,0
2020-01-20 02:00:00,1208.9069,25.470056152343773,0.018345289,0.013317108,23.001170478560194,24.938806152343773,0.017803602,0.06930542,10.13879827612764,22.555993652343773,0.01707118,0.08898926,4.416267513496317,0,0,0
2020-01-20 03:00:00,1166.2561,25.426141357421898,0.01829867,0.014190674,22.85534499945134,24.879266357421898,0.017734095,0.090270996,9.784434081696922,22.449578857421898,0.016978785,0.09359741,4.141184279187766,0,0,0
2020-01-20 04:00:00,1169.2532,25.419030761718773,0.018267743,0.017501831,22.354564267260983,24.809655761718773,0.017649762,0.118927,9.150701514695996,22.395593261718773,0.01692497,0.09539795,3.847857785906057,0,0,0
2020-01-20 05:00:00,1200.622,25.403527832031276,0.018305782,0.017829895,21.56943753035708,24.708215332031276,0.017504696,0.120269775,8.460902481640657,22.395715332031276,0.016848568,0.10470581,3.768845719217933,0,0,0
2020-01-20 06:00:00,1243.9622000000002,25.448388671875023,0.018343173,0.01712799,21.90638267836069,24.557763671875023,0.01737424,0.08227539,7.926003266858707,22.424951171875023,0.016809665,0.106170654,3.7641723160739673,0,0,0
2020-01-20 07:00:00,1330.1461,26.050103759765648,0.01845716,0.022529602,24.75848598306908,25.393853759765648,0.017595038,0.041046143,10.293524267504456,22.792291259765648,0.016992316,0.104766846,4.006513975495387,0,0,0
2020-01-20 08:00:00,1498.1176,27.0664001464844,0.018258454,0.03404236,28.022654115496582,26.6523376464844,0.01793802,0.033309937,12.472787468969948,23.5039001464844,0.01731241,0.09933472,4.2203381410149605,0,0,0
2020-01-20 09:00:00,1596.2918,28.108300781250023,0.018158983,0.044403076,27.758378532172078,27.920800781250023,0.018006396,0.055160522,13.437812854052446,24.412988281250023,0.017556261,0.09448242,3.963509372708281,0,0,0
2020-01-20 10:00:00,1685.896,28.974938964843773,0.018173868,0.05996704,26.0630360851453,28.654626464843773,0.017800028,0.123809814,12.695542035184582,25.670251464843773,0.017365152,0.09396362,3.410252407330682,0,0,0
2020-01-20 11:00:00,1665.5463000000002,29.480889892578148,0.018188534,0.056274414,24.966529193222968,28.894952392578148,0.017669735,0.12176514,11.80717513911033,26.816827392578148,0.017021237,0.115753174,2.7706919763594344,0,0,0
2020-01-20 12:00:00,1693.8896,29.859887695312523,0.018218754,0.0342865,25.388370669154316,29.211450195312523,0.017684696,0.08312988,11.997686239340329,27.367700195312523,0.016868351,0.12939453,2.179946549311525,0,0,0
2020-01-20 13:00:00,1729.6082,30.136010742187523,0.018226268,0.03366089,26.1637772687125,29.300073242187523,0.017669322,0.050430298,12.43433622827307,27.495385742187523,0.016891124,0.14807129,1.5796110027140138,0,0,0
2020-01-20 14:00:00,1711.9897999999998,30.071496582031276,0.018195001,0.03794861,25.96855190160227,29.149621582031276,0.017645685,0.043518066,12.120167028201546,27.126184082031276,0.01708111,0.15179443,1.303730334191206,0,0,0
2020-01-20 15:00:00,1667.2434,29.667016601562523,0.018125566,0.046951294,25.166464480499485,28.792016601562523,0.017774614,0.054244995,10.973724833380414,26.424829101562523,0.017385514,0.15435791,1.3429513500744126,0,0,0
2020-01-20 16:00:00,1574.3104,28.934716796875023,0.017995108,0.054397583,24.287031655107857,28.153466796875023,0.01796459,0.0786438,9.372535259498989,25.590966796875023,0.017651785,0.1696167,1.4400900362596545,0,0,0
2020-01-20 17:00:00,1490.8208000000002,27.990991210937523,0.018032888,0.040283203,23.052537267886688,27.069116210937523,0.0181397,0.12011719,7.165300007706548,24.811303710937523,0.017834524,0.16815186,1.426867415900508,0,0,0
2020-01-20 18:00:00,1532.0904,27.084619140625023,0.018353479,0.024116516,20.557720521664727,25.967431640625023,0.018033044,0.1796875,5.660649180302207,24.123681640625023,0.017796533,0.1651001,1.2346542496429298,0,0,0
2020-01-20 19:00:00,1546.8321999999998,26.610070800781276,0.018682009,0.019119263,18.183520097528067,25.531945800781276,0.018079286,0.18859863,5.055196147248711,23.781945800781276,0.017476564,0.14678955,1.4580981180236845,0,0,0
2020-01-20 20:00:00,1514.1993,26.365930175781276,0.018826889,0.024024963,16.44649130090792,25.209680175781276,0.018109726,0.14996338,4.904243321280184,23.639367675781276,0.017194198,0.1359253,1.9902110593139464,0,0,0
2020-01-20 21:00:00,1492.8714,26.181939697265648,0.018842218,0.03239441,15.547037422596915,24.924127197265648,0.017972467,0.101623535,4.975141348819636,23.463189697265648,0.017011164,0.13006592,2.2298171146735446,0,0,0
2020-01-20 22:00:00,1459.8075,26.008386230468773,0.018819433,0.04977417,15.820785149189543,24.594323730468773,0.017804723,0.09378052,4.900703541209366,23.297448730468773,0.016873937,0.13220215,2.4220392705519886,0,0,0
2020-01-20 23:00:00,1383.9103,25.868127441406276,0.018742224,0.06515503,16.92119872371809,24.352502441406276,0.017704627,0.1000061,4.745601374199219,23.165002441406276,0.016750952,0.13903809,2.672557510742075,0,0,0
2020-01-21 00:00:00,1329.7901000000002,25.770532226562523,0.018642534,0.06762695,17.584832235994362,24.168969726562523,0.017620195,0.10839844,4.670514759062862,23.036157226562523,0.016605485,0.13110352,2.8472114724263866,0,0,0
2020-01-21 01:00:00,1284.0224,25.691064453125023,0.018466782,0.07006836,17.823520465242055,24.027001953125023,0.017543625,0.11251831,4.679892129388497,22.909814453125023,0.016460251,0.12017822,2.821843047610641,0,0,0
2020-01-21 02:00:00,1246.672,25.570764160156276,0.018321788,0.07714844,17.355790003778953,23.906701660156276,0.017474925,0.1159668,4.701024288813414,22.789514160156276,0.016338145,0.10873413,2.7567143574578963,0,0,0
2020-01-21 03:00:00,1220.4293,25.467828369140648,0.018237967,0.08609009,17.25043713886502,23.795953369140648,0.017406363,0.11495972,4.668948212977555,22.670953369140648,0.01619329,0.10305786,2.781479595865844,0,0,0
2020-01-21 04:00:00,1203.5383,25.4103942871094,0.018206405,0.07684326,17.094839260955634,23.7228942871094,0.017336654,0.109313965,4.784827296569397,22.5588317871094,0.016093062,0.09487915,3.008082417056515,0,0,0
2020-01-21 05:00:00,1216.7519,25.360040283203148,0.018220942,0.06454468,16.915260810250864,23.672540283203148,0.017274898,0.09793091,4.94911664536794,22.469415283203148,0.01598553,0.089904785,3.163172115931524,0,0,0
2020-01-21 06:00:00,1190.3173000000002,25.341943359375023,0.018267155,0.059417725,16.85095210342704,23.623193359375023,0.017229557,0.08795166,4.81617096040819,22.396630859375023,0.015879154,0.08493042,3.2156089315207588,0,0,0
2020-01-21 07:00:00,1252.6129999999998,26.017541503906276,0.018312907,0.07305908,19.53977670126136,24.556604003906276,0.01763389,0.08905029,5.807502586833823,22.572229003906276,0.015932536,0.077941895,3.34874792186506,0,0,0
2020-01-21 08:00:00,1451.2179,26.9169860839844,0.01802288,0.09185791,22.852481952656355,25.5966735839844,0.017809257,0.09063721,7.231541496342954,23.1279235839844,0.015978202,0.06625366,3.436873296309578,0,0,0
2020-01-21 09:00:00,1594.5218,27.711297607421898,0.017839847,0.10345459,23.831569013403733,26.867547607421898,0.01792377,0.082336426,9.812373263761566,23.953485107421898,0.015886722,0.05343628,3.273047937050882,0,0,0
2020-01-21 10:00:00,1621.2128,28.470483398437523,0.017732788,0.110076904,23.62302028535606,28.189233398437523,0.017931152,0.07147217,11.102652670951528,25.040795898437523,0.015649963,0.043762207,3.020241216221918,0,0,0
2020-01-21 11:00:00,1638.906,29.047021484375023,0.017603215,0.1000061,23.135273306612994,29.328271484375023,0.017931279,0.06655884,10.961948762820914,26.031396484375023,0.015390691,0.034851074,2.7372559791393027,0,0,0
2020-01-21 12:00:00,1640.3159,29.420831298828148,0.01756562,0.08721924,22.382542905771697,29.983331298828148,0.01780213,0.060577393,10.145809608969603,26.741143798828148,0.015238655,0.031227112,2.5802864363708697,0,0,0
2020-01-21 13:00:00,1686.6968,29.698327636718773,0.01749744,0.092437744,21.279512121014395,30.229577636718773,0.017726323,0.05467224,9.088884057766792,27.167077636718773,0.015284915,0.033676147,2.519426426325976,0,0,0
2020-01-21 14:00:00,1699.1359,29.727410888671898,0.017322559,0.09121704,19.833217015713384,30.211785888671898,0.017734546,0.055999756,7.944808085136076,27.157098388671898,0.015636463,0.04232788,2.1953058447686047,0,0,0
2020-01-21 15:00:00,1661.8572,29.4738708496094,0.017063335,0.091918945,18.194831801829743,29.9426208496094,0.017765239,0.07131958,6.534496972848896,26.8098083496094,0.016285136,0.04914856,1.4471883331540254,0,0,0
2020-01-21 16:00:00,1583.8843000000002,28.860650634765648,0.016971484,0.070739746,17.521640811536905,29.345025634765648,0.017879382,0.092803955,5.36677313791811,26.259088134765648,0.016811267,0.06488037,0.7398489302360183,0,0,0
2020-01-21 17:00:00,1466.9642,27.9877868652344,0.017261427,0.062561035,17.254763428164235,28.1596618652344,0.018062513,0.09274292,4.44028691421559,25.5502868652344,0.017040174,0.08874512,0.2833304585925756,0,0,0
2020-01-21 18:00:00,1470.2215,27.084100341796898,0.017841661,0.063201904,16.052292932738222,26.427850341796898,0.017933214,0.089141846,2.888040600987928,24.771600341796898,0.01697191,0.09539795,0.5525832982726535,0,0,0
2020-01-21 19:00:00,1500.2004,26.537042236328148,0.018307649,0.060943604,15.390310890671554,25.779229736328148,0.01765152,0.08190918,2.785597931454552,24.294854736328148,0.016613923,0.11999512,1.090528497006126,0,0,0
2020-01-21 20:00:00,1480.9758,26.212976074218773,0.018574242,0.058639526,14.955343958841135,25.291101074218773,0.017521385,0.06619263,2.6654547401067643,23.970788574218773,0.016636375,0.13623047,1.393927024923388,0,0,0
2020-01-21 21:00:00,1449.7907,25.977716064453148,0.018672485,0.052505493,14.78411565443107,24.813653564453148,0.017383117,0.052612305,2.505571656928401,23.735528564453148,0.016643066,0.15264893,1.6024209735327173,0,0,0
2020-01-21 22:00:00,1383.3527,25.786401367187523,0.01867934,0.046340942,14.5035898224135,24.419213867187523,0.01716109,0.043441772,2.4739969822056467,23.552026367187523,0.016672809,0.16137695,1.541207031430685,0,0,0
2020-01-21 23:00:00,1349.6861,25.676416015625023,0.01861018,0.0476532,14.747738887949192,24.035791015625023,0.016939342,0.037979126,2.5020128501177887,23.379541015625023,0.01671046,0.16369629,1.53311553899285,0,0,0
2020-01-22 00:00:00,1279.6957,25.579217529296898,0.018525854,0.049926758,14.344299305888187,23.688592529296898,0.016824499,0.03742981,2.685572222891739,23.204217529296898,0.016748205,0.15917969,1.59177692798684,0,0,0
2020-01-22 01:00:00,1242.6811,25.489160156250023,0.018441536,0.05458069,13.568752237861831,23.473535156250023,0.016808845,0.03981018,2.941508305819475,22.989160156250023,0.016724922,0.15454102,1.68290202293186,0,0,0
2020-01-22 02:00:00,1216.9788999999998,25.392449951171898,0.018342154,0.059799194,13.039182981159598,23.275262451171898,0.016778128,0.0443573,3.295419105769723,22.775262451171898,0.016678946,0.1515503,1.7841860736300428,0,0,0
2020-01-22 03:00:00,1137.7279,25.272760009765648,0.018235318,0.067871094,12.779004305884111,23.093072509765648,0.016732328,0.048736572,3.505480970612613,22.632135009765648,0.01657211,0.15002441,1.823241604282345,0,0,0
2020-01-22 04:00:00,1151.5303,25.148828125000023,0.018113412,0.07156372,12.893898217241064,22.992578125000023,0.016701974,0.05760193,3.617802755872065,22.562890625000023,0.016427316,0.16265869,1.9674918596033864,0,0,0
2020-01-22 05:00:00,1173.0809,25.073510742187523,0.018060185,0.07571411,13.244105502690855,22.956323242187523,0.016694523,0.07122803,3.7191295731393006,22.557885742187523,0.016313054,0.18829346,2.09794369566198,0,0,0
2020-01-22 06:00:00,1227.4712,25.053521728515648,0.018037433,0.0753479,13.52009140322334,22.991021728515648,0.016717548,0.07861328,3.7791883387394583,22.584771728515648,0.016290301,0.21209717,2.126252426872685,0,0,0
2020-01-22 07:00:00,1306.9454,25.766717529296898,0.01802201,0.07620239,16.612576217993187,24.243280029296898,0.017213294,0.078826904,5.1828102219915575,22.907342529296898,0.01651902,0.22320557,1.9733954635818505,0,0,0
2020-01-22 08:00:00,1413.654,26.635461425781276,0.017601896,0.08950806,18.60879790903057,25.666711425781276,0.01743405,0.076293945,6.65091838661677,23.635461425781276,0.016686369,0.2286377,2.0622126292388328,0,0,0
2020-01-22 09:00:00,1481.8853,27.257165527343773,0.017433673,0.11062622,18.582148469976605,27.085290527343773,0.017670184,0.079833984,7.766616791113418,24.296228027343773,0.016624957,0.23028564,2.4237576477968887,0,0,0
2020-01-22 10:00:00,1568.4377,27.785577392578148,0.017402943,0.12063599,17.899454519815222,28.098077392578148,0.017738637,0.09259033,7.767155055897463,24.894952392578148,0.016533192,0.22528076,2.513533504919172,0,0,0
2020-01-22 11:00:00,1598.3417,28.220605468750023,0.017380115,0.13470459,17.235758785745706,28.783105468750023,0.017761584,0.11013794,7.173222314278022,25.454980468750023,0.01642644,0.21942139,2.3067681916676017,0,0,0
2020-01-22 12:00:00,1597.8563,28.462762451171898,0.01730399,0.16149902,16.732392542762025,29.181512451171898,0.017746495,0.13110352,6.377270588144975,25.947137451171898,0.016274022,0.20446777,1.8810453119797863,0,0,0
2020-01-22 13:00:00,1613.7784,28.577050781250023,0.017204681,0.17156982,16.30311876662115,29.311425781250023,0.017700592,0.15649414,5.861306839738718,26.217675781250023,0.01622049,0.17712402,1.5239157245943404,0,0,0
2020-01-22 14:00:00,1626.737,28.502252197265648,0.017067308,0.17419434,16.31106716834954,29.189752197265648,0.01767766,0.18231201,5.686348468618079,26.252252197265648,0.016243333,0.15252686,1.3794772384289409,0,0,0
2020-01-22 15:00:00,1524.1704,28.247827148437523,0.016899146,0.17779541,16.67466756097533,28.810327148437523,0.01785282,0.18096924,5.500095595482704,26.060327148437523,0.016304053,0.15838623,1.5621117170449377,0,0,0
2020-01-22 16:00:00,1435.0898,27.704705810546898,0.01679969,0.16253662,17.547421544735638,28.157830810546898,0.018081428,0.15576172,5.556012376610831,25.564080810546898,0.016456367,0.15734863,1.865277826412248,0,0,0
2020-01-22 17:00:00,1369.7031,26.959008789062523,0.016891053,0.125,18.06094647230831,27.068383789062523,0.018470338,0.14404297,4.856691518618312,24.849633789062523,0.016646912,0.16400146,1.8573732618835563,0,0,0
2020-01-22 18:00:00,1372.9413,26.131402587890648,0.017203772,0.110565186,17.443977895168548,25.865777587890648,0.018302405,0.12841797,4.4344970750841,24.115777587890648,0.016662085,0.16973877,1.7886808936247236,0,0,0
2020-01-22 19:00:00,1404.1566,25.754449462890648,0.017447973,0.11090088,17.571263973515197,25.348199462890648,0.018096471,0.11206055,4.84058221609714,23.574761962890648,0.01647904,0.17236328,1.9761814675943767,0,0,0
2020-01-22 20:00:00,1367.2709,25.619042968750023,0.01747852,0.11752319,17.57679323080067,24.923730468750023,0.01798969,0.1043396,4.912980436171595,23.150292968750023,0.01634937,0.18121338,2.45008812765321,0,0,0
2020-01-22 21:00:00,1344.0522,25.5471130371094,0.017409889,0.11514282,17.55061268837372,24.5861755371094,0.01789817,0.10147095,4.866466206946605,22.8830505371094,0.016311256,0.17681885,2.975742420555114,0,0,0
2020-01-22 22:00:00,1286.6514,25.464135742187523,0.017348941,0.11679077,17.217577376132944,24.331323242187523,0.017799076,0.09866333,5.041583070088214,22.675073242187523,0.016326603,0.16705322,3.50117872961655,0,0,0
2020-01-22 23:00:00,1200.3971,25.357629394531276,0.01733394,0.11541748,16.96557795261079,24.146691894531276,0.01770778,0.09313965,5.344537488233642,22.529504394531276,0.01632686,0.1605835,3.8100976222590153,0,0,0
2020-01-23 00:00:00,1173.2992,25.256768798828148,0.017303847,0.10858154,17.215293747309463,23.983331298828148,0.01764717,0.08404541,5.484423734008235,22.475518798828148,0.016319655,0.1640625,3.6184836096872735,0,0,0
2020-01-23 01:00:00,1184.2989,25.155694580078148,0.017304419,0.093933105,17.626626446938232,23.827569580078148,0.017601965,0.07885742,5.397449654100971,22.444757080078148,0.016312597,0.16113281,3.2918380848799416,0,0,0
2020-01-23 02:00:00,1147.8177,25.048028564453148,0.017403776,0.07446289,17.65317525425999,23.688653564453148,0.017533476,0.07696533,5.159884860506254,22.399591064453148,0.016305143,0.16784668,3.0302562807306166,0,0,0
2020-01-23 03:00:00,1108.1406,24.935754394531276,0.017479671,0.065826416,17.019570177973613,23.482629394531276,0.017418636,0.086120605,5.102840978657556,22.342004394531276,0.016274227,0.17266846,2.764800887086845,0,0,0
2020-01-23 04:00:00,1116.5119,24.827050781250023,0.017502025,0.0635376,15.707865218549625,23.358300781250023,0.017334178,0.10284424,5.100926247801497,22.295800781250023,0.016227916,0.16345215,2.747347205914385,0,0,0
2020-01-23 05:00:00,1170.3459,24.743188476562523,0.017478878,0.06448364,14.504676306819984,23.274438476562523,0.017265255,0.12225342,5.148812851602082,22.243188476562523,0.01618951,0.17767334,2.841985999666825,0,0,0
2020-01-23 06:00:00,1190.9625,24.727960205078148,0.017501704,0.064331055,13.397781194066138,23.306085205078148,0.017265193,0.13665771,5.3368785487439165,22.235772705078148,0.016158931,0.18487549,2.7887771486117607,0,0,0
2020-01-23 07:00:00,1264.6907,25.559625244140648,0.017593317,0.07836914,15.819248401713564,24.411187744140648,0.01781457,0.15356445,7.901842897074324,22.520562744140648,0.01641839,0.18609619,2.704544486722489,0,0,0
2020-01-23 08:00:00,1434.0528,26.454492187500023,0.017425591,0.10971069,18.30757794680444,25.407617187500023,0.01831823,0.16540527,8.662863111936064,23.056054687500023,0.01669317,0.1899414,3.02419712193924,0,0,0
2020-01-23 09:00:00,1516.7295,27.195916748046898,0.017296048,0.15014648,18.938172945964197,26.414666748046898,0.01853201,0.1697998,10.04055914336333,23.742791748046898,0.01688406,0.18786621,3.4771276354991105,0,0,0
2020-01-23 10:00:00,1580.2888,27.763604736328148,0.01721206,0.17608643,18.86869901262933,27.185479736328148,0.018493798,0.1942749,10.745270147180513,24.787042236328148,0.016723778,0.19171143,3.1425662608660643,0,0,0
2020-01-23 11:00:00,1599.4601,28.140954589843773,0.017158387,0.20684814,18.87024744693339,27.703454589843773,0.018318055,0.2211914,10.590989965575822,26.203454589843773,0.016456483,0.17840576,2.3769653520606586,0,0,0
2020-01-23 12:00:00,1570.8429,28.369714355468773,0.017165676,0.23803711,19.075328995053564,28.057214355468773,0.01824142,0.23468018,10.14972505995727,27.166589355468773,0.016395107,0.17358398,1.605540473616725,0,0,0
2020-01-23 13:00:00,1579.6118,28.487847900390648,0.017173104,0.25830078,19.212933404286776,28.144097900390648,0.018264107,0.23364258,9.817350551787865,27.628472900390648,0.016494088,0.18511963,1.076658676457848,0,0,0
2020-01-23 14:00:00,1583.0315,28.402185058593773,0.017157638,0.26416016,19.2820246976408,28.089685058593773,0.018294418,0.21838379,9.937489462792913,27.605310058593773,0.017157638,0.18115234,1.0946001525364064,0,0,0
2020-01-23 15:00:00,1455.5652,28.042077636718773,0.017187906,0.27148438,19.65581252928821,27.823327636718773,0.01828654,0.18518066,10.208841710309848,27.198327636718773,0.017248942,0.19891357,1.3411681722120012,0,0,0
2020-01-23 16:00:00,1351.0059,27.478112792968773,0.01729462,0.23718262,20.33449838687928,27.431237792968773,0.018316958,0.16809082,10.268235501235734,26.368737792968773,0.01753113,0.22680664,1.3933292908625086,0,0,0
2020-01-23 17:00:00,1354.8483,26.804345703125023,0.01745486,0.19592285,20.25517939133823,26.554345703125023,0.018370388,0.14752197,8.756161818785268,25.351220703125023,0.018027065,0.2520752,1.2872765004506086,0,0,0
2020-01-23 18:00:00,1403.8149,26.164147949218773,0.017668473,0.15551758,18.83877499625109,25.132897949218773,0.01821016,0.13000488,6.592714857955198,24.507897949218773,0.01782869,0.26245117,0.907483950465126,0,0,0
2020-01-23 19:00:00,1449.326,25.798669433593773,0.01780584,0.13183594,17.589948289371232,24.486169433593773,0.01794317,0.11206055,6.791770780112492,23.892419433593773,0.017424371,0.25561523,0.7504655799584328,0,0,0
2020-01-23 20:00:00,1418.5871000000002,25.607507324218773,0.01787471,0.11126709,16.42598497755645,24.091882324218773,0.017691605,0.095825195,6.938032049448694,23.537194824218773,0.017287247,0.23168945,1.029204847937744,0,0,0
2020-01-23 21:00:00,1385.6639,25.488336181640648,0.01787503,0.094696045,15.257836801535946,23.808648681640648,0.017478302,0.08139038,6.628321932574315,23.269586181640648,0.017012909,0.20825195,1.4720081827931395,0,0,0
2020-01-23 22:00:00,1324.9359,25.338342285156276,0.017791467,0.07992554,14.677508278572974,23.580529785156276,0.017303186,0.06921387,6.425587840221876,23.033654785156276,0.01675387,0.20300293,2.03501058046182,0,0,0
2020-01-23 23:00:00,1209.7276000000002,25.178918457031276,0.017654223,0.06756592,14.707802799731876,23.389855957031276,0.017173572,0.0617218,6.2097373177077015,22.803918457031276,0.01656322,0.19659424,2.5299355718076217,0,0,0
2020-01-24 00:00:00,1214.2324,25.014489746093773,0.017508963,0.059951782,14.817914389448582,23.201989746093773,0.017028311,0.054107666,5.789039163272169,22.592614746093773,0.01641796,0.19561768,2.735335725127639,0,0,0
2020-01-24 01:00:00,1168.0884,24.808923339843773,0.017386729,0.053222656,14.53575960140857,23.043298339843773,0.016898448,0.048339844,5.448393082608596,22.387048339843773,0.016295725,0.20599365,2.9029983394327648,0,0,0
2020-01-24 02:00:00,1140.4629,24.625756835937523,0.017264513,0.046340942,14.500028139284389,22.907006835937523,0.01679149,0.0413208,5.464628287724431,22.203881835937523,0.016204027,0.21130371,3.1025355767508747,0,0,0
2020-01-24 03:00:00,1116.1608,24.451806640625023,0.0171578,0.041152954,14.330070021804987,22.787744140625023,0.016684778,0.03187561,5.624397092933302,22.068994140625023,0.016120203,0.22247314,3.3262724628571645,0,0,0
2020-01-24 04:00:00,1118.0905,24.3369079589844,0.017089449,0.036468506,13.44215757762856,22.6650329589844,0.01657065,0.025161743,5.544691516354687,22.0009704589844,0.01605948,0.23291016,3.458273512234798,0,0,0
2020-01-24 05:00:00,1131.0183,24.283044433593773,0.016990636,0.03300476,12.455085873792084,22.587731933593773,0.016487096,0.021446228,5.369764750351834,21.986169433593773,0.016014073,0.24700928,3.462676580174968,0,0,0
2020-01-24 06:00:00,1175.1032,24.357385253906276,0.016952515,0.027961731,11.958823090381063,22.615197753906276,0.016479492,0.015838623,5.360548002924944,22.005822753906276,0.01600647,0.26965332,3.441793059521314,0,0,0
2020-01-24 07:00:00,1254.8856,25.432092285156276,0.017021345,0.02620697,15.11552361846105,23.986779785156276,0.01720445,0.01235199,8.118883627833613,22.330529785156276,0.016227888,0.28479004,3.5192481818135186,0,0,0
2020-01-24 08:00:00,1426.4404,26.525262451171898,0.016792117,0.029579163,17.58621329539958,25.681512451171898,0.017822085,0.0146484375,9.74277056946024,22.923699951171898,0.016517458,0.28198242,3.715591946415546,0,0,0
2020-01-24 09:00:00,1513.0098,27.487634277343773,0.016731411,0.042266846,17.799436821761386,27.331384277343773,0.017944485,0.0185318,10.89208711154606,23.573571777343773,0.01660934,0.2722168,3.794658980596573,0,0,0
2020-01-24 10:00:00,1562.0065,28.2780700683594,0.016784616,0.049819946,18.04211762579026,28.6061950683594,0.018043466,0.019897461,10.443729026677492,24.3327575683594,0.016426034,0.2640381,3.412267463222962,0,0,0
2020-01-24 11:00:00,1590.7716,28.922814941406276,0.016898932,0.06488037,18.999700845069864,29.641564941406276,0.018211188,0.03477478,10.02877000046207,25.243127441406276,0.016258063,0.2713623,2.6825091306561224,0,0,0
2020-01-24 12:00:00,1537.6632,29.3330017089844,0.017013276,0.07357788,20.25757609743233,30.2705017089844,0.018317902,0.06384277,9.84578414390267,25.8486267089844,0.016242707,0.26916504,1.9713840738007504,0,0,0
2020-01-24 13:00:00,1558.1645,29.530389404296898,0.01706658,0.07589722,21.54732843465515,30.514764404296898,0.018394094,0.09890747,9.79275971197544,26.124139404296898,0.016334157,0.26757812,1.806332927502952,0,0,0
2020-01-24 14:00:00,1637.5444,29.445855712890648,0.016990112,0.0652771,22.70777539422328,30.398980712890648,0.018439697,0.13061523,9.817291695386247,26.180230712890648,0.016585754,0.2593994,1.9935982697249752,0,0,0
2020-01-24 15:00:00,1590.6175999999998,29.1664978027344,0.016768564,0.048324585,23.37334508576055,29.9477478027344,0.018431772,0.14874268,9.825370921347725,26.0571228027344,0.016890634,0.25878906,1.9412283581413463,0,0,0
2020-01-24 16:00:00,1537.4949,28.437921142578148,0.016539391,0.029960632,23.678903350180462,29.062921142578148,0.018622216,0.12677002,9.47042916393942,25.703546142578148,0.016951378,0.2915039,1.942727981208941,0,0,0
2020-01-24 17:00:00,1380.0435,27.298242187500023,0.016447676,0.016036987,23.016397087991624,27.751367187500023,0.019026412,0.09561157,8.204681688232922,25.016992187500023,0.01702751,0.30578613,1.9917031810185213,0,0,0
2020-01-24 18:00:00,1388.2939,26.101464843750023,0.01657732,0.0071964264,20.44930605282224,25.992089843750023,0.01884325,0.093933105,6.702431877953948,24.163964843750023,0.017241077,0.28125,1.7825658615913609,0,0,0
2020-01-24 19:00:00,1439.6137,25.458795166015648,0.016676545,0.003622055,18.48521776330579,25.193170166015648,0.018446565,0.0864563,7.593121311866014,23.693170166015648,0.017195344,0.26379395,1.7152639665789784,0,0,0
2020-01-24 20:00:00,1412.0754,25.100488281250023,0.016631013,0.0020856857,16.80433372731698,24.592675781250023,0.017996674,0.06951904,7.945261165486819,23.483300781250023,0.016989594,0.26379395,1.851485953378409,0,0,0
2020-01-24 21:00:00,1397.7116,24.845422363281276,0.01666235,0.001288414,15.668816824467346,24.118859863281276,0.017585507,0.050689697,7.943657572739058,23.314172363281276,0.016837826,0.24371338,2.2829422774818786,0,0,0
2020-01-24 22:00:00,1364.8882,24.625604248046898,0.016648702,0.00087094307,15.19261225807205,23.766229248046898,0.0172972,0.034957886,7.802912461789671,23.149041748046898,0.016724996,0.22052002,2.8245135724050034,0,0,0
2020-01-24 23:00:00,1295.0113,24.415979003906276,0.01659648,0.0006301403,15.231699194093729,23.462854003906276,0.017077131,0.023086548,7.445991251729027,22.970666503906276,0.016611738,0.2008667,3.3927258964336184,0,0,0
2020-01-25 00:00:00,1241.312,24.238305664062523,0.01657352,0.00056552887,15.851535595174925,23.199243164062523,0.016909214,0.016677856,7.122729781016982,22.792993164062523,0.016481968,0.18164062,3.7659700075759264,0,0,0
2020-01-25 01:00:00,1148.137,24.094171142578148,0.016535416,0.0013642311,17.026405982220286,22.976983642578148,0.016787186,0.018486023,6.770859416578866,22.625421142578148,0.01636757,0.15734863,4.073905392937378,0,0,0
2020-01-25 02:00:00,1117.6677,23.9694763183594,0.016497627,0.004426956,17.5056648720437,22.8054138183594,0.016680732,0.024169922,6.57501441750922,22.4694763183594,0.016261116,0.13366699,4.2332159819570085,0,0,0
2020-01-25 03:00:00,1094.3425,23.883691406250023,0.016452279,0.010353088,17.520286407219935,22.680566406250023,0.016581979,0.024383545,6.530391727983142,22.329003906250023,0.016162362,0.11105347,4.340476179764387,0,0,0
2020-01-25 04:00:00,1082.9623,23.906335449218773,0.016383126,0.017082214,17.517563173319797,22.539147949218773,0.016436532,0.027107239,6.295221832826824,22.187585449218773,0.016055062,0.09844971,4.379425365430043,0,0,0
2020-01-25 05:00:00,1065.2672,23.899743652343773,0.01623772,0.020774841,17.26352873657285,22.391931152343773,0.016260609,0.03440857,6.020199610040066,22.048181152343773,0.015924916,0.08590698,4.37446377111064,0,0,0
2020-01-25 06:00:00,1083.821,23.923272705078148,0.016138155,0.018089294,16.416714519811812,22.337335205078148,0.016168673,0.035507202,5.944675245983787,21.892022705078148,0.015779573,0.07208252,4.370054274599522,0,0,0
2020-01-25 07:00:00,1183.7157,24.857507324218773,0.016092187,0.024246216,19.450533924766592,23.896569824218773,0.016832238,0.034072876,8.758368826763077,22.287194824218773,0.015771752,0.060775757,4.601209956137116,0,0,0
2020-01-25 08:00:00,1290.2451,25.827966308593773,0.015786944,0.0238266,22.39384356773817,25.624841308593773,0.017259417,0.03425598,11.320577260587882,23.351403808593773,0.0155656915,0.044265747,5.0674429604134135,0,0,0
2020-01-25 09:00:00,1368.1164,26.7751403808594,0.015817504,0.013259888,22.855613222710364,27.2126403808594,0.017228942,0.032226562,12.80814418384186,24.6813903808594,0.015260559,0.029953003,4.82296743521393,0,0,0
2020-01-25 10:00:00,1465.9394,27.636560058593773,0.015871042,0.007835388,23.05032822381464,28.480310058593773,0.017114634,0.029273987,12.792529954306769,25.949060058593773,0.014966959,0.017417908,4.25211864396342,0,0,0
2020-01-25 11:00:00,1483.126,28.345788574218773,0.015939934,0.0085372925,23.01100290910443,29.470788574218773,0.01712249,0.024681091,12.379831043871508,26.970788574218773,0.014673455,0.0131492615,3.440634417196166,0,0,0
2020-01-25 12:00:00,1394.2637,28.817468261718773,0.015894081,0.008415222,22.80414973190444,30.145593261718773,0.017114785,0.023735046,11.99273732707389,27.676843261718773,0.014494087,0.012252808,2.650763619361752,0,0,0
2020-01-25 13:00:00,1346.1754999999998,29.078881835937523,0.015771724,0.008571625,22.37466716156512,30.500756835937523,0.017000057,0.0335083,11.71716411144152,27.969506835937523,0.014501429,0.014598846,2.0703097994804764,0,0,0
2020-01-25 14:00:00,1304.6959,29.060937500000023,0.015622926,0.008533478,22.10512729734962,30.482812500000023,0.016816925,0.03263855,11.500190282159634,27.951562500000023,0.01468451,0.021858215,1.658042023182568,0,0,0
2020-01-25 15:00:00,1279.8749,28.715631103515648,0.015481681,0.008880615,22.07268854743151,30.075006103515648,0.01662609,0.029258728,11.273216522652334,27.528131103515648,0.014943808,0.03378296,1.37999826908003,0,0,0
2020-01-25 16:00:00,1347.5956,28.048699951171898,0.0153214075,0.008621216,22.235481857661256,29.173699951171898,0.016496334,0.022354126,10.84710016832921,26.783074951171898,0.015332852,0.038269043,1.4811442759966866,0,0,0
2020-01-25 17:00:00,1345.9392,27.004785156250023,0.015325251,0.007911682,21.827099760058527,27.551660156250023,0.016740503,0.017433167,9.055796887927126,25.504785156250023,0.01563424,0.047683716,1.881389416316067,0,0,0
2020-01-25 18:00:00,1356.5419000000002,25.767724609375023,0.015634408,0.0080833435,19.901002001815627,25.205224609375023,0.016603341,0.017349243,7.217903051852552,24.041162109375023,0.015581002,0.05784607,2.306759819807776,0,0,0
2020-01-25 19:00:00,1403.2392,25.199517822265648,0.015848327,0.012313843,18.5605576487328,24.066705322265648,0.01618402,0.01865387,7.593413485382272,23.168267822265648,0.015741516,0.062210083,3.086218318475315,0,0,0
2020-01-25 20:00:00,1365.3359,24.941339111328148,0.015908983,0.011940002,17.42096234121534,23.253839111328148,0.015832689,0.016983032,7.768103791027687,22.628839111328148,0.01568773,0.06460571,3.998996973641832,0,0,0
2020-01-25 21:00:00,1325.6264,24.786523437500023,0.015840216,0.010547638,17.13005155806123,22.716210937500023,0.0156151485,0.021385193,7.548719022093199,22.349023437500023,0.015557928,0.06347656,4.636842330404129,0,0,0
2020-01-25 22:00:00,1265.3892,24.684228515625023,0.015733285,0.008743286,17.53650416335834,22.356103515625023,0.015557809,0.0230484,7.20788352430187,22.192041015625023,0.015481515,0.06454468,4.834693041094256,0,0,0
2020-01-25 23:00:00,1223.7536,24.523950195312523,0.015626194,0.006303787,17.930371310489676,22.047387695312523,0.015610936,0.022377014,6.906773692164659,22.047387695312523,0.015431645,0.06668091,4.921993493969836,0,0,0
2020-01-26 00:00:00,1176.4033,24.346246337890648,0.015537886,0.0044002533,18.132747880984063,21.814996337890648,0.01567903,0.01802063,6.78259168158665,21.924371337890648,0.015358595,0.07034302,5.025058842784192,0,0,0
2020-01-26 01:00:00,1129.6035,24.180688476562523,0.015453502,0.00365448,18.310801310732234,21.641625976562523,0.015731974,0.023399353,6.737547871095805,21.790063476562523,0.0152780255,0.07199097,5.076914902393723,0,0,0
2020-01-26 02:00:00,1102.8886,24.044732666015648,0.015380806,0.004377365,18.46509667526956,21.497857666015648,0.015731758,0.031555176,6.754856727486862,21.630670166015648,0.015197701,0.07498169,4.9467707764568125,0,0,0
2020-01-26 03:00:00,1078.1751,23.930963134765648,0.015334978,0.0071048737,18.12489393321605,21.345025634765648,0.015678301,0.033966064,6.690404565664045,21.493463134765648,0.015121355,0.07473755,4.751621455460615,0,0,0
2020-01-26 04:00:00,1058.9126,23.847711181640648,0.015346475,0.00951004,16.63587212053932,21.175836181640648,0.015575357,0.0388031,6.377528831210403,21.394586181640648,0.015045114,0.072906494,4.506191857501199,0,0,0
2020-01-26 05:00:00,1070.5332,23.762536621093773,0.015438059,0.00818634,14.499087927184071,21.051599121093773,0.015464762,0.03793335,5.975529437370781,21.317224121093773,0.014965037,0.07330322,4.235301029536274,0,0,0
2020-01-26 06:00:00,1057.5085,23.781549072265648,0.015556414,0.009674072,13.117131849197015,21.054986572265648,0.015396196,0.044021606,5.63568942817208,21.289361572265648,0.014877398,0.07623291,3.9571277892075214,0,0,0
2020-01-26 07:00:00,987.8207,25.012078857421898,0.015907614,0.011981964,15.374393685644058,23.152703857421898,0.015968649,0.046585083,8.206815617890996,21.855828857421898,0.0150645645,0.07940674,3.827003066720324,0,0,0
2020-01-26 08:00:00,975.9383,26.336572265625023,0.0158085,0.015377045,18.521662509523797,25.352197265625023,0.016411223,0.045928955,10.454452077335509,23.195947265625023,0.015106595,0.07318115,3.9851503223703406,0,0,0
2020-01-26 09:00:00,1016.5135,27.4621520996094,0.015861945,0.020195007,19.24473612365829,27.1809020996094,0.016632514,0.04248047,11.58713200549614,24.7902770996094,0.014999825,0.060638428,3.66410544819662,0,0,0
2020-01-26 10:00:00,1084.3228,28.465051269531276,0.015762815,0.025741577,19.002029551476745,28.558801269531276,0.01671649,0.03857422,11.267791473701678,26.215051269531276,0.014851103,0.05784607,2.9829685799801107,0,0,0
2020-01-26 11:00:00,1254.7263,29.265069580078148,0.015648244,0.031417847,18.587819202506736,29.671319580078148,0.016731618,0.032989502,10.784707877881091,27.405694580078148,0.014789937,0.05593872,2.085429330711771,0,0,0
2020-01-26 12:00:00,1275.5838,29.809838867187523,0.015678566,0.0382843,18.10041783308943,30.434838867187523,0.016746681,0.02885437,10.167291740421284,28.200463867187523,0.015060584,0.056762695,1.340709547564624,0,0,0
2020-01-26 13:00:00,1286.2857,30.080590820312523,0.015754746,0.044433594,17.86866200156224,30.768090820312523,0.016738938,0.03401184,9.435112261324138,28.471215820312523,0.015678452,0.06738281,1.399724774895929,0,0,0
2020-01-26 14:00:00,1242.6019,30.129541015625023,0.015838599,0.05519104,17.765242435895782,30.613916015625023,0.016754126,0.038726807,8.48982675651941,28.395166015625023,0.015922522,0.059646606,2.0645171064064,0,0,0
2020-01-26 15:00:00,1191.3228,29.902703857421898,0.015907168,0.054122925,17.847161639567993,30.246453857421898,0.01689899,0.03147888,7.586932160749588,27.887078857421898,0.016296268,0.07235718,2.6861083290938663,0,0,0
2020-01-26 16:00:00,1163.2973,29.366845703125023,0.016052013,0.047958374,18.305462031468828,29.569970703125023,0.017074352,0.014389038,6.857389003899783,26.991845703125023,0.0165937,0.10458374,3.173601830874916,0,0,0
2020-01-26 17:00:00,1134.511,28.385705566406276,0.01628833,0.053482056,18.404166927370756,28.245080566406276,0.017135194,0.011081696,6.105481795811398,25.901330566406276,0.016639283,0.14416504,3.6538410878320087,0,0,0
2020-01-26 18:00:00,1173.5241,27.169519042968773,0.016806923,0.04814148,16.67099959444626,25.763269042968773,0.016921364,0.012432098,4.645819292033007,24.716394042968773,0.017020546,0.17425537,3.4847824830048464,0,0,0
2020-01-26 19:00:00,1229.2865000000002,26.374902343750023,0.017294941,0.036376953,15.03698364284524,24.828027343750023,0.016524373,0.013278961,5.229180794300382,24.054589843750023,0.017272053,0.20544434,3.215142376774268,0,0,0
2020-01-26 20:00:00,1254.3629,25.881127929687523,0.017485347,0.026802063,13.417694507978032,24.076440429687523,0.016340937,0.009113312,5.30203398775872,23.654565429687523,0.017416682,0.2322998,3.042037753282834,0,0,0
2020-01-26 21:00:00,1209.8022999999998,25.523461914062523,0.017531035,0.020072937,11.950949767608448,23.453149414062523,0.016157744,0.007101059,5.059017967552646,23.367211914062523,0.017401336,0.25256348,2.921054805752093,0,0,0
2020-01-26 22:00:00,1138.4192,25.227502441406276,0.017454809,0.016708374,11.228758205328862,22.961877441406276,0.015982335,0.008407593,4.82973307375477,23.079064941406276,0.017386144,0.2640381,2.7111769125810024,0,0,0
2020-01-26 23:00:00,1103.7198999999998,24.9482360839844,0.017355712,0.017440796,10.784339422334734,22.6201110839844,0.015845092,0.0105781555,4.636022442385683,22.8076110839844,0.017309936,0.26220703,2.426984193493422,0,0,0
2020-01-27 00:00:00,1069.7846,24.7287536621094,0.017286923,0.02243805,10.511099088131903,22.4006286621094,0.015768673,0.0139808655,4.5470732781349055,22.5959411621094,0.017218258,0.26904297,2.15533206806368,0,0,0
2020-01-27 01:00:00,1015.1037,24.566186523437523,0.017172497,0.029396057,10.292766586605744,22.230249023437523,0.015730541,0.022750854,4.50502206947264,22.503686523437523,0.01713435,0.2376709,2.219259166052719,0,0,0
2020-01-27 02:00:00,993.3495,24.414941406250023,0.016997363,0.031677246,9.919113988994186,22.383691406250023,0.015814807,0.06585693,4.437165841429156,22.344628906250023,0.016966846,0.25598145,2.268842222372827,0,0,0
2020-01-27 03:00:00,959.2778,24.305505371093773,0.016860498,0.033096313,9.576157562164248,22.438317871093773,0.015891565,0.095703125,4.3868987038202,22.149255371093773,0.016822351,0.2697754,2.328709255359634,0,0,0
2020-01-27 04:00:00,963.863,24.215020751953148,0.016700549,0.0317688,8.897442975420212,22.394708251953148,0.015891833,0.1131897,4.372463105505728,21.933770751953148,0.01667766,0.28112793,2.368125022833817,0,0,0
2020-01-27 05:00:00,969.7378,24.136499023437523,0.016571054,0.02796936,8.238946133042667,22.331811523437523,0.015853891,0.14929199,4.430883627570164,21.769311523437523,0.016555795,0.27270508,2.425766601518271,0,0,0
2020-01-27 06:00:00,1019.8549,24.126306152343773,0.016525483,0.02507782,8.434644536350648,22.345056152343773,0.015823578,0.19110107,4.6819368110704405,21.743493652343773,0.01644156,0.26489258,2.4037616754447675,0,0,0
2020-01-27 07:00:00,1119.6751,25.163171386718773,0.01660192,0.024055481,12.40464953959584,23.413171386718773,0.015991569,0.21350098,7.146174582590042,22.319421386718773,0.01660192,0.27246094,2.1018709907867827,0,0,0
2020-01-27 08:00:00,1287.7123,26.098077392578148,0.016510444,0.03425598,15.192783098042312,24.746514892578148,0.016067939,0.21722412,7.2223687789262465,23.637139892578148,0.016769843,0.28857422,2.121719008542012,0,0,0
2020-01-27 09:00:00,1407.6856,27.008935546875023,0.01651811,0.040985107,16.234280745936687,26.040185546875023,0.016220564,0.21496582,6.956778542728374,24.758935546875023,0.016663069,0.3022461,2.5334306098013317,0,0,0
2020-01-27 10:00:00,1447.1605,27.829858398437523,0.016678248,0.04095459,16.189060332164946,27.064233398437523,0.016495142,0.23223877,5.963425992640652,25.814233398437523,0.01664773,0.3062744,3.51188722199993,0,0,0
2020-01-27 11:00:00,1510.0024,28.454949951171898,0.016769957,0.05769348,15.18585277525496,27.829949951171898,0.016785216,0.27661133,4.35525885407218,26.454949951171898,0.016792845,0.30859375,4.53889619138502,0,0,0
2020-01-27 12:00:00,1486.2487,28.865502929687523,0.01683129,0.08929443,13.600168389792566,28.037377929687523,0.016877066,0.30480957,2.6671409026300843,26.724877929687523,0.017022025,0.3166504,5.288481081583686,0,0,0
2020-01-27 13:00:00,1501.7652,29.064111328125023,0.016953776,0.12322998,11.952029419001027,28.251611328125023,0.017037699,0.30151367,1.3693702076454173,26.782861328125023,0.017197916,0.3256836,5.95560987140945,0,0,0
2020-01-27 14:00:00,1494.4585,29.112359619140648,0.016969584,0.13421631,11.10157781160978,28.549859619140648,0.01728239,0.30273438,0.8729395642991211,26.627984619140648,0.017305277,0.3363037,6.446160881664737,0,0,0
2020-01-27 15:00:00,1465.1472,29.0471130371094,0.016893908,0.13977051,11.271950692138688,28.3127380371094,0.01737456,0.30944824,1.8994396362152093,26.2189880371094,0.01737456,0.34106445,6.587412369957764,0,0,0
2020-01-27 16:00:00,1404.996,28.772027587890648,0.016680919,0.117248535,12.896385449416131,27.772027587890648,0.017459117,0.31689453,2.463337705420751,25.615777587890648,0.01742097,0.32824707,6.120911110768375,0,0,0
2020-01-27 17:00:00,1297.4436,28.1162048339844,0.016582364,0.08947754,14.819784323169278,27.1005798339844,0.017879361,0.3199463,2.1390558603544547,24.8193298339844,0.017475003,0.30871582,5.258442548211107,0,0,0
2020-01-27 18:00:00,1314.5047,27.072045898437523,0.016918184,0.059753418,15.701340937600506,26.118920898437523,0.018039705,0.3100586,1.655364449758712,23.931420898437523,0.017589571,0.30969238,4.336690166408741,0,0,0
2020-01-27 19:00:00,1349.8741,26.237512207031276,0.01718532,0.04663086,16.824683040450456,25.495324707031276,0.018154252,0.30456543,1.4982420084762618,23.385949707031276,0.0176736,0.29785156,3.8844735069397687,0,0,0
2020-01-27 20:00:00,1282.6779,25.6603942871094,0.017170459,0.041290283,17.19150546367077,24.9728942871094,0.018070728,0.3043213,1.5226103993495506,23.0744567871094,0.017635852,0.30908203,3.683880162678818,0,0,0
2020-01-27 21:00:00,1249.0524,25.310113525390648,0.01713351,0.03665161,16.136318928870324,24.583551025390648,0.017919337,0.3031006,1.5442538508681705,22.856988525390648,0.017492091,0.30371094,3.5888091672605933,0,0,0
2020-01-27 22:00:00,1211.4175,25.075891113281276,0.017081616,0.031311035,14.7804158620182,24.286828613281276,0.017730115,0.29345703,1.7696606559677688,22.669641113281276,0.017348645,0.28564453,3.3880145340239567,0,0,0
2020-01-27 23:00:00,1153.7963,24.867150878906276,0.017029246,0.025161743,13.587922915954517,24.031213378906276,0.017570933,0.27404785,2.234525933136325,22.523400878906276,0.017197093,0.27478027,3.11402400749522,0,0,0
2020-01-28 00:00:00,1066.2002,24.682794189453148,0.016984472,0.021446228,12.519280321198266,23.792169189453148,0.017449865,0.24255371,2.918221027545153,22.432794189453148,0.017053137,0.2545166,2.870604016945542,0,0,0
2020-01-28 01:00:00,1018.2677,24.512628173828148,0.016900906,0.021720886,11.350976459999332,23.543878173828148,0.017320523,0.20477295,3.682244000519794,22.239190673828148,0.016832242,0.22351074,2.758086235142215,0,0,0
2020-01-28 02:00:00,1000.7761,24.379052734375023,0.016831968,0.023330688,10.296239333032045,23.316552734375023,0.01717529,0.15661621,4.161242320820537,22.058740234375023,0.016618345,0.20336914,2.7517886587127016,0,0,0
2020-01-28 03:00:00,979.772,24.273095703125023,0.01668677,0.033554077,9.6442943090579,23.116845703125023,0.017014833,0.11425781,4.335372548182078,21.905908203125023,0.016450258,0.17266846,2.872281761544329,0,0,0
2020-01-28 04:00:00,986.9085,24.226953125000023,0.016580915,0.029937744,9.18457889129384,22.945703125000023,0.016855573,0.08728027,4.4286700142817095,21.734765625000023,0.016245222,0.13702393,3.0540095208624805,0,0,0
2020-01-28 05:00:00,999.0189,24.199609375000023,0.016537761,0.024208069,8.803286458932671,22.816796875000023,0.016705608,0.06951904,4.55139987077508,21.558984375000023,0.015996074,0.1111145,3.196220250354892,0,0,0
2020-01-28 06:00:00,1015.5231,24.260308837890648,0.016545776,0.021957397,8.749797369654326,22.775933837890648,0.0166297,0.06744385,4.575811989439844,21.424371337890648,0.015782837,0.096832275,3.3369968463653032,0,0,0
2020-01-28 07:00:00,1114.2542,25.245446777343773,0.016600162,0.02418518,11.633193031783929,23.815759277343773,0.017225772,0.07077026,7.068792012137877,21.862634277343773,0.016058475,0.082092285,3.660027767763959,0,0,0
2020-01-28 08:00:00,1271.1063,26.124139404296898,0.01643297,0.03049469,13.6049745549781,25.014764404296898,0.017653674,0.059646606,7.664546689478785,22.655389404296898,0.016516894,0.06863403,3.928996620800093,0,0,0
2020-01-28 09:00:00,1373.8753000000002,27.077905273437523,0.016469881,0.03404236,13.529576670585593,26.484155273437523,0.017705843,0.044891357,8.067283935679773,23.757592773437523,0.016752169,0.05731201,4.040148196665474,0,0,0
2020-01-28 10:00:00,1437.3484,28.021905517578148,0.01651464,0.034576416,13.166206659578696,28.029718017578148,0.017620903,0.05482483,7.654039236581679,25.459405517578148,0.016552787,0.052749634,3.643811757004387,0,0,0
2020-01-28 11:00:00,1484.0925,28.777917480468773,0.016574858,0.042770386,12.746628474839374,29.137292480468773,0.017650602,0.09866333,6.878253602450909,26.902917480468773,0.016407011,0.08456421,3.092981985304251,0,0,0
2020-01-28 12:00:00,1493.1773,29.2546325683594,0.01671164,0.07052612,12.055489248238924,29.7858825683594,0.017749237,0.14923096,5.856386278779505,27.6218200683594,0.016436981,0.12506104,2.9881874123593817,0,0,0
2020-01-28 13:00:00,1543.3448999999998,29.398828125000023,0.016833486,0.10873413,11.55889918329552,30.101953125000023,0.017687978,0.18878174,4.539836225370474,27.805078125000023,0.016574087,0.1541748,3.5002028433739643,0,0,0
2020-01-28 14:00:00,1535.5058,29.427941894531276,0.016879253,0.12658691,11.33452111994833,30.271691894531276,0.017611675,0.22021484,3.025297705132736,27.631066894531276,0.016833477,0.15844727,4.142559001182432,0,0,0
2020-01-28 15:00:00,1511.6270000000002,29.333093261718773,0.01684885,0.13427734,11.30787268993282,30.098718261718773,0.017581271,0.20245361,2.0074292825806026,26.981530761718773,0.01721506,0.14910889,4.581995471707342,0,0,0
2020-01-28 16:00:00,1423.3222,28.958062744140648,0.01675759,0.122039795,11.516756087387073,29.364312744140648,0.017718894,0.18688965,1.8220080580632625,26.122125244140648,0.017589195,0.15637207,4.761001002580216,0,0,0
2020-01-28 17:00:00,1322.8391,28.338983154296898,0.0167199,0.08227539,11.794125462121375,28.463983154296898,0.018207632,0.18206787,1.7398804460757231,25.120233154296898,0.017932974,0.18029785,4.664613900106486,0,0,0
2020-01-28 18:00:00,1336.2392,27.466485595703148,0.017078815,0.049423218,11.545141748984738,26.997735595703148,0.018452106,0.17041016,1.5542145574246045,24.138360595703148,0.018116413,0.20544434,4.205419735637938,0,0,0
2020-01-28 19:00:00,1382.8869,26.732568359375023,0.017338581,0.033706665,11.977838078781328,26.349755859375023,0.018338032,0.14251709,1.5798565375106992,23.615380859375023,0.01797945,0.21398926,3.822565470821532,0,0,0
2020-01-28 20:00:00,1340.0135,26.148370361328148,0.017370831,0.026947021,12.31250677892818,25.867120361328148,0.018202435,0.105529785,1.588851935015096,23.304620361328148,0.017813336,0.21246338,3.5393600520674324,0,0,0
2020-01-28 21:00:00,1294.2311,25.681512451171898,0.017265094,0.021736145,12.15811598236843,25.400262451171898,0.017997516,0.080566406,1.6183123715015797,23.103387451171898,0.017669452,0.206604,3.446043685864218,0,0,0
2020-01-28 22:00:00,1241.4446,25.304162597656276,0.017136311,0.017303467,12.18795240296152,24.968225097656276,0.017731404,0.058929443,1.5817894102263228,22.968225097656276,0.01752541,0.21002197,3.337737295737313,0,0,0
2020-01-28 23:00:00,1166.8151,25.009118652343773,0.017044866,0.013484955,12.054434755633798,24.595056152343773,0.017487371,0.05255127,1.5078583223169582,22.837243652343773,0.01738056,0.21368408,3.346590866722393,0,0,0
2020-01-29 00:00:00,1081.2642,24.765222167968773,0.016922206,0.010246277,11.868297000574584,24.319909667968773,0.017280787,0.05455017,1.67706845444739,22.741784667968773,0.01724264,0.2111206,3.261413616961064,0,0,0
2020-01-29 01:00:00,1022.7248,24.566705322265648,0.016837478,0.007785797,11.825061680187313,24.090142822265648,0.017135024,0.06906128,2.290477325342209,22.629205322265648,0.01706636,0.20916748,2.7204993729929807,0,0,0
2020-01-29 02:00:00,995.5095,24.405786132812523,0.016790755,0.006298065,11.764796779707767,23.937036132812523,0.017057784,0.08694458,3.4738208883491755,22.530786132812523,0.016912825,0.20404053,2.468184006913698,0,0,0
2020-01-29 03:00:00,972.7319,24.3286071777344,0.016737176,0.0077762604,11.835446984730622,23.7817321777344,0.017011834,0.080566406,4.244191596492701,22.5395446777344,0.016859246,0.20465088,2.49937480357027,0,0,0
2020-01-29 04:00:00,973.2948,24.299676513671898,0.016690562,0.009483337,11.391023213525386,23.549676513671898,0.016942332,0.05317688,3.9878149069683215,22.487176513671898,0.016759226,0.20727539,2.4349404086080404,0,0,0
2020-01-29 05:00:00,1008.0047,24.296044921875023,0.016636329,0.007381439,10.66011937745547,23.241357421875023,0.016773658,0.03404236,3.634721020850715,22.405419921875023,0.016636329,0.21557617,2.288117850614714,0,0,0
2020-01-29 06:00:00,1031.8907000000002,24.308862304687523,0.01660544,0.0052871704,10.420218797023027,23.121362304687523,0.016712252,0.04196167,3.698511646528319,22.347924804687523,0.016544405,0.2097168,2.138394981540224,0,0,0
2020-01-29 07:00:00,1116.305,25.501611328125023,0.0167121,0.006532669,13.759823456230494,24.376611328125023,0.017131716,0.067840576,6.4250300009654175,22.720361328125023,0.016940981,0.20202637,2.0537695931018365,0,0,0
2020-01-29 08:00:00,1295.5059,26.5859313964844,0.016666315,0.012187958,15.132382080385026,25.8359313964844,0.017421626,0.069244385,7.064189396903735,23.4687438964844,0.017543696,0.20568848,2.1667610557488004,0,0,0
2020-01-29 09:00:00,1389.2522,27.592858886718773,0.016681852,0.021751404,14.536711045404257,27.249108886718773,0.01759738,0.066101074,6.692197193225126,24.100671386718773,0.01783389,0.2020874,2.4495647773703864,0,0,0
2020-01-29 10:00:00,1466.0187999999998,28.491723632812523,0.016705034,0.030784607,13.5062593826339,28.593286132812523,0.017918108,0.11508179,5.389820040103126,25.038598632812523,0.017681597,0.21765137,2.4084384775363934,0,0,0
2020-01-29 11:00:00,1495.9433,29.203973388671898,0.016858017,0.0448761,12.007018497303154,29.602410888671898,0.018132126,0.17053223,3.843156848824512,26.399285888671898,0.017414963,0.23883057,2.586921063216037,0,0,0
2020-01-29 12:00:00,1489.3484,29.717309570312523,0.017140642,0.071258545,10.755502969002006,30.193872070312523,0.018140092,0.19940186,2.675411558132011,27.303247070312523,0.017392412,0.24401855,3.158820609060963,0,0,0
2020-01-29 13:00:00,1526.6092,30.0788513183594,0.017247478,0.08694458,10.373535928030831,30.6179138183594,0.01821641,0.21759033,2.0855607316149323,27.5085388183594,0.017575542,0.24975586,3.880729706762093,0,0,0
2020-01-29 14:00:00,1545.3077,30.175683593750023,0.017239533,0.084869385,10.3705926123627,30.808496093750023,0.018307649,0.22875977,1.7235102813653085,27.183496093750023,0.017826997,0.25842285,4.391976054016872,0,0,0
2020-01-29 15:00:00,1535.466,30.103784179687523,0.017201135,0.0791626,10.768902831230143,30.447534179687523,0.018383691,0.22613525,1.6142854608566914,26.556909179687523,0.018109033,0.2626953,4.629859561149694,0,0,0
2020-01-29 16:00:00,1455.4409,29.773736572265648,0.017148698,0.05645752,12.46089563325647,29.789361572265648,0.018575395,0.22668457,1.294507700418707,25.758111572265648,0.018354142,0.26184082,4.343915340652413,0,0,0
2020-01-29 17:00:00,1335.1943,29.016168212890648,0.01712703,0.03413391,14.853698269956944,28.969293212890648,0.019171707,0.23345947,1.401661696480018,24.883355712890648,0.018546097,0.2709961,3.84449447493318,0,0,0
2020-01-29 18:00:00,1320.2333,27.794274902343773,0.017326517,0.019058228,16.786864567913938,27.309899902343773,0.019455118,0.20806885,1.8525382993190804,24.161462402343773,0.018577738,0.29663086,3.275740544116051,0,0,0
2020-01-29 19:00:00,1353.9012,26.796105957031276,0.017441602,0.011550903,18.984626300420075,26.460168457031276,0.019280287,0.1708374,2.82175695229427,23.796105957031276,0.018395277,0.3121338,2.911687339734072,0,0,0
2020-01-29 20:00:00,1302.7987,26.085382080078148,0.017326903,0.007183075,20.19099619160661,25.897882080078148,0.01899011,0.15002441,3.798944951710181,23.601007080078148,0.01812036,0.28723145,1.9659836216047404,0,0,0
2020-01-29 21:00:00,1276.2871,25.657586669921898,0.017181803,0.006170273,18.99024453534517,25.462274169921898,0.018669534,0.14123535,5.430181558429453,23.477899169921898,0.01785319,0.258667,1.3554088005418528,0,0,0
2020-01-29 22:00:00,1188.2707,25.3471618652344,0.017090905,0.008338928,16.843414042843342,25.0346618652344,0.01842605,0.08493042,6.6946763880196345,23.3002868652344,0.017632592,0.22766113,1.2491581656989776,0,0,0
2020-01-29 23:00:00,1123.2385,25.095056152343773,0.016939187,0.009586334,15.837015401385784,24.462243652343773,0.018114114,0.048965454,5.998369739305751,23.110681152343773,0.01740458,0.2010498,1.2951486573633566,0,0,0
2020-01-30 00:00:00,1089.4097,24.871911621093773,0.016839892,0.011756897,15.26975204296433,23.918786621093773,0.017763048,0.041046143,5.389199422997575,22.926599121093773,0.017198473,0.17272949,1.5661072359529182,0,0,0
2020-01-30 01:00:00,1027.9816,24.718896484375023,0.01673321,0.018623352,14.865078570700057,23.539208984375023,0.017450374,0.04121399,5.558185057637855,22.757958984375023,0.01698498,0.15301514,1.8951020503685376,0,0,0
2020-01-30 02:00:00,999.2789,24.547235107421898,0.016703228,0.022193909,14.112757896857802,23.242547607421898,0.017199138,0.04034424,5.942454604255115,22.625360107421898,0.016771892,0.14141846,2.0652383762794897,0,0,0
2020-01-30 03:00:00,988.2487,24.357812500000023,0.016650015,0.03767395,13.472821763444037,22.943750000000023,0.01696282,0.037139893,6.155761996838308,22.498437500000023,0.016581351,0.13000488,2.302858995166765,0,0,0
2020-01-30 04:00:00,975.7573,24.253472900390648,0.016588472,0.04008484,12.731574192329672,22.659722900390648,0.016725801,0.034729004,6.10428883227417,22.378472900390648,0.016397737,0.11593628,2.4252267751152847,0,0,0
2020-01-30 05:00:00,979.7745,24.160943603515648,0.01651912,0.030258179,12.154507627380983,22.418756103515648,0.01651149,0.029960632,6.053890682825151,22.262506103515648,0.016221574,0.100128174,2.429092880053154,0,0,0
2020-01-30 06:00:00,1014.5294,24.166680908203148,0.016457807,0.024009705,11.770728319267914,22.330743408203148,0.016381513,0.022781372,6.199196625004823,22.166680908203148,0.016076338,0.08618164,2.4709403903105307,0,0,0
2020-01-30 07:00:00,1107.3036,25.2939392089844,0.016504163,0.021575928,14.66964536647777,23.7705017089844,0.016946668,0.017112732,9.126350557896362,22.5595642089844,0.016267652,0.07949829,2.599728770047112,0,0,0
2020-01-30 08:00:00,1260.5969,26.310083007812523,0.01628212,0.020767212,16.07058983755888,25.364770507812523,0.017075578,0.012310028,10.955209866998464,23.489770507812523,0.016366044,0.06576538,2.9638644878745946,0,0,0
2020-01-30 09:00:00,1367.7750999999998,27.253106689453148,0.0163421,0.01309967,15.069450062802972,26.870294189453148,0.01685327,0.009090424,10.95931234611047,24.909356689453148,0.016105589,0.04849243,2.7373210273660544,0,0,0
2020-01-30 10:00:00,1460.4033,28.379724121093773,0.0162352,0.009143829,13.889773002730562,28.285974121093773,0.016692964,0.0066814423,10.07609036511178,26.395349121093773,0.01586899,0.03866577,2.11227989065824,0,0,0
2020-01-30 11:00:00,1514.2117,29.4565368652344,0.01595399,0.0058135986,12.887550485624926,29.4799743652344,0.016556712,0.0044555664,9.30261545627855,27.5893493652344,0.01581666,0.032058716,1.3186677617830938,0,0,0
2020-01-30 12:00:00,1514.5584,30.226129150390648,0.01582566,0.0032234192,12.214288130451624,30.366754150390648,0.0164589,0.0026025772,8.729699682988858,28.327691650390648,0.016199501,0.02785492,0.3658076911944545,0,0,0
2020-01-30 13:00:00,1553.1363,30.746240234375023,0.015673213,0.0017857552,12.351463879765204,30.933740234375023,0.016413264,0.0014352798,8.362975075403273,28.746240234375023,0.016291194,0.02318573,0.7112666598415324,0,0,0
2020-01-30 14:00:00,1584.1562,30.995935058593773,0.0154484045,0.0011796951,13.486830582149809,31.120935058593773,0.016428782,0.0008919239,8.26096659641326,28.777185058593773,0.016177012,0.033325195,1.2990609004873672,0,0,0
2020-01-30 15:00:00,1540.8524,30.9118591308594,0.015315209,0.0010595322,15.550961754792642,30.8337341308594,0.016627464,0.0013036728,8.319460453732017,28.2946716308594,0.016413841,0.036621094,1.8399538665668655,0,0,0
2020-01-30 16:00:00,1459.5984999999998,30.335717773437523,0.015468073,0.0015287399,18.140085384416093,30.101342773437523,0.016833736,0.0019960403,8.29772593127136,27.499780273437523,0.016688777,0.062316895,2.002319542972549,0,0,0
2020-01-30 17:00:00,1327.1759,29.115014648437523,0.015956054,0.0027885437,20.221763150007952,28.583764648437523,0.017169127,0.004190445,7.478949125592001,26.388452148437523,0.01700128,0.088378906,1.8346191672658476,0,0,0
2020-01-30 18:00:00,1330.1841,27.504663085937523,0.016764786,0.0045280457,20.38079221434191,26.114038085937523,0.016909745,0.0055503845,6.4125209607233495,25.114038085937523,0.017535355,0.110565186,1.453789579946572,0,0,0
2020-01-30 19:00:00,1366.5459,26.527947998046898,0.017299524,0.008399963,19.904459115378675,25.012322998046898,0.016567102,0.006099701,7.191075802514514,24.363885498046898,0.017055383,0.11645508,1.2154930656051708,0,0,0
2020-01-30 20:00:00,1315.6483,26.044458007812523,0.017468574,0.011936188,17.990268289072095,24.130395507812523,0.016324164,0.0056972504,7.6886622299322225,23.771020507812523,0.01687348,0.10977173,1.0358363210021737,0,0,0
2020-01-30 21:00:00,1269.448,25.791772460937523,0.017348066,0.012779236,15.966182198604132,23.416772460937523,0.016134992,0.008583069,7.591742084797143,23.393334960937523,0.016608015,0.08312988,1.5784472342375837,0,0,0
2020-01-30 22:00:00,1221.9461,25.543908691406276,0.017309224,0.012828827,15.525265898708016,22.918908691406276,0.015913045,0.009925842,7.4753377627608515,22.989221191406276,0.016370809,0.06869507,2.521458417668725,0,0,0
2020-01-30 23:00:00,1164.8365,25.303613281250023,0.01731612,0.01663208,15.646067779179647,22.506738281250023,0.015813129,0.012924194,7.239499937459938,22.623925781250023,0.016148822,0.060516357,3.031000558873864,0,0,0
2020-01-31 00:00:00,1088.6623000000002,25.201959228515648,0.01710171,0.027038574,16.258758794841263,22.162896728515648,0.015781825,0.015991211,6.954253715883038,22.334771728515648,0.015911525,0.049209595,3.141217577243612,0,0,0
2020-01-31 01:00:00,1070.4036,25.121362304687523,0.016879713,0.02747345,16.86787202973521,21.863549804687523,0.015773451,0.018745422,6.752272642927076,22.058862304687523,0.015681898,0.0440979,3.233113953597148,0,0,0
2020-01-31 02:00:00,1033.1754999999998,25.035974121093773,0.016749453,0.024375916,16.99922149670804,21.590661621093773,0.015750002,0.019836426,6.5913956127869895,21.832849121093773,0.015452455,0.050369263,3.3911911733427407,0,0,0
2020-01-31 03:00:00,1019.9394,24.958642578125023,0.016688013,0.019927979,16.964233795591372,21.349267578125023,0.015711451,0.020805359,6.570753677198193,21.607080078125023,0.0152498735,0.05303955,3.574216612768316,0,0,0
2020-01-31 04:00:00,998.186,24.885552978515648,0.016718235,0.013763428,16.602180144760567,21.112115478515648,0.015627231,0.01752472,6.447159030591293,21.424615478515648,0.015074099,0.051086426,3.714506959299389,0,0,0
2020-01-31 05:00:00,1032.8507,24.818505859375023,0.016840203,0.007753372,15.898205119616197,20.857568359375023,0.015524132,0.01492691,6.327736804499426,21.232568359375023,0.014917595,0.04508972,3.840177872829682,0,0,0
2020-01-31 06:00:00,1048.9941,24.841943359375023,0.01695465,0.0029344559,15.51569306419172,20.763818359375023,0.015409696,0.011184692,6.3813728970790216,21.052880859375023,0.014780271,0.037582397,4.005891552390879,0,0,0
2020-01-31 07:00:00,1147.3125,25.872644042968773,0.01696996,0.0017323494,19.25565421158707,23.013269042968773,0.015878957,0.008636475,9.58610375295164,21.622644042968773,0.014856618,0.028945923,4.281436251187894,0,0,0
2020-01-31 08:00:00,1282.4355,27.072625732421898,0.01656559,0.0019626617,23.80046967115109,25.244500732421898,0.016222266,0.0060253143,11.796447484234015,22.916375732421898,0.014673499,0.011310577,4.620656500902076,0,0,0
2020-01-31 09:00:00,1390.2512000000002,28.076440429687523,0.016542533,0.0026683807,25.28485502099265,27.029565429687523,0.01607714,0.00399971,12.720702099406914,24.357690429687523,0.014345268,0.004070282,4.27720193873438,0,0,0
2020-01-31 10:00:00,1469.2199,29.027001953125023,0.01665646,0.0030164719,25.785352940565527,28.370751953125023,0.015847744,0.0032758713,12.606885663461528,25.730126953125023,0.013978543,0.0016527176,3.712538077419253,0,0,0
2020-01-31 11:00:00,1495.1555,29.842553710937523,0.016853986,0.0037927628,25.38435212176197,29.514428710937523,0.015877424,0.0035619736,12.146954472632434,26.889428710937523,0.013676343,0.0011248589,3.0194707495783435,0,0,0
2020-01-31 12:00:00,1489.2597,30.396020507812523,0.017036045,0.009712219,24.466640534070823,30.364770507812523,0.01622733,0.0046424866,11.365219606559403,27.692895507812523,0.013545596,0.00069856644,2.2690686246481686,0,0,0
2020-01-31 13:00:00,1529.0112,30.625878906250023,0.017126793,0.026123047,23.067689250410748,30.875878906250023,0.016707176,0.009723663,10.464604319944357,28.110253906250023,0.013617271,0.0004477501,1.559533513637651,0,0,0
2020-01-31 14:00:00,1545.1395,30.576440429687523,0.017149154,0.043914795,21.763368021105336,30.982690429687523,0.01708049,0.044174194,9.631889283427885,28.060815429687523,0.01423854,0.0003581047,0.7429649449199869,0,0,0
2020-01-31 15:00:00,1528.1555,30.240258789062523,0.017110646,0.051727295,21.17203247462192,30.662133789062523,0.017362416,0.07330322,8.997987216944622,27.669946289062523,0.014703572,0.00038039684,0.3603209301093878,0,0,0
2020-01-31 16:00:00,1424.2791,29.561120605468773,0.017118108,0.046875,21.579907418124037,29.857995605468773,0.0175835,0.07467651,8.356721600825068,27.029870605468773,0.015061986,0.0005853176,0.4201597056560618,0,0,0
2020-01-31 17:00:00,1312.9865,28.509881591796898,0.017171534,0.03289795,21.829219701209475,28.603631591796898,0.017942103,0.06945801,7.117626792172299,26.048944091796898,0.015294702,0.0010704994,0.6969318892689523,0,0,0
2020-01-31 18:00:00,1342.0698000000002,27.423059082031276,0.017408362,0.017227173,20.72045073972625,26.540246582031276,0.017850867,0.06427002,5.821673315120687,24.563684082031276,0.015745154,0.004096985,1.3517918139721603,0,0,0
2020-01-31 19:00:00,1376.9838000000002,26.784631347656276,0.017690461,0.010593414,19.426608928489017,25.604943847656276,0.01745395,0.061157227,6.729618888595564,23.565881347656276,0.015554231,0.0073013306,2.3614848544450666,0,0,0
2020-01-31 20:00:00,1348.6508,26.414575195312523,0.017881023,0.008903503,17.92504765332643,24.805200195312523,0.017110454,0.05168152,7.381728436035096,22.813012695312523,0.01546632,0.010131836,3.400857747096328,0,0,0
2020-01-31 21:00:00,1307.8774,26.165246582031276,0.017989617,0.008422852,16.72626272318651,24.149621582031276,0.016761284,0.041793823,7.395275334616033,22.219934082031276,0.015452843,0.012619019,3.98479810196089,0,0,0
2020-01-31 22:00:00,1250.3269,25.979058837890648,0.01799735,0.010746002,16.62078711343177,23.643121337890648,0.016563024,0.038513184,6.962887466579754,21.807183837890648,0.01540717,0.01556015,4.134717094125765,0,0,0
2020-01-31 23:00:00,1196.8205,25.8217712402344,0.01796706,0.016189575,16.53801119267321,23.3061462402344,0.01645644,0.03805542,6.360547798605073,21.5248962402344,0.0152662555,0.018730164,4.093148030291854,0,0,0
2020-02-01 00:00:00,1143.2227,25.708795166015648,0.017822387,0.018356323,16.65919999270591,23.169732666015648,0.016464354,0.032333374,5.850763711229387,21.372857666015648,0.015121582,0.025642395,3.979503678568532,0,0,0
2020-02-01 01:00:00,1110.1528,25.578576660156276,0.017731206,0.016441345,16.197990292822354,23.023889160156276,0.016472356,0.024856567,5.3900946367834255,21.203576660156276,0.015007513,0.03883362,3.9392444778890776,0,0,0
2020-02-01 02:00:00,1049.0349,25.4208923339844,0.017754618,0.013824463,15.199254891051863,22.8818298339844,0.016495768,0.017738342,5.026975886617742,21.0380798339844,0.0148897795,0.042099,3.9794215676249256,0,0,0
2020-02-01 03:00:00,1030.6316,25.276696777343773,0.017761797,0.014671326,14.310151942184207,22.675134277343773,0.016510576,0.013027191,4.737384913513638,20.901696777343773,0.014748186,0.042266846,3.950790644840644,0,0,0
2020-02-01 04:00:00,1023.7209,25.203576660156276,0.017738217,0.013576508,13.19152730039588,22.492639160156276,0.016486997,0.014144897,4.542846631863097,20.789514160156276,0.01460635,0.042266846,3.764819928608622,0,0,0
2020-02-01 05:00:00,1030.6722,25.119287109375023,0.01773795,0.010810852,11.7094022092358,22.416162109375023,0.01646384,0.020462036,4.542565713259121,20.705224609375023,0.014499271,0.04168701,3.602794635379999,0,0,0
2020-02-01 06:00:00,1023.649,25.127648925781276,0.01782202,0.008716583,11.050457767998765,22.479211425781276,0.016502135,0.022567749,4.723702552316868,20.658898925781276,0.014430754,0.04309082,3.5467008021930027,0,0,0
2020-02-01 07:00:00,1065.8115,26.030328369140648,0.017906956,0.011253357,14.700505119520315,24.467828369140648,0.017090611,0.02041626,7.661280942341837,21.358453369140648,0.014595799,0.04336548,3.759139877919568,0,0,0
2020-02-01 08:00:00,1171.4743999999998,27.172631835937523,0.017693017,0.031044006,17.893389498816248,26.446069335937523,0.017357323,0.020378113,10.090594620362095,23.008569335937523,0.014889214,0.043319702,3.7858945635518944,0,0,0
2020-02-01 09:00:00,1267.0011,28.275994873046898,0.017669536,0.04727173,18.789213657461097,28.143182373046898,0.017532207,0.019294739,10.615406837950443,24.986932373046898,0.015224314,0.04888916,3.2455756325495995,0,0,0
2020-02-01 10:00:00,1377.408,29.210382080078148,0.017797848,0.055786133,18.354303405229278,29.530694580078148,0.017729184,0.018058777,9.73450153691082,26.694757080078148,0.0152496295,0.052841187,2.577448736100952,0,0,0
2020-02-01 11:00:00,1397.9304,29.921350097656276,0.017941734,0.075531006,17.522618457090637,30.671350097656276,0.017903587,0.026824951,8.577972991096809,27.788537597656276,0.015370629,0.055664062,2.0974223427383563,0,0,0
2020-02-01 12:00:00,1356.938,30.344781494140648,0.018001454,0.10284424,17.028923248101922,31.391656494140648,0.017993825,0.07098389,7.497601346777527,28.477593994140648,0.016124623,0.05871582,1.909443297467988,0,0,0
2020-02-01 13:00:00,1332.3728,30.537927246093773,0.01797719,0.12634277,17.140489446891646,31.631677246093773,0.018045854,0.11895752,6.61810897013922,28.826989746093773,0.01646657,0.06982422,2.43209264612193,0,0,0
2020-02-01 14:00:00,1340.8679,30.4514099121094,0.017930053,0.14624023,17.82440319801015,31.5139099121094,0.018128417,0.16278076,6.05811506435249,28.5451599121094,0.016762756,0.08529663,3.094944532572189,0,0,0
2020-02-01 15:00:00,1308.7585,30.026330566406276,0.01789837,0.14837646,18.92334852785933,31.057580566406276,0.018157769,0.17449951,5.777113292500396,27.987268066406276,0.017059136,0.10610962,3.637818768878218,0,0,0
2020-02-01 16:00:00,1274.1112,29.280572509765648,0.017920438,0.14129639,20.737569003826763,30.280572509765648,0.01827139,0.1694336,5.504965853468264,27.225885009765648,0.017188016,0.116363525,3.982674233456109,0,0,0
2020-02-01 17:00:00,1231.5636,28.270715332031276,0.018042738,0.12872314,21.759891002606437,29.114465332031276,0.018469984,0.13067627,4.680018730859687,26.216027832031276,0.01724928,0.1272583,4.099966618937001,0,0,0
2020-02-01 18:00:00,1269.473,27.373834228515648,0.018357793,0.09051514,20.950530591268187,27.100396728515648,0.018724004,0.11691284,3.274771899367864,25.006646728515648,0.01790003,0.12982178,3.5503938792219345,0,0,0
2020-02-01 19:00:00,1298.8223,26.910058593750023,0.018681047,0.069488525,19.19522106777675,26.269433593750023,0.018383501,0.104400635,3.670046461263404,24.214746093750023,0.017574785,0.110687256,3.2885257774132697,0,0,0
2020-02-01 20:00:00,1264.2511,26.665887451171898,0.018948544,0.058166504,17.312750907759884,25.712762451171898,0.018139828,0.09024048,3.9574996493273713,23.689324951171898,0.017651547,0.10971069,3.141541555090661,0,0,0
2020-02-01 21:00:00,1230.8177,26.461511230468773,0.01914563,0.05557251,15.807368923779835,25.227136230468773,0.017932557,0.074401855,4.183769342920856,23.359948730468773,0.017451905,0.1055603,3.0326799932715214,0,0,0
2020-02-01 22:00:00,1189.5427,26.274926757812523,0.019259868,0.060317993,15.83335478021608,24.829614257812523,0.017695842,0.06338501,4.668114933805431,23.071801757812523,0.017199932,0.10852051,3.112967945449741,0,0,0
2020-02-01 23:00:00,1150.8265,26.091455078125023,0.019280389,0.072387695,16.967308807712246,24.482080078125023,0.017479852,0.054656982,5.07543939652017,22.911767578125023,0.016968682,0.11300659,3.519490392111188,0,0,0
2020-02-02 00:00:00,1082.7319,25.939416503906276,0.019209985,0.07388306,18.47808687389046,24.181604003906276,0.017287377,0.041015625,5.460158939773,22.720666503906276,0.016783837,0.119018555,3.908635921734942,0,0,0
2020-02-02 01:00:00,1071.6919,25.839898681640648,0.019048965,0.06930542,20.231400149321185,24.003961181640648,0.017179763,0.030952454,5.842712528932067,22.519586181640648,0.016622817,0.12658691,4.066429953382375,0,0,0
2020-02-02 02:00:00,1037.1092,25.773706054687523,0.018850189,0.06022644,21.69047974621801,23.937768554687523,0.01720224,0.026016235,5.880375452316381,22.367456054687523,0.016507965,0.13848877,4.207357175310264,0,0,0
2020-02-02 03:00:00,1018.4808,25.7294860839844,0.018689614,0.050857544,22.769980936758635,23.9560485839844,0.017369729,0.033309937,5.747248815728282,22.3076110839844,0.01647709,0.15765381,4.494986411510122,0,0,0
2020-02-02 04:00:00,1008.6864,25.708215332031276,0.018597662,0.04499817,21.98344347706644,23.942590332031276,0.017544806,0.09124756,5.335944874257121,22.372277832031276,0.016537726,0.17779541,4.468965786078873,0,0,0
2020-02-02 05:00:00,996.8927,25.669763183593773,0.018627852,0.049209595,20.22980865916014,23.904138183593773,0.017597884,0.123809814,5.173471838843773,22.482263183593773,0.016590804,0.18530273,4.173532392479181,0,0,0
2020-02-02 06:00:00,973.9149,25.679895019531276,0.01868875,0.057281494,19.77790077818914,23.937707519531276,0.017620634,0.13342285,5.470462747976806,22.578332519531276,0.016605925,0.18566895,3.823182785098872,0,0,0
2020-02-02 07:00:00,971.7377,26.4301696777344,0.018719453,0.06796265,24.405770579378192,25.5317321777344,0.018101472,0.13513184,8.50485166874465,23.0239196777344,0.016850252,0.18762207,3.792939651644789,0,0,0
2020-02-02 08:00:00,1025.7616,27.439813232421898,0.018445231,0.08126831,30.250903730527984,27.150750732421898,0.018254496,0.12445068,12.81812784888234,23.885125732421898,0.01720927,0.19171143,4.421730961155435,0,0,0
2020-02-02 09:00:00,1082.7392,28.414178466796898,0.018109944,0.0848999,33.31481488571024,28.562615966796898,0.018201496,0.10119629,15.646178371859468,25.054803466796898,0.017339375,0.19085693,4.965640639033817,0,0,0
2020-02-02 10:00:00,1132.0488,29.1855407714844,0.017812628,0.07260132,33.970021591741144,29.7324157714844,0.01817121,0.080963135,16.565935374851307,26.6152282714844,0.017095465,0.17993164,5.08287221766189,0,0,0
2020-02-02 11:00:00,1203.5605,29.764245605468773,0.017545788,0.05570984,33.95292850049559,30.639245605468773,0.018117992,0.06738281,17.08490014211997,27.662683105468773,0.017248241,0.1665039,4.615934126309534,0,0,0
2020-02-02 12:00:00,1226.7635,30.032922363281276,0.017317355,0.037979126,33.5376296863757,31.173547363281276,0.018065035,0.08319092,17.162032516791882,28.157922363281276,0.017324984,0.1539917,4.224997875957971,0,0,0
2020-02-02 13:00:00,1236.3717,30.028222656250023,0.01709717,0.021942139,32.9627099769336,31.356347656250023,0.018020326,0.09472656,16.929509617777992,28.278222656250023,0.017203981,0.14691162,4.263713272459931,0,0,0
2020-02-02 14:00:00,1235.5952,29.813562011718773,0.01692218,0.01184082,32.26444727723487,31.266687011718773,0.017944518,0.09942627,16.47860256973774,28.063562011718773,0.017112914,0.14428711,4.438611616138368,0,0,0
2020-02-02 15:00:00,1231.2009,29.384881591796898,0.016845156,0.0109062195,31.371576416953705,30.713006591796898,0.01779883,0.079559326,15.803418323283212,27.572381591796898,0.017074037,0.13763428,4.727486964086254,0,0,0
2020-02-02 16:00:00,1214.7898,28.774987792968773,0.016852247,0.025505066,30.110387121351604,29.774987792968773,0.017660962,0.045135498,14.25950848217849,26.806237792968773,0.016966688,0.12664795,5.150998024390791,0,0,0
2020-02-02 17:00:00,1177.8066,27.943292236328148,0.016966162,0.031051636,28.27461377595965,28.396417236328148,0.017568884,0.03627014,11.52326633877122,25.662042236328148,0.01698905,0.118133545,5.457868261350026,0,0,0
2020-02-02 18:00:00,1209.3384,27.156030273437523,0.017255636,0.025802612,25.718046177148096,26.734155273437523,0.017400594,0.044906616,9.352686507285725,24.382592773437523,0.016927572,0.12738037,5.472675885771786,0,0,0
2020-02-02 19:00:00,1271.5912,26.695031738281276,0.017591791,0.0094947815,23.390613257762585,25.827844238281276,0.017301874,0.039474487,9.22613172334636,23.695031738281276,0.016783075,0.13104248,5.676776749011509,0,0,0
2020-02-02 20:00:00,1270.8427,26.444848632812523,0.017624142,0.009189606,22.686203636774906,25.210473632812523,0.01726556,0.023605347,9.187937462181596,23.405786132812523,0.016700985,0.13366699,5.482578018405691,0,0,0
2020-02-02 21:00:00,1269.9816,26.279443359375023,0.017527506,0.007091522,22.66354902630595,24.740380859375023,0.017199442,0.008392334,9.353222362089308,23.310693359375023,0.016604349,0.11984253,5.483232302831643,0,0,0
2020-02-02 22:00:00,1227.6664,26.114038085937523,0.017336829,0.0057811737,23.613994367333724,24.387475585937523,0.01707743,0.003876686,9.88663416180848,23.223413085937523,0.01642893,0.099090576,5.752890644760149,0,0,0
2020-02-02 23:00:00,1182.4036,25.923272705078148,0.017146211,0.0062389374,25.154774219134328,24.087335205078148,0.016940217,0.0025987625,10.0749930862138,23.071710205078148,0.016184907,0.08300781,6.136936063943447,0,0,0
2020-02-03 00:00:00,1126.5833,25.7668395996094,0.016978398,0.013317108,26.93871370842804,23.8215270996094,0.016749516,0.0027103424,10.268259574709024,22.8996520996094,0.015994206,0.06762695,6.208798542727671,0,0,0
2020-02-03 01:00:00,1086.7198,25.6284118652344,0.016902104,0.026435852,28.01457276546343,23.5112243652344,0.01657404,0.0044136047,10.214305248413307,22.7534118652344,0.015780583,0.060073853,6.271167253325113,0,0,0
2020-02-03 02:00:00,1037.5054,25.562554931640648,0.01681808,0.030647278,28.98139836888509,23.226617431640648,0.016406093,0.006570816,10.106988373855875,22.593804931640648,0.015593561,0.05770874,6.3066437158845785,0,0,0
2020-02-03 03:00:00,1018.562,25.511560058593773,0.016833272,0.031044006,28.616943046406774,23.027185058593773,0.016253438,0.013347626,10.004342105401737,22.480310058593773,0.01546761,0.052734375,6.31228828906078,0,0,0
2020-02-03 04:00:00,1013.5899,25.448388671875023,0.01700111,0.03060913,26.02850420223681,22.854638671875023,0.016161876,0.007862091,9.528029985664132,22.385888671875023,0.015372233,0.051757812,6.038602512700805,0,0,0
2020-02-03 05:00:00,1031.3233,25.426599121093773,0.017000487,0.02935791,24.00952074035716,22.684411621093773,0.016153624,0.0054340363,8.862731995121957,22.301599121093773,0.015333464,0.059631348,5.435170178315352,0,0,0
2020-02-03 06:00:00,1079.1551,25.441979980468773,0.017053071,0.026863098,22.278165835042003,22.645104980468773,0.016168062,0.0151023865,8.535459662799271,22.246667480468773,0.015359346,0.06921387,4.881284846964183,0,0,0
2020-02-03 07:00:00,1180.0966,25.975183105468773,0.01705244,0.021247864,23.092581848415765,24.139245605468773,0.016480235,0.017417908,11.450305351616771,22.654870605468773,0.015553265,0.075927734,4.71913289518744,0,0,0
2020-02-03 08:00:00,1363.1029,26.933465576171898,0.016746782,0.021720886,26.40681116498772,26.238153076171898,0.016739152,0.01650238,13.989957815437986,23.628778076171898,0.015606187,0.07678223,4.897781553017934,0,0,0
2020-02-03 09:00:00,1439.6746,27.973596191406276,0.016555654,0.030845642,28.27107456794953,27.997033691406276,0.016654836,0.018318176,16.091151195285896,24.942346191406276,0.01559435,0.07537842,4.987759593431838,0,0,0
2020-02-03 10:00:00,1505.8841000000002,28.899682617187523,0.016639272,0.038116455,29.202524196267586,29.180932617187523,0.016463796,0.011444092,16.600837833448676,26.157495117187523,0.015552083,0.0793457,5.03542749069412,0,0,0
2020-02-03 11:00:00,1559.6002,29.599633789062523,0.016806668,0.0594635,29.800048438935303,30.146508789062523,0.016371792,0.00582695,16.750588505213663,27.123071289062523,0.015486782,0.08483887,4.870367448953887,0,0,0
2020-02-03 12:00:00,1546.7947,29.913110351562523,0.016989244,0.08618164,29.751354970128567,30.772485351562523,0.01640178,0.0038070679,16.47331243505713,27.772485351562523,0.015558734,0.092041016,4.34075220304764,0,0,0
2020-02-03 13:00:00,1563.5167,29.919519042968773,0.017110797,0.10745239,29.66627946350926,31.028894042968773,0.01643941,0.0029611588,16.026514771472144,27.833581542968773,0.016004534,0.11343384,3.67232989411304,0,0,0
2020-02-03 14:00:00,1588.3284,29.688562011718773,0.017163686,0.12124634,29.726817837273952,30.907312011718773,0.01635497,0.0055713654,15.747896762469782,27.602624511718773,0.015912466,0.1282959,3.6268553885508656,0,0,0
2020-02-03 15:00:00,1559.5822,29.197045898437523,0.017193766,0.12738037,29.886971401771586,30.322045898437523,0.016102763,0.006801605,15.58845568237994,27.142358398437523,0.01589677,0.12387085,3.953163012898541,0,0,0
2020-02-03 16:00:00,1482.6986,28.519189453125023,0.01723153,0.120025635,29.565367011313626,29.284814453125023,0.015804833,0.0056819916,15.11272036105432,26.378564453125023,0.016117638,0.10687256,4.461188910726868,0,0,0
2020-02-03 17:00:00,1342.2342,27.694299316406276,0.017322643,0.09579468,28.39675709651778,27.741174316406276,0.015651805,0.005220413,13.258218949785787,25.405236816406276,0.016399486,0.09753418,4.842483118566452,0,0,0
2020-02-03 18:00:00,1375.6647,26.896051025390648,0.017574105,0.059829712,25.94231880594518,25.786676025390648,0.015697274,0.0104522705,10.468949821728684,24.310113525390648,0.016460214,0.08959961,5.046252614668612,0,0,0
2020-02-03 19:00:00,1405.8619,26.481500244140648,0.01788689,0.033294678,23.992355960414766,24.879937744140648,0.015788807,0.014255524,10.04941390876443,23.590875244140648,0.016444935,0.07098389,5.3330119290464335,0,0,0
2020-02-03 20:00:00,1380.5317,26.279382324218773,0.017964203,0.023986816,23.0274156725976,24.396569824218773,0.015881378,0.010852814,9.895345634141144,23.123132324218773,0.016476471,0.065338135,5.285569150913124,0,0,0
2020-02-03 21:00:00,1344.2419,26.184197998046898,0.017881984,0.02141571,22.62259423716765,24.090447998046898,0.01590597,0.0065174103,9.60941769474128,22.863885498046898,0.016394252,0.05581665,5.11673041106206,0,0,0
2020-02-03 22:00:00,1286.1761,26.133447265625023,0.017662019,0.017700195,23.48641060601421,23.688134765625023,0.015930146,0.005050659,8.801073160625727,22.641259765625023,0.016220063,0.049942017,4.953735346689434,0,0,0
2020-02-03 23:00:00,1233.9106000000002,26.031152343750023,0.017487757,0.0104904175,23.906357536522844,23.413964843750023,0.01593136,0.0066604614,8.61900013428584,22.406152343750023,0.016000025,0.04798889,4.865893300327131,0,0,0
2020-02-04 00:00:00,1137.0766,25.854150390625023,0.017467026,0.008350372,23.434817659007667,23.221337890625023,0.015986923,0.008392334,8.413680611872465,22.174462890625023,0.015811447,0.042892456,4.860226479657428,0,0,0
2020-02-04 01:00:00,1089.2907,25.656396484375023,0.017536191,0.010066986,22.62860645192396,23.109521484375023,0.016109494,0.012088776,8.31970854982336,21.961083984375023,0.01565936,0.03767395,4.95615631823136,0,0,0
2020-02-04 02:00:00,1065.9195,25.561212158203148,0.017556746,0.015975952,22.291010980487776,23.053399658203148,0.01624449,0.016044617,8.180340021989686,21.772149658203148,0.015531141,0.037734985,5.05540273992023,0,0,0
2020-02-04 03:00:00,1034.1029999999998,25.492089843750023,0.017631058,0.01979065,21.66301994426144,23.054589843750023,0.01633406,0.01738739,8.049007506228774,21.632714843750023,0.015468123,0.037612915,5.1020770499566,0,0,0
2020-02-04 04:00:00,1006.8611,25.457818603515648,0.017728979,0.018501282,20.81223276327587,23.067193603515648,0.016355688,0.016792297,7.695212865194141,21.598443603515648,0.015443975,0.04359436,5.055083831861709,0,0,0
2020-02-04 05:00:00,1050.7759999999998,25.437402343750023,0.017827336,0.016098022,19.782672721719088,22.999902343750023,0.016324345,0.015983582,7.298353249829838,21.562402343750023,0.015416448,0.046447754,5.003080552027001,0,0,0
2020-02-04 06:00:00,1090.3438,25.494470214843773,0.017926037,0.019126892,19.182350534318896,23.056970214843773,0.016354382,0.013687134,7.335644104181839,21.525720214843773,0.015396893,0.041900635,5.030046735663981,0,0,0
2020-02-04 07:00:00,1181.3956999999998,26.2004333496094,0.018040324,0.02167511,21.026220420951304,24.5207458496094,0.016728068,0.012496948,10.503679709752594,21.9894958496094,0.015549327,0.032943726,5.408196046768797,0,0,0
2020-02-04 08:00:00,1357.9959,27.233544921875023,0.017941138,0.022514343,24.752576659199164,26.608544921875023,0.017140051,0.015861511,13.599200500100856,23.163232421875023,0.015751502,0.020256042,5.672177948230432,0,0,0
2020-02-04 09:00:00,1450.9281,28.3347106933594,0.017880138,0.018928528,26.758283561090803,28.4362731933594,0.017193493,0.016365051,16.05109868077146,24.9753356933594,0.015804943,0.01776886,5.831703712990396,0,0,0
2020-02-04 10:00:00,1532.8553,29.253198242187523,0.01787959,0.015670776,26.81780599952072,29.878198242187523,0.017307386,0.011310577,16.278636051562145,26.589135742187523,0.015758619,0.022285461,5.543916295943089,0,0,0
2020-02-04 11:00:00,1561.3022,29.929040527343773,0.017856387,0.00951767,25.89605843145161,31.022790527343773,0.017551212,0.0076026917,15.848359513450536,27.710290527343773,0.015971927,0.02835083,4.700436312126038,0,0,0
2020-02-04 12:00:00,1552.8722,30.282403564453148,0.017863907,0.0077934265,24.67602336581789,31.704278564453148,0.017841019,0.0060195923,14.938063137021633,28.329278564453148,0.016597427,0.03904724,3.395513449426404,0,0,0
2020-02-04 13:00:00,1588.7441,30.4587341308594,0.017886667,0.006269455,23.490172960368085,31.9743591308594,0.018039254,0.008453369,13.864301229119963,28.6306091308594,0.016604928,0.06832886,2.5451887490553973,0,0,0
2020-02-04 14:00:00,1590.6816,30.432153320312523,0.017847907,0.0050964355,22.593156882450916,31.885278320312523,0.018076789,0.023094177,12.947189179184862,28.322778320312523,0.016940009,0.10021973,1.9249237776193813,0,0,0
2020-02-04 15:00:00,1564.4897,30.150964355468773,0.017809168,0.0057315826,22.08489993583356,31.275964355468773,0.017992273,0.071777344,11.76553372412304,27.713464355468773,0.01739718,0.124420166,1.5688800917405954,0,0,0
2020-02-04 16:00:00,1484.077,29.448388671875023,0.017778514,0.007347107,22.075988650620925,30.151513671875023,0.018007396,0.066986084,9.875817084007895,26.979638671875023,0.017633555,0.15118408,1.2921809591845068,0,0,0
2020-02-04 17:00:00,1379.2503,28.340142822265648,0.017801499,0.00888443,22.535862654684877,28.871392822265648,0.018129563,0.032562256,7.89118036411933,25.965142822265648,0.017809128,0.15338135,1.3578280229635935,0,0,0
2020-02-04 18:00:00,1375.3885,27.193933105468773,0.01796935,0.010467529,21.884360971409546,27.037683105468773,0.017984608,0.026664734,5.725647565707472,24.834558105468773,0.017900685,0.17193604,1.30506805900156,0,0,0
2020-02-04 19:00:00,1415.736,26.589868164062523,0.01816753,0.009613037,20.675838666555457,26.105493164062523,0.017602954,0.022460938,6.094369400236225,24.136743164062523,0.01739696,0.16235352,1.271174699190435,0,0,0
2020-02-04 20:00:00,1392.288,26.361657714843773,0.01816862,0.014247894,19.82444945986442,25.416345214843773,0.017443828,0.024093628,5.857403428066776,23.721032714843773,0.017016582,0.12817383,1.448949260486725,0,0,0
2020-02-04 21:00:00,1358.4853,26.212365722656276,0.018100183,0.015209198,19.3900146506354,24.907678222656276,0.017321985,0.018295288,5.893305691975001,23.470178222656276,0.01676504,0.10858154,1.9772960788220857,0,0,0
2020-02-04 22:00:00,1299.7469999999998,26.068750000000023,0.01794795,0.013805389,19.66433849627528,24.623437500000023,0.017078198,0.012397766,7.188457248798094,23.240625000000023,0.016574658,0.09713745,2.724989688048844,0,0,0
2020-02-04 23:00:00,1229.9445,25.910424804687523,0.017772919,0.013217926,20.33214175042019,24.551049804687523,0.016834503,0.0139045715,8.564761699828754,23.019799804687523,0.016422516,0.087402344,3.426148821990552,0,0,0
2020-02-05 00:00:00,1158.1355,25.751367187500023,0.017681016,0.014076233,20.974657167308667,24.181054687500023,0.016788376,0.01399231,7.780673439082856,22.790429687500023,0.016269578,0.07885742,3.951549011424655,0,0,0
2020-02-05 01:00:00,1102.1768,25.571160888671898,0.01774883,0.011375427,20.15556042152541,23.907098388671898,0.016695974,0.010166168,7.518508260365326,22.586785888671898,0.01611614,0.06933594,4.311196330846067,0,0,0
2020-02-05 02:00:00,1083.7379,25.434838867187523,0.01777129,0.011329651,19.85141418185443,23.723901367187523,0.01664977,0.0070590973,7.458184870373551,22.442651367187523,0.015993642,0.058746338,4.660089572323962,0,0,0
2020-02-05 03:00:00,1046.1227,25.382836914062523,0.017641537,0.014629364,20.80255648234543,23.601586914062523,0.016664974,0.0047283173,7.50905651317245,22.335961914062523,0.015894406,0.048690796,5.022067082356985,0,0,0
2020-02-05 04:00:00,1037.4825,25.3264099121094,0.01765706,0.01449585,20.08045847639118,23.5139099121094,0.016695756,0.0029964447,7.465950142449454,22.2560974121094,0.015810747,0.04196167,5.164341241236158,0,0,0
2020-02-05 05:00:00,1056.7622,25.236169433593773,0.017725851,0.014759064,18.951062569733992,23.423669433593773,0.016711142,0.0022859573,7.535191287705282,22.181481933593773,0.015742209,0.044570923,5.157591422634883,0,0,0
2020-02-05 06:00:00,1096.9582999999998,25.232476806640648,0.017733388,0.015224457,18.438437956147357,23.388726806640648,0.01668816,0.0023040771,7.800565845799165,22.130914306640648,0.015711598,0.047805786,4.999965177414749,0,0,0
2020-02-05 07:00:00,1201.2005,25.837121582031276,0.017626503,0.021270752,21.496780580295805,24.493371582031276,0.016840676,0.001996994,10.660064884296078,22.633996582031276,0.015818337,0.04499817,5.27865327999855,0,0,0
2020-02-05 08:00:00,1329.6772,26.754052734375023,0.017275415,0.018188477,24.660597584855637,26.191552734375023,0.016939722,0.0012273788,13.92157492574335,23.824365234375023,0.015787683,0.0340271,5.676640670830337,0,0,0
2020-02-05 09:00:00,1411.1918,27.705651855468773,0.017122697,0.008705139,25.02273402363495,27.940026855468773,0.01683278,0.0009274483,15.738405155878596,25.315026855468773,0.015718888,0.026695251,5.496189198265013,0,0,0
2020-02-05 10:00:00,1485.5692,28.587121582031276,0.017061526,0.003622055,23.86641890896257,29.430871582031276,0.016786868,0.0006401539,15.499607184570085,26.626184082031276,0.015596681,0.023208618,4.927490518639209,0,0,0
2020-02-05 11:00:00,1535.2340000000002,29.303002929687523,0.017099474,0.0010175705,21.907628400374747,30.631127929687523,0.016862962,0.00036752224,14.684762679180336,27.693627929687523,0.015558337,0.019332886,3.987453235603124,0,0,0
2020-02-05 12:00:00,1534.1084999999998,29.784570312500023,0.017022926,0.0010004044,20.305203685062963,31.456445312500023,0.017083962,0.00025105476,13.606150055615934,28.300195312500023,0.01609977,0.025001526,2.5918857391922345,0,0,0
2020-02-05 13:00:00,1569.154,30.061120605468773,0.016885433,0.0008993149,19.29554232176984,31.857995605468773,0.01730505,0.00038444996,12.636319267738944,28.686120605468773,0.015992794,0.019065857,1.8708880578627372,0,0,0
2020-02-05 14:00:00,1588.3001,30.067437744140648,0.016763283,0.00056910515,18.822941227530787,31.864312744140648,0.017358376,0.0013875961,12.025315437224345,28.645562744140648,0.016198708,0.029914856,1.462820707516951,0,0,0
2020-02-05 15:00:00,1558.206,29.799279785156276,0.016717462,0.0004377365,18.72949342481519,31.471154785156276,0.017266778,0.0033493042,11.563462474457785,28.252404785156276,0.016534356,0.034454346,1.2878180388803837,0,0,0
2020-02-05 16:00:00,1491.4877,29.1713806152344,0.016770864,0.00034153461,19.724636431342223,30.5776306152344,0.01708367,0.0054912567,11.157186414383457,27.5463806152344,0.01681664,0.03555298,1.3283896032298683,0,0,0
2020-02-05 17:00:00,1381.7723,28.119287109375023,0.016961616,0.00058841705,21.102020644207386,28.978662109375023,0.017053168,0.0075531006,9.445274697505,26.494287109375023,0.017045539,0.034454346,1.1816811592148624,0,0,0
2020-02-05 18:00:00,1345.9501,26.956140136718773,0.017320242,0.0046138763,20.93591024165141,26.768640136718773,0.016870108,0.0046138763,7.659076512099124,25.190515136718773,0.01708373,0.04258728,1.1516044174287825,0,0,0
2020-02-05 19:00:00,1390.2057,26.370568847656276,0.017625544,0.010929108,20.101058089461805,25.589318847656276,0.016587947,0.0026607513,8.00397835516112,24.339318847656276,0.016862605,0.04689026,1.6457585243735633,0,0,0
2020-02-05 20:00:00,1358.8108,26.123986816406276,0.01783947,0.012237549,18.30580299798069,24.741174316406276,0.016542474,0.0023527145,7.37126594281684,23.795861816406276,0.016496697,0.038330078,2.7131572577530134,0,0,0
2020-02-05 21:00:00,1347.2904,25.988702392578148,0.017955437,0.015361786,17.20039642232007,24.191827392578148,0.016429558,0.0022554398,7.385395613955544,23.340264892578148,0.01629223,0.032348633,3.4537694407360147,0,0,0
2020-02-05 22:00:00,1271.6955,25.859155273437523,0.018025437,0.019714355,16.467805199639134,23.812280273437523,0.016369859,0.0019731522,7.213221664951086,22.890405273437523,0.01623253,0.030387878,3.674240641089701,0,0,0
2020-02-05 23:00:00,1201.933,25.702355957031276,0.018033737,0.024894714,15.597433143126366,23.475793457031276,0.016324753,0.0012192726,6.93182566585222,22.530480957031276,0.016149277,0.030265808,3.724672787011,0,0,0
2020-02-06 00:00:00,1142.3608,25.547540283203148,0.01797225,0.026405334,14.806961113344943,23.164727783203148,0.016263265,0.00080132484,6.683028820961478,22.289727783203148,0.016042013,0.032699585,3.882554805194401,0,0,0
2020-02-06 01:00:00,1103.9886,25.369439697265648,0.017895468,0.025184631,14.024992754113269,22.846002197265648,0.016186483,0.0011434555,6.414617168869608,22.064752197265648,0.015904196,0.03186035,3.9168663864077553,0,0,0
2020-02-06 02:00:00,1062.8309,25.192346191406276,0.017795302,0.024291992,13.38305857096453,22.528283691406276,0.016101576,0.0010266304,6.11027053708565,21.911096191406276,0.015720107,0.031402588,3.917050780811759,0,0,0
2020-02-06 03:00:00,1034.6395,25.0497985839844,0.01768051,0.021896362,13.146421501112464,22.2451110839844,0.016009673,0.0007426739,5.906554731954552,21.8388610839844,0.015521391,0.032058716,3.993710348442851,0,0,0
2020-02-06 04:00:00,1033.3149,24.931542968750023,0.017581314,0.016456604,12.843040065775062,22.017480468750023,0.015910476,0.00046670437,5.763120377053364,21.681542968750023,0.015342087,0.02798462,4.03611281808349,0,0,0
2020-02-06 05:00:00,1034.698,24.817224121093773,0.017489888,0.0108680725,12.68348193355201,21.840661621093773,0.01581905,0.00025379658,5.7116405483272406,21.496911621093773,0.0151743665,0.026390076,3.995156891932532,0,0,0
2020-02-06 06:00:00,1056.2,24.810571289062523,0.0174291,0.008911133,12.945384825537248,21.841821289062523,0.015750634,0.00013422966,5.819635109621828,21.341821289062523,0.015022026,0.027267456,3.927564652928808,0,0,0
2020-02-06 07:00:00,1142.0236,25.7702575683594,0.017337915,0.008457184,17.045992078704767,23.8249450683594,0.016048547,8.273125e-05,9.124159072379008,22.0280700683594,0.015071983,0.021965027,4.101284337665921,0,0,0
2020-02-06 08:00:00,1314.7732,26.956628417968773,0.016949214,0.013717651,19.473056078204632,26.230065917968773,0.016193904,6.610155e-05,10.303725914964591,23.581628417968773,0.01498846,0.009380341,4.0247968397343055,0,0,0
2020-02-06 09:00:00,1415.8022,27.945947265625023,0.016903667,0.0053215027,19.492976851815374,28.399072265625023,0.016148357,5.7280064e-05,9.500743864952195,25.414697265625023,0.014977245,0.0018043518,3.6772948048472527,0,0,0
2020-02-06 10:00:00,1495.6090000000002,28.971826171875023,0.017102377,0.00090932846,18.32848225355144,30.096826171875023,0.01618685,4.5612454e-05,7.45431847571446,27.018701171875023,0.014828817,0.0014996529,3.5228200543174664,0,0,0
2020-02-06 11:00:00,1557.2765000000002,29.775323486328148,0.017316008,0.0011053085,16.472351296605154,31.478448486328148,0.016202116,5.941093e-05,5.398833721100855,28.150323486328148,0.014901305,0.0019788742,3.607864444271165,0,0,0
2020-02-06 12:00:00,1576.7803,30.340264892578148,0.017369188,0.0021781921,14.903786371441534,32.38713989257815,0.016423143,0.0051116943,3.852685120805448,28.809014892578148,0.015301622,0.008853912,3.7273343650813255,0,0,0
2020-02-06 13:00:00,1596.2461,30.696191406250023,0.017277729,0.022338867,14.0084876789317,32.77431640625002,0.016705524,0.03488159,3.0822000365943603,29.039941406250023,0.015683185,0.03213501,3.7846758369302,0,0,0
2020-02-06 14:00:00,1596.1746,30.7414489746094,0.01712463,0.052856445,13.67755566693906,32.6945739746094,0.016613461,0.09942627,2.962597157297565,28.9133239746094,0.015896298,0.057373047,3.8855106353987288,0,0,0
2020-02-06 15:00:00,1580.421,30.536553955078148,0.016979212,0.07485962,14.194480371265934,32.19280395507815,0.016597742,0.11367798,2.961736189484728,28.520928955078148,0.016094202,0.07507324,3.8921116647334766,0,0,0
2020-02-06 16:00:00,1527.3284,30.003442382812523,0.016856886,0.06637573,16.036027762552894,31.737817382812523,0.016910292,0.09329224,2.576233292571285,27.769067382812523,0.01656697,0.06442261,3.633340608665345,0,0,0
2020-02-06 17:00:00,1378.4404,29.0681091308594,0.016751269,0.037506104,18.859277286861097,30.4431091308594,0.017086962,0.06530762,2.8770711155953577,26.8337341308594,0.017178515,0.048034668,3.2056847325005324,0,0,0
2020-02-06 18:00:00,1385.6505000000002,27.765832519531276,0.0168149,0.022972107,21.25636188373322,28.109582519531276,0.018249227,0.036071777,2.086109303460803,25.695520019531276,0.01744814,0.041427612,2.4169812410973712,0,0,0
2020-02-06 19:00:00,1426.5278,26.829522705078148,0.016945569,0.015171051,22.18059941657384,27.126397705078148,0.017586438,0.016151428,2.7005395350211785,24.860772705078148,0.017281262,0.031089783,1.8224157652991877,0,0,0
2020-02-06 20:00:00,1387.9849,26.360681152343773,0.017076619,0.009490967,20.440189625556584,26.298181152343773,0.017297871,0.009277344,3.304354620867624,24.204431152343773,0.017168172,0.018623352,1.7756774428940345,0,0,0
2020-02-06 21:00:00,1342.8665,26.0693298339844,0.01720629,0.005487442,18.27353022101316,25.6162048339844,0.017175773,0.0052871704,3.815203159267456,23.7099548339844,0.017000297,0.012363434,1.94989159722891,0,0,0
2020-02-06 22:00:00,1300.2816,25.784326171875023,0.017290162,0.0030412674,17.09596349356881,25.010888671875023,0.01705365,0.0030765533,4.230533592171005,23.299951171875023,0.016786622,0.0149002075,2.25491119353688,0,0,0
2020-02-06 23:00:00,1199.3001,25.516381835937523,0.017358867,0.001791954,16.392325312858993,24.492944335937523,0.016916363,0.0017352104,4.43613875235907,22.938256835937523,0.016550152,0.020690918,2.586460717505223,0,0,0
2020-02-07 00:00:00,1139.6781,25.276300048828148,0.01743579,0.0015215874,15.716325433504991,24.041925048828148,0.01678729,0.0010266304,4.507660220530971,22.651300048828148,0.016329527,0.027191162,2.822643238822117,0,0,0
2020-02-07 01:00:00,1098.4302,25.124200439453148,0.017465463,0.0029745102,15.408814728917267,23.663262939453148,0.016710153,0.0019073486,4.602008685773986,22.405450439453148,0.016137948,0.031845093,2.929939149348375,0,0,0
2020-02-07 02:00:00,1062.7571,25.053430175781276,0.017418759,0.0062828064,15.4270488151183,23.342492675781276,0.01664819,0.0041332245,4.479631082041809,22.225305175781276,0.015999692,0.036331177,2.971514702265193,0,0,0
2020-02-07 03:00:00,1033.1159,25.0231872558594,0.017387902,0.0075244904,14.583031165489322,23.2341247558594,0.01666311,0.026977539,4.679852349079594,22.1716247558594,0.0159078,0.039489746,2.9949973356970654,0,0,0
2020-02-07 04:00:00,1019.6971,24.986383056640648,0.01731775,0.004016876,13.021156953660656,23.259820556640648,0.016699769,0.06604004,4.645754112400718,22.181695556640648,0.01580713,0.03756714,2.9150893084158933,0,0,0
2020-02-07 05:00:00,1018.575,24.897760009765648,0.017201813,0.0008409023,11.381208672990509,23.272760009765648,0.016698273,0.095947266,4.41840674376877,22.155572509765648,0.015683563,0.028129578,2.718836216052828,0,0,0
2020-02-07 06:00:00,1032.1868,24.866601562500023,0.017170027,0.00039970875,10.292542633791138,23.358789062500023,0.016719893,0.10601807,4.3847687656586745,22.085351562500023,0.015571669,0.02204895,2.506060116012577,0,0,0
2020-02-07 07:00:00,1111.9176,26.043725585937523,0.01716119,0.0002413392,12.932843347162152,24.379663085937523,0.01677972,0.08602905,6.489619258415832,22.817163085937523,0.015635312,0.01612091,2.422555573360412,0,0,0
2020-02-07 08:00:00,1277.1002,27.3276306152344,0.016877713,0.0001462698,14.298129427549364,26.0698181152344,0.016740384,0.047424316,7.448230123543889,24.3510681152344,0.015687527,0.006095886,2.058042171930349,0,0,0
2020-02-07 09:00:00,1377.2437,28.520227050781276,0.01691498,0.000118374825,13.167051496716624,27.957727050781276,0.01654114,0.029724121,7.461142365683755,26.098352050781276,0.015553133,0.0021686554,1.5399101556542285,0,0,0
2020-02-07 10:00:00,1458.8657,29.603967285156276,0.016799942,0.00014078617,11.421413468039328,29.619592285156276,0.01605989,0.023384094,6.402534692231623,27.650842285156276,0.015468612,0.0030241013,1.788414086524042,0,0,0
2020-02-07 11:00:00,1521.5798,30.630151367187523,0.016357226,8.741021e-05,10.588313127119433,31.067651367187523,0.015624805,0.02067566,5.793936124608213,28.770776367187523,0.015529438,0.0026226044,2.2976604815732404,0,0,0
2020-02-07 12:00:00,1540.5551999999998,31.395288085937523,0.016181968,6.54161e-05,10.093745706752182,32.08278808593752,0.015495324,0.012420654,5.578025168158649,29.395288085937523,0.016105674,0.0027713776,2.428637526337937,0,0,0
2020-02-07 13:00:00,1571.4591,31.851129150390648,0.016121162,4.6044588e-05,10.17924798492375,32.75737915039065,0.015747322,0.0022802353,5.344148962286092,29.694879150390648,0.016441597,0.026412964,2.8922577291460057,0,0,0
2020-02-07 14:00:00,1613.8350999999998,32.05501708984377,0.016090935,5.7041645e-05,11.252177828753531,33.07064208984377,0.015762871,0.0010986328,5.2258183983697,29.570642089843773,0.016693657,0.071899414,3.609403773601828,0,0,0
2020-02-07 15:00:00,1588.9895,31.915887451171898,0.016121766,0.0001822114,13.021200141968752,32.9002624511719,0.015755555,0.0012831688,5.027282902276,28.853387451171898,0.01707544,0.096954346,4.354779051771995,0,0,0
2020-02-07 16:00:00,1508.4784,31.333032226562523,0.016260212,0.00036144257,15.590330707206263,32.45803222656252,0.01590163,0.0030517578,4.527400083150256,27.973657226562523,0.017381733,0.13519287,4.86564722662463,0,0,0
2020-02-07 17:00:00,1366.1173,30.064324951171898,0.016605958,0.00075888634,18.346017481237585,30.939324951171898,0.016102418,0.010829926,4.269784456302647,26.845574951171898,0.01759778,0.16192627,4.755644524391695,0,0,0
2020-02-07 18:00:00,1346.981,28.235070800781276,0.017101947,0.0012803078,21.570526232076745,28.016320800781276,0.01743764,0.011650085,3.4153073259974662,25.688195800781276,0.018170062,0.1605835,3.795834614948569,0,0,0
2020-02-07 19:00:00,1377.036,26.878930664062523,0.017484853,0.0018639565,23.39149250019585,26.910180664062523,0.017034719,0.0050964355,3.787233853195372,24.941430664062523,0.017675588,0.14031982,2.768475863833261,0,0,0
2020-02-07 20:00:00,1350.3556,26.304132080078148,0.017554604,0.002245903,22.154944356694788,26.069757080078148,0.016822182,0.0009431839,4.110357471986576,24.311944580078148,0.017691933,0.11764526,2.630159957793387,0,0,0
2020-02-07 21:00:00,1305.2155,26.031518554687523,0.017579209,0.004371643,20.20460120948146,25.359643554687523,0.016656052,0.00056648254,4.296034952064135,23.890893554687523,0.017457139,0.09466553,2.772462922270556,0,0,0
2020-02-07 22:00:00,1261.4674,25.854852294921898,0.017625092,0.0073776245,19.29716410777861,24.659539794921898,0.016556976,0.0005812645,3.995326265707458,23.565789794921898,0.01715207,0.064941406,2.92614620932314,0,0,0
2020-02-07 23:00:00,1212.5155,25.729302978515648,0.017609391,0.01128006,18.94716861880512,24.041802978515648,0.0163658,0.00040495396,4.207117385195006,23.276177978515648,0.016823564,0.051727295,2.9994591606909458,0,0,0
2020-02-08 00:00:00,1157.9985,25.628106689453148,0.01753199,0.014122009,19.087760159081657,23.534356689453148,0.01612818,0.00020748377,4.9135258426159405,22.979669189453148,0.016410468,0.046951294,3.1540137060275195,0,0,0
2020-02-08 01:00:00,1140.6006,25.509790039062523,0.01756157,0.014015198,18.898869943894795,23.158227539062523,0.01592888,0.00052690506,5.640074192533094,22.595727539062523,0.016066208,0.04248047,3.386283323814696,0,0,0
2020-02-08 02:00:00,1069.4515,25.368707275390648,0.017713556,0.0114860535,18.04661163058636,22.790582275390648,0.015798578,0.0011482239,6.021245022154578,22.259332275390648,0.015836725,0.03703308,3.73377912675386,0,0,0
2020-02-08 03:00:00,1075.8258,25.292382812500023,0.017758876,0.014930725,17.751470903513354,22.487695312500023,0.015767604,0.0032863617,6.027498051861797,22.011132812500023,0.015653163,0.029335022,4.091107979187972,0,0,0
2020-02-08 04:00:00,1058.4980999999998,25.227838134765648,0.017705314,0.015083313,17.433045360941403,22.290338134765648,0.015813224,0.005830765,5.911589557642044,21.837213134765648,0.015500419,0.025634766,4.328661375446651,0,0,0
2020-02-08 05:00:00,1048.9462,25.182763671875023,0.01765972,0.010471344,16.427388976387668,22.174951171875023,0.01589733,0.013160706,5.858202040798685,21.667138671875023,0.015348014,0.025924683,4.418650626828172,0,0,0
2020-02-08 06:00:00,1049.1374,25.266229248046898,0.01762183,0.014907837,16.215112122493,22.281854248046898,0.016004398,0.018974304,6.062329621427952,21.531854248046898,0.015233831,0.028892517,4.490571750014558,0,0,0
2020-02-08 07:00:00,1086.1167,26.243920898437523,0.01751527,0.014854431,20.462218065597447,24.384545898437523,0.016477672,0.023834229,9.69015277990121,22.165795898437523,0.015287486,0.030799866,4.888656069722003,0,0,0
2020-02-08 08:00:00,1213.6845,27.362512207031276,0.017149335,0.021194458,25.079650691031954,26.807824707031276,0.016676312,0.026786804,13.19140034493316,23.690637207031276,0.015169507,0.02519226,5.145899045372777,0,0,0
2020-02-08 09:00:00,1285.5069999999998,28.420190429687523,0.016974127,0.021720886,26.679221788578104,28.763940429687523,0.016585028,0.024932861,14.016714429074684,25.342065429687523,0.014933264,0.03300476,4.888373848536612,0,0,0
2020-02-08 10:00:00,1383.9016,29.407373046875023,0.016806504,0.018714905,26.587500206607015,30.360498046875023,0.016524216,0.024055481,13.212925963090216,26.797998046875023,0.014689347,0.05192566,4.261401583637859,0,0,0
2020-02-08 11:00:00,1402.8622,30.164239501953148,0.01657019,0.01726532,25.854745702988662,31.617364501953148,0.016593078,0.02332306,12.099153555276104,28.054864501953148,0.014594176,0.05455017,3.280426654513789,0,0,0
2020-02-08 12:00:00,1384.3737,30.716210937500023,0.016181042,0.012447357,25.230725331080397,32.40371093750002,0.016791394,0.02823639,11.012365209163743,28.825585937500023,0.015162518,0.05873108,1.8823749803162733,0,0,0
2020-02-08 13:00:00,1377.3084,31.012322998046898,0.01581443,0.007139206,24.94168921139411,32.6841979980469,0.016646033,0.051589966,10.451563478168405,29.121697998046898,0.015890723,0.06448364,0.9724771982868784,0,0,0
2020-02-08 14:00:00,1379.4142000000002,31.014367675781276,0.015520368,0.0028572083,24.964090469878556,32.63936767578127,0.016355786,0.0914917,10.121971287730162,29.061242675781276,0.015844617,0.093811035,0.5808639474879923,0,0,0
2020-02-08 15:00:00,1356.6298000000002,30.620202636718773,0.015379047,0.0009942055,25.316263392109665,32.24520263671877,0.016187763,0.101501465,9.75436844604139,28.604577636718773,0.015684223,0.11953735,0.6248839943038754,0,0,0
2020-02-08 16:00:00,1333.684,29.710351562500023,0.015504934,0.00033533573,25.619571988463637,31.413476562500023,0.016187765,0.0914917,9.050569788241033,27.710351562500023,0.015829183,0.12149048,0.7342679834511222,0,0,0
2020-02-08 17:00:00,1292.6353,28.349267578125023,0.015852213,0.00020980835,25.09682432959724,29.849267578125023,0.016561747,0.0664978,7.458423501718138,26.482080078125023,0.016317606,0.10708618,0.4074649299774867,0,0,0
2020-02-08 18:00:00,1298.5416,26.972955322265648,0.016333744,0.0005261898,22.79748444985128,27.426080322265648,0.016913578,0.049041748,5.501955090604681,25.176080322265648,0.016570255,0.1065979,0.6022643953588662,0,0,0
2020-02-08 19:00:00,1348.7747,26.278009033203148,0.016717521,0.004053116,20.87052905784367,26.278009033203148,0.016633598,0.040390015,7.333865927805163,24.395196533203148,0.016328422,0.12664795,1.759634297643282,0,0,0
2020-02-08 20:00:00,1319.3909999999998,26.038842773437523,0.016741276,0.01279068,19.94942080008312,25.390405273437523,0.016626835,0.04499817,8.57550877432502,23.687280273437523,0.016268253,0.13171387,3.0552161779258538,0,0,0
2020-02-08 21:00:00,1285.7023000000002,25.908837890625023,0.016710052,0.016838074,20.197570065427463,24.596337890625023,0.016717682,0.03804016,8.068729311372103,23.174462890625023,0.016145477,0.13024902,4.177354032476358,0,0,0
2020-02-08 22:00:00,1241.7775,25.750909423828148,0.016771028,0.0156059265,21.277785846563702,24.016534423828148,0.01661844,0.028549194,7.988020673088024,22.782159423828148,0.01610727,0.12289429,4.4891932998546045,0,0,0
2020-02-08 23:00:00,1200.0199,25.5463806152344,0.016840067,0.012123108,21.59340376271352,23.5307556152344,0.016389932,0.021751404,7.931200522410499,22.4682556152344,0.01603898,0.11349487,4.560923066072276,0,0,0
2020-02-09 00:00:00,1139.2543,25.332482910156276,0.01687857,0.013214111,21.365099603772077,23.098107910156276,0.016085112,0.015281677,7.906036817971079,22.176232910156276,0.015917266,0.1031189,4.695755511059015,0,0,0
2020-02-09 01:00:00,1105.9050000000002,25.1852966308594,0.016794743,0.018920898,21.20869540981548,22.7009216308594,0.015787663,0.008266449,8.084408822890206,21.8884216308594,0.015711369,0.090026855,5.060741119013652,0,0,0
2020-02-09 02:00:00,1061.9668,25.093774414062523,0.016718153,0.022598267,20.93728926549732,22.343774414062523,0.015508894,0.006662369,8.369847061236616,21.625024414062523,0.015459303,0.07821655,5.777884766044573,0,0,0
2020-02-09 03:00:00,1043.7216999999998,25.005792236328148,0.016740417,0.024589539,20.185617255410683,21.990167236328148,0.01531372,0.006669998,8.552867167736235,21.372979736328148,0.015157318,0.06750488,6.385999511537136,0,0,0
2020-02-09 04:00:00,1015.1731,24.947534179687523,0.016762547,0.025161743,19.61647869183177,21.650659179687523,0.015209966,0.013961792,8.394383487386122,21.127221679687523,0.014874273,0.056381226,6.689413380926642,0,0,0
2020-02-09 05:00:00,992.8953,24.952905273437523,0.01667791,0.026313782,18.885951243130705,21.437280273437523,0.015235955,0.01727295,8.323941385131533,20.937280273437523,0.0146866385,0.049835205,6.8007816510581085,0,0,0
2020-02-09 06:00:00,980.9485,25.023828125000023,0.016486617,0.019508362,18.680904548848368,21.516015625000023,0.015387984,0.015514374,8.441005375358209,20.812890625000023,0.014598342,0.055282593,6.879741734159456,0,0,0
2020-02-09 07:00:00,978.3079,25.943872070312523,0.016097132,0.017341614,22.85461818512169,23.732934570312523,0.015891138,0.013881683,12.121653232183258,21.342309570312523,0.014761988,0.060546875,7.1677662288318,0,0,0
2020-02-09 08:00:00,1020.7403,27.071069335937523,0.0153187215,0.021812439,28.07040912869536,26.422631835937523,0.01621899,0.014911652,15.731197447114992,22.742944335937523,0.015009731,0.06921387,7.339690050238452,0,0,0
2020-02-09 09:00:00,1057.163,28.007409667968773,0.015108823,0.0123176575,29.59790468790084,28.460534667968773,0.015791655,0.015892029,17.574571750247284,24.733972167968773,0.014956235,0.07888794,7.426268729273126,0,0,0
2020-02-09 10:00:00,1127.1917,28.8803649902344,0.015108857,0.0031023026,30.339130839683293,29.9272399902344,0.015490327,0.010383606,17.794034399688147,26.2397399902344,0.014784608,0.0743103,7.300066427686313,0,0,0
2020-02-09 11:00:00,1179.0206999999998,29.573632812500023,0.015147373,0.0008456707,30.741466100970356,30.995507812500023,0.015311405,0.00614357,17.87571379830266,27.198632812500023,0.014643833,0.07873535,7.068143297462348,0,0,0
2020-02-09 12:00:00,1190.1736,30.005029296875023,0.0153078595,0.0013337135,30.728449777566425,31.630029296875023,0.0151819745,0.004426956,17.954719199372636,27.676904296875023,0.014636473,0.089538574,6.760022390317234,0,0,0
2020-02-09 13:00:00,1200.9452,30.208764648437523,0.015571567,0.005098343,30.604134134509454,31.865014648437523,0.015068027,0.0040626526,17.878222784005985,27.779077148437523,0.014698002,0.095458984,6.523016003177515,0,0,0
2020-02-09 14:00:00,1202.6974,30.126336669921898,0.015862318,0.019813538,30.47569247828915,31.657586669921898,0.014828535,0.0053634644,17.638606418914367,27.571649169921898,0.014618726,0.09210205,6.574800823371336,0,0,0
2020-02-09 15:00:00,1204.5673000000002,29.755181884765648,0.016143754,0.030052185,30.27126165567868,30.864556884765648,0.014480546,0.0051078796,17.456122868092375,27.075494384765648,0.014457658,0.07131958,6.970845221740958,0,0,0
2020-02-09 16:00:00,1200.4163,29.095910644531276,0.016288089,0.03616333,29.718308233112484,29.533410644531276,0.014087008,0.0037517548,17.278074052293647,26.267785644531276,0.014277743,0.036468506,7.557808416687637,0,0,0
2020-02-09 17:00:00,1166.7345,28.079675292968773,0.016425146,0.037460327,28.615111737523875,27.720300292968773,0.013758672,0.0020666122,15.979267077008238,25.079675292968773,0.01417066,0.017044067,8.030721033391842,0,0,0
2020-02-09 18:00:00,1203.1517,27.029656982421898,0.016684487,0.030914307,26.27727607719471,25.318719482421898,0.013899759,0.0015845299,12.007848652454523,23.639031982421898,0.0142888585,0.011554718,7.885120537126224,0,0,0
2020-02-09 19:00:00,1270.1845,26.561334228515648,0.01703554,0.021568298,23.90817937986424,24.217584228515648,0.014143999,0.006778717,10.999270938641372,22.780084228515648,0.014548357,0.010055542,7.63894671584311,0,0,0
2020-02-09 20:00:00,1281.3592999999998,26.370263671875023,0.01719587,0.022254944,22.790694656799147,23.799951171875023,0.014399695,0.012142181,10.864569098419686,22.370263671875023,0.014628577,0.011405945,7.853205926419726,0,0,0
2020-02-09 21:00:00,1251.3929999999998,26.225640869140648,0.01727202,0.013801575,22.460305439476336,23.678765869140648,0.014849687,0.021987915,11.080550645166406,22.124078369140648,0.0145406965,0.015930176,8.083053408885078,0,0,0
2020-02-09 22:00:00,1228.2984,26.029260253906276,0.017333115,0.004545212,22.1927770463127,23.638635253906276,0.015379989,0.028434753,11.521873510126277,21.951135253906276,0.014494979,0.025253296,8.046317932401571,0,0,0
2020-02-09 23:00:00,1169.5148000000002,25.802026367187523,0.01737183,0.0077724457,22.15027336141366,23.536401367187523,0.015746769,0.024490356,11.591727365261264,21.895776367187523,0.014609988,0.04359436,7.641476808586289,0,0,0
2020-02-10 00:00:00,1070.19,25.631677246093773,0.017304067,0.018089294,23.29814528258416,23.397302246093773,0.015930776,0.016288757,11.616465569994482,21.998864746093773,0.014847401,0.05406189,7.128301397713932,0,0,0
2020-02-10 01:00:00,1026.7519,25.533715820312523,0.017211799,0.020866394,24.5953155151156,23.244653320312523,0.016044501,0.008571625,11.622205356498949,22.057153320312523,0.015048865,0.06607056,6.75376817428626,0,0,0
2020-02-10 02:00:00,1005.5826,25.449182128906276,0.017157886,0.02217102,24.83431826419765,23.105432128906276,0.016120289,0.0048217773,11.690949680986543,22.050744628906276,0.01514754,0.070373535,6.72127922961261,0,0,0
2020-02-10 03:00:00,984.4919,25.335412597656276,0.01716515,0.024795532,23.99293498001189,22.991662597656276,0.016119923,0.0027828217,11.85601568960781,22.022912597656276,0.015189136,0.07196045,6.794135872165841,0,0,0
2020-02-10 04:00:00,973.4151,25.204705810546898,0.017264178,0.02255249,22.020928724281426,22.814080810546898,0.016051104,0.0023508072,11.430585288133626,22.017205810546898,0.015215685,0.06695557,6.759436839081401,0,0,0
2020-02-10 05:00:00,1015.3353,25.044458007812523,0.017439751,0.012260437,19.75670023003569,22.544458007812523,0.015990166,0.0022068024,10.646731194682992,22.005395507812523,0.015250115,0.06561279,6.80265647666155,0,0,0
2020-02-10 06:00:00,1052.2924,25.025933837890648,0.017463027,0.01404953,19.125986159087777,22.229058837890648,0.016051589,0.0027713776,9.571543611026298,22.033746337890648,0.015319167,0.07519531,6.782201935362956,0,0,0
2020-02-10 07:00:00,1138.8573,25.975305175781276,0.017326303,0.019432068,23.418386425070075,24.201867675781276,0.016464181,0.0030441284,12.79771765984175,22.772180175781276,0.015586801,0.08023071,7.049841095777125,0,0,0
2020-02-10 08:00:00,1322.0353,27.205041503906276,0.017005472,0.020195007,26.74565966038126,26.814416503906276,0.016547708,0.0043735504,16.2212697588793,24.314416503906276,0.015838174,0.07977295,7.359830160461907,0,0,0
2020-02-10 09:00:00,1437.6849,28.394219970703148,0.016959159,0.014137268,26.542770384192544,28.847344970703148,0.015921561,0.003334999,17.893745915355474,26.034844970703148,0.015921561,0.076049805,7.367988884908139,0,0,0
2020-02-10 10:00:00,1532.0915,29.503594970703148,0.01691289,0.006542206,26.013092676584726,30.441094970703148,0.0154137155,0.0019016266,18.033272242604195,27.425469970703148,0.015798999,0.06573486,7.080664035562575,0,0,0
2020-02-10 11:00:00,1576.4834,30.450128173828148,0.016905345,0.00076651573,25.271937226046337,31.653253173828148,0.015169658,0.002163887,17.640653786513273,28.293878173828148,0.015890636,0.04963684,6.31637801296738,0,0,0
2020-02-10 12:00:00,1579.243,31.145593261718773,0.016816048,0.00016522408,24.349944604579573,32.47371826171877,0.015248206,0.0014052391,16.73802612480598,28.723718261718773,0.015946297,0.037322998,5.70617697461167,0,0,0
2020-02-10 13:00:00,1608.4189,31.498376464843773,0.016703635,6.571412e-05,23.79329495907966,32.90462646484377,0.015486746,0.00071907043,15.72738095741898,28.842126464843773,0.015841514,0.030815125,5.376023181848272,0,0,0
2020-02-10 14:00:00,1637.0072,31.488793945312523,0.016567072,3.7685037e-05,23.958869594598504,32.83254394531252,0.015788874,0.0003733635,15.034195336596678,28.676293945312523,0.015773615,0.020584106,5.149995551986996,0,0,0
2020-02-10 15:00:00,1610.5941,31.077569580078148,0.016467197,2.5987625e-05,24.71598892706052,32.28069458007815,0.015956027,0.0002580881,14.551839904860802,28.218194580078148,0.015650852,0.017547607,5.067751487660582,0,0,0
2020-02-10 16:00:00,1533.8065,30.133813476562523,0.01655683,0.000166893,26.055905682728927,31.133813476562523,0.015954107,0.0011396408,14.206829846317811,27.446313476562523,0.015587896,0.022109985,5.23475618073359,0,0,0
2020-02-10 17:00:00,1419.8057,28.696191406250023,0.016792241,0.000104397535,26.540825762001194,29.321191406250023,0.015968267,0.0014219284,12.797435652639448,26.250878906250023,0.015739385,0.026313782,5.51179873618654,0,0,0
2020-02-10 18:00:00,1368.0177,27.255883789062523,0.01712654,0.0018696785,24.869304626830047,26.755883789062523,0.016188124,0.0012845993,9.33571124121095,24.763696289062523,0.015928725,0.033859253,5.514310484985126,0,0,0
2020-02-10 19:00:00,1426.8523,26.5234313964844,0.017408868,0.012874603,23.342126614298227,25.4687438964844,0.016310235,0.0016140938,9.15582622706146,23.7734313964844,0.016020318,0.052947998,5.6067313813698005,0,0,0
2020-02-10 20:00:00,1375.6626,26.272637939453148,0.017462678,0.019111633,22.55182434957626,24.717950439453148,0.016478486,0.0013465881,9.09918970126486,23.217950439453148,0.016089387,0.06375122,5.502174391517227,0,0,0
2020-02-10 21:00:00,1340.5727,26.109643554687523,0.017485414,0.021377563,21.770780246895004,24.304956054687523,0.016562257,0.0008292198,9.39145081302208,22.851831054687523,0.016127381,0.067108154,5.281479805003903,0,0,0
2020-02-10 22:00:00,1284.8294,25.958764648437523,0.017508283,0.023117065,21.326072188297328,23.958764648437523,0.016577497,0.0007824898,9.213906516957,22.669702148437523,0.01617314,0.06022644,5.117685664265395,0,0,0
2020-02-10 23:00:00,1215.3223,25.838342285156276,0.017485699,0.023506165,21.343426259212038,23.447717285156276,0.01659306,0.0013566017,8.412825983088473,22.564904785156276,0.016150555,0.062026978,5.150461116998399,0,0,0
2020-02-11 00:00:00,1167.3246,25.737145996093773,0.017431045,0.022766113,21.62660028964078,23.127770996093773,0.016568923,0.002571106,8.338283972077171,22.409020996093773,0.016073013,0.06536865,5.1836126225694965,0,0,0
2020-02-11 01:00:00,1121.3674,25.630578613281276,0.017346848,0.022018433,22.03636601170785,22.872766113281276,0.016499985,0.0056324005,8.35669202070596,22.263391113281276,0.015996445,0.06619263,5.1875405661593925,0,0,0
2020-02-11 02:00:00,1069.9261,25.548730468750023,0.017262474,0.02191925,22.322991846206914,22.650292968750023,0.01641561,0.006351471,8.39553111956242,22.134667968750023,0.015904441,0.06896973,5.220371379137752,0,0,0
2020-02-11 03:00:00,1065.4016,25.479638671875023,0.017185986,0.021987915,22.43223205100284,22.495263671875023,0.016316235,0.007965088,8.465371325167823,22.018701171875023,0.015789807,0.07040405,5.286247527130263,0,0,0
2020-02-11 04:00:00,1058.0768,25.400170898437523,0.017192934,0.021072388,21.72491271042051,22.368920898437523,0.016216371,0.009555817,8.435837238505185,21.915795898437523,0.015697572,0.06692505,5.213747437869064,0,0,0
2020-02-11 05:00:00,1060.2287,25.343713378906276,0.0172312,0.020645142,21.111851217759668,22.265588378906276,0.016132567,0.010536194,8.291237284470725,21.812463378906276,0.015644286,0.06034851,4.955974735731335,0,0,0
2020-02-11 06:00:00,1077.9578,25.384545898437523,0.017201059,0.020462036,21.341073893703744,22.298608398437523,0.016079538,0.010692596,8.379662730820366,21.759545898437523,0.015549294,0.05052185,5.068974436578279,0,0,0
2020-02-11 07:00:00,1189.2831,26.047418212890648,0.017094806,0.0185318,24.433472346820697,24.195855712890648,0.016301349,0.01084137,11.838265705419412,22.461480712890648,0.015542224,0.04574585,5.663002426392138,0,0,0
2020-02-11 08:00:00,1344.6867,27.061914062500023,0.017018791,0.01064682,26.16745601686437,26.718164062500023,0.016293999,0.010528564,15.183633948043006,23.999414062500023,0.015412804,0.040924072,6.017333161624901,0,0,0
2020-02-11 09:00:00,1437.5798,28.189508056640648,0.017133327,0.0035009384,24.85261531092792,28.837945556640648,0.015981289,0.0074748993,16.0130771792017,25.673883056640648,0.015195461,0.036697388,5.914370115637514,0,0,0
2020-02-11 10:00:00,1515.0743,29.288537597656276,0.017346986,0.0021181107,22.77698744844372,30.569787597656276,0.015836366,0.0046844482,15.395713050933358,27.046350097656276,0.0149933165,0.03541565,5.3557016134241175,0,0,0
2020-02-11 11:00:00,1567.2993,30.204888916015648,0.017645745,0.0006854534,20.374430934705536,31.876763916015648,0.01594439,0.0025501251,14.312386580771609,28.118951416015648,0.014967828,0.033355713,4.47752282831708,0,0,0
2020-02-11 12:00:00,1573.2803,30.886407470703148,0.017846795,0.0035686493,18.322300889896507,32.68328247070315,0.016252251,0.0014853477,12.986363756484057,28.714532470703148,0.015424463,0.027053833,3.2475063822553616,0,0,0
2020-02-11 13:00:00,1604.2882000000002,31.315087890625023,0.017909637,0.026557922,17.205620322048954,33.11196289062502,0.016437164,0.0029449463,12.181538656229067,29.049462890625023,0.015292754,0.035751343,2.5638108096822645,0,0,0
2020-02-11 14:00:00,1609.6942,31.393212890625023,0.017856175,0.060699463,17.0359925395934,33.14321289062502,0.016459996,0.014163971,11.832680341586268,28.971337890625023,0.015296512,0.040725708,2.2528344896936363,0,0,0
2020-02-11 15:00:00,1591.0471,31.120477294921898,0.017756661,0.08627319,17.677068021187328,32.6673522949219,0.01639863,0.024589539,11.87077735110189,28.565789794921898,0.0153610315,0.037200928,2.274937922291004,0,0,0
2020-02-11 16:00:00,1511.6044,30.4641052246094,0.017718116,0.068573,18.77600096613423,31.6828552246094,0.01628379,0.023506165,11.88651996989148,27.7609802246094,0.015497961,0.038269043,2.6754127130586647,0,0,0
2020-02-11 17:00:00,1428.5907,29.332910156250023,0.0177255,0.041793823,20.343718070431454,29.957910156250023,0.016230138,0.022369385,11.036736232300605,26.637597656250023,0.015657933,0.031906128,3.370743203264726,0,0,0
2020-02-11 18:00:00,1398.325,27.963769531250023,0.017885823,0.018539429,21.67202917944886,27.573144531250023,0.01627602,0.021133423,9.03615377062778,25.088769531250023,0.015970845,0.025978088,3.9771015729664105,0,0,0
2020-02-11 19:00:00,1435.6585,27.052667236328148,0.01803989,0.008804321,22.421833827814982,26.208917236328148,0.01615543,0.022491455,9.946463323445842,24.029229736328148,0.015789218,0.02355194,5.181206837141865,0,0,0
2020-02-11 20:00:00,1397.8558,26.5937438964844,0.018111726,0.008781433,22.396080941279,25.3281188964844,0.016265413,0.023475647,9.904107472830352,23.2421813964844,0.01591446,0.026100159,5.6224890635966265,0,0,0
2020-02-11 21:00:00,1367.5999000000002,26.390649414062523,0.01804288,0.013736725,22.70418388359979,24.835961914062523,0.016448336,0.016998291,9.486192768490785,22.734399414062523,0.01601346,0.033340454,5.462294512272856,0,0,0
2020-02-11 22:00:00,1319.2313,26.199548339843773,0.018004976,0.017105103,22.808295577880624,24.519860839843773,0.016646944,0.009819031,8.757916532471983,22.449548339843773,0.016013704,0.05140686,5.539034821477479,0,0,0
2020-02-11 23:00:00,1242.9368,26.002893066406276,0.017989922,0.01928711,22.35537147235519,24.276330566406276,0.016837884,0.0055332184,8.33460007868882,22.268518066406276,0.016074944,0.058380127,5.502145470130275,0,0,0
2020-02-12 00:00:00,1163.3952,25.818444824218773,0.01804249,0.02292633,21.507401921253617,24.052819824218773,0.017012522,0.0039482117,8.03098843753454,22.162194824218773,0.016211435,0.060180664,4.985008575447382,0,0,0
2020-02-12 01:00:00,1137.9112,25.701837158203148,0.018010113,0.0317688,20.97133934622702,23.944024658203148,0.01717088,0.0036964417,7.980164030870213,22.076837158203148,0.016247723,0.06933594,4.626575523288566,0,0,0
2020-02-12 02:00:00,1105.9675,25.657586669921898,0.017902283,0.033416748,21.326870799318414,23.829461669921898,0.017291931,0.0037622452,7.81955061731104,22.009149169921898,0.01617041,0.08081055,4.6344485708558905,0,0,0
2020-02-12 03:00:00,1086.88,25.605676269531276,0.017924951,0.02695465,21.585013340355395,23.605676269531276,0.017352747,0.0034275055,7.161730676047872,21.988488769531276,0.016124414,0.08682251,4.583843682514839,0,0,0
2020-02-12 04:00:00,1070.5029,25.520166015625023,0.017971156,0.019874573,21.3301924221196,23.418603515625023,0.017345546,0.0062732697,6.9582392231255366,21.988916015625023,0.016109584,0.098480225,4.494699064371302,0,0,0
2020-02-12 05:00:00,1081.1617,25.400567626953148,0.01804026,0.012111664,20.34903456438749,23.220880126953148,0.017246803,0.015254974,6.914679171717986,21.994317626953148,0.016102394,0.10168457,4.438928001485063,0,0,0
2020-02-12 06:00:00,1116.5259,25.368371582031276,0.017880473,0.010189056,19.808253007446957,23.180871582031276,0.01715568,0.01455307,7.0918042872964575,22.001184082031276,0.016095195,0.097076416,4.392252534203692,0,0,0
2020-02-12 07:00:00,1206.0253,26.009393310546898,0.017392138,0.008792877,23.530058952675965,24.954705810546898,0.01736162,0.01550293,10.828783018257138,22.517205810546898,0.016339282,0.09585571,4.821195191320815,0,0,0
2020-02-12 08:00:00,1349.617,27.055871582031276,0.016881194,0.006216049,25.95754951514212,27.290246582031276,0.017171111,0.02381134,14.40077073895618,23.540246582031276,0.016743865,0.08868408,5.274913855839111,0,0,0
2020-02-12 09:00:00,1442.8854,28.168115234375023,0.016697703,0.003818512,26.06527810199192,29.277490234375023,0.016720591,0.02620697,15.173725035650262,25.214990234375023,0.01686555,0.074798584,5.360768189254079,0,0,0
2020-02-12 10:00:00,1501.1488,29.217126464843773,0.016704343,0.0018568039,25.383170876971445,30.982751464843773,0.01648309,0.021461487,14.656607315490453,27.154626464843773,0.016414426,0.06314087,4.76114232092507,0,0,0
2020-02-12 11:00:00,1544.5339,30.055688476562523,0.016819473,0.0017795563,24.306432254154068,32.29006347656252,0.016415115,0.01474762,13.922502649203908,28.352563476562523,0.016422745,0.05857849,3.586894044641086,0,0,0
2020-02-12 12:00:00,1557.3304,30.6513610839844,0.016961595,0.0011100769,23.13944528770421,33.1201110839844,0.016458055,0.009338379,13.272352775810566,28.9794860839844,0.016679307,0.056259155,2.587785240705091,0,0,0
2020-02-12 13:00:00,1591.7798,30.977563476562523,0.017038723,0.00071692467,22.2033749463632,33.43068847656252,0.016474148,0.006626129,13.193401039673294,29.321313476562523,0.016413113,0.05819702,2.374925607218869,0,0,0
2020-02-12 14:00:00,1615.8623,31.0270935058594,0.01706126,0.0014300346,21.761347305997983,33.2614685058594,0.016344097,0.006198883,13.466036990209098,29.2145935058594,0.016229656,0.053100586,2.343567711416979,0,0,0
2020-02-12 15:00:00,1610.6833,30.769250488281276,0.017021568,0.0011301041,22.028847899300317,32.59737548828127,0.016052635,0.004518509,13.787244540880142,28.675500488281276,0.01611367,0.04536438,2.5737064408650028,0,0,0
2020-02-12 16:00:00,1544.2556,30.113122558593773,0.016998457,0.0010061264,22.57573751974776,31.316247558593773,0.015731977,0.0027971268,13.972034992828364,27.722497558593773,0.016113447,0.04600525,3.1563880316134565,0,0,0
2020-02-12 17:00:00,1407.8476999999998,28.969018554687523,0.01707467,0.00374794,23.10990043615388,29.359643554687523,0.0154381655,0.0023565292,13.402199299944748,26.414331054687523,0.016128626,0.04081726,4.098454723838248,0,0,0
2020-02-12 18:00:00,1397.1422,27.654260253906276,0.017319284,0.0067329407,23.13346966676729,27.029260253906276,0.015350901,0.0036554337,11.290518220913397,24.724572753906276,0.016480051,0.030586243,4.9413774297424125,0,0,0
2020-02-12 19:00:00,1450.1763,26.887536621093773,0.017595245,0.010173798,23.08297906964117,25.770349121093773,0.015439941,0.0067596436,10.703861153116902,23.660974121093773,0.0163898,0.025146484,5.817392763363363,0,0,0
2020-02-12 20:00:00,1394.0424,26.617211914062523,0.017674096,0.018623352,22.741531130492945,25.109399414062523,0.015705712,0.013252258,10.203996032642294,23.117211914062523,0.016293176,0.025764465,5.960466664369131,0,0,0
2020-02-12 21:00:00,1372.13,26.5068298339844,0.01766776,0.02042389,22.39838099759616,24.8115173339844,0.016004551,0.01813507,9.724814837342944,22.8271423339844,0.016248692,0.029830933,5.959952130349465,0,0,0
2020-02-12 22:00:00,1325.1764,26.358972167968773,0.017690418,0.022850037,22.61023593784548,24.687097167968773,0.016324757,0.015647888,9.681455826957086,22.640222167968773,0.016179798,0.040924072,5.934942773351857,0,0,0
2020-02-12 23:00:00,1228.2867,26.183892822265648,0.017697353,0.024467468,23.18396652238217,24.629205322265648,0.016644496,0.009128571,9.724881243532264,22.457330322265648,0.016156215,0.0519104,5.807195583580724,0,0,0
2020-02-13 00:00:00,1203.0899,26.023309326171898,0.017696045,0.023727417,23.18791440362088,24.562371826171898,0.016902588,0.0052661896,9.470863743901187,22.304559326171898,0.016139649,0.055023193,5.555074372158522,0,0,0
2020-02-13 01:00:00,1155.8651,25.877038574218773,0.01767925,0.025718689,23.14184129937776,24.478601074218773,0.017061269,0.010211945,9.085421191935094,22.150476074218773,0.016115224,0.059417725,5.193959377213687,0,0,0
2020-02-13 02:00:00,1111.2879,25.760461425781276,0.017647568,0.028427124,23.136165457992583,24.401086425781276,0.01712877,0.020225525,8.89024129190381,22.002648925781276,0.016083542,0.061431885,4.815028672177519,0,0,0
2020-02-13 03:00:00,1087.9015000000002,25.667352294921898,0.017653776,0.028526306,22.97800881626074,24.386102294921898,0.017173124,0.027549744,8.917268985357936,21.878289794921898,0.016051603,0.06277466,4.715927405548466,0,0,0
2020-02-13 04:00:00,1079.7902,25.614892578125023,0.017660268,0.031433105,21.935895374006847,24.396142578125023,0.017202504,0.036193848,8.687512360708102,21.794580078125023,0.016027577,0.06903076,4.588918931096599,0,0,0
2020-02-13 05:00:00,1092.7187,25.592919921875023,0.017636942,0.031463623,20.706110840113045,24.358544921875023,0.017186807,0.038101196,8.422087118842807,21.756982421875023,0.016034769,0.076049805,4.4259402747005145,0,0,0
2020-02-13 06:00:00,1120.7393000000002,25.652490234375023,0.017599074,0.028373718,20.295191273263708,24.332177734375023,0.01714131,0.04257202,8.52286552489074,21.769677734375023,0.016080825,0.0859375,4.371095124518048,0,0,0
2020-02-13 07:00:00,1227.107,26.356317138671898,0.017454583,0.022743225,23.24501049032485,25.723504638671898,0.017210443,0.04296875,11.929077199977272,22.340692138671898,0.016302545,0.08770752,4.667331985776028,0,0,0
2020-02-13 08:00:00,1368.9912,27.417871093750023,0.01724647,0.0121536255,25.637365502088848,27.738183593750023,0.017086253,0.04269409,15.081676405353642,23.636621093750023,0.0166056,0.088012695,4.876999541807672,0,0,0
2020-02-13 09:00:00,1471.1406,28.584130859375023,0.017222812,0.0066452026,26.009304658775637,29.748193359375023,0.016818454,0.03135681,15.554426616816505,25.709130859375023,0.016650608,0.084106445,4.83627889435735,0,0,0
2020-02-13 10:00:00,1552.7611,29.646508789062523,0.017268332,0.0045547485,25.747280639460712,31.537133789062523,0.016696127,0.018585205,14.691160448123217,27.576196289062523,0.016459616,0.079711914,4.173372842451366,0,0,0
2020-02-13 11:00:00,1588.4189,30.522027587890648,0.01730682,0.0030641556,24.666631161775896,32.83452758789065,0.01680328,0.009815216,13.301820977396188,28.795465087890648,0.016849056,0.0763855,2.662857789190683,0,0,0
2020-02-13 12:00:00,1597.1785,31.121789550781276,0.017359499,0.0018610954,22.90175269470129,33.66866455078127,0.016871218,0.0050373077,12.180822821574727,29.559289550781276,0.01684833,0.0848999,1.6673577211924484,0,0,0
2020-02-13 13:00:00,1643.14,31.460595703125023,0.01735938,0.0010838509,20.83492852942318,34.10122070312502,0.016764287,0.0034837723,11.42338388310663,29.851220703125023,0.016939763,0.082214355,1.106618317211918,0,0,0
2020-02-13 14:00:00,1650.7056,31.523217773437523,0.017329015,0.00067305565,19.113814585791594,34.16384277343752,0.016543187,0.008777618,10.81244571738316,29.804467773437523,0.016955175,0.07949829,0.8068437762908122,0,0,0
2020-02-13 15:00:00,1636.6916,31.327905273437523,0.017329529,0.0040779114,18.12960398321979,33.74978027343752,0.016284302,0.011894226,10.365476762817416,29.359155273437523,0.01694043,0.076049805,0.7064371299955304,0,0,0
2020-02-13 16:00:00,1558.4,30.713037109375023,0.017352298,0.004085541,18.512659696293284,32.79116210937502,0.016177371,0.010631561,10.15804513507331,28.416162109375023,0.01720734,0.07235718,0.921676061469122,0,0,0
2020-02-13 17:00:00,1425.3148,29.6118103027344,0.017374601,0.002272606,19.893150316236856,31.0180603027344,0.01625308,0.008358002,9.293284212508931,27.1118103027344,0.017420378,0.07272339,1.2908703476138703,0,0,0
2020-02-13 18:00:00,1407.6894,28.224328613281276,0.017496279,0.0035848618,21.173519870951687,28.458703613281276,0.016534975,0.004501343,7.181791813980881,25.513391113281276,0.017748049,0.062301636,1.3246960750229402,0,0,0
2020-02-13 19:00:00,1440.3865,27.272637939453148,0.017709877,0.0062732697,22.003177676891568,27.046075439453148,0.016458657,0.0032587051,8.377610818237535,24.585137939453148,0.017618325,0.054092407,1.5777853791053025,0,0,0
2020-02-13 20:00:00,1389.8774,26.768945312500023,0.017779492,0.0073776245,21.63563040287219,26.112695312500023,0.016459607,0.0027427673,8.952159569900765,24.097070312500023,0.017192028,0.047546387,2.385900572845149,0,0,0
2020-02-13 21:00:00,1364.9246999999998,26.517694091796898,0.017843451,0.0069179535,21.29979755144217,25.416131591796898,0.01659986,0.004673004,8.926226222326184,23.673944091796898,0.016889777,0.04689026,3.40348464704794,0,0,0
2020-02-13 22:00:00,1322.9521,26.325280761718773,0.017945757,0.01127243,21.423324537254143,24.934655761718773,0.016679278,0.008449554,9.31870041033869,23.286218261718773,0.01664876,0.048934937,4.137172017538534,0,0,0
2020-02-13 23:00:00,1258.1174,26.167565917968773,0.017969644,0.014808655,21.76420964641728,24.620690917968773,0.016703164,0.014461517,9.448622684925558,22.980065917968773,0.016474282,0.052734375,4.434464500120847,0,0,0
2020-02-14 00:00:00,1205.0728,26.023339843750023,0.017891962,0.012493134,22.228217919459944,24.437402343750023,0.016724665,0.015159607,9.637248351377732,22.726464843750023,0.016305048,0.05596924,4.62943241422145,0,0,0
2020-02-14 01:00:00,1166.5862,25.866326904296898,0.017777136,0.0073013306,22.56954803027778,24.296014404296898,0.016800573,0.012088776,9.523163974454636,22.514764404296898,0.016152075,0.060012817,4.861868670746684,0,0,0
2020-02-14 02:00:00,1135.4749,25.6997009277344,0.017731348,0.012306213,22.790637171878178,24.2543884277344,0.016915003,0.016311646,9.388077829104176,22.3403259277344,0.016037622,0.06317139,5.07379203288394,0,0,0
2020-02-14 03:00:00,1093.8649,25.637567138671898,0.017646821,0.019302368,24.057637394228628,24.192254638671898,0.016983064,0.02217102,9.111547123573878,22.215692138671898,0.015968354,0.06317139,5.221512129552835,0,0,0
2020-02-14 04:00:00,1084.2786,25.663598632812523,0.017515948,0.02872467,24.99774322089287,23.991723632812523,0.017004779,0.016708374,8.096568334345397,22.171411132812523,0.015936663,0.06738281,5.132589758651594,0,0,0
2020-02-14 05:00:00,1097.6806,25.674584960937523,0.017537773,0.03302002,24.94189535542354,23.932397460937523,0.017003715,0.01177597,7.873269855632061,22.205834960937523,0.015981376,0.07223511,4.81131729257313,0,0,0
2020-02-14 06:00:00,1108.5537000000002,25.722924804687523,0.017651439,0.029685974,25.20138992836088,23.863549804687523,0.017048717,0.013168335,7.354049719149885,22.222924804687523,0.01600349,0.08151245,4.611914136942573,0,0,0
2020-02-14 07:00:00,1221.7687,26.388726806640648,0.017612817,0.020271301,28.333526184622475,25.584039306640648,0.017261865,0.024017334,11.230485638574258,22.834039306640648,0.016216638,0.08862305,4.996175336969441,0,0,0
2020-02-14 08:00:00,1380.9471999999998,27.484521484375023,0.017177712,0.017501831,31.816374395702287,27.797021484375023,0.0170709,0.031166077,15.29750767772,24.109521484375023,0.016391885,0.0809021,5.484371337889402,0,0,0
2020-02-14 09:00:00,1462.3987,28.634088134765648,0.016903108,0.006494522,32.70774561988576,29.782525634765648,0.016704744,0.029541016,16.69120342178719,25.915338134765648,0.016269868,0.07235718,5.652677330397244,0,0,0
2020-02-14 10:00:00,1540.7787,29.590234375000023,0.016697632,0.0037488937,32.96117261485829,31.449609375000023,0.016384827,0.02583313,16.941214331977275,27.488671875000023,0.015988098,0.07928467,5.541385346731818,0,0,0
2020-02-14 11:00:00,1559.7271999999998,30.306481933593773,0.016552335,0.0011663437,32.53026790664542,32.66585693359377,0.016125089,0.0205307,16.7533714886823,28.525231933593773,0.016033536,0.074523926,4.716490357858942,0,0,0
2020-02-14 12:00:00,1562.905,30.732690429687523,0.01637616,0.0019392967,31.733909362351948,33.34206542968752,0.015933655,0.02166748,16.485769148317623,29.060815429687523,0.016147278,0.06994629,3.980374183317593,0,0,0
2020-02-14 13:00:00,1584.296,30.848168945312523,0.016330078,0.0040779114,30.83882203223621,33.56691894531252,0.015712097,0.022033691,16.37039899876928,29.160668945312523,0.016032532,0.079833984,3.8967660333469136,0,0,0
2020-02-14 14:00:00,1605.9239,30.624047851562523,0.016513297,0.006788254,29.902759702773203,33.38967285156252,0.015399406,0.024475098,16.401825072919667,28.889672851562523,0.015872428,0.09442139,4.172387458101764,0,0,0
2020-02-14 15:00:00,1569.0205,30.146295166015648,0.01673476,0.014415741,29.025962352323752,32.58379516601565,0.015014332,0.023620605,16.500866731940885,28.208795166015648,0.015712421,0.08670044,4.756104351525532,0,0,0
2020-02-14 16:00:00,1527.4508,29.414666748046898,0.01685658,0.0393219,28.45235255592755,31.133416748046898,0.014567761,0.018539429,16.67040795919161,27.242791748046898,0.015628247,0.06341553,5.450574365150354,0,0,0
2020-02-14 17:00:00,1367.7429,28.321801757812523,0.016985485,0.051376343,27.86374459650844,29.243676757812523,0.0142122,0.012435913,15.894683784058582,26.024926757812523,0.0155091975,0.037017822,6.346047130781192,0,0,0
2020-02-14 18:00:00,1336.737,27.200616455078148,0.017198933,0.045654297,26.74527055518999,26.950616455078148,0.0143607985,0.01863861,12.099244981649743,24.513116455078148,0.015383137,0.03517151,6.9920887219148895,0,0,0
2020-02-14 19:00:00,1428.416,26.6289001464844,0.017389946,0.025871277,25.66900123712878,25.6835876464844,0.014879874,0.038101196,10.693388784206132,23.5039001464844,0.015474967,0.043884277,7.018826231028729,0,0,0
2020-02-14 20:00:00,1381.4771999999998,26.394799804687523,0.01751265,0.011642456,24.54753278777313,25.183862304687523,0.01541075,0.04360962,10.73121539795173,23.058862304687523,0.015586226,0.05203247,6.760137803292684,0,0,0
2020-02-14 21:00:00,1329.5614,26.2470642089844,0.017628107,0.00875473,23.91390766600888,24.9814392089844,0.015926752,0.039993286,11.030819536406868,22.9189392089844,0.015690241,0.06686401,6.6927676209274125,0,0,0
2020-02-14 22:00:00,1285.3698,26.195581054687523,0.01762158,0.01266098,23.848768670307567,24.969018554687523,0.016431395,0.035964966,11.51360639294356,22.953393554687523,0.015798155,0.075408936,6.7059452552915895,0,0,0
2020-02-14 23:00:00,1253.9562,26.182214355468773,0.017584542,0.01108551,23.28008649829644,25.010339355468773,0.016806344,0.032806396,12.163728714260724,23.002526855468773,0.015829781,0.075805664,6.83296539463574,0,0,0
2020-02-15 00:00:00,1223.8721,26.120446777343773,0.01753145,0.01127243,23.472053396526988,24.948571777343773,0.016966876,0.03164673,12.35321941344478,22.995446777343773,0.015814837,0.070373535,7.070238291651309,0,0,0
2020-02-15 01:00:00,1195.9921,26.017694091796898,0.017538738,0.013431549,23.98901344601902,24.853631591796898,0.016905498,0.037384033,12.654953546879645,23.025506591796898,0.015806865,0.067840576,7.178794341377999,0,0,0
2020-02-15 02:00:00,1145.8274,25.979577636718773,0.017515292,0.022148132,24.68887649445786,24.792077636718773,0.016721835,0.034317017,13.152820960491708,23.104577636718773,0.015829196,0.06741333,6.974908077495656,0,0,0
2020-02-15 03:00:00,1124.2313,25.969750976562523,0.01756816,0.025375366,24.605822957940266,24.711938476562523,0.016477156,0.02949524,13.098053427936314,23.126000976562523,0.015821029,0.07092285,6.805958311277778,0,0,0
2020-02-15 04:00:00,1114.0737,25.908105468750023,0.017788839,0.023025513,23.809194414080057,24.540917968750023,0.0163774,0.024429321,12.73569353675176,23.079980468750023,0.015797567,0.07144165,6.654848760409644,0,0,0
2020-02-15 05:00:00,1100.0921,25.817651367187523,0.017979123,0.034713745,22.62706722362795,24.411401367187523,0.016399838,0.018562317,12.371124215505588,23.012963867187523,0.015774228,0.07171631,6.380577537680698,0,0,0
2020-02-15 06:00:00,1085.4113,25.821466064453148,0.01801668,0.058135986,22.292247406522154,24.430841064453148,0.0164908,0.028388977,12.220483931029284,22.938653564453148,0.015720231,0.06881714,6.139590912153961,0,0,0
2020-02-15 07:00:00,1144.4313000000002,26.411737060546898,0.017855959,0.056732178,25.287471024123757,25.927362060546898,0.016726809,0.031799316,15.010687903716253,23.458612060546898,0.015757876,0.06518555,6.530853276957497,0,0,0
2020-02-15 08:00:00,1252.2129,27.425653076171898,0.017359845,0.05088806,29.427893909374596,27.972528076171898,0.016711347,0.023284912,18.295568536232068,24.761590576171898,0.015597456,0.057113647,7.090784674133173,0,0,0
2020-02-15 09:00:00,1351.9487,28.550408935546898,0.01705473,0.036956787,31.263673336762785,29.909783935546898,0.01629179,0.016998291,19.726116424411902,26.206658935546898,0.015410595,0.050735474,7.22962787604412,0,0,0
2020-02-15 10:00:00,1422.4914,29.583459472656276,0.016979102,0.031555176,32.259856210992425,31.520959472656276,0.015849952,0.014839172,19.80815442103032,27.450646972656276,0.015071753,0.047912598,7.096001022725854,0,0,0
2020-02-15 11:00:00,1416.3474,30.311730957031276,0.017033013,0.033355713,32.41435686552888,32.63985595703127,0.015598686,0.017349243,19.207904738184027,28.264855957031276,0.014954003,0.042541504,6.750566687638012,0,0,0
2020-02-15 12:00:00,1398.6353,30.743585205078148,0.017070096,0.035964966,31.61322720054381,33.32171020507815,0.015486997,0.019500732,18.53894634919367,28.634210205078148,0.014991086,0.04034424,6.462438619237298,0,0,0
2020-02-15 13:00:00,1400.3402,30.852258300781276,0.017099341,0.04324341,30.41904196409992,33.53975830078127,0.015459021,0.019508362,18.252378117544048,28.696008300781276,0.015008886,0.039657593,6.424310509166605,0,0,0
2020-02-15 14:00:00,1379.764,30.6916442871094,0.01702953,0.042053223,29.446786017952952,33.2541442871094,0.015320545,0.01613617,18.13489076340104,28.4572692871094,0.01507259,0.043502808,6.505001702510016,0,0,0
2020-02-15 15:00:00,1345.5193,30.236871337890648,0.016921885,0.03616333,29.01965112414668,32.43999633789065,0.01522816,0.01133728,17.904775432168012,27.971246337890648,0.015109904,0.050247192,6.694682388122086,0,0,0
2020-02-15 16:00:00,1342.9457,29.403955078125023,0.016806975,0.038024902,29.81905956727278,31.153955078125023,0.015181913,0.010593414,17.90241929226643,27.185205078125023,0.015086546,0.059310913,7.136617003969916,0,0,0
2020-02-15 17:00:00,1282.7556,28.110986328125023,0.016822172,0.041748047,30.37595376106784,29.470361328125023,0.015273405,0.015930176,17.090438498579566,26.048486328125023,0.015170408,0.0690918,7.438815770807977,0,0,0
2020-02-15 18:00:00,1280.8532,26.917565917968773,0.01701319,0.0393219,29.85218688008364,27.480065917968773,0.0156399,0.024917603,14.090317116303249,24.605065917968773,0.015575049,0.08413696,6.656592011597398,0,0,0
2020-02-15 19:00:00,1342.3575,26.3535095214844,0.017180948,0.027870178,29.662932968355577,26.3535095214844,0.016089944,0.03100586,13.419234571160535,23.7441345214844,0.015998391,0.1053772,6.135794287191269,0,0,0
2020-02-15 20:00:00,1322.8651,26.156701660156276,0.017181063,0.018363953,30.402372107063098,25.750451660156276,0.016364718,0.05822754,13.627507132747214,23.289514160156276,0.016196871,0.12374878,6.309263149590743,0,0,0
2020-02-15 21:00:00,1283.7947,26.0217224121094,0.01707504,0.014850616,31.394791869718915,25.3498474121094,0.016388394,0.062026978,14.092382702869685,23.0373474121094,0.016258694,0.1133728,6.661773573331203,0,0,0
2020-02-15 22:00:00,1227.5867,25.8539978027344,0.016962036,0.012893677,31.01626479188984,25.0414978027344,0.016359314,0.041366577,14.249424458977613,22.8618103027344,0.016237244,0.10839844,7.006411303008398,0,0,0
2020-02-15 23:00:00,1199.4631,25.715539550781276,0.01688744,0.0129852295,29.891697024849407,24.817102050781276,0.01636864,0.024795532,14.374943534408462,22.668664550781276,0.01613213,0.10992432,7.115539453768748,0,0,0
2020-02-16 00:00:00,1150.247,25.5805603027344,0.016902437,0.018569946,27.91486922244227,24.6352478027344,0.016414156,0.012611389,13.979086989030256,22.5102478027344,0.016040316,0.10144043,6.896939245632571,0,0,0
2020-02-16 01:00:00,1109.8514,25.460626220703148,0.016947849,0.020606995,26.70803722326551,24.491876220703148,0.01642905,0.012653351,13.702114949947052,22.398126220703148,0.015963657,0.08529663,6.681783593819012,0,0,0
2020-02-16 02:00:00,1074.8874,25.356896972656276,0.016992662,0.022346497,25.908766181334503,24.388146972656276,0.016359422,0.01979065,13.842683593458442,22.286584472656276,0.015871141,0.0770874,6.568636029939796,0,0,0
2020-02-16 03:00:00,1052.3262,25.253442382812523,0.017060684,0.018692017,25.48943822805125,24.276879882812523,0.01622145,0.025909424,14.045941325251304,22.167504882812523,0.015771316,0.07577515,6.481883242654015,0,0,0
2020-02-16 04:00:00,1042.3784999999998,25.185632324218773,0.017121805,0.016479492,25.7491747914648,24.146569824218773,0.016030801,0.027198792,14.066215964113171,22.060632324218773,0.015710367,0.074035645,6.35527282225269,0,0,0
2020-02-16 05:00:00,1026.384,25.162744140625023,0.017190889,0.016784668,26.430617455188216,23.998681640625023,0.015878633,0.014442444,13.57429113065235,21.975244140625023,0.01565738,0.07836914,6.192015980056724,0,0,0
2020-02-16 06:00:00,1002.539,25.214715576171898,0.01723583,0.018081665,27.384780800335463,23.925653076171898,0.015786245,0.0053749084,12.973273137009455,21.910028076171898,0.015618399,0.08016968,6.047888212260784,0,0,0
2020-02-16 07:00:00,1006.3978,25.917169189453148,0.017066453,0.0210495,31.1934113808384,25.253106689453148,0.015754197,0.0022449493,15.139382598261497,22.409356689453148,0.015731309,0.076812744,6.271553038129455,0,0,0
2020-02-16 08:00:00,1045.3431,27.0888610839844,0.016554045,0.042251587,35.10451537212441,27.2451110839844,0.015474485,0.0022058487,17.98747122565454,23.6591735839844,0.015691923,0.05784607,6.589330788700771,0,0,0
2020-02-16 09:00:00,1093.7069,28.260644531250023,0.016385341,0.040908813,35.10119298228049,29.104394531250023,0.014916682,0.0028123856,19.18858527379156,25.393457031250023,0.015301966,0.045455933,6.566905189997345,0,0,0
2020-02-16 10:00:00,1159.7886,29.282159423828148,0.016453698,0.041793823,33.455633262167616,30.688409423828148,0.014580682,0.0026073456,18.824192713719285,26.844659423828148,0.014874414,0.049331665,6.121021158631464,0,0,0
2020-02-16 11:00:00,1189.8894,30.049218750000023,0.016622052,0.04750061,31.407957043160252,31.939843750000023,0.0144934505,0.0024051666,18.077106501870823,27.892968750000023,0.0145697445,0.062469482,5.584323538279993,0,0,0
2020-02-16 12:00:00,1220.4393,30.497491455078148,0.016844515,0.053115845,29.87805568757649,32.79436645507815,0.014532808,0.0031490326,17.362215808495232,28.403741455078148,0.0148189105,0.061080933,5.037576435351676,0,0,0
2020-02-16 13:00:00,1218.8886,30.718621826171898,0.016960422,0.0544281,29.01921158669341,33.2186218261719,0.014606754,0.003973007,17.12415214277445,28.577996826171898,0.014957706,0.055541992,5.0069082106033,0,0,0
2020-02-16 14:00:00,1234.1662,30.700555419921898,0.016991308,0.05758667,28.76320491160728,33.2005554199219,0.01457279,0.0046215057,17.266517519705612,28.450555419921898,0.014919927,0.045928955,5.317762544550537,0,0,0
2020-02-16 15:00:00,1216.1235,30.269433593750023,0.016998487,0.054107666,29.086198314201305,32.58193359375002,0.014545635,0.0046920776,17.393199301968796,27.988183593750023,0.0148202935,0.03704834,5.741411199916648,0,0,0
2020-02-16 16:00:00,1200.1023,29.3679138183594,0.0170364,0.045578003,30.1257744324731,31.2116638183594,0.014568292,0.007703781,17.67989252083677,27.1022888183594,0.014816247,0.036743164,6.294897874483994,0,0,0
2020-02-16 17:00:00,1178.6409,28.106652832031276,0.017142873,0.039535522,30.64436230235455,29.325402832031276,0.014705282,0.01266098,17.090400892704064,25.856652832031276,0.014747243,0.04145813,6.879723993464951,0,0,0
2020-02-16 18:00:00,1195.3183,26.933374023437523,0.017387014,0.030838013,29.58752172200961,27.198999023437523,0.015132529,0.027572632,14.076185381827154,24.284936523437523,0.015040976,0.055404663,6.67921426160786,0,0,0
2020-02-16 19:00:00,1266.1074,26.410821533203148,0.01767693,0.023117065,28.13141001172972,26.035821533203148,0.015693288,0.04953003,13.076231906835686,23.309259033203148,0.015441517,0.08343506,6.099902167864623,0,0,0
2020-02-16 20:00:00,1252.292,26.190209960937523,0.017845044,0.020050049,26.99093475747054,25.557397460937523,0.01612843,0.052947998,12.73026113813144,23.002709960937523,0.015617262,0.09109497,5.867600242431353,0,0,0
2020-02-16 21:00:00,1269.1213,26.088159179687523,0.017883565,0.027526855,27.064136166348707,25.338159179687523,0.016403463,0.04295349,12.75231316620115,22.900659179687523,0.015770223,0.08734131,5.952495083860941,0,0,0
2020-02-16 22:00:00,1250.1639,25.9853454589844,0.017867792,0.026428223,27.02880360588005,25.2119079589844,0.016624201,0.029388428,12.839756557260229,22.8994079589844,0.015907038,0.08416748,6.005193570183117,0,0,0
2020-02-16 23:00:00,1203.5902,25.839562988281276,0.017936418,0.028755188,26.770534931662155,25.144250488281276,0.01678438,0.02419281,13.176475265686422,22.909875488281276,0.015990922,0.08276367,6.053576778790489,0,0,0
2020-02-17 00:00:00,1146.8723,25.7465759277344,0.017868377,0.035873413,27.480325326118265,25.0747009277344,0.016838409,0.028823853,13.345381034136455,22.8950134277344,0.015999176,0.09503174,6.084115881905367,0,0,0
2020-02-17 01:00:00,1115.825,25.647027587890648,0.017815838,0.030090332,27.68160887171413,24.990777587890648,0.01677824,0.034240723,13.53034081344872,22.857965087890648,0.015961895,0.10812378,6.108863291664625,0,0,0
2020-02-17 02:00:00,1096.4228,25.524865722656276,0.017854756,0.023086548,27.03964801356086,24.907678222656276,0.016687458,0.038726807,13.51556551987454,22.829553222656276,0.01591689,0.11883545,6.090689172695375,0,0,0
2020-02-17 03:00:00,1049.2292,25.451989746093773,0.017870324,0.02532959,26.50257957714992,24.842614746093773,0.016611474,0.04032898,13.568663881398464,22.834802246093773,0.01590957,0.122283936,6.148399712374946,0,0,0
2020-02-17 04:00:00,1026.4435,25.432733154296898,0.017863577,0.025848389,25.123093116478667,24.776483154296898,0.01655895,0.038391113,13.853244365691612,22.870233154296898,0.015918082,0.1217041,6.306735089853649,0,0,0
2020-02-17 05:00:00,1063.5448,25.434594726562523,0.017863773,0.029403687,23.959075940993404,24.708032226562523,0.016551517,0.03338623,14.206797222132476,22.918969726562523,0.015918277,0.11975098,6.632529851599678,0,0,0
2020-02-17 06:00:00,1111.3561,25.489709472656276,0.017855464,0.02254486,24.083005340701032,24.700646972656276,0.016550837,0.02733612,14.456159373195987,22.950646972656276,0.01588708,0.11230469,7.075946873902636,0,0,0
2020-02-17 07:00:00,1208.9692,26.157983398437523,0.017748022,0.0127334595,28.160807576737277,25.939233398437523,0.016626501,0.0209198,16.626202789622777,23.548608398437523,0.015909338,0.09613037,7.73194843859583,0,0,0
2020-02-17 08:00:00,1385.1949,27.309533691406276,0.017343098,0.019706726,33.06413146524163,27.887658691406276,0.0164352,0.014392853,19.221129187718827,24.895471191406276,0.015748555,0.076934814,8.154660237038879,0,0,0
2020-02-17 09:00:00,1478.0012,28.525323486328148,0.017090298,0.018348694,34.559547211541954,29.845635986328148,0.016037442,0.007577896,20.316819687919796,26.361260986328148,0.015552974,0.05883789,8.07807281418256,0,0,0
2020-02-17 10:00:00,1544.8569,29.520837402343773,0.01705976,0.01391983,34.660596619328594,31.442712402343773,0.015770392,0.0054397583,21.063010414345896,27.622399902343773,0.015400366,0.04548645,7.847460915625233,0,0,0
2020-02-17 11:00:00,1555.0696,30.232812500000023,0.017159982,0.015853882,34.22088354864043,32.56093750000002,0.0156074,0.006565094,21.57979859775181,28.467187500000023,0.015450997,0.039001465,7.573668923845139,0,0,0
2020-02-17 12:00:00,1561.4265,30.723291015625023,0.017212808,0.011676788,33.61779526452123,33.19204101562502,0.0155572295,0.0065898895,21.91005983665719,28.848291015625023,0.015530527,0.037826538,7.507945406845852,0,0,0
2020-02-17 13:00:00,1565.0393,30.955499267578148,0.017227601,0.010894775,33.218571921559366,33.43987426757815,0.015446139,0.006456375,21.98295771017858,28.924249267578148,0.015537691,0.04182434,7.503420271141745,0,0,0
2020-02-17 14:00:00,1563.0816,30.832604980468773,0.01722725,0.007455826,32.96925908596877,33.05135498046877,0.015373306,0.006357193,21.780859413530777,28.707604980468773,0.015544968,0.04837036,7.394993299748169,0,0,0
2020-02-17 15:00:00,1552.6228,30.295037841796898,0.017204007,0.0027227402,32.786196265003724,32.0762878417969,0.015323361,0.0075702667,21.03487604270194,28.216912841796898,0.015536984,0.049835205,7.154665703791324,0,0,0
2020-02-17 16:00:00,1502.7979,29.423425292968773,0.017196199,0.004091263,32.5130048349647,30.845300292968773,0.015319368,0.007892609,19.407975891324732,27.470300292968773,0.015513917,0.052856445,6.822610633878444,0,0,0
2020-02-17 17:00:00,1375.2628,28.258325195312523,0.017249722,0.009963989,31.18728355072685,29.398950195312523,0.015308042,0.006341934,17.316417837451006,26.461450195312523,0.015472074,0.051193237,6.603463113977108,0,0,0
2020-02-17 18:00:00,1351.367,27.178918457031276,0.017433038,0.019798279,28.821200959638364,27.694543457031276,0.015479913,0.006286621,14.02058665965022,25.124230957031276,0.015594354,0.05303955,6.278428394207924,0,0,0
2020-02-17 19:00:00,1391.3269,26.699517822265648,0.017662281,0.023406982,27.115470248672448,26.777642822265648,0.015854115,0.0059947968,13.258297722411193,24.246392822265648,0.015854115,0.06399536,6.295464790643883,0,0,0
2020-02-17 20:00:00,1367.7411,26.506188964843773,0.017800098,0.023345947,26.13871135777953,26.279626464843773,0.016220814,0.00819397,12.98277044745115,23.779626464843773,0.015930897,0.059951782,6.718607267061291,0,0,0
2020-02-17 21:00:00,1341.8236,26.400231933593773,0.017899863,0.020118713,25.73950672450617,25.947106933593773,0.016488425,0.0058918,12.472221636943242,23.478356933593773,0.015977256,0.05328369,6.61572181656044,0,0,0
2020-02-17 22:00:00,1284.6254,26.242456054687523,0.017961703,0.016860962,25.99654526279571,25.711206054687523,0.016679965,0.0042324066,12.895156270352697,23.328393554687523,0.016039096,0.047210693,6.492446142890595,0,0,0
2020-02-17 23:00:00,1222.4308999999998,26.052941894531276,0.017955203,0.016868591,26.40754037157877,25.529504394531276,0.016803164,0.003911972,13.84703026066582,23.232629394531276,0.016063113,0.044921875,6.559586066584476,0,0,0
2020-02-18 00:00:00,1170.8583,25.866632080078148,0.017948054,0.015808105,25.93666872020688,25.390069580078148,0.01685705,0.0043239594,14.351208423946014,23.186944580078148,0.016063593,0.049118042,6.541850542857537,0,0,0
2020-02-18 01:00:00,1120.5386,25.751184082031276,0.017903065,0.021308899,25.89730982414833,25.290246582031276,0.016850209,0.0030269623,14.527711073602957,23.173059082031276,0.01607201,0.04499817,6.2861491122885615,0,0,0
2020-02-18 02:00:00,1096.5901,25.728540039062523,0.01777474,0.037963867,26.444506011520797,25.205102539062523,0.016805807,0.0020217896,14.576865745200964,23.158227539062523,0.01601235,0.046188354,6.029756553632106,0,0,0
2020-02-18 03:00:00,1085.4182,25.701013183593773,0.017790321,0.052093506,26.55019551867892,25.115075683593773,0.016745094,0.001701355,14.533317361758728,23.122888183593773,0.015944008,0.048538208,6.065292231350816,0,0,0
2020-02-18 04:00:00,1056.9963,25.695886230468773,0.017805355,0.052124023,26.427724568235007,25.047448730468773,0.01660754,0.0052871704,14.482722049948835,23.094323730468773,0.015867488,0.0471344,6.185920263980865,0,0,0
2020-02-18 05:00:00,1071.7505999999998,25.709741210937523,0.017736183,0.043121338,26.01795090954032,24.983178710937523,0.016317116,0.0033006668,14.225899998732094,23.076928710937523,0.015813576,0.042526245,6.314848621937106,0,0,0
2020-02-18 06:00:00,1095.7904,25.750817871093773,0.017583035,0.037124634,25.52899216416443,24.969567871093773,0.016041897,0.0014181137,13.813084792794111,23.071130371093773,0.015774868,0.036636353,6.48265949987227,0,0,0
2020-02-18 07:00:00,1203.9831,26.307702636718773,0.017323049,0.027938843,27.611509262001345,26.253015136718773,0.015987905,0.0007762909,15.899617633180608,23.612390136718773,0.015766652,0.035064697,6.871436557079691,0,0,0
2020-02-18 08:00:00,1362.5135,27.290490722656276,0.017040167,0.016792297,30.01662613016795,28.181115722656276,0.015933905,0.0016212463,18.54589122910877,24.868615722656276,0.015560064,0.033859253,7.123350968518323,0,0,0
2020-02-18 09:00:00,1467.7406999999998,28.431054687500023,0.017009076,0.012130737,30.2096443187152,30.087304687500023,0.015757855,0.0025663376,19.504929562079425,26.274804687500023,0.015345868,0.031799316,6.901712271490488,0,0,0
2020-02-18 10:00:00,1536.7553,29.458093261718773,0.017161168,0.00976944,29.83128609166579,31.739343261718773,0.015597143,0.010097504,19.65065693230365,27.575280761718773,0.015169897,0.033309937,6.517351495348092,0,0,0
2020-02-18 11:00:00,1570.9491,30.315698242187523,0.017351545,0.005771637,29.27316859614284,32.72194824218752,0.015520491,0.044128418,19.45748565112588,28.518823242187523,0.015329756,0.033416748,6.059965221191923,0,0,0
2020-02-18 12:00:00,1571.3427,30.926477050781276,0.017480321,0.0047683716,28.57346360288905,32.81710205078127,0.015534825,0.096954346,18.90581662726448,29.035852050781276,0.015584416,0.029273987,5.712819500759182,0,0,0
2020-02-18 13:00:00,1587.7519,31.295831298828148,0.01748743,0.002940178,28.16981400400982,32.48333129882815,0.015633486,0.10812378,18.374437521285728,29.233331298828148,0.015438938,0.03540039,5.808601706319156,0,0,0
2020-02-18 14:00:00,1599.5439,31.1931091308594,0.017525662,0.0018205643,28.238823580782583,31.9587341308594,0.015740383,0.087677,17.844998750566358,28.9743591308594,0.015408504,0.052978516,5.847435080831264,0,0,0
2020-02-18 15:00:00,1577.6797,30.654107666015648,0.017532596,0.0019464493,28.277503917128243,31.404107666015648,0.015831241,0.04598999,17.558305389039276,28.372857666015648,0.01540781,0.07519531,5.961501559746738,0,0,0
2020-02-18 16:00:00,1521.1883,29.691186523437523,0.017509408,0.0020828247,28.807543529585864,30.816186523437523,0.015869088,0.010387421,17.645046206787004,27.597436523437523,0.0154532865,0.07385254,6.156451641982446,0,0,0
2020-02-18 17:00:00,1387.5133999999998,28.345147705078148,0.017532336,0.003923416,28.97346499098761,29.642022705078148,0.015876757,0.0072956085,16.88335120503621,26.579522705078148,0.015609728,0.07434082,6.380151126112046,0,0,0
2020-02-18 18:00:00,1358.3366,27.085534667968773,0.01767763,0.013217926,27.95046400527819,27.913659667968773,0.016098345,0.007009506,14.04810933597569,25.327722167968773,0.015922869,0.076660156,6.491192678532316,0,0,0
2020-02-18 19:00:00,1415.3426,26.447869873046898,0.017884186,0.017982483,27.22095654939163,26.932244873046898,0.016503265,0.0059375763,13.717065037025248,24.518182373046898,0.0163049,0.07751465,6.690705448470539,0,0,0
2020-02-18 20:00:00,1388.2702000000002,26.207788085937523,0.017991701,0.018539429,26.38639737729905,26.426538085937523,0.01699225,0.00696373,13.926448556285596,24.184350585937523,0.016450563,0.07180786,6.9077453182036574,0,0,0
2020-02-18 21:00:00,1362.9886,26.105523681640648,0.018046107,0.018257141,25.531022568697093,26.175836181640648,0.01738235,0.0070552826,14.427821748457854,24.019586181640648,0.016558375,0.06655884,7.106065901734411,0,0,0
2020-02-18 22:00:00,1311.4824,26.033135986328148,0.01807809,0.017059326,25.005309812094477,25.978448486328148,0.017551662,0.0045700073,14.591616703269612,23.939385986328148,0.016605617,0.065826416,7.203736527771394,0,0,0
2020-02-18 23:00:00,1252.3338,25.970880126953148,0.018178435,0.017974854,24.45553354003014,25.720880126953148,0.017537566,0.0023097992,14.25879858533558,23.892755126953148,0.01660678,0.06939697,7.145532676963197,0,0,0
2020-02-19 00:00:00,1186.807,25.886682128906276,0.01833935,0.019798279,24.26834282308758,25.472619628906276,0.017484859,0.0010409355,14.236570209690578,23.871057128906276,0.016607478,0.07040405,6.985687533970126,0,0,0
2020-02-19 01:00:00,1148.0116,25.748071289062523,0.018546024,0.022148132,24.297129143566337,25.263696289062523,0.017409245,0.0008649826,14.272455948778209,23.857446289062523,0.016600529,0.065979004,6.753353887842398,0,0,0
2020-02-19 02:00:00,1104.8316,25.6633239746094,0.018622952,0.02583313,25.19949285814334,25.1086364746094,0.017310696,0.00079131126,14.249800895504592,23.7961364746094,0.016517239,0.07046509,6.599490432141577,0,0,0
2020-02-19 03:00:00,1072.1149,25.6289001464844,0.01857007,0.028266907,26.23781291453398,25.0039001464844,0.017227296,0.0016207695,14.284219296077664,23.7226501464844,0.016456727,0.0680542,6.448385835093529,0,0,0
2020-02-19 04:00:00,1074.0594,25.591699218750023,0.018486498,0.026672363,26.79268584010135,24.958886718750023,0.0171895,0.0062828064,13.950801801711776,23.708886718750023,0.01644945,0.06314087,6.287249332231816,0,0,0
2020-02-19 05:00:00,1134.2519,25.565820312500023,0.018448483,0.025726318,27.03544335023109,24.917382812500023,0.017159116,0.012016296,13.23360031652938,23.722070312500023,0.016426694,0.060317993,6.154716590411664,0,0,0
2020-02-19 06:00:00,1141.9718,25.617333984375023,0.018425506,0.024917603,27.146855866697816,24.968896484375023,0.017151397,0.021972656,12.629887093879756,23.703271484375023,0.016418975,0.057022095,6.094301967564685,0,0,0
2020-02-19 07:00:00,1255.1951,26.258264160156276,0.01838707,0.02798462,29.108043447806228,26.414514160156276,0.017318955,0.02079773,14.847691859418626,24.266076660156276,0.016449204,0.053878784,6.215514638620071,0,0,0
2020-02-19 08:00:00,1414.5186,27.455041503906276,0.01805054,0.026000977,32.0432986295192,28.595666503906276,0.017279971,0.01828003,17.78797165010122,25.595666503906276,0.016196597,0.044555664,6.363382736155493,0,0,0
2020-02-19 09:00:00,1516.6011999999998,28.712335205078148,0.017889652,0.023895264,31.815623868142843,30.743585205078148,0.01691309,0.008739471,18.805047562895805,27.102960205078148,0.015883122,0.03263855,6.303390625939242,0,0,0
2020-02-19 10:00:00,1557.7329,29.782983398437523,0.017858746,0.026405334,30.143519009585628,32.53298339843752,0.016523601,0.0032377243,18.56296608079638,28.447045898437523,0.015714886,0.030082703,5.779598218687697,0,0,0
2020-02-19 11:00:00,1609.9567,30.513757324218773,0.017904196,0.028022766,28.459258631515137,33.81063232421877,0.016324911,0.0017633438,18.04503019182909,29.373132324218773,0.015897665,0.03390503,5.089522302391505,0,0,0
2020-02-19 12:00:00,1609.159,30.971398925781276,0.017903475,0.03277588,27.69746640734026,34.59639892578127,0.016301302,0.0020637512,17.608676652981003,29.955773925781276,0.016003756,0.046585083,4.856785359569709,0,0,0
2020-02-19 13:00:00,1645.6833,31.180139160156276,0.017826444,0.04156494,27.8159049333424,34.93013916015627,0.016392117,0.0023813248,17.428838495892894,30.227014160156276,0.016209012,0.05455017,4.80872187948074,0,0,0
2020-02-19 14:00:00,1685.5779,30.989282226562523,0.017742112,0.033462524,28.363944847456786,34.70803222656252,0.01652141,0.0030937195,17.49557271704089,30.192407226562523,0.016284898,0.059143066,4.92644052690238,0,0,0
2020-02-19 15:00:00,1684.9201,30.396325683593773,0.017642168,0.020401001,29.047578767866188,33.78695068359377,0.016551165,0.0039863586,17.64245502126181,29.786950683593773,0.016307024,0.056365967,5.045873423300805,0,0,0
2020-02-19 16:00:00,1586.0824,29.452447509765648,0.0175194,0.013317108,29.77602463503828,32.32744750976565,0.016428396,0.0058231354,17.64427358436227,28.968072509765648,0.016313955,0.055114746,5.304769421311472,0,0,0
2020-02-19 17:00:00,1450.0592,28.220574951171898,0.017473273,0.015155792,29.442348326857356,30.486199951171898,0.01636701,0.0079956055,16.842757283188245,27.704949951171898,0.01637464,0.053619385,5.581134964973828,0,0,0
2020-02-19 18:00:00,1454.1158,27.094445800781276,0.017572183,0.020080566,27.82332969238043,28.500695800781276,0.016549844,0.009853363,14.066666716685605,26.125695800781276,0.016801614,0.06222534,5.333247157036425,0,0,0
2020-02-19 19:00:00,1494.8903,26.552819824218773,0.017755289,0.019439697,26.34217626249093,27.380944824218773,0.016923685,0.010112762,13.330650142259833,25.130944824218773,0.01709916,0.06719971,5.199479231066511,0,0,0
2020-02-19 20:00:00,1466.3152,26.306359863281276,0.017862538,0.024101257,25.63553830085511,26.853234863281276,0.017275074,0.008598328,13.154737325588249,24.728234863281276,0.01695464,0.07321167,5.444638290371186,0,0,0
2020-02-19 21:00:00,1430.2327,26.177758789062523,0.017846767,0.028762817,26.16466441015992,26.529321289062523,0.017450038,0.010322571,13.21713093683406,24.427758789062523,0.016961757,0.07623291,5.542155067127402,0,0,0
2020-02-19 22:00:00,1395.0288999999998,25.9987731933594,0.01791531,0.029907227,27.121173709013632,26.2331481933594,0.017495694,0.009346008,13.219718631399058,24.2175231933594,0.016877713,0.079559326,5.655436575553423,0,0,0
2020-02-19 23:00:00,1349.4845,25.781640625000023,0.017984668,0.032699585,27.634742000860104,25.945703125000023,0.017488757,0.01089859,13.123389253142726,23.969140625000023,0.016710559,0.07998657,5.638245452517735,0,0,0
2020-02-20 00:00:00,1289.6555999999998,25.586206054687523,0.01806251,0.036010742,27.658314508483617,25.695581054687523,0.01742164,0.019882202,12.675377148315974,23.695581054687523,0.016559519,0.077423096,5.529686151328115,0,0,0
2020-02-20 01:00:00,1239.4978,25.445581054687523,0.0180877,0.036117554,27.57179869453484,25.484643554687523,0.017286614,0.0236969,12.292854745807164,23.437768554687523,0.016470268,0.07803345,5.513697435763679,0,0,0
2020-02-20 02:00:00,1196.9598,25.3452087402344,0.01804268,0.03477478,27.265222921909977,25.2670837402344,0.017195817,0.018821716,11.789044968457391,23.2358337402344,0.016371842,0.090789795,5.505287746216371,0,0,0
2020-02-20 03:00:00,1163.2612,25.258447265625023,0.017934246,0.037734985,27.05760943830081,25.086572265625023,0.017095013,0.0238266,11.581879076519286,23.086572265625023,0.016309185,0.084625244,5.498563658688948,0,0,0
2020-02-20 04:00:00,1109.5308,25.183862304687523,0.017857132,0.043167114,26.064932897069024,24.941674804687523,0.01701027,0.021392822,11.026430932430769,22.988549804687523,0.016277848,0.07775879,5.124611954303462,0,0,0
2020-02-20 05:00:00,1113.201,25.175164794921898,0.017841643,0.037643433,24.73305827739323,24.807977294921898,0.016918486,0.02495575,10.413506166861184,22.909539794921898,0.016254729,0.07723999,4.785532427018585,0,0,0
2020-02-20 06:00:00,1117.9668,25.265527343750023,0.017856965,0.028717041,23.1523763207338,24.804589843750023,0.016834626,0.026657104,10.02450246741644,22.867089843750023,0.016186127,0.083618164,4.654684678736635,0,0,0
2020-02-20 07:00:00,1222.8037,26.098474121093773,0.017811617,0.042892456,25.33928075478706,26.340661621093773,0.016873201,0.035476685,12.65645849437642,23.465661621093773,0.016156038,0.09063721,4.78981086397369,0,0,0
2020-02-20 08:00:00,1390.757,27.427514648437523,0.01721791,0.078948975,30.26087937110388,28.302514648437523,0.016531264,0.046432495,15.21838656201048,24.841577148437523,0.015882766,0.09094238,4.720956216387301,0,0,0
2020-02-20 09:00:00,1462.3895,28.621911621093773,0.016906984,0.07562256,31.23831259963101,30.207849121093773,0.016060121,0.043823242,15.928852663263878,26.582849121093773,0.015545137,0.0881958,4.517016205629165,0,0,0
2020-02-20 10:00:00,1574.0158,29.494592285156276,0.016723556,0.062164307,31.82241215758705,31.900842285156276,0.015815658,0.03982544,15.919234478051624,28.189904785156276,0.015331192,0.08114624,3.906607283465299,0,0,0
2020-02-20 11:00:00,1589.317,30.1682067871094,0.016646583,0.057159424,31.96301382738629,33.1838317871094,0.015738685,0.034469604,15.404162570140084,29.3088317871094,0.015746314,0.06375122,2.834114121583055,0,0,0
2020-02-20 12:00:00,1583.6087,30.508966064453148,0.016645798,0.05128479,31.378224435904595,34.11834106445315,0.015676865,0.039413452,14.84341090278794,30.118341064453148,0.015646348,0.068481445,2.091474461431706,0,0,0
2020-02-20 13:00:00,1603.5906,30.556726074218773,0.016614454,0.050720215,30.44934424084147,34.61922607421877,0.015557782,0.052505493,14.500700656142206,30.400476074218773,0.015676038,0.071777344,1.7016147637025385,0,0,0
2020-02-20 14:00:00,1635.6343,30.340112304687523,0.016522098,0.056274414,29.85196330452598,34.59011230468752,0.015438724,0.05180359,14.269976874201108,30.261987304687523,0.015850712,0.07736206,1.5279313719539145,0,0,0
2020-02-20 15:00:00,1555.2413,29.845361328125023,0.016392017,0.07022095,29.66612281329391,34.06411132812502,0.015316272,0.045837402,14.048254943211376,29.720361328125023,0.01609447,0.08175659,1.2353450218298934,0,0,0
2020-02-20 16:00:00,1502.5116,29.004357910156276,0.016322505,0.06555176,30.07727955386471,32.91060791015627,0.015239132,0.045928955,14.072006552308135,28.879357910156276,0.016269099,0.098236084,1.2161410886139656,0,0,0
2020-02-20 17:00:00,1406.7305,27.934045410156276,0.016397817,0.059143066,29.579075670637454,31.074670410156276,0.01533733,0.036880493,13.422049427253526,27.621545410156276,0.016451223,0.09667969,1.5324903727131023,0,0,0
2020-02-20 18:00:00,1366.8386,26.870019531250023,0.016756268,0.049301147,27.78759785376242,28.791894531250023,0.015703412,0.02936554,11.236338995681775,25.948144531250023,0.01699278,0.11645508,1.494662965911744,0,0,0
2020-02-20 19:00:00,1403.3114,26.304986572265648,0.017237823,0.039520264,26.051733914766984,27.304986572265648,0.016116302,0.02986908,10.788524061906068,24.851861572265648,0.0172836,0.14160156,1.620309738112683,0,0,0
2020-02-20 20:00:00,1374.7285000000002,26.033013916015648,0.01747639,0.04763794,25.24599270587469,26.439263916015648,0.016545603,0.055404663,10.627542485035768,24.220513916015648,0.01708729,0.15765381,1.974254205383096,0,0,0
2020-02-20 21:00:00,1347.8767,25.891564941406276,0.017505012,0.050201416,25.406728907501986,25.829064941406276,0.01677259,0.07092285,10.523733792286285,23.727502441406276,0.016963325,0.15179443,2.304523277509461,0,0,0
2020-02-20 22:00:00,1303.7806,25.7446228027344,0.017572045,0.0382843,25.38226226463864,25.3774353027344,0.016824365,0.07711792,9.784450503179515,23.3383728027344,0.016687036,0.13421631,3.212346074019832,0,0,0
2020-02-20 23:00:00,1255.2243,25.574243164062523,0.017624618,0.037139893,25.33645643692649,24.996118164062523,0.016793014,0.0743103,8.654706188484065,23.019555664062523,0.016541244,0.103515625,3.780438871791804,0,0,0
2020-02-21 00:00:00,1192.692,25.421472167968773,0.017571999,0.04333496,24.326408786105503,24.624597167968773,0.016694618,0.06954956,7.841761738129562,22.733972167968773,0.01641996,0.08755493,3.935334116748299,0,0,0
2020-02-21 01:00:00,1151.8518,25.288293457031276,0.01755146,0.049179077,22.14884263022333,24.163293457031276,0.016590156,0.060394287,6.874766483849361,22.491418457031276,0.016262092,0.08230591,3.9930416284880352,0,0,0
2020-02-21 02:00:00,1116.6339,25.169824218750023,0.017507287,0.04951477,21.68512849797374,23.787011718750023,0.016545983,0.058929443,6.317042297158872,22.302636718750023,0.016111108,0.07852173,4.028167241409927,0,0,0
2020-02-21 03:00:00,1093.2381,25.032403564453148,0.01744836,0.04562378,22.194177101041227,23.469903564453148,0.016509945,0.05973816,6.106036441937882,22.094903564453148,0.015914852,0.07803345,4.177687614789155,0,0,0
2020-02-21 04:00:00,1072.7997,24.957482910156276,0.017312495,0.043563843,22.191917143938635,23.254357910156276,0.016480891,0.065093994,6.138693758288031,21.926232910156276,0.015771357,0.079193115,4.341430885858744,0,0,0
2020-02-21 05:00:00,1093.5626,24.974938964843773,0.017197631,0.044540405,21.78787427570899,23.107751464843773,0.016472839,0.06463623,6.299006983289105,21.803063964843773,0.015648864,0.08093262,4.417687778594484,0,0,0
2020-02-21 06:00:00,1124.0454,25.044061279296898,0.017204452,0.041030884,21.5537954152339,23.176873779296898,0.016494919,0.06881714,6.720790989508468,21.747186279296898,0.015575577,0.08514404,4.469157994992356,0,0,0
2020-02-21 07:00:00,1193.436,25.797875976562523,0.017143948,0.054336548,24.64473586755284,25.251000976562523,0.016587002,0.07223511,11.015093841083736,22.321313476562523,0.015747769,0.08456421,4.882272085328657,0,0,0
2020-02-21 08:00:00,1377.4384,26.990014648437523,0.016686749,0.07720947,28.76086465695059,27.779077148437523,0.01604588,0.073150635,14.87979715393611,23.466577148437523,0.015824627,0.0680542,5.148673321846868,0,0,0
2020-02-21 09:00:00,1439.1814,28.155480957031276,0.016381541,0.08364868,29.48954197571573,29.913293457031276,0.015282908,0.079193115,15.808520605371925,25.350793457031276,0.0153324995,0.050338745,5.099823051075666,0,0,0
2020-02-21 10:00:00,1535.0522999999998,29.166375732421898,0.016152201,0.072265625,29.28199834789445,31.541375732421898,0.014912425,0.07354736,15.671181479233724,27.221063232421898,0.014519511,0.052627563,4.983354414488091,0,0,0
2020-02-21 11:00:00,1551.7413,29.955041503906276,0.01589933,0.06665039,28.89209841513901,32.79879150390627,0.014903695,0.0622406,15.029897603125884,28.408166503906276,0.014342935,0.0692749,4.521764156773055,0,0,0
2020-02-21 12:00:00,1561.6915,30.3991638183594,0.015745644,0.07626343,28.895306627845077,33.7116638183594,0.014898781,0.055892944,14.475485079054373,29.0397888183594,0.014902595,0.090789795,3.7284937277341217,0,0,0
2020-02-21 13:00:00,1573.9029,30.526696777343773,0.01565327,0.072906494,29.372895183068813,34.21419677734377,0.014699594,0.05706787,14.377773727175342,29.370446777343773,0.015149728,0.092803955,3.320962472284929,0,0,0
2020-02-21 14:00:00,1581.7206,30.380212402343773,0.015594924,0.060821533,29.892972169997584,34.16146240234377,0.014488662,0.04296875,14.394197105390695,29.411462402343773,0.015118087,0.08581543,3.20594027177665,0,0,0
2020-02-21 15:00:00,1549.7927,29.955163574218773,0.015490786,0.056884766,29.986661463434977,33.67391357421877,0.014277712,0.032852173,14.398702181506454,29.064538574218773,0.015055911,0.08441162,3.2815415825035017,0,0,0
2020-02-21 16:00:00,1474.1693,29.081628417968773,0.015531745,0.06997681,29.91618981564894,32.59725341796877,0.014173713,0.04685974,14.315454484265054,28.222253417968773,0.015112128,0.081970215,3.499184520270405,0,0,0
2020-02-21 17:00:00,1353.6326,27.916589355468773,0.015825389,0.06561279,29.014703388029183,30.697839355468773,0.014284251,0.023727417,13.314220512857306,26.807214355468773,0.015504954,0.078948975,4.04077968080072,0,0,0
2020-02-21 18:00:00,1336.7688,26.820764160156276,0.016329238,0.05480957,26.58748997955779,28.461389160156276,0.014742323,0.014213562,11.036373391117838,25.039514160156276,0.016260574,0.10449219,4.781607850090758,0,0,0
2020-02-21 19:00:00,1371.2031,26.236718750000023,0.016826214,0.0637207,24.012478483588584,27.033593750000023,0.015277447,0.02155304,11.346578248602537,24.017968750000023,0.016269268,0.12036133,5.858006090092643,0,0,0
2020-02-21 20:00:00,1358.7625,25.9548278808594,0.01711001,0.07009888,22.230862254358595,26.1813903808594,0.015942713,0.02998352,11.614151195658057,23.4938903808594,0.01610293,0.110321045,6.327170338146037,0,0,0
2020-02-21 21:00:00,1318.927,25.813500976562523,0.017247396,0.07003784,21.16365370244725,25.618188476562523,0.01643105,0.03277588,10.733462216411024,23.133813476562523,0.01604958,0.102630615,6.0476554899186885,0,0,0
2020-02-21 22:00:00,1267.1731,25.710809326171898,0.017331328,0.06826782,20.789738133750557,25.304559326171898,0.016652312,0.035110474,10.16091530469089,22.898309326171898,0.01592752,0.10147095,5.886712243899855,0,0,0
2020-02-21 23:00:00,1196.7891,25.622247314453148,0.017353868,0.06921387,21.34295835487411,25.098809814453148,0.016735887,0.041107178,9.865669373638132,22.692559814453148,0.015782213,0.108184814,5.93520698681338,0,0,0
2020-02-22 00:00:00,1162.9965,25.490655517578148,0.017330375,0.080718994,22.40323087007695,24.920343017578148,0.01675054,0.042770386,9.804241726046635,22.506280517578148,0.015651908,0.112854004,5.824266821434539,3,1,0
2020-02-22 01:00:00,1117.9296,25.313073730468773,0.017223006,0.08190918,23.15271050093356,24.719323730468773,0.016727095,0.04081726,9.949953525760556,22.313073730468773,0.01552165,0.11248779,5.793423067516596,3,1,0
2020-02-22 02:00:00,1083.2062,25.169000244140648,0.01702416,0.06713867,23.76092212621568,24.465875244140648,0.016665578,0.03982544,9.90935175233422,22.106500244140648,0.015395284,0.10638428,5.679388001742866,3,1,0
2020-02-22 03:00:00,1056.1933,25.080346679687523,0.01673372,0.051345825,23.839396872859822,24.306909179687523,0.016550615,0.056518555,10.120016168423128,21.908471679687523,0.015261248,0.099243164,5.65954507691211,3,1,0
2020-02-22 04:00:00,1051.2562,25.003045654296898,0.016511805,0.048217773,22.803893911230347,24.378045654296898,0.016305812,0.10220337,10.725356025388525,21.760858154296898,0.0151614025,0.0881958,5.658592836537143,3,1,0
2020-02-22 05:00:00,1046.2197,24.998132324218773,0.016328106,0.050247192,22.003536051164204,24.334069824218773,0.016045818,0.095947266,10.863515053612636,21.716882324218773,0.0150959585,0.07937622,5.625308707349181,3,1,0
2020-02-22 06:00:00,1025.9436999999998,25.002404785156276,0.016251415,0.042938232,20.52958482652326,24.244592285156276,0.015877575,0.0826416,10.842548860101642,21.744592285156276,0.015068859,0.071502686,5.495494005873477,3,1,0
2020-02-22 07:00:00,1066.3884,25.827539062500023,0.016037814,0.040893555,23.587071954333503,25.405664062500023,0.015770786,0.064697266,13.468778747386304,22.390039062500023,0.015076511,0.06567383,5.740272300986909,3,1,0
2020-02-22 08:00:00,1158.2919,26.935876464843773,0.01558817,0.04827881,27.065743628236305,27.490563964843773,0.015279179,0.05479431,16.17478430013092,23.904626464843773,0.0148748215,0.052520752,6.0653309486961975,3,1,0
2020-02-22 09:00:00,1226.1651000000002,27.895562744140648,0.015337098,0.04484558,27.007019351240544,29.598687744140648,0.0146046765,0.04714966,16.60869882465057,25.801812744140648,0.0144787915,0.039855957,6.085196521002321,3,1,0
2020-02-22 10:00:00,1279.4376,28.754418945312523,0.015101168,0.040390015,26.2025019492116,31.332543945312523,0.014109347,0.039245605,16.195280532032488,27.465356445312523,0.013987277,0.03416443,5.717519639035261,3,1,0
2020-02-22 11:00:00,1304.2065,29.501092529296898,0.014853284,0.034194946,25.4763107666381,32.6885925292969,0.013888165,0.029182434,15.504920247453155,28.704217529296898,0.013911054,0.0335083,5.038362562671254,3,1,0
2020-02-22 12:00:00,1293.4942,29.989953613281276,0.014708346,0.03744507,25.138769037887165,33.61495361328127,0.013727969,0.020606995,15.031191903555216,29.427453613281276,0.01421625,0.036727905,4.294197785461972,3,1,0
2020-02-22 13:00:00,1301.4580999999998,30.217065429687523,0.0145977205,0.048690796,25.19474661428465,34.01394042968752,0.013644046,0.012081146,14.923017728659405,29.810815429687523,0.014044589,0.051940918,3.8967079500002586,3,1,0
2020-02-22 14:00:00,1286.5911999999998,30.149468994140648,0.014535718,0.046142578,25.46861234625377,33.83696899414065,0.013624005,0.0064315796,14.920363030810996,29.774468994140648,0.013952069,0.0697937,3.711578948467949,3,1,0
2020-02-22 15:00:00,1271.7583,29.841180419921898,0.014530558,0.03161621,25.785315553022524,33.0130554199219,0.013607401,0.0032567978,15.059769682927826,29.309930419921898,0.0139965005,0.07119751,4.185891015968369,3,1,0
2020-02-22 16:00:00,1251.7058,29.153344726562523,0.014628785,0.020011902,25.88013822539265,31.606469726562523,0.013579743,0.0016064644,15.698013218829786,28.340844726562523,0.014163392,0.062561035,5.056326497068648,3,1,0
2020-02-22 17:00:00,1216.4239,28.021325683593773,0.0148801375,0.017692566,25.668790339346955,29.677575683593773,0.013606029,0.0025501251,15.837930814668765,27.021325683593773,0.0144033,0.04978943,5.857215891259787,3,1,0
2020-02-22 18:00:00,1234.9542,26.841119384765648,0.015315005,0.013591766,24.043875224077663,27.497369384765648,0.013899752,0.014350891,13.063210056116178,25.450494384765648,0.014639803,0.04399109,6.544736780129449,3,1,0
2020-02-22 19:00:00,1290.0327,26.168908691406276,0.015822878,0.009021759,22.4116778451103,26.184533691406276,0.0143809235,0.023986816,12.070640279226629,24.332971191406276,0.014819614,0.06071472,6.6510547403811,3,1,0
2020-02-22 20:00:00,1259.8657,25.832086181640648,0.016129209,0.0068950653,20.81844483297616,25.410211181640648,0.014839841,0.020843506,11.415535911381602,23.675836181640648,0.0150610935,0.07525635,6.43112465427686,3,1,0
2020-02-22 21:00:00,1231.9858,25.600030517578148,0.016230175,0.004852295,20.19048015505331,24.967218017578148,0.015093396,0.025520325,10.979095932058868,23.264093017578148,0.015215467,0.08312988,6.317930753670755,3,1,0
2020-02-22 22:00:00,1163.2356,25.384912109375023,0.016186677,0.0026359558,19.666740589757232,24.525537109375023,0.015217744,0.031417847,10.496066092201652,23.002099609375023,0.015305482,0.08074951,6.335060896245834,3,1,0
2020-02-22 23:00:00,1145.518,25.1525817871094,0.016134685,0.0012192726,19.2290714471787,24.1291442871094,0.015249676,0.03503418,10.66031705774873,22.7853942871094,0.015310711,0.07305908,6.498639469076251,3,1,0
2020-02-23 00:00:00,1096.1568,24.920465087890648,0.01607338,0.00044596195,19.402686918144987,23.803277587890648,0.015222702,0.034820557,11.06631972753416,22.553277587890648,0.015241776,0.061553955,6.702774401479139,4,1,0
2020-02-23 01:00:00,1050.9528,24.682183837890648,0.016019652,0.00014030933,19.303499424375246,23.479058837890648,0.015153714,0.032333374,11.253934614681366,22.346246337890648,0.0151499,0.057922363,6.788424265616415,4,1,0
2020-02-23 02:00:00,1014.6855,24.469262695312523,0.015973601,9.563565e-05,19.32168821552731,23.156762695312523,0.015050445,0.029418945,11.17008063059284,22.195825195312523,0.0149779655,0.04838562,6.747602723715279,4,1,0
2020-02-23 03:00:00,987.9417,24.301690673828148,0.015919961,0.0001834631,19.542378782570083,22.817315673828148,0.014947213,0.02733612,10.590467722994903,22.004815673828148,0.014752664,0.045410156,6.683995526899556,4,1,0
2020-02-23 04:00:00,969.6099,24.182031250000023,0.01585102,0.0006682873,18.9458463197989,22.471093750000023,0.014870644,0.025901794,9.388892063187985,21.822656250000023,0.014531136,0.0415802,6.548620943682577,4,1,0
2020-02-23 05:00:00,965.6636,24.091210937500023,0.015751256,0.0032682419,17.968350088960133,22.177148437500023,0.014812839,0.023414612,8.463477466202818,21.638085937500023,0.014339817,0.03303528,6.370780068726438,4,1,0
2020-02-23 06:00:00,932.3127,24.226434326171898,0.015609653,0.008777618,18.045521281411386,22.156121826171898,0.014781863,0.020744324,8.315161794257095,21.476434326171898,0.014255435,0.027015686,6.178020026048858,4,1,0
2020-02-23 07:00:00,929.5131,25.369287109375023,0.01534632,0.014621735,21.507455939993047,24.322412109375023,0.014804633,0.017662048,12.325712060380534,22.158349609375023,0.01415232,0.020355225,6.630063769694072,4,1,0
2020-02-23 08:00:00,983.5483,26.467126464843773,0.015014576,0.014373779,22.835986759055665,27.037438964843773,0.014251636,0.013027191,15.8279301972372,23.732751464843773,0.013778614,0.0073394775,6.851168873875063,4,1,0
2020-02-23 09:00:00,1001.5092,27.525170898437523,0.014820234,0.012702942,21.564839164900068,29.282983398437523,0.013324873,0.007858276,16.50496565571667,25.626733398437523,0.013099805,0.0020942688,6.356720547433564,4,1,0
2020-02-23 10:00:00,1044.1741,28.5039001464844,0.014419802,0.010093689,21.812142208629854,31.2226501464844,0.012668856,0.004026413,16.134400875197148,27.4179626464844,0.01231409,0.00083994865,5.526291609087367,4,1,0
2020-02-23 11:00:00,1074.4196,29.265832519531276,0.014087831,0.008491516,22.76229354538529,32.75020751953127,0.012458955,0.0016264915,15.32254413884061,28.859582519531276,0.011802827,0.0003399849,4.542713656819995,4,1,0
2020-02-23 12:00:00,1105.6815,29.793115234375023,0.013885293,0.008049011,23.32431172523757,33.79311523437502,0.012466226,0.0008018017,14.457060486156603,29.714990234375023,0.012111459,0.00014150143,3.41446368132154,4,1,0
2020-02-23 13:00:00,1106.3071,30.045312500000023,0.013705738,0.007730484,23.7332258814976,34.27968750000002,0.012523182,0.0006747246,13.93045944496808,30.232812500000023,0.011992939,5.8099627e-05,2.6734801119023093,4,1,0
2020-02-23 14:00:00,1109.502,29.980676269531276,0.013599013,0.0075855255,24.125763895066783,34.18380126953127,0.012664412,0.00064873695,13.857086907949409,30.261926269531276,0.012099837,3.2305717e-05,2.449605930516348,4,1,0
2020-02-23 15:00:00,1083.7053,29.573144531250023,0.013572006,0.007789612,24.651244627692453,33.41689453125002,0.012919692,0.00065612793,14.203496572336372,29.791894531250023,0.012267379,0.00019484758,2.7752633562645466,4,1,0
2020-02-23 16:00:00,1073.1319,28.774621582031276,0.013640603,0.008655548,25.737859651369494,31.899621582031276,0.013148507,0.00066661835,15.195343840343645,28.868371582031276,0.0123626795,0.0025091171,3.753654149191255,4,1,0
2020-02-23 17:00:00,1057.9506,27.591912841796898,0.013804951,0.008426666,26.46256966705594,29.732537841796898,0.013328114,0.0008172989,16.227253686530915,27.326287841796898,0.012832203,0.004878998,5.0538053999323855,4,1,0
2020-02-23 18:00:00,1091.4312,26.354302978515648,0.014110542,0.0072841644,25.70865485964567,27.307427978515648,0.013610817,0.0030002594,14.96736128001604,25.291802978515648,0.013671852,0.0050468445,6.0505103818134325,4,1,0
2020-02-23 19:00:00,1156.1417,25.6599060058594,0.014521949,0.0055007935,24.654093299212,25.8630310058594,0.014018409,0.011928558,14.034070285707552,23.9567810058594,0.013701789,0.0022039413,6.844794348893903,4,1,0
2020-02-23 20:00:00,1164.5873,25.307000732421898,0.01483058,0.003329277,23.524198317777817,25.080438232421898,0.014418593,0.012958527,13.27795806514084,23.189813232421898,0.014056196,0.0037612915,6.641298972002575,4,1,0
2020-02-23 21:00:00,1124.563,25.070886230468773,0.015013885,0.001613617,22.38458153185905,24.641198730468773,0.014666747,0.012634277,12.324900306778204,22.656823730468773,0.014250945,0.0077610016,6.410503839696204,4,1,0
2020-02-23 22:00:00,1096.2682,24.865686035156276,0.015086521,0.0005891323,21.888058769548724,24.287561035156276,0.01479279,0.014533997,11.937811364711848,22.295373535156276,0.014369358,0.016601562,6.374193153933089,4,1,0
2020-02-23 23:00:00,1062.9421,24.661401367187523,0.015093942,0.00024276972,21.654247827495865,23.989526367187523,0.014826913,0.01612091,11.979480709481845,22.005151367187523,0.014449258,0.025466919,6.3363506110025005,4,1,0
2020-02-24 00:00:00,1002.4498,24.448144531250023,0.015090504,0.0002374053,21.609006911181734,23.721582031250023,0.014766254,0.017967224,12.059821081400042,21.791894531250023,0.014495411,0.028244019,6.336682933978465,5,1,0
2020-02-24 01:00:00,972.9388,24.252893066406276,0.0151058,0.0003631115,21.43695751693808,23.440393066406276,0.014644221,0.018287659,11.862163665151805,21.620080566406276,0.014560298,0.032989502,6.255762782070199,5,1,0
2020-02-24 02:00:00,953.6988,24.106347656250023,0.015094456,0.002653122,21.245809343794168,23.161035156250023,0.014533696,0.01990509,11.476007035889834,21.457910156250023,0.014594731,0.042388916,6.230774134120479,5,1,0
2020-02-24 03:00:00,931.2794,24.017266845703148,0.015079664,0.0052433014,21.072813437852183,22.915704345703148,0.014446424,0.021209717,11.109009524743852,21.345391845703148,0.0146333445,0.055023193,6.25030915373087,5,1,0
2020-02-24 04:00:00,923.8571,23.900781250000023,0.015095178,0.00412941,19.792782664533775,22.682031250000023,0.014358941,0.022613525,10.491710616896617,21.283593750000023,0.014656488,0.058761597,6.008448432035079,5,1,0
2020-02-24 05:00:00,925.5955,23.779656982421898,0.015102777,0.0028953552,17.980076941133543,22.256219482421898,0.014274987,0.024307251,9.105885796735455,21.217156982421898,0.014675531,0.059753418,5.631089446798828,5,1,0
2020-02-24 06:00:00,920.364,23.810571289062523,0.0151176825,0.0029916763,17.117847805754568,22.099633789062523,0.014221229,0.022163391,8.782107951651637,21.240258789062523,0.014667548,0.06387329,5.394910416588504,5,1,0
2020-02-24 07:00:00,942.5303,24.963555908203148,0.014972748,0.005306244,20.47175213551705,24.213555908203148,0.014286103,0.017486572,12.818406990331342,22.096368408203148,0.01464087,0.06500244,5.821803349593063,5,1,0
2020-02-24 08:00:00,1022.3523,26.208123779296898,0.014599362,0.0029354095,23.695688053403696,26.879998779296898,0.014053861,0.011981964,15.689506104611471,23.950311279296898,0.014458219,0.042007446,5.86048624228158,5,1,0
2020-02-24 09:00:00,1058.4544,27.291955566406276,0.014523811,0.0031223297,22.97442512000521,29.190393066406276,0.013360328,0.00623703,15.399164687452664,26.088830566406276,0.014050788,0.026817322,5.236794566715824,5,1,0
2020-02-24 10:00:00,1108.5793,28.2648864746094,0.014593253,0.0008609295,21.80472477099556,31.2180114746094,0.012746939,0.0029649734,14.134598621975288,27.9601989746094,0.013433585,0.02279663,4.023749921501849,5,1,0
2020-02-24 11:00:00,1147.9815,29.056237792968773,0.01466601,0.0010070801,21.16758951092743,32.86092529296877,0.012422968,0.0014824867,12.498058247621408,29.454675292968773,0.013101984,0.02155304,2.602533124333634,5,1,0
2020-02-24 12:00:00,1150.1675,29.612908935546898,0.014742077,0.0043315887,20.867178096333525,33.9879089355469,0.012422741,0.0007920265,10.79715977515407,30.362908935546898,0.013815106,0.025802612,1.1121036637926325,5,1,0
2020-02-24 13:00:00,1161.4992,29.900201416015648,0.014799085,0.015544891,20.38635973709083,34.61895141601565,0.0122852,0.00054597855,9.6757715671631,30.931451416015648,0.013811079,0.029556274,0.7545346170375173,5,1,0
2020-02-24 14:00:00,1180.5105,29.846124267578148,0.014821881,0.027915955,19.87435704756758,34.76799926757815,0.012014264,0.00038409233,9.134261870230151,31.142999267578148,0.013452405,0.040252686,1.7680227638047843,5,1,0
2020-02-24 15:00:00,1181.748,29.541345214843773,0.014786996,0.024398804,19.568138656399444,34.40072021484377,0.0119068995,0.00030124187,9.02379103406461,30.666345214843773,0.013703622,0.055541992,2.8296704414481204,5,1,0
2020-02-24 16:00:00,1141.7735,28.909783935546898,0.014732622,0.0332489,19.307219725286902,33.3941589355469,0.012058519,0.00048661232,9.012367600990908,29.378533935546898,0.014332078,0.067871094,3.3297929049867494,5,1,0
2020-02-24 17:00:00,1127.7016,27.903710937500023,0.014781277,0.02419281,18.849285640385208,31.544335937500023,0.012580196,0.0006787777,8.542481178216068,27.919335937500023,0.014785091,0.079711914,3.3965112275547744,5,1,0
2020-02-24 18:00:00,1153.0531,26.762414550781276,0.014963557,0.009815216,17.578039921669113,28.512414550781276,0.013777186,0.0012135506,6.040368359556263,26.449914550781276,0.014913966,0.093048096,3.3681012026041137,5,1,0
2020-02-24 19:00:00,1216.7332,25.988092041015648,0.01524899,0.004644394,16.650691085082318,26.847467041015648,0.014058804,0.0018162727,7.186726709314371,25.456842041015648,0.015329098,0.08526611,2.9632382547410803,5,1,0
2020-02-24 20:00:00,1198.9097,25.467492675781276,0.015519341,0.0035114288,15.20453878198066,25.701867675781276,0.01414605,0.0020284653,8.209237691822242,24.850305175781276,0.01577874,0.07446289,2.5918647275435496,5,1,0
2020-02-24 21:00:00,1187.0736000000002,25.084069824218773,0.015762549,0.0026226044,12.990613524152227,24.849694824218773,0.01443122,0.0016646385,7.991577053528935,24.248132324218773,0.015346747,0.062408447,2.457340772870387,5,1,0
2020-02-24 22:00:00,1134.5014,24.742700195312523,0.015952742,0.0018224716,10.784057485172536,24.211450195312523,0.014751112,0.0010194778,7.277157351553057,23.875512695312523,0.015384352,0.042495728,2.3012170070042286,5,1,0
2020-02-24 23:00:00,1067.8735,24.423364257812523,0.016051611,0.0012216568,9.240614167646678,23.704614257812523,0.014952979,0.0006301403,6.818311335564618,23.478051757812523,0.015364966,0.026176453,2.31386680728603,5,1,0
2020-02-25 00:00:00,1034.5607,24.128991699218773,0.016028954,0.0008261204,8.4384575872624,23.277429199218773,0.015082908,0.00044333935,6.425075206984372,23.058679199218773,0.015307975,0.020080566,2.475603628242079,6,1,0
2020-02-25 01:00:00,996.5772,23.881555175781276,0.015953131,0.00057578087,8.245893004055182,22.904992675781276,0.015155859,0.0003349781,6.105225457379687,22.647180175781276,0.015216894,0.018043518,2.7707399299959703,6,1,0
2020-02-25 02:00:00,960.6581,23.683923339843773,0.01583132,0.00040447712,8.772612965971566,22.597985839843773,0.015175192,0.00024205446,6.169795922191964,22.277673339843773,0.015060751,0.019752502,3.013930108706039,6,1,0
2020-02-25 03:00:00,934.2205,23.541101074218773,0.015686607,0.0003310442,9.875429110317944,22.330163574218773,0.015190696,0.00016826391,6.309420354490242,22.017663574218773,0.014881706,0.021202087,3.106991399634631,6,1,0
2020-02-25 04:00:00,916.6259,23.418267822265648,0.015552915,0.00023752451,10.44110203155303,22.035455322265648,0.015205777,0.000116199255,5.951820223339014,21.871392822265648,0.014717496,0.021896362,3.052884623221958,6,1,0
2020-02-25 05:00:00,916.1541,23.297875976562523,0.015441897,0.00017607212,10.226468491439087,21.758813476562523,0.015209201,9.953976e-05,5.444586078894851,21.743188476562523,0.014568332,0.023590088,2.9618804187165644,6,1,0
2020-02-25 06:00:00,898.0303,23.363000488281276,0.015414902,9.8615885e-05,9.87548887177455,21.777062988281276,0.015189835,9.715557e-05,5.609585385428333,21.628625488281276,0.014468857,0.022033691,2.945674718950774,6,1,0
2020-02-25 07:00:00,894.5818,24.612481689453148,0.01536901,4.900992e-05,13.150444731063503,23.846856689453148,0.0150371315,6.687641e-05,8.72236835829765,22.378106689453148,0.014586997,0.016807556,2.859604653063089,6,1,0
2020-02-25 08:00:00,967.1454,25.8156677246094,0.015143954,0.0001026392,13.81694565979481,26.5734802246094,0.014159762,4.4047832e-05,8.768955085297442,24.3625427246094,0.014358127,0.010585785,2.340346885425489,6,1,0
2020-02-25 09:00:00,967.3002,26.948632812500023,0.015052404,0.0007276535,12.243733287758982,29.276757812500023,0.013110723,2.8923154e-05,7.392703196184397,26.386132812500023,0.014224615,0.0055999756,1.687599789529965,6,1,0
2020-02-25 10:00:00,1021.2279,28.061059570312523,0.014800497,0.0017166138,11.30428103482727,31.811059570312523,0.012862631,1.9617379e-05,5.976825649078074,28.123559570312523,0.014003226,0.0086250305,1.1272920481668782,6,1,0
2020-02-25 11:00:00,1088.4434,29.177331542968773,0.01466661,0.0078315735,10.643480223340882,33.59920654296877,0.013175064,2.8781593e-05,4.5306497868236,29.442956542968773,0.013938003,0.016784668,1.919022511567372,6,1,0
2020-02-25 12:00:00,1100.0225,29.966607666015648,0.01468889,0.035110474,10.393927327086798,34.74785766601565,0.013369005,0.00042927265,2.907719566668079,30.325982666015648,0.014181536,0.03251648,3.174029346085222,6,1,0
2020-02-25 13:00:00,1110.4411,30.338647460937523,0.014741617,0.03868103,11.19160111086902,35.49489746093752,0.013433176,0.0017061234,2.3801376808637675,30.729272460937523,0.014497477,0.070739746,4.260116890928868,6,1,0
2020-02-25 14:00:00,1106.1222,30.619714355468773,0.0147639625,0.04560852,12.200814860912516,35.72908935546877,0.013302933,0.015777588,3.345730356616684,30.416589355468773,0.014756333,0.10998535,5.302713462493294,6,1,0
2020-02-25 15:00:00,1103.1548,30.435205078125023,0.0147406235,0.055786133,12.812878954237696,34.81020507812502,0.013134636,0.058898926,5.011260776065726,29.622705078125023,0.015186943,0.1473999,5.919771248547687,6,1,0
2020-02-25 16:00:00,1094.6717999999998,29.919610595703148,0.01482779,0.051071167,14.020748420144566,33.90398559570315,0.01331717,0.09109497,6.927262294054196,28.357110595703148,0.015728058,0.16796875,5.922454576942097,6,1,0
2020-02-25 17:00:00,1071.0669,28.928552246093773,0.015037446,0.03135681,15.394339405443173,32.02230224609377,0.01435843,0.099853516,7.081356110413301,27.131677246093773,0.016155154,0.18933105,5.455496761594813,6,1,0
2020-02-25 18:00:00,1120.6096,27.680261230468773,0.015373494,0.008956909,16.269719208473102,29.508386230468773,0.016598012,0.096954346,5.907880982953214,25.992761230468773,0.0164912,0.20965576,4.50987617102764,6,1,0
2020-02-25 19:00:00,1210.9854,26.661340332031276,0.015804943,0.006910324,17.228633006947646,28.520715332031276,0.017048534,0.08703613,5.053345299272957,25.192590332031276,0.016812023,0.22131348,3.550910799288169,6,1,0
2020-02-25 20:00:00,1208.1143,25.943139648437523,0.016125428,0.0071697235,17.38179895219287,27.771264648437523,0.017292725,0.08502197,3.908266923146347,24.552514648437523,0.017208802,0.21582031,2.7472881592295955,6,1,0
2020-02-25 21:00:00,1188.6198,25.543878173828148,0.016384086,0.0067043304,16.476898389623948,27.153253173828148,0.01733013,0.07757568,3.052088608634131,24.106378173828148,0.017391166,0.19671631,2.2657776963966536,6,1,0
2020-02-25 22:00:00,1144.7781,25.268029785156276,0.016582064,0.005947113,15.365444373604683,26.627404785156276,0.017245822,0.07211304,2.8931794232276355,23.783654785156276,0.017421298,0.1618042,1.971142976670061,6,1,0
2020-02-25 23:00:00,1097.7185,25.036157226562523,0.016734838,0.0056648254,14.12261700809119,26.129907226562523,0.017032385,0.065216064,3.606507594595734,23.528344726562523,0.017322302,0.13269043,1.961893775269208,6,1,0
2020-02-26 00:00:00,1056.0467,24.837487792968773,0.016819494,0.0059776306,13.191234036113066,25.649987792968773,0.016788976,0.06793213,4.638204047132565,23.274987792968773,0.017162817,0.11807251,2.176339059548838,7,1,0
2020-02-26 01:00:00,1026.6563,24.660577392578148,0.016858604,0.00614357,12.158952085365293,25.144952392578148,0.016553428,0.07357788,5.464585031598092,23.051202392578148,0.016980674,0.10473633,2.403692742437941,7,1,0
2020-02-26 02:00:00,1006.0293,24.486199951171898,0.016866079,0.0056419373,10.907688739830244,24.595574951171898,0.016370168,0.08148193,5.985929212213453,22.884637451171898,0.016766896,0.104644775,2.5067188223991157,7,1,0
2020-02-26 03:00:00,975.7818,24.335260009765648,0.01685833,0.0044288635,9.50142551769397,24.077447509765648,0.016263237,0.09225464,6.295960248286043,22.757135009765648,0.016545525,0.10070801,2.483233619347882,7,1,0
2020-02-26 04:00:00,958.02,24.210626220703148,0.016843177,0.0031642914,8.396876203893953,23.702813720703148,0.016156532,0.09274292,6.343172051923064,22.655938720703148,0.016324379,0.09396362,2.260789313004377,7,1,0
2020-02-26 05:00:00,968.0784,24.096887207031276,0.016866324,0.0022802353,7.369147929155869,23.432824707031276,0.01604998,0.08251953,6.1102376671251415,22.526574707031276,0.016133903,0.091552734,2.135982968921485,7,1,0
2020-02-26 06:00:00,974.3331,24.1928649902344,0.01692773,0.0020933151,7.025790971638755,23.3178649902344,0.015943538,0.0640564,5.784356808131467,22.3725524902344,0.015989315,0.09347534,2.220253751274164,7,1,0
2020-02-26 07:00:00,1030.0182,25.427514648437523,0.016950717,0.0030260086,10.785019594050024,24.286889648437523,0.015867343,0.04748535,7.170971910052753,22.904077148437523,0.016088596,0.09701538,1.9819789027006387,7,1,0
2020-02-26 08:00:00,1143.749,26.662469482421898,0.016782913,0.0044021606,12.093732115266572,26.599969482421898,0.015089189,0.0413208,6.688750738672491,24.256219482421898,0.015852127,0.10394287,1.5140114294361475,7,1,0
2020-02-26 09:00:00,1237.6256,27.864465332031276,0.016653392,0.0062885284,10.952251338752552,29.286340332031276,0.013651226,0.045944214,5.145470599570076,26.286340332031276,0.015222881,0.10714722,1.310259910126773,7,1,0
2020-02-26 10:00:00,1329.3394999999998,29.033471679687523,0.016470382,0.0069942474,9.232120612845774,31.283471679687523,0.01340718,0.059799194,2.807046180046248,28.142846679687523,0.014742324,0.12554932,1.7645152238344195,7,1,0
2020-02-26 11:00:00,1385.2889,30.154870605468773,0.016148904,0.008060455,7.86393409349798,32.85799560546877,0.013577797,0.08721924,0.3881526787881281,29.279870605468773,0.01461921,0.14440918,2.882370333372951,7,1,0
2020-02-26 12:00:00,1421.0137,31.011315917968773,0.015858114,0.018745422,7.249686319865859,33.82381591796877,0.013801993,0.12225342,2.3317676000265224,29.823815917968773,0.0147518525,0.15411377,4.01367221715327,7,1,0
2020-02-26 13:00:00,1454.4199,31.534265136718773,0.01564409,0.052108765,7.318264704902087,33.83114013671877,0.01402666,0.11279297,4.479702299989722,29.924890136718773,0.0149345575,0.17028809,4.992190285265508,7,1,0
2020-02-26 14:00:00,1473.9188,31.689172363281276,0.015514369,0.07559204,7.704620322663944,33.70479736328127,0.014278407,0.122558594,6.149228117350094,29.861047363281276,0.015193935,0.18487549,5.707735474550001,7,1,0
2020-02-26 15:00:00,1435.8171,31.590112304687523,0.0153924655,0.092315674,8.193563247053854,33.02761230468752,0.014545603,0.14593506,7.033084038147596,29.355737304687523,0.015300913,0.20812988,6.047867775970315,7,1,0
2020-02-26 16:00:00,1367.244,31.233605957031276,0.015319981,0.09487915,9.28781683523859,32.01485595703127,0.014862217,0.1708374,7.067297124929628,28.530480957031276,0.015503086,0.222229,5.862402987134997,7,1,0
2020-02-26 17:00:00,1286.5524,30.415002441406276,0.015449505,0.06350708,10.65487922331491,30.540002441406276,0.015537243,0.17364502,6.18970735884261,27.321252441406276,0.015941601,0.23675537,5.330096790229319,7,1,0
2020-02-26 18:00:00,1305.9084,29.303277587890648,0.015804034,0.037994385,11.804731681130097,28.818902587890648,0.017146807,0.16296387,4.864336952434155,26.006402587890648,0.016399126,0.23504639,4.486769835167832,7,1,0
2020-02-26 19:00:00,1353.2472,28.281182861328148,0.016307212,0.023200989,13.457376254195044,27.937432861328148,0.017627098,0.14770508,4.187394585492489,25.109307861328148,0.017070152,0.21380615,3.789356977522781,7,1,0
2020-02-26 20:00:00,1343.0515,27.400598144531276,0.016818028,0.014263153,14.779281073443713,27.338098144531276,0.017695408,0.13366699,3.664146347550588,24.634973144531276,0.01691721,0.17352295,3.245590270069818,7,1,0
2020-02-26 21:00:00,1303.7397,26.732324218750023,0.017184163,0.0107421875,15.728640650696745,26.779199218750023,0.017878437,0.113098145,3.287307005464359,24.169824218750023,0.01695528,0.12472534,2.876365158381847,7,1,0
2020-02-26 22:00:00,1244.1981999999998,26.218164062500023,0.017306337,0.008609772,15.805278794395075,26.358789062500023,0.017916689,0.09121704,2.994236626625693,23.733789062500023,0.016985903,0.08786011,2.439928599704359,7,1,0
2020-02-26 23:00:00,1190.7654,25.827294921875023,0.017253406,0.011993408,14.996663172553925,26.014794921875023,0.017924793,0.062179565,2.7400612437232583,23.335107421875023,0.016887195,0.06793213,1.9447869825042832,7,1,0
2020-02-27 00:00:00,1120.4746,25.573785400390648,0.017147478,0.01530838,13.880076635407498,25.651910400390648,0.017826494,0.0395813,2.744919762611255,23.065972900390648,0.01675075,0.05316162,1.5069373734870335,0,0,0
2020-02-27 01:00:00,1085.2949,25.379998779296898,0.01706401,0.018585205,12.884200618580648,25.231561279296898,0.017666733,0.024597168,2.8405360746156045,23.012811279296898,0.016606247,0.046417236,1.416928473104244,0,0,0
2020-02-27 02:00:00,1049.3052,25.206658935546898,0.016994659,0.018997192,11.731130706066754,24.769158935546898,0.017528716,0.019081116,3.07608812665016,22.948846435546898,0.01646823,0.03567505,1.6977419372084028,0,0,0
2020-02-27 03:00:00,1051.5791,25.020104980468773,0.016933214,0.015815735,10.554429130639026,24.371667480468773,0.017383348,0.017700195,3.63417691111606,22.785729980468773,0.016322862,0.032104492,2.0748256093015063,0,0,0
2020-02-27 04:00:00,1038.5607,24.838555908203148,0.016864596,0.011352539,9.651070672760367,24.026055908203148,0.017223177,0.013744354,4.253399395972752,22.619805908203148,0.016170321,0.029891968,2.430402569803232,0,0,0
2020-02-27 05:00:00,1046.1090000000002,24.667687988281276,0.016742371,0.009025574,9.40620201935048,23.675500488281276,0.017100953,0.010368347,4.723252327457017,22.472375488281276,0.01599469,0.02683258,2.6732843476688397,0,0,0
2020-02-27 06:00:00,1063.0691,24.696069335937523,0.016566668,0.007194519,10.449764055572674,23.610131835937523,0.017024431,0.007843018,5.382235297937853,22.360131835937523,0.015811358,0.026008606,2.7783379042995344,0,0,0
2020-02-27 07:00:00,1183.8781,25.650903320312523,0.01623076,0.0058498383,15.034695987450446,25.611840820312523,0.016925035,0.006925583,9.283599112339877,23.096215820312523,0.015757738,0.020309448,2.9669599545267102,0,0,0
2020-02-27 08:00:00,1359.2189,26.660363769531276,0.016116317,0.0035066605,16.072121778088512,27.988488769531276,0.016177353,0.007923126,10.63746737375422,24.816613769531276,0.015193162,0.011192322,2.998710918036681,0,0,0
2020-02-27 09:00:00,1447.4663,27.735894775390648,0.016078077,0.006313324,15.637528453773577,30.220269775390648,0.015379988,0.0069389343,10.398417660574614,26.907769775390648,0.014433943,0.009708405,2.402023526318688,0,0,0
2020-02-27 10:00:00,1523.7416999999998,28.773461914062523,0.015887402,0.012371063,15.893394480039326,32.25783691406252,0.014971875,0.0061473846,9.977468245457429,28.835961914062523,0.013823651,0.011463165,1.7121076266614694,0,0,0
2020-02-27 11:00:00,1572.2805,29.631066894531276,0.01567384,0.014842987,16.530500900516376,33.89669189453127,0.014952864,0.006532669,9.254847589409469,30.302941894531276,0.013938154,0.012485504,0.9274554351680698,0,0,0
2020-02-27 12:00:00,1578.4043,30.257989501953148,0.015463764,0.012176514,17.339219319546316,35.03923950195315,0.014944965,0.0077705383,8.907313104724986,31.257989501953148,0.014212543,0.012359619,0.9807616154344856,0,0,0
2020-02-27 13:00:00,1623.5005,30.663873291015648,0.015257576,0.008174896,18.416422290590308,35.67949829101565,0.01463578,0.014125824,9.506928007787987,31.929498291015648,0.013891914,0.02217102,1.361129635935643,0,0,0
2020-02-27 14:00:00,1628.8311,30.701379394531276,0.015089721,0.006603241,19.729980675387694,35.71700439453127,0.0143573,0.024162292,10.670258373503623,32.02950439453127,0.0137278745,0.022323608,1.724184073413629,0,0,0
2020-02-27 15:00:00,1579.9664,30.366784667968773,0.014979155,0.006498337,20.890806945145417,35.11678466796877,0.014132292,0.040283203,11.491319787145402,31.491784667968773,0.013808043,0.04724121,2.1710753679955817,0,0,0
2020-02-27 16:00:00,1522.6905000000002,29.657128906250023,0.014952501,0.0066833496,21.704600930173445,33.98525390625002,0.014117083,0.032424927,11.648281641940194,30.375878906250023,0.0142315235,0.047790527,2.1320120782993137,0,0,0
2020-02-27 17:00:00,1397.7853,28.525964355468773,0.015097558,0.0069332123,21.770494116177066,32.21346435546877,0.0142163625,0.027168274,11.19685113783478,28.854089355468773,0.014834343,0.039718628,1.6545823925665348,0,0,0
2020-02-27 18:00:00,1370.7554,27.256555175781276,0.0154299075,0.007785797,20.69902912019196,29.678430175781276,0.014689856,0.02028656,8.938311495986923,26.850305175781276,0.015971594,0.04774475,1.2686000951520655,0,0,0
2020-02-27 19:00:00,1428.5766999999998,26.479882812500023,0.015804136,0.009662628,19.55044214865761,27.917382812500023,0.014953459,0.030136108,9.197631580835218,25.417382812500023,0.0163916,0.068725586,0.8169500374277383,0,0,0
2020-02-27 20:00:00,1380.9023,26.079278564453148,0.016085962,0.01039505,18.244570926336767,26.673028564453148,0.015265801,0.03463745,11.128966235249884,24.641778564453148,0.016208032,0.08755493,0.5022835557507691,0,0,0
2020-02-27 21:00:00,1354.939,25.887780761718773,0.01627685,0.011772156,17.107922054103398,25.809655761718773,0.015681757,0.030632019,10.883525016775195,24.075280761718773,0.016086115,0.09274292,0.7709394132376235,0,0,0
2020-02-27 22:00:00,1307.7019,25.711999511718773,0.016453026,0.013790131,16.436793276602753,25.196374511718773,0.016010521,0.030662537,10.34409555278642,23.665124511718773,0.015926598,0.09851074,1.7697032698329964,0,0,0
2020-02-27 23:00:00,1232.3307,25.557824707031276,0.016560474,0.015007019,16.76863647377011,24.745324707031276,0.016148487,0.03590393,10.01397594760317,23.354699707031276,0.015782276,0.09753418,3.1450555824377613,0,0,0
2020-02-28 00:00:00,1177.5057000000002,25.430017089843773,0.016606223,0.018943787,17.312231178813203,24.437829589843773,0.01614083,0.037200928,10.101430085414036,23.015954589843773,0.015705954,0.09387207,4.189794491391724,0,0,0
2020-02-28 01:00:00,1134.0441,25.323632812500023,0.016613813,0.026527405,17.93286782455851,24.198632812500023,0.016056867,0.03753662,10.575432431733658,22.698632812500023,0.015606734,0.087005615,4.840180049416199,0,0,0
2020-02-28 02:00:00,1099.4325,25.2128845214844,0.016636686,0.028915405,18.612428635049863,24.0253845214844,0.015911894,0.032730103,11.326736519163877,22.4394470214844,0.015438872,0.08078003,5.396579135721353,0,0,0
2020-02-28 03:00:00,1103.8236,25.110772705078148,0.016743513,0.028671265,18.663901834542884,23.892022705078148,0.01575932,0.026054382,12.016525562602515,22.251397705078148,0.015259596,0.07192993,6.068994223712128,0,0,0
2020-02-28 04:00:00,1192.7134,25.016961669921898,0.016903728,0.036346436,18.03229486621406,23.735711669921898,0.015637249,0.015625,11.92368467742338,22.118524169921898,0.015053599,0.06448364,6.425000905433918,0,0,0
2020-02-28 05:00:00,1209.0651,24.935418701171898,0.017041035,0.04512024,17.537619111682332,23.591668701171898,0.015587635,0.008636475,11.415739998811246,21.997918701171898,0.014832325,0.054855347,6.604483572720058,0,0,0
2020-02-28 06:00:00,1251.2361,24.979516601562523,0.017094482,0.042053223,17.601142898210963,23.581079101562523,0.015625823,0.007293701,11.3695203791692,21.901391601562523,0.014634002,0.051971436,6.627017702147231,0,0,0
2020-02-28 07:00:00,1339.3083,25.8168884277344,0.016911015,0.03916931,21.82891848280409,25.2231384277344,0.01570557,0.010063171,14.49199985137948,22.5434509277344,0.014442905,0.045639038,6.969770230593025,0,0,0
2020-02-28 08:00:00,1520.3095,27.068750000000023,0.016323252,0.040283203,25.524665517978637,27.756250000000023,0.015190287,0.01612091,17.522400501876007,24.170312500000023,0.014084024,0.028274536,7.21269689651493,0,0,0
2020-02-28 09:00:00,1606.742,28.231622314453148,0.01600257,0.02986908,26.188151853182607,30.169122314453148,0.014430914,0.015548706,18.07750715540208,26.114434814453148,0.013584051,0.016860962,6.926164255153618,0,0,0
2020-02-28 10:00:00,1675.5947,29.241296386718773,0.015727509,0.01953125,26.441601556007907,32.17879638671877,0.014171112,0.017593384,17.793852415282515,27.897546386718773,0.013099182,0.0153541565,6.379058452596135,0,0,0
2020-02-28 11:00:00,1718.2346,30.0895935058594,0.01548246,0.012462616,26.756632683843552,33.6677185058594,0.0143189775,0.022064209,17.12382445818419,29.2145935058594,0.013182198,0.018821716,5.521003921272476,0,0,0
2020-02-28 12:00:00,1723.5715,30.673242187500023,0.015271954,0.008167267,27.410450444658903,34.64199218750002,0.014585309,0.02695465,16.703977858035444,29.923242187500023,0.013746075,0.030853271,4.679284988949968,0,0,0
2020-02-28 13:00:00,1726.4,30.900048828125023,0.015187348,0.0055885315,28.156921338070347,35.08754882812502,0.014748658,0.028831482,16.61156287036514,30.228173828125023,0.014073457,0.041305542,4.367499084821931,0,0,0
2020-02-28 14:00:00,1738.0386,30.765527343750023,0.0152249485,0.0033102036,28.86130712265342,35.01552734375002,0.014778629,0.029067993,16.826620101582158,30.124902343750023,0.014343753,0.047683716,4.316214366669641,0,0,0
2020-02-28 15:00:00,1707.7741,30.289819335937523,0.015251191,0.003645897,29.1094938856268,34.30544433593752,0.014717134,0.0289917,17.081111876413967,29.664819335937523,0.014499696,0.05340576,4.52592890778595,0,0,0
2020-02-28 16:00:00,1599.5586999999998,29.433953857421898,0.01538821,0.0043182373,28.84743217795509,32.7308288574219,0.014686306,0.035964966,17.45655759874329,28.793328857421898,0.014556606,0.063690186,5.026506568187224,0,0,0
2020-02-28 17:00:00,1483.0212,28.232202148437523,0.015678095,0.0048065186,27.896263512240058,30.591577148437523,0.014690088,0.038497925,17.562203258030216,27.450952148437523,0.014590906,0.06829834,5.817539358755885,0,0,0
2020-02-28 18:00:00,1472.3079,27.050805664062523,0.01606753,0.0053863525,26.0857034398192,28.332055664062523,0.014816308,0.0552063,15.52550870642446,25.707055664062523,0.014705682,0.06991577,6.45257725346819,0,0,0
2020-02-28 19:00:00,1480.6516,26.423974609375023,0.016510837,0.011650085,24.853568151344295,26.908349609375023,0.01508414,0.060562134,14.11087572804239,24.361474609375023,0.014798038,0.07620239,7.145647701006154,0,0,0
2020-02-28 20:00:00,1436.8998,26.153253173828148,0.016801482,0.018089294,24.236993103864947,26.106378173828148,0.015382414,0.053390503,13.164978732951395,23.450128173828148,0.0151459025,0.08779907,6.966463759842558,0,0,0
2020-02-28 21:00:00,1364.4908,26.073022460937523,0.016870761,0.026000977,24.572014721440794,25.682397460937523,0.015672946,0.05101013,12.614910023262931,22.971459960937523,0.015398287,0.09667969,6.657165490175712,0,0,0
2020-02-28 22:00:00,1264.0725,26.033166503906276,0.016787749,0.03173828,25.406951709924385,25.392541503906276,0.015940886,0.04814148,12.57307385354548,22.783166503906276,0.015650969,0.10116577,6.529263149474484,0,0,0
2020-02-28 23:00:00,1240.9742,25.918481445312523,0.016788652,0.033706665,25.78465982422449,25.160668945312523,0.016117265,0.043045044,12.816178992575228,22.723168945312523,0.015873125,0.10321045,6.497183180596539,0,0,0
2020-02-29 00:00:00,1191.5302,25.785852050781276,0.016757753,0.037338257,26.412175370697884,24.942102050781276,0.01615503,0.044006348,13.010329728987749,22.653039550781276,0.015979555,0.102874756,6.4412894226916935,0,0,0
2020-02-29 01:00:00,1149.7847,25.654565429687523,0.016681153,0.035308838,26.864824586228515,24.724877929687523,0.016177613,0.045150757,13.031718636188897,22.592065429687523,0.016009767,0.10006714,6.312795397201521,0,0,0
2020-02-29 02:00:00,1120.8928,25.497918701171898,0.016558947,0.038238525,26.51545997941431,24.544793701171898,0.016200365,0.042892456,12.909969061852104,22.529168701171898,0.015986742,0.098083496,6.219023618573223,0,0,0
2020-02-29 03:00:00,1097.0375,25.407586669921898,0.016360693,0.031677246,26.6031996674074,24.462274169921898,0.016208105,0.04534912,12.805299585689044,22.485711669921898,0.015963964,0.096221924,6.195040017061091,0,0,0
2020-02-29 04:00:00,1069.5150999999998,25.335656738281276,0.016185546,0.027793884,26.05317518099701,24.421594238281276,0.016170288,0.055389404,12.78574523520168,22.460656738281276,0.015964294,0.09234619,6.17671451010019,0,0,0
2020-02-29 05:00:00,1077.437,25.296960449218773,0.016039986,0.026741028,25.59000713102324,24.328210449218773,0.01611628,0.06591797,12.858285855304304,22.445397949218773,0.015933175,0.09399414,6.253660018429098,0,0,0
2020-02-29 06:00:00,1058.2732,25.384179687500023,0.015947867,0.030723572,26.185372836955207,24.345117187500023,0.016092826,0.05857849,13.087539139391245,22.462304687500023,0.015879203,0.09112549,6.574054246772075,0,0,0
2020-02-29 07:00:00,1108.999,26.194757080078148,0.015756775,0.023277283,29.203489163058496,25.936944580078148,0.01619928,0.049072266,16.163749572173334,23.108819580078148,0.015855957,0.093322754,7.110974265841528,0,0,0
2020-02-29 08:00:00,1233.327,27.293603515625023,0.015283591,0.031845093,32.82448224300704,28.184228515625023,0.015779503,0.0476532,19.61897736290333,24.652978515625023,0.015588767,0.083618164,7.589108689033893,0,0,0
2020-02-29 09:00:00,1388.3168,28.276757812500023,0.014989221,0.037261963,33.48943557186169,30.292382812500023,0.014977776,0.04685974,20.943134940190948,26.558007812500023,0.014993035,0.07330322,7.588832229221535,0,0,0
2020-02-29 10:00:00,1506.3136,29.160699462890648,0.014862716,0.03263855,33.380730338909366,32.05132446289065,0.014389694,0.047836304,21.18545612030552,28.207574462890648,0.014462173,0.07366943,7.041080944673609,0,0,0
2020-02-29 11:00:00,1507.6298000000002,29.908471679687523,0.014869604,0.015411377,33.0212353994318,33.29909667968752,0.014003668,0.04560852,20.74729227438487,29.283471679687523,0.014411841,0.066711426,6.193282847874531,0,0,0
2020-02-29 12:00:00,1491.3469,30.374688720703148,0.014853665,0.018035889,32.72749524959862,34.09343872070315,0.013686367,0.037597656,20.26856753737397,29.796563720703148,0.014357754,0.06466675,5.884254173136326,0,0,0
2020-02-29 13:00:00,1508.0047,30.487664794921898,0.014788246,0.024559021,32.14652743414472,34.3626647949219,0.013514137,0.02394867,19.96592120698553,29.893914794921898,0.014193153,0.056762695,6.139096675864086,0,0,0
2020-02-29 14:00:00,1497.2564,30.288903808593773,0.014722864,0.026252747,31.37916503495617,34.03890380859377,0.0133953495,0.013534546,19.86323707130043,29.663903808593773,0.013906519,0.045578003,6.6677718556167385,0,0,0
2020-02-29 15:00:00,1429.6777,29.825799560546898,0.014634632,0.02394104,30.652992229424967,33.0757995605469,0.0131736025,0.009571075,19.78036718631357,29.060174560546898,0.013669513,0.04182434,7.258498442297885,0,0,0
2020-02-29 16:00:00,1360.2885,29.051782226562523,0.014581105,0.016426086,30.69034550357663,31.645532226562523,0.013108632,0.006422043,19.687584751491688,28.020532226562523,0.013684651,0.037078857,7.948697512471801,0,0,0
2020-02-29 17:00:00,1299.6685,27.914666748046898,0.01458507,0.011440277,30.695878379073804,29.758416748046898,0.01326137,0.0039958954,18.968871925125555,26.664666748046898,0.013845019,0.038909912,8.382773200775775,0,0,0
2020-02-29 18:00:00,1312.6835,26.803674316406276,0.014711399,0.016685486,29.680374597205955,27.647424316406276,0.0136547275,0.010402679,15.744825374135203,24.991174316406276,0.014528293,0.058563232,7.727248581221283,0,0,0
2020-02-29 19:00:00,1334.308,26.250878906250023,0.0148760425,0.017372131,28.75525431775741,26.360253906250023,0.014219915,0.022193909,13.732067702284567,23.875878906250023,0.015177404,0.08544922,7.074853568027624,0,0,0
2020-02-29 20:00:00,1325.1245,25.929559326171898,0.014983501,0.012088776,27.436381679675836,25.648309326171898,0.014575329,0.01789856,13.245369017699698,23.359246826171898,0.015395489,0.09161377,7.081917444273126,0,0,0
2020-02-29 21:00:00,1298.5433,25.758874511718773,0.015010948,0.008274078,27.036327490071404,25.211999511718773,0.01467144,0.010005951,13.58004028157031,23.008874511718773,0.015529747,0.09182739,7.22866446415261,0,0,0
2020-02-29 22:00:00,1280.1748,25.5698181152344,0.015088211,0.0042591095,26.99007477486009,24.8745056152344,0.014542709,0.0047893524,13.946003150570863,22.7807556152344,0.015549789,0.09213257,7.249217897520561,0,0,0
2020-02-29 23:00:00,1236.254,25.3557067871094,0.01512015,0.005630493,27.44341461734263,24.5197692871094,0.014429689,0.002571106,13.67664476507412,22.6135192871094,0.015478731,0.086883545,7.106035463823873,0,0,0
2020-03-01 00:00:00,1177.7723,25.175378417968773,0.015182807,0.0065784454,27.09564510700287,24.214440917968773,0.014442756,0.0016870499,13.659585777023164,22.480065917968773,0.015411689,0.08187866,7.005387641587804,0,0,0
2020-03-01 01:00:00,1111.2383,25.013513183593773,0.015283592,0.007331848,26.665940306625668,24.068200683593773,0.014451988,0.0012536049,14.06795958472448,22.380700683593773,0.01537133,0.07357788,7.23312824620677,0,0,0
2020-03-01 02:00:00,1098.3035,24.932397460937523,0.015372681,0.012058258,26.74155759693068,23.994897460937523,0.014350343,0.0018343925,14.5192511890363,22.323022460937523,0.015288758,0.06842041,7.495634868624554,0,0,0
2020-03-01 03:00:00,1066.2469,24.904107666015648,0.015453153,0.014709473,27.161745142201777,23.865045166015648,0.014156156,0.0013961792,14.563818467339168,22.255670166015648,0.015155607,0.064331055,7.529789228795062,0,0,0
2020-03-01 04:00:00,1038.4412,24.873620605468773,0.015460224,0.014717102,27.08314924942448,23.686120605468773,0.0139152715,0.0005726814,14.165467026724007,22.193933105468773,0.015052051,0.05987549,7.225386448857053,0,0,0
2020-03-01 05:00:00,1006.71,24.833428955078148,0.01540953,0.013046265,26.404494232494365,23.489678955078148,0.013719619,0.00036478043,13.521065412899324,22.130303955078148,0.014974655,0.05696106,6.877966764329285,0,0,0
2020-03-01 06:00:00,966.1271,24.874108886718773,0.015339824,0.011508942,25.8604385402518,23.553796386718773,0.01363084,0.00046491623,13.289039248491564,22.092858886718773,0.014904949,0.05265808,6.611646442092312,0,0,0
2020-03-01 07:00:00,968.207,25.638238525390648,0.015231223,0.010429382,27.90180736963445,25.122613525390648,0.013663382,0.00060892105,15.593719450590063,22.817926025390648,0.014845938,0.04257202,6.8665313386390165,0,0,0
2020-03-01 08:00:00,1007.6363,26.714044189453148,0.01497786,0.009944916,29.28217224818312,27.245294189453148,0.013516831,0.0008778572,18.48058028957304,24.464044189453148,0.014428544,0.025894165,7.055448812676853,0,0,0
2020-03-01 09:00:00,1071.8018000000002,27.754907226562523,0.014820336,0.0035409927,28.46975613102712,29.161157226562523,0.0131304255,0.0014286041,19.14933861768153,26.379907226562523,0.013813256,0.011634827,6.677096305592553,0,0,0
2020-03-01 10:00:00,1122.6485,28.715844726562523,0.014766346,0.0009434223,27.40494609658338,30.997094726562523,0.012759815,0.0012817383,18.9599699903806,28.137719726562523,0.013023029,0.007078171,6.046842040925801,0,0,0
2020-03-01 11:00:00,1170.6258,29.408898925781276,0.01473201,0.0008547306,26.949684257285515,32.56514892578127,0.012408859,0.0026712418,18.370749667865358,29.440148925781276,0.012740738,0.0068035126,5.04017569235703,0,0,0
2020-03-01 12:00:00,1187.7375,29.763513183593773,0.014652048,0.0009293556,27.11547298355812,33.60726318359377,0.012386118,0.0020656586,17.573771413997218,30.279138183593773,0.012580668,0.007858276,4.23099589859708,0,0,0
2020-03-01 13:00:00,1208.6177,29.783044433593773,0.014606247,0.0007901192,27.28536876930479,34.11116943359377,0.012531051,0.0012216568,17.087259786796842,30.798669433593773,0.012084732,0.008430481,3.829006699523086,0,0,0
2020-03-01 14:00:00,1212.5269,29.545800781250023,0.014613763,0.00048279762,27.31711931984356,34.03017578125002,0.012523309,0.0016474724,16.939611414536294,30.780175781250023,0.011981622,0.0079193115,3.705501271056294,0,0,0
2020-03-01 15:00:00,1210.7767,29.019372558593773,0.014659352,0.00040268898,26.908725114815223,33.25374755859377,0.012534565,0.0013446808,16.741290341760664,30.316247558593773,0.012015766,0.0058898926,3.885851578631112,0,0,0
2020-03-01 16:00:00,1209.2071,28.180078125000023,0.014735511,0.0003774166,26.38274259920041,31.633203125000023,0.012698462,0.0007917881,16.660312077964093,29.320703125000023,0.012233069,0.0040073395,4.3323244223702,0,0,0
2020-03-01 17:00:00,1220.9356,27.185845947265648,0.014903542,0.0003811121,25.65498962057168,29.529595947265648,0.012935158,0.0005464554,16.504046800437028,27.732720947265648,0.012706276,0.006931305,5.128368186414869,0,0,0
2020-03-01 18:00:00,1233.9884000000002,26.288781738281276,0.015159689,0.0004968643,24.648008514491973,27.304406738281276,0.013366781,0.0005476475,14.53369409889159,25.804406738281276,0.013656698,0.010478973,5.758412385536859,0,0,0
2020-03-01 19:00:00,1318.9766,25.842309570312523,0.015419928,0.004076004,24.286426059069623,26.014184570312523,0.013852088,0.00041854382,13.087575970186023,24.607934570312523,0.013787238,0.008331299,6.138187620097767,0,0,0
2020-03-01 20:00:00,1311.612,25.645288085937523,0.015531598,0.00799942,24.25037250036069,25.348413085937523,0.014070569,0.00063848495,12.555847848136215,23.848413085937523,0.014089642,0.008682251,6.286981974623688,0,0,0
2020-03-01 21:00:00,1261.3131999999998,25.511102294921898,0.01554802,0.0102882385,24.217151043487466,24.831414794921898,0.014121323,0.00076031685,11.992450819075692,23.315789794921898,0.014163285,0.021209717,6.503176954466074,0,0,0
2020-03-01 22:00:00,1216.8616,25.371423339843773,0.0155762145,0.011428833,23.75434007682284,24.332360839843773,0.014096112,0.00041925907,11.76919255004477,22.910485839843773,0.014084668,0.016204834,6.6850554602754055,0,0,0
2020-03-01 23:00:00,1196.8498,25.222802734375023,0.015629813,0.013339996,23.23983317907868,23.886865234375023,0.014042899,0.00024217367,11.685850243638589,22.433740234375023,0.014016196,0.008182526,6.616551253932116,0,0,0
2020-03-02 00:00:00,1149.2624,25.072442626953148,0.01573697,0.018287659,22.737112190248634,23.502130126953148,0.014047057,0.0004951954,11.45988330322287,21.931817626953148,0.014054687,0.0058498383,6.411223917026905,0,0,1
2020-03-02 01:00:00,1073.7866,24.913049316406276,0.015958903,0.02103424,21.90093858353664,23.155236816406276,0.014055369,0.0014958382,11.061251336441536,21.483361816406276,0.014059184,0.0049591064,6.249998440551564,0,0,1
2020-03-02 02:00:00,1030.6526,24.780786132812523,0.01615072,0.023506165,21.34059667123156,22.772973632812523,0.014052637,0.0020189285,10.201544768098485,21.132348632812523,0.014041193,0.008213043,6.256068022955723,0,0,1
2020-03-02 03:00:00,1022.4353,24.7370544433594,0.016235042,0.023139954,20.22134997199597,22.3151794433594,0.014049221,0.003437996,8.983899554335666,20.9011169433594,0.014049221,0.012306213,6.228719735161037,0,0,1
2020-03-02 04:00:00,1004.9494,24.711328125000023,0.016296418,0.024848938,18.26013662097039,22.273828125000023,0.014110597,0.0022153854,9.029221170492985,20.820703125000023,0.014045747,0.013385773,6.242177321863769,0,0,1
2020-03-02 05:00:00,1026.3587,24.738183593750023,0.016289577,0.020690918,17.780068285781983,22.074121093750023,0.014153347,0.00046014786,8.614850223809007,20.792871093750023,0.014038906,0.011005402,6.187610111990756,0,0,1
2020-03-02 06:00:00,1049.9806,24.875146484375023,0.016237833,0.01190567,18.21955417225789,22.164208984375023,0.014193155,0.00033080578,8.82812149128802,20.773583984375023,0.014013864,0.009849548,5.994601195419631,0,0,1
2020-03-02 07:00:00,1155.7715,25.6372009277344,0.016183618,0.0053863525,21.15739110486588,24.3481384277344,0.014310601,0.0009057522,12.977355760813705,21.6528259277344,0.01395202,0.007505417,6.303591603610004,0,0,1
2020-03-02 08:00:00,1351.7391,26.745080566406276,0.015869988,0.0117836,25.060106917972924,27.096643066406276,0.014065637,0.0012493134,16.544557396786608,23.627893066406276,0.013600244,0.001086235,6.3046316832159786,0,0,1
2020-03-02 09:00:00,1460.2579,27.901666259765648,0.015708968,0.013549805,26.22375079180742,29.542291259765648,0.013435408,0.0016360283,16.42690744690074,25.956353759765648,0.012802168,0.00023710728,5.702339415072335,0,0,1
2020-03-02 10:00:00,1551.6494,28.957574462890648,0.015574583,0.011268616,25.69289465621633,31.832574462890648,0.012927183,0.0025959015,15.1427367673958,28.160699462890648,0.011813291,0.00055527687,4.541556847787395,0,0,1
2020-03-02 11:00:00,1569.5707,29.820825195312523,0.01544759,0.0066375732,24.57177328229137,33.63332519531252,0.012830707,0.0032205582,13.260511554499386,29.977075195312523,0.011190387,0.0007586479,2.989334071774637,0,0,1
2020-03-02 12:00:00,1577.2525,30.425927734375023,0.015328135,0.0014615059,23.57883009476287,34.84780273437502,0.012821879,0.002840042,11.91196578630257,31.004052734375023,0.01187202,0.001812458,1.2907045011996208,0,0,1
2020-03-02 13:00:00,1605.8078,30.771142578125023,0.015227986,0.00070667267,22.65729078967153,35.55239257812502,0.012721729,0.0020284653,11.20016550214284,31.568017578125023,0.011798573,0.0023260117,0.3915282270680337,0,0,1
2020-03-02 14:00:00,1640.6014,30.832604980468773,0.015128212,0.0005352497,21.80632091192522,35.77010498046877,0.012610512,0.0013685226,10.886569205613103,31.738854980468773,0.011305885,0.002128601,0.457817654043616,0,0,1
2020-03-02 15:00:00,1620.5503,30.571679687500023,0.01504007,0.00082445145,21.19566901250572,35.39980468750002,0.012648255,0.0015120506,10.91191442432576,31.431054687500023,0.010981232,0.0024433136,1.252925751844188,0,0,1
2020-03-02 16:00:00,1526.3274,29.884210205078148,0.015070323,0.0010170937,21.11946635525764,34.27483520507815,0.012918834,0.002131462,10.96245499952904,30.415460205078148,0.011232737,0.0030727386,1.6309440588979116,0,0,1
2020-03-02 17:00:00,1409.5904,28.719201660156276,0.015216162,0.0012145042,21.285702788220934,32.26607666015627,0.013358405,0.002541542,10.869468808219269,28.750451660156276,0.012141516,0.0031805038,1.506696682303271,0,0,1
2020-03-02 18:00:00,1362.6009,27.4265075683594,0.015412317,0.0020618439,20.82872730983956,29.4108825683594,0.014210687,0.002620697,8.930834502798819,26.6921325683594,0.013585077,0.0030002594,1.1242243381597292,0,0,1
2020-03-02 19:00:00,1402.067,26.634667968750023,0.015661515,0.0034971237,20.10730116601092,27.634667968750023,0.014719285,0.0024061203,9.574057741340477,25.369042968750023,0.013677873,0.003112793,1.3821374363967192,0,0,1
2020-03-02 20:00:00,1373.6212999999998,26.229180908203148,0.01589928,0.0027456284,18.395834932366803,26.572930908203148,0.015033345,0.0019078255,9.56958258935301,24.416680908203148,0.013759236,0.0034227371,2.0260635444094053,0,0,1
2020-03-02 21:00:00,1349.9628,25.952752685546898,0.01611238,0.0020952225,16.158647783566526,25.859002685546898,0.015238814,0.0013108253,8.566469412386843,23.749627685546898,0.013690047,0.0053863525,2.624610822983513,0,0,1
2020-03-02 22:00:00,1293.3577,25.735467529296898,0.016210653,0.0022029877,15.875646978696253,25.305780029296898,0.015390492,0.0014190674,8.468561599719123,23.251092529296898,0.013670064,0.006767273,3.4268647108909738,0,0,1
2020-03-02 23:00:00,1214.9168,25.5766540527344,0.016241243,0.0047893524,16.376556359795742,24.8344665527344,0.015554598,0.0018072128,7.795232342774142,22.8735290527344,0.013925722,0.0078029633,4.128628033491795,0,0,1
2020-03-03 00:00:00,1161.6667,25.4035583496094,0.016310887,0.008010864,15.955099255747117,24.3019958496094,0.0156166125,0.0016446114,6.821203580240152,22.5285583496094,0.014189916,0.020858765,4.556015008588524,0,0,1
2020-03-03 01:00:00,1112.1672,25.247583007812523,0.016326709,0.009063721,15.579807035649267,23.919458007812523,0.015582842,0.0014157295,6.4851442326585,22.333520507812523,0.014415544,0.030426025,4.721874892956211,0,0,1
2020-03-03 02:00:00,1064.9377,25.096398925781276,0.01632715,0.007165909,15.177072429386882,23.619836425781276,0.015533693,0.0027809143,6.279279011322763,22.260461425781276,0.014618166,0.033920288,4.673787260598232,0,0,1
2020-03-03 03:00:00,1050.9846,24.958703613281276,0.016304892,0.0024642944,15.057437060391011,23.357141113281276,0.015477102,0.00664711,6.161763185476543,22.099328613281276,0.01475231,0.0390625,4.501479134653325,0,0,1
2020-03-03 04:00:00,1035.5861,24.793389892578148,0.016252393,0.0003976822,14.177587218550258,23.129327392578148,0.015420789,0.0077819824,5.928819357305265,21.926202392578148,0.014848584,0.047668457,4.249540167223158,0,0,1
2020-03-03 05:00:00,1045.6532,24.635217285156276,0.016223032,0.0004994869,12.430481927541171,22.955529785156276,0.015402871,0.005804062,5.695243055132173,21.791467285156276,0.014929849,0.048477173,4.150973449427296,0,0,1
2020-03-03 06:00:00,1085.0618000000002,24.649499511718773,0.016229602,0.0003951788,11.350263234585563,23.086999511718773,0.015436145,0.0037174225,5.890651311436182,21.797937011718773,0.015008898,0.040496826,4.088246758517973,0,0,1
2020-03-03 07:00:00,1210.5644,25.525018310546898,0.016136825,0.00029969215,14.835854191116807,25.220330810546898,0.015495956,0.0022306442,10.099711767181844,22.868768310546898,0.015091598,0.033798218,4.441444880737754,0,0,1
2020-03-03 08:00:00,1396.6705000000002,26.612207031250023,0.01582261,0.00028920174,19.12209680400245,27.893457031250023,0.015216074,0.0016999245,13.182107259946877,24.838769531250023,0.014632425,0.02910614,4.436491705016661,0,0,1
2020-03-03 09:00:00,1464.1536,27.713830566406276,0.015813734,0.0005931854,20.4776148205848,30.166955566406276,0.014650251,0.0015416145,12.785812418714071,26.807580566406276,0.013963605,0.021255493,3.943815996733224,0,0,1
2020-03-03 10:00:00,1534.9331,28.759729003906276,0.01585089,0.00085926056,21.106909567004983,32.10347900390627,0.014435638,0.001431942,11.42582235569529,28.556604003906276,0.013455261,0.023658752,3.2410660372782685,0,0,1
2020-03-03 11:00:00,1574.5531,29.609826660156276,0.01585027,0.00071144104,21.519551571850087,33.60982666015627,0.01464101,0.0013599396,10.126476027665872,29.984826660156276,0.013370716,0.024421692,2.1643703046236102,0,0,1
2020-03-03 12:00:00,1565.8119000000002,30.214746093750023,0.015811758,0.0005004406,21.852769814922414,34.71474609375002,0.014743642,0.0016798973,9.657666954594127,30.886621093750023,0.014316396,0.027305603,0.9160256241697968,0,0,1
2020-03-03 13:00:00,1609.1961,30.538995361328148,0.01571987,0.00067043304,22.233684162229643,35.47649536132815,0.014659384,0.007286072,9.88673042167056,31.523370361328148,0.014422873,0.036453247,0.284122312593904,0,0,1
2020-03-03 14:00:00,1636.1379,30.478967285156276,0.015703937,0.0022506714,22.52792420029893,35.61959228515627,0.014593859,0.019332886,10.470380018273012,31.697717285156276,0.01433446,0.051864624,0.1692987104104278,0,0,1
2020-03-03 15:00:00,1614.5261,29.967553710937523,0.015741082,0.002286911,22.70787989769724,35.17067871093752,0.0145623395,0.023109436,11.166461257943205,31.264428710937523,0.0143487165,0.066101074,0.4666501035546728,0,0,1
2020-03-03 16:00:00,1527.4594000000002,29.103540039062523,0.01585475,0.0026111603,22.781998685614223,34.04104003906252,0.014561567,0.015319824,11.526330827182017,30.119165039062523,0.0145959,0.05706787,0.7582348211110543,0,0,1
2020-03-03 17:00:00,1395.0703,27.966394042968773,0.016022265,0.0035543442,22.830929988411384,32.18514404296877,0.0146794915,0.0068149567,11.352361404859904,28.622644042968773,0.015038073,0.04257202,0.655855706155227,0,0,1
2020-03-03 18:00:00,1398.7994,26.814111328125023,0.016235797,0.007846832,22.552432681390115,29.595361328125023,0.015087573,0.0025148392,9.603923413112309,26.892236328125023,0.01580855,0.04145813,0.5631337386690588,0,0,1
2020-03-03 19:00:00,1441.1277,26.148980712890648,0.01646478,0.014873505,22.251053579010065,27.742730712890648,0.015335628,0.0022907257,10.43876742222999,25.742730712890648,0.01607568,0.038375854,0.8835550699444416,0,0,1
2020-03-03 20:00:00,1402.4356,25.8681579589844,0.01664048,0.01612091,21.44176430688009,26.6181579589844,0.015480813,0.0019922256,10.35233552538161,25.0712829589844,0.015923318,0.033325195,1.8063852068181296,0,0,1
2020-03-03 21:00:00,1373.9331000000002,25.749627685546898,0.01672491,0.016487122,21.098761514050008,25.921502685546898,0.01559576,0.0013246536,10.16365241804606,24.554315185546898,0.015832271,0.02722931,2.4132609071673783,0,0,1
2020-03-03 22:00:00,1320.8153,25.665246582031276,0.016733771,0.016830444,21.63502942662699,25.360559082031276,0.015780097,0.0025873184,9.6709242996568,24.032434082031276,0.015795356,0.022460938,3.0666890528801667,0,0,1
2020-03-03 23:00:00,1220.3265,25.528039550781276,0.016727682,0.017921448,21.96454687855131,24.887414550781276,0.015896078,0.0023670197,8.51453964736169,23.528039550781276,0.015766378,0.02407074,3.5987288376562576,0,0,1
2020-03-04 00:00:00,1156.7112,25.384210205078148,0.016630165,0.018547058,21.83080838966549,24.477960205078148,0.015928261,0.0023002625,7.234716356434206,23.118585205078148,0.015714638,0.024383545,3.847438386122612,0,0,1
2020-03-04 01:00:00,1096.5411,25.232781982421898,0.016448505,0.015968323,21.22487952531787,24.053094482421898,0.015937336,0.009597778,6.192512229935078,22.865594482421898,0.015662678,0.025016785,4.000585267641861,0,0,1
2020-03-04 02:00:00,1076.7928,25.048852539062523,0.016304512,0.013114929,19.479829726522677,23.736352539062523,0.015976448,0.012874603,5.903214377538954,22.720727539062523,0.0155873485,0.024391174,4.056651375636483,0,0,1
2020-03-04 03:00:00,1054.0674,24.916436767578148,0.016174508,0.012653351,18.3956138856384,23.478936767578148,0.01602192,0.011062622,5.876912699262757,22.533624267578148,0.015487862,0.025856018,4.053147618709325,0,0,1
2020-03-04 04:00:00,1042.0774,24.835260009765648,0.01614348,0.011657715,17.14138932783393,23.233697509765648,0.016082445,0.013389587,5.74022412424123,22.296197509765648,0.01538054,0.030296326,4.017474027406098,0,0,1
2020-03-04 05:00:00,1049.3665,24.798669433593773,0.01618844,0.012210846,15.820459374318215,23.048669433593773,0.016135035,0.017555237,5.624289139652763,22.095544433593773,0.015299616,0.03201294,4.006036561704826,0,0,1
2020-03-04 06:00:00,1072.5639,24.850762939453148,0.016308969,0.01084137,14.731317006453594,23.139825439453148,0.01617164,0.02130127,5.915370242864639,22.014825439453148,0.015248483,0.032302856,4.024389161382559,0,0,1
2020-03-04 07:00:00,1193.9833,25.451806640625023,0.016330486,0.012828827,16.982221376943237,25.233056640625023,0.016238933,0.019226074,10.340320339885285,22.928369140625023,0.015208966,0.029174805,4.502060666336882,0,0,1
2020-03-04 08:00:00,1361.0977,26.3437438964844,0.016161347,0.022087097,18.872642553783788,27.8124938964844,0.015810395,0.014904022,13.115354645064706,24.9296813964844,0.0147918705,0.019454956,4.5021282694543885,0,0,1
2020-03-04 09:00:00,1461.0301000000002,27.3908630371094,0.016083967,0.018318176,19.15483175731071,30.1877380371094,0.0152447345,0.011264801,12.747685821549402,27.1721130371094,0.014180434,0.014312744,3.8868883393827502,0,0,1
2020-03-04 10:00:00,1547.3969,28.500054931640648,0.016060064,0.011463165,19.35288816677004,32.39067993164065,0.014885138,0.0079422,11.820041537913808,29.156304931640648,0.013572882,0.01763153,3.013378111884962,0,0,1
2020-03-04 11:00:00,1568.6139999999998,29.507470703125023,0.015960071,0.008041382,19.71898549563468,34.08559570312502,0.014762256,0.004501343,11.16771746421782,30.601220703125023,0.013755176,0.016937256,1.792897337445034,0,0,1
2020-03-04 12:00:00,1582.5082,30.224420166015648,0.01579166,0.00566864,20.155681223806432,35.24004516601565,0.01464725,0.0020227432,10.804788290948002,31.505670166015648,0.014315371,0.016731262,0.878114740644371,0,0,1
2020-03-04 13:00:00,1621.4361,30.644891357421898,0.015608244,0.003437996,20.70333145533852,35.9886413574219,0.014421873,0.0009274483,10.377142436337808,32.1761413574219,0.014147215,0.012332916,0.4358468699845145,0,0,1
2020-03-04 14:00:00,1635.38,30.6735778808594,0.01547072,0.0012612343,21.404693345544494,36.2360778808594,0.014131761,0.0041542053,9.895542979481451,32.3610778808594,0.013956285,0.017333984,0.6135440822050755,0,0,1
2020-03-04 15:00:00,1602.896,30.3420349121094,0.015371213,0.0005245209,21.807481668314367,35.9357849121094,0.013948331,0.003271103,9.777533356568943,32.0295349121094,0.013772855,0.011371613,1.6044992680082857,0,0,1
2020-03-04 16:00:00,1542.9087,29.616418457031276,0.01532878,0.00029110909,21.679071275025976,34.92891845703127,0.013951674,0.0066223145,9.884939772287831,31.022668457031276,0.014157668,0.014865875,2.500506353597916,0,0,1
2020-03-04 17:00:00,1449.1877,28.4545837402344,0.015427678,0.00020891428,21.693671630084783,33.0952087402344,0.014195531,0.0063152313,9.784800084741857,29.3764587402344,0.01490125,0.02267456,2.816983243167264,0,0,1
2020-03-04 18:00:00,1383.5159,27.130029296875023,0.015668083,0.00019311905,21.501057798401344,30.239404296875023,0.014947105,0.0029850006,7.790723360728349,27.364404296875023,0.015881706,0.029327393,2.639453367081118,0,0,1
2020-03-04 19:00:00,1423.1571,26.322534179687523,0.015966037,0.00037908554,21.184950888898445,28.213159179687523,0.015515904,0.0030946732,8.899711814243588,25.978784179687523,0.015912632,0.036636353,2.842553343461078,0,0,1
2020-03-04 20:00:00,1381.7912,25.926538085937523,0.016202668,0.00028467178,20.016170724044635,26.817163085937523,0.01579831,0.0049057007,9.828783719013334,24.973413085937523,0.016072968,0.034973145,2.723954652938156,0,0,1
2020-03-04 21:00:00,1353.4287,25.704309082031276,0.01638614,0.00015974045,18.55730507029962,25.985559082031276,0.015897859,0.0051670074,9.461510324060567,24.251184082031276,0.016111482,0.03213501,2.6357423973578094,0,0,1
2020-03-04 22:00:00,1292.3067,25.547662353515648,0.01653216,0.0007715225,17.7393567393763,25.375787353515648,0.01589892,0.0038852692,9.692216609484944,23.727349853515648,0.015998103,0.034301758,2.9651518577940768,0,0,1
2020-03-04 23:00:00,1224.2803,25.423059082031276,0.016609594,0.004102707,17.67099871418253,24.852746582031276,0.01591532,0.0066871643,9.07791628047766,23.305871582031276,0.01578562,0.036712646,3.5855784876005736,0,0,1
2020-03-05 00:00:00,1150.5363,25.340905761718773,0.016641242,0.0072956085,17.983024985304066,24.379968261718773,0.015847785,0.010478973,8.143476915794395,22.919030761718773,0.015554054,0.036987305,4.241947938677835,0,0,1
2020-03-05 01:00:00,1113.856,25.273400878906276,0.016619397,0.011714935,18.645180078865955,23.898400878906276,0.0158412,0.007555008,7.203253964409504,22.546838378906276,0.015413954,0.042434692,4.602465064451291,0,0,1
2020-03-05 02:00:00,1075.7683,25.197167968750023,0.016582146,0.015457153,19.537056605603283,23.431542968750023,0.01590313,0.0042877197,6.752714450542205,22.259667968750023,0.015330926,0.04559326,4.846180991212045,0,0,1
2020-03-05 03:00:00,1046.875,25.0886169433594,0.016597817,0.017166138,19.727222900455548,23.1589294433594,0.015895912,0.0021448135,6.924610911982611,22.0417419433594,0.015297005,0.04586792,4.861094205384906,0,0,1
2020-03-05 04:00:00,1037.1966,25.0505310058594,0.016498527,0.014598846,19.167144296195804,22.9255310058594,0.01568981,0.0013918877,6.907896507389157,21.8552185058594,0.015270195,0.044189453,4.683719691475508,0,0,1
2020-03-05 05:00:00,1052.2962,25.006616210937523,0.016474776,0.011756897,17.51727883200535,22.701928710937523,0.015429549,0.0016345978,6.956336592060756,21.740991210937523,0.015250258,0.04322815,4.490338138345451,0,0,1
2020-03-05 06:00:00,1070.1346,25.055749511718773,0.016511656,0.012798309,16.580612599429593,22.719812011718773,0.01521466,0.0029850006,7.261691302185552,21.711999511718773,0.01521466,0.04197693,4.677746646235861,0,0,1
2020-03-05 07:00:00,1190.2795,25.858361816406276,0.016487695,0.009918213,20.010616940620253,24.975549316406276,0.01510296,0.005130768,11.629839474331986,22.631799316406276,0.015137292,0.031982422,5.54873667592277,0,0,1
2020-03-05 08:00:00,1380.565,27.008691406250023,0.016303884,0.0048885345,22.629106760504715,27.914941406250023,0.01458727,0.0060806274,14.428301465477873,24.579003906250023,0.014675008,0.013965607,5.613716710666578,0,0,1
2020-03-05 09:00:00,1446.1269,28.1345153808594,0.016181313,0.0024881363,22.461130855146013,30.5876403808594,0.013884866,0.0046024323,13.691352297950049,26.7751403808594,0.0139001245,0.00831604,5.070443596930482,0,0,1
2020-03-05 10:00:00,1517.6955,29.197381591796898,0.016051255,0.001060009,21.6745999520419,32.7755065917969,0.013621292,0.0034332275,12.00792018824719,28.869256591796898,0.012900314,0.0063915253,4.171724418751445,0,0,1
2020-03-05 11:00:00,1562.7205,30.1027770996094,0.015799223,0.0004684925,21.0517902981162,34.4309020996094,0.013689695,0.0034275055,10.83133481493814,30.4777770996094,0.012533842,0.0042324066,3.017764253968374,0,0,1
2020-03-05 12:00:00,1572.4503,30.810754394531276,0.015558719,0.00032663345,20.819505129162945,35.60762939453127,0.013830661,0.0035486221,10.506177534571718,31.560754394531276,0.01244974,0.0029964447,2.126961296633321,0,0,1
2020-03-05 13:00:00,1604.4564,31.183557128906276,0.015402233,0.0006227493,20.96054425064395,36.30855712890627,0.013952648,0.0036640167,10.901406664593598,32.16793212890627,0.012430584,0.0028944016,1.867534530504251,0,0,1
2020-03-05 14:00:00,1610.343,31.249719238281276,0.015322007,0.00092601776,21.644174799108765,36.42159423828127,0.014189042,0.003481865,11.70916154604283,32.20284423828127,0.012712754,0.0027647018,1.7278565927841525,0,0,1
2020-03-05 15:00:00,1612.6255999999998,30.856134033203148,0.015409463,0.00093626976,23.046059665132937,35.91863403320315,0.014474862,0.004425049,12.576212253876006,31.715509033203148,0.0130481655,0.002503395,1.7861125049302178,0,0,1
2020-03-05 16:00:00,1529.0826,29.862176513671898,0.015698936,0.0008535385,25.05971728775072,34.6590515136719,0.014756706,0.0061531067,13.419196808567216,30.643426513671898,0.013505485,0.0048294067,2.057362215659345,0,0,1
2020-03-05 17:00:00,1402.5404,28.386682128906276,0.016064936,0.0010485649,26.496981789353157,32.38668212890627,0.015054042,0.008682251,13.915270983366703,29.027307128906276,0.01407748,0.014099121,2.532195868197599,0,0,1
2020-03-05 18:00:00,1403.2146,27.028466796875023,0.016347313,0.0044403076,26.15531437338697,29.559716796875023,0.015382195,0.01020813,12.896649000823407,27.012841796875023,0.014409447,0.018081665,3.407216763273204,0,0,1
2020-03-05 19:00:00,1445.8869,26.373376464843773,0.01659924,0.010547638,24.68305265519049,27.623376464843773,0.015653195,0.008815765,13.06713689100716,25.514001464843773,0.01440579,0.017593384,4.806461616292216,0,0,1
2020-03-05 20:00:00,1408.8621,26.117364501953148,0.016835947,0.013912201,23.21420935528951,26.679864501953148,0.015867013,0.0063228607,12.839650188921697,24.445489501953148,0.0146577535,0.016426086,5.583604455694491,0,0,1
2020-03-05 21:00:00,1375.8931,25.999963378906276,0.017019516,0.019714355,22.818719186503436,26.093713378906276,0.01609636,0.004146576,12.363241039626551,23.765588378906276,0.014982468,0.020362854,5.617967374990054,0,0,1
2020-03-05 22:00:00,1324.6226,25.877038574218773,0.017150119,0.02407074,21.857278200900552,25.705163574218773,0.016234592,0.004306793,11.576210047705748,23.369226074218773,0.01507111,0.030265808,5.672977036533045,0,0,1
2020-03-05 23:00:00,1241.7045,25.735406494140648,0.01711315,0.026763916,21.41662656233579,25.391656494140648,0.016289175,0.0055294037,11.1002027750825,23.032281494140648,0.015133321,0.038986206,5.50267529705367,0,0,1
2020-03-06 00:00:00,1172.7037,25.543115234375023,0.017030552,0.023139954,20.76493125428344,25.105615234375023,0.016321018,0.005455017,10.596729436182295,22.746240234375023,0.01516898,0.04347229,5.2370547667563,0,0,1
2020-03-06 01:00:00,1123.8705,25.352716064453148,0.01692446,0.016159058,20.032879597142625,24.844903564453148,0.016336996,0.0041065216,10.503198430792942,22.454278564453148,0.015192588,0.044311523,5.034965403796896,0,0,1
2020-03-06 02:00:00,1083.5164000000002,25.224298095703148,0.01662752,0.013240814,19.58933948285424,24.630548095703148,0.016345233,0.003364563,10.542029941818106,22.232110595703148,0.015200823,0.04560852,4.993644291185023,0,0,1
2020-03-06 03:00:00,1081.0874,25.116601562500023,0.01633839,0.010997772,19.572354894361585,24.460351562500023,0.016368907,0.0032224655,10.57147502181994,22.085351562500023,0.015186352,0.04664612,5.040500447767715,0,0,1
2020-03-06 04:00:00,1184.615,25.073541259765648,0.01612556,0.013202667,20.02824502433708,24.354791259765648,0.016430736,0.0033721924,10.638279507290836,21.964166259765648,0.015198589,0.048553467,5.061750890621232,0,0,1
2020-03-06 05:00:00,1240.9299,25.078942871093773,0.01606369,0.010932922,20.779742088736665,24.289880371093773,0.016513824,0.00365448,10.372570803187545,21.891442871093773,0.01524353,0.050064087,4.928908757577822,0,0,1
2020-03-06 06:00:00,1258.6583,25.175317382812523,0.016093034,0.011413574,22.05000784737584,24.386254882812523,0.016596574,0.00507164,10.316166517945344,21.894067382812523,0.015291948,0.051254272,4.7535962836113335,0,0,1
2020-03-06 07:00:00,1368.622,25.896813964843773,0.016160639,0.014339447,26.4306361601841,26.201501464843773,0.016618403,0.012340546,13.7963275500993,22.889001464843773,0.015336664,0.045913696,5.111214593217538,0,0,1
2020-03-06 08:00:00,1538.8176,27.0156188964844,0.016045455,0.014698029,29.47518953451705,28.6718688964844,0.016121749,0.015815735,16.018621156481693,24.9843688964844,0.015152816,0.03425598,5.083055801736721,0,0,1
2020-03-06 09:00:00,1618.5133,28.206872558593773,0.015960999,0.017402649,29.614309532750596,31.097497558593773,0.01549942,0.012729645,15.303667055375874,27.300622558593773,0.014648743,0.028312683,4.596206095643755,0,0,1
2020-03-06 10:00:00,1664.5214999999998,29.225732421875023,0.015785163,0.020317078,28.24756710953037,33.10073242187502,0.015136664,0.008396149,13.81898592329561,29.210107421875023,0.01405329,0.031295776,3.3797989867891665,0,0,1
2020-03-06 11:00:00,1676.1886,29.962670898437523,0.015578944,0.018043518,26.48351837663321,34.55642089843752,0.014831264,0.0048103333,12.814581403678922,30.556420898437523,0.014270503,0.033966064,1.6759746647970624,0,0,1
2020-03-06 12:00:00,1636.0940999999998,30.429864501953148,0.015441384,0.0152282715,25.525529356426308,35.52361450195315,0.014518227,0.004535675,12.53024827106866,31.476739501953148,0.014312234,0.038024902,0.7917343231620937,0,0,1
2020-03-06 13:00:00,1656.5873,30.674707031250023,0.015322921,0.005800247,25.478981816475653,35.98720703125002,0.014186141,0.011184692,12.961061891921162,31.909082031250023,0.0142014,0.031723022,0.2563237964970395,0,0,1
2020-03-06 14:00:00,1653.8607,30.621484375000023,0.015208353,0.010379791,26.03255625145851,35.90273437500002,0.013835062,0.016807556,13.462056663247717,31.902734375000023,0.014048685,0.026130676,0.352226305840204,0,0,1
2020-03-06 15:00:00,1584.2675,30.167657470703148,0.015177725,0.009231567,26.66367926585128,35.21453247070315,0.013609884,0.016311646,13.80369047492514,31.433282470703148,0.013865469,0.03627014,0.865040286923074,0,0,1
2020-03-06 16:00:00,1510.4081,29.297509765625023,0.015246222,0.017547607,27.37915392151496,33.76625976562502,0.013583014,0.013458252,14.007520650194488,30.328759765625023,0.013983557,0.04650879,1.250574613582752,0,0,1
2020-03-06 17:00:00,1383.047,28.114160156250023,0.01538356,0.03981018,27.415440651362847,31.551660156250023,0.01374324,0.013645172,14.035678327508124,28.770410156250023,0.014365036,0.041992188,1.1533299705882654,0,0,1
2020-03-06 18:00:00,1371.8471,26.996423339843773,0.015685225,0.028175354,26.00267192316118,28.808923339843773,0.014250899,0.022163391,12.68648877854216,26.762048339843773,0.015002394,0.0499115,0.9067794982712342,0,0,1
2020-03-06 19:00:00,1414.5412,26.413232421875023,0.016067307,0.021858215,24.163881660028935,27.053857421875023,0.01483516,0.036743164,12.35022149756102,25.366357421875023,0.015342515,0.05973816,1.3771834134637853,0,0,1
2020-03-06 20:00:00,1368.9050000000002,26.138696289062523,0.016350392,0.026229858,22.553210883752055,26.123071289062523,0.015419606,0.038650513,12.352194340160368,24.576196289062523,0.015499715,0.06378174,2.021135648419204,0,0,1
2020-03-06 21:00:00,1333.6763,25.923303222656276,0.016511377,0.024520874,21.687986080647853,25.532678222656276,0.015878137,0.030464172,11.353272088229676,24.032678222656276,0.0153822275,0.05809021,3.635822168741536,0,0,1
2020-03-06 22:00:00,1281.9319,25.771630859375023,0.016541412,0.044662476,21.461390745350343,25.131005859375023,0.016037872,0.027763367,10.57746812953128,23.506005859375023,0.0154656675,0.04890442,4.798058939900518,0,0,1
2020-03-06 23:00:00,1205.9164999999998,25.713464355468773,0.016411483,0.04637146,21.760150009086995,24.807214355468773,0.015991867,0.03404236,10.57001757834136,23.057214355468773,0.015537917,0.054397583,5.079066217611589,0,0,1
2020-03-07 00:00:00,1152.372,25.609185791015648,0.01642671,0.044525146,21.19795471977799,24.476373291015648,0.015839247,0.031402588,10.524500681434054,22.663873291015648,0.015476851,0.06564331,5.23135011638699,0,0,1
2020-03-07 01:00:00,1100.694,25.441552734375023,0.016487928,0.053466797,20.98855920042084,24.121240234375023,0.015724989,0.02054596,10.234315884251975,22.347802734375023,0.015408368,0.07330322,5.323406518342714,0,0,1
2020-03-07 02:00:00,1065.6682,25.318139648437523,0.016473074,0.05267334,21.641304578115744,23.810327148437523,0.015599508,0.01102829,9.957796345255757,22.122827148437523,0.015301961,0.073638916,5.352475561507557,0,0,1
2020-03-07 03:00:00,1043.7562,25.201013183593773,0.016443152,0.058425903,21.9423942857699,23.474450683593773,0.0153140025,0.005537033,9.18987401068564,21.943200683593773,0.015211006,0.06341553,5.285806782476522,0,0,1
2020-03-07 04:00:00,1019.4318,25.091241455078148,0.016451443,0.061706543,22.05658184611512,23.036553955078148,0.015013302,0.0038824081,8.173342727522977,21.794366455078148,0.015123928,0.05496216,5.270268090539113,0,0,1
2020-03-07 05:00:00,1028.6391999999998,25.068170166015648,0.016368292,0.062149048,22.621710242419606,22.740045166015648,0.014823339,0.0041980743,7.868244434261999,21.646295166015648,0.015025518,0.05239868,5.309993994757925,0,0,1
2020-03-07 06:00:00,1029.0819,25.152612304687523,0.016292235,0.059387207,23.244562785664087,22.761987304687523,0.014751097,0.0051784515,8.187411722187798,21.551049804687523,0.014941832,0.050872803,5.4558804731001365,0,0,1
2020-03-07 07:00:00,1091.8782,25.927606201171898,0.016039796,0.059417725,26.74914471836553,25.005731201171898,0.014796204,0.0094566345,12.75943387345207,22.326043701171898,0.014861054,0.04360962,6.2108719686254,0,0,1
2020-03-07 08:00:00,1207.3783,27.007226562500023,0.015657727,0.06286621,29.589229356245227,27.960351562500023,0.014341656,0.014785767,17.5332378447704,24.225976562500023,0.014494244,0.039993286,6.7136159299576015,0,0,1
2020-03-07 09:00:00,1312.6214,28.092340087890648,0.0154666295,0.060455322,30.14220853878665,30.311090087890648,0.013624131,0.011135101,18.72900905091609,26.482965087890648,0.014009415,0.03553772,6.741225375840145,0,0,1
2020-03-07 10:00:00,1382.2642,29.074426269531276,0.01524885,0.057403564,29.558923417697088,32.19942626953127,0.013223246,0.00919342,18.40146098763607,28.418176269531276,0.013520792,0.036254883,6.002597418284123,0,0,1
2020-03-07 11:00:00,1409.8375,29.875848388671898,0.015080552,0.04319763,28.617931213462597,33.6414733886719,0.013203721,0.009994507,17.69422619285638,29.688348388671898,0.013753037,0.038604736,4.718559125867154,0,0,1
2020-03-07 12:00:00,1388.0279,30.383142089843773,0.014996261,0.053878784,27.96481758100466,34.61751708984377,0.013333053,0.011131287,17.120072961099186,30.570642089843773,0.013539047,0.044052124,3.9625708323985984,0,0,1
2020-03-07 13:00:00,1392.644,30.574731445312523,0.01503794,0.059249878,27.526117070369363,35.12160644531252,0.013500617,0.010639191,16.673901861768844,30.980981445312523,0.013569281,0.05166626,3.4632104964099204,0,0,1
2020-03-07 14:00:00,1373.669,30.4333435058594,0.015072076,0.06692505,27.178904655566367,35.0114685058594,0.013729302,0.013175964,16.53650970607998,30.8864685058594,0.013836114,0.056137085,3.23356656793274,0,0,1
2020-03-07 15:00:00,1358.5191,30.010064697265648,0.0150834285,0.05581665,27.030762504635923,34.19756469726565,0.013858911,0.020080566,16.70848632640983,30.400689697265648,0.013927575,0.076171875,3.500829891181046,0,0,1
2020-03-07 16:00:00,1322.7783000000002,29.265252685546898,0.015133071,0.053527832,27.154869561792573,32.6715026855469,0.013866591,0.029785156,17.023704661023174,29.468377685546898,0.0139772175,0.07546997,4.297490279101816,0,0,1
2020-03-07 17:00:00,1290.5379,28.209588623046898,0.015198185,0.050460815,27.28499279657555,30.615838623046898,0.014008,0.037200928,17.11119371754797,28.115838623046898,0.014034702,0.054626465,5.502052527556531,0,0,1
2020-03-07 18:00:00,1293.4512,27.120263671875023,0.015361864,0.046051025,26.605665604542622,28.370263671875023,0.014396746,0.04107666,14.96172928510216,26.276513671875023,0.014434893,0.052825928,6.418026921478231,0,0,1
2020-03-07 19:00:00,1375.2616,26.497888183593773,0.015594425,0.03312683,25.424299976535732,26.951013183593773,0.014987888,0.036895752,13.737964947844464,24.857263183593773,0.014652194,0.06829834,7.277890604453368,0,0,1
2020-03-07 20:00:00,1315.7821,26.189569091796898,0.015739314,0.022064209,24.0469161183859,26.189569091796898,0.015586726,0.036254883,12.881178996460967,24.033319091796898,0.014934413,0.07443237,7.362852762317099,0,0,1
2020-03-07 21:00:00,1283.9721,26.040338134765648,0.015716478,0.017242432,23.12668018072721,25.837213134765648,0.015968248,0.051712036,12.685429253929302,23.587213134765648,0.015094683,0.072906494,7.355750765263782,0,0,1
2020-03-07 22:00:00,1255.6024,25.912042236328148,0.01566342,0.012187958,22.91949481986572,25.552667236328148,0.01618222,0.054244995,12.966838443929078,23.333917236328148,0.01516751,0.06863403,7.3023999697773,0,0,1
2020-03-07 23:00:00,1212.4542,25.760919189453148,0.015556642,0.013046265,23.79273082092495,25.292169189453148,0.016212769,0.05278015,13.085798057792507,23.135919189453148,0.015125581,0.060256958,7.254405510257265,0,0,1
2020-03-08 00:00:00,1150.7165,25.610742187500023,0.015430854,0.016166687,24.561987970271417,25.016992187500023,0.016106056,0.05836487,13.192884851061171,22.907617187500023,0.014912055,0.063568115,7.292692712873245,0,0,1
2020-03-08 01:00:00,1121.0325,25.447869873046898,0.015331844,0.016799927,25.34849296469229,24.768182373046898,0.015984157,0.04536438,13.238201124951162,22.666619873046898,0.014683345,0.06484985,7.349304540001026,0,0,1
2020-03-08 02:00:00,1092.4932,25.318505859375023,0.01527486,0.019752502,26.155847401135457,24.537255859375023,0.015824176,0.05482483,13.33752093040876,22.451318359375023,0.014572956,0.060546875,7.232649779946175,0,0,1
2020-03-08 03:00:00,1067.5544,25.213403320312523,0.015248375,0.024276733,27.35339616684465,24.354028320312523,0.015591698,0.052871704,13.774155490139956,22.307153320312523,0.014454918,0.06071472,7.223792010104459,0,0,1
2020-03-08 04:00:00,1030.6368,25.160241699218773,0.015210144,0.024307251,28.013711558419395,24.168054199218773,0.015412323,0.05152893,13.894248156555197,22.207116699218773,0.014325134,0.059921265,7.241562425618918,0,0,1
2020-03-08 05:00:00,1009.4701,25.152459716796898,0.015171925,0.024719238,26.78972870726735,23.941522216796898,0.015316883,0.05001831,13.19453030749486,22.113397216796898,0.01429073,0.05114746,7.148075962617227,0,0,1
2020-03-08 06:00:00,971.2781,25.203393554687523,0.015164019,0.021842957,24.550489146531977,23.859643554687523,0.015225054,0.048538208,12.555093796902652,22.086206054687523,0.014244677,0.047180176,6.997447752926179,0,0,1
2020-03-08 07:00:00,981.3682,25.896813964843773,0.015094762,0.0205307,25.821516778837093,25.459313964843773,0.015125279,0.05126953,15.167408585619528,22.842126464843773,0.014080052,0.04385376,7.442438627943995,0,0,1
2020-03-08 08:00:00,1042.5042999999998,26.960626220703148,0.014762404,0.021202087,28.414634920426707,27.804376220703148,0.014552596,0.04597473,18.160079956550863,24.468438720703148,0.013682845,0.035339355,7.76675762674443,0,0,1
2020-03-08 09:00:00,1079.6683999999998,28.028131103515648,0.014601891,0.006462097,28.593625704135583,29.934381103515648,0.013842766,0.041168213,18.937396953038014,26.387506103515648,0.013102715,0.027610779,7.505451814901004,0,0,1
2020-03-08 10:00:00,1139.3501,29.063104248046898,0.014571288,0.0017495155,28.85908703158981,31.734979248046898,0.013331511,0.039215088,18.92025891761964,28.063104248046898,0.012660124,0.027160645,7.112000325489358,0,0,1
2020-03-08 11:00:00,1179.7502000000002,29.830102539062523,0.01459424,0.0021562576,29.558737765193637,33.04885253906252,0.01301877,0.03340149,18.649583769952628,29.220727539062523,0.012576265,0.030784607,6.458456218247706,0,0,1
2020-03-08 12:00:00,1185.2083,30.236352539062523,0.014640167,0.0044670105,30.3860575576445,33.93947753906252,0.012976959,0.022865295,18.55615014794255,29.876977539062523,0.012843445,0.032958984,5.833283764583154,0,0,1
2020-03-08 13:00:00,1194.2209,30.290093994140648,0.014659313,0.007106781,31.15764977343921,34.35259399414065,0.012774852,0.013656616,18.63074811677258,30.149468994140648,0.012957958,0.03744507,5.686189253124721,0,0,1
2020-03-08 14:00:00,1200.2162,30.078210449218773,0.014617327,0.0104599,31.6822944365101,34.12508544921877,0.012652758,0.009212494,18.89008092811418,30.015710449218773,0.013083818,0.036117554,5.869615475149189,0,0,1
2020-03-08 15:00:00,1207.4208,29.573144531250023,0.014571334,0.009380341,31.96264415435448,33.05751953125002,0.012828018,0.008739471,19.316051848366666,29.448144531250023,0.013198043,0.03982544,6.357279034253597,0,0,1
2020-03-08 16:00:00,1196.7439000000002,28.785241699218773,0.014536896,0.0052757263,31.25580043824116,31.347741699218773,0.013201752,0.009075165,19.47466498540977,28.457116699218773,0.013320007,0.043060303,7.122171229938553,0,0,1
2020-03-08 17:00:00,1186.9186,27.706689453125023,0.014636197,0.0036563873,29.66162126592285,29.394189453125023,0.013465085,0.0072898865,18.99727946831508,27.019189453125023,0.0135223055,0.0471344,7.926418050017151,0,0,1
2020-03-08 18:00:00,1225.6406,26.6860290527344,0.014864734,0.00614357,27.761886047142603,27.4047790527344,0.013800434,0.012619019,16.185068497252097,25.3110290527344,0.013926319,0.06123352,8.06241585621063,0,0,1
2020-03-08 19:00:00,1280.9166,26.195520019531276,0.01507043,0.013896942,26.66416968417148,26.258020019531276,0.014269344,0.02445221,14.141392568083544,24.133020019531276,0.014620296,0.091156006,7.831845959076888,0,0,1
2020-03-08 20:00:00,1283.4224000000002,26.030908203125023,0.015138854,0.0146484375,26.25022903778428,25.640283203125023,0.014658202,0.015369415,13.53867096208774,23.609033203125023,0.015093078,0.091308594,7.72162114293049,0,0,1
2020-03-08 21:00:00,1277.9559,25.977258300781276,0.015111984,0.013309479,26.49526798248825,25.289758300781276,0.014886917,0.0060710907,13.777835295225564,23.352258300781276,0.015276016,0.08657837,7.866980212908133,0,0,1
2020-03-08 22:00:00,1231.6496,25.890039062500023,0.015172987,0.01574707,27.659957146932047,25.030664062500023,0.014974623,0.002732277,14.18539614232185,23.218164062500023,0.015279799,0.079559326,8.049184475929165,0,0,1
2020-03-08 23:00:00,1195.4730000000002,25.742578125000023,0.01529506,0.02017212,28.977716869194023,24.820703125000023,0.014959367,0.0017547607,14.609069599080607,23.117578125000023,0.0151043255,0.07489014,8.20598387682542,0,0,1
2020-03-09 00:00:00,1130.0947,25.606286621093773,0.015394412,0.023895264,29.717389928460346,24.668786621093773,0.014898501,0.004573822,14.949630549021808,22.996911621093773,0.014845096,0.070007324,8.423593764853765,0,0,1
2020-03-09 01:00:00,1075.9897,25.490014648437523,0.0153909335,0.025726318,29.74541372129781,24.536889648437523,0.014799655,0.015914917,15.252028443556824,22.872827148437523,0.01461655,0.05970764,8.441573479587754,0,0,1
2020-03-09 02:00:00,1040.5479,25.388513183593773,0.015334226,0.025421143,29.06478242045582,24.388513183593773,0.014689542,0.020812988,15.018712967387632,22.732263183593773,0.014445402,0.04673767,8.355749839131464,0,0,1
2020-03-09 03:00:00,1014.7098,25.290246582031276,0.015239469,0.02167511,28.16831869062201,24.196496582031276,0.014697782,0.019073486,14.297083438542032,22.548059082031276,0.014381162,0.03704834,8.056637471590292,0,0,1
2020-03-09 04:00:00,1004.5279,25.188378906250023,0.015136959,0.013305664,26.68518800820416,24.000878906250023,0.014816524,0.009853363,13.3903404492265,22.391503906250023,0.014332058,0.029701233,7.574499933336345,0,0,1
2020-03-09 05:00:00,1039.6735,25.081658935546898,0.015194505,0.010700226,25.181503810441377,23.808221435546898,0.0149541795,0.0054683685,12.352647604138609,22.316033935546898,0.014340013,0.02658844,7.108505728428519,0,0,1
2020-03-09 06:00:00,1066.5852,25.114892578125023,0.01533201,0.01335907,24.647269373568385,23.857080078125023,0.01501539,0.012462616,12.38779944434209,22.318017578125023,0.014408853,0.031280518,6.808775932776668,0,0,1
2020-03-09 07:00:00,1179.9425,25.950341796875023,0.015270565,0.015991211,27.463352345369245,25.653466796875023,0.014973018,0.01991272,15.937255283047682,23.161279296875023,0.014480922,0.034072876,7.196851900422248,0,0,1
2020-03-09 08:00:00,1405.2784,27.125421142578148,0.015010275,0.014472961,30.81989614737785,28.109796142578148,0.014506735,0.02533722,19.852405346629286,24.930108642578148,0.014190115,0.032730103,7.829022581985148,0,0,1
2020-03-09 09:00:00,1478.6181,28.309045410156276,0.014971174,0.009147644,31.40809556144522,30.387170410156276,0.013948835,0.01802063,20.96795262374096,26.934045410156276,0.013784803,0.031829834,7.856920862802165,0,0,1
2020-03-09 10:00:00,1557.3334,29.350305175781276,0.014883008,0.008056641,31.44759242511162,32.24093017578127,0.013467755,0.009819031,21.006599261289637,28.662805175781276,0.013437238,0.027404785,7.526905505454224,0,0,1
2020-03-09 11:00:00,1577.6041,30.111718750000023,0.014768388,0.007007599,31.891990588872044,33.58046875000002,0.013097551,0.0047779083,20.7495642338232,29.861718750000023,0.013437059,0.02443695,6.825338761861741,0,0,1
2020-03-09 12:00:00,1586.933,30.495782470703148,0.014703414,0.0076942444,32.494813663707355,34.38640747070315,0.0129257655,0.0026130676,20.74568852868704,30.495782470703148,0.013505599,0.020866394,6.437248337650452,0,0,1
2020-03-09 13:00:00,1621.5747,30.594140625000023,0.014653656,0.007209778,32.20660973230835,34.53164062500002,0.012979004,0.0018553734,20.88295809608336,30.719140625000023,0.013478729,0.016021729,6.391519375545889,0,0,1
2020-03-09 14:00:00,1620.0056,30.419732666015648,0.014600063,0.005050659,31.45805766556231,33.91973266601565,0.012906337,0.0019483566,20.86761047048864,30.560357666015648,0.013398433,0.011299133,6.526379064640174,0,0,1
2020-03-09 15:00:00,1585.9989,29.971063232421898,0.014519806,0.0032148361,31.034992870479336,32.8304382324219,0.012677307,0.0023899078,20.645174880577045,30.002313232421898,0.013356323,0.007255554,6.816009485453063,0,0,1
2020-03-09 16:00:00,1502.424,29.138330078125023,0.014554017,0.0024023056,30.83961877490772,31.419580078125023,0.012513154,0.0018835068,20.129452594528523,29.013330078125023,0.013333314,0.0054912567,7.212057698404609,0,0,1
2020-03-09 17:00:00,1405.2929,27.911035156250023,0.014763855,0.00217247,30.56842063050936,29.645410156250023,0.012768769,0.0034694672,19.06103532410958,27.582910156250023,0.013524079,0.00944519,7.420286451090372,0,0,1
2020-03-09 18:00:00,1341.9425,26.650415039062523,0.015149372,0.0020618439,29.62487669327582,27.650415039062523,0.013493793,0.007249832,15.71053160216599,25.869165039062523,0.013901966,0.019371033,7.234667667541172,0,0,1
2020-03-09 19:00:00,1411.2171,25.998406982421898,0.015493034,0.0017504692,28.19276202226976,26.482781982421898,0.014478325,0.023414612,13.28945311925906,24.639031982421898,0.014283775,0.043167114,7.280013097394962,0,0,1
2020-03-09 20:00:00,1360.049,25.7099548339844,0.015653195,0.0014395714,26.853393169792252,25.8662048339844,0.015271725,0.03276062,12.891838099879546,23.8974548339844,0.014653744,0.06365967,7.253161673594879,0,0,1
2020-03-09 21:00:00,1338.3996,25.545068359375023,0.015676003,0.0031795502,26.43851820263338,25.435693359375023,0.01572178,0.03364563,12.75495397926561,23.404443359375023,0.0150008015,0.06417847,6.876568341398976,0,0,1
2020-03-09 22:00:00,1280.1461000000002,25.411706542968773,0.015645513,0.0030202866,26.52526831172098,25.067956542968773,0.015874395,0.03466797,12.801584008672656,23.161706542968773,0.01518775,0.06686401,6.442825248066567,0,0,1
2020-03-09 23:00:00,1212.9147,25.282678222656276,0.015660945,0.0030069351,26.57226776977665,24.751428222656276,0.015828792,0.03437805,12.781432668411195,23.001428222656276,0.015210811,0.06427002,6.318154743353625,0,0,1
2020-03-10 00:00:00,1138.9221,25.139489746093773,0.015745196,0.0050239563,26.31012105811704,24.405114746093773,0.015684161,0.027069092,12.471546766931745,22.826989746093773,0.015211138,0.058242798,6.249369304115316,0,0,1
2020-03-10 01:00:00,1100.1414,25.057000732421898,0.015905917,0.010848999,25.276284639668603,24.135125732421898,0.015432894,0.021057129,12.580003238307617,22.658563232421898,0.015135348,0.054214478,6.220104912612115,0,0,1
2020-03-10 02:00:00,1073.7297,25.017480468750023,0.016112572,0.016212463,23.89778618555101,23.845605468750023,0.015166526,0.010063171,12.289182865550082,22.478417968750023,0.015071158,0.05480957,6.08050008386123,0,0,1
2020-03-10 03:00:00,1042.8943,25.016687011718773,0.016135674,0.027542114,23.29572820838166,23.540124511718773,0.014953118,0.0038576126,11.292190236320495,22.368249511718773,0.015029412,0.05307007,5.754653420970145,0,0,1
2020-03-10 04:00:00,1036.9465,25.072137451171898,0.0160672,0.02267456,22.279674802423795,23.220574951171898,0.014796904,0.0018076897,10.111321021009916,22.228387451171898,0.014922789,0.05178833,5.341515838985211,0,0,1
2020-03-10 05:00:00,1057.0998,25.068963623046898,0.016006498,0.013298035,21.156671389013333,22.881463623046898,0.014678984,0.0025186539,8.712927073625007,22.022088623046898,0.014877348,0.04283142,5.050863243198668,0,0,1
2020-03-10 06:00:00,1070.9013,25.183496093750023,0.015892435,0.010356903,21.35042391139551,22.925683593750023,0.014610697,0.0024528503,8.262068435086325,21.886621093750023,0.014870096,0.03930664,5.07064286529655,0,0,1
2020-03-10 07:00:00,1191.869,26.025292968750023,0.015678411,0.009468079,24.718199118782525,25.290917968750023,0.014644628,0.0025138855,12.44126539730904,22.790917968750023,0.014835363,0.034179688,5.767702649429311,0,0,1
2020-03-10 08:00:00,1359.2613,27.1608825683594,0.015391724,0.008224487,26.74125902200626,28.0983825683594,0.014289277,0.0025863647,16.20101467769578,24.7546325683594,0.014388459,0.01751709,6.177453335964391,0,0,1
2020-03-10 09:00:00,1470.0993,28.304772949218773,0.015231107,0.006795883,27.112181804895,30.554772949218773,0.01368997,0.0026435852,16.289813747289646,26.961022949218773,0.013583158,0.007953644,5.870172405018121,0,0,1
2020-03-10 10:00:00,1544.2839,29.337976074218773,0.015047804,0.0046157837,27.589634980804355,32.54110107421877,0.013289229,0.0029315948,15.55218169678406,28.900476074218773,0.012793318,0.0058555603,5.00824565757815,0,0,1
2020-03-10 11:00:00,1576.2743,30.0537048339844,0.0149104055,0.0031795502,27.83250927221071,34.0380798339844,0.013048833,0.0031356812,14.894185031135448,30.2255798339844,0.012823766,0.005830765,3.741748451806056,0,0,1
2020-03-10 12:00:00,1579.0728,30.528283691406276,0.014780643,0.0012412071,28.13825956969137,35.02828369140627,0.013033512,0.0026636124,14.533980684707718,31.122033691406276,0.012694004,0.009010315,2.9978108477302103,0,0,1
2020-03-10 13:00:00,1619.6667,30.664514160156276,0.01472335,0.0012273788,28.54569213220518,35.47701416015627,0.013067772,0.0023860931,14.57012767979295,31.555139160156276,0.012625267,0.0069446564,2.6893929508433723,0,0,1
2020-03-10 14:00:00,1643.7247,30.464257812500023,0.014742089,0.0012450218,28.7286911308503,35.40175781250002,0.013025476,0.0018305779,14.763705511396727,31.401757812500023,0.012754632,0.01776123,2.6225786376596254,0,0,1
2020-03-10 15:00:00,1595.3472,29.941613769531276,0.014764593,0.001206398,28.604991642631187,34.61348876953127,0.013078497,0.0012497902,15.068216465824266,30.707238769531276,0.012876318,0.02468872,2.86886888145508,0,0,1
2020-03-10 16:00:00,1524.6631,29.121362304687523,0.014806365,0.0012731552,27.96743127128522,33.01198730468752,0.013257598,0.0009224415,15.385994544552524,29.683862304687523,0.012834166,0.018997192,3.5077491982234603,0,0,1
2020-03-10 17:00:00,1404.547,27.995996093750023,0.014936025,0.002158165,26.87360674985949,30.730371093750023,0.013520773,0.0013904572,15.380261104435938,28.324121093750023,0.012723501,0.020484924,4.446341982735393,0,0,1
2020-03-10 18:00:00,1368.3916000000002,26.926293945312523,0.015042835,0.013347626,25.189708024922787,28.129418945312523,0.013894611,0.0027799606,13.646363413214438,26.457543945312523,0.013227039,0.013938904,5.509424651858562,0,0,1
2020-03-10 19:00:00,1408.2269,26.379754638671898,0.01509262,0.01940155,24.01441682773437,26.661004638671898,0.01426483,0.00481987,12.359686570128565,24.957879638671898,0.013494262,0.009777069,6.25371140414186,0,0,1
2020-03-10 20:00:00,1372.8238,26.120080566406276,0.015089179,0.014743805,22.94579680604823,25.791955566406276,0.014555122,0.008769989,11.74688002699663,24.010705566406276,0.014005805,0.008049011,6.129059398480931,0,0,1
2020-03-10 21:00:00,1328.0956,25.893212890625023,0.015115817,0.008377075,22.109769817587853,25.174462890625023,0.014749606,0.0076084137,10.78522472587824,23.315087890625023,0.014295657,0.0096588135,5.994384187912663,0,0,1
2020-03-10 22:00:00,1286.9079,25.6247497558594,0.015306462,0.0026302338,21.1308283495532,24.4841247558594,0.014905918,0.0068950653,9.216957047241426,22.7966247558594,0.014482487,0.019836426,5.909170856308473,0,0,1
2020-03-10 23:00:00,1205.4112,25.3740173339844,0.015466674,0.00793457,21.102005415797795,23.9521423339844,0.015039428,0.00538826,8.721736352215572,22.4755798339844,0.014615997,0.030899048,5.761324258211124,0,0,1
2020-03-11 00:00:00,1137.8,25.128869628906276,0.015485793,0.015377045,21.478870260695302,23.519494628906276,0.015138656,0.0049095154,8.388340555702444,22.206994628906276,0.014658004,0.031051636,5.624566297977493,0,0,1
2020-03-11 01:00:00,1081.2659999999998,24.939996337890648,0.015428667,0.018753052,21.823728040617176,23.111871337890648,0.015264635,0.0055503845,8.111419257780248,21.908746337890648,0.014673357,0.031188965,5.398014084901133,0,0,1
2020-03-11 02:00:00,1065.3052,24.796716308593773,0.015329646,0.019477844,21.611863121061003,22.679528808593773,0.015383052,0.006061554,7.588058984015442,21.648278808593773,0.014658259,0.031311035,5.204161768540133,0,0,1
2020-03-11 03:00:00,1018.085,24.701196289062523,0.015245971,0.020454407,21.052434929943196,22.302758789062523,0.015493927,0.0052433014,7.256034528505045,21.443383789062523,0.014662323,0.032989502,5.050249765848094,0,0,1
2020-03-11 04:00:00,1038.0730999999998,24.619287109375023,0.015234853,0.020492554,19.72349597142862,21.947412109375023,0.015581991,0.004190445,6.824763794888294,21.291162109375023,0.014674093,0.034362793,4.867564049815137,0,0,1
2020-03-11 05:00:00,1041.7823,24.539849853515648,0.015361091,0.020843506,18.086634317704963,21.664849853515648,0.015647193,0.0065612793,6.596690917597769,21.203912353515648,0.014704963,0.04096985,4.785857675392932,0,0,1
2020-03-11 06:00:00,1074.3952,24.565515136718773,0.01552165,0.021980286,17.379435205621796,21.823327636718773,0.015662795,0.014987946,7.162566123777011,21.198327636718773,0.014789228,0.051513672,4.837503353383877,0,0,1
2020-03-11 07:00:00,1185.5511,25.410363769531276,0.015467464,0.01964569,21.356572031702854,24.465051269531276,0.015654383,0.019432068,12.262173933541147,22.300988769531276,0.014857112,0.061401367,5.486639687914858,0,0,1
2020-03-11 08:00:00,1345.415,26.637658691406276,0.0152037395,0.024871826,25.52305203737857,27.622033691406276,0.015051152,0.027557373,15.941456482706938,24.629846191406276,0.014597203,0.064575195,5.959672163709104,0,0,1
2020-03-11 09:00:00,1426.7424,27.848352050781276,0.014997414,0.026863098,27.33367576694757,30.192102050781276,0.014203957,0.032730103,16.173880310453487,27.129602050781276,0.01391404,0.06460571,5.58319659317116,0,0,1
2020-03-11 10:00:00,1506.8943,28.945031738281276,0.014833126,0.017204285,28.140859786118,32.11690673828127,0.013574276,0.036880493,16.121015643741003,28.991906738281276,0.013139401,0.044525146,4.6894294796005545,0,0,1
2020-03-11 11:00:00,1547.1076999999998,29.772241210937523,0.014699409,0.012870789,26.535764233337343,33.53786621093752,0.013158271,0.029937744,15.52355738032473,30.381616210937523,0.0130018685,0.02168274,3.219678444888972,0,0,1
2020-03-11 12:00:00,1564.0773,30.439721679687523,0.014359617,0.009307861,23.377412193801653,34.68972167968752,0.012662076,0.014587402,13.890295326603171,31.595971679687523,0.012475156,0.009433746,1.8870254324213491,0,0,1
2020-03-11 13:00:00,1611.7421,30.960839843750023,0.013966489,0.006175995,21.79753955640156,35.63271484375002,0.011837888,0.0043258667,11.752833754347256,32.28896484375002,0.012463498,0.003832817,0.8651754254997183,0,0,1
2020-03-11 14:00:00,1638.3013,31.065545654296898,0.0138442395,0.0043411255,22.27663568213237,36.1436706542969,0.010861146,0.0009536743,10.642385699765272,32.5811706542969,0.012242067,0.0016350746,0.2372042761399641,0,0,1
2020-03-11 15:00:00,1590.3135,30.607446289062523,0.014050068,0.0041866302,23.666396836726086,35.90432128906252,0.010246815,0.00018644333,11.001716909799985,32.23244628906252,0.012287678,0.001200676,0.305302448321989,0,0,1
2020-03-11 16:00:00,1520.5527,29.671929931640648,0.01451913,0.0063533783,24.70223929567324,34.67192993164065,0.01036111,4.5076013e-05,11.865001560215903,31.140679931640648,0.012611781,0.0014109612,0.5646728130345346,0,0,1
2020-03-11 17:00:00,1394.3462,28.278771972656276,0.015095118,0.011306763,25.141739446146715,32.29439697265627,0.011162166,2.8438866e-05,12.073842740728075,29.294396972656276,0.013275508,0.008785248,0.657808008880869,0,0,1
2020-03-11 18:00:00,1354.4256,26.857873535156276,0.015564594,0.029037476,24.44703441023222,28.920373535156276,0.012634907,5.5342913e-05,10.37322495316452,26.842248535156276,0.014343891,0.036865234,0.2977840033033702,0,0,1
2020-03-11 19:00:00,1401.7057,26.101922607421898,0.015804965,0.040740967,23.48947946958283,26.789422607421898,0.013798434,0.0018782616,11.647625352881333,25.211297607421898,0.014664371,0.04852295,1.090612389018865,0,0,1
2020-03-11 20:00:00,1367.1769000000002,25.761437988281276,0.016003152,0.034103394,21.80912294494966,25.652062988281276,0.0146908965,0.0070228577,12.092757101774176,24.417687988281276,0.014698526,0.05180359,2.761910694148046,0,0,1
2020-03-11 21:00:00,1362.1587,25.531274414062523,0.016125098,0.041549683,20.210834317056385,24.968774414062523,0.015060797,0.010936737,11.466638727671572,23.812524414062523,0.014725104,0.043045044,4.662030433143053,0,0,1
2020-03-11 22:00:00,1298.0293,25.323449707031276,0.0162319,0.05064392,19.59316636671893,24.417199707031276,0.015209561,0.014518738,10.473824555718632,23.214074707031276,0.014835721,0.03366089,5.6534794482806205,0,0,1
2020-03-11 23:00:00,1223.6741000000002,25.2165466308594,0.016163312,0.047180176,19.223732609635864,23.9509216308594,0.015263043,0.013629913,9.692261241759615,22.7399841308594,0.0148701295,0.028114319,5.67991761550795,0,0,1
2020-03-12 00:00:00,1142.6111,25.106042480468773,0.016079435,0.0337677,18.47294381020894,23.512292480468773,0.015282163,0.008888245,9.021077994067497,22.316979980468773,0.014832029,0.029838562,5.617389841056414,0,0,1
2020-03-12 01:00:00,1091.9788,24.938439941406276,0.015965154,0.029167175,18.18469460785517,22.915002441406276,0.0152823245,0.0071163177,7.940016686064053,21.938439941406276,0.014790229,0.030830383,5.605919818659969,0,0,1
2020-03-12 02:00:00,1067.1231,24.759851074218773,0.015866278,0.021720886,17.909800091878598,22.384851074218773,0.015091894,0.00425148,7.260738102617378,21.642663574218773,0.014649389,0.025848389,5.510201360273663,0,0,1
2020-03-12 03:00:00,1035.3539,24.650048828125023,0.015668195,0.025230408,18.539305688393917,21.970361328125023,0.014832776,0.0040798187,6.670607778376313,21.368798828125023,0.014466565,0.02469635,5.361071939319786,0,0,1
2020-03-12 04:00:00,1043.0949999999998,24.547570800781276,0.01545878,0.021957397,18.15047425210074,21.664758300781276,0.014642435,0.0055713654,6.158957104027672,21.133508300781276,0.014333445,0.025978088,5.1172128905620085,0,0,1
2020-03-12 05:00:00,1061.155,24.399316406250023,0.015283664,0.012832642,16.5647132402419,21.399316406250023,0.014593204,0.003783226,5.741843610158506,20.969628906250023,0.014284213,0.027999878,4.91277021291002,0,0,1
2020-03-12 06:00:00,1080.0906,24.421655273437523,0.015112407,0.013252258,15.680050093901666,21.507592773437523,0.014669902,0.002418518,5.754613955729783,20.913842773437523,0.014315135,0.033187866,4.748568527959534,0,0,1
2020-03-12 07:00:00,1186.5325,25.485375976562523,0.014760597,0.011810303,19.20078411885329,24.165063476562523,0.014768226,0.0024337769,10.343028498722733,21.993188476562523,0.0144096445,0.030670166,5.149829954284359,0,0,1
2020-03-12 08:00:00,1376.4477,26.668878173828148,0.014271805,0.012168884,20.99938227153677,27.434503173828148,0.01421077,0.0029354095,13.60551326300858,24.215753173828148,0.014107773,0.026412964,5.102279927630383,0,0,1
2020-03-12 09:00:00,1429.5105,27.732263183593773,0.01408463,0.008853912,20.61029691657201,29.997888183593773,0.013340764,0.002445221,13.16478063925811,26.654138183593773,0.013478093,0.019493103,4.4388322877252575,0,0,1
2020-03-12 10:00:00,1497.7007,28.733331298828148,0.013996729,0.0047130585,20.011391462590574,32.10833129882815,0.01284469,0.0021781921,11.863853565487895,28.686456298828148,0.01297439,0.024742126,3.104483251279801,0,0,1
2020-03-12 11:00:00,1545.9295,29.632012939453148,0.013832549,0.003419876,19.966790933280688,33.77263793945315,0.01268051,0.0018086433,11.088865314357504,30.163262939453148,0.013031462,0.042938232,1.4696448542292142,0,0,1
2020-03-12 12:00:00,1566.1427,30.302880859375023,0.013580632,0.0023412704,20.667731169490665,35.00600585937502,0.012592626,0.0015554428,10.764027386786791,31.052880859375023,0.0135539295,0.07122803,0.5628464990563218,0,0,1
2020-03-12 13:00:00,1599.4331,30.670220947265648,0.013469834,0.0017089844,21.51729772909461,35.71709594726565,0.012519974,0.0013842583,10.850345947094535,31.560845947265648,0.013546128,0.09420776,0.2760154405167301,0,0,1
2020-03-12 14:00:00,1595.3208,30.666955566406276,0.013420045,0.00121212,22.10413090690096,35.83883056640627,0.012485445,0.0011620522,11.238965413546504,31.604455566406276,0.013484895,0.103027344,0.459685613756699,0,0,1
2020-03-12 15:00:00,1558.8549,30.342492675781276,0.013335933,0.00081014633,22.45915310846804,35.32686767578127,0.01255392,0.0053920746,11.69751989047827,31.076867675781276,0.013541927,0.09454346,0.7949989124056736,0,0,1
2020-03-12 16:00:00,1492.4665,29.634301757812523,0.013274857,0.00057148933,22.91123614782252,34.13430175781252,0.012687393,0.0065345764,11.92034026460343,29.915551757812523,0.013820359,0.09680176,1.1605369636782656,0,0,1
2020-03-12 17:00:00,1407.9844,28.379510498046898,0.013499938,0.0005199909,23.126209876500585,32.0357604980469,0.012969695,0.0063667297,11.792310802178502,28.348260498046898,0.014346801,0.10949707,1.2451341881881652,0,0,1
2020-03-12 18:00:00,1361.509,26.8928161621094,0.0140761,0.0006082058,22.338034479869265,29.2365661621094,0.013557301,0.0045337677,9.860706447650111,26.5021911621094,0.015155659,0.116119385,1.1872539661917163,0,0,1
2020-03-12 19:00:00,1405.3519,25.9631286621094,0.014667582,0.0007662773,21.335558543183478,27.3693786621094,0.014080118,0.0009799004,9.309025820726731,25.2443786621094,0.015564036,0.109069824,0.9344646506535168,0,0,1
2020-03-12 20:00:00,1384.2734,25.478387451171898,0.014995845,0.0012822151,19.952131756920306,26.275262451171898,0.014427455,0.0007660389,8.46005919740135,24.634637451171898,0.015476497,0.092681885,1.1556443303473642,0,0,1
2020-03-12 21:00:00,1354.5208,25.210778808593773,0.015064883,0.0021629333,19.10972225544306,25.460778808593773,0.014675784,0.00082087517,7.117801523363867,24.195153808593773,0.015385318,0.08023071,1.8086961727925015,0,0,1
2020-03-12 22:00:00,1282.2185,25.027551269531276,0.01504948,0.00319767,19.25112657297264,24.824426269531276,0.014805339,0.0012259483,6.663104157672399,23.715051269531276,0.015186809,0.08383179,2.684429764105731,0,0,1
2020-03-12 23:00:00,1211.4243,24.824853515625023,0.015015052,0.0050201416,19.389355545233386,24.277978515625023,0.014934943,0.001994133,6.340425545162565,23.270166015625023,0.01516001,0.091308594,3.1153244577615147,0,0,1
2020-03-13 00:00:00,1142.9813,24.635949707031276,0.014988342,0.006181717,19.167198462143784,23.776574707031276,0.01508371,0.0024280548,5.967907537153142,22.870324707031276,0.0151752625,0.09329224,3.455929896895371,0,0,1
2020-03-13 01:00:00,1090.8723,24.461724853515648,0.014954112,0.0069026947,18.5517522596076,23.352349853515648,0.015205882,0.0033397675,5.74203572224474,22.547662353515648,0.015182993,0.09225464,3.7968526203767534,0,0,1
2020-03-13 02:00:00,1070.0566,24.303582763671898,0.014908582,0.008541107,17.595571420273824,22.975457763671898,0.015286237,0.012126923,5.5039385894410096,22.311395263671898,0.015171796,0.08859253,4.068644143410732,0,0,1
2020-03-13 03:00:00,1026.4606,24.161676025390648,0.014889839,0.009521484,16.721283777771305,22.614801025390648,0.015328529,0.02872467,5.335668938554058,22.122613525390648,0.015141609,0.08117676,4.13809055827387,0,0,1
2020-03-13 04:00:00,1030.3985,24.020532226562523,0.014890277,0.009170532,15.545640575993284,22.333032226562523,0.015363299,0.03312683,5.252164906593727,21.973657226562523,0.015111529,0.075408936,4.054065571093309,0,0,1
2020-03-13 05:00:00,1046.0184,23.9201599121094,0.014906196,0.006832123,14.267577932494866,22.1154724121094,0.015413551,0.040512085,4.922046697619039,21.8576599121094,0.015089301,0.07119751,3.9834767556539967,0,0,1
2020-03-13 06:00:00,1054.964,24.037774658203148,0.014920612,0.0044822693,13.94445523231633,22.373712158203148,0.0154546695,0.0448761,5.399208010769236,21.795587158203148,0.015088459,0.06552124,3.972472881034919,0,0,1
2020-03-13 07:00:00,1168.9747,25.226037597656276,0.014813131,0.0024251938,18.418483854143684,25.007287597656276,0.015549367,0.05029297,10.050561940439128,22.835412597656276,0.015103048,0.058532715,4.492756411410676,0,0,1
2020-03-13 08:00:00,1336.6004,26.422326660156276,0.01462194,0.0019044876,19.80301601674288,27.953576660156276,0.015281883,0.048217773,12.89065690692074,24.984826660156276,0.014721123,0.046691895,4.588974649681419,0,0,1
2020-03-13 09:00:00,1390.4215,27.636682128906276,0.014446113,0.0015416145,19.63707283473282,30.558557128906276,0.014690254,0.04284668,12.900208813064008,27.324182128906276,0.014095161,0.042678833,4.0311634710916975,0,0,1
2020-03-13 10:00:00,1472.4835999999998,28.865502929687523,0.014087311,0.0012087822,19.322711030289167,32.78737792968752,0.0142322695,0.035705566,11.989361147751,29.287377929687523,0.013648621,0.044830322,2.573489279304262,0,0,1
2020-03-13 11:00:00,1529.6751000000002,29.928430175781276,0.013640831,0.0009884834,19.219467545675084,34.56905517578127,0.0139269335,0.026748657,11.075632164266503,30.725305175781276,0.013930748,0.045394897,1.2147278910154071,0,0,1
2020-03-13 12:00:00,1540.3465,30.725915527343773,0.013297381,0.00089383125,19.63404517618488,35.91341552734377,0.013511004,0.017311096,10.478478222498486,31.804040527343773,0.013827624,0.047332764,0.6886103917987513,0,0,1
2020-03-13 13:00:00,1582.2665000000002,31.209802246093773,0.013076037,0.0010266304,20.550566015314637,36.69417724609377,0.013137072,0.010986328,10.168204330312138,32.53792724609377,0.013495654,0.051635742,0.9073665797463916,0,0,1
2020-03-13 14:00:00,1613.5005999999998,31.306481933593773,0.013034015,0.0015535355,21.936116242415867,36.79085693359377,0.012992053,0.00868988,9.998502706966958,32.68148193359377,0.013335376,0.07324219,2.029815003792983,0,0,1
2020-03-13 15:00:00,1590.7496,30.947564697265648,0.013224705,0.0025491714,23.50607658876061,36.10381469726565,0.01309882,0.02720642,9.849997354884689,31.822564697265648,0.013587101,0.09057617,3.3744238552422368,0,0,1
2020-03-13 16:00:00,1493.3091000000002,30.003381347656276,0.013697664,0.004589081,25.186242735273503,34.56588134765627,0.013255159,0.041656494,9.401347230180985,30.347131347656276,0.014208834,0.11099243,3.707929954163496,0,0,1
2020-03-13 17:00:00,1382.3465,28.560632324218773,0.014376612,0.008300781,25.624538593883287,32.63875732421877,0.01345727,0.033950806,8.61547429032868,28.623132324218773,0.014941188,0.13909912,3.282993799329811,0,0,1
2020-03-13 18:00:00,1335.5001000000002,27.129968261718773,0.015063302,0.011859894,23.944713083851493,30.020593261718773,0.013907448,0.034362793,5.5484618555693,26.879968261718773,0.015234963,0.14465332,2.491031501555519,0,0,1
2020-03-13 19:00:00,1369.3283,26.3605895996094,0.015551727,0.0160141,21.62427529945368,28.2668395996094,0.014327209,0.041305542,4.214450690155358,25.6418395996094,0.015589874,0.12426758,1.8788032944481248,0,0,1
2020-03-13 20:00:00,1361.6459,26.020837402343773,0.015803708,0.018005371,19.775039684386044,27.177087402343773,0.014682188,0.03727722,4.773231820078429,24.708337402343773,0.01589526,0.12841797,1.168037142074865,0,0,1
2020-03-13 21:00:00,1333.5203,25.817834472656276,0.015903242,0.018936157,19.164162998488017,26.270959472656276,0.015090711,0.027862549,5.101499864272599,24.067834472656276,0.015865095,0.14642334,0.6377150032777199,0,0,1
2020-03-13 22:00:00,1306.1054,25.631799316406276,0.015972115,0.019927979,19.110973070124185,25.522424316406276,0.015274026,0.020729065,4.722866012420515,23.616174316406276,0.015758492,0.14752197,0.8452993092239304,0,0,1
2020-03-13 23:00:00,1238.2315999999998,25.440759277343773,0.016010169,0.023628235,18.988585470588063,24.862634277343773,0.01531208,0.01725769,4.356142758071496,23.237634277343773,0.015704993,0.13885498,1.7622863721228723,0,0,1
2020-03-14 00:00:00,1167.529,25.2626892089844,0.015987229,0.03215027,18.81450958367035,24.3095642089844,0.015380691,0.01499939,4.7626655669981774,22.9033142089844,0.015659165,0.12634277,2.698076278108773,0,0,1
2020-03-14 01:00:00,1148.7543,25.1296325683594,0.015888123,0.0463562,18.40013305781809,23.8327575683594,0.015518097,0.017501831,5.465941075498373,22.6061950683594,0.015624909,0.11618042,3.3841186933601355,0,0,1
2020-03-14 02:00:00,1090.9916999999998,25.009149169921898,0.01586551,0.043930054,17.902071333229003,23.438836669921898,0.015583222,0.026176453,6.120559247214034,22.360711669921898,0.015583222,0.111968994,3.82987450057904,0,0,1
2020-03-14 03:00:00,1076.1476,24.847955322265648,0.015881138,0.03401184,17.39619706787424,23.152642822265648,0.015560703,0.032592773,6.607415870711136,22.183892822265648,0.015530186,0.10284424,4.159617131936022,0,0,1
2020-03-14 04:00:00,1043.6745,24.698266601562523,0.01585864,0.028862,16.719825361517056,22.901391601562523,0.01550769,0.035186768,6.80477349525885,22.042016601562523,0.015477172,0.098846436,4.366868323603138,0,0,1
2020-03-14 05:00:00,1033.5657,24.578179931640648,0.015782936,0.019813538,15.96946177589029,22.679742431640648,0.0154548725,0.03517151,6.790097273971135,21.929742431640648,0.0154548725,0.09881592,4.487791361156346,0,0,1
2020-03-14 06:00:00,1011.1204,24.5937438964844,0.015736684,0.01455307,15.141903396348674,22.7656188964844,0.015431509,0.031906128,7.508224433450722,21.8828063964844,0.015442953,0.093933105,4.698376663367256,0,0,1
2020-03-14 07:00:00,1066.024,25.751184082031276,0.015541929,0.010677338,19.42900860639179,25.063684082031276,0.015309232,0.028633118,12.55407831562064,22.649621582031276,0.015477079,0.075286865,5.491352232448791,0,0,1
2020-03-14 08:00:00,1197.092,27.108666992187523,0.0151182255,0.010116577,22.07935879315332,27.921166992187523,0.014546021,0.023674011,15.53696570977734,24.530541992187523,0.014965638,0.046798706,5.950363821238374,0,0,1
2020-03-14 09:00:00,1257.5697,28.364953613281276,0.014873859,0.008831024,21.984774783145383,30.427453613281276,0.013637897,0.014930725,15.250202595349965,26.833703613281276,0.01416051,0.027542114,5.554270838308849,0,0,1
2020-03-14 10:00:00,1321.7726,29.483911132812523,0.014568559,0.006319046,21.626540853477,32.48391113281252,0.012958757,0.0077590942,13.976044737606143,28.843286132812523,0.013550035,0.015899658,4.447729718867774,0,0,1
2020-03-14 11:00:00,1364.0815,30.359887695312523,0.014286159,0.0040779114,21.57592996336843,34.12551269531252,0.01250851,0.0034103394,12.97919661729193,30.297387695312523,0.013691066,0.009483337,2.8521459832194296,0,0,1
2020-03-14 12:00:00,1359.2759999999998,30.954736328125023,0.014163964,0.003115654,22.22465235091745,35.32973632812502,0.012168878,0.0014119148,12.619876442862088,31.423486328125023,0.013347619,0.0065612793,2.0354056986341145,0,0,1
2020-03-14 13:00:00,1369.4784,31.212731933593773,0.014205778,0.0035991669,23.248267521452508,35.97835693359377,0.011882627,0.0018930435,12.73028249758275,31.962731933593773,0.013450468,0.0054531097,1.417493095381133,0,0,1
2020-03-14 14:00:00,1367.888,31.076715087890648,0.014403976,0.0054130554,24.350619680677696,35.98296508789065,0.01176039,0.0037088394,13.027803894609644,31.936090087890648,0.0135609275,0.013607025,0.997693227681604,0,0,1
2020-03-14 15:00:00,1356.7695,30.560571289062523,0.014682336,0.0068130493,25.304694108906208,35.26369628906252,0.011836572,0.0048732758,13.3355029311884,31.341821289062523,0.013595147,0.025474548,0.8126779324764072,0,0,1
2020-03-14 16:00:00,1324.2935,29.656915283203148,0.014853837,0.0074062347,26.27815938696243,33.75066528320315,0.012153031,0.003001213,13.7423128092194,30.188165283203148,0.013667466,0.03488159,0.8377542515461547,0,0,1
2020-03-14 17:00:00,1284.2789,28.403527832031276,0.0149491215,0.0075035095,26.550725273958943,31.403527832031276,0.012759485,0.0027046204,14.068803860507462,28.606652832031276,0.013819971,0.021995544,1.187232576173706,0,0,1
2020-03-14 18:00:00,1300.65,27.062921142578148,0.015025494,0.009147644,25.386271405602407,28.656671142578148,0.0136255,0.0051555634,13.066622808603396,26.687921142578148,0.014102337,0.023223877,1.7386211339008135,0,0,1
2020-03-14 19:00:00,1333.3171,26.308557128906276,0.015056261,0.013870239,24.17879010602497,26.886682128906276,0.014598497,0.016029358,12.360071062050396,25.324182128906276,0.014464983,0.032333374,3.128033517572581,0,0,1
2020-03-14 20:00:00,1327.94,25.937036132812523,0.014976484,0.009693146,22.990559718755016,25.952661132812523,0.015312177,0.03250122,11.647334600233432,24.608911132812523,0.014659864,0.030151367,4.195841365277438,0,0,1
2020-03-14 21:00:00,1314.6859,25.732202148437523,0.014927099,0.007854462,22.00061046793734,25.341577148437523,0.015705299,0.037750244,11.05951088042806,24.044702148437523,0.014938544,0.035705566,4.56384458194668,0,0,1
2020-03-14 22:00:00,1252.4506,25.535791015625023,0.014969299,0.008834839,21.28643439913578,24.879541015625023,0.015957305,0.040664673,9.575263411680965,23.676416015625023,0.015129516,0.04119873,4.482354147006708,0,0,1
2020-03-14 23:00:00,1220.7436,25.358514404296898,0.015034319,0.009536743,20.70428303070236,24.514764404296898,0.016071917,0.048065186,8.372065484933142,23.327264404296898,0.0151907215,0.046676636,4.543154738104926,0,0,1
2020-03-15 00:00:00,1160.6452,25.2365661621094,0.015068693,0.011886597,20.191341432898,24.2053161621094,0.016125364,0.053649902,7.558683684057994,22.9943786621094,0.015198393,0.046585083,4.621691389479729,0,0,1
2020-03-15 01:00:00,1126.1212,25.136560058593773,0.01507266,0.013027191,19.79750107688241,24.230310058593773,0.016117888,0.053131104,8.630918445890014,22.683435058593773,0.015217618,0.048339844,4.590735244206255,0,0,1
2020-03-15 02:00:00,1055.522,25.048425292968773,0.015080542,0.014762878,19.242477254974297,23.767175292968773,0.016163917,0.046432495,6.95751536086289,22.462487792968773,0.015214057,0.048217773,4.54192014680962,0,0,1
2020-03-15 03:00:00,1032.3886,24.977319335937523,0.015126662,0.019226074,18.40399903501837,23.383569335937523,0.01615663,0.037994385,6.90996876291372,22.305444335937523,0.015180068,0.04916382,4.65050650268402,0,0,1
2020-03-15 04:00:00,1014.0015,24.9360290527344,0.015222384,0.025817871,18.14181727549964,23.0922790527344,0.01609595,0.02609253,7.393714606747758,22.1625915527344,0.01520331,0.053649902,4.723680311921998,0,0,1
2020-03-15 05:00:00,1006.9698,24.938165283203148,0.015351654,0.030158997,18.41625383883875,22.860040283203148,0.015920043,0.018005371,7.970347553558233,22.047540283203148,0.015271545,0.05822754,4.874354316793738,0,0,1
2020-03-15 06:00:00,967.6152,25.054650878906276,0.015461695,0.029830933,19.300594261389296,22.945275878906276,0.01563717,0.015014648,9.313922428331502,22.062463378906276,0.015328181,0.058792114,5.118508234707363,0,0,1
2020-03-15 07:00:00,1000.3959,25.890649414062523,0.015354536,0.025726318,23.30073078630328,25.203149414062523,0.015297315,0.011520386,14.530414542515429,23.062524414062523,0.01530113,0.05001831,5.929533573610469,0,0,1
2020-03-15 08:00:00,1057.3393,27.065454101562523,0.015041413,0.015861511,26.208362590084118,28.002954101562523,0.014526429,0.006034851,17.669313008501007,25.143579101562523,0.014896454,0.033233643,6.309329019410138,0,0,1
2020-03-15 09:00:00,1093.5686,28.285852050781276,0.014777957,0.012195587,27.645229795911447,30.442102050781276,0.013679325,0.0063171387,18.21753115730244,27.270227050781276,0.014076053,0.025558472,6.174230516806966,0,0,1
2020-03-15 10:00:00,1145.1883,29.357049560546898,0.014663342,0.0019345284,28.33693808329551,32.4507995605469,0.013332013,0.0071697235,17.515918445426045,28.997674560546898,0.013656262,0.022277832,5.1086419543850425,0,0,1
2020-03-15 11:00:00,1203.5704999999998,30.162408447265648,0.014575516,0.0006735325,28.426771574751253,33.94365844726565,0.013236557,0.0070972443,16.34446995157833,30.193658447265648,0.013656174,0.023765564,3.847191021207825,0,0,1
2020-03-15 12:00:00,1227.092,30.664514160156276,0.014502986,0.0004918575,28.110199719088985,35.00826416015627,0.0131907305,0.006099701,15.50816427497747,31.102014160156276,0.013373836,0.03492737,3.2396983912275594,0,0,1
2020-03-15 13:00:00,1257.3365,30.834680175781276,0.0144952955,0.00063562393,27.53464522419111,35.55343017578127,0.013141078,0.0040187836,15.23053148630962,31.569055175781276,0.013366145,0.04119873,2.923812522464319,0,0,1
2020-03-15 14:00:00,1262.4778,30.695275878906276,0.014559958,0.0014533997,26.869875646998373,35.47652587890627,0.013167594,0.0019569397,15.4655952038635,31.539025878906276,0.013457511,0.041549683,2.854020124325712,0,0,1
2020-03-15 15:00:00,1274.7608,30.236535644531276,0.014616994,0.0026407242,26.33104554229828,34.68966064453127,0.01328185,0.0010094643,16.06555078411787,31.080285644531276,0.013434438,0.058059692,3.064766257864911,0,0,1
2020-03-15 16:00:00,1252.2794,29.479425048828148,0.014666434,0.0033826828,26.24774383440383,33.13567504882815,0.0134800635,0.0010080338,16.716309264379003,30.151300048828148,0.013483878,0.058929443,3.5039511013668934,0,0,1
2020-03-15 17:00:00,1212.9456,28.417352294921898,0.014776957,0.010509491,26.47998062271377,30.964227294921898,0.013705027,0.0024299622,17.022882055890815,28.807977294921898,0.013441813,0.047042847,4.387226565717153,0,0,1
2020-03-15 18:00:00,1248.7264,27.249597167968773,0.01498296,0.021125793,26.30653743355754,28.562097167968773,0.014025471,0.004552841,15.325200140238918,26.983972167968773,0.013792775,0.035690308,5.3907105653025695,0,0,1
2020-03-15 19:00:00,1292.7582,26.5512634277344,0.015303555,0.012557983,26.057511782364905,27.0512634277344,0.014449063,0.005929947,13.852361523194777,25.2856384277344,0.014571133,0.030708313,5.95361674042511,0,0,1
2020-03-15 20:00:00,1310.1534,26.110070800781276,0.015635729,0.011554718,25.066134071102944,26.203820800781276,0.01475072,0.0043411255,13.247629792887276,24.188195800781276,0.014796496,0.027404785,6.021901583650011,0,0,1
2020-03-15 21:00:00,1272.9448,25.957421875000023,0.015758116,0.028556824,25.07897946850391,25.676171875000023,0.014888365,0.0046977997,12.88437712579377,23.504296875000023,0.014998991,0.027816772,6.023955473837872,0,0,1
2020-03-15 22:00:00,1250.1545,25.904718017578148,0.015674442,0.046401978,25.469098600470883,25.248468017578148,0.014957278,0.009326935,12.897471246600428,23.029718017578148,0.015090792,0.03416443,6.13734589361883,0,0,1
2020-03-15 23:00:00,1205.8421999999998,25.7646423339844,0.015682317,0.055633545,25.15373549884586,24.8740173339844,0.015007116,0.011104584,12.85292402314836,22.7177673339844,0.015094854,0.036346436,6.196133724781606,0,0,1
