datetime,nat_demand,T2M_toc,QV2M_toc,TQL_toc,W2M_toc,T2M_san,QV2M_san,TQL_san,W2M_san,T2M_dav,QV2M_dav,TQL_dav,W2M_dav,Holiday_ID,holiday,school
2017-12-15 00:00:00,1030.0353,25.164483642578148,0.016788922,0.007736206,15.051661402859423,22.062921142578148,0.01606413,0.02923584,5.577569254911584,21.250421142578148,0.015408002,0.07647705,2.8878310273897823,0,0,1
2017-12-15 01:00:00,999.5873,24.919458007812523,0.016674422,0.002216339,15.455472817570106,21.817895507812523,0.015995406,0.031600952,5.542074782561835,21.067895507812523,0.015274429,0.08929443,3.084191861266622,0,0,1
2017-12-15 02:00:00,959.0107,24.6855407714844,0.016590433,0.0009396076,15.579766576778807,21.6152282714844,0.015926676,0.03037262,5.456482746626566,20.9199157714844,0.015152292,0.098236084,3.139745670029189,0,0,1
2017-12-15 03:00:00,951.0664,24.502130126953148,0.016575087,0.0015797615,15.244793462758622,21.424005126953148,0.015857924,0.03074646,5.26958355266158,20.806817626953148,0.015045393,0.10580444,3.0814935692394028,0,0,1
2017-12-15 04:00:00,943.169,24.475762939453148,0.016689414,0.0066890717,14.592831301801308,21.303887939453148,0.015773887,0.03375244,5.14279763732272,20.725762939453148,0.014949912,0.11087036,2.971335194176369,0,0,1
2017-12-15 05:00:00,941.6304,24.5627380371094,0.016879937,0.0102005005,14.080226473937593,21.2346130371094,0.015674492,0.033493042,5.263824636871869,20.6955505371094,0.014884851,0.11468506,2.8606290874989573,0,0,1
2017-12-15 06:00:00,969.6389,24.692773437500023,0.01708569,0.0059318542,13.624979197634994,21.247460937500023,0.01563229,0.030509949,5.487511967187576,20.700585937500023,0.014854093,0.11694336,2.8225367787129896,0,0,1
2017-12-15 07:00:00,1105.5803,25.7070251464844,0.01776446,0.0029354095,15.091025781671252,23.0351501464844,0.016330134,0.028320312,8.226470477249737,21.2226501464844,0.015101802,0.11682129,2.7921758787044597,0,0,1
2017-12-15 08:00:00,1252.7975,27.026666259765648,0.017741319,0.003399849,18.13625787731528,24.862603759765648,0.016993638,0.02619934,9.779415079891514,22.456353759765648,0.015189286,0.09899902,2.9530376312410715,0,0,1
2017-12-15 09:00:00,1346.1718999999998,28.041955566406276,0.017710567,0.006580353,19.26181902415088,26.557580566406276,0.017207026,0.019058228,11.8129671712865,24.002893066406276,0.015246273,0.07131958,3.1691154720662857,0,0,1
2017-12-15 10:00:00,1414.3969,28.724542236328148,0.017946925,0.010242462,19.24702105571257,27.708917236328148,0.017168727,0.011226654,12.104665484149251,25.380792236328148,0.0151812695,0.0544281,3.3301960779146924,0,0,1
2017-12-15 11:00:00,1454.4374,29.2385192871094,0.018282603,0.01763916,19.027595332970307,28.5197692871094,0.017016124,0.0066013336,11.687535498254078,26.3478942871094,0.015204142,0.04446411,3.247024308003521,0,0,1
2017-12-15 12:00:00,1458.0657,29.533990478515648,0.018557342,0.03187561,18.9728024623767,28.971490478515648,0.016924651,0.0040245056,11.096838506038626,26.908990478515648,0.015787872,0.03816223,2.562699223659227,0,0,1
2017-12-15 13:00:00,1471.2273,29.678796386718773,0.018618478,0.043136597,19.11548411872589,29.256921386718773,0.017001046,0.0029649734,10.705846454878277,27.178796386718773,0.015971078,0.032577515,2.099279951219228,0,0,1
2017-12-15 14:00:00,1469.1231,29.585168457031276,0.018580275,0.052627563,19.42577673342246,29.335168457031276,0.017184095,0.0037145615,10.52805430115955,27.132043457031276,0.016070204,0.026397705,1.704591712393347,0,0,1
2017-12-15 15:00:00,1431.3972,29.389031982421898,0.018603275,0.045776367,19.815432273891275,28.998406982421898,0.017336795,0.00459671,10.306013163106051,26.771844482421898,0.016222904,0.01725769,1.2570191576597156,0,0,1
2017-12-15 16:00:00,1368.3515,28.969567871093773,0.018611116,0.041503906,20.054498166957845,28.266442871093773,0.01756589,0.005821228,9.527097912534003,26.078942871093773,0.016276522,0.016319275,0.7920830200638839,0,0,1
2017-12-15 17:00:00,1300.5288,28.060205078125023,0.01890131,0.022697449,18.916352745285813,26.888330078125023,0.017863713,0.008880615,7.714611111998777,25.044580078125023,0.016482793,0.014045715,0.9051113479832198,0,0,1
2017-12-15 18:00:00,1332.6464,27.0209899902344,0.01922956,0.013175964,16.59344089026183,25.0366149902344,0.017520575,0.013805389,5.928977529368972,23.7397399902344,0.01668897,0.021156311,1.639119686005513,0,0,1
2017-12-15 19:00:00,1348.6901,26.534051513671898,0.019329011,0.011993408,15.82830579317403,24.323114013671898,0.017169893,0.019363403,5.838815737668456,22.862176513671898,0.016284883,0.012645721,2.3550687809029727,0,0,1
2017-12-15 20:00:00,1329.5274000000002,26.236291503906276,0.01931406,0.012588501,15.465715877861784,23.853479003906276,0.016964206,0.02796936,5.631012076412171,22.361291503906276,0.016010532,0.013317108,2.861284392663879,0,0,1
2017-12-15 21:00:00,1290.9209999999998,26.062554931640648,0.019222643,0.013381958,15.713127527929773,23.523492431640648,0.016765978,0.039505005,5.942481642691921,22.054742431640648,0.015766528,0.015731812,3.272393530387904,0,0,1
2017-12-15 22:00:00,1219.1884,25.918389892578148,0.01909256,0.00951767,15.84668036995631,23.324639892578148,0.01670456,0.052978516,6.064883136928494,21.723077392578148,0.015544892,0.038635254,3.495672138727694,0,0,1
2017-12-15 23:00:00,1163.8168999999998,25.763452148437523,0.0189244,0.0062999725,15.56059708692633,23.185327148437523,0.016734764,0.05947876,5.940600617994333,21.427514648437523,0.015376732,0.062454224,3.4688752888915166,0,0,1
2017-12-16 00:00:00,1097.5789,25.650415039062523,0.01872591,0.0039539337,15.77686534075983,23.048852539062523,0.016795672,0.057800293,5.690639087339055,21.244165039062523,0.015365162,0.08633423,3.298087124848313,0,0,0
2017-12-16 01:00:00,1056.041,25.567315673828148,0.01852006,0.0032100677,17.210476386100513,22.903253173828148,0.016841594,0.05479431,5.23872923708319,21.231378173828148,0.015479747,0.09976196,3.087235364499448,0,0,0
2017-12-16 02:00:00,1018.3247,25.461297607421898,0.018421086,0.003750801,17.773161433295552,22.758172607421898,0.01685706,0.053207397,4.713406972853931,21.265985107421898,0.015643986,0.10803223,2.933996801409704,0,0,0
2017-12-16 03:00:00,997.2811,25.3708435058594,0.018383026,0.0031223297,17.499644178860287,22.6052185058594,0.016834259,0.05126953,4.3928780679503445,21.2849060058594,0.015766144,0.11425781,2.863065675371929,0,0,0
2017-12-16 04:00:00,983.18,25.292810058593773,0.01835263,0.0023422241,16.847941685502295,22.488122558593773,0.016796233,0.04777527,4.340131081478167,21.300622558593773,0.015865447,0.120025635,2.7907453316677944,0,0,0
2017-12-16 05:00:00,980.2223,25.226373291015648,0.01829175,0.0021858215,15.753384210216767,22.390435791015648,0.016758243,0.03492737,4.455141710281661,21.327935791015648,0.015941897,0.12460327,2.6659099931855086,0,0,0
2017-12-16 06:00:00,960.1471,25.239404296875023,0.018238524,0.0030918121,14.844992053298649,22.340966796875023,0.016727904,0.019828796,4.5977888577248205,21.356591796875023,0.015987853,0.12271118,2.499761880978592,0,0,0
2017-12-16 07:00:00,1026.4108,26.140283203125023,0.018635409,0.0031909943,16.956888227195737,24.077783203125023,0.01748337,0.010528564,7.145185431496083,21.874658203125023,0.016277926,0.12207031,2.438507532084262,0,0,0
2017-12-16 08:00:00,1198.0671,27.226098632812523,0.018399114,0.0034675598,21.888573746238727,25.913598632812523,0.018177861,0.010887146,9.49155173652156,23.007348632812523,0.016613835,0.10940552,2.4981710037756075,0,0,0
2017-12-16 09:00:00,1284.8765,28.022668457031276,0.018193455,0.005525589,24.403241376859462,27.507043457031276,0.01850626,0.009803772,12.225069703447518,24.632043457031276,0.016698094,0.0904541,2.8197368594422407,0,0,0
2017-12-16 10:00:00,1350.7118,28.646844482421898,0.018239582,0.011054993,24.549339270003784,28.639031982421898,0.018598164,0.008415222,13.401479497054082,26.107781982421898,0.016721332,0.08337402,2.7445420705580355,0,0,0
2017-12-16 11:00:00,1368.0789,29.127984619140648,0.018392555,0.01662445,24.019089621793864,29.463922119140648,0.018751137,0.009227753,13.625304853196104,26.987359619140648,0.01694297,0.08963013,2.23883301010741,0,0,0
2017-12-16 12:00:00,1349.0942,29.4072204589844,0.01855332,0.025436401,23.47181328054477,29.9931579589844,0.018896643,0.013446808,13.364176203452416,27.4931579589844,0.016867224,0.1015625,2.0134957640011044,0,0,0
2017-12-16 13:00:00,1341.0033999999998,29.470239257812523,0.018652193,0.046844482,22.98537671487264,30.204614257812523,0.01894211,0.021270752,13.009357857950588,27.618676757812523,0.016874544,0.118621826,1.7893961419586344,0,0,0
2017-12-16 14:00:00,1320.5912,29.476434326171898,0.018774115,0.057907104,22.640325842355868,30.070184326171898,0.018888555,0.03817749,12.602840430397526,27.437371826171898,0.016851507,0.13110352,1.6283021006847471,0,0,0
2017-12-16 15:00:00,1291.1379000000002,29.216516113281276,0.018736154,0.07070923,22.58698311041724,29.646203613281276,0.018820077,0.039596558,12.055204231623872,26.935266113281276,0.016874582,0.12466431,1.706579080224153,0,0,0
2017-12-16 16:00:00,1254.4113,28.572290039062523,0.018736795,0.061767578,22.198089434916398,28.806665039062523,0.018813089,0.030303955,10.934683991563787,26.189477539062523,0.016959146,0.11407471,2.0549057436300715,0,0,0
2017-12-16 17:00:00,1228.9575,27.670495605468773,0.01889708,0.044830322,20.43542788019092,27.451745605468773,0.018874193,0.022636414,9.04111033144661,25.131433105468773,0.016997362,0.10076904,2.1124224202735102,0,0,0
2017-12-16 18:00:00,1297.4738,26.7917419433594,0.019049697,0.030715942,17.633384625673358,25.6823669433594,0.018225722,0.025390625,7.9346192041762915,23.9011169433594,0.016882949,0.09585571,2.6257620985836008,0,0,0
2017-12-16 19:00:00,1321.8025,26.406884765625023,0.01905741,0.021392822,17.006284238871267,24.891259765625023,0.017699378,0.03677368,8.437950427430318,23.203759765625023,0.016364234,0.082458496,4.044170380192442,0,0,0
2017-12-16 20:00:00,1282.0161,26.184991455078148,0.018943008,0.01676941,17.150854684424623,24.411553955078148,0.017371353,0.03515625,8.761282072439881,22.786553955078148,0.01602095,0.07266235,4.517179179703483,0,0,0
2017-12-16 21:00:00,1246.1516,26.019311523437523,0.01875995,0.013195038,17.579426436197615,24.144311523437523,0.017188294,0.03124237,9.023064737125974,22.550561523437523,0.015929444,0.07891846,4.282101244424854,0,0,0
2017-12-16 22:00:00,1188.7236,25.859094238281276,0.0185159,0.008163452,18.61500165842496,23.968469238281276,0.017150238,0.04045105,8.87134480170274,22.445031738281276,0.015929535,0.09411621,4.103324412303392,0,0,0
2017-12-16 23:00:00,1154.6192,25.6721130371094,0.018218549,0.004869461,19.04765884551477,23.8205505371094,0.017112287,0.056243896,8.874053827273402,22.3596130371094,0.015952619,0.09942627,3.957264044373136,0,0,0
2017-12-17 00:00:00,1100.9977,25.481958007812523,0.018035648,0.0035791397,18.722511686407252,23.669458007812523,0.017028568,0.056930542,9.197966848533891,22.286645507812523,0.015952824,0.106292725,3.867239035523087,0,0,0
2017-12-17 01:00:00,1059.4302,25.391717529296898,0.017936876,0.0044956207,19.274916070540154,23.516717529296898,0.016906908,0.055038452,9.682822999183683,22.188592529296898,0.015899828,0.110687256,3.904695699071805,0,0,0
2017-12-17 02:00:00,1019.7104,25.354394531250023,0.01799865,0.0058994293,19.805361975386216,23.354394531250023,0.016777948,0.047576904,10.18014098813617,22.041894531250023,0.015778497,0.110809326,4.074387936174385,0,0,0
2017-12-17 03:00:00,991.0439,25.3876892089844,0.0180597,0.010040283,20.800600483369465,23.1845642089844,0.016617745,0.046722412,10.5295668527575,21.8642517089844,0.015625924,0.10543823,4.26684644042208,0,0,0
2017-12-17 04:00:00,964.1091,25.441278076171898,0.018120453,0.013587952,20.698555008583558,22.972528076171898,0.016411468,0.033218384,10.04013752755736,21.730340576171898,0.015488312,0.101135254,4.265422311515584,0,0,0
2017-12-17 05:00:00,957.276,25.464196777343773,0.018181661,0.0136909485,19.70468077069259,22.768884277343773,0.01618276,0.020233154,9.346588087508913,21.636071777343773,0.0153626,0.093933105,4.167677427655745,0,0,0
2017-12-17 06:00:00,923.3068,25.453179931640648,0.018195791,0.01177597,18.54167421947997,22.601617431640648,0.016021414,0.016151428,8.62670120047605,21.539117431640648,0.015250845,0.08566284,4.0396831715866695,0,0,0
2017-12-17 07:00:00,926.6873,26.254846191406276,0.018583922,0.0051727295,19.688950141905224,23.825158691406276,0.016562132,0.02015686,9.851787768941366,21.989221191406276,0.015341428,0.078308105,4.07199949951019,0,0,0
2017-12-17 08:00:00,994.8162,27.403985595703148,0.018484436,0.0022096634,22.571884072038017,25.513360595703148,0.017217956,0.02671051,11.399203041729375,23.107110595703148,0.015276276,0.07772827,4.509536670475232,0,0,0
2017-12-17 09:00:00,1083.3199,28.270410156250023,0.018293286,0.0021591187,23.810641652080463,27.121972656250023,0.01774397,0.035736084,13.585698753922236,24.395410156250023,0.015256788,0.082855225,4.6818571198671615,0,0,0
2017-12-17 10:00:00,1156.3476,28.923913574218773,0.018369177,0.0021533966,24.19150380197916,28.330163574218773,0.018163184,0.03727722,14.474531318310987,25.611413574218773,0.015313606,0.08578491,4.495469292063264,0,0,0
2017-12-17 11:00:00,1187.2182,29.402734375000023,0.01851457,0.0013303757,24.54507358324744,29.230859375000023,0.018529829,0.037902832,14.964614512241871,26.566796875000023,0.015806135,0.08111572,3.6793243267858937,0,0,0
2017-12-17 12:00:00,1219.6526,29.739831542968773,0.018546807,0.0019049644,24.76141715534504,29.771081542968773,0.018653618,0.04083252,14.947551126119915,27.224206542968773,0.016166436,0.07397461,2.9460966342374757,0,0,0
2017-12-17 13:00:00,1234.576,29.855798339843773,0.018532854,0.008354187,25.01954102019716,29.965173339843773,0.018548112,0.047576904,14.601744581529248,27.504235839843773,0.016259294,0.08380127,2.7704605605163755,0,0,0
2017-12-17 14:00:00,1233.4896,29.739038085937523,0.018541466,0.007583618,25.17934901261784,29.864038085937523,0.018465172,0.04499817,13.977549366448466,27.364038085937523,0.016298424,0.08905029,2.824912429397529,0,0,0
2017-12-17 15:00:00,1214.9073,29.384179687500023,0.018519249,0.0052013397,24.87553004941317,29.509179687500023,0.018404808,0.03694153,13.017555209094608,26.923242187500023,0.016344871,0.088378906,3.082486362287885,0,0,0
2017-12-17 16:00:00,1190.5382,28.800744628906276,0.01843546,0.0006892681,23.784846031808488,28.816369628906276,0.018542271,0.023025513,11.145955707959674,26.206994628906276,0.016520482,0.08129883,3.223877844640283,0,0,0
2017-12-17 17:00:00,1166.6571,27.812829589843773,0.018602759,0.0011429787,21.258013151960967,27.484704589843773,0.01895371,0.029045105,7.88652407356312,25.164392089843773,0.016878515,0.0725708,3.061989797015792,0,0,0
2017-12-17 18:00:00,1245.297,26.694512939453148,0.018771103,0.0079574585,17.911554249555387,25.483575439453148,0.01843541,0.03894043,5.778152685269287,24.022637939453148,0.016978195,0.102630615,3.106768374872421,0,0,0
2017-12-17 19:00:00,1284.6434,26.207879638671898,0.01880195,0.009613037,16.362602542471375,24.778192138671898,0.017962717,0.038635254,6.217942633432007,23.418817138671898,0.016757272,0.107910156,3.590753386669797,0,0,0
2017-12-17 20:00:00,1258.1588,25.9545837402344,0.018733673,0.009616852,16.112708853469666,24.2436462402344,0.017673187,0.03491211,6.4674788046992,23.0952087402344,0.01649826,0.10650635,3.822593964444092,0,0,0
2017-12-17 21:00:00,1165.5272,25.765466308593773,0.018649884,0.010494232,16.443869091198597,23.773278808593773,0.017467327,0.030349731,6.521045617821351,22.913903808593773,0.016238995,0.099487305,3.8040142840770086,0,0,0
2017-12-17 22:00:00,1163.1976,25.562615966796898,0.018587913,0.010368347,16.843392028968037,23.343865966796898,0.017298546,0.025238037,6.530481154166164,22.718865966796898,0.01611599,0.09487915,3.605646235601345,0,0,0
2017-12-17 23:00:00,1117.9627,25.405725097656276,0.018495819,0.008052826,17.31970720567844,22.976037597656276,0.017168304,0.023170471,6.596314545663143,22.515100097656276,0.016016265,0.0909729,3.414572159983749,0,0,0
2017-12-18 00:00:00,1068.3111,25.300103759765648,0.018457375,0.007984161,17.408779349790926,22.714166259765648,0.017045937,0.023910522,6.684874040077469,22.323541259765648,0.015932046,0.08938599,3.339416527979846,0,0,0
2017-12-18 01:00:00,1028.1058,25.317712402343773,0.018472463,0.011646271,17.741388997057754,22.559899902343773,0.01687792,0.023651123,7.037917736928825,22.153649902343773,0.015924245,0.08944702,3.3633470780047983,0,0,0
2017-12-18 02:00:00,970.3737,25.418634033203148,0.018495206,0.015522003,18.581672893065434,22.410821533203148,0.016770963,0.024978638,7.352684060302401,22.074884033203148,0.01593173,0.09298706,3.358767804296315,0,0,0
2017-12-18 03:00:00,961.2366,25.466699218750023,0.018548513,0.022071838,19.07776443628106,22.263574218750023,0.016671682,0.02168274,7.644551345104847,22.052636718750023,0.01594689,0.09667969,3.3189515650687,0,0,0
2017-12-18 04:00:00,958.0848,25.496118164062523,0.01844935,0.017913818,19.197515756109038,22.074243164062523,0.016519113,0.018013,7.427430743366764,22.113305664062523,0.01592402,0.10070801,3.402457356182209,0,0,0
2017-12-18 05:00:00,991.8672,25.457666015625023,0.01826662,0.014209747,18.634048897658086,21.895166015625023,0.016359271,0.021133423,7.277932635820291,22.176416015625023,0.015901508,0.10272217,3.356297975335796,0,0,0
2017-12-18 06:00:00,1003.9176,25.401147460937523,0.01809988,0.012001038,17.953849757931334,21.807397460937523,0.016261196,0.02067566,7.076459732707649,22.221459960937523,0.015910244,0.10733032,3.2605777733987327,0,0,0
2017-12-18 07:00:00,1133.0637,26.094842529296898,0.01818491,0.010196686,19.89605592527916,23.555780029296898,0.0169108,0.01863861,9.842177573909256,22.790155029296898,0.016178379,0.10662842,3.2489524135961703,0,0,0
2017-12-18 08:00:00,1302.0658,27.026055908203148,0.017885974,0.010440826,23.09184109160636,25.424493408203148,0.017611315,0.017654419,12.051633263539332,23.963555908203148,0.016260913,0.09609985,3.734055105896874,0,0,0
2017-12-18 09:00:00,1421.0146,27.805566406250023,0.017678875,0.014297485,24.152563795394997,27.047753906250023,0.017839093,0.01228714,14.660530570760766,25.157128906250023,0.016221661,0.07821655,4.310102482969087,0,0,0
2017-12-18 10:00:00,1456.8004,28.437524414062523,0.017846646,0.015327454,23.985166505160507,28.156274414062523,0.017770352,0.0055885315,15.613737249408125,26.101586914062523,0.016137661,0.06561279,4.489206377506085,0,0,0
2017-12-18 11:00:00,1499.2276000000002,28.945733642578148,0.018052075,0.019439697,23.68032097160761,28.930108642578148,0.017724011,0.0027885437,15.79936503812448,26.687921142578148,0.016259167,0.05923462,4.239531639340079,0,0,0
2017-12-18 12:00:00,1500.916,29.333703613281276,0.0182123,0.021102905,23.04900591314047,29.443078613281276,0.017792683,0.0029172897,15.678356866184592,27.036828613281276,0.01619814,0.055648804,4.302237026372596,0,0,0
2017-12-18 13:00:00,1510.4674,29.575219726562523,0.0181894,0.026939392,22.318330547287108,29.684594726562523,0.01782319,0.003452301,15.346165022043426,27.098657226562523,0.016159981,0.0526886,4.456122641863509,0,0,0
2017-12-18 14:00:00,1536.4887,29.621026611328148,0.018075205,0.022384644,21.595286808781115,29.652276611328148,0.017815806,0.0031261444,14.694577396386686,26.886651611328148,0.01612208,0.047683716,4.734445014662521,0,0,0
2017-12-18 15:00:00,1499.6183999999998,29.445611572265648,0.017937368,0.021652222,21.349985105701407,29.258111572265648,0.01779241,0.002696991,13.86000010700969,26.398736572265648,0.016045278,0.041275024,5.085901570698623,0,0,0
2017-12-18 16:00:00,1446.9716,28.958581542968773,0.01789138,0.018287659,20.98350487422539,28.474206542968773,0.017906638,0.0018000603,12.294647298860149,25.653894042968773,0.016006919,0.033966064,5.259169369517908,0,0,0
2017-12-18 17:00:00,1338.2977999999998,27.995629882812523,0.01819664,0.007577896,19.191576301912995,27.034692382812523,0.018051682,0.00310421,9.713838239108746,24.589379882812523,0.016098557,0.02671051,5.061773171701212,0,0,0
2017-12-18 18:00:00,1363.8971,26.767907714843773,0.018563554,0.0006611347,17.27752108913057,25.127282714843773,0.017510697,0.0025892258,7.87757508818669,23.416345214843773,0.01596956,0.02986908,5.09237280078624,0,0,0
2017-12-18 19:00:00,1393.4244,26.237725830078148,0.018723635,0.0018372536,16.974899610804037,24.323663330078148,0.017220644,0.0026435852,7.674726937372587,22.761163330078148,0.015732912,0.036254883,5.307586113495744,0,0,0
2017-12-18 20:00:00,1365.2176,25.939294433593773,0.018799825,0.0034646988,16.093102051959566,23.837731933593773,0.017014546,0.003950119,7.756138060420578,22.376794433593773,0.01558785,0.041000366,5.22445828490644,0,0,0
2017-12-18 21:00:00,1327.2843,25.725488281250023,0.018807463,0.0033740997,15.31329172259667,23.537988281250023,0.016884856,0.008266449,8.047125090925572,22.162988281250023,0.015500121,0.05239868,5.094150026679989,0,0,0
2017-12-18 22:00:00,1259.7783,25.609307861328148,0.018670255,0.005914688,15.716023445653672,23.288995361328148,0.0168392,0.019752502,8.07918926968363,22.062432861328148,0.01552313,0.06506348,4.801875963788158,0,0,0
2017-12-18 23:00:00,1197.5268,25.529748535156276,0.018593945,0.010402679,15.957017948663363,23.029748535156276,0.016816296,0.022514343,7.742146220169342,22.021936035156276,0.015595593,0.08148193,4.41132021468965,0,0,0
2017-12-19 00:00:00,1125.7456,25.516076660156276,0.018441088,0.021339417,16.906970691374145,22.766076660156276,0.016754992,0.025985718,7.251724180208141,21.992639160156276,0.015671618,0.092559814,4.001206392517139,0,0,0
2017-12-19 01:00:00,1071.6178,25.500634765625023,0.01830366,0.023880005,17.651183255654765,22.547509765625023,0.016709117,0.030158997,6.902489884647859,21.875634765625023,0.015724925,0.10076904,3.66036755451625,0,0,0
2017-12-19 02:00:00,1038.6919,25.423699951171898,0.018219749,0.028587341,17.38931827869494,22.384637451171898,0.01667861,0.03189087,6.660624576871776,21.712762451171898,0.015770713,0.10876465,3.423553978780944,0,0,0
2017-12-19 03:00:00,1010.7835,25.350122070312523,0.018196829,0.03025055,16.81504142980721,22.256372070312523,0.016655691,0.032485962,6.570220155554611,21.623559570312523,0.01577831,0.12283325,3.250040466350105,0,0,0
2017-12-19 04:00:00,1001.6503,25.258843994140648,0.01823486,0.03100586,15.752584713973084,22.165093994140648,0.016632687,0.03239441,6.543592259820347,21.579156494140648,0.015801083,0.123565674,3.1448648557752192,0,0,0
2017-12-19 05:00:00,1019.6868,25.171472167968773,0.018264903,0.03187561,14.868371592609527,22.062097167968773,0.016601695,0.029396057,6.626497570134398,21.546472167968773,0.015815867,0.11566162,3.169805213346857,0,0,0
2017-12-19 06:00:00,1019.308,25.154687500000023,0.018264342,0.0317688,14.218461900412317,21.990625000000023,0.016547728,0.022399902,6.797500030192087,21.498437500000023,0.015792418,0.097595215,3.3374516901527422,0,0,0
2017-12-19 07:00:00,1157.9326999999998,25.972375488281276,0.01857628,0.024215698,16.385169157214914,23.730187988281276,0.017195359,0.014163971,9.804544274974814,22.003625488281276,0.01592888,0.07745361,3.779324877258179,0,0,0
2017-12-19 08:00:00,1331.0179,26.990594482421898,0.018437756,0.021591187,19.32147968004436,25.592156982421898,0.01788081,0.015396118,11.94745729600419,23.217156982421898,0.015950574,0.05619812,4.2226187095420205,0,0,0
2017-12-19 09:00:00,1401.6595,27.882409667968773,0.018307433,0.03567505,20.356860379890787,27.241784667968773,0.018025145,0.015281677,14.365696818695218,24.710534667968773,0.01594995,0.03741455,4.587377732645863,0,0,0
2017-12-19 10:00:00,1467.7191,28.597711181640648,0.018466542,0.043136597,20.999587093108637,28.378961181640648,0.018054554,0.010910034,14.740113004874976,25.863336181640648,0.01571233,0.035079956,4.583357472211677,0,0,0
2017-12-19 11:00:00,1489.3367,29.2202087402344,0.018709995,0.046554565,21.79337837377177,29.2202087402344,0.018099643,0.009414673,14.456623615824997,26.6420837402344,0.015856601,0.038742065,3.8520863713358566,0,0,0
2017-12-19 12:00:00,1499.475,29.534295654296898,0.018770857,0.05770874,22.193517738615885,29.784295654296898,0.01822917,0.009685516,13.8105711378128,27.159295654296898,0.01584117,0.039733887,3.097545944501211,0,0,0
2017-12-19 13:00:00,1541.8305,29.769616699218773,0.018900707,0.06729126,22.239526974704155,30.035241699218773,0.018336132,0.013015747,13.254000434844398,27.347741699218773,0.015780285,0.04562378,2.7230673086986386,0,0,0
2017-12-19 14:00:00,1537.1521,29.7697692871094,0.018847527,0.06851196,22.23107240877812,29.9885192871094,0.018366875,0.017814636,13.048127928003202,27.2385192871094,0.01578051,0.05039978,2.7521610057495915,0,0,0
2017-12-19 15:00:00,1499.7782,29.541467285156276,0.01869485,0.055984497,22.458768984993124,29.619592285156276,0.01842782,0.020355225,12.714841913882356,26.838342285156276,0.015818568,0.051620483,3.0577584224357564,0,0,0
2017-12-19 16:00:00,1447.0354,28.966821289062523,0.018587887,0.048812866,22.32226098698985,28.888696289062523,0.01867181,0.02357483,11.453838807639842,26.154321289062523,0.01590234,0.056167603,3.235744299248666,0,0,0
2017-12-19 17:00:00,1328.0964,28.040063476562523,0.018671518,0.04473877,20.88931480207981,27.540063476562523,0.019091135,0.035842896,8.326767646150781,25.102563476562523,0.016329294,0.063079834,3.0706412196182296,0,0,0
2017-12-19 18:00:00,1391.9945,27.052056884765648,0.018846858,0.035812378,18.578598310570875,25.661431884765648,0.018648494,0.05026245,6.134358141463478,23.864556884765648,0.016626704,0.07962036,3.158317049197556,0,0,0
2017-12-19 19:00:00,1415.2602,26.614282226562523,0.018823816,0.027496338,18.44023432121428,24.989282226562523,0.018297387,0.0413208,6.167465206027994,23.200219726562523,0.016336633,0.10028076,3.617344938275284,0,0,0
2017-12-19 20:00:00,1380.6659,26.3681579589844,0.018671125,0.018569946,18.80826715545888,24.5478454589844,0.01810655,0.04019165,5.921727244765784,22.6806579589844,0.016450971,0.10809326,3.636319934517343,0,0,0
2017-12-19 21:00:00,1333.4387,26.149133300781276,0.018580109,0.0124053955,18.46980495480013,24.203820800781276,0.017954499,0.043548584,5.848249056014903,22.524133300781276,0.016604096,0.11578369,3.2814981508425625,0,0,0
2017-12-19 22:00:00,1277.1108,25.838891601562523,0.018611353,0.009624481,16.035383410388544,23.948266601562523,0.017810266,0.039505005,5.770750121837625,22.526391601562523,0.01675741,0.123687744,2.890050237476389,0,0,0
2017-12-19 23:00:00,1196.373,25.594445800781276,0.018550428,0.008708954,14.102412938561162,23.711633300781276,0.017695935,0.035751343,5.70936823501562,22.446008300781276,0.016772779,0.14556885,2.7307928353050945,0,0,0
2017-12-20 00:00:00,1099.3134,25.384667968750023,0.018465899,0.007827759,12.818359261913375,23.478417968750023,0.017588519,0.046157837,5.7257322917505,22.306542968750023,0.016749285,0.15246582,2.6990368078717606,0,0,0
2017-12-20 01:00:00,1063.2864,25.211450195312523,0.018404294,0.0065727234,12.248341637289904,23.227075195312523,0.01745062,0.041900635,5.755496355355356,22.195825195312523,0.016741086,0.14208984,2.643997034746432,0,0,0
2017-12-20 02:00:00,1024.3416,25.077416992187523,0.018289585,0.004682541,12.141007210742798,22.960229492187523,0.017282505,0.043441772,5.880123488628119,22.061791992187523,0.016641635,0.15386963,2.5638085499312706,0,0,0
2017-12-20 03:00:00,1001.534,24.996636962890648,0.018113846,0.0027713776,12.115750167865254,22.754449462890648,0.017122025,0.03929138,6.217331872008238,21.926324462890648,0.016519303,0.15319824,2.589955533062011,0,0,0
2017-12-20 04:00:00,969.566,24.928979492187523,0.017999133,0.0015034676,12.39579861744526,22.593041992187523,0.016976794,0.036590576,6.661647875258826,21.827416992187523,0.016419848,0.14282227,2.642099344056335,0,0,0
2017-12-20 05:00:00,991.4996999999998,24.901513671875023,0.017937908,0.00083470345,13.036020460142575,22.479638671875023,0.016862163,0.03414917,7.037975470029421,21.776513671875023,0.016373882,0.13061523,2.6700263444265198,0,0,0
2017-12-20 06:00:00,1006.0616,24.925256347656276,0.017960744,0.0006504059,13.797545869961493,22.464318847656276,0.016785817,0.025299072,7.26256439127913,21.737756347656276,0.016297536,0.1395874,2.63166414929544,0,0,0
2017-12-20 07:00:00,1115.666,26.068139648437523,0.0185559,0.00081539154,16.810118924820298,24.029077148437523,0.017388603,0.027008057,10.009133173617336,22.185327148437523,0.01654937,0.12677002,2.6652098391657435,0,0,0
2017-12-20 08:00:00,1292.2981,27.413507080078148,0.018434022,0.0011940002,22.01883734437509,25.890069580078148,0.018159363,0.031723022,11.560478391681343,23.163507080078148,0.016992066,0.10345459,2.698020161493301,0,0,0
2017-12-20 09:00:00,1385.982,28.325128173828148,0.018182585,0.0027446747,24.668616306821185,27.543878173828148,0.018434355,0.02885437,13.916568590987373,24.700128173828148,0.017183134,0.117492676,3.04660449896003,0,0,0
2017-12-20 10:00:00,1457.018,28.955102539062523,0.018335575,0.012313843,25.277828794024995,28.689477539062523,0.018472904,0.02292633,14.422297857001643,26.244165039062523,0.016969914,0.106048584,3.195922844009164,0,0,0
2017-12-20 11:00:00,1497.9658,29.391870117187523,0.01841942,0.04446411,25.748823428634257,29.516870117187523,0.018442309,0.022720337,14.376899023256106,27.157495117187523,0.017091906,0.09863281,2.398125136720654,0,0,0
2017-12-20 12:00:00,1488.5676,29.570428466796898,0.018365681,0.06655884,26.227448460236747,30.007928466796898,0.018441975,0.026306152,13.952323326327862,27.742303466796898,0.016908467,0.09210205,1.9128922565087905,0,0,0
2017-12-20 13:00:00,1514.0209,29.582879638671898,0.018273838,0.07839966,26.73618366270144,30.207879638671898,0.018441685,0.028259277,13.437283059431588,27.926629638671898,0.016808994,0.08770752,1.6121415005869,0,0,0
2017-12-20 14:00:00,1528.3683999999998,29.457696533203148,0.018189648,0.071624756,27.26793630515145,30.145196533203148,0.018403271,0.03163147,12.830684646808969,27.629571533203148,0.016862134,0.09576416,1.4418791874302652,0,0,0
2017-12-20 15:00:00,1478.4967,29.183679199218773,0.018082593,0.054367065,27.201764442210937,29.761804199218773,0.018387768,0.038589478,12.10451181327826,26.902429199218773,0.017159436,0.09436035,1.39943238740837,0,0,0
2017-12-20 16:00:00,1433.0709,28.574548339843773,0.018028976,0.038619995,25.869720291849227,29.058923339843773,0.018654587,0.04498291,10.573758705821945,26.105798339843773,0.017395737,0.109680176,1.336363441426576,0,0,0
2017-12-20 17:00:00,1338.5103,27.681329345703148,0.018166268,0.02153778,22.62862720730335,27.728204345703148,0.019135201,0.04576111,7.741015082930672,25.134454345703148,0.017571175,0.12872314,1.4569431963538364,0,0,0
2017-12-20 18:00:00,1379.1932,26.657769775390648,0.018433483,0.015041351,18.387311624045687,25.814019775390648,0.01871577,0.045684814,5.965465053134659,23.899957275390648,0.017578991,0.13873291,1.739534660465533,0,0,0
2017-12-20 19:00:00,1392.6261,26.254052734375023,0.018464312,0.011325836,17.054368984657383,25.089990234375023,0.018281206,0.04814148,6.2793520847106326,23.222802734375023,0.017121539,0.13195801,2.414159490618335,0,0,0
2017-12-20 20:00:00,1386.9573,26.058679199218773,0.018403726,0.013710022,16.372907665033566,24.550866699218773,0.017984109,0.05154419,6.297304094333253,22.839929199218773,0.016893106,0.1305542,2.781068121288728,0,0,0
2017-12-20 21:00:00,1332.2448,25.936303710937523,0.018351167,0.016998291,16.089979031432378,24.100366210937523,0.017717928,0.04437256,6.268737939003384,22.569116210937523,0.016756624,0.13275146,2.907229641114111,0,0,0
2017-12-20 22:00:00,1292.154,25.807824707031276,0.018313913,0.020065308,16.522239900083704,23.690637207031276,0.017512826,0.039627075,6.265562567269024,22.370324707031276,0.016627816,0.13745117,3.010530781062532,0,0,0
2017-12-20 23:00:00,1210.156,25.694970703125023,0.018329738,0.023353577,17.170284426804447,23.319970703125023,0.017345546,0.03703308,6.348654200399484,22.202783203125023,0.016513942,0.1430664,3.158802268075485,0,0,0
2017-12-21 00:00:00,1125.8472,25.595971679687523,0.018367762,0.022644043,17.912440924004663,23.025659179687523,0.017200464,0.034362793,6.623040953993225,22.010034179687523,0.016391749,0.14526367,3.335047491556164,0,0,0
2017-12-21 01:00:00,1078.6703,25.471551513671898,0.018374981,0.027236938,18.40724378717064,22.823114013671898,0.01701695,0.03514099,7.085011072466482,21.815301513671898,0.01624638,0.14117432,3.5533763383931345,0,0,0
2017-12-21 02:00:00,1040.9417999999998,25.333154296875023,0.018336726,0.030761719,18.377037140942765,22.622216796875023,0.016879512,0.03945923,7.318368147637857,21.637841796875023,0.016116573,0.13616943,3.7508882996360255,0,0,0
2017-12-21 03:00:00,1022.8781,25.224023437500023,0.018282868,0.035842896,18.159494637334998,22.434960937500023,0.01674936,0.04386902,7.325917209316775,21.481835937500023,0.01599405,0.12731934,3.860938221257141,0,0,0
2017-12-21 04:00:00,1006.98,25.089898681640648,0.018281957,0.041137695,16.787274663780508,22.253961181640648,0.01661875,0.045532227,7.07845317559782,21.363336181640648,0.015893957,0.11993408,3.768059396810168,0,0,0
2017-12-21 05:00:00,1018.4912,24.890435791015648,0.018289031,0.03807068,15.085702131935276,22.109185791015648,0.016503753,0.044525146,6.897427560357443,21.304498291015648,0.015839996,0.115478516,3.547468359969421,0,0,0
2017-12-21 06:00:00,1039.1766,24.781945800781276,0.018342223,0.036849976,13.903507059189128,22.047570800781276,0.016411986,0.043136597,6.838837021790175,21.305383300781276,0.015710082,0.11102295,3.4112682928291678,0,0,0
2017-12-21 07:00:00,1128.1612,25.789331054687523,0.018662859,0.037094116,17.051934480974793,23.617456054687523,0.016984392,0.04109192,9.572437140596378,21.765893554687523,0.015916277,0.10836792,3.4583635293645774,0,0,0
2017-12-21 08:00:00,1283.6156,26.933953857421898,0.018525854,0.037124634,22.523474326842944,25.488641357421898,0.017671362,0.038864136,11.43124160390872,22.691766357421898,0.016275182,0.10147095,3.645210878841827,0,0,0
2017-12-21 09:00:00,1388.9445,27.791070556640648,0.018320125,0.030792236,24.888347684486156,27.197320556640648,0.018022578,0.03527832,13.70172752570714,24.002008056640648,0.016389888,0.08950806,3.780695303592605,0,0,0
2017-12-21 10:00:00,1456.7376,28.480310058593773,0.01826678,0.033432007,26.141767664057504,28.402185058593773,0.018175228,0.030769348,14.199350422790449,25.511560058593773,0.016107662,0.08981323,3.9910479579100087,0,0,0
2017-12-21 11:00:00,1490.6949,28.978204345703148,0.018274214,0.038330078,26.91658195301185,29.228204345703148,0.018175032,0.031097412,14.545713945676685,26.478204345703148,0.015878584,0.08822632,3.989009138707432,0,0,0
2017-12-21 12:00:00,1482.9422000000002,29.266564941406276,0.018304536,0.040756226,27.04213539630316,29.719689941406276,0.018144319,0.040267944,14.641475282973165,26.938439941406276,0.016160676,0.08657837,3.5206727799746136,0,0,0
2017-12-21 13:00:00,1499.4499,29.387170410156276,0.018289352,0.054504395,26.5833504907758,29.855920410156276,0.018113876,0.04849243,14.280665647876344,27.152795410156276,0.015962387,0.09210205,3.113176258571164,0,0,0
2017-12-21 14:00:00,1497.5414,29.362634277343773,0.018144492,0.056671143,25.990477076837983,29.659509277343773,0.018007163,0.06271362,13.780542372617129,27.003259277343773,0.015924338,0.08963013,2.663180498011773,0,0,0
2017-12-21 15:00:00,1468.3069,29.166772460937523,0.018022647,0.048858643,25.746514490758777,29.166772460937523,0.017809024,0.071777344,13.212257589464096,26.510522460937523,0.015993228,0.0831604,2.537609199466843,0,0,0
2017-12-21 16:00:00,1415.0253,28.693200683593773,0.017954115,0.03086853,24.844956449185297,28.318200683593773,0.017702345,0.07369995,11.57913617247558,25.802575683593773,0.016138319,0.08181763,2.6218822329106555,0,0,0
2017-12-21 17:00:00,1325.2822,27.781121826171898,0.018053299,0.024795532,21.76355997360288,27.015496826171898,0.018015152,0.07611084,8.212928907089733,24.734246826171898,0.016443497,0.11260986,2.324767008766696,0,0,0
2017-12-21 18:00:00,1359.733,26.719262695312523,0.01833553,0.030982971,17.34609660012137,25.047387695312523,0.01770992,0.07180786,5.840285407368921,23.484887695312523,0.01633663,0.11010742,2.2355980381500924,0,0,0
2017-12-21 19:00:00,1389.3369,26.2590270996094,0.018381285,0.033935547,15.59367665000284,24.2824645996094,0.017381834,0.060943604,5.75651361812378,22.8449645996094,0.015947508,0.10531616,2.712256412731645,0,0,0
2017-12-21 20:00:00,1358.3422,26.004083251953148,0.018282225,0.030326843,14.923623977181435,23.785333251953148,0.01709967,0.051101685,5.692701767071017,22.511895751953148,0.01584082,0.0993042,2.9927636705844267,0,0,0
2017-12-21 21:00:00,1299.828,25.806481933593773,0.018053696,0.025627136,14.95426211634449,23.384606933593773,0.016886398,0.05015564,5.765819267163534,22.283044433593773,0.015780136,0.095825195,2.939865732630347,0,0,0
2017-12-21 22:00:00,1236.87,25.647149658203148,0.017764267,0.013393402,15.56527157290176,23.092462158203148,0.016802963,0.04647827,5.914855181484339,22.069024658203148,0.015681442,0.09689331,2.953641704587159,0,0,0
2017-12-21 23:00:00,1171.9667,25.464868164062523,0.017558567,0.006668091,16.165359845909833,22.839868164062523,0.016726963,0.040908813,5.815399814942167,21.871118164062523,0.01563596,0.10348511,3.053635655064704,0,0,0
2017-12-22 00:00:00,1097.1533,25.2455993652344,0.01745942,0.0035133362,16.33032145439002,22.6518493652344,0.016673593,0.03845215,5.616119332439542,21.7143493652344,0.01559022,0.110961914,3.1397985663464856,0,0,0
2017-12-22 01:00:00,1049.1025,25.048852539062523,0.017390637,0.0029287338,15.881642839601572,22.501977539062523,0.016650585,0.03767395,5.466020217137891,21.595727539062523,0.015540509,0.10946655,3.136452534211084,0,0,0
2017-12-22 02:00:00,1018.3485,24.913140869140648,0.01735235,0.0032920837,15.285481464563544,22.413140869140648,0.016642816,0.032958984,5.431592839595627,21.514703369140648,0.015502221,0.11834717,3.016544280195247,0,0,0
2017-12-22 03:00:00,1005.2902,24.852380371093773,0.01741288,0.005800247,14.777795765291389,22.328942871093773,0.016634682,0.034118652,5.433733384006281,21.461755371093773,0.015440681,0.13391113,2.893023224559066,0,0,0
2017-12-22 04:00:00,995.3226,24.860955810546898,0.017519418,0.008705139,14.114805751197675,22.220330810546898,0.016581003,0.042007446,5.493379495775523,21.415643310546898,0.015375558,0.1373291,2.8160990156192103,0,0,0
2017-12-22 05:00:00,998.7571,24.860375976562523,0.01764911,0.011318207,13.569630761292023,22.094750976562523,0.016481813,0.04067993,5.718002760799418,21.376000976562523,0.015295443,0.14068604,2.831644573885132,0,0,0
2017-12-22 06:00:00,1010.9622,24.901330566406276,0.017824765,0.011375427,13.514324065821963,22.041955566406276,0.016359922,0.030929565,6.010433147899261,21.354455566406276,0.015234587,0.13720703,2.891425108004208,0,0,0
2017-12-22 07:00:00,1119.9347,25.880029296875023,0.018412737,0.011108398,16.31369026840156,23.692529296875023,0.016886858,0.023101807,8.865111842345529,21.895654296875023,0.015463976,0.13146973,2.896079982069336,0,0,0
2017-12-22 08:00:00,1280.2635,27.048486328125023,0.018451568,0.015014648,20.560137265708263,25.517236328125023,0.017360564,0.017723083,10.620209110593557,23.212548828125023,0.01558673,0.11242676,2.966399738183056,0,0,0
2017-12-22 09:00:00,1388.8640999999998,27.992028808593773,0.018414235,0.016746521,22.59757881360976,27.085778808593773,0.017422413,0.010696411,12.043522492236068,24.726403808593773,0.015637135,0.09649658,2.7601517289375965,0,0,0
2017-12-22 10:00:00,1444.4246,28.713739013671898,0.018415105,0.03125,22.83884213266814,28.276239013671898,0.017354619,0.00592041,11.652636512099116,25.994989013671898,0.015519748,0.08456421,2.355229006281043,0,0,0
2017-12-22 11:00:00,1477.8868,29.216027832031276,0.018407805,0.045898438,22.101790163196483,29.200402832031276,0.017309172,0.0044059753,10.776996910760936,26.856652832031276,0.015478117,0.07531738,1.6132435548086983,0,0,0
2017-12-22 12:00:00,1475.1649,29.578576660156276,0.018430619,0.071624756,20.495183164806907,29.844201660156276,0.01739302,0.006866455,9.882543188956566,27.297326660156276,0.015943436,0.07022095,0.8666555732160725,0,0,0
2017-12-22 13:00:00,1482.3691,29.628503417968773,0.018315777,0.08746338,18.745828100326545,30.175378417968773,0.017621502,0.019615173,8.981861146270239,27.487878417968773,0.01600407,0.06399536,0.5590440970132476,0,0,0
2017-12-22 14:00:00,1489.4736,29.613610839843773,0.018300205,0.09286499,17.531983738196505,30.144860839843773,0.017781407,0.069488525,8.224758666419921,27.410485839843773,0.015820652,0.07324219,0.1853295459876159,0,0,0
2017-12-22 15:00:00,1467.5893,29.470056152343773,0.018208494,0.10211182,16.839219146166982,29.782556152343773,0.017933836,0.099823,7.600141759855369,27.063806152343773,0.015797606,0.06427002,0.5939873695222792,0,0,0
2017-12-22 16:00:00,1401.5252,29.105981445312523,0.01810152,0.09225464,16.746090633747087,29.137231445312523,0.01835329,0.10122681,6.764698809159037,26.387231445312523,0.016270466,0.06411743,0.9847552300842344,0,0,0
2017-12-22 17:00:00,1312.1178,28.303094482421898,0.018398825,0.07232666,16.082427819148002,27.865594482421898,0.01871926,0.08786011,5.6960660308803845,25.334344482421898,0.016995016,0.07611084,1.3940893880461156,0,0,0
2017-12-22 18:00:00,1336.6971,27.150323486328148,0.01894794,0.052719116,14.23207112834583,25.915948486328148,0.01843677,0.08493042,4.093253148336265,24.064385986328148,0.017528873,0.11953735,1.594018125980229,0,0,0
2017-12-22 19:00:00,1366.3796,26.556970214843773,0.019123262,0.04295349,13.984661773639566,25.252282714843773,0.018062776,0.07171631,4.638776098746891,23.330407714843773,0.016979402,0.12817383,2.067417957149539,0,0,0
2017-12-22 20:00:00,1339.1370000000002,26.223931884765648,0.019138834,0.035232544,14.095262616306808,24.770806884765648,0.01793339,0.056167603,4.826443870225166,22.833306884765648,0.016941568,0.12106323,2.292627837590578,0,0,0
2017-12-22 21:00:00,1293.1461000000002,25.995172119140648,0.019063512,0.028121948,14.35904300210426,24.338922119140648,0.01782755,0.048919678,4.6788676373845055,22.542047119140648,0.016919652,0.12487793,2.545757225343291,0,0,0
2017-12-22 22:00:00,1238.0343,25.771997070312523,0.018973554,0.022705078,14.844206078519743,23.982934570312523,0.017729962,0.04460144,4.483821530097226,22.365747070312523,0.016852582,0.1295166,2.6722606501082,0,0,0
2017-12-22 23:00:00,1188.0355000000002,25.6083923339844,0.018821508,0.022712708,15.957660817981385,23.6708923339844,0.017608434,0.04763794,4.415575491269276,22.3271423339844,0.016837865,0.12432861,2.6628486512479683,0,0,0
2017-12-23 00:00:00,1113.9717,25.510339355468773,0.018622248,0.028442383,16.743695457856646,23.432214355468773,0.017493097,0.05230713,4.467853162710803,22.291589355468773,0.016760675,0.1430664,2.5836081219213725,0,0,0
2017-12-23 01:00:00,1064.4591,25.418511962890648,0.01847626,0.027824402,17.31515516501865,23.215386962890648,0.017369999,0.04927063,4.65354873234296,22.238824462890648,0.016675724,0.15893555,2.5092572565828,0,0,0
2017-12-23 02:00:00,1024.2535,25.372155761718773,0.018277401,0.0207901,18.948546921068168,22.950280761718773,0.017216915,0.05479431,4.884311756156577,22.239343261718773,0.016583676,0.16522217,2.371263001385701,0,0,0
2017-12-23 03:00:00,995.057,25.329431152343773,0.018147247,0.020339966,19.86781060085104,22.704431152343773,0.017040985,0.062042236,5.1462602091834615,22.141931152343773,0.016445892,0.16577148,2.257334123771666,0,0,0
2017-12-23 04:00:00,979.1401,25.253198242187523,0.018063137,0.01702118,19.61463567072091,22.503198242187523,0.016880581,0.06512451,5.2490188553759065,22.057885742187523,0.016323635,0.16931152,2.0616158272167886,0,0,0
2017-12-23 05:00:00,973.7679,25.172967529296898,0.018024674,0.011638641,18.50848586654958,22.337030029296898,0.016750565,0.059127808,5.090628793620176,22.008905029296898,0.016224137,0.16973877,1.8390436500484288,0,0,0
2017-12-23 06:00:00,962.0445,25.1550231933594,0.018070156,0.0096206665,17.423387844208904,22.2565856933594,0.01663583,0.04925537,4.981041264198991,21.9753356933594,0.016139919,0.16229248,1.5930072736735692,0,0,0
2017-12-23 07:00:00,1019.5302,26.003503417968773,0.01845919,0.011959076,19.203553776869864,23.948815917968773,0.017269004,0.040374756,7.360221854888196,22.401940917968773,0.016383994,0.15283203,1.387333818742324,0,0,0
2017-12-23 08:00:00,1163.5638,27.120629882812523,0.018268539,0.013587952,22.75066088712109,25.776879882812523,0.01787181,0.037124634,9.242581468119404,23.394067382812523,0.01662059,0.13519287,1.4303273704577577,0,0,0
2017-12-23 09:00:00,1260.3413,28.020837402343773,0.018009294,0.024398804,24.29128261604999,27.364587402343773,0.0181924,0.03288269,11.04726071473451,24.778649902343773,0.01668178,0.12402344,1.4430862461535114,0,0,0
2017-12-23 10:00:00,1245.5718,28.733666992187523,0.018009514,0.023246765,24.57863727712321,28.561791992187523,0.01830706,0.030441284,11.395216088650152,26.233666992187523,0.016476005,0.11651611,1.3965835523266967,0,0,0
2017-12-23 11:00:00,1304.7947,29.257196044921898,0.01798698,0.031845093,24.817960007140307,29.475946044921898,0.01834556,0.034729004,11.464220796001474,27.116571044921898,0.016659465,0.114105225,0.8421706677455087,0,0,0
2017-12-23 12:00:00,1292.3967,29.572625732421898,0.018002598,0.037368774,24.905859678266008,30.041375732421898,0.018368809,0.05883789,11.428038599127346,27.588250732421898,0.01684293,0.11859131,0.7574355153217467,0,0,0
2017-12-23 13:00:00,1292.9970999999998,29.639428710937523,0.01806379,0.05441284,25.02119684883293,30.264428710937523,0.018399483,0.06503296,11.234205404176675,27.764428710937523,0.016774422,0.124053955,0.501834015128818,0,0,0
2017-12-23 14:00:00,1281.7156,29.497949218750023,0.018048534,0.06793213,25.16617177447191,30.216699218750023,0.01836134,0.06991577,11.006365227949049,27.607324218750023,0.016606579,0.12689209,0.0638016581115695,0,0,0
2017-12-23 15:00:00,1258.1657,29.148095703125023,0.01797995,0.07028198,25.2807535295813,29.819970703125023,0.018369049,0.057739258,10.735154793080373,27.085595703125023,0.016553253,0.12213135,0.5540039159329967,0,0,0
2017-12-23 16:00:00,1243.2505,28.5046325683594,0.017942002,0.05873108,24.82013223642047,29.0202575683594,0.018521836,0.04966736,9.964837667058855,26.1921325683594,0.016820481,0.11367798,0.8874635087825651,0,0,0
2017-12-23 17:00:00,1219.6888,27.605828857421898,0.017995477,0.03388977,22.98152741697105,27.637078857421898,0.018788934,0.04685974,7.829612990713563,25.058953857421898,0.01720202,0.12542725,1.189126295466155,0,0,0
2017-12-23 18:00:00,1307.5011,26.6447692871094,0.018215843,0.014251709,19.342139346312948,25.7307067871094,0.01836843,0.048538208,6.224312792613769,23.8244567871094,0.017521568,0.13928223,1.2447663941737424,0,0,0
2017-12-23 19:00:00,1321.7574,26.221337890625023,0.018359916,0.0048217773,17.243725267360052,24.869775390625023,0.017894523,0.04562378,6.38622474257738,23.244775390625023,0.016994255,0.12963867,1.4135503484262095,0,0,0
2017-12-23 20:00:00,1298.5331,25.982568359375023,0.01837466,0.002158165,16.65489042476819,24.201318359375023,0.017497279,0.04121399,6.10203816805355,22.935693359375023,0.016635157,0.10733032,1.499164241179532,0,0,0
2017-12-23 21:00:00,1268.8903999999998,25.835626220703148,0.018336922,0.0054893494,16.821157266582745,23.687188720703148,0.017078072,0.033325195,5.983894801383006,22.788751220703148,0.016399056,0.09555054,1.621029643434299,0,0,0
2017-12-23 22:00:00,1221.7919,25.737145996093773,0.018345164,0.010948181,17.120758065882722,23.315270996093773,0.016742991,0.031677246,6.244100117532629,22.580895996093773,0.016208934,0.09637451,2.0421395702618668,0,0,0
2017-12-23 23:00:00,1167.3691,25.6457458496094,0.018299315,0.011829376,17.50024591763597,23.0051208496094,0.016536925,0.033569336,6.332153746863193,22.3410583496094,0.016010497,0.10446167,2.4331792918746813,0,0,0
2017-12-24 00:00:00,1107.2578999999998,25.533563232421898,0.01818398,0.013370514,18.454085255961004,22.752313232421898,0.016398702,0.02947998,6.378553948190037,22.135125732421898,0.015841756,0.10626221,2.637874990626217,20,1,0
2017-12-24 01:00:00,1052.2555,25.364709472656276,0.018129764,0.01159668,18.618652417252772,22.513146972656276,0.016306339,0.031692505,6.330426339350254,21.935021972656276,0.015703617,0.10903931,2.8010458134149623,20,1,0
2017-12-24 02:00:00,1006.6468999999998,25.238732910156276,0.018167568,0.01637268,18.930447494610146,22.324670410156276,0.016275479,0.028511047,6.24068000169412,21.754357910156276,0.015565945,0.11016846,3.001613983872462,20,1,0
2017-12-24 03:00:00,982.577,25.169763183593773,0.018228555,0.030548096,19.260678753167426,22.201013183593773,0.01628306,0.029930115,6.164750687507447,21.591638183593773,0.015428567,0.10852051,3.258768907849909,20,1,0
2017-12-24 04:00:00,969.7257,25.110437011718773,0.01826646,0.038085938,18.604445682952285,22.102624511718773,0.016290447,0.037857056,5.8787441967905725,21.430749511718773,0.015302441,0.10708618,3.4204499671465283,20,1,0
2017-12-24 05:00:00,954.8374,25.043359375000023,0.018228628,0.035995483,17.532931199677844,22.004296875000023,0.016275503,0.051742554,5.619146459932451,21.285546875000023,0.015195943,0.10491943,3.5264085714932687,20,1,0
2017-12-24 06:00:00,911.2806,25.034082031250023,0.018176123,0.03517151,16.597306954579444,21.955957031250023,0.016222998,0.0572052,5.401540441139737,21.166894531250023,0.015105292,0.096954346,3.550487543932746,20,1,0
2017-12-24 07:00:00,932.8885,25.913934326171898,0.018489346,0.03286743,18.112454962822504,23.687371826171898,0.016818509,0.060943604,7.625267034138472,21.640496826171898,0.015258297,0.096069336,3.5954558302896,20,1,0
2017-12-24 08:00:00,1008.7858,27.075494384765648,0.018428518,0.040527344,22.2301583893728,25.473931884765648,0.01739092,0.060287476,9.342441547344665,22.880181884765648,0.0153538715,0.08810425,3.660875487443436,20,1,0
2017-12-24 09:00:00,1087.5484,28.011102294921898,0.018253237,0.05657959,24.2456769916454,27.073602294921898,0.017635256,0.05770874,11.330767748039396,24.347039794921898,0.015384585,0.09335327,3.416352120473777,20,1,0
2017-12-24 10:00:00,1137.5168,28.742395019531276,0.018253539,0.050827026,24.99701343244813,28.273645019531276,0.017788146,0.05545044,11.760686272818692,25.679895019531276,0.015293334,0.105773926,3.07419307169678,20,1,0
2017-12-24 11:00:00,1160.3396,29.302819824218773,0.01833769,0.048217773,25.46852305305328,29.177819824218773,0.017925702,0.056030273,11.664453295058772,26.677819824218773,0.015324078,0.11074829,2.489672725035613,20,1,0
2017-12-24 12:00:00,1168.1373999999998,29.642205810546898,0.018345328,0.05102539,25.271083304187567,29.845330810546898,0.018032523,0.05697632,11.47708559717717,27.204705810546898,0.015728446,0.10775757,1.6982320175173489,20,1,0
2017-12-24 13:00:00,1193.1502,29.766076660156276,0.01833014,0.060897827,24.78904457531656,30.172326660156276,0.018185182,0.085632324,10.840097758848245,27.375451660156276,0.016140504,0.11190796,1.3985755707334184,20,1,0
2017-12-24 14:00:00,1206.4626,29.656396484375023,0.018254291,0.06227112,24.38763900083721,30.125146484375023,0.018307697,0.118621826,10.141960586973775,27.265771484375023,0.016209614,0.12384033,1.1941267617331548,20,1,0
2017-12-24 15:00:00,1205.696,29.3945251464844,0.018140646,0.06661987,24.254252795881456,29.7695251464844,0.018400045,0.13647461,9.453290747836691,26.8632751464844,0.016301962,0.13726807,0.9602084972050112,20,1,0
2017-12-24 16:00:00,1195.0318000000002,28.776757812500023,0.018095534,0.06585693,23.597860737195443,29.073632812500023,0.018629592,0.124938965,8.237897464500278,26.198632812500023,0.016233962,0.1385498,0.8600875702342027,20,1,0
2017-12-24 17:00:00,1190.1725,27.838525390625023,0.018286686,0.048934937,21.4825216388094,27.776025390625023,0.019034367,0.11694336,5.880450592681962,25.135400390625023,0.016631108,0.14520264,1.2513859656484776,20,1,0
2017-12-24 18:00:00,1277.4616,26.7521911621094,0.018629935,0.044158936,17.975903900297055,25.9318786621094,0.018721487,0.10827637,4.098402703065147,23.8303161621094,0.017126944,0.15447998,1.6128844490404206,20,1,0
2017-12-24 19:00:00,1302.4867,26.203179931640648,0.018728998,0.047561646,16.325255065140468,25.203179931640648,0.01819494,0.105529785,4.389877966051418,23.125054931640648,0.01667669,0.16009521,2.254249584156077,20,1,0
2017-12-24 20:00:00,1249.4447,25.923486328125023,0.018607821,0.04536438,15.199466314483454,24.626611328125023,0.017913546,0.10827637,4.1679925095972274,22.618798828125023,0.016593661,0.16955566,2.58958387633175,20,1,0
2017-12-24 21:00:00,1205.5256000000002,25.777307128906276,0.018426243,0.045410156,14.619401816930244,24.160119628906276,0.017632786,0.11340332,3.757364617381502,22.316369628906276,0.0165723,0.17437744,2.7168465047728065,20,1,0
2017-12-24 22:00:00,1161.3128,25.656945800781276,0.018290035,0.04496765,14.94568808132035,23.805383300781276,0.017397396,0.11785889,3.716064891651003,22.094445800781276,0.016497128,0.1784668,2.6131674265342686,20,1,0
2017-12-24 23:00:00,1119.1092,25.545373535156276,0.018167311,0.047821045,15.918683227830368,23.506311035156276,0.017228896,0.12145996,3.818707372549233,21.943811035156276,0.016382033,0.18457031,2.404110969898804,20,1,0
2017-12-25 00:00:00,1068.8329,25.474023437500023,0.018089995,0.05303955,17.285847284915537,23.224023437500023,0.017082915,0.12124634,3.984042768202875,21.833398437500023,0.016228423,0.18225098,2.270593697972399,21,1,0
2017-12-25 01:00:00,1060.3932,25.379235839843773,0.018081965,0.056762695,18.635793246250405,22.980798339843773,0.016983332,0.11639404,4.341796519167496,21.730798339843773,0.016113581,0.16186523,2.2888364108663155,21,1,0
2017-12-25 02:00:00,1041.2716,25.302209472656276,0.018074352,0.06500244,19.36895171630047,22.786584472656276,0.016899426,0.11355591,4.780642805252103,21.755334472656276,0.016067822,0.16973877,2.258690397133784,21,1,0
2017-12-25 03:00:00,1005.1733,25.248376464843773,0.01806689,0.07421875,19.526104072097308,22.631188964843773,0.01680804,0.108947754,5.213190321184346,21.771813964843773,0.015984066,0.1854248,2.262645263645203,21,1,0
2017-12-25 04:00:00,982.2285,25.190362548828148,0.018036555,0.072387695,18.47124564257589,22.518487548828148,0.01670904,0.09851074,5.460803462008461,21.745050048828148,0.015885066,0.1953125,2.2712276738129185,21,1,0
2017-12-25 05:00:00,979.3736,25.093469238281276,0.018027578,0.06851196,16.590731650803843,22.437219238281276,0.016639028,0.096221924,5.553084377296945,21.695031738281276,0.015799794,0.19384766,2.314451715782799,21,1,0
2017-12-25 06:00:00,927.8866,25.047235107421898,0.018011171,0.0670166,15.488356360158356,22.500360107421898,0.016630251,0.093322754,6.137725742018841,21.640985107421898,0.015722353,0.19232178,2.436539519415552,21,1,0
2017-12-25 07:00:00,906.1287,25.809350585937523,0.018262211,0.06573486,17.723736045116805,23.535913085937523,0.01701862,0.08560181,8.66265373588976,21.981225585937523,0.01600391,0.18383789,2.796819585325793,21,1,0
2017-12-25 08:00:00,956.8673,26.757623291015648,0.018078666,0.082855225,21.768175410294717,24.523248291015648,0.017361503,0.07998657,10.142916582037,22.757623291015648,0.01638494,0.17242432,3.3832821124917904,21,1,0
2017-12-25 09:00:00,991.3024,27.540704345703148,0.017864827,0.08016968,24.06845557132545,25.798516845703148,0.01770461,0.07421875,11.0577880341638,23.798516845703148,0.016537312,0.13897705,3.729031325855473,21,1,0
2017-12-25 10:00:00,1031.0839,28.195275878906276,0.01774254,0.077056885,25.847173386471344,27.289025878906276,0.017795946,0.06915283,12.50604322911668,25.265588378906276,0.01623955,0.12426758,3.674113653303356,21,1,0
2017-12-25 11:00:00,1039.5996,28.742486572265648,0.017689077,0.07022095,27.109940657373063,28.383111572265648,0.017849294,0.06838989,13.23718435975604,26.304986572265648,0.015919058,0.12939453,3.4572732262705297,21,1,0
2017-12-25 12:00:00,1059.7058000000002,29.051232910156276,0.017651195,0.07196045,27.32618309593884,29.051232910156276,0.017918224,0.07376099,13.39488280788644,26.785607910156276,0.016117686,0.13482666,3.186173717353358,21,1,0
2017-12-25 13:00:00,1059.4695,29.0715270996094,0.017567156,0.069366455,26.96050639415545,29.3059020996094,0.01789522,0.09106445,13.174587861478788,26.8996520996094,0.0162549,0.15374756,2.981130288077767,21,1,0
2017-12-25 14:00:00,1060.4073999999998,29.060021972656276,0.017551607,0.060775757,26.793742209367306,29.263146972656276,0.017849153,0.11715698,12.87865283886835,26.716271972656276,0.016216462,0.16156006,2.9997396070006395,21,1,0
2017-12-25 15:00:00,1050.7033,28.832940673828148,0.017475406,0.045806885,26.90539118974564,28.957940673828148,0.01778821,0.12658691,12.455949671560935,26.254815673828148,0.016178409,0.1572876,3.359543464162602,21,1,0
2017-12-25 16:00:00,1012.4378,28.273217773437523,0.017383812,0.03215027,26.666210988284025,28.226342773437523,0.017879723,0.11401367,10.908055861528336,25.585717773437523,0.016178368,0.13458252,3.7262258471167184,21,1,0
2017-12-25 17:00:00,986.6763,27.368188476562523,0.017405976,0.02143097,24.55629509979713,27.008813476562523,0.018214691,0.1131897,8.115086048960372,24.579125976562523,0.016314972,0.12731934,3.6337088265463167,21,1,0
2017-12-25 18:00:00,1099.0238,26.4587341308594,0.017672623,0.013893127,21.012985617831543,25.2399841308594,0.017924393,0.10797119,5.835154638521291,23.4821716308594,0.016108597,0.1260376,3.859231006237275,21,1,0
2017-12-25 19:00:00,1144.2034,26.064111328125023,0.017756574,0.011226654,19.33405239390374,24.478173828125023,0.017565839,0.10253906,5.700892448830689,22.868798828125023,0.015856855,0.11767578,4.522387491221651,21,1,0
2017-12-25 20:00:00,1159.9222,25.818475341796898,0.017664865,0.0095825195,18.66108718501572,23.920037841796898,0.017275766,0.09295654,6.100182790049941,22.490350341796898,0.01582618,0.113098145,4.669858097803989,21,1,0
2017-12-25 21:00:00,1142.6198,25.6589294433594,0.017535746,0.009246826,19.15181175804845,23.5495544433594,0.017016947,0.08282471,6.907131134025509,22.2370544433594,0.015773356,0.11553955,4.560447285449024,21,1,0
2017-12-25 22:00:00,1147.0748,25.521569824218773,0.017383823,0.013870239,20.393324578840247,23.232507324218773,0.016857395,0.078308105,7.42551101313252,22.068444824218773,0.015712986,0.12496948,4.2962289642183045,21,1,0
2017-12-25 23:00:00,1080.1687000000002,25.4228454589844,0.017284727,0.021736145,21.84210025959042,22.9619079589844,0.01673541,0.07946777,7.399421468234878,21.9775329589844,0.015652036,0.1329956,3.982547964033533,21,1,0
2017-12-26 00:00:00,1049.3165,25.313806152343773,0.017231213,0.024902344,22.465223368271417,22.751306152343773,0.016620861,0.08230591,7.181327138142842,21.891931152343773,0.015598522,0.14196777,4.173745794988196,0,0,0
2017-12-26 01:00:00,1017.657,25.188134765625023,0.017284347,0.021476746,22.15892831903309,22.602197265625023,0.016513778,0.083862305,7.10980246933444,21.789697265625023,0.015552474,0.1506958,4.360621769955698,0,0,0
2017-12-26 02:00:00,969.3445,25.068200683593773,0.017367788,0.028518677,22.2348170496948,22.443200683593773,0.016406484,0.086242676,7.176071841897775,21.732263183593773,0.015532917,0.16131592,4.370881637049351,0,0,0
2017-12-26 03:00:00,944.8844,24.868859863281276,0.01749738,0.045516968,20.913874861994465,22.282922363281276,0.016276676,0.08078003,7.21629068865027,21.681359863281276,0.015498478,0.16186523,4.258080278008059,0,0,0
2017-12-26 04:00:00,939.9839,24.731896972656276,0.017558247,0.061447144,20.17505173233377,22.114709472656276,0.01612392,0.08139038,7.107073105622462,21.653771972656276,0.015460164,0.16693115,4.1633789990203445,0,0,0
2017-12-26 05:00:00,971.701,24.681665039062523,0.017549945,0.067352295,20.086762718243666,22.001977539062523,0.016008807,0.07220459,7.302205324845446,21.642602539062523,0.015448047,0.1687622,4.174306734283377,0,0,0
2017-12-26 06:00:00,1000.3879,24.680047607421898,0.017534208,0.063079834,20.27012915564003,21.961297607421898,0.015939664,0.06010437,7.580063757112446,21.586297607421898,0.0154056065,0.16967773,4.280073287639441,0,0,0
2017-12-26 07:00:00,1109.2159,25.505151367187523,0.01768596,0.05445862,23.221710951113625,23.020776367187523,0.016572068,0.05819702,10.42326371258634,21.958276367187523,0.015614578,0.16882324,4.532516378298424,0,0,0
2017-12-26 08:00:00,1306.7916,26.595727539062523,0.017166814,0.07382202,28.87645091981716,24.439477539062523,0.017357549,0.060958862,11.877826651399378,22.962915039062523,0.01583167,0.16308594,4.979458698130912,0,0,0
2017-12-26 09:00:00,1379.3842000000002,27.418817138671898,0.01677763,0.091796875,31.304078910667737,26.059442138671898,0.017487165,0.06506348,15.180174014334249,24.325067138671898,0.015671369,0.15698242,5.338337359530602,0,0,0
2017-12-26 10:00:00,1425.6824,28.052148437500023,0.016762573,0.09841919,31.210528372631376,27.224023437500023,0.01718982,0.057556152,16.67059701785274,25.419335937500023,0.015324432,0.14349365,5.454101579985452,0,0,0
2017-12-26 11:00:00,1479.6422,28.525750732421898,0.016892498,0.12359619,30.409306798107163,28.041375732421898,0.017014569,0.056289673,17.045400407406927,26.150750732421898,0.015072888,0.13665771,5.479497718624682,0,0,0
2017-12-26 12:00:00,1459.4189,28.799859619140648,0.01702221,0.15765381,29.50313002710873,28.518609619140648,0.016938286,0.07687378,16.75201473132691,26.502984619140648,0.015046197,0.13366699,5.443241177067093,0,0,0
2017-12-26 13:00:00,1489.1880999999998,28.951531982421898,0.01710609,0.18566895,28.765599113921,28.654656982421898,0.016938243,0.08331299,16.164086014890458,26.514031982421898,0.014996562,0.11984253,5.57796977364115,0,0,0
2017-12-26 14:00:00,1491.0412,28.893945312500023,0.01710588,0.18914795,28.10031651220209,28.581445312500023,0.016915144,0.07775879,15.578425821443538,26.268945312500023,0.014794174,0.095703125,6.041144063862556,0,0,0
2017-12-26 15:00:00,1455.8966,28.662500000000023,0.017083049,0.1630249,27.59191421156565,28.271875000000023,0.016877055,0.064208984,14.809199654578896,25.787500000000023,0.014634014,0.07394409,6.575421613512458,0,0,0
2017-12-26 16:00:00,1377.1605,28.141564941406276,0.017098533,0.12774658,26.736882621838777,27.594689941406276,0.017022239,0.055618286,13.237253453711714,25.016564941406276,0.014718161,0.07199097,6.742468561389854,0,0,0
2017-12-26 17:00:00,1282.1297,27.208093261718773,0.017327385,0.09277344,24.4603595528178,26.301843261718773,0.017220573,0.049331665,10.725943143763264,23.950280761718773,0.015027123,0.08648682,6.280421762092545,0,0,0
2017-12-26 18:00:00,1318.6011999999998,26.264855957031276,0.017732045,0.052597046,21.14572892587628,24.577355957031276,0.016961476,0.046524048,8.593893358179272,22.803918457031276,0.015210529,0.1003418,5.666334700490987,0,0,0
2017-12-26 19:00:00,1321.5438,25.824182128906276,0.017938124,0.032287598,19.859369498671544,23.863244628906276,0.01684712,0.057678223,7.995814721140652,22.253869628906276,0.015279281,0.11291504,5.400591913207338,0,0,0
2017-12-26 20:00:00,1309.9944,25.564355468750023,0.018037377,0.021247864,19.33915307069312,23.462792968750023,0.016763268,0.054748535,7.733893184566439,22.040917968750023,0.01528698,0.12094116,4.960419802589286,0,0,0
2017-12-26 21:00:00,1250.1694,25.371667480468773,0.017953826,0.017333984,18.94947508233397,23.176354980468773,0.016717864,0.052444458,7.470842507890925,21.949792480468773,0.015245392,0.1282959,4.680256904006446,0,0,0
2017-12-26 22:00:00,1204.6097,25.255059814453148,0.01777846,0.016441345,19.362146938545436,22.981622314453148,0.016710345,0.049346924,7.38787995731332,21.895684814453148,0.01519591,0.13806152,4.624157070980175,0,0,0
2017-12-26 23:00:00,1133.5433,25.173791503906276,0.017633505,0.019599915,19.99305120679725,22.837854003906276,0.016702719,0.054214478,7.34142851542496,21.876916503906276,0.015165395,0.14379883,4.441161374711764,0,0,0
2017-12-27 00:00:00,1066.8568,25.130883789062523,0.017526664,0.025794983,20.946480831015545,22.677758789062523,0.016634025,0.06286621,7.458947552442495,21.865258789062523,0.015138664,0.14678955,4.284817875983375,0,0,0
2017-12-27 01:00:00,1023.9664,25.085595703125023,0.017472941,0.029075623,21.66257149518911,22.484033203125023,0.016519267,0.06109619,7.5625825231163795,21.866845703125023,0.015126904,0.14782715,4.169481783439969,0,0,0
2017-12-27 02:00:00,976.4336,24.963830566406276,0.017511068,0.03756714,21.23821622955377,22.299768066406276,0.016389547,0.048095703,7.595060922002901,21.862268066406276,0.015119253,0.14813232,4.103009824160428,0,0,0
2017-12-27 03:00:00,961.5199,24.821557617187523,0.01753396,0.049545288,20.155056355463127,22.134057617187523,0.016252222,0.043426514,7.599176121275778,21.852807617187523,0.015103997,0.1508789,4.097065768830608,0,0,0
2017-12-27 04:00:00,967.6249,24.682977294921898,0.01755684,0.058746338,18.299886834466957,21.964227294921898,0.016114885,0.03933716,7.3339860030374355,21.854852294921898,0.015100175,0.14630127,3.9392678134285695,0,0,0
2017-12-27 05:00:00,977.7812,24.545190429687523,0.01758764,0.059188843,16.14366654962643,21.826440429687523,0.016015984,0.03491211,7.072877459035828,21.849877929687523,0.015108087,0.14538574,3.627580965638391,0,0,0
2017-12-27 06:00:00,999.5782,24.494836425781276,0.017588243,0.05696106,14.619374763280348,21.768273925781276,0.015955552,0.036743164,6.747171572324168,21.854211425781276,0.01510106,0.15039062,3.236213612622635,0,0,0
2017-12-27 07:00:00,1103.3434000000002,25.521905517578148,0.017794916,0.054473877,17.382606705242473,23.357843017578148,0.016597101,0.03918457,8.89365507974591,22.373468017578148,0.0153229935,0.14831543,2.9047069711017186,0,0,0
2017-12-27 08:00:00,1301.5964,26.678399658203148,0.017498128,0.06930542,22.900909698941277,25.225274658203148,0.017246358,0.040649414,10.58637058039391,23.592462158203148,0.015487782,0.14581299,3.1361687955534028,0,0,0
2017-12-27 09:00:00,1342.2298,27.512017822265648,0.017232008,0.06951904,24.733102252768425,26.863580322265648,0.017376967,0.043411255,12.880287101104726,24.910455322265648,0.015477247,0.1453247,3.365105353487403,0,0,0
2017-12-27 10:00:00,1408.5031,28.157647705078148,0.017080244,0.0796814,25.18129668298912,28.032647705078148,0.017332014,0.042999268,13.696524425618083,25.954522705078148,0.015310223,0.14147949,3.470194351953797,0,0,0
2017-12-27 11:00:00,1428.7993,28.681115722656276,0.017027033,0.07577515,25.78546414421917,28.852990722656276,0.01733221,0.044189453,14.126563013070657,26.759240722656276,0.015295161,0.13916016,3.2171467375060394,0,0,0
2017-12-27 12:00:00,1443.2949,29.027032470703148,0.017042803,0.07775879,26.396998148093825,29.355157470703148,0.017347978,0.0664978,14.232900893158522,27.198907470703148,0.0155627,0.13360596,2.7022862768223623,0,0,0
2017-12-27 13:00:00,1466.3408,29.148553466796898,0.017074253,0.08065796,26.697478477482925,29.523553466796898,0.017409947,0.0848999,14.129912249055746,27.336053466796898,0.015594151,0.12854004,2.4923734206922563,0,0,0
2017-12-27 14:00:00,1464.6675,29.061975097656276,0.01704467,0.076690674,26.793121309158906,29.390100097656276,0.01743377,0.09298706,13.85812285158876,27.163537597656276,0.01567901,0.1296997,2.413044592311347,0,0,0
2017-12-27 15:00:00,1442.6486,28.779595947265648,0.016984355,0.063323975,26.805729313403084,28.998345947265648,0.017434489,0.0881958,13.367145047145474,26.678033447265648,0.015740763,0.122161865,2.668407430706105,0,0,0
2017-12-27 16:00:00,1371.7648,28.279138183593773,0.016969342,0.041427612,25.90757163584434,28.263513183593773,0.017556805,0.07229614,11.98746211231915,26.029138183593773,0.01573338,0.12915039,3.0595795825047087,0,0,0
2017-12-27 17:00:00,1271.0836,27.411981201171898,0.01722862,0.030548096,23.136380210253257,26.966668701171898,0.017816084,0.05834961,9.396025275887002,24.982293701171898,0.01609947,0.12420654,3.1777831172194304,0,0,0
2017-12-27 18:00:00,1308.5721,26.340356445312523,0.017778274,0.024810791,18.562856219948493,25.121606445312523,0.017541762,0.054138184,7.035519309326377,23.793481445312523,0.01618373,0.123291016,3.296468271052748,0,0,0
2017-12-27 19:00:00,1328.8989,25.885125732421898,0.01804574,0.018043518,16.492444753515286,24.346063232421898,0.01729043,0.05180359,6.380858164385216,23.096063232421898,0.016176539,0.12640381,3.578329799071724,0,0,0
2017-12-27 20:00:00,1300.5612,25.635095214843773,0.018145442,0.009624481,15.399008979121431,23.877282714843773,0.01703155,0.0443573,6.330432684695721,22.705407714843773,0.016245723,0.12338257,3.5174236609790737,0,0,0
2017-12-27 21:00:00,1247.2024,25.476586914062523,0.018154027,0.0048675537,15.007422815493282,23.507836914062523,0.0168494,0.040237427,6.147098964224048,22.437524414062523,0.016292455,0.11468506,3.418089683965478,0,0,0
2017-12-27 22:00:00,1194.0303,25.375939941406276,0.018047605,0.00951767,15.166678435492228,23.211877441406276,0.016742978,0.038619995,6.065037251080542,22.258752441406276,0.016285215,0.121673584,3.318952263309786,0,0,0
2017-12-27 23:00:00,1128.43,25.358850097656276,0.01794853,0.019760132,15.722275927077112,22.976037597656276,0.01670494,0.030792236,6.038542132739258,22.132287597656276,0.016209029,0.14575195,3.2273111977524995,0,0,0
2017-12-28 00:00:00,1080.0957,25.362176513671898,0.017810877,0.020065308,17.066884631513467,22.791864013671898,0.016674098,0.040618896,5.967758681176528,21.987176513671898,0.01614767,0.15875244,3.2268176080009816,0,0,0
2017-12-28 01:00:00,1029.2459,25.290826416015648,0.017779876,0.023727417,18.076171153261736,22.634576416015648,0.016643096,0.04270935,5.90471354527015,21.853326416015648,0.016063262,0.16705322,3.186341485812371,0,0,0
2017-12-28 02:00:00,997.0593,25.180352783203148,0.017779486,0.03805542,18.96039044811114,22.461602783203148,0.01659693,0.032608032,5.677578727549229,21.742852783203148,0.015986579,0.16845703,3.090065638391303,0,0,0
2017-12-28 03:00:00,976.8987,25.071710205078148,0.017786853,0.051498413,19.203952811566356,22.298272705078148,0.016535632,0.040802002,5.313245549563703,21.673272705078148,0.01592528,0.17443848,3.026145311551439,0,0,0
2017-12-28 04:00:00,968.9945,24.987908935546898,0.017848026,0.052825928,18.17315488157214,22.175408935546898,0.016467106,0.044708252,4.920248283773971,21.628533935546898,0.015872013,0.1697998,2.9057254736307576,0,0,0
2017-12-28 05:00:00,982.6954,24.8669372558594,0.017854389,0.050216675,16.126123206474958,22.0388122558594,0.016359027,0.04170227,4.462049580129729,21.6247497558594,0.015863117,0.15893555,2.786189372454293,0,0,0
2017-12-28 06:00:00,991.2504,24.777703857421898,0.017845515,0.057785034,14.41148128565137,22.004266357421898,0.016258601,0.04685974,4.025453376114331,21.644891357421898,0.015846614,0.16369629,2.641903301274233,0,0,0
2017-12-28 07:00:00,1110.8059,25.707971191406276,0.01811225,0.07003784,16.88322309412212,23.887658691406276,0.016998358,0.06573486,5.448781263940411,22.145471191406276,0.016120978,0.17303467,2.4902570541246694,0,0,0
2017-12-28 08:00:00,1281.331,26.746240234375023,0.018021163,0.106170654,20.09837644482194,25.793115234375023,0.017456587,0.069488525,7.09648478353607,23.183740234375023,0.016312178,0.17260742,2.3316002958430064,0,0,0
2017-12-28 09:00:00,1362.1387,27.557397460937523,0.017898059,0.12854004,20.90052988941197,27.330834960937523,0.01761577,0.07839966,8.519001028570209,24.627709960937523,0.016211962,0.1817627,2.0313325096392028,0,0,0
2017-12-28 10:00:00,1430.2337,28.247949218750023,0.017813062,0.13964844,20.76624306889162,28.404199218750023,0.017660474,0.122283936,8.593495690484348,25.982324218750023,0.015890455,0.2076416,1.70916382498143,0,0,0
2017-12-28 11:00:00,1466.7669,28.856408691406276,0.01780492,0.1427002,20.53424889806338,29.247033691406276,0.01769048,0.14276123,8.095575650195125,26.817346191406276,0.015973866,0.22387695,1.4094749093855403,0,0,0
2017-12-28 12:00:00,1449.5643,29.244592285156276,0.017721152,0.14550781,19.982014602956664,29.947717285156276,0.017690634,0.15838623,7.329871147032838,27.228967285156276,0.015943503,0.24060059,1.567103522685497,0,0,0
2017-12-28 13:00:00,1457.064,29.499139404296898,0.017676981,0.13720703,19.16292726521891,30.342889404296898,0.017654093,0.20666504,6.643761348624958,26.975701904296898,0.016204508,0.23657227,2.0743959202506,0,0,0
2017-12-28 14:00:00,1428.1061,29.591424560546898,0.017570456,0.13983154,18.33494398405508,30.200799560546898,0.017974814,0.2333374,6.078636352681586,26.685174560546898,0.016624412,0.26257324,2.3393753729291777,0,0,0
2017-12-28 15:00:00,1358.951,29.444543457031276,0.017394876,0.14562988,17.78301682099692,29.616418457031276,0.018264627,0.21569824,5.401234390317453,26.100793457031276,0.016761636,0.2578125,2.602378478057573,0,0,0
2017-12-28 16:00:00,1319.1950000000002,28.986260986328148,0.017287888,0.12295532,16.83692457409516,29.001885986328148,0.018310227,0.22058105,4.644203332308717,25.408135986328148,0.016776718,0.25268555,2.844876708793454,0,0,0
2017-12-28 17:00:00,1259.9536999999998,28.057427978515648,0.017699493,0.10470581,14.7503165621651,27.791802978515648,0.018439544,0.24731445,3.8068170209699126,24.557427978515648,0.017150177,0.24859619,2.873851010811012,0,0,0
2017-12-28 18:00:00,1330.9895,27.005151367187523,0.01834032,0.08532715,12.343553629025433,26.052026367187523,0.018744677,0.26538086,2.252429156316611,23.661401367187523,0.017516345,0.25,2.7942291668110752,0,0,0
2017-12-28 19:00:00,1333.4256999999998,26.430535888671898,0.01849309,0.07879639,11.4673188475028,25.438348388671898,0.018477831,0.2659912,2.185585557528821,23.203973388671898,0.017417345,0.24859619,2.740121573793079,0,0,0
2017-12-28 20:00:00,1308.5716,26.052636718750023,0.018485205,0.07702637,10.74888876206004,25.060449218750023,0.018271582,0.26428223,2.346797941850157,22.974511718750023,0.01728739,0.25598145,2.9185915950945067,0,0,0
2017-12-28 21:00:00,1271.2395,25.807397460937523,0.01840141,0.07446289,10.10996808961083,24.760522460937523,0.018058088,0.25427246,2.7386281549884,22.823022460937523,0.017195966,0.26489258,3.204090917326019,0,0,0
2017-12-28 22:00:00,1196.8338,25.605310058593773,0.018295223,0.07461548,9.71264054480238,24.480310058593773,0.017898494,0.24279785,3.31371236675453,22.652185058593773,0.017158443,0.2685547,3.601186842783326,0,0,0
2017-12-28 23:00:00,1130.6612,25.391076660156276,0.018165652,0.07702637,9.363790466441143,24.227014160156276,0.017784182,0.22180176,3.9274820461627713,22.469201660156276,0.017097536,0.2758789,3.907337058215624,0,0,0
2017-12-29 00:00:00,1068.7753,25.198327636718773,0.018058246,0.080322266,9.241737292071182,23.995202636718773,0.017676776,0.19006348,4.463218688793477,22.268640136718773,0.017013019,0.27368164,4.098081516711782,0,0,0
2017-12-29 01:00:00,1035.0933,25.020288085937523,0.017989004,0.09509277,9.29795615595054,23.770288085937523,0.017584646,0.17193604,4.814134832356958,22.114038085937523,0.016920889,0.27038574,4.270254090764954,0,0,0
2017-12-29 02:00:00,990.1088,24.897760009765648,0.017965794,0.123168945,9.474428374024807,23.593072509765648,0.017477512,0.17913818,5.051594087907251,21.991510009765648,0.016806126,0.2664795,4.462599899071381,0,0,0
2017-12-29 03:00:00,979.625,24.825830078125023,0.017958097,0.1473999,9.707239701609913,23.403955078125023,0.017309599,0.17785645,5.037499763356244,21.911767578125023,0.016706876,0.26342773,4.456377288156077,0,0,0
2017-12-29 04:00:00,964.0002,24.793267822265648,0.017942972,0.16235352,9.783563703676514,23.215142822265648,0.017157145,0.16662598,5.02789687735114,21.855767822265648,0.016569681,0.2512207,4.406302496414754,0,0,0
2017-12-29 05:00:00,983.8281,24.773400878906276,0.017928027,0.17004395,9.138639470348885,23.078088378906276,0.0170125,0.15722656,4.814734755010747,21.726525878906276,0.01637926,0.23571777,4.3542921003803325,0,0,0
2017-12-29 06:00:00,1003.5169,24.804895019531276,0.017936002,0.16809082,7.911920115839997,23.023645019531276,0.016890775,0.1453247,4.425180114701139,21.570520019531276,0.016188871,0.2055664,4.196502250882584,0,0,0
2017-12-29 07:00:00,1098.2848,25.575494384765648,0.018332466,0.17114258,8.255117209588425,24.575494384765648,0.018073067,0.13830566,4.815593674327005,21.848931884765648,0.016257271,0.19732666,3.75710124749594,0,0,0
2017-12-29 08:00:00,1264.8602999999998,26.434259033203148,0.018324733,0.19836426,10.25254202978509,26.121759033203148,0.018317103,0.12817383,6.476313247946123,22.738946533203148,0.01660049,0.19250488,3.2966674493480816,0,0,0
2017-12-29 09:00:00,1327.8122,27.247033691406276,0.018270593,0.2545166,11.026823243394466,26.957971191406276,0.017637353,0.124938965,7.558025505529624,23.747033691406276,0.01642428,0.19586182,3.0121905979172623,0,0,0
2017-12-29 10:00:00,1375.1905,28.0930114746094,0.018178444,0.28051758,11.7299727706398,27.7961364746094,0.017560463,0.14855957,6.8570726789561816,25.0617614746094,0.015996438,0.21783447,2.813540624745212,0,0,0
2017-12-29 11:00:00,1404.9369,28.854272460937523,0.018065076,0.27575684,11.84379677957038,28.713647460937523,0.017714124,0.2111206,5.468715436553723,26.073022460937523,0.015829664,0.24328613,2.8235362235681327,0,0,0
2017-12-29 12:00:00,1385.8354000000002,29.306207275390648,0.018181695,0.27062988,11.296582817636176,29.228082275390648,0.017815484,0.25952148,3.8219145054619608,26.681207275390648,0.015808953,0.27783203,3.1051676961975483,0,0,0
2017-12-29 13:00:00,1410.8568,29.397576904296898,0.018282797,0.28015137,10.852667182736605,29.241326904296898,0.01787081,0.288208,2.5117904344358504,26.702264404296898,0.016085532,0.28186035,3.449322194398349,0,0,0
2017-12-29 14:00:00,1382.9374,29.246789550781276,0.018322865,0.2593994,10.953601506162736,28.918664550781276,0.018048206,0.30187988,2.2397135393011003,26.379602050781276,0.016301075,0.29418945,3.6862030153588496,0,0,0
2017-12-29 15:00:00,1324.8329,28.783288574218773,0.018377468,0.2574463,11.240244305219331,28.720788574218773,0.018385097,0.32995605,2.711192583291317,25.837976074218773,0.016546413,0.31469727,3.786788359911823,0,0,0
2017-12-29 16:00:00,1263.0432,28.153192138671898,0.018476272,0.25915527,10.865838594616514,28.325067138671898,0.018682266,0.37805176,3.0806983020533734,25.106317138671898,0.016835952,0.32714844,3.765172005785963,0,0,0
2017-12-29 17:00:00,1215.7907,27.403863525390648,0.018825442,0.23651123,9.325040736377908,27.138238525390648,0.018550783,0.4107666,4.017458837330329,24.271051025390648,0.017185122,0.34436035,3.523245646800023,0,0,0
2017-12-29 18:00:00,1301.4333,26.777246093750023,0.019091832,0.23199463,7.868972477028897,25.910058593750023,0.019267308,0.4293213,3.8213283194619736,23.550683593750023,0.017428624,0.33312988,3.2466978889454943,0,0,0
2017-12-29 19:00:00,1318.6837,26.4404235839844,0.019061701,0.22021484,7.591757958118351,25.3622985839844,0.019031184,0.44482422,4.012071005446761,23.1826110839844,0.017490046,0.3022461,3.3320316607172047,0,0,0
2017-12-29 20:00:00,1289.6243,26.201501464843773,0.018985469,0.20202637,7.366674046347303,25.068688964843773,0.018916804,0.44677734,4.144824031228276,22.967126464843773,0.017398555,0.29418945,3.597346102489217,0,0,0
2017-12-29 21:00:00,1246.9376,26.016046142578148,0.018894127,0.17675781,7.161729381707773,24.875421142578148,0.01884835,0.4276123,4.411042477922301,22.797296142578148,0.017322471,0.2952881,3.917066754677766,0,0,0
2017-12-29 22:00:00,1187.4763,25.851770019531276,0.018764641,0.14428711,7.543878390176466,24.711145019531276,0.0187799,0.39831543,4.732566986818993,22.625207519531276,0.017238762,0.29956055,4.305617564229959,0,0,0
2017-12-29 23:00:00,1122.7267,25.652246093750023,0.018619599,0.13952637,8.252363012194397,24.542871093750023,0.018673005,0.36120605,5.208312711547717,22.456933593750023,0.017116608,0.3149414,4.617166159333613,0,0,0
2017-12-30 00:00:00,1064.1302,25.486688232421898,0.0184749,0.15136719,8.751679757328253,24.369500732421898,0.018535934,0.3190918,5.612533181820934,22.353875732421898,0.017055832,0.32983398,4.850836392674577,0,0,0
2017-12-30 01:00:00,1022.0970999999998,25.383935546875023,0.018406726,0.15765381,9.20991697292616,24.266748046875023,0.018460132,0.289917,5.877045454705312,22.305810546875023,0.016995288,0.32836914,4.904635352483039,0,0,0
2017-12-30 02:00:00,986.6291,25.313256835937523,0.01839171,0.15179443,9.55781738520596,24.211694335937523,0.018437486,0.27319336,5.931377735109091,22.321069335937523,0.016942125,0.3010254,4.94212055770011,0,0,0
2017-12-30 03:00:00,972.2504,25.252252197265648,0.01839221,0.1361084,9.754936400596751,24.150689697265648,0.018384581,0.2409668,5.8448209285145225,22.314752197265648,0.01688159,0.2836914,4.894293603630665,0,0,0
2017-12-30 04:00:00,952.6977,25.198083496093773,0.018369347,0.11135864,9.3831958803597,24.080895996093773,0.018308312,0.21685791,5.92414577458804,22.299645996093773,0.016805321,0.28198242,4.86046090801503,0,0,0
2017-12-30 05:00:00,963.6746,25.144738769531276,0.018315986,0.08312988,8.828878524084585,24.011926269531276,0.018216804,0.20922852,5.976140093069046,22.293176269531276,0.01675196,0.2779541,4.839121169860725,0,0,0
2017-12-30 06:00:00,957.0071,25.092614746093773,0.018247532,0.0718689,8.488767948864714,23.959802246093773,0.018117832,0.21325684,5.93301691361702,22.303552246093773,0.016729282,0.258667,4.824960131307541,0,0,0
2017-12-30 07:00:00,992.4947,25.578576660156276,0.018522559,0.07571411,9.21329414329898,24.562951660156276,0.018682776,0.222229,6.352435481476824,22.547326660156276,0.016928015,0.2409668,4.819536897405864,0,0,0
2017-12-30 08:00:00,1093.381,26.191552734375023,0.018446624,0.10610962,11.11057981500892,25.269677734375023,0.019156158,0.24163818,7.85252009960324,23.027490234375023,0.017302215,0.23156738,4.874289974444931,0,0,0
2017-12-30 09:00:00,1174.4597,26.583337402343773,0.018331729,0.15332031,10.932765681564664,25.973962402343773,0.019285403,0.24334717,8.46320255129915,23.583337402343773,0.01769086,0.24493408,4.9534371840234,0,0,0
2017-12-30 10:00:00,1227.2062,26.929559326171898,0.018255359,0.20257568,11.263854018435822,26.367059326171898,0.019079333,0.2529297,8.75024690552174,24.093621826171898,0.017805224,0.27368164,5.077891489147382,0,0,0
2017-12-30 11:00:00,1234.4380999999998,27.157525634765648,0.018232448,0.23327637,11.135877456385412,26.610650634765648,0.018903835,0.32873535,8.814221919227007,24.587213134765648,0.01757632,0.3178711,4.944169911372213,0,0,0
2017-12-30 12:00:00,1216.0295,27.420922851562523,0.018187009,0.24157715,9.351892579642207,26.584985351562523,0.01880499,0.33288574,9.111140510025768,24.959985351562523,0.017301999,0.33862305,4.855914954922344,0,0,0
2017-12-30 13:00:00,1192.9194,27.690789794921898,0.017989367,0.22888184,7.466978529252863,26.472039794921898,0.018851489,0.25708008,9.613119625761918,25.042352294921898,0.017241687,0.34716797,5.000239246366571,0,0,0
2017-12-30 14:00:00,1178.6169000000002,27.728479003906276,0.0178911,0.20373535,6.825709748305683,26.337854003906276,0.01902025,0.21624756,10.019400800960025,24.853479003906276,0.017273119,0.36499023,5.21658869594687,0,0,0
2017-12-30 15:00:00,1151.9514,27.481591796875023,0.018020835,0.17901611,7.693896116082433,26.137841796875023,0.019302573,0.2053833,10.00519080670695,24.489404296875023,0.017418113,0.352417,5.171144691374282,0,0,0
2017-12-30 16:00:00,1118.7487,27.151269531250023,0.018142805,0.17822266,7.746202426904051,25.854394531250023,0.019439802,0.21496582,9.842062983230148,24.049707031250023,0.017631635,0.33691406,4.760116004491981,0,0,0
2017-12-30 17:00:00,1110.88,26.629541015625023,0.01853942,0.19494629,6.606514195525037,25.410791015625023,0.019134512,0.23773193,9.064067390386652,23.582666015625023,0.017723074,0.33166504,4.199685929680812,0,0,0
2017-12-30 18:00:00,1195.2477,26.138818359375023,0.018760119,0.20013428,5.550925285945701,24.881005859375023,0.01875249,0.23522949,8.363131731060694,23.146630859375023,0.01761571,0.328125,3.927432874643788,0,0,0
2017-12-30 19:00:00,1216.9733,25.890496826171898,0.018652463,0.1864624,5.700043065761704,24.617059326171898,0.018606687,0.1942749,8.004931446284646,22.874871826171898,0.017385984,0.33410645,3.991923879142293,0,0,0
2017-12-30 20:00:00,1194.7214,25.7050720214844,0.018529339,0.17547607,6.222961128654126,24.4394470214844,0.018475933,0.15515137,7.942751592266077,22.6894470214844,0.01712553,0.31054688,3.8582268567700897,0,0,0
2017-12-30 21:00:00,1167.6613,25.5661560058594,0.01842904,0.1762085,6.513478334128031,24.3942810058594,0.01843667,0.14678955,8.272519245142613,22.6520935058594,0.016956568,0.31176758,3.3373631567171755,0,0,0
2017-12-30 22:00:00,1112.4521,25.443322753906276,0.01835154,0.17730713,6.750341483061391,24.357385253906276,0.018366799,0.15924072,8.302847922873879,22.576135253906276,0.01683329,0.3112793,3.179229881854701,0,0,0
2017-12-30 23:00:00,1056.0499,25.324517822265648,0.018274909,0.1583252,7.378740366923464,24.316705322265648,0.018290168,0.16400146,8.047348561990702,22.480767822265648,0.0167414,0.28173828,3.404624507718723,0,0,0
2017-12-31 00:00:00,996.376,25.208856201171898,0.018214483,0.14428711,8.100752986240957,24.224481201171898,0.018237371,0.14343262,7.623117448390652,22.451043701171898,0.016696233,0.24438477,3.642619080177771,22,1,0
2017-12-31 01:00:00,955.6867,25.103082275390648,0.018168634,0.14361572,8.928763908622127,24.126519775390648,0.018176263,0.11773682,7.177150374839011,22.462457275390648,0.016673272,0.23413086,3.6055725360451567,22,1,0
2017-12-31 02:00:00,925.1917,25.027307128906276,0.018138366,0.15063477,10.109601021882876,23.980432128906276,0.01809259,0.09765625,6.6292728449935705,22.433557128906276,0.016604858,0.22869873,3.4829222752969797,22,1,0
2017-12-31 03:00:00,900.1652,24.983544921875023,0.018108463,0.17645264,11.57979580951194,23.842919921875023,0.017978763,0.10070801,6.250247852751537,22.319482421875023,0.016460514,0.22564697,3.353929742694844,22,1,0
2017-12-31 04:00:00,893.2064,24.945489501953148,0.018054245,0.17944336,12.020066344828637,23.750177001953148,0.017878769,0.109191895,6.061044813299173,22.273614501953148,0.01635289,0.2175293,3.2354585242444887,22,1,0
2017-12-31 05:00:00,886.5295,24.870263671875023,0.017969498,0.1730957,11.14382643916796,23.690576171875023,0.017786393,0.121154785,5.901879748239802,22.260888671875023,0.01631392,0.22747803,3.228353305066246,22,1,0
2017-12-31 06:00:00,860.4306999999999,24.854364013671898,0.017908012,0.16455078,10.24110855390381,23.666864013671898,0.017740166,0.14263916,5.746903914461314,22.229364013671898,0.016282951,0.22521973,3.162458822110446,22,1,0
2017-12-31 07:00:00,875.7315000000001,25.535333251953148,0.018228475,0.16369629,10.95266097670804,24.168145751953148,0.018205587,0.15600586,5.863860685319939,22.410333251953148,0.016511861,0.2140503,2.914068909502523,22,1,0
2017-12-31 08:00:00,929.6078,26.290124511718773,0.018174857,0.1932373,13.380665497929485,25.063562011718773,0.018731803,0.15997314,7.710615628374319,22.985437011718773,0.017122,0.2163086,2.87937481114474,22,1,0
2017-12-31 09:00:00,1006.372,26.964257812500023,0.018182304,0.23712158,14.44355329167491,25.917382812500023,0.019212272,0.17907715,8.313542208623556,23.393945312500023,0.01747277,0.23522949,3.147917672305869,22,1,0
2017-12-31 10:00:00,1057.5922,27.642755126953148,0.018266436,0.26489258,15.703454345893284,26.783380126953148,0.019235369,0.19268799,8.38859508659558,23.916192626953148,0.017900225,0.23052979,3.138140519557155,22,1,0
2017-12-31 11:00:00,1062.4622000000002,28.468835449218773,0.01826742,0.2878418,16.82560274991506,27.226647949218773,0.019045617,0.20031738,7.941311302386779,24.265710449218773,0.01801565,0.24621582,3.131704907294634,22,1,0
2017-12-31 12:00:00,1081.1354,29.068261718750023,0.018260816,0.30334473,16.777775832983806,27.318261718750023,0.019138196,0.20367432,7.705561118416893,24.435449218750023,0.017864088,0.26135254,3.0644751255857607,22,1,0
2017-12-31 13:00:00,1087.8509,29.182824707031276,0.01828557,0.3067627,15.945009346472082,27.292199707031276,0.01930028,0.22161865,8.132850028619284,24.565637207031276,0.017591296,0.26306152,2.96731805740152,22,1,0
2017-12-31 14:00:00,1074.2803,29.058068847656276,0.01823502,0.30126953,15.32720816853804,27.206506347656276,0.019402318,0.24127197,8.67636983648281,24.612756347656276,0.017403416,0.27148438,2.9629578731501978,22,1,0
2017-12-31 15:00:00,1065.1532,28.769403076171898,0.01811568,0.28393555,15.276434758258874,27.120965576171898,0.01951949,0.2536621,8.922491410268133,24.425653076171898,0.017406147,0.28442383,2.8523779485403,22,1,0
2017-12-31 16:00:00,1059.9663,28.243280029296898,0.018068293,0.24786377,14.737430391802455,26.993280029296898,0.019586543,0.25341797,8.85515350036433,24.055780029296898,0.017511347,0.31201172,2.3787726333752164,22,1,0
2017-12-31 17:00:00,1061.2919,27.436669921875023,0.01842655,0.20214844,12.675110946259997,26.225732421875023,0.019471778,0.24389648,7.220682098630463,23.553857421875023,0.017335547,0.3190918,1.656320456679641,22,1,0
2017-12-31 18:00:00,1165.4248,26.546105957031276,0.018683972,0.19470215,10.38505270873401,25.077355957031276,0.018859448,0.2397461,6.289936283801663,22.967980957031276,0.016990246,0.30212402,1.0308332988509776,22,1,0
2017-12-31 19:00:00,1187.3384999999998,26.0805603027344,0.018563071,0.16931152,10.15442410344775,24.7602478027344,0.018540183,0.22869873,7.665349304242743,22.7211853027344,0.016709128,0.29077148,1.4647001663028207,22,1,0
2017-12-31 20:00:00,1147.7184,25.777795410156276,0.018388089,0.1451416,10.209712150618463,24.512170410156276,0.018304165,0.18725586,7.631113322015817,22.652795410156276,0.016465481,0.25756836,2.1744261412103887,22,1,0
2017-12-31 21:00:00,1109.1733000000002,25.535546875000023,0.018243458,0.12805176,10.572952721645471,24.308984375000023,0.018129017,0.16247559,7.254123109894529,22.605859375000023,0.016290333,0.24328613,2.7757648857272086,22,1,0
2017-12-31 22:00:00,1053.4253,25.3193298339844,0.01811478,0.11413574,11.436575610217966,24.1630798339844,0.018000338,0.15209961,7.218369653763515,22.5302673339844,0.016184542,0.23553467,3.276717860914021,22,1,0
2017-12-31 23:00:00,1008.1465,25.141076660156276,0.018025279,0.10241699,12.43287249027251,24.031701660156276,0.01788795,0.14685059,7.295447081997149,22.453576660156276,0.01611793,0.22424316,3.629174723800551,22,1,0
2018-01-01 00:00:00,958.9889,25.028710937500023,0.017935516,0.094573975,13.288223559828326,23.903710937500023,0.017775299,0.12780762,7.536364387255318,22.356835937500023,0.016051056,0.2185669,3.6524992029083454,1,1,0
2018-01-01 01:00:00,927.2573,24.932427978515648,0.01787446,0.095458984,13.734857140108144,23.760552978515648,0.01763032,0.11975098,7.835200331025041,22.244927978515648,0.015959483,0.21990967,3.653909797006076,1,1,0
2018-01-01 02:00:00,917.108,24.869836425781276,0.017820729,0.09616089,14.20853707414502,23.557336425781276,0.017416371,0.11538696,8.149765867837035,22.135461425781276,0.015867604,0.23449707,3.6520922686650152,1,1,0
2018-01-01 03:00:00,892.7452,24.835778808593773,0.01778293,0.10028076,14.56753763581876,23.281091308593773,0.01716495,0.10900879,8.088578373092286,22.038903808593773,0.01576877,0.24127197,3.6850502618392458,1,1,0
2018-01-01 04:00:00,871.409,24.791223144531276,0.017729226,0.10342407,14.385135464950292,23.056848144531276,0.01693577,0.10284424,7.754524844460459,21.986535644531276,0.01566929,0.2446289,3.59238079359066,1,1,0
2018-01-01 05:00:00,867.6174,24.719323730468773,0.017713433,0.101379395,13.455478190724566,22.906823730468773,0.016767388,0.09710693,7.583173787321553,21.953698730468773,0.015573388,0.2333374,3.3462862795265638,1,1,0
2018-01-01 06:00:00,834.0206,24.699975585937523,0.01776382,0.110198975,12.642098533648308,22.801538085937523,0.01663467,0.09320068,7.234847900225982,21.918725585937523,0.015459742,0.22320557,3.12823971624703,1,1,0
2018-01-01 07:00:00,826.7753,25.658166503906276,0.018150244,0.125,15.530662499105851,23.884729003906276,0.01718894,0.09039307,9.38178767951378,22.189416503906276,0.015586766,0.20910645,3.228259985022744,1,1,0
2018-01-01 08:00:00,862.4476000000001,26.6340270996094,0.018141888,0.15551758,19.87681646143571,25.3137145996094,0.017790936,0.087890625,11.11621278887635,22.9934020996094,0.015662335,0.1762085,3.8369004418026247,1,1,0
2018-01-01 09:00:00,908.8466,27.356225585937523,0.018056387,0.18048096,21.918515297944133,26.684350585937523,0.018048758,0.090789795,13.42816980544,24.168725585937523,0.015622609,0.1529541,4.339911443008993,1,1,0
2018-01-01 10:00:00,907.9955,27.909143066406276,0.018047864,0.22467041,22.24376360985816,27.768518066406276,0.018063122,0.09277344,14.11101543230542,25.338830566406276,0.015472942,0.15203857,4.120032582848603,1,1,0
2018-01-01 11:00:00,955.3573,28.279870605468773,0.018040719,0.26220703,22.12429152566688,28.326745605468773,0.017979683,0.10394287,13.949662432124114,26.232995605468773,0.015358987,0.13970947,3.661456559001263,1,1,0
2018-01-01 12:00:00,929.1913,28.392755126953148,0.017949918,0.272583,22.27524635872288,28.658380126953148,0.017942289,0.14666748,13.40820245356881,26.799005126953148,0.01546655,0.12387085,2.980789523280433,1,1,0
2018-01-01 13:00:00,951.5704,28.400598144531276,0.017804451,0.27697754,22.46199585821728,28.822473144531276,0.017964669,0.19439697,12.3567977482858,26.931848144531276,0.015858956,0.11798096,2.100887005670266,1,1,0
2018-01-01 14:00:00,944.4715,28.261834716796898,0.017664965,0.27856445,22.264704874080024,28.824334716796898,0.01797777,0.22302246,10.79934881154498,26.863397216796898,0.015864428,0.12173462,1.301204451717474,1,1,0
2018-01-01 15:00:00,916.5776,27.9028259277344,0.017641544,0.2520752,21.28151354118207,28.4340759277344,0.018015385,0.20581055,9.12485057133643,26.3559509277344,0.015894413,0.13146973,0.6764043742132051,1,1,0
2018-01-01 16:00:00,915.0416,27.388085937500023,0.017848633,0.21820068,19.42025013001389,27.872460937500023,0.018176697,0.19519043,7.937404630793948,25.716210937500023,0.015842102,0.14666748,0.3010204988625118,1,1,0
2018-01-01 17:00:00,896.9411,26.779626464843773,0.018267052,0.19195557,16.48298072450651,26.889001464843773,0.018503563,0.22296143,5.801580466960001,24.842126464843773,0.016207116,0.15997314,0.6389841866484203,1,1,0
2018-01-01 18:00:00,1012.6848,26.188684082031276,0.018601758,0.19525146,13.696156696385785,25.352746582031276,0.0183271,0.22283936,4.035330909575344,23.680871582031276,0.016396863,0.15667725,1.2310217089005475,1,1,0
2018-01-01 19:00:00,1083.0473,25.921960449218773,0.018701795,0.17730713,12.475809924909514,24.898522949218773,0.01801515,0.21905518,4.198767617481972,22.921960449218773,0.01599336,0.13189697,2.021111569733393,1,1,0
2018-01-01 20:00:00,1080.5878,25.762231445312523,0.018688157,0.15710449,12.104240204176806,24.527856445312523,0.017734483,0.21002197,3.884672364371224,22.473168945312523,0.015697435,0.123046875,2.5386980723672705,1,1,0
2018-01-01 21:00:00,1075.2159,25.651818847656276,0.018643545,0.13580322,12.184675453944958,24.237756347656276,0.017483877,0.19622803,3.458463818643081,22.237756347656276,0.015519308,0.118499756,2.9168924207966143,1,1,0
2018-01-01 22:00:00,1049.0289,25.536218261718773,0.01861275,0.13153076,13.025259203537408,23.981530761718773,0.017300494,0.17156982,3.400648770423658,21.981530761718773,0.015457994,0.11898804,3.207072543994673,1,1,0
2018-01-01 23:00:00,994.721,25.426690673828148,0.018589512,0.14196777,14.236780736905814,23.739190673828148,0.017139927,0.15429688,3.5040077587721115,21.692315673828148,0.0153889805,0.13458252,3.4853412715025645,1,1,0
2018-01-02 00:00:00,958.9902,25.363000488281276,0.01858905,0.15124512,15.475025715598584,23.558312988281276,0.017017394,0.13873291,3.667410920354321,21.488000488281276,0.015327484,0.15179443,3.677475247484586,0,0,0
2018-01-02 01:00:00,936.3312,25.297143554687523,0.01855035,0.16235352,16.663980171869415,23.429956054687523,0.016940547,0.12112427,3.941426047359534,21.359643554687523,0.015292599,0.16290283,3.836821117678344,0,0,0
2018-01-02 02:00:00,898.0949999999999,25.239526367187523,0.018519625,0.18206787,17.31199486832181,23.325463867187523,0.016871676,0.12445068,4.07921534201727,21.262963867187523,0.015273318,0.16705322,4.004625390352927,0,0,0
2018-01-02 03:00:00,889.9839000000001,25.187310791015648,0.01847394,0.20635986,17.36794327176396,23.241998291015648,0.016818361,0.13647461,4.207669469510948,21.195123291015648,0.0152543355,0.16992188,4.086016345457749,0,0,0
2018-01-02 04:00:00,886.4761,25.094018554687523,0.0184285,0.20922852,15.3014491573013,23.187768554687523,0.01679581,0.13427734,4.102586569979781,21.203393554687523,0.015227969,0.17010498,3.98014439632388,0,0,0
2018-01-02 05:00:00,923.4234,24.963311767578148,0.018360743,0.19470215,12.439388652388269,23.119561767578148,0.016781459,0.1281128,3.945858002974597,21.267999267578148,0.015209803,0.1663208,3.752638834418806,0,0,0
2018-01-02 06:00:00,939.1886,24.909539794921898,0.018316114,0.18554688,10.527730280473492,23.104852294921898,0.016813124,0.12774658,3.9985855057257855,21.347039794921898,0.015199507,0.16491699,3.48539978284712,0,0,0
2018-01-02 07:00:00,1030.9739000000002,25.543511962890648,0.018651934,0.18182373,10.745558277962022,24.121636962890648,0.01745412,0.14007568,5.256864289121019,21.676324462890648,0.015417071,0.18249512,3.3620122874918734,0,0,0
2018-01-02 08:00:00,1189.9763,26.150445556640648,0.018621113,0.19293213,11.92145016214495,25.080133056640648,0.017758992,0.13323975,6.766437505340005,22.431695556640648,0.015729573,0.20855713,3.402736256992703,0,0,0
2018-01-02 09:00:00,1277.9901,26.588800048828148,0.018499043,0.18951416,11.986342860152668,26.096612548828148,0.018178608,0.13360596,8.137520293460978,23.463800048828148,0.015927937,0.21411133,3.3298567014224587,0,0,0
2018-01-02 10:00:00,1363.6790999999998,27.013360595703148,0.018391388,0.2064209,12.080554608630337,26.919610595703148,0.018376129,0.13195801,9.288042392012974,24.583673095703148,0.016072052,0.21624756,3.0660086155525885,0,0,0
2018-01-02 11:00:00,1400.6429,27.333276367187523,0.018299047,0.23706055,12.29216952537773,27.552026367187523,0.018466894,0.12713623,9.645608446261129,25.442651367187523,0.016284887,0.19940186,2.521928714336148,0,0,0
2018-01-02 12:00:00,1383.4944,27.5092712402344,0.018229399,0.2607422,12.356157085434042,27.9311462402344,0.018542204,0.15838623,9.290008961783071,26.1264587402344,0.01656619,0.18841553,1.6100332488009108,0,0,0
2018-01-02 13:00:00,1412.1898,27.568200683593773,0.018167567,0.26330566,12.456564365368736,28.021325683593773,0.0186177,0.19018555,8.37021585493779,26.341638183593773,0.017023157,0.206604,0.5678182696425662,0,0,0
2018-01-02 14:00:00,1374.9676,27.552575683593773,0.018128943,0.24084473,12.653754636813984,27.865075683593773,0.018746924,0.1852417,7.094587869106331,25.974450683593773,0.017366003,0.23132324,0.5435272854125416,0,0,0
2018-01-02 15:00:00,1303.8883,27.395166015625023,0.018189922,0.20281982,12.572258409631688,27.567041015625023,0.01896812,0.16021729,5.623377634690637,25.402978515625023,0.017732158,0.25927734,1.0131338043112728,0,0,0
2018-01-02 16:00:00,1261.9213,27.106469726562523,0.018342799,0.16485596,12.218805927431548,27.122094726562523,0.019174403,0.15618896,4.368402793086563,24.747094726562523,0.018052882,0.27905273,1.5626751069177578,0,0,0
2018-01-02 17:00:00,1185.2695,26.623742675781276,0.018670902,0.14929199,10.335721657503964,26.373742675781276,0.019342288,0.18341064,3.127613052410597,24.201867675781276,0.017877445,0.28979492,2.055609623638948,0,0,0
2018-01-02 18:00:00,1253.1701,26.027307128906276,0.018892048,0.1496582,8.08796102397821,25.363244628906276,0.019006489,0.1921997,2.0156786002195988,23.652307128906276,0.017946003,0.3109131,2.437528557243322,0,0,0
2018-01-02 19:00:00,1265.6133,25.706628417968773,0.018861683,0.14672852,7.363282902644046,25.011315917968773,0.018747242,0.19390869,1.7368492911386366,23.300378417968773,0.017801197,0.3251953,2.841700722237695,0,0,0
2018-01-02 20:00:00,1215.3223,25.466943359375023,0.0187704,0.13647461,6.775585360418564,24.849755859375023,0.018472854,0.1743164,1.5182600502637549,23.091943359375023,0.017694656,0.34057617,3.130752025912777,0,0,0
2018-01-02 21:00:00,1173.0218,25.278527832031276,0.018679222,0.12921143,6.320177871156719,24.817590332031276,0.018259605,0.15124512,1.4622862659678348,22.926965332031276,0.017603477,0.33984375,3.266652391525789,0,0,0
2018-01-02 22:00:00,1120.3398,25.089624023437523,0.018527096,0.11968994,6.436733992843646,24.691186523437523,0.01809985,0.14025879,1.498301493306763,22.753686523437523,0.017504757,0.3343506,3.3813022137063777,0,0,0
2018-01-02 23:00:00,1044.3631,24.910668945312523,0.018367285,0.1078186,6.661550469217407,24.410668945312523,0.017947668,0.1295166,1.753086309975029,22.590356445312523,0.017398352,0.31433105,3.612800989514597,0,0,0
2018-01-03 00:00:00,986.6123,24.776910400390648,0.01825272,0.09286499,6.772932769027182,24.073785400390648,0.017794956,0.123565674,2.242876276962052,22.440972900390648,0.017276157,0.3026123,3.911189694108843,0,0,0
2018-01-03 01:00:00,960.1666,24.696099853515648,0.018160792,0.08282471,6.678266527517529,23.742974853515648,0.017634364,0.11975098,2.793669429359698,22.336724853515648,0.017199488,0.30419922,4.187726076770218,0,0,0
2018-01-03 02:00:00,929.0679,24.620751953125023,0.018084088,0.06994629,6.285539079366981,23.589501953125023,0.017534772,0.12130737,3.2073578376217187,22.237939453125023,0.017077008,0.3022461,4.541103363567709,0,0,0
2018-01-03 03:00:00,929.0443,24.563562011718773,0.017984485,0.057235718,5.62834626418957,23.571374511718773,0.017488575,0.12472534,3.610063529789668,22.149499511718773,0.016985035,0.29492188,4.524422424295506,0,0,0
2018-01-03 04:00:00,915.7207,24.751794433593773,0.017808622,0.047286987,4.016708491465085,23.556481933593773,0.017495817,0.13922119,4.142135125933153,22.087731933593773,0.016893094,0.28271484,4.729901741249236,0,0,0
2018-01-03 05:00:00,917.7221,25.085900878906276,0.017587034,0.03982544,1.4875511649492354,23.374963378906276,0.01750311,0.15625,4.716368666267374,21.992150878906276,0.01675543,0.27038574,4.918684006748741,0,0,0
2018-01-03 06:00:00,955.7837,25.198327636718773,0.017418902,0.036880493,1.3151199948205,23.323327636718773,0.017594378,0.18371582,5.0595812203577415,21.909265136718773,0.016625445,0.26208496,4.923846964756574,0,0,0
2018-01-03 07:00:00,1070.1974,25.553826904296898,0.017678069,0.04222107,3.750046302509554,24.499139404296898,0.018524932,0.21679688,6.3825886247983865,22.116326904296898,0.016770171,0.2685547,4.796476877198742,0,0,0
2018-01-03 08:00:00,1225.3614,26.147058105468773,0.017746544,0.073791504,6.795679253991636,25.248620605468773,0.018959617,0.23779297,8.555218358956923,22.779870605468773,0.017311668,0.28796387,4.799048651354647,0,0,0
2018-01-03 09:00:00,1294.3701,26.590631103515648,0.017807435,0.106048584,8.975083536168405,25.746881103515648,0.019165467,0.22705078,9.504907167835205,23.364068603515648,0.017685365,0.31750488,5.206239730989694,0,0,0
2018-01-03 10:00:00,1367.813,26.893518066406276,0.017807275,0.1272583,9.822214584961344,26.088830566406276,0.019081384,0.23059082,9.923126362863394,23.768518066406276,0.017799646,0.3363037,5.555224830616774,0,0,0
2018-01-03 11:00:00,1393.7725,27.173638916015648,0.01782209,0.13684082,9.5314934891414,26.314263916015648,0.019050423,0.21972656,9.905362497519988,24.087701416015648,0.01782972,0.34729004,5.743392700771121,0,0,0
2018-01-03 12:00:00,1411.4112,27.345727539062523,0.017844535,0.13720703,8.694749760681955,26.439477539062523,0.019133903,0.1963501,9.997541865542324,24.220727539062523,0.01790557,0.34973145,5.874670913894464,0,0,0
2018-01-03 13:00:00,1425.963,27.568261718750023,0.017668666,0.12963867,7.3787742862240355,26.396386718750023,0.01927084,0.17840576,9.932038536000093,24.185449218750023,0.018042507,0.35754395,5.8610311233743335,0,0,0
2018-01-03 14:00:00,1419.1768000000002,27.736779785156276,0.017416587,0.10949707,6.084167175975668,26.221154785156276,0.019377341,0.16589355,9.612660297302355,24.018029785156276,0.018171897,0.359375,5.7111622986600326,0,0,0
2018-01-03 15:00:00,1376.32,27.872033691406276,0.017309532,0.08404541,5.9446775849793125,26.043908691406276,0.019506797,0.16662598,9.113902005319854,23.872033691406276,0.018316612,0.36901855,5.490908818299473,0,0,0
2018-01-03 16:00:00,1306.3728,27.812036132812523,0.017324563,0.07122803,6.659116943171188,25.858911132812523,0.019590493,0.19195557,8.320364780315504,23.694848632812523,0.01836216,0.36157227,5.2125042153759935,0,0,0
2018-01-03 17:00:00,1218.5272,27.387231445312523,0.017782154,0.06384277,6.2425842021599625,25.527856445312523,0.019529285,0.20129395,6.778537316662153,23.410668945312523,0.018262805,0.33642578,4.97688438344701,0,0,0
2018-01-03 18:00:00,1288.5682000000002,26.795312500000023,0.018483898,0.05657959,4.879347766845665,24.935937500000023,0.019109508,0.21478271,5.64597800244253,23.107812500000023,0.018010875,0.33691406,4.796298751762238,0,0,0
2018-01-03 19:00:00,1286.9444,26.521844482421898,0.018453186,0.040771484,4.848168607404779,24.779656982421898,0.018956726,0.21459961,5.362022560046558,22.974969482421898,0.017835205,0.32678223,4.712515659458036,0,0,0
2018-01-03 20:00:00,1258.5193,26.277764892578148,0.018384293,0.038269043,4.933341727808091,24.691827392578148,0.018842056,0.22576904,5.045876791294654,22.941827392578148,0.017766312,0.3083496,4.621374812732626,0,0,0
2018-01-03 21:00:00,1208.9383,26.007196044921898,0.018284902,0.046691895,5.185291836948638,24.616571044921898,0.018750295,0.23809814,4.792732596327348,22.882196044921898,0.017720327,0.29614258,4.68233574167228,0,0,0
2018-01-03 22:00:00,1130.8502,25.793969726562523,0.018185534,0.05456543,5.191147399373427,24.590844726562523,0.018681444,0.24291992,4.545709752478492,22.856469726562523,0.017681994,0.29077148,4.674663649918373,0,0,0
2018-01-03 23:00:00,1083.0654000000002,25.633264160156276,0.018078474,0.05718994,5.161407465935909,24.617639160156276,0.01864305,0.23925781,4.435802141350202,22.773889160156276,0.01762834,0.2874756,4.7089857926558425,0,0,0
2018-01-04 00:00:00,1032.3829,25.478234863281276,0.017971355,0.054275513,5.428241977518292,24.548547363281276,0.018627483,0.2602539,4.388038015390445,22.618859863281276,0.017574627,0.2746582,4.715085718097818,0,0,0
2018-01-04 01:00:00,984.7775,25.266015625000023,0.017856577,0.0513916,5.989403484618689,24.508203125000023,0.018627146,0.28588867,4.3089850522461735,22.578515625000023,0.01757429,0.2553711,5.177705273282042,0,0,0
2018-01-04 02:00:00,956.8961,25.078393554687523,0.017802857,0.048919678,6.705955853015131,24.656518554687523,0.01864209,0.30786133,3.9813162877479553,22.531518554687523,0.017558716,0.2541504,5.831760406234981,0,0,0
2018-01-04 03:00:00,944.7966,24.9418884277344,0.017718617,0.04373169,7.456693665829741,24.9887634277344,0.01867992,0.31274414,2.561359918561968,22.4731384277344,0.017527882,0.24975586,6.3431701034309,0,0,0
2018-01-04 04:00:00,943.1967,24.853906250000023,0.017611528,0.036727905,7.350077679282002,24.814843750000023,0.01858809,0.3121338,1.5816857532894495,22.439843750000023,0.017550493,0.26135254,6.558281594459711,0,0,0
2018-01-04 05:00:00,962.5707,24.820397949218773,0.017481694,0.03074646,6.227760998720965,24.437585449218773,0.018473515,0.2989502,2.2108093138289964,22.468835449218773,0.017580876,0.24487305,6.568749396036486,0,0,0
2018-01-04 06:00:00,993.0838,24.908837890625023,0.017344333,0.027755737,5.128242561066776,24.393212890625023,0.018481113,0.1541748,2.1421783447069984,22.541650390625023,0.017550327,0.15704346,6.493824507696167,0,0,0
2018-01-04 07:00:00,1100.61,25.640039062500023,0.01745881,0.031661987,4.249826822679498,24.554101562500023,0.01884736,0.07397461,2.6161423694471977,22.757226562500023,0.017619027,0.13323975,6.310946899316394,0,0,0
2018-01-04 08:00:00,1221.9762999999998,26.318444824218773,0.017077424,0.057281494,0.6940765282571398,24.951257324218773,0.019183137,0.030395508,5.253252874539259,22.880944824218773,0.017825104,0.18774414,6.6096038389157385,0,0,0
2018-01-04 09:00:00,1281.188,26.920190429687523,0.017192015,0.07531738,4.630824000731482,25.412377929687523,0.019595275,0.018608093,8.544935031239872,23.045190429687523,0.017977843,0.2076416,6.810133830028449,0,0,0
2018-01-04 10:00:00,1335.7865,27.366479492187523,0.017421082,0.077941895,6.416637330751942,25.913354492187523,0.020114258,0.023490906,9.170365454526886,23.366479492187523,0.018161133,0.1798706,6.25227318585325,0,0,0
2018-01-04 11:00:00,1345.986,27.583154296875023,0.017680606,0.10723877,8.034656169872262,26.184716796875023,0.020259341,0.023727417,10.104265267956132,23.567529296875023,0.018184146,0.18103027,5.708545011879028,0,0,0
2018-01-04 12:00:00,1332.0679,27.658380126953148,0.01780282,0.12988281,8.838195246822016,26.205255126953148,0.020160303,0.019859314,12.077279220518228,23.416192626953148,0.017810449,0.20733643,5.583589514173921,0,0,0
2018-01-04 13:00:00,1325.4431,27.698541259765648,0.017848806,0.13122559,9.23308246377324,26.065728759765648,0.019832449,0.01927948,13.22619710022071,23.323541259765648,0.017520742,0.19720459,5.277231545317862,0,0,0
2018-01-04 14:00:00,1326.2183,27.600244140625023,0.017917657,0.12719727,10.351725426194244,25.811181640625023,0.019496942,0.024734497,13.411409457081248,23.256494140625023,0.017292047,0.18920898,4.794482654351987,0,0,0
2018-01-04 15:00:00,1303.4222,27.310479736328148,0.018009296,0.12762451,11.036937805581202,25.521417236328148,0.019306293,0.044631958,12.471594831569147,23.099542236328148,0.017131915,0.18780518,4.308421207960788,0,0,0
2018-01-04 16:00:00,1231.2163,26.866906738281276,0.018131366,0.11968994,10.632273016255157,25.257531738281276,0.01921474,0.069885254,10.923411217571818,22.780969238281276,0.016986957,0.21966553,3.6184940702235058,0,0,0
2018-01-04 17:00:00,1154.642,26.358789062500023,0.01838322,0.10586548,8.790055959477845,24.890039062500023,0.018963054,0.075653076,8.990576693630816,22.390039062500023,0.016781047,0.2234497,2.7238992112540945,0,0,0
2018-01-04 18:00:00,1202.3284,25.902459716796898,0.018749619,0.103881836,6.358005139574708,24.433709716796898,0.018597031,0.0697937,7.454903329264683,22.035272216796898,0.016506577,0.20202637,2.1484988671988487,0,0,0
2018-01-04 19:00:00,1195.3591,25.666131591796898,0.018795723,0.107177734,5.751154728916827,24.158319091796898,0.01833796,0.07208252,6.63908375094508,21.845819091796898,0.016293282,0.17834473,2.078020724785252,0,0,0
2018-01-04 20:00:00,1166.2423,25.478204345703148,0.018788459,0.10369873,5.457910721509626,23.970391845703148,0.018117072,0.11929321,5.9967146748177305,21.743829345703148,0.016148688,0.16375732,2.2635195158009043,0,0,0
2018-01-04 21:00:00,1124.1564999999998,25.310632324218773,0.018720191,0.093811035,5.366960252506977,24.177819824218773,0.018056434,0.18670654,5.466215239858555,21.662194824218773,0.016034644,0.15185547,2.553513994780988,0,0,0
2018-01-04 22:00:00,1052.1697,25.204797363281276,0.018636758,0.09988403,5.373564098094765,24.243859863281276,0.017797524,0.11703491,4.882936092185837,21.603234863281276,0.01595884,0.14038086,2.9893410488579804,0,0,0
2018-01-04 23:00:00,1004.0775,25.135400390625023,0.01856836,0.11654663,5.547518954010431,23.861962890625023,0.017469727,0.13214111,4.438070506642491,21.518212890625023,0.015844665,0.1348877,3.5859161735349288,0,0,0
2018-01-05 00:00:00,951.2438,25.0226989746094,0.018469239,0.12762451,6.000370920160218,23.4992614746094,0.017225647,0.107940674,4.370271337626949,21.4055114746094,0.015730286,0.13916016,3.974131838442672,0,0,0
2018-01-05 01:00:00,917.8052,24.917138671875023,0.018385211,0.12750244,7.01427078328723,23.315576171875023,0.017072955,0.09008789,4.726815011333445,21.299951171875023,0.015634814,0.15045166,4.117477389414257,0,0,0
2018-01-05 02:00:00,908.0991,24.848168945312523,0.01833174,0.12542725,9.09671552302724,23.215356445312523,0.016958449,0.07608032,5.214064493656206,21.207543945312523,0.015581343,0.15979004,4.131717248022007,0,0,0
2018-01-05 03:00:00,870.5698,24.862268066406276,0.018263262,0.12670898,11.914327603351785,23.166955566406276,0.0168976,0.06741333,5.161889361088927,21.143518066406276,0.0155319385,0.16290283,4.084792607154387,0,0,0
2018-01-05 04:00:00,869.8641,24.934197998046898,0.018194856,0.12750244,13.340630044085044,23.160760498046898,0.01687497,0.06652832,4.612207580229077,21.106072998046898,0.0155321965,0.16998291,3.859755198172461,0,0,0
2018-01-05 05:00:00,892.2910999999999,24.951348876953148,0.018156914,0.1282959,13.501732066621235,23.154473876953148,0.01682177,0.07461548,3.773570038736495,21.131036376953148,0.015551477,0.17645264,3.5123323936793005,0,0,0
2018-01-05 06:00:00,925.5522,24.969262695312523,0.018157365,0.12902832,12.961217803959238,23.203637695312523,0.016799333,0.08657837,3.179524233513792,21.195825195312523,0.015574815,0.17938232,3.096478150593553,0,0,0
2018-01-05 07:00:00,1012.3871,25.455621337890648,0.018402088,0.14025879,13.21630192590498,24.580621337890648,0.017906178,0.1126709,3.423071422704368,21.572808837890648,0.015815724,0.18865967,2.766209665341399,0,0,0
2018-01-05 08:00:00,1159.9663,26.089379882812523,0.018448427,0.15722656,14.72158555240426,25.815942382812523,0.01842554,0.15863037,5.038362409352354,22.292504882812523,0.016213015,0.19995117,2.584628825886328,0,0,0
2018-01-05 09:00:00,1237.6377000000002,26.665155029296898,0.018464167,0.19335938,14.587460554604045,26.782342529296898,0.018830378,0.20117188,6.59313689504634,23.157342529296898,0.016564447,0.20697021,2.493197249338465,0,0,0
2018-01-05 10:00:00,1298.075,27.178521728515648,0.018410368,0.18157959,14.353791005276085,27.178521728515648,0.018990202,0.21496582,7.56360063094255,24.147271728515648,0.016594572,0.20410156,2.379010572729874,0,0,0
2018-01-05 11:00:00,1338.0023,27.755670166015648,0.01837975,0.19085693,14.03587909963638,27.443170166015648,0.01913506,0.23754883,7.695820365141672,24.990045166015648,0.01648766,0.2020874,2.152915977663472,0,0,0
2018-01-05 12:00:00,1355.991,28.100000000000023,0.018196894,0.22406006,13.511210097890054,27.537500000000023,0.019173456,0.25012207,7.414798178315205,25.412500000000023,0.016503168,0.21948242,1.9325393742822536,0,0,0
2018-01-05 13:00:00,1353.9644,28.3220153808594,0.018036878,0.22808838,13.480182139583924,27.4313903808594,0.019188916,0.25463867,7.056262031321916,25.5017028808594,0.016564405,0.2390747,1.760719989249499,0,0,0
2018-01-05 14:00:00,1372.3818,28.297814941406276,0.017899055,0.20581055,13.863113293440533,27.204064941406276,0.01922657,0.24975586,6.774657493463972,25.305627441406276,0.016670723,0.23950195,1.7214259585031149,0,0,0
2018-01-05 15:00:00,1327.7625,28.097863769531276,0.017883424,0.17095947,14.605996517778024,26.879113769531276,0.019210938,0.22808838,6.8043704882070974,24.863488769531276,0.016906861,0.23687744,1.738886862879918,0,0,0
2018-01-05 16:00:00,1253.331,27.689355468750023,0.018051103,0.13995361,15.5689468009942,26.392480468750023,0.019004777,0.1796875,6.966933009274964,24.228417968750023,0.017166093,0.23706055,1.9797747128371648,0,0,0
2018-01-05 17:00:00,1184.5885999999998,26.990167236328148,0.018402098,0.11477661,15.318523368886604,25.646417236328148,0.018577574,0.14508057,6.962116155539221,23.568292236328148,0.017349241,0.23046875,2.1896658513145115,0,0,0
2018-01-05 18:00:00,1209.3516,26.183160400390648,0.018608166,0.11431885,14.985683842082208,24.964410400390648,0.018096996,0.11236572,6.963910276081463,22.995660400390648,0.01718147,0.2290039,2.5703521243116656,0,0,0
2018-01-05 19:00:00,1224.7116,25.752282714843773,0.018585352,0.106903076,16.084350533741958,24.721032714843773,0.017837672,0.09802246,7.403949235318595,22.713220214843773,0.016952662,0.22668457,3.013185972250824,0,0,0
2018-01-05 20:00:00,1180.2081,25.530084228515648,0.018539583,0.09988403,16.614403361175857,24.592584228515648,0.017662203,0.09039307,7.583503829660315,22.561334228515648,0.016761934,0.22155762,3.282598713119051,0,0,0
2018-01-05 21:00:00,1147.6442,25.426324462890648,0.018493755,0.09347534,16.855793757729863,24.496636962890648,0.01754771,0.083496094,7.674102064657421,22.441949462890648,0.016594036,0.2364502,3.445887776828433,0,0,0
2018-01-05 22:00:00,1099.3707,25.360803222656276,0.01843254,0.08850098,17.195425383332903,24.399865722656276,0.017463608,0.08236694,7.701976978110093,22.337365722656276,0.016479416,0.24334717,3.700836795827312,0,0,0
2018-01-05 23:00:00,1027.1052,25.3164001464844,0.018409256,0.0949707,17.69922333645935,24.3085876464844,0.0173564,0.10748291,7.806028706549859,22.2070251464844,0.016379837,0.24298096,3.914855430827683,0,0,0
2018-01-06 00:00:00,963.8308,25.249871826171898,0.018424245,0.110687256,17.679052908545867,24.179559326171898,0.0172188,0.11373901,7.861933871266471,22.031121826171898,0.016226979,0.24847412,4.0295055642681845,0,0,0
2018-01-06 01:00:00,934.0227,25.194665527343773,0.018424064,0.12805176,17.56324409184662,24.030603027343773,0.01709655,0.10998535,7.680385516742699,21.858728027343773,0.01608184,0.23925781,4.025218294277884,0,0,0
2018-01-06 02:00:00,912.1361,25.136010742187523,0.0184314,0.15655518,17.390197465684736,23.878198242187523,0.016989445,0.10681152,7.421264541095138,21.729760742187523,0.015951848,0.2232666,3.936140992104958,0,0,0
2018-01-06 03:00:00,895.1756,25.052880859375023,0.018415755,0.18145752,16.39619507729447,23.771630859375023,0.016889876,0.110809326,7.107966925720651,21.631005859375023,0.01583702,0.2097168,3.826536767451727,0,0,0
2018-01-06 04:00:00,883.2457999999999,25.003015136718773,0.018362312,0.17791748,15.262611302525288,23.690515136718773,0.016813545,0.116485596,6.631524425296805,21.565515136718773,0.015699653,0.19659424,3.6007541581812985,0,0,0
2018-01-06 05:00:00,889.8000000000001,24.954980468750023,0.018278692,0.1552124,14.190976104391488,23.634667968750023,0.016768072,0.09249878,6.349180060487395,21.533105468750023,0.015570257,0.18792725,3.34158225979515,0,0,0
2018-01-06 06:00:00,897.4144,24.961968994140648,0.018233305,0.12988281,13.672944054185503,23.586968994140648,0.016745573,0.06213379,5.98103445974174,21.540093994140648,0.01546002,0.18499756,3.0439561261011607,0,0,0
2018-01-06 07:00:00,926.686,25.595727539062523,0.018515607,0.10662842,15.840472311434292,24.744165039062523,0.017325422,0.0466156,7.54387306549143,21.892602539062523,0.015566846,0.18237305,2.631864623640628,0,0,0
2018-01-06 08:00:00,1079.5525,26.277795410156276,0.018507537,0.10128784,18.828370079123307,26.066857910156276,0.017767485,0.0476532,9.098325768187111,22.785607910156276,0.015707549,0.17303467,2.315263282848992,0,0,0
2018-01-06 09:00:00,1165.1737,26.845422363281276,0.018530058,0.11639404,20.147728190367022,27.282922363281276,0.018217253,0.081329346,10.67756952811978,23.962609863281276,0.015836881,0.17095947,2.2232963361716878,0,0,0
2018-01-06 10:00:00,1253.1606000000002,27.384240722656276,0.018606223,0.17480469,20.060349713183825,28.259240722656276,0.018491782,0.115600586,11.71032998288714,25.204553222656276,0.016042747,0.1697998,2.201498842097421,0,0,0
2018-01-06 11:00:00,1286.8731,27.686975097656276,0.01868239,0.2144165,19.31338279706375,29.015100097656276,0.018667132,0.14666748,11.705693546884534,26.171350097656276,0.016370684,0.18054199,2.2292278454903114,0,0,0
2018-01-06 12:00:00,1261.1235,27.950585937500023,0.018705139,0.22137451,18.300248166262044,29.309960937500023,0.018750915,0.1984253,10.964360224353928,26.638085937500023,0.016881714,0.18811035,2.2144289336714307,0,0,0
2018-01-06 13:00:00,1232.8886,28.136926269531276,0.018689899,0.22131348,17.521974458611183,29.136926269531276,0.018827228,0.21624756,9.573321549435788,26.715051269531276,0.017133502,0.20568848,2.539344357853269,0,0,0
2018-01-06 14:00:00,1169.6801,27.952416992187523,0.018835213,0.22125244,16.78500318102768,28.780541992187523,0.019033577,0.19189453,8.07378455778771,26.452416992187523,0.017309334,0.24920654,2.844339023832808,0,0,0
2018-01-06 15:00:00,1161.6219,27.620660400390648,0.018995875,0.22332764,16.722859581805185,28.386285400390648,0.019240016,0.18023682,7.279124697160472,25.948785400390648,0.017401332,0.28076172,2.9933877267830216,0,0,0
2018-01-06 16:00:00,1130.2839,27.203637695312523,0.019102948,0.21795654,16.89920822184846,27.703637695312523,0.019492047,0.17102051,5.973332939460152,25.328637695312523,0.017355816,0.30371094,3.1490456634098654,0,0,0
2018-01-06 17:00:00,1116.8671,26.676843261718773,0.01913416,0.19934082,15.826957979250247,26.833093261718773,0.0197674,0.15582275,4.112163497468617,24.536218261718773,0.01748621,0.31274414,3.099663856186191,0,0,0
2018-01-06 18:00:00,1175.7904,26.215844726562523,0.018997679,0.17047119,14.220302016515612,25.833032226562523,0.019379148,0.14801025,3.35558303087732,23.809594726562523,0.017662534,0.28845215,2.9075428947899176,0,0,0
2018-01-06 19:00:00,1187.7696,26.0158630371094,0.01878493,0.12243652,13.288702562089778,25.4377380371094,0.019067219,0.14648438,3.63465747473523,23.4455505371094,0.01767104,0.2722168,3.0319055536602586,0,0,0
2018-01-06 20:00:00,1169.8043,25.887719726562523,0.01861,0.0932312,12.516832697173951,25.114282226562523,0.018793106,0.13543701,3.637583694281693,23.208032226562523,0.017587662,0.25952148,3.437874799236207,0,0,0
2018-01-06 21:00:00,1111.6284,25.7792907714844,0.018502695,0.080078125,12.150871754207886,24.7949157714844,0.018533213,0.15014648,3.590572996236038,22.9980407714844,0.017495615,0.26184082,3.9026044438893743,0,0,0
2018-01-06 22:00:00,1073.9382,25.673364257812523,0.01847195,0.07522583,12.7519143316725,24.524926757812523,0.018281216,0.16436768,3.6640687648825376,22.790551757812523,0.017380947,0.2626953,4.141607878719984,0,0,0
2018-01-06 23:00:00,1038.1149999999998,25.589318847656276,0.018509172,0.070892334,13.856342568301248,24.276818847656276,0.01803615,0.16412354,3.767249329548859,22.620568847656276,0.017257951,0.26513672,4.061187741127324,0,0,0
2018-01-07 00:00:00,973.6352,25.520715332031276,0.018576976,0.06674194,14.938748201068972,24.028527832031276,0.017836925,0.16113281,3.7302050713627217,22.512902832031276,0.01714265,0.2677002,3.854142905222186,0,0,0
2018-01-07 01:00:00,946.0993,25.453271484375023,0.018583927,0.0622406,16.07613243278936,23.828271484375023,0.01767603,0.16278076,3.779168716031956,22.406396484375023,0.016997013,0.26672363,3.6349666937098455,0,0,0
2018-01-07 02:00:00,915.4212,25.352960205078148,0.018507112,0.06274414,16.818033485077134,23.704522705078148,0.017545808,0.17077637,3.903252045371091,22.298272705078148,0.016836274,0.25219727,3.325208076620601,0,0,0
2018-01-07 03:00:00,887.0167,25.254937744140648,0.018369388,0.06637573,17.361357273536957,23.583062744140648,0.017423343,0.17602539,4.0213239172206325,22.192437744140648,0.01669855,0.24694824,3.083592319609004,0,0,0
2018-01-07 04:00:00,878.3049,25.134820556640648,0.018163143,0.054092407,16.62114479281234,23.517633056640648,0.01731628,0.1729126,4.004868239046272,22.103570556640648,0.016606746,0.23632812,3.076778762679221,0,0,0
2018-01-07 05:00:00,869.7608,25.029351806640648,0.017918529,0.03930664,15.739742491965329,23.427789306640648,0.017201366,0.16003418,3.897940201775788,22.021539306640648,0.016545238,0.22607422,3.172394912277854,0,0,0
2018-01-07 06:00:00,838.3954,25.007592773437523,0.017727438,0.03643799,14.874184353047973,23.343530273437523,0.017094199,0.14660645,3.767132038861629,21.952905273437523,0.016491476,0.21710205,3.224807281058743,0,0,0
2018-01-07 07:00:00,854.4383,25.606225585937523,0.01780363,0.029396057,16.0146400897613,24.285913085937523,0.01755186,0.1408081,5.037970357664586,22.168725585937523,0.01665922,0.20831299,3.1373063046671423,0,0,0
2018-01-07 08:00:00,914.2635,26.355340576171898,0.017597757,0.025009155,19.431607711017204,25.480340576171898,0.017719828,0.13549805,7.2490461208682895,22.660028076171898,0.01692637,0.20233154,3.066361952929447,0,0,0
2018-01-07 09:00:00,993.8616,26.999414062500023,0.017346125,0.052230835,20.97179432539244,26.561914062500023,0.017834406,0.13476562,9.151011151585138,23.257226562500023,0.017170649,0.21020508,2.8430906868719608,0,0,0
2018-01-07 10:00:00,1028.8036,27.589562988281276,0.01721638,0.06665039,21.520398137830583,27.370812988281276,0.017811473,0.14025879,9.919576570795352,23.878625488281276,0.017132457,0.21795654,2.5130813096960627,0,0,0
2018-01-07 11:00:00,1082.8588,28.060571289062523,0.017208615,0.06402588,21.376975134896163,27.904321289062523,0.017689267,0.13720703,9.85867883029002,24.724633789062523,0.01689581,0.25561523,2.174365125273508,0,0,0
2018-01-07 12:00:00,1109.7749,28.451226806640648,0.01725424,0.06442261,21.260515392871078,27.951226806640648,0.01751364,0.13806152,9.19647417507425,25.279351806640648,0.016743071,0.26330566,2.0628768507257957,0,0,0
2018-01-07 13:00:00,1111.2213000000002,28.690087890625023,0.017277045,0.061584473,21.343408886709582,27.893212890625023,0.017483039,0.13757324,8.615568972333806,25.455712890625023,0.016880317,0.2890625,2.18333828272756,0,0,0
2018-01-07 14:00:00,1103.727,28.773950195312523,0.017231273,0.04975891,21.52008800219159,27.727075195312523,0.017475413,0.13452148,8.110384197612698,25.352075195312523,0.016903209,0.31506348,2.6851584218349114,0,0,0
2018-01-07 15:00:00,1076.7937,28.584985351562523,0.017147422,0.038085938,21.528465837318592,27.397485351562523,0.017574668,0.14099121,7.5198857160771615,24.881860351562523,0.017063498,0.30981445,3.1226362795139884,0,0,0
2018-01-07 16:00:00,1047.2329,28.127038574218773,0.017078916,0.02520752,20.830321102222108,26.861413574218773,0.017750302,0.13800049,6.694982847913973,24.228601074218773,0.017414609,0.29467773,3.064343413801518,0,0,0
2018-01-07 17:00:00,1056.6373,27.288903808593773,0.01732337,0.017707825,17.803779655099202,25.992028808593773,0.018040532,0.12988281,5.122599501976882,23.640466308593773,0.01757514,0.28198242,2.689003581455012,0,0,0
2018-01-07 18:00:00,1107.6405000000002,26.184259033203148,0.017743386,0.016189575,13.3408338647015,24.824884033203148,0.017865457,0.11294556,3.772725937374083,23.106134033203148,0.017407693,0.25146484,2.2364725876170164,0,0,0
2018-01-07 19:00:00,1161.2246,25.705529785156276,0.017621735,0.013580322,12.001176452188854,24.369592285156276,0.017606476,0.09020996,3.799729965051728,22.674279785156276,0.01706479,0.21228027,1.8573940566233085,0,0,0
2018-01-07 20:00:00,1137.7342,25.472741699218773,0.017439079,0.0111579895,11.101711965973513,24.003991699218773,0.017400932,0.07028198,3.723033180968088,22.371179199218773,0.016821098,0.19891357,1.5110007634770035,0,0,0
2018-01-07 21:00:00,1118.9697,25.318719482421898,0.017256042,0.010601044,10.567362913023612,23.623406982421898,0.017172119,0.054351807,3.425240641862428,22.131219482421898,0.016561767,0.18115234,1.2966461935772455,0,0,0
2018-01-07 22:00:00,1068.1503,25.1425720214844,0.017072855,0.008422852,10.276353487960671,23.2519470214844,0.016966043,0.041748047,3.1731334816753765,21.8847595214844,0.016233621,0.16363525,1.1536517126595176,0,0,0
2018-01-07 23:00:00,1004.0935,24.966607666015648,0.016927933,0.006986618,9.79919755336218,22.950982666015648,0.016782975,0.03630066,3.0485364685730314,21.669732666015648,0.016012406,0.14447021,1.0212618326834682,0,0,0
2018-01-08 00:00:00,962.8928,24.771630859375023,0.016783113,0.00765419,9.092538629449278,22.716943359375023,0.016638154,0.03491211,3.064061317268544,21.513818359375023,0.015852327,0.12988281,1.009355812953311,0,0,0
2018-01-08 01:00:00,923.6269,24.550073242187523,0.016645968,0.0074863434,8.673262056511826,22.526635742187523,0.016478121,0.03552246,3.1363782769641757,21.386010742187523,0.0157457,0.12701416,1.1074791157779147,0,0,0
2018-01-08 02:00:00,890.1333000000001,24.386499023437523,0.016569637,0.011493683,8.228299846595196,22.402124023437523,0.016340755,0.038101196,3.136629119010504,21.308374023437523,0.015676998,0.1282959,1.066066318870781,0,0,0
2018-01-08 03:00:00,863.7616,24.270898437500023,0.016561769,0.013683319,7.900175343752576,22.216210937500023,0.016195558,0.042007446,3.1973606758693114,21.263085937500023,0.01561191,0.12313843,0.8517697857192561,0,0,0
2018-01-08 04:00:00,858.0369,24.125939941406276,0.0165921,0.013999939,7.9736824119132494,22.000939941406276,0.016073301,0.047836304,3.274628476916842,21.243127441406276,0.015558317,0.118377686,0.748045875409208,0,0,0
2018-01-08 05:00:00,880.8348,23.939172363281276,0.016630094,0.014732361,8.56630060425622,21.884484863281276,0.016027372,0.05114746,3.300403795679943,21.181359863281276,0.0154971285,0.1159668,0.846479150591379,0,0,0
2018-01-08 06:00:00,918.5861,23.865838623046898,0.016721541,0.01702118,8.887087307776381,21.904901123046898,0.016004378,0.04876709,3.3736549367440363,21.131463623046898,0.015458875,0.11071777,1.0885685899437882,0,0,0
2018-01-08 07:00:00,1018.2311,24.840112304687523,0.017247984,0.018913269,10.20925575375866,23.410424804687523,0.016744444,0.043304443,4.496002462539135,21.472924804687523,0.015760252,0.09939575,1.2959978561383636,0,0,0
2018-01-08 08:00:00,1206.7369,25.758447265625023,0.01717163,0.0488739,12.188910675570284,24.735009765625023,0.016942749,0.042251587,5.287716508044452,22.235009765625023,0.016233215,0.088775635,1.5105756119154248,0,0,0
2018-01-08 09:00:00,1301.9939000000002,26.400903320312523,0.0171486,0.07974243,12.423637275495295,26.041528320312523,0.017003642,0.041412354,5.873250358261002,23.111840820312523,0.01640855,0.066986084,1.7694553748025588,0,0,0
2018-01-08 10:00:00,1386.3789,26.928918457031276,0.01720972,0.108673096,12.410815536666243,27.264855957031276,0.01708002,0.041503906,5.842713322203486,24.366418457031276,0.016042423,0.04699707,1.899969068074663,0,0,0
2018-01-08 11:00:00,1421.3415,27.483911132812523,0.017315729,0.12841797,12.192955378338524,28.272973632812523,0.01716314,0.04714966,5.665868987244166,25.757348632812523,0.015625818,0.049179077,2.10196672714134,0,0,0
2018-01-08 12:00:00,1439.1984,27.971093750000023,0.017345289,0.1293335,12.39178272048454,28.783593750000023,0.017116407,0.06732178,5.646729087949961,26.674218750000023,0.015544751,0.059555054,2.3700564654178824,0,0,0
2018-01-08 13:00:00,1441.535,28.289483642578148,0.01725264,0.13079834,12.783543934055064,28.937921142578148,0.017069535,0.07424927,5.685526531868449,27.039483642578148,0.015948014,0.072509766,2.4394315695745648,0,0,0
2018-01-08 14:00:00,1464.1083999999998,28.420953369140648,0.017083652,0.13677979,12.951467547239474,28.842828369140648,0.017129429,0.08282471,5.58138104975887,27.006890869140648,0.016152866,0.08453369,2.763858181661976,0,0,0
2018-01-08 15:00:00,1424.1568,28.358300781250023,0.016975844,0.14154053,13.243471833458676,28.686425781250023,0.017647231,0.083343506,4.794758318875497,26.608300781250023,0.016426528,0.0730896,3.089917892550324,0,0,0
2018-01-08 16:00:00,1350.3349,28.0197692871094,0.016952252,0.13812256,13.682947993612286,28.2697692871094,0.017532086,0.07165527,4.724527498870702,25.9025817871094,0.016807294,0.06890869,3.3535357576542406,0,0,0
2018-01-08 17:00:00,1223.2907,27.3225036621094,0.017348636,0.12277222,13.217495161517048,27.0646911621094,0.017966617,0.05050659,3.591243095085923,24.9318786621094,0.017333377,0.0909729,3.4671894666572487,0,0,0
2018-01-08 18:00:00,1253.5607,26.401818847656276,0.01797415,0.09237671,11.500335907384011,25.628381347656276,0.017676603,0.03564453,2.4189848852328,23.839318847656276,0.017943632,0.13989258,3.1938878710824343,0,0,0
2018-01-08 19:00:00,1262.3900999999998,25.910546875000023,0.018157508,0.07342529,11.311704680584697,25.012109375000023,0.017196205,0.022102356,2.350684510633727,23.262109375000023,0.017608192,0.17834473,2.9264500471629518,0,0,0
2018-01-08 20:00:00,1211.7976999999998,25.571221923828148,0.018204145,0.06335449,11.081345920825331,24.414971923828148,0.01676219,0.01573944,2.6064243066254997,22.985284423828148,0.017486982,0.19067383,2.423364486922605,0,0,0
2018-01-08 21:00:00,1190.508,25.332208251953148,0.01819788,0.060317993,10.596051758377312,23.902520751953148,0.016534671,0.0146484375,2.9750650703302237,22.800958251953148,0.017358646,0.19970703,2.085952292400587,0,0,0
2018-01-08 22:00:00,1126.654,25.091607666015648,0.018144377,0.05845642,10.363767340713109,23.404107666015648,0.016397245,0.018310547,3.2773005755266653,22.630670166015648,0.01721359,0.20263672,2.0113813217279,0,0,0
2018-01-08 23:00:00,1066.7398,24.874414062500023,0.018075153,0.065704346,10.65008852209992,22.952539062500023,0.016320392,0.024772644,3.496982529855909,22.421289062500023,0.017045185,0.18151855,2.058256389039483,0,0,0
2018-01-09 00:00:00,1018.4043,24.698754882812523,0.018013405,0.06790161,11.29906561034992,22.573754882812523,0.016235756,0.028205872,3.7060349091616502,22.230004882812523,0.016846107,0.16040039,2.18056587486768,2,1,0
2018-01-09 01:00:00,978.1898,24.560266113281276,0.017883291,0.06866455,11.21135403189622,22.263391113281276,0.016082754,0.027061462,3.9443072087109865,22.005578613281276,0.016624441,0.14239502,2.554031696663582,2,1,0
2018-01-09 02:00:00,946.6237,24.468774414062523,0.017707605,0.069488525,10.803003084368214,21.992211914062523,0.015846033,0.025436401,3.972926329487794,21.765649414062523,0.016395349,0.12799072,2.9597564354771886,2,1,0
2018-01-09 03:00:00,922.3504,24.427636718750023,0.017448267,0.062408447,11.07406640520212,21.771386718750023,0.015628656,0.031044006,4.1983113300089645,21.513574218750023,0.01614364,0.11160278,3.338138120704382,2,1,0
2018-01-09 04:00:00,896.5361,24.3686462402344,0.017165586,0.0476532,11.214008895748034,21.6577087402344,0.015540525,0.042037964,4.866120312126474,21.2436462402344,0.015876219,0.087371826,3.551486806738396,2,1,0
2018-01-09 05:00:00,873.6956,24.296289062500023,0.016913785,0.033737183,11.278016506063253,21.655664062500023,0.015559566,0.051315308,5.399396004276639,20.999414062500023,0.015590084,0.083618164,3.14022736266846,2,1,0
2018-01-09 06:00:00,866.6578,24.262994384765648,0.016814893,0.027488708,11.410258145032447,21.583306884765648,0.015445417,0.056869507,4.178425691180096,20.958306884765648,0.015273755,0.09579468,1.745247019851691,2,1,0
2018-01-09 07:00:00,876.5684,25.309014892578148,0.017234879,0.026786804,14.220975594191348,23.098077392578148,0.01645668,0.05899048,4.421940246747675,21.293389892578148,0.015487746,0.100738525,1.6835753196893533,2,1,0
2018-01-09 08:00:00,931.2466,26.238549804687523,0.017135976,0.027770996,16.804044672589942,24.926049804687523,0.017151235,0.05833435,5.498724654326373,21.933862304687523,0.015877126,0.09378052,2.0455166976329244,2,1,0
2018-01-09 09:00:00,981.5278,26.784112548828148,0.017167628,0.04321289,15.697791975707847,26.252862548828148,0.017076075,0.056167603,5.9449564386284575,22.534112548828148,0.016023219,0.07058716,2.083520166666136,2,1,0
2018-01-09 10:00:00,1046.3008,27.2021423339844,0.017174346,0.09008789,13.621823382558777,27.3115173339844,0.01712094,0.06086731,4.364273036709154,23.3662048339844,0.016014678,0.05278015,1.7538253242157305,2,1,0
2018-01-09 11:00:00,1085.1524,27.538598632812523,0.017135067,0.12884521,12.014819073975731,28.210473632812523,0.017249508,0.120147705,2.527677914727688,24.437036132812523,0.015632076,0.047454834,0.8149548309482094,2,1,0
2018-01-09 12:00:00,1107.4341,27.667779541015648,0.01708853,0.16656494,10.64769526513736,28.792779541015648,0.017279265,0.17907715,1.5606157950793251,25.253717041015648,0.015368101,0.050994873,0.3203733465507012,2,1,0
2018-01-09 13:00:00,1131.5691,27.662927246093773,0.016966505,0.1953125,9.386317472988829,29.037927246093773,0.017233534,0.2020874,1.1703318239050375,25.623864746093773,0.01539485,0.0574646,1.056163350337607,2,1,0
2018-01-09 14:00:00,1117.745,27.536645507812523,0.01690612,0.22784424,8.916223509522007,29.161645507812523,0.017249443,0.22741699,1.1636092246901302,25.622583007812523,0.0156129375,0.06689453,1.8055469517462075,2,1,0
2018-01-09 15:00:00,1115.095,27.390069580078148,0.01692999,0.24267578,9.664724242514003,29.015069580078148,0.017395383,0.237854,1.922977983262403,25.202569580078148,0.016220456,0.08377075,2.72757251296956,2,1,0
2018-01-09 16:00:00,1080.1054,27.158776855468773,0.017022857,0.21411133,10.69861874087709,28.846276855468773,0.017884979,0.26037598,2.8533230832917016,24.658776855468773,0.017007599,0.11758423,3.416144543892909,2,1,0
2018-01-09 17:00:00,1046.1102999999998,26.705102539062523,0.017458092,0.17669678,10.539484910919509,27.798852539062523,0.017572533,0.24298096,3.525360786966873,23.916040039062523,0.017290246,0.14227295,3.365987876095076,2,1,0
2018-01-09 18:00:00,1111.4057,26.039941406250023,0.018007448,0.1461792,9.131638160304131,26.532128906250023,0.018129518,0.19714355,3.1689205868642483,23.079003906250023,0.017175844,0.15368652,2.6569293780203487,2,1,0
2018-01-09 19:00:00,1153.8352,25.757409667968773,0.018045502,0.13195801,9.2513807142631,25.905847167968773,0.01807602,0.12677002,2.720945984132858,22.608972167968773,0.016740875,0.1404419,1.7287160983454135,2,1,0
2018-01-09 20:00:00,1149.1289000000002,25.5512634277344,0.018014506,0.12097168,9.189900908989229,25.3090759277344,0.017922953,0.07766724,2.4415470652749702,22.4184509277344,0.016412333,0.11264038,0.9513356826380528,2,1,0
2018-01-09 21:00:00,1122.151,25.401757812500023,0.017975945,0.10549927,9.13860092523618,24.698632812500023,0.017617363,0.06561279,2.458396855735133,22.292382812500023,0.016205925,0.0843811,0.4735886596864243,2,1,0
2018-01-09 22:00:00,1085.0157,25.250268554687523,0.017922552,0.09158325,9.2928526331609,24.187768554687523,0.017342718,0.06098938,2.64213515939874,22.195581054687523,0.016045721,0.068878174,0.3754123971204471,2,1,0
2018-01-09 23:00:00,1011.4904,25.097314453125023,0.017846737,0.081451416,9.245074095689557,23.792626953125023,0.017106686,0.06845093,2.8445841175877487,22.058251953125023,0.01590887,0.061950684,0.6177626469864023,2,1,0
2018-01-10 00:00:00,965.8148,24.974938964843773,0.017725555,0.07247925,8.637337579594027,23.482751464843773,0.01690921,0.08444214,2.801209622747052,21.873376464843773,0.0157648,0.05496216,1.002772909389195,0,0,0
2018-01-10 01:00:00,924.9982,24.863000488281276,0.017550722,0.06729126,8.083022062725297,23.206750488281276,0.01669623,0.084350586,2.653334851272507,21.675500488281276,0.015605226,0.05343628,1.280714716861474,0,0,0
2018-01-10 02:00:00,906.2761,24.748315429687523,0.01733041,0.059402466,7.956259397394785,22.951440429687523,0.016506435,0.07910156,2.5916625003433675,21.521752929687523,0.01545358,0.054718018,1.4406349239710914,0,0,0
2018-01-10 03:00:00,882.3211,24.650964355468773,0.017124373,0.055664062,8.191456796383747,22.768151855468773,0.016323287,0.07141113,2.4801107005823235,21.416589355468773,0.015323835,0.054489136,1.5246993206212551,0,0,0
2018-01-10 04:00:00,878.9161,24.5747009277344,0.016940864,0.046813965,8.190600483438127,22.7387634277344,0.016155036,0.060760498,2.286824295428472,21.3403259277344,0.015201362,0.05621338,1.4796185720113475,0,0,0
2018-01-10 05:00:00,901.6172,24.514611816406276,0.016772684,0.04109192,7.862973735953214,22.858361816406276,0.016017374,0.053894043,2.063139895963471,21.248986816406276,0.015067514,0.0546875,1.3707210092799236,0,0,0
2018-01-10 06:00:00,924.0662,24.512139892578148,0.016673103,0.03866577,7.491267285364439,22.941827392578148,0.015910164,0.057525635,1.8146663281818567,21.160577392578148,0.014929787,0.054031372,1.217623266093738,0,0,0
2018-01-10 07:00:00,995.3589,25.345971679687523,0.017069533,0.038879395,8.34738313248664,24.189721679687523,0.017046645,0.057785034,1.824389317643536,21.416284179687523,0.015177444,0.05630493,1.0885564375366508,0,0,0
2018-01-10 08:00:00,1191.4367,26.288934326171898,0.01669505,0.035186768,10.633734131278016,26.351434326171898,0.017305402,0.06147766,3.046439431381482,22.077996826171898,0.015607863,0.06564331,1.1248603877222647,0,0,0
2018-01-10 09:00:00,1276.8181000000002,26.976342773437523,0.016663933,0.039916992,11.251541825497862,27.179467773437523,0.016648674,0.071777344,3.870392382047267,22.859155273437523,0.015878106,0.06814575,1.2778420356589166,0,0,0
2018-01-10 10:00:00,1365.4696,27.530633544921898,0.01681611,0.052001953,11.783024574417974,27.983758544921898,0.016739815,0.10122681,3.5965950957228303,23.749383544921898,0.015770882,0.0652771,1.3391189518783668,0,0,0
2018-01-10 11:00:00,1402.6242,27.980157470703148,0.016922526,0.072631836,12.313353979247966,28.511407470703148,0.016892008,0.16253662,3.032770416580972,24.902032470703148,0.015408091,0.084503174,1.4111933301996729,0,0,0
2018-01-10 12:00:00,1414.6602,28.254541015625023,0.016929789,0.08944702,13.105131987336778,28.754541015625023,0.017090006,0.18457031,2.5297305314926217,25.660791015625023,0.015281839,0.11584473,1.7185037942888306,0,0,0
2018-01-10 13:00:00,1437.0436,28.364343261718773,0.016906852,0.104003906,14.324085210381076,29.114343261718773,0.017356986,0.2133789,2.531999553327837,25.895593261718773,0.015453451,0.13800049,2.292668185705089,0,0,0
2018-01-10 14:00:00,1438.6171,28.304010009765648,0.016853651,0.11203003,15.615097135302165,29.116510009765648,0.01749452,0.24023438,2.8862927972487817,25.819635009765648,0.015747389,0.16204834,2.889332747005033,0,0,0
2018-01-10 15:00:00,1415.8154,28.0800720214844,0.016815728,0.100097656,16.38772609388869,28.6894470214844,0.017685479,0.24163818,3.1604307770754594,25.3613220214844,0.016213005,0.15631104,3.35291733467554,0,0,0
2018-01-10 16:00:00,1340.2466,27.690576171875023,0.016846247,0.07424927,16.429787384905,28.221826171875023,0.01806695,0.2286377,2.884570178602031,24.682763671875023,0.016792841,0.1630249,3.587657417272917,0,0,0
2018-01-10 17:00:00,1234.8977,27.032983398437523,0.017151523,0.051223755,14.91641614195647,27.345483398437523,0.018135715,0.23962402,2.161346896565941,23.892358398437523,0.017212559,0.19793701,3.406039781995544,0,0,0
2018-01-10 18:00:00,1272.4346,26.063195800781276,0.017655028,0.03352356,11.758778686164034,25.844445800781276,0.018295897,0.21655273,1.22295817489409,23.039758300781276,0.017151488,0.21990967,3.1099521089895807,0,0,0
2018-01-10 19:00:00,1277.6506,25.559655761718773,0.017754165,0.022994995,10.768466117247645,25.161218261718773,0.017967789,0.18151855,1.233164627494128,22.614343261718773,0.016899673,0.21386719,2.8336856192943074,0,0,0
2018-01-10 20:00:00,1243.1354,25.215997314453148,0.017738806,0.016548157,10.019562705542729,24.606622314453148,0.017525183,0.13433838,1.5733217289599044,22.348809814453148,0.01667069,0.2131958,2.5915867914809105,0,0,0
2018-01-10 21:00:00,1201.9444,24.970727539062523,0.017654397,0.013893127,9.34184388381963,24.048852539062523,0.017074563,0.10046387,2.0362853296913777,22.056665039062523,0.016426064,0.1854248,2.4132210548330297,0,0,0
2018-01-10 22:00:00,1145.6282,24.762597656250023,0.017577687,0.014942169,9.147414057792629,23.567285156250023,0.01679186,0.082336426,2.4787991495496944,21.817285156250023,0.016204396,0.15704346,2.369301813716498,0,0,0
2018-01-10 23:00:00,1081.6344,24.588891601562523,0.017524026,0.022987366,9.12677105164261,23.127954101562523,0.016539834,0.06826782,2.887067366056863,21.596704101562523,0.015990518,0.1281128,2.3758819327930394,0,0,0
2018-01-11 00:00:00,1012.0443,24.495446777343773,0.017447516,0.041107178,9.023583869044206,22.729821777343773,0.016341254,0.056365967,3.221100876435051,21.370446777343773,0.015746161,0.107910156,2.404100366490304,0,0,0
2018-01-11 01:00:00,966.4158,24.4216247558594,0.017424718,0.043182373,8.882640350203562,22.3434997558594,0.016150609,0.049423218,3.4847395893480275,21.1481872558594,0.0154982945,0.0953064,2.357050250327379,0,0,0
2018-01-11 02:00:00,942.7099,24.322198486328148,0.017402096,0.048934937,8.924856707280146,21.994073486328148,0.01596014,0.04197693,3.688527756048626,20.947198486328148,0.015265864,0.08758545,2.2152819390757776,0,0,0
2018-01-11 03:00:00,907.6144,24.245996093750023,0.017341353,0.04750061,9.004076034699366,21.699121093750023,0.015769698,0.0315094,3.8254658808006217,20.777246093750023,0.015056349,0.081970215,2.056646728506568,0,0,0
2018-01-11 04:00:00,907.3144,24.149011230468773,0.01721933,0.041503906,8.89592627400098,21.469323730468773,0.015552307,0.024291992,3.7739432011440535,20.703698730468773,0.01488092,0.07156372,1.928072328018089,0,0,0
2018-01-11 05:00:00,923.5533,24.117333984375023,0.017112713,0.03340149,8.548899489399696,21.273583984375023,0.015342695,0.018226624,3.6823757425698096,20.617333984375023,0.014720899,0.060440063,1.9257681329678944,0,0,0
2018-01-11 06:00:00,939.0315,24.127862548828148,0.017013593,0.02709961,8.157953460650392,21.174737548828148,0.015205426,0.01266861,3.683041513255124,20.518487548828148,0.014572186,0.049697876,1.9680059280306228,0,0,0
2018-01-11 07:00:00,1032.1894,25.135766601562523,0.017219529,0.018920898,9.576454410699204,22.963891601562523,0.016090378,0.011360168,5.710407242691223,20.979516601562523,0.014938339,0.04298401,1.7069801906046356,0,0,0
2018-01-11 08:00:00,1210.9975,26.183557128906276,0.01691444,0.014923096,11.307115755099474,24.527307128906276,0.016594006,0.018615723,6.118480719309413,22.019494628906276,0.015617443,0.0388031,1.5207708265793347,0,0,0
2018-01-11 09:00:00,1304.4322,26.959161376953148,0.016860995,0.017669678,11.473258750299252,25.927911376953148,0.016578708,0.015476227,6.32661505423189,23.052911376953148,0.01578525,0.03390503,1.2481675640369037,0,0,0
2018-01-11 10:00:00,1384.0526,27.629449462890648,0.016929748,0.014518738,11.242886300706129,27.066949462890648,0.016616942,0.011054993,5.826007471018911,24.676324462890648,0.015346649,0.030303955,0.6932220873243139,0,0,0
2018-01-11 11:00:00,1419.0182,28.241296386718773,0.01695273,0.013713837,11.096988867538329,28.085046386718773,0.016647555,0.010971069,5.172800177026729,26.178796386718773,0.014885165,0.03227234,0.3445183751561674,0,0,0
2018-01-11 12:00:00,1420.9504000000002,28.6755310058594,0.01692986,0.015205383,11.149328989955832,28.7536560058594,0.01654839,0.012226105,4.357065841923266,26.8786560058594,0.015056842,0.039016724,1.1365564541135411,0,0,0
2018-01-11 13:00:00,1453.1372,28.923638916015648,0.016837759,0.017593384,11.269439990964988,29.126763916015648,0.016433401,0.009880066,3.661710986142792,27.017388916015648,0.015647573,0.052337646,1.7538923817789345,0,0,0
2018-01-11 14:00:00,1471.8061,28.996728515625023,0.016738188,0.018051147,11.369888351013037,29.277978515625023,0.016356718,0.007507324,3.3197382732431007,26.856103515625023,0.015761625,0.06138611,2.4088566025730223,0,0,0
2018-01-11 15:00:00,1438.3095,28.899285888671898,0.01663109,0.013046265,11.375717784326516,29.149285888671898,0.016341172,0.007730484,3.03276468560617,26.305535888671898,0.015929185,0.059768677,2.9758440487285127,0,0,0
2018-01-11 16:00:00,1356.9952,28.578302001953148,0.016585147,0.008178711,11.672842286255518,28.984552001953148,0.0168064,0.011405945,2.2616813601234638,25.562677001953148,0.016203677,0.086761475,3.585874381912342,0,0,0
2018-01-11 17:00:00,1254.5536000000002,27.8486267089844,0.017035313,0.011154175,10.92869055803267,28.0517517089844,0.016737767,0.013477325,2.292284218087478,24.4892517089844,0.016920872,0.10601807,3.742470124150288,0,0,0
2018-01-11 18:00:00,1264.7019,26.810754394531276,0.01783659,0.010494232,9.675394733272071,26.529504394531276,0.016913433,0.010219574,2.3490493160201096,23.474816894531276,0.017409343,0.11929321,3.4083424571940357,0,0,0
2018-01-11 19:00:00,1283.6028,26.224298095703148,0.0179433,0.00982666,10.356043701327202,25.693048095703148,0.016722597,0.004617691,2.966742286004118,22.966485595703148,0.017249025,0.1211853,3.489886605516489,0,0,0
2018-01-11 20:00:00,1242.8318,25.788720703125023,0.017981367,0.009197235,10.724457136166778,24.835595703125023,0.016600447,0.004306793,3.520541459725651,22.616845703125023,0.017149763,0.12042236,3.7793046420705063,0,0,0
2018-01-11 21:00:00,1197.0849,25.457360839843773,0.017943395,0.008361816,10.893952454148229,24.144860839843773,0.016547216,0.0029754639,3.862549087064356,22.340173339843773,0.017043127,0.12075806,3.963772474963261,0,0,0
2018-01-11 22:00:00,1129.5417,25.190728759765648,0.017776102,0.007396698,11.282291363867069,23.628228759765648,0.016501993,0.0024957657,4.011844959446675,22.151666259765648,0.016936868,0.13092041,3.883113844785044,0,0,0
2018-01-11 23:00:00,1065.8821,24.967858886718773,0.017677315,0.0072574615,11.727922660125069,23.225671386718773,0.016487129,0.0027723312,4.045566611856493,22.061608886718773,0.016830452,0.13952637,3.63617292755894,0,0,0
2018-01-12 00:00:00,1007.058,24.761010742187523,0.017585253,0.0069084167,11.877628942908595,22.886010742187523,0.016547656,0.009223938,3.998722086859988,21.940698242187523,0.01673839,0.14837646,3.257845129494588,0,0,0
2018-01-12 01:00:00,956.2821,24.547052001953148,0.017493453,0.006454468,11.64169319894362,22.547052001953148,0.016562667,0.01473999,4.010024189293409,21.773614501953148,0.01664659,0.1716919,2.9213039080796106,0,0,0
2018-01-12 02:00:00,929.0928,24.310937500000023,0.017386649,0.007429123,10.733816873624855,22.248437500000023,0.016509268,0.0154418945,3.973770088080228,21.662500000000023,0.016593192,0.20092773,2.724647082652376,0,0,0
2018-01-12 03:00:00,893.04,24.117883300781276,0.017272014,0.012367249,9.310561182336397,21.985070800781276,0.016364116,0.015922546,3.760258825200084,21.602258300781276,0.016554851,0.23510742,2.745605076249305,0,0,0
2018-01-12 04:00:00,892.1843,24.020349121093773,0.01718788,0.017929077,8.399278419019403,21.778161621093773,0.016142653,0.015640259,3.576098670731076,21.668786621093773,0.016531752,0.27026367,2.727435719041141,0,0,0
2018-01-12 05:00:00,916.721,23.978417968750023,0.017180264,0.017997742,8.57643257830805,21.587792968750023,0.015944302,0.013626099,3.54148923421966,21.806542968750023,0.01648599,0.29492188,2.356476325136528,0,0,0
2018-01-12 06:00:00,943.3606,24.001794433593773,0.017225977,0.015670776,9.3793883772113,21.470544433593773,0.015814539,0.010211945,3.701194124582695,21.892419433593773,0.016409632,0.32788086,1.7135640507156864,0,0,0
2018-01-12 07:00:00,1035.543,25.096795654296898,0.01762259,0.015048981,12.425050872759993,23.448358154296898,0.016592622,0.00749588,5.895592802103977,22.026483154296898,0.016440034,0.35253906,1.1613770460185282,0,0,0
2018-01-12 08:00:00,1194.5084000000002,26.1181579589844,0.017561488,0.02999115,14.049226206041576,25.1806579589844,0.016752772,0.006526947,6.618849410480324,22.4462829589844,0.016706996,0.3552246,1.2895843115552768,0,0,0
2018-01-12 09:00:00,1320.756,26.730584716796898,0.017545763,0.05567932,13.93715337074217,26.636834716796898,0.01684386,0.0076675415,6.1305000616474485,23.136834716796898,0.016775195,0.3215332,1.248218079765256,0,0,0
2018-01-12 10:00:00,1384.2673,27.281671142578148,0.017560773,0.071777344,13.282976657062616,27.859796142578148,0.01682835,0.011508942,5.098702950191548,23.875421142578148,0.01671391,0.29040527,1.4082150424659337,0,0,0
2018-01-12 11:00:00,1437.4828,27.854119873046898,0.017499695,0.088409424,12.628259086321815,28.760369873046898,0.016706238,0.020774841,4.169250375894858,24.393182373046898,0.016706238,0.28625488,1.7027164676194562,0,0,0
2018-01-12 12:00:00,1437.3399,28.262780761718773,0.017362887,0.111206055,12.343479031836,29.137780761718773,0.016546542,0.02332306,3.4839695195902385,24.598718261718773,0.01656943,0.25134277,1.886869459115656,0,0,0
2018-01-12 13:00:00,1462.0706,28.436944580078148,0.017225927,0.14385986,12.553115427641748,29.327569580078148,0.016531652,0.023284912,3.1870903963687405,24.561944580078148,0.016531652,0.23236084,1.9450075172435952,0,0,0
2018-01-12 14:00:00,1451.4407,28.3745056152344,0.017126491,0.16674805,13.239148261572364,29.2963806152344,0.016577175,0.026931763,3.334485756662196,24.3666931152344,0.016622951,0.21289062,1.756296062204818,0,0,0
2018-01-12 15:00:00,1443.7156,28.152673339843773,0.017057825,0.16033936,13.961804422317726,28.996423339843773,0.016760278,0.028709412,3.5382704741586988,24.082360839843773,0.016783167,0.17297363,1.446144155059737,0,0,0
2018-01-12 16:00:00,1351.6345,27.770104980468773,0.0170045,0.1303711,14.485744493054764,28.520104980468773,0.017202863,0.037078857,3.2005807647598097,23.770104980468773,0.016882429,0.15612793,1.3260505874745256,0,0,0
2018-01-12 17:00:00,1239.3684,27.1086364746094,0.017195094,0.09320068,14.066084601727278,27.2180114746094,0.017576564,0.038894653,3.3607025958214507,23.2961364746094,0.016935695,0.14746094,1.4391607443609058,0,0,0
2018-01-12 18:00:00,1258.9441,26.309289550781276,0.017667614,0.07647705,12.33236502136811,25.528039550781276,0.017675243,0.030540466,3.315977237841867,22.629602050781276,0.01684364,0.12738037,1.4288993889512016,0,0,0
2018-01-12 19:00:00,1283.1939,25.918420410156276,0.017827716,0.07733154,11.861151901838058,24.762170410156276,0.017354693,0.020568848,3.601166893669777,22.168420410156276,0.016614642,0.103637695,1.3713284570370514,0,0,0
2018-01-12 20:00:00,1250.0818000000002,25.706384277343773,0.01785042,0.072387695,11.810402471417529,24.159509277343773,0.017049333,0.026123047,3.674385914780663,22.003259277343773,0.016408464,0.10870361,1.180720673900608,0,0,0
2018-01-12 21:00:00,1196.8917,25.532189941406276,0.017813167,0.06741333,12.036281688037189,23.680627441406276,0.016806087,0.03173828,3.7991781751476927,22.024377441406276,0.016233882,0.12109375,0.9528363275348012,0,0,0
2018-01-12 22:00:00,1152.2061,25.367791748046898,0.01779888,0.0625,12.60172875670123,23.266229248046898,0.016593436,0.029846191,3.872604161062843,22.047479248046898,0.016097525,0.1408081,0.690545704548553,0,0,0
2018-01-12 23:00:00,1090.5024,25.217980957031276,0.017814536,0.059005737,13.134483686565169,22.889855957031276,0.01638021,0.02381134,3.904011929654046,22.022668457031276,0.015983481,0.15637207,0.4620168333671549,0,0,0
2018-01-13 00:00:00,1026.9112,25.101892089843773,0.017821442,0.057540894,13.491109132861006,22.531579589843773,0.01621927,0.014709473,3.919904139183532,21.937829589843773,0.015875947,0.15124512,0.2944463220378753,0,0,0
2018-01-13 01:00:00,988.8823,25.0024353027344,0.017843582,0.06062317,13.892289675674826,22.1977478027344,0.016081192,0.010456085,3.942104698881005,21.7993103027344,0.015768386,0.13226318,0.03866938290369,0,0,0
2018-01-13 02:00:00,961.3585,24.934625244140648,0.017873794,0.07080078,14.225645000402976,21.911187744140648,0.015943557,0.010105133,4.0717043087739535,21.700250244140648,0.01566127,0.12246704,0.2814869538156504,0,0,0
2018-01-13 03:00:00,932.4505,24.866143798828148,0.01792723,0.07925415,14.586602237798562,21.655206298828148,0.01578337,0.013763428,4.114525427817258,21.631768798828148,0.015543044,0.12249756,0.4756866436184883,0,0,0
2018-01-13 04:00:00,914.7374,24.784448242187523,0.0179806,0.0897522,14.39160588702054,21.448510742187523,0.015630746,0.02168274,3.991852086379055,21.581323242187523,0.015440011,0.1204834,0.6003608855090071,0,0,0
2018-01-13 05:00:00,929.2814,24.722741699218773,0.018003631,0.09729004,14.005141616535647,21.308679199218773,0.015508819,0.028961182,3.797537173703879,21.527429199218773,0.015344787,0.11373901,0.7429398287369751,0,0,0
2018-01-13 06:00:00,943.9615,24.726586914062523,0.018049527,0.11053467,13.650383258511392,21.296899414062523,0.015455533,0.031044006,3.7119964258078095,21.476586914062523,0.015268613,0.104888916,1.0178166039360403,0,0,0
2018-01-13 07:00:00,970.1205,25.391931152343773,0.018370055,0.12774658,15.42061491575102,23.212243652343773,0.016241454,0.032562256,5.66932030009772,21.852868652343773,0.01552429,0.10128784,1.2498956574759572,0,0,0
2018-01-13 08:00:00,1117.4237,26.235894775390648,0.01836251,0.16912842,17.87348797998871,25.204644775390648,0.016775595,0.033859253,6.954111976781803,22.649957275390648,0.015730368,0.09274292,1.8645141092872923,0,0,0
2018-01-13 09:00:00,1207.9903,26.901696777343773,0.018225625,0.20214844,18.894124670979583,26.932946777343773,0.017096475,0.035995483,8.147661367376916,23.870446777343773,0.015723184,0.08389282,2.4249466231459222,0,0,0
2018-01-13 10:00:00,1289.0433,27.399560546875023,0.018149355,0.2290039,19.0070164464162,28.165185546875023,0.017256716,0.04309082,8.406492707673339,25.290185546875023,0.015433292,0.09655762,2.5450143038754307,0,0,0
2018-01-13 11:00:00,1293.6487,27.869439697265648,0.018034467,0.26135254,19.214804020402617,29.025689697265648,0.017416487,0.07058716,8.557347924822839,26.260064697265648,0.015188703,0.112091064,2.3511737712567893,0,0,0
2018-01-13 12:00:00,1245.8686,28.166955566406276,0.01787387,0.27734375,19.332830077012037,29.526330566406276,0.0174924,0.12506104,8.424409889812885,26.776330566406276,0.015375244,0.12591553,1.8620645833374945,0,0,0
2018-01-13 13:00:00,1226.1571,28.131402587890648,0.017728643,0.2668457,19.310452238977422,29.725152587890648,0.017583685,0.18261719,8.29953363785924,26.897027587890648,0.015912848,0.14312744,1.3438322796138351,0,0,0
2018-01-13 14:00:00,1217.2061,27.906915283203148,0.017621618,0.23822021,18.91243008173936,29.547540283203148,0.017736059,0.2341919,8.3258580770829,26.610040283203148,0.016042333,0.15588379,0.9986068743107572,0,0,0
2018-01-13 15:00:00,1206.444,27.627008056640648,0.017552782,0.19256592,18.37975340103909,28.908258056640648,0.018010546,0.25927734,7.91768001562541,26.142633056640648,0.016080309,0.1671753,0.6937149670493149,0,0,0
2018-01-13 16:00:00,1160.5556,27.289849853515648,0.017651787,0.12854004,17.212649355969653,28.039849853515648,0.018285027,0.26831055,7.124686641829428,25.446099853515648,0.016240349,0.16217041,0.5421363886177243,0,0,0
2018-01-13 17:00:00,1140.8663,26.713250732421898,0.018002663,0.08816528,15.217386771993969,26.916375732421898,0.018651161,0.28063965,5.713817052287099,24.510125732421898,0.016553078,0.15698242,0.7208962977110701,0,0,0
2018-01-13 18:00:00,1202.7568,26.093957519531276,0.018147692,0.059951782,14.606818156522484,25.468957519531276,0.018498644,0.26611328,4.400922578844454,23.390832519531276,0.016507372,0.17047119,1.578562481361042,0,0,0
2018-01-13 19:00:00,1224.426,25.795281982421898,0.0181402,0.041610718,15.355416143225836,24.904656982421898,0.018216494,0.2267456,4.665381077843638,22.724969482421898,0.016164187,0.16296387,2.7980271388381284,0,0,0
2018-01-13 20:00:00,1195.3121,25.614892578125023,0.018148014,0.03314209,15.673773671050268,24.497705078125023,0.017980168,0.19207764,4.672414256330187,22.333642578125023,0.016027043,0.17230225,3.718723698370749,0,0,0
2018-01-13 21:00:00,1154.8974,25.560021972656276,0.018140474,0.030166626,16.26819447914636,24.169396972656276,0.017736116,0.1720581,4.594219940437604,22.153771972656276,0.01605002,0.19805908,3.894566786134263,0,0,0
2018-01-13 22:00:00,1106.5928,25.537988281250023,0.018155843,0.037399292,17.74107898308011,23.975488281250023,0.01756075,0.15252686,4.65915722098178,22.045800781250023,0.016095906,0.230896,3.670676588218501,0,0,0
2018-01-13 23:00:00,1074.492,25.432305908203148,0.018094806,0.04649353,18.77004007179726,23.752618408203148,0.017362384,0.12786865,4.793146479885923,21.955743408203148,0.016111163,0.25952148,3.4406792077723725,0,0,0
2018-01-14 00:00:00,1033.1116,25.323999023437523,0.0178353,0.056243896,20.10225767295317,23.480249023437523,0.017163914,0.10684204,5.091321461281632,21.894311523437523,0.016118687,0.27929688,3.203477162424571,0,0,0
2018-01-14 01:00:00,985.2497,25.224969482421898,0.01756062,0.065093994,21.51474377790964,23.193719482421898,0.016988415,0.091918945,5.413327935659289,21.865594482421898,0.016141552,0.29174805,3.016620462987589,0,0,0
2018-01-14 02:00:00,969.4132,25.139001464843773,0.01738545,0.07223511,22.283795094276712,22.928063964843773,0.016859021,0.08465576,5.630244076521555,21.842126464843773,0.016164746,0.29711914,2.8702567238909587,0,0,0
2018-01-14 03:00:00,936.9405,25.055993652343773,0.017255919,0.07382202,23.222661519658782,22.735681152343773,0.01674475,0.093170166,5.833061020444163,21.821618652343773,0.016180174,0.2972412,2.6988159921483548,0,0,0
2018-01-14 04:00:00,919.8938,24.946618652343773,0.017217878,0.075531006,22.04465528835111,22.634118652343773,0.016660932,0.10256958,5.835034433376044,21.798181152343773,0.016157392,0.29541016,2.6830972403763726,0,0,0
2018-01-14 05:00:00,929.3553,24.887353515625023,0.017171944,0.0803833,20.72430611657896,22.567041015625023,0.01658448,0.11138916,5.808594524945308,21.746728515625023,0.016103828,0.29553223,2.727048240612626,0,0,0
2018-01-14 06:00:00,898.1331,24.892541503906276,0.017194647,0.07913208,19.9118234293164,22.533166503906276,0.016515631,0.1182251,5.783393596075023,21.665979003906276,0.016012091,0.29821777,2.7475821148001347,0,0,0
2018-01-14 07:00:00,891.3137,25.560968017578148,0.017499743,0.075408936,21.83958315944068,23.404718017578148,0.016889391,0.12011719,7.335040474060352,21.857843017578148,0.01614934,0.28430176,2.6511779812064784,0,0,0
2018-01-14 08:00:00,953.5351,26.445520019531276,0.017553153,0.08908081,24.82554455301063,24.383020019531276,0.017286124,0.11608887,7.868882947893955,22.375207519531276,0.016431632,0.2644043,2.6350831841326348,0,0,0
2018-01-14 09:00:00,1025.1828,27.167138671875023,0.017370064,0.117492676,26.90722494558777,25.729638671875023,0.017530281,0.10726929,10.010918893167164,23.003076171875023,0.0167826,0.2515869,2.501769935637504,0,0,0
2018-01-14 10:00:00,1088.2298,27.714379882812523,0.01762955,0.16363525,27.4170798091042,26.980004882812523,0.01750748,0.10095215,12.45138391363571,23.698754882812523,0.017064976,0.265625,2.0755283165720617,0,0,0
2018-01-14 11:00:00,1126.4833,27.987084960937523,0.01778216,0.2097168,27.392606676121485,27.924584960937523,0.017362542,0.09500122,13.570986918555464,24.487084960937523,0.017072625,0.26391602,1.508969220414423,0,0,0
2018-01-14 12:00:00,1132.895,28.078790283203148,0.017789723,0.23638916,26.80730800911036,28.438165283203148,0.017248036,0.091674805,14.065474343653076,25.172540283203148,0.016889455,0.26831055,1.339702673065988,0,0,0
2018-01-14 13:00:00,1091.1859,28.096490478515648,0.017774437,0.25769043,25.992355408328265,28.627740478515648,0.017156456,0.08569336,14.630980410367403,25.315240478515648,0.016927574,0.27734375,1.243202482889892,0,0,0
2018-01-14 14:00:00,1093.1718,27.9780212402344,0.01772103,0.25073242,24.782185992234645,28.5405212402344,0.017026756,0.07589722,14.954632381408976,25.2905212402344,0.017049644,0.2923584,1.3754818930188115,0,0,0
2018-01-14 15:00:00,1083.3553,27.750421142578148,0.017660018,0.22125244,23.701550087757976,28.172296142578148,0.016958114,0.07217407,14.825701167233126,24.953546142578148,0.017209884,0.296875,1.6770859575744694,0,0,0
2018-01-14 16:00:00,1045.1774,27.408105468750023,0.017606663,0.17993164,21.88364935029619,27.408105468750023,0.017042087,0.07095337,13.723096171428422,24.408105468750023,0.017476963,0.3170166,2.191187491692297,0,0,0
2018-01-14 17:00:00,1030.5151,26.757348632812523,0.017812768,0.13012695,18.76625674643053,26.132348632812523,0.017171899,0.07003784,11.676260236076702,23.757348632812523,0.017484704,0.3104248,2.87566305724416,0,0,0
2018-01-14 18:00:00,1088.2359,25.931848144531276,0.01814102,0.08493042,14.911166089394476,24.744348144531276,0.017027128,0.07028198,9.690265659434472,23.088098144531276,0.017278899,0.29382324,3.3218923013834085,0,0,0
2018-01-14 19:00:00,1146.4321,25.596826171875023,0.018187054,0.057724,14.022542205708945,24.315576171875023,0.01697398,0.075683594,9.104288427963002,22.745263671875023,0.01710368,0.27954102,3.82901880409802,0,0,0
2018-01-14 20:00:00,1130.2024,25.4101501464844,0.018156854,0.04284668,13.981498302016387,24.0898376464844,0.016966669,0.08105469,8.136460451448068,22.5664001464844,0.017027704,0.2758789,4.193766907431892,0,0,0
2018-01-14 21:00:00,1116.3137000000002,25.343957519531276,0.018088493,0.03857422,14.928169228382645,23.961145019531276,0.016974602,0.0763855,7.427860055964055,22.468957519531276,0.01700512,0.26550293,4.3358616243889045,0,0,0
2018-01-14 22:00:00,1085.5208,25.260644531250023,0.018065661,0.045715332,15.57961664004859,23.870019531250023,0.016989917,0.07299805,6.835864321594922,22.377832031250023,0.016982287,0.25402832,4.205365364267992,0,0,0
2018-01-14 23:00:00,1041.8973,25.1496520996094,0.01805794,0.057739258,15.818492864103684,23.7355895996094,0.017020343,0.072753906,6.0058506002222485,22.2590270996094,0.01692879,0.25720215,4.034358911460042,0,0,0
2018-01-15 00:00:00,979.1402,25.027246093750023,0.017943172,0.06665039,15.896084947640338,23.417871093750023,0.016997127,0.08081055,4.697262301437883,22.191308593750023,0.016913204,0.2824707,4.311228582959996,0,0,0
2018-01-15 01:00:00,931.5089,24.931298828125023,0.017805625,0.06262207,15.88849681545386,23.142236328125023,0.016951133,0.10284424,4.162988974229267,22.290673828125023,0.017050315,0.37646484,4.431988625243288,0,0,0
2018-01-15 02:00:00,914.8368,24.807397460937523,0.017714106,0.056640625,15.29389813986284,22.932397460937523,0.01691302,0.11160278,4.277377662001698,22.385522460937523,0.017195307,0.41271973,3.46194913042006,0,0,0
2018-01-15 03:00:00,904.4839,24.689599609375023,0.01756936,0.04699707,15.259528903313962,22.798974609375023,0.016867455,0.10379028,4.481586319182004,22.353662109375023,0.01717263,0.33850098,2.747735898249379,0,0,0
2018-01-15 04:00:00,903.7365,24.574334716796898,0.017470391,0.0368042,14.613126565440338,22.660272216796898,0.016760858,0.09329224,4.318376865636221,22.324334716796898,0.017066034,0.28796387,2.518575598876569,0,0,0
2018-01-15 05:00:00,920.8957,24.494683837890648,0.017432243,0.036010742,14.128115474138296,22.580621337890648,0.016654044,0.08950806,4.137846940813909,22.283746337890648,0.016974479,0.26867676,2.384185042507695,0,0,0
2018-01-15 06:00:00,958.7401,24.510644531250023,0.01747794,0.047042847,14.13814527420176,22.659082031250023,0.016646337,0.09423828,3.96304588047588,22.346582031250023,0.017050695,0.2611084,2.5743897724213984,0,0,0
2018-01-15 07:00:00,1083.847,25.335351562500023,0.017859405,0.0687561,16.124377940399555,23.929101562500023,0.0174169,0.093811035,5.250248134743671,22.554101562500023,0.01729483,0.28356934,2.6483106518641004,0,0,0
2018-01-15 08:00:00,1253.2594,26.210626220703148,0.01782902,0.105895996,19.211144312505137,24.960626220703148,0.01794346,0.10583496,6.66010057424951,23.030938720703148,0.01769932,0.29882812,2.579577116796756,0,0,0
2018-01-15 09:00:00,1345.0247,26.869744873046898,0.01770704,0.12384033,20.69691643345732,26.088494873046898,0.018248728,0.1381836,8.133693427051378,23.494744873046898,0.017760446,0.32666016,1.506748079123063,0,0,0
2018-01-15 10:00:00,1397.1628,27.416406250000023,0.017600186,0.13049316,21.617335420301647,26.900781250000023,0.018088467,0.18743896,9.203218005087674,23.783593750000023,0.017493375,0.35009766,0.831296095251221,0,0,0
2018-01-15 11:00:00,1432.212,27.865777587890648,0.017592318,0.1166687,22.253440827479004,27.397027587890648,0.017729647,0.21832275,9.648406878588808,24.037652587890648,0.017104037,0.3112793,1.2043170196006523,0,0,0
2018-01-15 12:00:00,1445.2141,28.1152282714844,0.017538827,0.10195923,22.78119140617465,27.6933532714844,0.017447274,0.22174072,9.56104226164848,24.4277282714844,0.016585153,0.27111816,0.9927058366315148,0,0,0
2018-01-15 13:00:00,1436.9278,28.1765075683594,0.017492937,0.088897705,22.96301295538671,27.7546325683594,0.01731746,0.19677734,9.155521815380816,24.5983825683594,0.016180681,0.24035645,0.5838322071865342,0,0,0
2018-01-15 14:00:00,1433.9448,28.112603759765648,0.017431827,0.081451416,22.849392445039364,27.643853759765648,0.017355533,0.16796875,8.54261247810351,24.456353759765648,0.016081424,0.21875,0.2708722143813344,0,0,0
2018-01-15 15:00:00,1423.5223999999998,27.905389404296898,0.017363152,0.07827759,22.51912346497659,27.280389404296898,0.017492851,0.15020752,7.422067236408437,24.046014404296898,0.016287407,0.19586182,0.2927785847512336,0,0,0
2018-01-15 16:00:00,1362.3088,27.560083007812523,0.01730972,0.06704712,21.719769113904693,26.731958007812523,0.01755386,0.14605713,6.606089505038816,23.575708007812523,0.016615445,0.1864624,0.1883301557640131,0,0,0
2018-01-15 17:00:00,1245.2676,26.945611572265648,0.017546117,0.0619812,18.96204415806333,25.726861572265648,0.017912328,0.1328125,4.946990329267998,23.148736572265648,0.01676029,0.18499756,0.1468205302771765,0,0,0
2018-01-15 18:00:00,1270.7781,26.106164550781276,0.017835941,0.048095703,15.818473330594903,24.512414550781276,0.017515507,0.12854004,4.2717625054126,22.778039550781276,0.01683649,0.19598389,0.4435937559390496,0,0,0
2018-01-15 19:00:00,1300.5693,25.765405273437523,0.017759778,0.03314209,15.145843751563572,24.077905273437523,0.017271496,0.11608887,4.600044347715144,22.702905273437523,0.01684425,0.22650146,0.8270731096973051,0,0,0
2018-01-15 20:00:00,1262.6944,25.5820251464844,0.017584227,0.021598816,14.75445615535963,23.7226501464844,0.017111205,0.10461426,4.555455117294385,22.6679626464844,0.016821288,0.23846436,0.8516409951525826,0,0,0
2018-01-15 21:00:00,1214.8718,25.410272216796898,0.01749246,0.015556335,14.352021827885286,23.425897216796898,0.016950773,0.09307861,4.224814671621941,22.511834716796898,0.016706632,0.21929932,0.9349205408399984,0,0,0
2018-01-15 22:00:00,1164.7281,25.256188964843773,0.01746179,0.011463165,13.538980435817724,23.185876464843773,0.01683618,0.09573364,4.217486749344448,22.357751464843773,0.01657678,0.21496582,0.9890085648569854,0,0,0
2018-01-15 23:00:00,1101.4415,25.1188903808594,0.017484622,0.011852264,12.417714036295369,23.0329528808594,0.016767459,0.10531616,4.195726113841976,22.3454528808594,0.016462283,0.19793701,1.018169409062617,0,0,0
2018-01-16 00:00:00,1046.3391,25.023004150390648,0.017477047,0.014656067,11.79335047980644,22.890191650390648,0.01667596,0.10595703,3.999188591198216,22.374566650390648,0.016378414,0.22229004,0.869074442883252,0,0,0
2018-01-16 01:00:00,1002.9205,24.946954345703148,0.017469522,0.01675415,11.554379551867475,22.689141845703148,0.016546365,0.11541748,4.098939842301976,22.275079345703148,0.016286965,0.2322998,0.9081201271771772,0,0,0
2018-01-16 02:00:00,962.6635,24.874169921875023,0.017469592,0.023345947,11.56588477167907,22.530419921875023,0.016454883,0.10409546,4.398320163496527,22.085107421875023,0.016134448,0.2557373,1.2405989382334175,0,0,0
2018-01-16 03:00:00,947.5916,24.812585449218773,0.017431466,0.039978027,11.196140237304055,22.382897949218773,0.016348092,0.08917236,4.621012076706533,21.742272949218773,0.015882699,0.24578857,1.7241481751006085,0,0,0
2018-01-16 04:00:00,945.4332,24.720513916015648,0.01733996,0.06994629,10.882697113586524,22.228326416015648,0.01620318,0.075286865,4.799159715535598,21.454888916015648,0.01569964,0.19818115,1.9911274358238888,0,0,0
2018-01-16 05:00:00,963.2904,24.705834960937523,0.017332405,0.0904541,11.14913222010909,22.010522460937523,0.01599726,0.067840576,4.893510536385965,21.502709960937523,0.015730232,0.16687012,2.29441653969242,0,0,0
2018-01-16 06:00:00,993.3382,24.736169433593773,0.017362861,0.099243164,11.531748393383406,21.876794433593773,0.015836982,0.06359863,4.932402924917937,21.493981933593773,0.015707282,0.15454102,2.469684180713978,0,0,0
2018-01-16 07:00:00,1088.7367,25.299951171875023,0.0177517,0.09765625,12.9979521855116,23.159326171875023,0.016698843,0.05960083,7.375106748681226,21.674951171875023,0.015897756,0.15240479,2.3693951395034683,0,0,0
2018-01-16 08:00:00,1233.6991,26.145471191406276,0.017896425,0.09429932,17.096177487028168,24.411096191406276,0.017507326,0.06048584,8.132350406766037,22.278283691406276,0.016286623,0.15460205,2.500997500736005,0,0,0
2018-01-16 09:00:00,1339.924,26.7744079589844,0.017850492,0.105163574,20.322372503172826,25.9306579589844,0.017789457,0.060791016,9.821034512073007,23.0478454589844,0.016645048,0.15240479,2.875182983546141,0,0,0
2018-01-16 10:00:00,1406.9476,27.298364257812523,0.017766465,0.13446045,21.14988663013997,27.267114257812523,0.017713059,0.06074524,10.035911466661853,24.282739257812523,0.016660202,0.14746094,2.8939103743272137,0,0,0
2018-01-16 11:00:00,1445.6635,27.701440429687523,0.017705375,0.17364502,19.874499459351565,28.342065429687523,0.017705375,0.081329346,9.41709982041764,25.654565429687523,0.016217643,0.15802002,2.3562532399608083,0,0,0
2018-01-16 12:00:00,1448.3051,27.947229003906276,0.017682495,0.19543457,18.57587918938674,28.759729003906276,0.017697753,0.15985107,8.958460273257304,26.337854003906276,0.016034545,0.1885376,1.3324447025970625,0,0,0
2018-01-16 13:00:00,1456.9379,28.101892089843773,0.017659675,0.21240234,17.67759660049477,28.664392089843773,0.017682564,0.23388672,8.14001726865694,26.476892089843773,0.01621009,0.2189331,0.9947145980753584,0,0,0
2018-01-16 14:00:00,1454.0893,28.112115478515648,0.017613856,0.20977783,16.70153520117752,28.487115478515648,0.017789332,0.23272705,6.749443336421345,26.330865478515648,0.016065089,0.2368164,1.402193490056607,0,0,0
2018-01-16 15:00:00,1399.3982,28.0031677246094,0.01759066,0.16870117,15.77130142598998,28.1906677246094,0.018315453,0.21661377,5.014767650877272,25.7375427246094,0.016614098,0.23095703,1.78140160969462,0,0,0
2018-01-16 16:00:00,1319.4035,27.755334472656276,0.017735468,0.12713623,14.63622540952008,27.786584472656276,0.018269526,0.23693848,4.266235562737953,25.020959472656276,0.016659724,0.2750244,2.163966428090856,0,0,0
2018-01-16 17:00:00,1233.2496,27.149316406250023,0.01834582,0.1020813,11.750431588545585,26.696191406250023,0.018322932,0.2232666,3.0624335238968623,24.102441406250023,0.017064082,0.29296875,2.1763071144492887,0,0,0
2018-01-16 18:00:00,1276.8157,26.422021484375023,0.018551884,0.085113525,10.642194654669266,25.515771484375023,0.017994938,0.19598389,1.871937337101683,23.281396484375023,0.017109929,0.29797363,1.9020105942030965,0,0,0
2018-01-16 19:00:00,1307.4168,26.049890136718773,0.018490909,0.07385254,10.9711875671926,25.018640136718773,0.017666934,0.16955566,2.174172563024586,22.737390136718773,0.016881106,0.25878906,1.9838345105462745,0,0,0
2018-01-16 20:00:00,1264.1356,25.8120056152344,0.018422186,0.07055664,11.12691757991953,24.6245056152344,0.017537177,0.15386963,2.777129438799276,22.4291931152344,0.01672846,0.21484375,2.312664063278555,0,0,0
2018-01-16 21:00:00,1237.6853999999998,25.631799316406276,0.018353444,0.06781006,11.241140432367832,24.272424316406276,0.017445546,0.13757324,3.355198564409596,22.209924316406276,0.016560536,0.18023682,2.6383374913902395,0,0,0
2018-01-16 22:00:00,1177.7654,25.459008789062523,0.01828474,0.062332153,11.03943924765148,23.998071289062523,0.017361583,0.12957764,3.7587627797088703,22.044946289062523,0.01639265,0.15216064,2.8070300812775884,0,0,0
2018-01-16 23:00:00,1107.5851,25.318414306640648,0.01822369,0.06808472,10.666578321885789,23.740289306640648,0.017247127,0.1270752,3.936605101116627,21.896539306640648,0.016224789,0.13861084,2.9037064675242634,0,0,0
2018-01-17 00:00:00,1047.2516,25.183709716796898,0.018170174,0.066345215,10.30750613726596,23.527459716796898,0.017132577,0.122406006,4.002026044815165,21.722772216796898,0.016056832,0.13305664,3.063241098223969,0,0,0
2018-01-17 01:00:00,1007.6642,25.100122070312523,0.01812426,0.078552246,10.444758576433,23.342309570312523,0.017010368,0.1161499,3.947900127017252,21.521997070312523,0.015911736,0.13208008,3.2457624642336205,0,0,0
2018-01-17 02:00:00,983.9699,25.032006835937523,0.01810109,0.09069824,10.43331599452454,23.180444335937523,0.016880387,0.10720825,3.798423553026927,21.328881835937523,0.015766496,0.13171387,3.422505288799204,0,0,0
2018-01-17 03:00:00,947.5957,24.958551025390648,0.018055167,0.11520386,9.75665273378883,23.028863525390648,0.016704764,0.09164429,3.382537359805286,21.161676025390648,0.015594687,0.13861084,3.3677944321407454,0,0,0
2018-01-17 04:00:00,949.3509,24.870019531250023,0.017993962,0.1303711,9.145544199156792,22.870019531250023,0.016483342,0.08453369,3.095667643539271,21.057519531250023,0.015461003,0.16619873,2.998081270797196,0,0,0
2018-01-17 05:00:00,970.0618,24.806268310546898,0.017833605,0.13537598,9.272593730536087,22.712518310546898,0.01626958,0.087402344,3.150592911641435,21.071893310546898,0.015422717,0.18743896,2.516879219485493,0,0,0
2018-01-17 06:00:00,997.8394,24.831994628906276,0.01780294,0.1375122,9.689483128512556,22.667932128906276,0.016216027,0.09017944,3.0852567716727743,21.113244628906276,0.015464531,0.18762207,2.21253960784115,0,0,0
2018-01-17 07:00:00,1068.1533,25.416345214843773,0.018230045,0.128479,11.068576129428708,23.947595214843773,0.017215336,0.10079956,3.6736756799636514,21.681970214843773,0.015819157,0.19958496,2.0767483458011275,0,0,0
2018-01-17 08:00:00,1231.8743000000002,26.135430908203148,0.018374868,0.1076355,14.941332628495092,25.260430908203148,0.017566152,0.10827637,5.553757895413183,22.807305908203148,0.016116567,0.21594238,2.228421863184894,0,0,0
2018-01-17 09:00:00,1334.1391,26.540948486328148,0.01827556,0.084472656,18.46760255298927,26.337823486328148,0.017558398,0.11581421,6.812352167327874,24.087823486328148,0.016085925,0.20812988,2.309759939526393,0,0,0
2018-01-17 10:00:00,1339.1917,26.9711853027344,0.018222053,0.12487793,21.103347816460307,27.2993103027344,0.017665107,0.13000488,6.881764322544041,25.2680603027344,0.015940864,0.20996094,2.365080541243362,0,0,0
2018-01-17 11:00:00,1363.9531,27.467980957031276,0.018221967,0.21209717,22.64692167875001,28.202355957031276,0.017779462,0.19451904,6.906050251967664,26.108605957031276,0.015864484,0.22583008,2.234063165418852,0,0,0
2018-01-17 12:00:00,1360.9078000000002,27.796502685546898,0.018183783,0.24267578,23.3429504992984,28.687127685546898,0.01784046,0.26867676,7.05051998087605,26.546502685546898,0.016161993,0.25915527,1.7439469564632837,0,0,0
2018-01-17 13:00:00,1407.1654,27.953424072265648,0.017977772,0.26245117,22.611778498284224,28.797174072265648,0.017947255,0.3161621,7.068980845114707,26.578424072265648,0.016329823,0.29382324,1.571646335115663,0,0,0
2018-01-17 14:00:00,1417.1232,27.847253417968773,0.017901445,0.23773193,21.33432344682141,28.378503417968773,0.018168474,0.296875,6.571605482030263,26.331628417968773,0.016490007,0.32019043,1.9101351646710572,0,0,0
2018-01-17 15:00:00,1345.8618,27.520043945312523,0.017893786,0.21203613,20.20774032802874,27.848168945312523,0.018504137,0.26757812,6.189057116083598,25.832543945312523,0.016673082,0.34326172,2.35530698306164,0,0,0
2018-01-17 16:00:00,1306.3046000000002,27.086297607421898,0.017939538,0.18499756,18.240283576367148,27.320672607421898,0.018893212,0.24627686,5.444200436234193,25.055047607421898,0.016741723,0.3531494,2.523942393526656,0,0,0
2018-01-17 17:00:00,1220.802,26.500177001953148,0.018176032,0.14508057,13.709130890592249,26.593927001953148,0.019274665,0.24725342,3.928660011729502,24.218927001953148,0.017123176,0.33276367,2.076176092909712,0,0,0
2018-01-17 18:00:00,1263.6741,25.936181640625023,0.018320952,0.118621826,9.847519472194458,25.279931640625023,0.018778715,0.25793457,2.319356159451318,23.483056640625023,0.01734439,0.31726074,1.6233158128381702,0,0,0
2018-01-17 19:00:00,1299.1098,25.722192382812523,0.018282767,0.115997314,8.755232274379974,24.831567382812523,0.018328544,0.2341919,1.9927511589153168,23.050317382812523,0.0172528,0.29858398,1.4719166063393183,0,0,0
2018-01-17 20:00:00,1237.3003,25.568139648437523,0.01825218,0.12927246,8.15150745235061,24.568139648437523,0.018053817,0.20526123,1.7886894230211945,22.802514648437523,0.01700096,0.2947998,1.4869095688369536,0,0,0
2018-01-17 21:00:00,1208.7063,25.443902587890648,0.018175853,0.13775635,7.551817820404445,24.272027587890648,0.017855419,0.17779541,1.839575031847888,22.607965087890648,0.01682545,0.28405762,1.5885567324398178,0,0,0
2018-01-17 22:00:00,1144.5709,25.273553466796898,0.01806902,0.14074707,7.9685559058393585,23.992303466796898,0.01768755,0.15338135,2.1203481672599978,22.453240966796898,0.016710987,0.2709961,1.6759041438356674,0,0,0
2018-01-17 23:00:00,1081.2746,25.1149841308594,0.01803102,0.14929199,8.932446631745387,23.7477966308594,0.017542738,0.13061523,2.59408103944518,22.3024841308594,0.016627211,0.26831055,1.7912372980246436,0,0,0
2018-01-18 00:00:00,1039.0269,24.987634277343773,0.017985426,0.1496582,9.846336155817523,23.503259277343773,0.017375074,0.1182251,2.9593232856268257,22.190759277343773,0.016573988,0.27624512,1.927354736049408,0,0,0
2018-01-18 01:00:00,1006.6421,24.8740173339844,0.017947406,0.16210938,10.80468591123226,23.2802673339844,0.017199725,0.11886597,3.1525021969139435,22.1083923339844,0.016543597,0.27697754,2.0627837003313565,0,0,0
2018-01-18 02:00:00,973.3987,24.785333251953148,0.017916963,0.17059326,11.332614324612832,23.105645751953148,0.017039582,0.12774658,3.33354808560643,22.043145751953148,0.016528413,0.2902832,2.220099094344326,0,0,0
2018-01-18 03:00:00,946.5998,24.695977783203148,0.017932307,0.18249512,11.082346347851184,23.039727783203148,0.016948115,0.13793945,3.454959340056388,22.000665283203148,0.016520869,0.28967285,2.3789302881088084,0,0,0
2018-01-18 04:00:00,937.4138,24.671075439453148,0.017955199,0.19415283,10.63213700726757,22.999200439453148,0.016871825,0.14916992,3.564657497619181,21.967950439453148,0.016528502,0.28930664,2.5272457494116014,0,0,0
2018-01-18 05:00:00,973.0174,24.643609619140648,0.017993327,0.20770264,10.507514444541398,22.909234619140648,0.016764995,0.15759277,3.4149316193868207,21.948297119140648,0.016551372,0.30810547,2.5841502856494283,0,0,0
2018-01-18 06:00:00,986.9172,24.673730468750023,0.018039055,0.21435547,10.605066225959291,22.869042968750023,0.016688652,0.16796875,3.06918290885821,21.923730468750023,0.016566582,0.32751465,2.5232371342243214,0,0,0
2018-01-18 07:00:00,1097.0502,25.507684326171898,0.018435791,0.23138428,13.121725456474012,24.226434326171898,0.017611817,0.18157959,4.904045639986297,22.265496826171898,0.016894653,0.33276367,2.4651022672427594,0,0,0
2018-01-18 08:00:00,1239.7692000000002,26.341607666015648,0.01843583,0.26843262,16.819546581783854,25.497857666015648,0.01830613,0.21636963,6.4184130259819465,22.950982666015648,0.017337197,0.33740234,2.3844065672858403,0,0,0
2018-01-18 09:00:00,1325.4042,26.946618652343773,0.018222235,0.31384277,18.87876025606958,26.790368652343773,0.018435858,0.24157715,7.955316788211872,23.696618652343773,0.017627142,0.34375,2.2161690370904137,0,0,0
2018-01-18 10:00:00,1398.797,27.206689453125023,0.018100204,0.31201172,19.40744476621061,27.847314453125023,0.018184127,0.25915527,8.410423596177464,24.503564453125023,0.017436447,0.37609863,1.939874321415899,0,0,0
2018-01-18 11:00:00,1408.9667,27.325982666015648,0.01811545,0.28527832,19.544080004759035,28.622857666015648,0.018001009,0.28979492,8.51139601215956,25.372857666015648,0.016864229,0.3861084,1.77338007628113,0,0,0
2018-01-18 12:00:00,1403.8819,27.382684326171898,0.018084817,0.2562256,19.09661029076019,28.929559326171898,0.01791697,0.34301758,8.458466625447462,25.835809326171898,0.017016701,0.3939209,1.6839586291803923,0,0,0
2018-01-18 13:00:00,1384.7347,27.375207519531276,0.018008567,0.22491455,18.310960607825788,28.828332519531276,0.017993309,0.3400879,8.00483378764953,25.906457519531276,0.01708541,0.4165039,2.0170786419725726,0,0,0
2018-01-18 14:00:00,1354.1491,27.260064697265648,0.018008627,0.20153809,17.403153390256744,28.603814697265648,0.018168844,0.3375244,7.626909615953043,25.681939697265648,0.016948141,0.4338379,2.6125916642895395,0,0,0
2018-01-18 15:00:00,1339.4052,27.060571289062523,0.018107852,0.20172119,16.54379762902806,28.185571289062523,0.018321475,0.32250977,7.163407728584888,25.138696289062523,0.017238101,0.4543457,2.6666949844843613,0,0,0
2018-01-18 16:00:00,1289.0833,26.805749511718773,0.018291129,0.21032715,15.069928218516187,27.571374511718773,0.018642081,0.27978516,5.925897496490808,24.555749511718773,0.017619742,0.45581055,2.539310971353478,0,0,0
2018-01-18 17:00:00,1244.2399,26.309442138671898,0.018596234,0.21014404,11.967856214332764,26.668817138671898,0.018924298,0.265625,4.610096616994452,24.028192138671898,0.01789433,0.44482422,2.3011236017046683,0,0,0
2018-01-18 18:00:00,1271.8582,25.772821044921898,0.018718245,0.20452881,9.840536759321,25.413446044921898,0.018863203,0.25073242,3.3212479840244877,23.444696044921898,0.017795088,0.42089844,1.8256065510330548,0,0,0
2018-01-18 19:00:00,1275.6602,25.542382812500023,0.018710606,0.18719482,9.523896581460782,24.979882812500023,0.018573277,0.21643066,3.6348929510921857,23.081445312500023,0.01751279,0.38537598,1.4286725177931372,0,0,0
2018-01-18 20:00:00,1236.6488,25.411950683593773,0.018695265,0.16021729,9.552394994035282,24.677575683593773,0.018336684,0.17193604,4.190609884554849,22.919763183593773,0.017314345,0.3560791,1.149007573229779,0,0,0
2018-01-18 21:00:00,1199.8372,25.330163574218773,0.018679902,0.1281128,9.796225506001214,24.384851074218773,0.01808481,0.1272583,4.4654222681304,22.806726074218773,0.017115876,0.36706543,0.9575868125982676,0,0,0
2018-01-18 22:00:00,1133.0374,25.247399902343773,0.018672412,0.09863281,10.782686661241785,24.106774902343773,0.017863696,0.09133911,4.407924707195462,22.614587402343773,0.016917652,0.36547852,1.0742299282532746,0,0,0
2018-01-18 23:00:00,1052.2472,25.172052001953148,0.01865012,0.08905029,11.63577129828765,23.836114501953148,0.01765067,0.07077026,3.9906174745541017,22.398614501953148,0.0167504,0.3404541,1.4365667539661782,0,0,0
2018-01-19 00:00:00,1004.9725,25.1015563964844,0.018612424,0.10638428,11.91989544713808,23.5234313964844,0.01739935,0.05757141,3.6075376991633794,22.2265563964844,0.01664404,0.31481934,1.7015542715835232,0,0,0
2018-01-19 01:00:00,967.5356,25.057763671875023,0.018574491,0.13537598,11.991960235529776,23.143701171875023,0.017094389,0.052520752,3.456659507290358,22.120263671875023,0.016522184,0.2857666,1.8238147570883445,0,0,0
2018-01-19 02:00:00,945.7336,25.028649902343773,0.018551603,0.15124512,11.765493805294442,22.872399902343773,0.016880766,0.042892456,3.642188560456229,22.028649902343773,0.016415372,0.2659912,1.873132126253336,0,0,0
2018-01-19 03:00:00,915.6078,25.027734375000023,0.018528141,0.16101074,11.27146274203001,22.723046875000023,0.016765751,0.035491943,3.931114315729852,21.988671875000023,0.016307987,0.25549316,1.7233716701409825,0,0,0
2018-01-19 04:00:00,914.7427,25.066217041015648,0.018512374,0.15563965,11.238074611955854,22.628717041015648,0.01665843,0.03225708,4.042543222341388,21.956842041015648,0.016193038,0.24023438,1.429304247907757,0,0,0
2018-01-19 05:00:00,942.3787,25.089868164062523,0.018527457,0.14733887,11.112663180308507,22.574243164062523,0.016581962,0.030693054,4.099909907025707,21.949243164062523,0.016116569,0.22998047,1.1441869120092845,0,0,0
2018-01-19 06:00:00,978.4327,25.147241210937523,0.018565578,0.13989258,11.318189824280095,22.615991210937523,0.016566677,0.030570984,3.987012482978792,21.944116210937523,0.016078396,0.21325684,1.1267906338914873,0,0,0
2018-01-19 07:00:00,1064.6342,25.718072509765648,0.018893695,0.1296997,13.053684635234312,24.186822509765648,0.01768062,0.034866333,5.768913797386157,22.374322509765648,0.016475176,0.19970703,1.7880881088968672,0,0,0
2018-01-19 08:00:00,1200.0813,26.394342041015648,0.018977696,0.12805176,16.42061692374102,25.659967041015648,0.018580968,0.06665039,6.46989152207153,23.284967041015648,0.017131383,0.18859863,2.4171129941399987,0,0,0
2018-01-19 09:00:00,1263.8512,26.932214355468773,0.01887104,0.16967773,18.49343062599148,27.135339355468773,0.019084662,0.09567261,7.473816079375386,24.307214355468773,0.017680854,0.21917725,2.4498712019249336,0,0,0
2018-01-19 10:00:00,1357.6449,27.461816406250023,0.018619493,0.18658447,20.60668771572184,28.180566406250023,0.019214585,0.16571045,8.643513508703883,25.305566406250023,0.017711595,0.24511719,2.049931967001817,0,0,0
2018-01-19 11:00:00,1387.3865,27.790551757812523,0.018520385,0.18634033,21.94865363994897,28.931176757812523,0.019275695,0.18823242,9.744500777882685,26.087426757812523,0.017421752,0.27197266,1.4129207322063957,0,0,0
2018-01-19 12:00:00,1380.4689,27.9084411621094,0.018474575,0.17895508,22.471387691251017,29.3615661621094,0.019496914,0.1743164,10.279542016540631,26.3928161621094,0.017299648,0.30847168,1.2672452092700075,0,0,0
2018-01-19 13:00:00,1404.601,27.829766845703148,0.018421216,0.16796875,22.664920000582672,29.439141845703148,0.019641919,0.16394043,10.469838183882295,26.267266845703148,0.017414136,0.32043457,1.3704558311673762,0,0,0
2018-01-19 14:00:00,1415.5477999999998,27.615045166015648,0.018375553,0.13848877,22.796152894556403,29.115045166015648,0.019733585,0.13568115,10.160555551463704,25.896295166015648,0.01766602,0.3248291,1.3336046992759198,0,0,0
2018-01-19 15:00:00,1355.8013,27.3195739746094,0.018322296,0.108551025,23.03646002754299,28.7883239746094,0.01991684,0.10498047,9.938430615881437,25.3351989746094,0.018062897,0.29223633,1.1942286435558065,0,0,0
2018-01-19 16:00:00,1295.7871,26.883874511718773,0.01842155,0.08770752,21.75226256079289,28.165124511718773,0.020069499,0.07608032,8.66270509947689,24.836999511718773,0.018482585,0.24468994,1.2226985409768565,0,0,0
2018-01-19 17:00:00,1212.3293,26.361230468750023,0.018627714,0.076690674,18.4872068060787,27.126855468750023,0.020092558,0.05647278,6.724555773049149,24.439355468750023,0.018192839,0.21466064,1.5960886077125829,0,0,0
2018-01-19 18:00:00,1248.4377000000002,25.9050231933594,0.01875001,0.052886963,15.423233193184483,25.7956481933594,0.019459544,0.046447754,5.254414125081079,23.8112731933594,0.01800233,0.19744873,1.7021346462301667,0,0,0
2018-01-19 19:00:00,1275.8933,25.714013671875023,0.018780692,0.030136108,13.84661654242117,25.245263671875023,0.019070609,0.05657959,5.014097530899996,23.385888671875023,0.017689688,0.18695068,1.7421614640689598,0,0,0
2018-01-19 20:00:00,1241.1287,25.580499267578148,0.018765612,0.027832031,13.109037778970604,24.846124267578148,0.018719835,0.066986084,4.597937712500936,23.127374267578148,0.017361803,0.19500732,1.808951981661591,0,0,0
2018-01-19 21:00:00,1178.9999,25.487329101562523,0.018704804,0.03215027,12.712809655123158,24.534204101562523,0.018391998,0.060775757,4.359107775957942,22.901391601562523,0.017125519,0.19696045,1.8882848232173928,0,0,0
2018-01-19 22:00:00,1125.8288,25.391625976562523,0.018614084,0.032546997,12.368469401642043,24.258813476562523,0.018125802,0.050750732,4.166696072792556,22.727563476562523,0.016958505,0.18603516,1.7342363786716486,0,0,0
2018-01-19 23:00:00,1082.257,25.288415527343773,0.01852388,0.030166626,11.882459892142656,24.022790527343773,0.017905898,0.043014526,4.023062193319403,22.624353027343773,0.016822524,0.18530273,1.4663172569361966,0,0,0
2018-01-20 00:00:00,1008.5435,25.173181152343773,0.01847106,0.031280518,11.605474837489988,23.829431152343773,0.01772338,0.03894043,4.012450479932725,22.524743652343773,0.016731558,0.1751709,1.3576071984553748,0,0,0
2018-01-20 01:00:00,959.5816,25.079553222656276,0.01846386,0.030815125,11.55498230718614,23.673303222656276,0.01757885,0.037963867,3.986578851092014,22.454553222656276,0.016640434,0.1661377,1.362100680919455,0,0,0
2018-01-20 02:00:00,934.4745,24.992395019531276,0.01846377,0.028411865,11.329167429138437,23.547082519531276,0.01746432,0.041046143,3.9158219783402113,22.390832519531276,0.016556421,0.15551758,1.3909536269141567,0,0,0
2018-01-20 03:00:00,920.4205,24.915704345703148,0.018478714,0.028968811,10.868087718543634,23.415704345703148,0.017341934,0.04559326,3.8201698323389497,22.361016845703148,0.016479813,0.14508057,1.2296793645373951,0,0,0
2018-01-20 04:00:00,909.2146,24.853601074218773,0.018531874,0.029426575,10.73114802068245,23.314538574218773,0.017265394,0.048858643,3.949478653412188,22.345788574218773,0.016403273,0.14031982,1.086935447626445,0,0,0
2018-01-20 05:00:00,898.9685,24.792504882812523,0.018607523,0.03326416,10.831074070808665,23.206567382812523,0.017180827,0.05319214,3.954858392333645,22.347192382812523,0.016349223,0.13873291,0.9278746527376056,0,0,0
2018-01-20 06:00:00,906.1,24.818658447265648,0.01870657,0.035202026,11.08288834751732,23.138970947265648,0.017127285,0.055984497,3.8831446791462887,22.318658447265648,0.016341457,0.13232422,0.6713375390368379,0,0,0
2018-01-20 07:00:00,945.3073,25.574060058593773,0.019049987,0.035812378,13.096815336578937,24.503747558593773,0.017928466,0.061462402,6.144772964641355,22.738122558593773,0.016639099,0.13739014,0.5342244588720388,0,0,0
2018-01-20 08:00:00,1080.2602,26.463342285156276,0.019103263,0.04550171,17.724436169091728,25.885217285156276,0.018492911,0.07324219,7.836122689307504,23.760217285156276,0.017089102,0.14001465,0.8746414195737455,0,0,0
2018-01-20 09:00:00,1186.0089,27.107812500000023,0.018904947,0.053833008,20.71108128368611,27.264062500000023,0.018691324,0.07922363,9.893190816570812,25.060937500000023,0.017005228,0.15515137,1.219579770713236,0,0,0
2018-01-20 10:00:00,1276.9697,27.677789306640648,0.018767746,0.06387329,21.860142680520077,28.365289306640648,0.018790634,0.09075928,10.53907504545445,26.396539306640648,0.01694432,0.16772461,0.9370142841950048,0,0,0
2018-01-20 11:00:00,1308.3338,28.066735839843773,0.018676536,0.07183838,21.72976045942577,29.222985839843773,0.018935936,0.11352539,10.574119888367742,27.176110839843773,0.017188804,0.19506836,0.4829468632739853,0,0,0
2018-01-20 12:00:00,1281.9733,28.237145996093773,0.018676652,0.07977295,21.171277061436548,29.768395996093773,0.01908101,0.13806152,10.190668999121607,27.549645996093773,0.017326249,0.22680664,1.0148754863754292,0,0,0
2018-01-20 13:00:00,1243.3118,28.335412597656276,0.018714687,0.074279785,20.672074696101767,29.976037597656276,0.019202968,0.15649414,9.860567316908256,27.538537597656276,0.017486354,0.24468994,1.6720898627426126,0,0,0
2018-01-20 14:00:00,1236.663,28.300988769531276,0.01873756,0.066345215,20.30834794553352,29.925988769531276,0.019210583,0.15209961,9.581196609019845,27.113488769531276,0.017654186,0.26379395,1.94082680357832,0,0,0
2018-01-20 15:00:00,1241.6633,28.063989257812523,0.01878352,0.062469482,20.02134640399125,29.673364257812523,0.019226026,0.140625,9.00580440268681,26.642114257812523,0.017715406,0.25915527,1.8593141754203368,0,0,0
2018-01-20 16:00:00,1199.091,27.669091796875023,0.01891324,0.05847168,19.2640948725167,29.122216796875023,0.019470185,0.12185669,7.615554632676549,26.044091796875023,0.017784089,0.2453003,1.5814220018283611,0,0,0
2018-01-20 17:00:00,1174.9573,27.047998046875023,0.019111823,0.055877686,17.251329135275164,28.047998046875023,0.019867133,0.10232544,5.347739439067156,25.219873046875023,0.01814289,0.23370361,1.5963275553324658,0,0,0
2018-01-20 18:00:00,1208.5787,26.407617187500023,0.019142352,0.05706787,15.50700463300338,26.360742187500023,0.01966878,0.1038208,3.28441091820906,24.266992187500023,0.018203937,0.22454834,1.807433894677858,0,0,0
2018-01-20 19:00:00,1259.5795,26.162866210937523,0.019035336,0.05189514,14.785615374311288,25.787866210937523,0.019157406,0.10147095,3.522716115111639,23.600366210937523,0.01773071,0.19769287,1.7522042064574457,0,0,0
2018-01-20 20:00:00,1222.977,26.044488525390648,0.018943707,0.029930115,13.822914885132978,25.356988525390648,0.018707195,0.08496094,4.011994952209127,23.200738525390648,0.01752464,0.175354,1.6862244171848757,0,0,0
2018-01-20 21:00:00,1169.7295,25.880181884765648,0.018890148,0.011581421,12.57894457005762,24.911431884765648,0.018440014,0.06111145,4.005746152143519,22.997369384765648,0.017341381,0.15942383,1.7762637146293463,0,0,0
2018-01-20 22:00:00,1128.0596,25.628625488281276,0.018730652,0.012199402,12.206579585394122,24.488000488281276,0.018196594,0.05101013,3.873943782955839,22.792687988281276,0.017143738,0.1564331,1.9209991543483511,0,0,0
2018-01-20 23:00:00,1089.0263,25.454705810546898,0.018601483,0.018714905,12.810751780263994,24.118768310546898,0.017952984,0.04916382,3.8300033831270186,22.595330810546898,0.016945904,0.14587402,2.180397597286095,0,0,0
2018-01-21 00:00:00,1036.1825,25.376275634765648,0.01854095,0.021347046,13.849095542929067,23.837213134765648,0.017739864,0.047821045,4.056112445209375,22.399713134765648,0.016763302,0.14251709,2.515694926930814,0,0,0
2018-01-21 01:00:00,995.5041,25.315087890625023,0.018503904,0.023475647,14.741467123943554,23.596337890625023,0.017565489,0.04345703,4.377358144382092,22.205712890625023,0.016588926,0.1428833,2.7479121622931237,0,0,0
2018-01-21 02:00:00,961.1934,25.262780761718773,0.018459843,0.024475098,15.440803501785837,23.426843261718773,0.017437505,0.04069519,4.463897268343735,22.020593261718773,0.016422795,0.15032959,2.8169152355177105,0,0,0
2018-01-21 03:00:00,938.2176,25.213952636718773,0.018443841,0.025985718,15.492844427495871,23.206140136718773,0.017299432,0.04055786,4.4949912233871645,21.854577636718773,0.016277093,0.15618896,2.877979287301632,0,0,0
2018-01-21 04:00:00,914.6669,25.163201904296898,0.018466335,0.027679443,14.284921873077286,23.046014404296898,0.017199855,0.037002563,4.5112363150144095,21.749139404296898,0.016169887,0.16046143,2.7303901313956587,0,0,0
2018-01-21 05:00:00,909.3959,25.090783691406276,0.018542534,0.027954102,13.230832244231651,22.950158691406276,0.017146355,0.033477783,4.753407775773932,21.707971191406276,0.016124016,0.16186523,2.579159038904237,0,0,0
2018-01-21 06:00:00,876.9929,25.081750488281276,0.018687526,0.032287598,13.119088756736456,22.980187988281276,0.017146388,0.030700684,5.051819024267297,21.722375488281276,0.01611642,0.15844727,2.47655530958606,0,0,0
2018-01-21 07:00:00,880.6226,25.9067321777344,0.019092059,0.038879395,16.362690163739313,24.5473571777344,0.01781032,0.031539917,7.729054988523823,22.1957946777344,0.016475176,0.14801025,2.410089308243391,0,0,0
2018-01-21 08:00:00,947.8427,26.819177246093773,0.019031242,0.048858643,20.5125255744956,25.983239746093773,0.018260673,0.042922974,9.569861237766588,23.022302246093773,0.016948417,0.13665771,2.6127736454796118,0,0,0
2018-01-21 09:00:00,1003.1787000000002,27.606530761718773,0.018840604,0.059402466,22.62049510302669,27.278405761718773,0.018405728,0.042373657,11.007204041081549,24.075280761718773,0.017230801,0.118652344,2.669413651579754,0,0,0
2018-01-21 10:00:00,1070.6447,28.230249023437523,0.018840628,0.07595825,23.39215825072482,28.386499023437523,0.018527823,0.042556763,11.174920490161252,25.628686523437523,0.017108755,0.11373901,2.416746081220315,0,0,0
2018-01-21 11:00:00,1140.7955,28.697869873046898,0.018863607,0.08810425,23.367009308498115,29.244744873046898,0.018604208,0.046936035,11.024039214951705,26.799432373046898,0.01719277,0.11206055,1.4216946363809564,0,0,0
2018-01-21 12:00:00,1139.3253,28.945336914062523,0.018840741,0.10321045,23.017764228803227,29.820336914062523,0.018688153,0.054122925,10.431057252925918,27.335961914062523,0.017536115,0.13043213,0.7132076125140109,0,0,0
2018-01-21 13:00:00,1143.627,29.066033935546898,0.018779214,0.112457275,22.932403280931062,30.034783935546898,0.018802103,0.0753479,9.55303932278803,27.581658935546898,0.017489847,0.15484619,0.3919090114326183,0,0,0
2018-01-21 14:00:00,1136.0157000000002,28.956964111328148,0.018672345,0.12133789,22.7293190657008,29.988214111328148,0.01885545,0.102630615,8.977698274875207,27.503839111328148,0.017337201,0.17218018,0.2464871409422724,0,0,0
2018-01-21 15:00:00,1113.9819,28.736901855468773,0.018512273,0.12225342,21.913632599392823,29.674401855468773,0.018893743,0.13513184,8.35257159625153,27.111901855468773,0.017245794,0.171875,0.8964003310358056,0,0,0
2018-01-21 16:00:00,1084.2378,28.305139160156276,0.018367233,0.109954834,20.67478415435338,29.023889160156276,0.019114913,0.14385986,7.089505810967207,26.383264160156276,0.017505111,0.16552734,1.2678002546968217,0,0,0
2018-01-21 17:00:00,1071.079,27.578820800781276,0.018504107,0.07107544,18.012612692316956,27.860070800781276,0.019396747,0.15423584,5.433153327737276,25.352258300781276,0.017863238,0.17449951,1.3733082420794562,0,0,0
2018-01-21 18:00:00,1132.5244,26.648980712890648,0.01881646,0.04522705,14.119195136237972,26.109918212890648,0.019220818,0.16345215,3.531159623601504,24.289605712890648,0.017992485,0.18640137,1.2440102213933335,0,0,0
2018-01-21 19:00:00,1175.9529,26.173242187500023,0.01880072,0.032806396,13.208161483914264,25.446679687500023,0.018602356,0.1463623,3.809504345770341,23.641992187500023,0.017534241,0.19445801,1.063114405987952,0,0,0
2018-01-21 20:00:00,1169.0557,25.906945800781276,0.01866289,0.036987305,10.57445066932594,25.008508300781276,0.01829668,0.12567139,4.038936380745247,23.266320800781276,0.017060718,0.18829346,0.6310458891953904,0,0,0
2018-01-21 21:00:00,1161.3327,25.7807556152344,0.018509878,0.049575806,8.407949228527263,24.6401306152344,0.018036855,0.09979248,4.717589698266239,22.9995056152344,0.016800893,0.18109131,0.252920008146443,0,0,0
2018-01-21 22:00:00,1122.0932,25.652459716796898,0.018387593,0.050354004,9.209062756493047,24.339959716796898,0.017823018,0.066223145,5.283847537524592,22.800897216796898,0.016632833,0.1685791,0.9997338381846722,0,0,0
2018-01-21 23:00:00,1071.7093,25.469628906250023,0.018304542,0.0499115,11.044741460728096,23.954003906250023,0.017617896,0.046783447,4.8463078711210095,22.547753906250023,0.01644297,0.14978027,1.9516276059312572,0,0,0
2018-01-22 00:00:00,1021.531,25.3227478027344,0.018238205,0.05619812,13.198532317669878,23.6118103027344,0.017360825,0.036239624,4.573262475681696,22.2993103027344,0.016224045,0.1326294,2.5434700298654573,0,0,0
2018-01-22 01:00:00,977.7426,25.231103515625023,0.018262507,0.05117798,15.67165783747846,23.324853515625023,0.017179133,0.03048706,4.801137676121869,22.074853515625023,0.016027095,0.114746094,2.953018404535438,0,0,0
2018-01-22 02:00:00,952.9828,25.114831542968773,0.018378405,0.027374268,15.337286271002814,23.114831542968773,0.01704326,0.036727905,5.231854213153347,21.896081542968773,0.015868334,0.10519409,3.2846738554117945,0,0,0
2018-01-22 03:00:00,914.83,24.973107910156276,0.018417638,0.02695465,12.98106530048475,22.980920410156276,0.016937535,0.044296265,5.627900741320016,21.769982910156276,0.01575498,0.10861206,3.5529380487462427,0,0,0
2018-01-22 04:00:00,919.297,24.973107910156276,0.018425532,0.05354309,10.70220808971707,22.871545410156276,0.016846247,0.04789734,5.719779800498139,21.699670410156276,0.01567895,0.109191895,3.609261663069393,0,0,0
2018-01-22 05:00:00,940.8994,25.0039001464844,0.01842411,0.068603516,9.592285048378246,22.7617126464844,0.016760902,0.05039978,5.657155982534863,21.6679626464844,0.015620307,0.11465454,3.576914450751001,0,0,0
2018-01-22 06:00:00,979.9024,25.035455322265648,0.01847747,0.07110596,9.066408021360502,22.754205322265648,0.016730338,0.05882263,5.625408676560336,21.644830322265648,0.015601188,0.122161865,3.622818725970185,0,0,0
2018-01-22 07:00:00,1087.1994,25.825830078125023,0.01888329,0.06503296,11.09361359676266,24.060205078125023,0.017220082,0.073638916,8.263787847618918,22.044580078125023,0.015831532,0.12158203,3.913645282369076,0,0,0
2018-01-22 08:00:00,1274.7869,26.601770019531276,0.01892352,0.08895874,14.233538272522791,25.515832519531276,0.017733334,0.07974243,9.689686579876328,22.929895019531276,0.016093014,0.11090088,4.289409005598508,0,0,0
2018-01-22 09:00:00,1350.5684,27.178735351562523,0.018818641,0.09838867,15.715226767563903,27.030297851562523,0.018025184,0.07537842,11.144273397549352,24.084985351562523,0.016247535,0.10134888,4.41412339646185,0,0,0
2018-01-22 10:00:00,1447.6744,27.657189941406276,0.018772498,0.10357666,15.710775480113114,28.188439941406276,0.018299475,0.07687378,10.647001677202624,25.243127441406276,0.016285315,0.09371948,4.043844313310262,0,0,0
2018-01-22 11:00:00,1462.6831000000002,28.108911132812523,0.018824747,0.12155151,15.305029457559934,29.062036132812523,0.018489053,0.08795166,9.823927656286322,26.085473632812523,0.016368082,0.084869385,3.447233562893127,0,0,0
2018-01-22 12:00:00,1484.2807,28.343896484375023,0.018838877,0.1199646,15.522267507494476,29.515771484375023,0.0186634,0.10800171,8.802539511030991,26.500146484375023,0.016511912,0.08731079,2.651941991387367,0,0,0
2018-01-22 13:00:00,1442.4378,28.437036132812523,0.018854404,0.10876465,16.48419467281403,29.499536132812523,0.018862033,0.15319824,7.551833368483563,26.507348632812523,0.016664768,0.10614014,2.156511426917054,0,0,0
2018-01-22 14:00:00,1444.247,28.420098876953148,0.018785397,0.09283447,17.092925365021042,29.138848876953148,0.019052425,0.1661377,6.659576994375735,26.154473876953148,0.016710201,0.11117554,2.0241411295076013,0,0,0
2018-01-22 15:00:00,1402.1523,28.368035888671898,0.018762415,0.07833862,16.941365350063037,28.805535888671898,0.019273585,0.11264038,6.06915663389108,25.625848388671898,0.016771143,0.09753418,2.167677899620113,0,0,0
2018-01-22 16:00:00,1322.3726,28.178765869140648,0.018731544,0.0869751,15.973108227968732,28.491265869140648,0.019463966,0.048980713,5.623057831213275,25.045953369140648,0.016938636,0.0925293,2.3604581456076548,0,0,0
2018-01-22 17:00:00,1225.1113,27.621026611328148,0.018990574,0.08572388,13.428355729941892,27.714776611328148,0.019692479,0.022964478,4.586546476049854,24.331964111328148,0.017136632,0.080963135,2.294057698620884,0,0,0
2018-01-22 18:00:00,1231.5553,26.774285888671898,0.019402402,0.060531616,9.996461001734769,26.118035888671898,0.019486325,0.038146973,3.05207076520361,23.516473388671898,0.017128842,0.07498169,2.137141920513716,0,0,0
2018-01-22 19:00:00,1271.3108,26.388269042968773,0.019502368,0.052520752,8.734323918119857,25.607019042968773,0.019029345,0.05166626,3.55591435516171,23.099206542968773,0.016977038,0.075531006,1.8860314447728583,0,0,0
2018-01-22 20:00:00,1240.6703,26.136376953125023,0.019517573,0.050445557,7.998472215681829,25.183251953125023,0.018777521,0.054611206,3.598871578747959,22.823876953125023,0.016870173,0.07778931,1.4444590920333256,0,0,0
2018-01-22 21:00:00,1221.5837,25.911767578125023,0.019502893,0.055526733,7.223946422593672,24.794580078125023,0.018511072,0.05328369,3.396737060272913,22.646142578125023,0.016802087,0.08932495,1.17774019609977,0,0,0
2018-01-22 22:00:00,1149.7514,25.713067626953148,0.019498313,0.05947876,7.932724446350297,24.447442626953148,0.018247092,0.04849243,3.0585835213325736,22.525567626953148,0.016744101,0.1020813,1.350228147301981,0,0,0
2018-01-22 23:00:00,1078.3156,25.566613769531276,0.019479463,0.066467285,9.34998562245615,24.199426269531276,0.018060395,0.06147766,2.772224548732144,22.410363769531276,0.016709993,0.10714722,1.694603958785999,0,0,0
2018-01-23 00:00:00,1030.5666,25.468103027343773,0.019433435,0.08154297,10.582636247240394,24.014978027343773,0.017930444,0.07397461,2.7655396529137635,22.280603027343773,0.016686853,0.1104126,2.0504591788112374,0,0,0
2018-01-23 01:00:00,984.7393,25.374932861328148,0.0193794,0.09182739,11.1865828529222,23.867120361328148,0.017845891,0.08175659,3.1604242999077496,22.148370361328148,0.016648076,0.11752319,2.3315120007760144,0,0,0
2018-01-23 02:00:00,961.1909,25.276422119140648,0.019310284,0.098968506,11.108118871825484,23.745172119140648,0.017784405,0.07574463,3.703426439595317,22.042047119140648,0.01660185,0.12768555,2.4474992942224563,0,0,0
2018-01-23 03:00:00,939.838,25.209252929687523,0.019164283,0.1038208,11.34899837426727,23.615502929687523,0.017707068,0.061691284,4.140785261399602,21.974877929687523,0.0165474,0.13665771,2.386355826947204,0,0,0
2018-01-23 04:00:00,934.8651,25.180139160156276,0.01901857,0.109191895,11.044197029431446,23.469201660156276,0.017584244,0.05580139,4.121870726611371,21.961389160156276,0.016477982,0.13446045,2.040180052637181,0,0,0
2018-01-23 05:00:00,953.3245,25.129296875000023,0.018949017,0.099090576,10.733996500730075,23.371484375000023,0.017453656,0.057739258,3.927679316107753,21.973046875000023,0.0164008,0.12634277,1.554771306831778,0,0,0
2018-01-23 06:00:00,982.8198,25.122125244140648,0.018955152,0.07040405,11.157666069365876,23.372125244140648,0.017406385,0.055236816,3.951343158322468,22.004937744140648,0.016323011,0.11453247,1.2416645979170666,0,0,0
2018-01-23 07:00:00,1091.2143999999998,25.714776611328148,0.019236695,0.04397583,12.998871187939534,24.527276611328148,0.018130433,0.04840088,6.060126598659855,22.394464111328148,0.01665033,0.106414795,1.106785967674749,0,0,0
2018-01-23 08:00:00,1257.9487,26.504815673828148,0.019380946,0.0283432,16.650604237082838,25.497003173828148,0.018671412,0.04750061,7.070125537065327,23.239190673828148,0.017168421,0.11022949,1.5650618836778831,0,0,0
2018-01-23 09:00:00,1342.1182,27.200616455078148,0.019258454,0.044799805,18.76502708378216,26.638116455078148,0.018892244,0.050827026,8.508915056398891,24.216241455078148,0.01754947,0.102996826,1.9070752793182917,0,0,0
2018-01-23 10:00:00,1415.8709,27.838159179687523,0.019052345,0.07611084,19.019990680102644,27.635034179687523,0.018800575,0.04736328,9.223240009916124,25.580346679687523,0.01748069,0.106903076,1.9613967138961288,0,0,0
2018-01-23 11:00:00,1441.9641,28.324304199218773,0.01894548,0.10687256,18.05246428260709,28.511804199218773,0.018716598,0.055389404,9.48343997978042,26.746179199218773,0.017480636,0.10583496,1.6553520834815052,0,0,0
2018-01-23 12:00:00,1461.2289,28.583154296875023,0.018876776,0.114227295,16.32656401405032,29.192529296875023,0.018762335,0.08407593,9.706772412293518,27.317529296875023,0.017625555,0.118499756,1.5419875389256148,0,0,0
2018-01-23 13:00:00,1483.8018,28.693231201171898,0.018785587,0.10720825,14.807144749901354,29.599481201171898,0.01886188,0.11343384,9.454332393999872,27.544793701171898,0.017519107,0.14605713,1.6908523068304322,0,0,0
2018-01-23 14:00:00,1499.0688,28.696557617187523,0.018717334,0.080566406,14.363155961557522,29.665307617187523,0.018953845,0.13671875,8.552302482172975,27.415307617187523,0.017420337,0.16375732,2.0464017970431434,0,0,0
2018-01-23 15:00:00,1472.9411,28.5830017089844,0.018679703,0.06399536,15.137583987367648,29.4580017089844,0.019129837,0.13049316,7.448600990993038,26.8720642089844,0.017680252,0.16772461,2.5518123861755377,0,0,0
2018-01-23 16:00:00,1385.4832,28.293481445312523,0.01881684,0.0546875,16.356105175550564,29.059106445312523,0.019457709,0.10256958,6.450713007352184,25.957543945312523,0.018237006,0.16516113,2.732218583283706,0,0,0
2018-01-23 17:00:00,1271.119,27.650720214843773,0.019144546,0.048339844,15.982748124457924,28.072595214843773,0.019693863,0.08505249,5.167097841955134,25.072595214843773,0.01847316,0.16705322,2.8962398832800567,0,0,0
2018-01-23 18:00:00,1288.311,26.742883300781276,0.019396177,0.04093933,13.959329500245904,26.321008300781276,0.019548764,0.07421875,3.0216790483883487,24.281945800781276,0.018450132,0.16497803,2.8463963412935183,0,0,0
2018-01-23 19:00:00,1329.3766,26.284814453125023,0.019432768,0.028701782,13.124751026516908,25.769189453125023,0.019127592,0.057876587,3.1938906524801376,23.792626953125023,0.0182731,0.16070557,2.60637140334338,0,0,0
2018-01-23 20:00:00,1287.6812,26.055352783203148,0.019363226,0.022277832,12.747338715105478,25.328790283203148,0.018722357,0.042663574,3.8203754742820566,23.391290283203148,0.017989935,0.14587402,2.65664341963868,0,0,0
2018-01-23 21:00:00,1259.7997,25.946893310546898,0.019356314,0.022605896,12.61270977409133,24.892205810546898,0.018509451,0.03253174,4.229718955422927,23.048455810546898,0.017693106,0.1211853,2.8273203730506142,0,0,0
2018-01-23 22:00:00,1196.972,25.903833007812523,0.019391522,0.022583008,12.766139633282828,24.497583007812523,0.018308148,0.02734375,3.8913828063516,22.880395507812523,0.017476544,0.09390259,2.9033254860101483,0,0,0
2018-01-23 23:00:00,1125.238,25.826623535156276,0.019424833,0.020339966,12.506389620572069,24.146936035156276,0.01807443,0.025123596,3.127404959901801,22.756311035156276,0.017258085,0.081726074,2.6740995281901663,0,0,0
2018-01-24 00:00:00,1065.6282,25.747033691406276,0.019447312,0.021873474,12.128949048837532,23.903283691406276,0.017852768,0.024887085,2.693144152633613,22.598596191406276,0.01706694,0.09033203,2.338082671344424,0,0,0
2018-01-24 01:00:00,1025.1666,25.671228027343773,0.01943169,0.028663635,12.24525142886631,23.733728027343773,0.017722705,0.025367737,2.6433036427395806,22.475915527343773,0.016921619,0.101989746,2.0935327331775504,0,0,0
2018-01-24 02:00:00,991.7786,25.632714843750023,0.019370323,0.037719727,12.77925286916426,23.538964843750023,0.017615562,0.025062561,2.886767277083873,22.374902343750023,0.016783958,0.106536865,2.105309895200564,0,0,0
2018-01-24 03:00:00,973.8241,25.623620605468773,0.019262921,0.044677734,13.419299504151809,23.334558105468773,0.01750816,0.02571106,3.2602418121803725,22.295495605468773,0.016668927,0.09939575,2.256380875191656,0,0,0
2018-01-24 04:00:00,958.5265,25.608789062500023,0.019117262,0.04371643,14.163484091713132,23.241601562500023,0.017446425,0.02783966,3.674020512120234,22.265039062500023,0.016576674,0.09442139,2.4764469165484817,0,0,0
2018-01-24 05:00:00,968.9869,25.582238769531276,0.018971493,0.036697388,15.08309983102596,23.168176269531276,0.01737695,0.03251648,3.9290469523882057,22.277551269531276,0.016522458,0.10494995,2.466714236943449,0,0,0
2018-01-24 06:00:00,1002.2318,25.588708496093773,0.0188638,0.02910614,16.284970793424094,23.182458496093773,0.017337922,0.038894653,4.081752663190997,22.346520996093773,0.016506318,0.121520996,2.2832867954087352,0,0,0
2018-01-24 07:00:00,1106.4435,26.064385986328148,0.018931754,0.023910522,19.38265676894815,24.783135986328148,0.01809252,0.042770386,6.224262653481841,22.790948486328148,0.016810782,0.13726807,2.0499348874334964,0,0,0
2018-01-24 08:00:00,1313.0828,26.629693603515648,0.018725436,0.023406982,22.788895201541383,26.278131103515648,0.018664401,0.045684814,7.873076372898102,23.668756103515648,0.01715378,0.14520264,1.9545160781011677,0,0,0
2018-01-24 09:00:00,1379.9152,27.103540039062523,0.01842782,0.020713806,24.71876113601993,27.603540039062523,0.018900843,0.050979614,10.049219585122993,24.892602539062523,0.017321559,0.1408081,2.177873469405333,0,0,0
2018-01-24 10:00:00,1441.4842,27.649468994140648,0.01821404,0.016944885,25.47097364957269,28.415093994140648,0.018885426,0.054214478,10.57819607100848,26.219781494140648,0.017245106,0.1449585,1.8490282548031944,0,0,0
2018-01-24 11:00:00,1491.304,28.137597656250023,0.018099286,0.011955261,25.50784873896737,28.965722656250023,0.018824078,0.062164307,10.311332919577817,26.989160156250023,0.017443158,0.15533447,0.7764706766501736,0,0,0
2018-01-24 12:00:00,1458.7709,28.462792968750023,0.01803073,0.011566162,24.97112677155781,29.306542968750023,0.01877841,0.07696533,9.474069296991102,27.345605468750023,0.017534819,0.171875,0.177623683289675,0,0,0
2018-01-24 13:00:00,1490.0019,28.595819091796898,0.017962465,0.010677338,23.81237116260668,29.447381591796898,0.018801698,0.10272217,8.577246048719452,27.369256591796898,0.017466554,0.17694092,0.5480304454535011,0,0,0
2018-01-24 14:00:00,1513.1066,28.541528320312523,0.017894454,0.011077881,22.40842607601216,29.307153320312523,0.018871017,0.11627197,8.019263925235775,27.010278320312523,0.017505355,0.19476318,0.916515129236068,0,0,0
2018-01-24 15:00:00,1504.5626,28.312524414062523,0.017833918,0.009967804,21.415228771027166,28.921899414062523,0.01906225,0.09780884,7.258813449588221,26.390649414062523,0.017704219,0.20776367,0.9827646271124858,0,0,0
2018-01-24 16:00:00,1426.1658,27.850671386718773,0.017864015,0.0077724457,20.93947568220616,28.288171386718773,0.019244935,0.08996582,6.583016261259599,25.592858886718773,0.01791742,0.20367432,0.813447083377551,0,0,0
2018-01-24 17:00:00,1311.9616,27.100213623046898,0.018038915,0.011554718,19.46527305648637,27.264276123046898,0.019396948,0.092803955,5.479675345166695,24.756463623046898,0.018168615,0.21826172,0.8078065307514698,0,0,0
2018-01-24 18:00:00,1276.0583,26.296472167968773,0.018183118,0.012489319,17.467696887979034,25.843347167968773,0.018846875,0.07797241,4.674748586330387,23.921472167968773,0.017801648,0.20385742,0.800332340112229,0,0,0
2018-01-24 19:00:00,1324.3401,25.949761962890648,0.018251637,0.0099487305,16.79511756794497,25.199761962890648,0.018388966,0.06311035,5.168563322780735,23.418511962890648,0.017282704,0.17132568,1.472710495007921,0,0,0
2018-01-24 20:00:00,1283.8756,25.788720703125023,0.018266855,0.013252258,16.491346080427565,24.749658203125023,0.018106638,0.04888916,5.404447059543574,23.179345703125023,0.016924081,0.14593506,2.367084469205448,0,0,0
2018-01-24 21:00:00,1261.8424,25.693933105468773,0.018230025,0.01813507,16.583299642301807,24.381433105468773,0.017833296,0.04095459,5.643935201147205,22.990808105468773,0.01664311,0.122406006,2.8837873048192453,0,0,0
2018-01-24 22:00:00,1182.9981,25.589288330078148,0.018209655,0.013835907,17.41565258134143,24.073663330078148,0.017561156,0.038970947,5.902104606908756,22.792413330078148,0.016424377,0.11172485,3.117518875750165,0,0,0
2018-01-24 23:00:00,1099.4526,25.441674804687523,0.018179435,0.014717102,18.135251293476447,23.730737304687523,0.017340202,0.042922974,5.903108120798724,22.613549804687523,0.016272087,0.11416626,3.450355793394818,0,0,0
2018-01-25 00:00:00,1056.5669,25.316613769531276,0.01807936,0.02960968,18.566412052255565,23.433801269531276,0.01719435,0.04473877,6.0154275155287245,22.457238769531276,0.016156752,0.12567139,3.662548825195664,0,0,0
2018-01-25 01:00:00,1027.4671,25.243005371093773,0.017940689,0.038894653,19.74358223085772,23.172692871093773,0.017063309,0.03942871,6.231116798683675,22.305505371093773,0.016048599,0.13519287,3.9398031202010646,0,0,0
2018-01-25 02:00:00,1000.6142,25.172723388671898,0.017832696,0.030639648,20.526941703365345,22.961785888671898,0.01691717,0.03453064,6.584762809496195,22.172723388671898,0.015963495,0.13391113,4.304744819494881,0,0,0
2018-01-25 03:00:00,986.7703,25.075219726562523,0.017793667,0.026374817,20.19215125765725,22.801782226562523,0.01674844,0.030601501,7.30379787572355,22.067407226562523,0.015848171,0.123931885,4.688028430907842,0,0,0
2018-01-25 04:00:00,977.5027,25.010705566406276,0.017770391,0.021408081,18.84361881950608,22.713830566406276,0.016580205,0.02671814,7.824510562690443,21.987268066406276,0.015740972,0.11236572,4.845242837542267,0,0,0
2018-01-25 05:00:00,980.8987,24.9626403808594,0.01777834,0.017326355,17.897190909297684,22.4938903808594,0.016382162,0.023361206,7.899129032458929,21.9157653808594,0.01563448,0.11099243,4.885565602757791,0,0,0
2018-01-25 06:00:00,1023.5021,24.974725341796898,0.017847667,0.017448425,18.068259778229177,22.404412841796898,0.016260752,0.016822815,8.01998095560072,21.834100341796898,0.0155168865,0.10443115,4.9612640878905525,0,0,0
2018-01-25 07:00:00,1119.004,25.771661376953148,0.018054588,0.017723083,21.219174376163995,23.771661376953148,0.016696556,0.023468018,10.777470550178318,22.240411376953148,0.015616997,0.08810425,5.274793185116546,0,0,0
2018-01-25 08:00:00,1296.7631,26.771264648437523,0.017750224,0.017974854,25.829470813394533,25.552514648437523,0.017231425,0.030761719,13.105975574681962,23.310327148437523,0.01565214,0.07022095,5.862548984087068,0,0,0
2018-01-25 09:00:00,1378.4395,27.642510986328148,0.017772103,0.018203735,27.385102146606613,27.119073486328148,0.01742878,0.037628174,15.559371449933067,24.540948486328148,0.015555764,0.06271362,6.135975575747863,0,0,0
2018-01-25 10:00:00,1447.3466,28.393640136718773,0.01783169,0.025138855,27.404796364314247,28.253015136718773,0.017564662,0.036865234,16.228582725482593,25.604577636718773,0.0154131735,0.062057495,6.068636295027346,0,0,0
2018-01-25 11:00:00,1488.9218,28.930078125000023,0.017870951,0.035308838,26.839805534556557,29.164453125000023,0.01775651,0.038497925,15.881570463764213,26.422265625000023,0.015387583,0.076293945,5.716468410928171,0,0,0
2018-01-25 12:00:00,1481.9177,29.371881103515648,0.018040098,0.046691895,26.25530042050364,29.825006103515648,0.017933287,0.043930054,15.125121736903552,26.950006103515648,0.015644468,0.09326172,5.000523650404953,0,0,0
2018-01-25 13:00:00,1513.0612,29.543542480468773,0.018086303,0.059158325,25.609771985368752,30.152917480468773,0.018048156,0.04512024,14.137879513774196,27.160729980468773,0.015942443,0.096343994,4.380781575845912,0,0,0
2018-01-25 14:00:00,1526.9776000000002,29.487939453125023,0.018047677,0.07611084,24.7866651801317,30.112939453125023,0.018093454,0.04510498,13.04006779986583,27.097314453125023,0.016079294,0.09237671,4.07191356251301,0,0,0
2018-01-25 15:00:00,1504.6326,29.219873046875023,0.017963469,0.0809021,23.95414583960934,29.719873046875023,0.018062651,0.056365967,12.37160026320402,26.766748046875023,0.016140044,0.100372314,4.158766128605078,0,0,0
2018-01-25 16:00:00,1453.1749,28.662469482421898,0.017871525,0.066589355,22.983462363976585,28.928094482421898,0.01805463,0.058441162,11.402243965551309,26.092156982421898,0.016132023,0.08792114,4.605260759854947,0,0,0
2018-01-25 17:00:00,1294.019,27.792291259765648,0.017992938,0.04475403,21.329213141884846,27.534478759765648,0.018107379,0.045837402,9.44782471824802,24.971978759765648,0.016215289,0.08630371,4.951861395681775,0,0,0
2018-01-25 18:00:00,1318.0256,26.765496826171898,0.018358555,0.02671051,18.17328002011341,25.632684326171898,0.017649021,0.062805176,7.854290614545611,23.734246826171898,0.016046848,0.0942688,5.316604378713069,0,0,0
2018-01-25 19:00:00,1349.9707,26.223779296875023,0.01852652,0.017562866,16.810449048273217,24.794091796875023,0.017229524,0.07064819,8.490849041220548,23.020654296875023,0.015863862,0.09451294,5.679511501098777,0,0,0
2018-01-25 20:00:00,1304.8551,25.940698242187523,0.018537313,0.011314392,16.433641559013534,24.292260742187523,0.016965657,0.067474365,8.791126632616729,22.659448242187523,0.015851766,0.09536743,5.369935073886267,0,0,0
2018-01-25 21:00:00,1262.111,25.751092529296898,0.01846988,0.0062446594,16.468584233703808,23.891717529296898,0.016875336,0.06417847,8.073739780786322,22.516717529296898,0.015891144,0.100494385,4.976432383227119,0,0,0
2018-01-25 22:00:00,1220.4175,25.584008789062523,0.01844389,0.0034914017,17.303896250251075,23.584008789062523,0.016872235,0.060684204,7.795160200566134,22.427758789062523,0.015910931,0.105041504,4.858946380846963,0,0,0
2018-01-25 23:00:00,1151.3855,25.468377685546898,0.018322075,0.005264282,18.6603599430216,23.382440185546898,0.016887749,0.057128906,7.661450735814944,22.335565185546898,0.015926445,0.10534668,4.9174722216335,0,0,0
2018-01-26 00:00:00,1078.3154000000002,25.383386230468773,0.018107934,0.0061798096,19.880369170846414,23.219323730468773,0.016933007,0.056045532,7.807555295545026,22.234948730468773,0.01589541,0.103881836,5.209472117122301,0,0,0
2018-01-26 01:00:00,1044.0613,25.285516357421898,0.01799258,0.010559082,20.41290673751804,23.113641357421898,0.01697787,0.056640625,8.340249235422162,22.160516357421898,0.015841091,0.1088562,5.47308492741906,0,0,0
2018-01-26 02:00:00,1025.3404,25.206231689453148,0.017992022,0.013870239,21.04100123354771,23.010919189453148,0.016969683,0.057159424,8.965547881354837,22.096856689453148,0.015771868,0.11672974,5.593305513421137,0,0,0
2018-01-26 03:00:00,1007.6148,25.160455322265648,0.018043771,0.02168274,21.84090625769056,22.965142822265648,0.016914621,0.059066772,9.754441619956454,22.066705322265648,0.015739694,0.12908936,5.696325051049953,0,0,0
2018-01-26 04:00:00,985.9101,25.119439697265648,0.018088594,0.029571533,21.58056720147329,22.830377197265648,0.016806856,0.05445862,9.519307936348952,22.080377197265648,0.015715852,0.1296997,5.4862761503523325,0,0,0
2018-01-26 05:00:00,1011.5439,25.070916748046898,0.018088307,0.032318115,20.65877215478595,22.664666748046898,0.01666161,0.060165405,9.197376594513976,22.070916748046898,0.015677419,0.12387085,5.192114551179822,0,0,0
2018-01-26 06:00:00,1036.1174,25.067590332031276,0.018080192,0.029785156,19.934290042402537,22.614465332031276,0.016546683,0.05519104,9.192877056241262,22.028527832031276,0.015627341,0.12277222,4.984831608154042,0,0,0
2018-01-26 07:00:00,1139.1258,25.8696228027344,0.018248903,0.02696228,22.656786739331828,23.9633728027344,0.016951906,0.054748535,11.769544875842596,22.4789978027344,0.015784608,0.11923218,5.256645334733065,0,0,0
2018-01-26 08:00:00,1318.2904,26.896203613281276,0.01794526,0.031799316,27.53073075427272,25.677453613281276,0.01744935,0.051467896,13.722227473152865,23.474328613281276,0.015816659,0.111694336,5.913424684506316,0,0,0
2018-01-26 09:00:00,1383.5264,27.770867919921898,0.017693887,0.026985168,28.861368789411863,27.169305419921898,0.017564187,0.049804688,15.907648773145144,24.606805419921898,0.015740762,0.09210205,6.178701935893159,0,0,0
2018-01-26 10:00:00,1451.3501,28.523400878906276,0.01764778,0.024856567,28.91104309923697,28.328088378906276,0.01776985,0.049957275,16.587101753473334,25.617150878906276,0.01562599,0.08206177,6.231040928125383,0,0,0
2018-01-26 11:00:00,1476.2129,29.1345153808594,0.017716566,0.02193451,28.466154347915964,29.2282653808594,0.017953077,0.04789734,16.736556613309318,26.4079528808594,0.01565663,0.07797241,5.935777023086182,0,0,0
2018-01-26 12:00:00,1490.8318,29.501367187500023,0.017800618,0.032211304,27.97614387034947,29.845117187500023,0.018067647,0.044525146,16.2516008639041,26.899804687500023,0.01589327,0.07421875,5.188405958370546,0,0,0
2018-01-26 13:00:00,1512.2037,29.647607421875023,0.017892543,0.03413391,27.42498570096696,30.163232421875023,0.018121425,0.044158936,15.266235524271185,27.108544921875023,0.016214076,0.07546997,4.262089639638457,0,0,0
2018-01-26 14:00:00,1533.3511999999998,29.540826416015648,0.0179066,0.04057312,26.566339462862675,30.118951416015648,0.018066818,0.04408264,13.91095541222662,27.095513916015648,0.016251022,0.079071045,3.743637180061324,0,0,0
2018-01-26 15:00:00,1507.075,29.2060485839844,0.017805295,0.04270935,25.649168302202835,29.7529235839844,0.018026548,0.059677124,12.788523148131794,26.8154235839844,0.016264157,0.08935547,3.615594490206091,0,0,0
2018-01-26 16:00:00,1442.6011,28.552911376953148,0.017750068,0.03843689,24.493966666838016,28.927911376953148,0.018055243,0.066223145,11.591636200971536,26.216973876953148,0.016414924,0.08300781,3.6415549888916394,0,0,0
2018-01-26 17:00:00,1289.0298,27.647424316406276,0.017935736,0.032852173,22.37780674555062,27.569299316406276,0.01827143,0.0675354,9.028671219603648,25.186486816406276,0.016653998,0.10183716,3.5726382303690647,0,0,0
2018-01-26 18:00:00,1299.5624,26.657250976562523,0.01836342,0.020858765,18.42682640102139,25.618188476562523,0.017898027,0.075042725,7.042587977825697,23.915063476562523,0.01671547,0.12609863,3.7540986360122046,0,0,0
2018-01-26 19:00:00,1330.2409,26.174584960937523,0.018586228,0.011146545,16.656212055098667,24.776147460937523,0.017502854,0.06744385,7.2424464740559475,23.244897460937523,0.016312668,0.12362671,4.53894843951261,0,0,0
2018-01-26 20:00:00,1313.0482,25.954797363281276,0.01855125,0.006916046,17.03556956761834,24.204797363281276,0.017269513,0.059265137,7.216752685081217,22.884484863281276,0.01617851,0.11791992,4.50262513837753,0,0,0
2018-01-26 21:00:00,1268.5237,25.825982666015648,0.018424116,0.003241539,18.17232309643408,23.818170166015648,0.01711186,0.05369568,6.987974393023611,22.732232666015648,0.01611241,0.116607666,4.19426162941671,0,0,0
2018-01-26 22:00:00,1231.8843000000002,25.655297851562523,0.018318946,0.0014367104,19.134967818321595,23.569360351562523,0.01701432,0.049331665,6.896415500864133,22.678735351562523,0.016091162,0.11935425,3.953113183769087,0,0,0
2018-01-26 23:00:00,1180.8643,25.421411132812523,0.01825124,0.0027866364,18.720225456053896,23.374536132812523,0.016969502,0.047546387,6.884554060911626,22.546411132812523,0.016099751,0.119140625,3.705264653008504,0,0,0
2018-01-27 00:00:00,1120.543,25.277368164062523,0.018150074,0.0020256042,19.3703491377986,23.207055664062523,0.01695226,0.04437256,6.929876768329359,22.378930664062523,0.01606725,0.11505127,3.948821027068041,0,0,0
2018-01-27 01:00:00,1080.7518,25.158593750000023,0.018127874,0.0035238266,19.991493911070947,23.072656250000023,0.016952947,0.049453735,7.192330805883768,22.213281250000023,0.015961125,0.11248779,4.3999409281493325,0,0,0
2018-01-27 02:00:00,1031.3402,25.087213134765648,0.018123442,0.006134033,20.39642010861392,23.009088134765648,0.016963774,0.056289673,8.00487740608043,22.055963134765648,0.015819365,0.11291504,4.727886952864091,0,0,0
2018-01-27 03:00:00,1021.8638,25.023767089843773,0.01809224,0.010044098,20.231339057959683,22.937829589843773,0.016924942,0.06236267,8.63290370868814,21.922204589843773,0.015658462,0.115753174,4.825608492811784,0,0,0
2018-01-27 04:00:00,989.0034,24.982629394531276,0.01807663,0.01166153,19.544503073826977,22.779504394531276,0.016802521,0.0619812,8.412564104808052,21.826379394531276,0.015558931,0.12310791,4.819252071126279,0,0,0
2018-01-27 05:00:00,983.2574,24.9379821777344,0.017975902,0.007671356,19.72455747854966,22.6020446777344,0.0166255,0.054367065,8.147508532931367,21.7739196777344,0.015500164,0.12332153,4.580692932899336,0,0,0
2018-01-27 06:00:00,970.0178,24.920007324218773,0.017927255,0.0056648254,19.832561421906927,22.521569824218773,0.016470041,0.047058105,7.856561010937234,21.732507324218773,0.015428629,0.11419678,4.42015978002227,0,0,0
2018-01-27 07:00:00,1004.3421,25.712304687500023,0.018130934,0.0077285767,22.40546620294888,24.134179687500023,0.016963637,0.046447754,10.424046885879012,22.251367187500023,0.015548384,0.10107422,4.634916588486417,0,0,0
2018-01-27 08:00:00,1163.49,26.737084960937523,0.017931093,0.019317627,26.40909887784964,25.830834960937523,0.017404664,0.047058105,12.845971077770187,23.479272460937523,0.015600313,0.076660156,5.212778075780129,0,0,0
2018-01-27 09:00:00,1248.5859,27.657189941406276,0.017831214,0.018325806,26.96390134435312,27.258752441406276,0.017548926,0.042022705,14.753122497054171,24.782189941406276,0.015588172,0.06338501,5.3529370811067,0,0,0
2018-01-27 10:00:00,1322.4002,28.457360839843773,0.017930647,0.026390076,26.610103529736243,28.387048339843773,0.017671248,0.034072876,15.217149606640492,25.824548339843773,0.015443464,0.066345215,5.317753247685669,0,0,0
2018-01-27 11:00:00,1336.1249,28.997186279296898,0.01806763,0.05404663,26.007862862297287,29.278436279296898,0.017754825,0.026794434,15.19005105527996,26.653436279296898,0.015401157,0.076660156,4.974479090194321,0,0,0
2018-01-27 12:00:00,1315.4009999999998,29.278619384765648,0.01808195,0.07180786,25.282007023778604,29.903619384765648,0.01782255,0.020996094,14.60739014549803,27.153619384765648,0.015800761,0.07635498,4.25756357903756,0,0,0
2018-01-27 13:00:00,1295.6149999999998,29.448388671875023,0.018074216,0.09384155,24.949461050079883,30.229638671875023,0.017868223,0.016281128,13.86448442515062,27.339013671875023,0.016044797,0.069366455,3.870540072881307,0,0,0
2018-01-27 14:00:00,1284.6837,29.301110839843773,0.01794426,0.09365845,24.857903213522487,30.176110839843773,0.017906113,0.012504578,13.21061668001938,27.254235839843773,0.015975876,0.06289673,3.91967061011547,0,0,0
2018-01-27 15:00:00,1263.299,29.0500427246094,0.017844362,0.07949829,25.37737487202937,29.7687927246094,0.017943544,0.011074066,12.814961891906492,26.8547302246094,0.015959902,0.0630188,4.171695717377555,0,0,0
2018-01-27 16:00:00,1237.763,28.446130371093773,0.017706433,0.063964844,25.54808727054912,28.946130371093773,0.018019238,0.013751984,11.864263501945812,26.180505371093773,0.016027967,0.06022644,4.3457092696585775,0,0,0
2018-01-27 17:00:00,1191.2287,27.472344970703148,0.017644903,0.034500122,24.585171580062116,27.581719970703148,0.01830103,0.021980286,9.38679413154423,25.105157470703148,0.016241094,0.064331055,4.256340704804249,0,0,0
2018-01-27 18:00:00,1231.3089,26.420587158203148,0.017781304,0.014034271,21.921995347250736,25.592462158203148,0.017994927,0.037322998,7.197649572102894,23.873712158203148,0.016278313,0.08508301,4.176901323851146,0,0,0
2018-01-27 19:00:00,1266.3283,25.896447753906276,0.017902983,0.0056591034,20.08245445934875,24.701135253906276,0.01768173,0.03694153,7.207588583633084,23.169885253906276,0.016079558,0.09576416,4.423435704087055,0,0,0
2018-01-27 20:00:00,1235.7738,25.6020446777344,0.017834352,0.0036821365,18.850111813808063,24.1723571777344,0.017422365,0.0390625,7.15878156236392,22.7348571777344,0.01610248,0.10296631,4.25545622023826,0,0,0
2018-01-27 21:00:00,1200.5945000000002,25.397546386718773,0.017674642,0.0025167465,18.20456482368974,23.795983886718773,0.017155843,0.055343628,7.245834469333564,22.475671386718773,0.016087728,0.10736084,4.086660589417943,0,0,0
2018-01-27 22:00:00,1145.7807,25.235925292968773,0.017514782,0.0020103455,18.789369556352742,23.517175292968773,0.016988354,0.06732178,7.581247031265521,22.298425292968773,0.016004162,0.11026001,4.079192049585896,0,0,0
2018-01-27 23:00:00,1116.3974999999998,25.092736816406276,0.017392423,0.0028409958,19.54966264126333,23.288049316406276,0.016858365,0.07220459,7.998243515783234,22.131799316406276,0.015881803,0.11349487,4.147616237232536,0,0,0
2018-01-28 00:00:00,1060.2548,24.923211669921898,0.017246386,0.003616333,19.67747163673851,23.040399169921898,0.016735217,0.07476807,8.253454019386192,21.954461669921898,0.015773913,0.11578369,4.011578077841883,0,0,0
2018-01-28 01:00:00,1029.7849,24.772058105468773,0.017047036,0.0031576157,20.039210525769068,22.748620605468773,0.016596902,0.071777344,8.062600962871661,21.772058105468773,0.015650857,0.12271118,3.908785329573056,0,0,0
2018-01-28 02:00:00,989.945,24.644128417968773,0.016954934,0.0032262802,20.06019260150492,22.409753417968773,0.016405618,0.06552124,7.334357170535156,21.612878417968773,0.015539682,0.119262695,3.8684043939438686,0,0,0
2018-01-28 03:00:00,967.193,24.5241638183594,0.017023344,0.0036907196,19.23404509992013,22.1569763183594,0.01618411,0.054107666,7.23047492275871,21.5007263183594,0.015421172,0.11898804,3.943430309366184,0,0,0
2018-01-28 04:00:00,948.9559,24.439721679687523,0.01719907,0.0032463074,17.298259757831538,21.978784179687523,0.015993625,0.045562744,7.366718507241972,21.400659179687523,0.015257388,0.1177063,4.094919012757006,0,0,0
2018-01-28 05:00:00,944.0044,24.369042968750023,0.017360142,0.0022659302,15.3832542331986,21.822167968750023,0.01585715,0.038848877,7.5610779892887905,21.322167968750023,0.0151285445,0.111328125,4.284828692898963,0,0,0
2018-01-28 06:00:00,923.9596,24.399194335937523,0.017504212,0.0020561218,14.539335483650976,21.782006835937523,0.01575708,0.03614807,7.925639534064477,21.282006835937523,0.0150475465,0.099823,4.519452337237151,0,0,0
2018-01-28 07:00:00,921.9349,25.4619079589844,0.017931612,0.0031824112,17.65478619312345,23.3134704589844,0.016176851,0.029953003,11.189822388740255,21.8290954589844,0.0151774,0.08538818,4.972305050994117,0,0,0
2018-01-28 08:00:00,986.6979,26.626916503906276,0.017968912,0.013309479,22.018549946534783,25.205041503906276,0.016694803,0.0260849,13.170599690124584,23.150354003906276,0.015283365,0.062286377,5.455655629927164,0,0,0
2018-01-28 09:00:00,1042.4840000000002,27.640740966796898,0.017860958,0.031600952,24.396213537870004,26.882928466796898,0.01682336,0.015579224,15.429636362652603,24.546990966796898,0.015305112,0.044174194,5.466395276396509,0,0,0
2018-01-28 10:00:00,1123.6263,28.423730468750023,0.01790605,0.043426514,25.002039443180617,28.079980468750023,0.016944746,0.010017395,15.86346146936535,25.642480468750023,0.015209059,0.036193848,5.537972309989766,0,0,0
2018-01-28 11:00:00,1171.2833,29.039880371093773,0.018042726,0.05265808,24.332234682686263,29.008630371093773,0.017142458,0.01386261,15.642020339232678,26.461755371093773,0.0151054105,0.036117554,5.480605112066476,0,0,0
2018-01-28 12:00:00,1177.496,29.427087402343773,0.01815691,0.06567383,22.768642344653536,29.630212402343773,0.017378712,0.026153564,15.09597175879331,26.989587402343773,0.015276813,0.032562256,5.152836283408472,0,0,0
2018-01-28 13:00:00,1187.1748,29.595300292968773,0.018203164,0.09188843,21.100050231006005,29.939050292968773,0.017562294,0.03678894,14.35871246835103,27.157800292968773,0.015578651,0.035720825,4.74324230749236,0,0,0
2018-01-28 14:00:00,1182.8474,29.542443847656276,0.018180301,0.107421875,19.81719612374645,29.901818847656276,0.017653873,0.0440979,13.548082555257489,27.089318847656276,0.015654972,0.06062317,4.534434160810136,0,0,0
2018-01-28 15:00:00,1174.916,29.309472656250023,0.018088827,0.105895996,19.07811816166186,29.543847656250023,0.017646322,0.05899048,12.687410858292145,26.778222656250023,0.01565505,0.076171875,4.347860474429767,0,0,0
2018-01-28 16:00:00,1154.9397,28.937829589843773,0.017966826,0.07620239,18.703254522577836,28.765954589843773,0.017699797,0.05430603,11.5072007697643,26.219079589843773,0.015754301,0.07733154,4.152691124841652,0,0,0
2018-01-28 17:00:00,1138.393,28.228234863281276,0.018081285,0.039230347,18.068285772165243,27.478234863281276,0.01801262,0.05456543,8.809769747233329,25.236047363281276,0.016166307,0.06741333,3.7771556206989008,0,0,0
2018-01-28 18:00:00,1184.9639,27.068566894531276,0.018493226,0.018707275,16.025873121735515,25.474816894531276,0.017737916,0.069610596,6.53711703985863,23.927941894531276,0.016456177,0.08013916,3.4857847364082395,0,0,0
2018-01-28 19:00:00,1233.5704,26.417260742187523,0.018585127,0.010513306,15.318666985986054,24.682885742187523,0.017364424,0.07260132,6.859551518630293,23.128198242187523,0.016136091,0.09762573,3.943112368053277,0,0,0
2018-01-28 20:00:00,1219.3413,26.0656677246094,0.018458111,0.0056152344,14.481942870745051,24.0969177246094,0.017176373,0.06411743,6.6199851204742375,22.7062927246094,0.016092999,0.09970093,4.290608412008317,0,0,0
2018-01-28 21:00:00,1216.3069,25.830895996093773,0.01827219,0.0028038025,14.01515447841054,23.659020996093773,0.016975192,0.05996704,6.373750074932355,22.471520996093773,0.016105441,0.10070801,4.231413428166425,0,0,0
2018-01-28 22:00:00,1171.6091,25.587182617187523,0.018173417,0.0014214516,14.348000863680616,23.344995117187523,0.01686879,0.054656982,6.48788615053243,22.259057617187523,0.016090592,0.103637695,4.1233060306291724,0,0,0
2018-01-28 23:00:00,1123.1443,25.383264160156276,0.018062137,0.0018777847,15.60970438841652,23.062951660156276,0.016795658,0.049942017,6.644906053417176,22.062951660156276,0.016040348,0.10626221,4.012109705401572,0,0,0
2018-01-29 00:00:00,1076.1151,25.250543212890648,0.017970456,0.008583069,16.990571528763343,22.844293212890648,0.016742123,0.04647827,6.841199618097739,21.875543212890648,0.015971554,0.10574341,3.918645479551472,0,0,0
2018-01-29 01:00:00,1030.8707,25.122735595703148,0.017985938,0.014633179,17.723508010719964,22.653985595703148,0.01669657,0.04724121,7.067403366567112,21.685235595703148,0.015895484,0.10848999,3.864306610701647,0,0,0
2018-01-29 02:00:00,1010.7767,25.018701171875023,0.018070199,0.017501831,18.05236774670312,22.487451171875023,0.016620614,0.049301147,7.181066820482651,21.518701171875023,0.01578901,0.11239624,3.853588683358544,0,0,0
2018-01-29 03:00:00,979.8314,24.945611572265648,0.018123824,0.016395569,18.75385236303704,22.320611572265648,0.016514022,0.052352905,7.190047705204242,21.383111572265648,0.01566716,0.11602783,4.024070897882705,0,0,0
2018-01-29 04:00:00,983.8258,24.930017089843773,0.018139029,0.013160706,18.48031410941166,22.172204589843773,0.016376639,0.053634644,6.821121136421729,21.312829589843773,0.015533591,0.11376953,4.188594986959555,0,0,0
2018-01-29 05:00:00,1003.3203,24.908349609375023,0.01811591,0.014858246,16.88349322399912,22.041162109375023,0.016261967,0.054107666,6.434262740576461,21.291162109375023,0.01541129,0.1071167,4.258610881462343,0,0,0
2018-01-29 06:00:00,1030.9025,24.896203613281276,0.018069737,0.0154800415,15.430430164089014,22.044641113281276,0.016200535,0.056655884,6.249482528626698,21.263391113281276,0.015334599,0.09939575,4.220429475272571,0,0,0
2018-01-29 07:00:00,1143.852,25.826440429687523,0.01827522,0.013137817,18.10014537942576,23.951440429687523,0.016840894,0.05697632,9.184913962620032,21.873315429687523,0.015479047,0.09799194,4.281501023110327,0,0,0
2018-01-29 08:00:00,1301.5904,26.890802001953148,0.018121673,0.017471313,21.1072023510665,25.859552001953148,0.01738925,0.05290222,11.743283713332747,23.297052001953148,0.015592528,0.09298706,4.15527653128557,0,0,0
2018-01-29 09:00:00,1397.9798,27.828820800781276,0.018037641,0.020820618,22.376843485837057,27.469445800781276,0.017640913,0.041519165,13.488193689985131,24.922570800781276,0.015718305,0.09359741,3.73049974422661,0,0,0
2018-01-29 10:00:00,1473.1768,28.623193359375023,0.018031636,0.023368835,22.833977608977055,28.716943359375023,0.017833272,0.029891968,13.205462019268165,26.240380859375023,0.015681783,0.0977478,3.4127653542776044,0,0,0
2018-01-29 11:00:00,1505.8753,29.272821044921898,0.018107614,0.02897644,22.79555648870812,29.725946044921898,0.017993173,0.026824951,12.60166206296882,27.179071044921898,0.015773019,0.09866333,2.741951988083682,0,0,0
2018-01-29 12:00:00,1515.0167,29.687707519531276,0.01820636,0.030662537,22.103495698525304,30.359582519531276,0.018175842,0.03312683,11.91703536167966,27.703332519531276,0.016299011,0.09863281,1.8201926693746808,0,0,0
2018-01-29 13:00:00,1549.9417,29.918603515625023,0.018198198,0.03933716,21.468218683722885,30.652978515625023,0.01841182,0.03614807,11.146049408621586,27.965478515625023,0.01652736,0.09680176,1.346662783444034,0,0,0
2018-01-29 14:00:00,1556.2042,29.8986755371094,0.018167295,0.045532227,21.34882610586898,30.6330505371094,0.01848773,0.045898438,10.687721458951428,27.9221130371094,0.016603269,0.09790039,1.1001928182147354,0,0,0
2018-01-29 15:00:00,1550.8951,29.607019042968773,0.018061575,0.047180176,21.208993781797574,30.294519042968773,0.018458303,0.056121826,10.479861713108573,27.536706542968773,0.016627248,0.102386475,0.9429233069164276,0,0,0
2018-01-29 16:00:00,1476.0159,29.015649414062523,0.017916968,0.03767395,21.33710405086276,29.515649414062523,0.018557837,0.056427002,9.936798854060822,26.765649414062523,0.016787818,0.10876465,1.044206883033267,0,0,0
2018-01-29 17:00:00,1346.0762,28.071984863281276,0.017949259,0.021461487,21.12110960039631,28.118859863281276,0.018780863,0.062301636,8.016191643211467,25.618859863281276,0.01717869,0.11013794,1.0913459810342785,0,0,0
2018-01-29 18:00:00,1340.0233,26.920129394531276,0.018247917,0.008922577,19.242513866560813,26.107629394531276,0.018354729,0.084472656,6.663431081787992,24.334191894531276,0.017378166,0.1296997,1.1430499748733909,0,0,0
2018-01-29 19:00:00,1371.0811,26.291284179687523,0.018377623,0.004098892,17.768238645556,25.197534179687523,0.017843565,0.089660645,7.153749643152826,23.619409179687523,0.016996702,0.14538574,1.901170518105349,0,0,0
2018-01-29 20:00:00,1330.9361,25.969384765625023,0.018331647,0.0021791458,16.75569963188075,24.578759765625023,0.01753819,0.08682251,6.930051328790987,23.133447265625023,0.016737103,0.1461792,2.998083718536336,0,0,0
2018-01-29 21:00:00,1291.8375,25.755181884765648,0.01825474,0.0012135506,16.424099999422058,24.177056884765648,0.017270548,0.08236694,6.976082600900726,22.872369384765648,0.016576273,0.13989258,3.5100526028139343,0,0,0
2018-01-29 22:00:00,1244.0299,25.585839843750023,0.018208383,0.0022907257,17.140373353041078,23.882714843750023,0.01711738,0.079956055,6.968270728903546,22.648339843750023,0.016430734,0.13305664,3.403222490916163,0,0,0
2018-01-29 23:00:00,1172.2693,25.466455078125023,0.018232046,0.008895874,18.214182716398977,23.591455078125023,0.017026601,0.077819824,6.657226061110991,22.466455078125023,0.016317068,0.12713623,3.3688170445835595,0,0,0
2018-01-30 00:00:00,1117.1384,25.357080078125023,0.018240677,0.013957977,18.500589004625404,23.364892578125023,0.016928421,0.06808472,6.515666784797447,22.294580078125023,0.016196,0.120788574,3.665419691341208,0,0,0
2018-01-30 01:00:00,1067.7802,25.248376464843773,0.01824333,0.016746521,18.78859004895876,23.185876464843773,0.016839521,0.061843872,6.85842033816185,22.123376464843773,0.016068952,0.11349487,4.323824296033403,0,0,0
2018-01-30 02:00:00,1043.0573,25.139428710937523,0.01826821,0.018112183,19.24484787200718,23.092553710937523,0.016749961,0.05000305,7.618640441357147,21.959741210937523,0.015948875,0.10739136,4.763181802801111,0,0,0
2018-01-30 03:00:00,1020.6455,25.007348632812523,0.018260805,0.02205658,18.966776999815814,22.983911132812523,0.016696779,0.042526245,8.104359407331232,21.851098632812523,0.015865175,0.10958862,5.017482953919335,0,0,0
2018-01-30 04:00:00,1001.1786,24.937585449218773,0.018268567,0.02494049,18.433391781117017,22.859460449218773,0.016651135,0.041305542,8.078418973963686,21.820397949218773,0.01582716,0.11355591,5.019377344050411,0,0,0
2018-01-30 05:00:00,1021.0194,24.911737060546898,0.018292917,0.026245117,18.42572970763408,22.771112060546898,0.01661445,0.046951294,8.094449239447377,21.817987060546898,0.015798105,0.11395264,5.168328371575582,0,0,0
2018-01-30 06:00:00,1026.9689,25.002282714843773,0.018270269,0.02645874,19.7845325743878,22.767907714843773,0.016561285,0.06185913,8.327874507035492,21.814782714843773,0.015760198,0.11016846,5.3277412021262345,0,0,0
2018-01-30 07:00:00,1132.9725,25.8539978027344,0.018269425,0.03060913,24.49385161810702,24.2368103027344,0.01707161,0.056427002,11.254482078345792,22.2524353027344,0.01594246,0.114227295,5.411821110460731,0,0,0
2018-01-30 08:00:00,1318.1031,26.888116455078148,0.017948363,0.04017639,29.503520463269503,25.966241455078148,0.017536376,0.05895996,13.849282956067322,23.208428955078148,0.016208861,0.10342407,5.546624636735376,0,0,0
2018-01-30 09:00:00,1392.2486,27.812646484375023,0.017658193,0.046524048,31.36978299115423,27.437646484375023,0.017642934,0.053131104,15.692626125332644,24.523583984375023,0.016078908,0.08999634,5.622514892938344,0,0,0
2018-01-30 10:00:00,1471.0933,28.580255126953148,0.017566774,0.058288574,31.35341678963819,28.619317626953148,0.017688844,0.048233032,16.210284973689472,25.744317626953148,0.015796755,0.082458496,5.606513414605539,0,0,0
2018-01-30 11:00:00,1495.9083,29.105737304687523,0.017604863,0.0697937,30.46586019949728,29.480737304687523,0.017627751,0.048034668,16.64848411464028,26.605737304687523,0.015682256,0.079589844,5.588862494947139,0,0,0
2018-01-30 12:00:00,1505.5771,29.280297851562523,0.017635396,0.087402344,29.419481012368475,29.991235351562523,0.017543843,0.053833008,16.85525407235827,26.991235351562523,0.015873006,0.084869385,5.484525989508104,0,0,0
2018-01-30 13:00:00,1539.6995,29.240930175781276,0.017627712,0.09515381,28.84298797493536,30.123742675781276,0.017505642,0.06726074,16.86595509552245,26.998742675781276,0.01589584,0.08642578,5.7118945345558645,0,0,0
2018-01-30 14:00:00,1539.7168,29.118554687500023,0.017604006,0.087249756,28.821607494963743,29.938867187500023,0.01744379,0.06762695,16.75362526905033,26.743554687500023,0.015841616,0.093322754,5.953527731902222,0,0,0
2018-01-30 15:00:00,1525.6451,28.854760742187523,0.017526522,0.07885742,29.09081949358928,29.432885742187523,0.017335787,0.061965942,16.31559557777825,26.261010742187523,0.015848055,0.098602295,6.154243902997193,0,0,0
2018-01-30 16:00:00,1449.921,28.3012634277344,0.017456912,0.060531616,29.010448409898103,28.5668884277344,0.017296694,0.047851562,15.107720964031962,25.5590759277344,0.015877627,0.09863281,6.338898543940124,0,0,0
2018-01-30 17:00:00,1318.3036000000002,27.454675292968773,0.017525036,0.037353516,27.597834493851146,27.228112792968773,0.017402966,0.06289673,12.428352453247712,24.517175292968773,0.016014416,0.1071167,6.050475655135004,0,0,0
2018-01-30 18:00:00,1311.1328,26.522332763671898,0.017898833,0.018379211,24.1437256048851,25.405145263671898,0.01731137,0.087249756,9.525722662477197,23.295770263671898,0.016128814,0.11917114,5.4027882053478375,0,0,0
2018-01-30 19:00:00,1355.1732,26.080377197265648,0.01825028,0.014148712,22.21498150893633,24.658502197265648,0.01722794,0.09197998,8.575477066337662,22.713189697265648,0.016129307,0.125,5.251377393688709,0,0,0
2018-01-30 20:00:00,1333.7986,25.869592285156276,0.018297205,0.012641907,21.87495553845928,24.268029785156276,0.017168054,0.089538574,8.151902801623027,22.518029785156276,0.01621438,0.13781738,5.056460478260142,0,0,0
2018-01-30 21:00:00,1298.8725,25.736718750000023,0.01826041,0.011451721,21.45776341937608,24.010156250000023,0.017108371,0.08062744,7.831056463067981,22.494531250000023,0.016292026,0.14300537,4.882619525483585,0,0,0
2018-01-30 22:00:00,1252.3341,25.689080810546898,0.018024227,0.018043518,23.15835346753193,23.853143310546898,0.017055294,0.07070923,8.125463135650993,22.509393310546898,0.016361019,0.13909912,4.87230270886658,0,0,0
2018-01-30 23:00:00,1188.2833,25.575952148437523,0.017978426,0.023406982,23.280806400450853,23.763452148437523,0.017024752,0.06549072,8.715126593978557,22.529077148437523,0.01642203,0.13226318,4.986107429614017,0,0,0
2018-01-31 00:00:00,1126.9906,25.459252929687523,0.018031603,0.03215027,23.40584315192136,23.693627929687523,0.016994005,0.06640625,9.566785000413704,22.506127929687523,0.01643706,0.13580322,5.188536677817327,0,0,0
2018-01-31 01:00:00,1088.3916,25.267694091796898,0.018123275,0.056625366,23.60608443368021,23.650506591796898,0.016940719,0.06643677,10.70649351788373,22.423944091796898,0.016368514,0.14227295,5.377504412916599,0,0,0
2018-01-31 02:00:00,1059.0625,25.119592285156276,0.018199082,0.08340454,24.44225835577133,23.580529785156276,0.016871568,0.06869507,11.737229843199367,22.299279785156276,0.016238328,0.1439209,5.531992613516487,0,0,0
2018-01-31 03:00:00,1020.1958,25.065148925781276,0.01815967,0.09246826,25.762259163209716,23.479211425781276,0.016763492,0.07437134,12.27924825647485,22.213586425781276,0.016114993,0.14025879,5.730761801124526,0,0,0
2018-01-31 04:00:00,1011.2814,25.033349609375023,0.018075757,0.08950806,25.758141561251136,23.353662109375023,0.01665669,0.078186035,12.001521967692916,22.158349609375023,0.01601582,0.13891602,5.712173933410312,0,0,0
2018-01-31 05:00:00,1032.7381,24.994012451171898,0.018014617,0.08935547,24.982508175154862,23.290887451171898,0.016572662,0.069244385,11.705805467921977,22.158074951171898,0.016008087,0.13098145,5.5465488735553645,0,0,0
2018-01-31 06:00:00,1056.6234,25.023645019531276,0.018021239,0.08099365,24.095937818652164,23.312707519531276,0.016541136,0.06890869,11.178673671601311,22.218957519531276,0.016075743,0.12045288,5.361636165587083,0,0,0
2018-01-31 07:00:00,1150.6013,25.834283447265648,0.018218433,0.08703613,26.323097512384145,24.607720947265648,0.017043507,0.06820679,13.241389563901812,22.779595947265648,0.016417896,0.1204834,5.548521999788873,0,0,0
2018-01-31 08:00:00,1283.1472,26.870263671875023,0.017980436,0.1003418,30.0396461663062,26.182763671875023,0.017568449,0.0814209,15.232173879448398,23.776513671875023,0.016736845,0.11911011,6.0255753650011785,0,0,0
2018-01-31 09:00:00,1381.7281,27.765893554687523,0.01773481,0.114227295,31.007970343986003,27.476831054687523,0.017673776,0.07366943,17.193737619909324,25.023706054687523,0.016643807,0.10650635,6.401737859333894,0,0,0
2018-01-31 10:00:00,1468.599,28.519311523437523,0.017680848,0.10675049,31.425451161644293,28.503686523437523,0.017688477,0.06123352,18.4258833157153,26.089624023437523,0.016360963,0.096069336,6.64929539955986,0,0,0
2018-01-31 11:00:00,1496.4587,29.064111328125023,0.017749708,0.09082031,31.947479234571222,29.329736328125023,0.017810743,0.05821228,18.72112730593381,26.806298828125023,0.016254347,0.09017944,6.51891277106358,0,0,0
2018-01-31 12:00:00,1520.7413,29.394006347656276,0.01784014,0.076538086,32.10198637618668,29.878381347656276,0.017901175,0.06790161,18.235816289037874,27.128381347656276,0.016352408,0.09124756,6.094490067365225,0,0,0
2018-01-31 13:00:00,1547.3524,29.522149658203148,0.017892402,0.065338135,31.78660543235325,30.162774658203148,0.017945807,0.06536865,17.55149295032067,27.233087158203148,0.016358893,0.091796875,5.954315268404232,0,0,0
2018-01-31 14:00:00,1546.5952000000002,29.475854492187523,0.017899308,0.05683899,30.92319608961021,30.132104492187523,0.017952714,0.06491089,16.7572272078733,27.077416992187523,0.01637343,0.089019775,5.927694051036652,0,0,0
2018-01-31 15:00:00,1520.1786,29.199365234375023,0.017822443,0.04624939,29.86989702511569,29.777490234375023,0.017898737,0.05189514,15.91127831982698,26.636865234375023,0.016403375,0.08248901,5.919887123320549,0,0,0
2018-01-31 16:00:00,1451.9272,28.585778808593773,0.017760925,0.034561157,28.49843344147471,29.023278808593773,0.017867737,0.029937744,14.284981140615628,25.960778808593773,0.016601257,0.07269287,5.558364338862212,0,0,0
2018-01-31 17:00:00,1347.6101,27.657098388671898,0.017829387,0.032714844,26.654858539573016,27.672723388671898,0.017981974,0.02898407,11.689346334098664,24.938348388671898,0.016868083,0.07757568,5.106008412355336,0,0,0
2018-01-31 18:00:00,1298.6066,26.654443359375023,0.018142285,0.031539917,23.75733895399072,25.779443359375023,0.017791333,0.0345459,9.26857210735838,23.810693359375023,0.016837658,0.09927368,4.755049493092863,0,0,0
2018-01-31 19:00:00,1333.5757,26.239831542968773,0.018317766,0.029815674,23.12849610660668,25.021081542968773,0.017684527,0.03942871,9.06179264649206,23.286706542968773,0.016776629,0.11541748,4.759678799506864,0,0,0
2018-01-31 20:00:00,1309.7955,26.041406250000023,0.01837947,0.030029297,23.35088181719536,24.603906250000023,0.017601272,0.040802002,8.893433765357111,23.088281250000023,0.01674678,0.10675049,4.51893783115642,0,0,0
2018-01-31 21:00:00,1277.7397,25.907037353515648,0.018364796,0.030448914,23.72314887105838,24.344537353515648,0.017487416,0.037139893,8.882039925588384,23.008599853515648,0.016716847,0.111968994,4.163723533818818,0,0,0
2018-01-31 22:00:00,1241.7908,25.813073730468773,0.018265361,0.033432007,25.279050164064028,24.242761230468773,0.01738798,0.04196167,9.537845918274323,22.945886230468773,0.016686076,0.1211853,4.033958710246867,0,0,0
2018-01-31 23:00:00,1176.1768000000002,25.7116638183594,0.01810462,0.03765869,27.493283525946588,24.0944763183594,0.017288275,0.03727722,9.849558170691564,22.9069763183594,0.016700812,0.112701416,4.074738099744872,0,0,0
2018-02-01 00:00:00,1157.5911,25.571252441406276,0.018004414,0.035629272,27.941140931740478,23.938439941406276,0.017210957,0.03704834,10.076239706019264,22.875939941406276,0.016715046,0.11047363,4.105173236290678,0,0,0
2018-02-01 01:00:00,1123.5108,25.409478759765648,0.017949304,0.036361694,27.79016416805242,23.800103759765648,0.017140588,0.03555298,10.227878820042342,22.784478759765648,0.016667565,0.11187744,4.212409236394254,0,0,0
2018-02-01 02:00:00,1083.6053000000002,25.277398681640648,0.017948614,0.028335571,27.29969445361509,23.683648681640648,0.017040716,0.03918457,10.460241652372348,22.652398681640648,0.016521918,0.1184082,4.344415190555676,0,0,0
2018-02-01 03:00:00,1053.5794,25.1645446777344,0.01800964,0.021400452,26.69917004613334,23.5629821777344,0.016918637,0.042175293,10.724621361937848,22.5082946777344,0.01637695,0.11395264,4.516029000870847,0,0,0
2018-02-01 04:00:00,1049.9157,25.102197265625023,0.018055845,0.018630981,25.128972364089925,23.375634765625023,0.016751219,0.04537964,10.249985411098612,22.414697265625023,0.016278196,0.11102295,4.445763588060032,0,0,0
2018-02-01 05:00:00,1077.6303,25.034204101562523,0.018095098,0.02054596,22.44841718977469,23.151391601562523,0.01656922,0.054611206,9.550386039560845,22.346704101562523,0.016218267,0.103302,4.244310263953287,0,0,0
2018-02-01 06:00:00,1099.2074,24.959985351562523,0.018133461,0.01863861,19.80158234255644,23.038110351562523,0.016416848,0.060409546,9.244442395012376,22.264672851562523,0.016119301,0.11495972,4.048411820866522,0,0,0
2018-02-01 07:00:00,1162.7584000000002,25.7407165527344,0.0182024,0.02218628,22.230769963694712,24.2641540527344,0.016859626,0.050842285,10.959577933489255,22.6391540527344,0.01630268,0.118774414,4.049629766707817,0,0,0
2018-02-01 08:00:00,1319.8527,26.772485351562523,0.017775454,0.02936554,25.23508278322407,25.920922851562523,0.017294802,0.04714966,12.418339082536264,23.506860351562523,0.016463198,0.11505127,4.353524930592343,0,0,0
2018-02-01 09:00:00,1400.8783,27.673120117187523,0.017600276,0.041519165,24.93009185663921,27.391870117187523,0.01741717,0.042388916,13.793680916990436,24.891870117187523,0.016303279,0.100738525,4.2498191884791545,0,0,0
2018-02-01 10:00:00,1483.959,28.5336853027344,0.01769211,0.04133606,24.79325432864912,28.5805603027344,0.01756241,0.0385437,14.104501289819556,26.1899353027344,0.015967866,0.09262085,4.067699096252399,0,0,0
2018-02-01 11:00:00,1516.3167999999998,29.231072998046898,0.017783938,0.048080444,25.32794645892501,29.512322998046898,0.017715273,0.03665161,14.217083178400642,27.098260498046898,0.015884219,0.091156006,3.842599434195832,0,0,0
2018-02-01 12:00:00,1506.6789,29.621026611328148,0.017828591,0.048171997,25.97530088571672,30.167901611328148,0.01785148,0.03564453,14.154502653697698,27.621026611328148,0.016150124,0.095703125,3.2995219924825068,0,0,0
2018-02-01 13:00:00,1533.6954,29.807946777343773,0.017812472,0.058624268,26.7991424195594,30.479821777343773,0.01796506,0.032287598,14.145401488478992,27.823571777343773,0.01619504,0.10122681,2.998507920194149,0,0,0
2018-02-01 14:00:00,1536.2165,29.671838378906276,0.017743342,0.057403564,27.687714424078,30.437463378906276,0.018040888,0.027786255,14.06153756472179,27.749963378906276,0.016217463,0.087524414,3.085361552513579,0,0,0
2018-02-01 15:00:00,1511.4352,29.256951904296898,0.017605785,0.04777527,28.52196900749409,29.991326904296898,0.018078808,0.024917603,14.047868266902215,27.381951904296898,0.016339306,0.0819397,3.4623217430088467,0,0,0
2018-02-01 16:00:00,1438.2515999999998,28.458215332031276,0.017437719,0.042404175,28.66269291622755,29.145715332031276,0.018009923,0.02671051,13.414501906114896,26.575402832031276,0.01654508,0.07571411,3.935214769156625,0,0,0
2018-02-01 17:00:00,1323.572,27.375512695312523,0.017376177,0.032730103,27.748231045813984,27.703637695312523,0.018001787,0.027908325,11.4980599666033,25.422387695312523,0.016887896,0.083984375,4.122423546465581,0,0,0
2018-02-01 18:00:00,1318.4252,26.335321044921898,0.017489957,0.019317627,25.320834565352257,25.749383544921898,0.017657803,0.032577515,9.328163902930028,24.085321044921898,0.017055081,0.08441162,4.342827777252369,0,0,0
2018-02-01 19:00:00,1357.3971,25.8696228027344,0.017520031,0.007907867,24.431799956636304,24.9555603027344,0.01741322,0.041915894,9.518607762577096,23.4399353027344,0.01676472,0.09951782,4.684988475121783,0,0,0
2018-02-01 20:00:00,1329.6472,25.6220642089844,0.01745162,0.003001213,24.194172635201912,24.5361267089844,0.017260885,0.055664062,9.522221365708154,23.0908142089844,0.016673421,0.11489868,4.657216489704588,0,0,0
2018-02-01 21:00:00,1294.8875,25.442224121093773,0.017277567,0.0053691864,24.806108497683148,24.239099121093773,0.017147867,0.05482483,9.397749290478258,22.918786621093773,0.01661381,0.10870361,4.5412966016903065,0,0,0
2018-02-01 22:00:00,1243.1106,25.287622070312523,0.017171988,0.008205414,24.71355048625589,24.107934570312523,0.017088065,0.046035767,9.689397027119156,22.834497070312523,0.016561637,0.12249756,4.233756270019646,0,0,0
2018-02-01 23:00:00,1183.8376,25.117486572265648,0.017241945,0.011547089,24.18697060648854,23.992486572265648,0.017043581,0.038131714,9.81026730934413,22.726861572265648,0.016494265,0.121795654,4.244985622476015,0,0,0
2018-02-02 00:00:00,1134.8578,24.984521484375023,0.0172956,0.015350342,24.42800554351469,23.789208984375023,0.01692176,0.05001831,9.790414731336575,22.570458984375023,0.016380074,0.12567139,4.288194672385899,0,0,0
2018-02-02 01:00:00,1090.6366,24.880822753906276,0.01719526,0.021110535,24.84166397492263,23.568322753906276,0.016722238,0.051208496,10.214411125518362,22.365197753906276,0.016241586,0.122924805,4.483735044319897,0,0,0
2018-02-02 02:00:00,1064.9589,24.779412841796898,0.017041495,0.025604248,24.63732542211265,23.365350341796898,0.016553214,0.04458618,10.655247515735242,22.130975341796898,0.016057303,0.12161255,4.851206466216054,0,0,0
2018-02-02 03:00:00,1038.9103,24.676171875000023,0.017086541,0.030982971,23.48806506376064,23.152734375000023,0.016277825,0.0569458,11.148534129311434,21.910546875000023,0.015865838,0.11727905,5.288056884009523,0,0,0
2018-02-02 04:00:00,1027.2815,24.573449707031276,0.017101394,0.029281616,21.881105397979784,22.964074707031276,0.016002761,0.049850464,11.659970868501212,21.745324707031276,0.015689956,0.1071167,5.535586844247417,0,0,0
2018-02-02 05:00:00,1042.0615,24.448907470703148,0.01704,0.02507019,20.710243410662905,22.792657470703148,0.015796408,0.05027771,11.721391635855513,21.605157470703148,0.015510306,0.09906006,5.706593374259984,0,0,0
2018-02-02 06:00:00,1064.1381,24.409844970703148,0.017016653,0.01663971,19.867954925823906,22.652032470703148,0.01566625,0.047424316,11.388432948799272,21.487969970703148,0.01534963,0.08987427,5.719287104164154,0,0,0
2018-02-02 07:00:00,1159.1188,25.3173767089844,0.017244976,0.010910034,22.785013794985844,23.6533142089844,0.016077679,0.042541504,12.46882511431792,21.8642517089844,0.015379588,0.07998657,5.884973272945155,0,0,0
2018-02-02 08:00:00,1313.2161,26.527642822265648,0.016969897,0.01026535,28.956295866572784,25.394830322265648,0.016489245,0.05003357,14.384594162674649,22.863580322265648,0.015367723,0.06564331,6.0337189960335165,0,0,0
2018-02-02 09:00:00,1394.1001,27.534692382812523,0.016634045,0.01341629,31.28809233046476,26.894067382812523,0.016504345,0.04522705,16.554140772664447,24.190942382812523,0.015096722,0.0552063,5.940043789095299,0,0,0
2018-02-02 10:00:00,1482.6983,28.321496582031276,0.016420508,0.017341614,31.34135815820961,27.993371582031276,0.016443396,0.03642273,17.059946956574418,25.329309082031276,0.014784003,0.046035767,5.835363005891105,0,0,0
2018-02-02 11:00:00,1501.327,28.880273437500023,0.01633647,0.020599365,30.685892707080704,28.833398437500023,0.016443282,0.02911377,16.968188737048905,26.091210937500023,0.014516859,0.036880493,5.735768853609865,0,0,0
2018-02-02 12:00:00,1495.1789,29.189660644531276,0.016343873,0.021873474,30.00209410415822,29.361535644531276,0.016427796,0.023353577,16.754273719448747,26.580285644531276,0.014306824,0.030815125,5.602949516922723,0,0,0
2018-02-02 13:00:00,1518.4633,29.243341064453148,0.016389612,0.020751953,29.8128233694137,29.571466064453148,0.016275171,0.02368927,16.53648578881415,26.758966064453148,0.014093164,0.023757935,5.559883688801017,0,0,0
2018-02-02 14:00:00,1522.0757,29.006860351562523,0.01642027,0.04360962,30.050503022971075,29.366235351562523,0.016076947,0.022819519,16.32668059550312,26.499047851562523,0.014009382,0.020774841,5.665725011937013,0,0,0
2018-02-02 15:00:00,1490.2471,28.5102478027344,0.016390078,0.060562134,30.158958265694043,28.7758728027344,0.015901797,0.017166138,16.160401585565204,25.9477478027344,0.01384186,0.02027893,6.095329854549842,0,0,0
2018-02-02 16:00:00,1406.5774,27.8395935058594,0.016329277,0.07183838,29.404062044998028,27.8083435058594,0.015741814,0.012542725,15.314000354987543,25.1130310058594,0.013784874,0.025856018,6.5527812556538345,0,0,0
2018-02-02 17:00:00,1292.1678,26.9748474121094,0.016413053,0.070495605,27.081269900862463,26.3654724121094,0.015810331,0.009738922,12.744995014463568,23.9904724121094,0.013952574,0.0142326355,6.648725424784056,0,0,0
2018-02-02 18:00:00,1299.7857,25.9606872558594,0.016977103,0.05064392,21.811806755526455,24.3669372558594,0.01576403,0.012390137,9.735017962093858,22.6638122558594,0.0141275255,0.012042999,6.3071103706627945,0,0,0
2018-02-02 19:00:00,1346.4353999999998,25.476098632812523,0.01736576,0.06123352,19.31131372456454,23.593286132812523,0.015694922,0.009876251,9.217292952916427,21.874536132812523,0.014256781,0.011184692,5.981363019204308,0,0,0
2018-02-02 20:00:00,1335.2639,25.200463867187523,0.017426508,0.07287598,19.03906640304381,23.177026367187523,0.015595453,0.00765419,8.757690729388719,21.489526367187523,0.014351862,0.022277832,5.768500021563604,0,0,0
2018-02-02 21:00:00,1232.2716,24.980065917968773,0.017311953,0.07211304,18.88381112087098,22.784753417968773,0.015431306,0.005844116,8.113717480072593,21.300378417968773,0.014386079,0.02532196,5.564563356528158,0,0,0
2018-02-02 22:00:00,1198.8233,24.771051025390648,0.01720536,0.0758667,18.71908124576489,22.294488525390648,0.015244605,0.0056705475,7.402489264112299,21.138238525390648,0.014348151,0.020355225,5.579569345898782,0,0,0
2018-02-02 23:00:00,1146.5279,24.623803710937523,0.017068587,0.07632446,19.37873537738364,21.881616210937523,0.015069686,0.013912201,7.214808589434493,20.936303710937523,0.0142304525,0.015220642,5.653652701728781,0,0,0
2018-02-03 00:00:00,1066.2974000000002,24.445001220703148,0.017046157,0.07254028,18.971023299669977,21.562188720703148,0.014993849,0.018798828,7.156020576097771,20.726251220703148,0.0140706925,0.0094947815,5.682574187707866,0,0,0
2018-02-03 01:00:00,1030.3959,24.285546875000023,0.017008228,0.080718994,19.10552489577213,21.340234375000023,0.015005512,0.022193909,7.1063222272518844,20.543359375000023,0.013945026,0.012622833,5.734691875132435,0,0,0
2018-02-03 02:00:00,1001.4584,24.157434082031276,0.016939785,0.08255005,19.45316573320284,21.173059082031276,0.0150858415,0.028465271,6.909770218248516,20.423059082031276,0.013884212,0.02355957,5.806060275457121,0,0,0
2018-02-03 03:00:00,964.8566,24.037774658203148,0.016886638,0.08560181,19.52407716726705,21.092462158203148,0.015208172,0.0233078,6.798812459584078,20.389337158203148,0.013869213,0.036087036,5.732493920570474,0,0,0
2018-02-03 04:00:00,959.7353,23.895410156250023,0.016863601,0.06668091,18.047138289475512,21.043847656250023,0.015352982,0.02670288,6.549890779356293,20.395410156250023,0.013933915,0.046539307,5.425622329526696,0,0,0
2018-02-03 05:00:00,966.3077,23.785424804687523,0.016825166,0.0382843,16.567104450993746,21.027612304687523,0.015417541,0.041397095,6.535840467534794,20.449487304687523,0.014040436,0.052200317,5.046818057468288,0,0,0
2018-02-03 06:00:00,953.7124,23.8259216308594,0.016770763,0.02609253,15.947331497682384,21.1540466308594,0.015454694,0.039779663,6.853136772844923,20.4040466308594,0.014115735,0.059677124,4.971963878055381,0,0,0
2018-02-03 07:00:00,1006.6135,25.0336853027344,0.01693837,0.020904541,19.260601107049663,23.2758728027344,0.016091507,0.03211975,10.444534924252755,21.1430603027344,0.01446263,0.06298828,5.298412247116401,0,0,0
2018-02-03 08:00:00,1156.9242000000002,26.377404785156276,0.016495233,0.0210495,24.15516631978599,25.400842285156276,0.016724115,0.02898407,12.775169338589556,22.697717285156276,0.014763362,0.06311035,5.613823491228935,0,0,0
2018-02-03 09:00:00,1254.7324999999998,27.3593688964844,0.016105868,0.025733948,25.408987002306848,27.0937438964844,0.016624667,0.027503967,15.166218814036489,24.4062438964844,0.015114048,0.07537842,5.5544925240207,0,0,0
2018-02-03 10:00:00,1310.5662,28.132928466796898,0.015938014,0.027519226,25.476577593141805,28.164178466796898,0.01637289,0.022361755,15.941268855846294,25.757928466796898,0.015117855,0.06964111,5.527286208429506,0,0,0
2018-02-03 11:00:00,1319.5621,28.640100097656276,0.01589238,0.02759552,25.346115374455223,28.936975097656276,0.016250962,0.02204132,15.856199920779709,26.577600097656276,0.014988298,0.0637207,5.379972320825783,0,0,0
2018-02-03 12:00:00,1298.9056,28.921594238281276,0.015869651,0.026519775,25.08915824028488,29.421594238281276,0.016159568,0.02393341,15.23514337004609,27.030969238281276,0.014805351,0.0675354,5.132539188999079,0,0,0
2018-02-03 13:00:00,1281.2791,29.017602539062523,0.015854469,0.026893616,24.75486147212111,29.673852539062523,0.016068092,0.032821655,14.654959454358336,27.189477539062523,0.014843574,0.06491089,4.760316417258998,0,0,0
2018-02-03 14:00:00,1264.3258,28.907067871093773,0.015823873,0.028213501,24.109914286843605,29.563317871093773,0.015938314,0.03111267,14.381671208028637,27.000817871093773,0.014908345,0.059890747,4.732372744341029,0,0,0
2018-02-03 15:00:00,1235.9459000000002,28.581384277343773,0.015709233,0.024467468,23.515250100832173,29.112634277343773,0.01573975,0.029830933,14.216264661953952,26.534509277343773,0.0149043305,0.05467224,5.045357787542444,0,0,0
2018-02-03 16:00:00,1196.645,28.029260253906276,0.01554879,0.0206604,23.27714932164143,28.060510253906276,0.015762413,0.020523071,13.087589663660214,25.779260253906276,0.0148354415,0.04727173,5.6418692056126,0,0,0
2018-02-03 17:00:00,1167.9087,27.092828369140648,0.01556763,0.02381134,22.383152525231417,26.608453369140648,0.015952913,0.01436615,11.55618611922075,24.608453369140648,0.0148886135,0.037719727,6.247276011615591,0,0,0
2018-02-03 18:00:00,1186.3527,25.894952392578148,0.01596037,0.017707825,19.5380535962536,24.457452392578148,0.01570097,0.021629333,9.725675540790546,23.238702392578148,0.01500288,0.04901123,6.457847629454339,0,0,0
2018-02-03 19:00:00,1221.7292,25.325219726562523,0.016181614,0.025657654,18.59238937708178,23.434594726562523,0.015475895,0.028213501,9.35700980180262,22.426782226562523,0.014964726,0.032485962,6.577508420340739,0,0,0
2018-02-03 20:00:00,1192.8675,25.049218750000023,0.016204618,0.02998352,18.580901301833467,22.760156250000023,0.01528909,0.023376465,8.770248535183965,21.939843750000023,0.014831326,0.024749756,6.385395388627395,0,0,0
2018-02-03 21:00:00,1144.5714999999998,24.870141601562523,0.016182335,0.030403137,18.55795310078716,22.299829101562523,0.015087516,0.017959595,8.280424261419018,21.565454101562523,0.014610679,0.016304016,5.929663066587507,0,0,0
2018-02-03 22:00:00,1098.8901,24.664208984375023,0.016198872,0.029640198,18.23707350192324,21.890771484375023,0.014829395,0.01675415,7.859186567774051,21.234521484375023,0.014360188,0.009307861,5.626574669729185,0,0,0
2018-02-03 23:00:00,1059.3904,24.4633728027344,0.016176833,0.028137207,17.602846366292937,21.4946228027344,0.014555586,0.012458801,7.638427328449356,20.8930603027344,0.014109266,0.007335663,5.467201269960466,0,0,0
2018-02-04 00:00:00,1016.353,24.271997070312523,0.01606984,0.031059265,17.095528991851364,21.146997070312523,0.014311266,0.007425308,7.761152465620327,20.576684570312523,0.013895464,0.006383896,5.493184593711632,0,0,0
2018-02-04 01:00:00,985.2117,24.100762939453148,0.015938956,0.032577515,16.496157666967104,20.858575439453148,0.014100272,0.004491806,7.869135040485732,20.296075439453148,0.013760764,0.006254196,5.586237689295119,0,0,0
2018-02-04 02:00:00,945.2883,23.976861572265648,0.015838824,0.037384033,16.25410733473307,20.617486572265648,0.013927661,0.0035963058,8.071961512085391,20.109674072265648,0.01368352,0.0059223175,5.897595326104799,0,0,0
2018-02-04 03:00:00,920.5423,23.9099060058594,0.015769681,0.040390015,16.444508711428686,20.4411560058594,0.013805111,0.005332947,8.28123285486138,20.0192810058594,0.013602932,0.0060806274,6.129498236751389,0,0,0
2018-02-04 04:00:00,913.3148,23.868005371093773,0.015815279,0.035446167,16.603647405848342,20.282067871093773,0.013755342,0.0068683624,8.255070047433705,19.993005371093773,0.0135722365,0.007949829,6.217388776237598,0,0,0
2018-02-04 05:00:00,909.5441,23.819360351562523,0.015914347,0.027832031,16.603202253578743,20.178735351562523,0.013801005,0.007968903,8.20446589208224,20.022485351562523,0.013587382,0.008586884,6.204419034799891,0,0,0
2018-02-04 06:00:00,877.4072,23.8444763183594,0.015990695,0.023208618,16.795821078854424,20.2272888183594,0.013911685,0.010482788,8.295682804639437,20.0866638183594,0.013621768,0.008018494,6.1590268389399965,0,0,0
2018-02-04 07:00:00,879.214,24.892724609375023,0.016181976,0.019096375,19.969236487251813,22.298974609375023,0.014644653,0.015808105,11.505539052736424,20.822412109375023,0.01379779,0.013305664,6.446244286339909,0,0,0
2018-02-04 08:00:00,943.7127,26.188104248046898,0.015900102,0.018997192,23.85655462057038,24.453729248046898,0.015369858,0.02254486,13.92476532496935,22.234979248046898,0.013889755,0.018989563,6.845051881469546,0,0,0
2018-02-04 09:00:00,999.7833,27.223596191406276,0.01583939,0.017990112,25.27647045170852,26.161096191406276,0.015610508,0.023803711,15.812514484383806,23.606408691406276,0.013836673,0.02168274,6.872642476314243,0,0,0
2018-02-04 10:00:00,1075.9498999999998,28.0356384277344,0.015953882,0.018859863,25.33142651793605,27.3950134277344,0.015725,0.023078918,15.723080894886612,24.8403259277344,0.013920649,0.02733612,6.26475077858729,0,0,0
2018-02-04 11:00:00,1107.5264,28.595239257812523,0.016030047,0.025939941,24.83467559805336,28.360864257812523,0.015793536,0.020217896,15.144457235600669,25.845239257812523,0.014069293,0.026863098,5.7381903737911255,0,0,0
2018-02-04 12:00:00,1125.6108,28.927331542968773,0.01603756,0.032089233,23.902211860234264,29.021081542968773,0.015801048,0.01613617,14.499833794002985,26.513269042968773,0.014198876,0.02848053,5.383649103845815,0,0,0
2018-02-04 13:00:00,1145.1521,29.055993652343773,0.016029892,0.028198242,23.252660547433702,29.368493652343773,0.015762864,0.012168884,14.06027003803556,26.798181152343773,0.014378129,0.028778076,5.212417074957228,0,0,0
2018-02-04 14:00:00,1139.1015000000002,28.971643066406276,0.01597639,0.028518677,23.21631017421737,29.315393066406276,0.015755137,0.009162903,13.897252729329333,26.737268066406276,0.014511545,0.028953552,5.259198158269408,0,0,0
2018-02-04 15:00:00,1137.6165,28.653039550781276,0.015915113,0.021751404,23.74590955986305,28.871789550781276,0.01570149,0.008487701,13.821230222983372,26.309289550781276,0.014579969,0.030677795,5.493517301142471,0,0,0
2018-02-04 16:00:00,1127.0653,28.042504882812523,0.015823042,0.013748169,23.91261553579397,28.011254882812523,0.01560179,0.011806488,13.10818778844612,25.511254882812523,0.01452986,0.027076721,5.907894319796545,0,0,0
2018-02-04 17:00:00,1089.4234,27.032983398437523,0.015838416,0.009250641,22.968023426008088,26.486108398437523,0.015754493,0.0113220215,10.716892533915608,24.329858398437523,0.01460627,0.02332306,6.2724696129815065,0,0,0
2018-02-04 18:00:00,1113.1906,25.833154296875023,0.016082507,0.012641907,19.92326617385261,24.098779296875023,0.01559804,0.013969421,7.999506691981918,22.895654296875023,0.014743548,0.03024292,6.291528946672376,0,0,0
2018-02-04 19:00:00,1163.355,25.306939697265648,0.016174145,0.014785767,18.56480765130312,23.088189697265648,0.015205212,0.010726929,8.121044287592879,22.049127197265648,0.014770336,0.026535034,6.2580465414450686,0,0,0
2018-02-04 20:00:00,1157.7644,25.044335937500023,0.016105903,0.012931824,18.09762550079678,22.442773437500023,0.014934792,0.00620842,8.170093526876853,21.622460937500023,0.01471354,0.026382446,6.060829165169776,0,0,0
2018-02-04 21:00:00,1141.8045,24.859643554687523,0.016022982,0.011844635,18.04270949288733,21.992456054687523,0.014748872,0.003440857,8.080589306369184,21.375268554687523,0.014607728,0.026428223,5.939743636407851,0,0,0
2018-02-04 22:00:00,1103.1599,24.702905273437523,0.015924739,0.013736725,18.689251639138863,21.632592773437523,0.014608668,0.0023202896,8.06247066048895,21.148217773437523,0.014471339,0.023078918,5.8971929370458245,0,0,0
2018-02-04 23:00:00,1064.5079,24.535852050781276,0.015810799,0.015899658,19.647288524122043,21.293664550781276,0.01455195,0.002038002,8.035844025354717,20.824914550781276,0.014296365,0.022613525,5.652641799545133,0,0,0
2018-02-05 00:00:00,1007.6089,24.346459960937523,0.015666045,0.016334534,20.331156951663232,20.987084960937523,0.01453308,0.0055160522,7.938601588905814,20.510522460937523,0.014143981,0.028175354,5.548449882336666,0,0,0
2018-02-05 01:00:00,975.5256,24.145043945312523,0.015520856,0.01714325,20.875714939689228,20.715356445312523,0.014544293,0.013397217,7.815340333289811,20.270043945312523,0.0139873475,0.03567505,5.661462448759669,0,0,0
2018-02-05 02:00:00,930.6832,23.985772705078148,0.015459326,0.017066956,21.30211618146408,20.571710205078148,0.014581946,0.017730713,7.831785201091456,20.095147705078148,0.01390293,0.038772583,5.667943952257737,0,0,0
2018-02-05 03:00:00,919.1183,23.900598144531276,0.015470746,0.020065308,21.474427469812788,20.447473144531276,0.014642957,0.018188477,7.845834970769511,20.025598144531276,0.013868573,0.042114258,5.627273161293267,0,0,0
2018-02-05 04:00:00,912.0564,23.855554199218773,0.015513272,0.020431519,20.971964056024596,20.339929199218773,0.014696927,0.011882782,7.656601873291685,19.980554199218773,0.013804288,0.048355103,5.468351554960388,0,0,0
2018-02-05 05:00:00,939.6323,23.789361572265648,0.015673866,0.019828796,19.647462148070503,20.258111572265648,0.014727821,0.009334564,7.446835264291216,19.945611572265648,0.013751258,0.053451538,5.306032954114029,0,0,0
2018-02-05 06:00:00,962.896,23.863458251953148,0.015773393,0.017166138,19.359875594125587,20.332208251953148,0.014735795,0.008811951,7.302455823451917,19.949395751953148,0.01371727,0.04838562,5.104478362031688,0,0,0
2018-02-05 07:00:00,1075.2509,24.854882812500023,0.015926708,0.015129089,22.05128917428745,22.558007812500023,0.0153278,0.009860992,10.229360845293446,20.636132812500023,0.0138858445,0.042541504,5.167154950274993,0,0,0
2018-02-05 08:00:00,1245.8389000000002,26.040093994140648,0.015610712,0.019836426,25.848624145962933,24.758843994140648,0.015843408,0.02507019,12.22838282675257,22.094781494140648,0.013901727,0.04283142,5.199783489414919,0,0,0
2018-02-05 09:00:00,1342.5041,26.982690429687523,0.015462036,0.01687622,26.71721603326888,26.467065429687523,0.015835878,0.026542664,14.320579429923226,23.693627929687523,0.013951416,0.045394897,4.843465825758632,0,0,0
2018-02-05 10:00:00,1432.1313,27.781304931640648,0.015424197,0.027618408,26.4537192601591,27.671929931640648,0.015737003,0.02294159,14.755609605554866,25.039117431640648,0.013966982,0.047348022,4.571011008069744,0,0,0
2018-02-05 11:00:00,1462.5886,28.395867919921898,0.015390166,0.033798218,25.86439936555681,28.598992919921898,0.015638122,0.018112183,14.71628195121898,26.106805419921898,0.013971099,0.04597473,4.289772050043336,0,0,0
2018-02-05 12:00:00,1467.5325,28.778253173828148,0.015393878,0.030281067,25.10657250422997,29.200128173828148,0.015504505,0.0134010315,14.68463474587056,26.747003173828148,0.013951923,0.049850464,4.04133327144655,0,0,0
2018-02-05 13:00:00,1491.0806,28.953637695312523,0.015401319,0.030090332,25.087368951976952,29.484887695312523,0.015401319,0.0107421875,14.78593720072585,27.031762695312523,0.013947919,0.04232788,3.936614323870183,0,0,0
2018-02-05 14:00:00,1503.5626,28.833093261718773,0.015302,0.042556763,25.68389355813608,29.411218261718773,0.015267667,0.012420654,14.658152122454574,26.934655761718773,0.014050779,0.055725098,4.109394572976497,0,0,0
2018-02-05 15:00:00,1479.7987999999998,28.5615173339844,0.015275464,0.04345703,26.442541075237557,28.9365173339844,0.015096174,0.01360321,14.299354261210455,26.4365173339844,0.014424787,0.059143066,4.439663710359602,0,0,0
2018-02-05 16:00:00,1398.9708,27.866387939453148,0.01536371,0.032455444,26.65133703717584,27.944512939453148,0.015062349,0.011222839,12.953026306733484,25.694512939453148,0.014471071,0.052322388,4.80741569361805,0,0,0
2018-02-05 17:00:00,1274.3001000000002,26.898095703125023,0.015600546,0.039978027,25.6535789803675,26.413720703125023,0.015520438,0.010101318,10.377252011682325,24.632470703125023,0.014444693,0.03778076,5.308332399920148,0,0,0
2018-02-05 18:00:00,1248.4086,25.7783142089844,0.016019834,0.042800903,22.36433170294904,23.9658142089844,0.015398039,0.018600464,7.958976687112852,23.2001892089844,0.014661802,0.04446411,5.494819812961705,0,0,0
2018-02-05 19:00:00,1286.2064,25.226983642578148,0.016309436,0.051727295,20.656523716392808,22.953546142578148,0.01513451,0.032470703,7.993847498176125,22.281671142578148,0.01481026,0.034194946,5.747747985348363,0,0,0
2018-02-05 20:00:00,1244.6054,24.931817626953148,0.016362585,0.054718018,20.00109046252082,22.377130126953148,0.014985479,0.036758423,8.032476503994982,21.759942626953148,0.01485578,0.040252686,5.726332893296214,0,0,0
2018-02-05 21:00:00,1211.3459,24.758508300781276,0.016316438,0.04724121,20.11350912214333,22.000695800781276,0.01498511,0.030975342,7.952288963877926,21.500695800781276,0.014893557,0.05204773,5.516856655679388,0,0,0
2018-02-05 22:00:00,1169.6869,24.5256286621094,0.016270433,0.044799805,20.074219365696138,21.7053161621094,0.015072617,0.03526306,8.106470194159051,21.3537536621094,0.014885697,0.06124878,5.460407930163638,0,0,0
2018-02-05 23:00:00,1098.3958,24.301782226562523,0.016210387,0.0410614,19.74572368440318,21.458032226562523,0.015157529,0.031906128,8.29696810395325,21.215844726562523,0.014791318,0.06774902,5.5689741609713375,0,0,0
2018-02-06 00:00:00,1035.7132,24.106896972656276,0.016172064,0.034683228,19.300913165532805,21.270959472656276,0.01521076,0.024810791,8.313927251141921,21.052209472656276,0.014669073,0.069610596,5.624742364705385,0,0,0
2018-02-06 01:00:00,989.6927,23.958428955078148,0.016080014,0.040039062,19.883077110223503,21.114678955078148,0.015217894,0.032287598,8.21743747224337,20.888116455078148,0.014580839,0.0715332,5.627749206095541,0,0,0
2018-02-06 02:00:00,971.6208,23.837792968750023,0.01595002,0.037124634,20.487678643425884,20.970605468750023,0.015171822,0.036193848,8.349756659885179,20.798730468750023,0.014565285,0.077697754,5.5760259086357244,0,0,0
2018-02-06 03:00:00,936.6761,23.7260681152344,0.015835635,0.029151917,20.73107157122398,20.8588806152344,0.015099398,0.03213501,8.680984394138116,20.7651306152344,0.014519564,0.07318115,5.606902221708856,0,0,0
2018-02-06 04:00:00,931.2881,23.639703369140648,0.015759028,0.023262024,19.882277075612485,20.624078369140648,0.014935054,0.04145813,8.406425811177021,20.686578369140648,0.01441244,0.06982422,5.560261308032081,0,0,0
2018-02-06 05:00:00,953.0597,23.558770751953148,0.01575871,0.019012451,18.54390514837302,20.340020751953148,0.014690596,0.032821655,8.036494983351364,20.566583251953148,0.014301497,0.06665039,5.4539134892316055,0,0,0
2018-02-06 06:00:00,975.4975,23.6498962402344,0.015812024,0.02129364,18.49137741809299,20.2436462402344,0.014515027,0.026374817,7.938540869522872,20.4623962402344,0.014171705,0.064971924,5.444349134653288,0,0,0
2018-02-06 07:00:00,1077.7106,24.754479980468773,0.016086465,0.027770996,21.414839774063875,22.231042480468773,0.014945871,0.025428772,11.176193439838428,21.043542480468773,0.014194376,0.061294556,5.772693183213916,0,0,0
2018-02-06 08:00:00,1238.8529,25.966699218750023,0.015948981,0.032470703,25.341567294841575,24.427636718750023,0.015342443,0.020301819,13.39755609915225,22.404199218750023,0.014136999,0.050842285,6.028860737232237,0,0,0
2018-02-06 09:00:00,1355.5023,26.962518310546898,0.015864206,0.04525757,26.446293210212787,26.118768310546898,0.015154674,0.016220093,15.45650438592217,23.853143310546898,0.014067485,0.036071777,5.8891902756891366,0,0,0
2018-02-06 10:00:00,1414.8181,27.813195800781276,0.015840849,0.0460968,26.382889699509494,27.281945800781276,0.015089354,0.013954163,15.340462620012346,25.024133300781276,0.0138800945,0.028717041,5.62391856669892,0,0,0
2018-02-06 11:00:00,1451.088,28.471582031250023,0.015850252,0.05079651,26.13645483305329,28.237207031250023,0.015178865,0.015457153,14.942853790174462,25.909082031250023,0.013725465,0.02785492,5.279568701381527,0,0,0
2018-02-06 12:00:00,1454.5974,28.845635986328148,0.015836742,0.05682373,25.536634630505898,28.923760986328148,0.015382794,0.019264221,14.622571819909725,26.501885986328148,0.013662365,0.03251648,5.031073722831482,0,0,0
2018-02-06 13:00:00,1484.9869,29.059106445312523,0.01587611,0.05177307,24.93071850343781,29.293481445312523,0.015597638,0.021316528,14.40246227193909,26.715356445312523,0.013655957,0.038513184,4.904722291276757,0,0,0
2018-02-06 14:00:00,1501.5096,29.082055664062523,0.01594413,0.040786743,24.951818977053996,29.332055664062523,0.015753396,0.022521973,14.322720107552785,26.597680664062523,0.013712534,0.038619995,4.943543350009593,0,0,0
2018-02-06 15:00:00,1485.2297,28.790124511718773,0.01598193,0.039016724,25.61244166354997,28.977624511718773,0.015898006,0.02256012,14.26694597226359,26.141687011718773,0.013818996,0.034194946,5.1646583386517335,0,0,0
2018-02-06 16:00:00,1405.4017,28.147332763671898,0.01615706,0.038848877,25.98825809314315,28.147332763671898,0.01603499,0.031082153,13.391668616347932,25.389520263671898,0.013849169,0.024230957,5.501990190570036,0,0,0
2018-02-06 17:00:00,1293.6277,27.183740234375023,0.016522948,0.0362854,25.535647260366424,26.683740234375023,0.016286436,0.052093506,10.822837715827792,24.222802734375023,0.014058653,0.022636414,5.764462207679239,0,0,0
2018-02-06 18:00:00,1273.7687,26.043847656250023,0.017033773,0.03337097,22.32805958593462,24.496972656250023,0.016133504,0.07034302,8.15378982798551,22.739160156250023,0.014386373,0.03933716,5.67933087558173,0,0,0
2018-02-06 19:00:00,1310.6799,25.502282714843773,0.017384574,0.027404785,20.14297462081276,23.502282714843773,0.015904471,0.05606079,7.8156791529558225,21.846032714843773,0.014542625,0.043060303,5.780034988983799,0,0,0
2018-02-06 20:00:00,1265.3089,25.279138183593773,0.017416062,0.018508911,19.31874932073458,22.872888183593773,0.015752854,0.035964966,7.360472897803298,21.388513183593773,0.014597,0.044418335,5.665512859835888,0,0,0
2018-02-06 21:00:00,1227.2074,25.168725585937523,0.017294776,0.014606476,19.216971597405465,22.457788085937523,0.015620124,0.033111572,6.872541541525249,21.160913085937523,0.014628302,0.054229736,5.3310677142804295,0,0,0
2018-02-06 22:00:00,1176.5825,25.046441650390648,0.017110612,0.016853333,20.112594120618606,22.163629150390648,0.015550401,0.029663086,6.589037703787897,21.062066650390648,0.014627244,0.055618286,5.101693982800284,0,0,0
2018-02-06 23:00:00,1119.4061,24.913934326171898,0.016942061,0.023414612,20.92299401297044,21.937371826171898,0.015530624,0.021720886,6.384659573434777,20.913934326171898,0.014607468,0.054275513,5.096665717341699,0,0,0
2018-02-07 00:00:00,1055.2657000000002,24.768914794921898,0.016918764,0.026496887,20.923301184820318,21.729852294921898,0.015541658,0.016792297,6.068164540267209,20.776727294921898,0.014603242,0.061203003,4.9760480265676215,0,0,0
2018-02-07 01:00:00,1016.8873,24.6332946777344,0.016994951,0.028244019,20.329814022656496,21.6098571777344,0.015610216,0.018936157,6.141478910988079,20.6879821777344,0.014633654,0.071380615,4.8428870080829975,0,0,0
2018-02-07 02:00:00,985.2101,24.498193359375023,0.017109502,0.031448364,20.01428669870864,21.560693359375023,0.015705694,0.036071777,6.294532174201131,20.638818359375023,0.014698613,0.080596924,4.587425724020716,0,0,0
2018-02-07 03:00:00,956.5786,24.327447509765648,0.01717832,0.042160034,19.47288280334608,21.530572509765648,0.015766881,0.051086426,6.617964700682528,20.600885009765648,0.0147330975,0.09347534,4.455987252170949,0,0,0
2018-02-07 04:00:00,958.4066,24.139001464843773,0.017193282,0.040237427,18.234325142525027,21.428063964843773,0.015720809,0.05154419,6.697007484567421,20.537438964843773,0.01469847,0.10031128,4.364219759393008,0,0,0
2018-02-07 05:00:00,967.7408,23.992089843750023,0.017193045,0.03552246,16.90882523023122,21.249902343750023,0.015594687,0.055023193,6.635611339769534,20.492089843750023,0.01467916,0.110565186,4.33962895806927,0,0,0
2018-02-07 06:00:00,997.9542,23.993371582031276,0.01712429,0.028129578,16.395562618336015,21.227746582031276,0.015491599,0.046585083,6.5580231660676285,20.430871582031276,0.014606589,0.1038208,4.433335202917025,0,0,0
2018-02-07 07:00:00,1093.1302999999998,25.064141845703148,0.017223503,0.014606476,19.61053251532625,23.368829345703148,0.016079094,0.04220581,9.329486138032012,21.111016845703148,0.014732507,0.10253906,4.732590817699997,0,0,0
2018-02-07 08:00:00,1260.1563,26.316186523437523,0.016849523,0.016525269,25.962260089880644,25.527124023437523,0.016674047,0.036071777,11.713618290459609,22.667749023437523,0.014846806,0.090270996,4.902375820830107,0,0,0
2018-02-07 09:00:00,1361.0113,27.296960449218773,0.016666763,0.02344513,28.15395033443076,27.343835449218773,0.016964309,0.040664673,13.808614662510683,24.586022949218773,0.015076033,0.09899902,4.597205992814402,0,0,0
2018-02-07 10:00:00,1429.0934,28.165948486328148,0.016667271,0.024757385,28.598629002288675,28.603448486328148,0.01704874,0.042617798,13.980846338153306,26.080010986328148,0.0150918,0.10165405,4.0530824375197225,0,0,0
2018-02-07 11:00:00,1445.0292000000002,28.812341308593773,0.016698215,0.030784607,27.99164027078135,29.546716308593773,0.017163608,0.042434692,13.379047090955758,27.163903808593773,0.015172337,0.10241699,3.263138991294666,0,0,0
2018-02-07 12:00:00,1469.9804,29.069055175781276,0.01667551,0.03491211,26.798381437703732,30.194055175781276,0.01730112,0.04258728,12.4608232263569,27.779992675781276,0.015534914,0.10668945,2.153680723584984,0,0,0
2018-02-07 13:00:00,1521.1771,29.224237060546898,0.01667554,0.030799866,25.36207157711328,30.489862060546898,0.017400332,0.04234314,11.769672466637456,27.927362060546898,0.016072817,0.105285645,1.699564096018197,0,0,0
2018-02-07 14:00:00,1534.618,29.203424072265648,0.016637167,0.024047852,23.873217527947897,30.437799072265648,0.017339071,0.041549683,11.589954064502807,27.828424072265648,0.016026815,0.098968506,1.690304219103442,0,0,0
2018-02-07 15:00:00,1512.4568000000002,28.833459472656276,0.016514974,0.025794983,22.567691509617067,30.020959472656276,0.01718636,0.03439331,11.618628959989731,27.388146972656276,0.01594277,0.079589844,1.9466859790037825,0,0,0
2018-02-07 16:00:00,1437.9956,28.237176513671898,0.01640046,0.02469635,21.891097634418617,29.127801513671898,0.017094735,0.030670166,11.318658834476782,26.705926513671898,0.015759591,0.059387207,2.4683211637407734,0,0,0
2018-02-07 17:00:00,1318.8786,27.315972900390648,0.016422968,0.012275696,21.30029193516928,27.597222900390648,0.017231684,0.024971008,9.481195132575206,25.628472900390648,0.01589654,0.05102539,3.1187773724350487,0,0,0
2018-02-07 18:00:00,1301.543,26.092004394531276,0.016643723,0.009063721,19.254810776455564,25.248254394531276,0.016849717,0.027778625,7.683843407349411,24.146691894531276,0.01606389,0.062301636,3.6786448640411167,0,0,0
2018-02-07 19:00:00,1353.9578,25.458215332031276,0.016727393,0.014556885,18.3746487330902,24.145715332031276,0.016498512,0.028289795,7.607998920067551,23.145715332031276,0.015911048,0.060409546,4.400065928745515,0,0,0
2018-02-07 20:00:00,1282.2886999999998,25.149560546875023,0.016689304,0.0129776,17.44359315796898,23.422998046875023,0.016269688,0.0259552,6.926588279836204,22.594873046875023,0.015903477,0.058944702,4.43344915616364,0,0,0
2018-02-07 21:00:00,1263.2778,24.868432617187523,0.016621191,0.008152008,15.627269093051437,22.930932617187523,0.016064245,0.029655457,6.289205513222543,22.321557617187523,0.01588877,0.07131958,4.232052331132162,0,0,0
2018-02-07 22:00:00,1214.2379,24.626733398437523,0.01654465,0.00614357,14.852192110043314,22.595483398437523,0.015972445,0.028053284,6.089997407884469,22.118920898437523,0.015804598,0.092285156,4.125937185462987,0,0,0
2018-02-07 23:00:00,1150.0621,24.395806884765648,0.016475204,0.0045433044,14.966272873714043,22.309869384765648,0.015994553,0.019065857,6.051735391075135,21.942681884765648,0.015674118,0.09509277,4.085751850877716,0,0,0
2018-02-08 00:00:00,1099.6942,24.210473632812523,0.016467093,0.0022058487,15.586215663636215,22.030786132812523,0.016009329,0.021499634,6.066425120956241,21.835473632812523,0.01562786,0.09039307,3.913303602280069,0,0,0
2018-02-08 01:00:00,1045.8699,24.070458984375023,0.016497903,0.00014770031,16.459029138978824,21.781396484375023,0.015948586,0.029685974,6.272140045723934,21.843896484375023,0.015555673,0.10235596,3.643596997982861,0,0,0
2018-02-08 02:00:00,1021.76,23.947442626953148,0.016560594,0.00078988075,16.890127984708812,21.580255126953148,0.015820542,0.02898407,6.618918734985112,21.814630126953148,0.015381852,0.10733032,3.4668758670028006,0,0,0
2018-02-08 03:00:00,991.2485,23.974176025390648,0.016593834,0.0050754547,18.102585025203627,21.396051025390648,0.015693566,0.022232056,6.917075498823249,21.700738525390648,0.015167138,0.11679077,3.4725039814541034,0,0,0
2018-02-08 04:00:00,975.618,24.1066833496094,0.016609201,0.009708405,18.7271202689932,21.2394958496094,0.015567789,0.017295837,6.868419258131287,21.5598083496094,0.014938364,0.11352539,3.5893666106585504,0,0,0
2018-02-08 05:00:00,995.8463000000002,24.153710937500023,0.016678408,0.010059357,18.0100119403162,21.091210937500023,0.015472963,0.015899658,6.685620951263037,21.372460937500023,0.014767244,0.11413574,3.887835215255429,0,0,0
2018-02-08 06:00:00,1021.4395,24.215661621093773,0.016755462,0.0111198425,17.612023720078323,21.082849121093773,0.015431763,0.011779785,6.676319746214881,21.192224121093773,0.014668823,0.113342285,4.233113974547436,0,0,0
2018-02-08 07:00:00,1115.8689,25.1122985839844,0.016900567,0.015953064,20.920870859608453,23.2763610839844,0.016076593,0.008644104,9.895249145825431,21.7451110839844,0.014840631,0.11166382,4.763234185525466,0,0,0
2018-02-08 08:00:00,1285.6562,26.109399414062523,0.016664386,0.024650574,24.569147478341613,25.476586914062523,0.016725421,0.008838654,12.607326339442444,23.148461914062523,0.014875293,0.1015625,5.328794314947161,0,0,0
2018-02-08 09:00:00,1371.3203,27.002496337890648,0.01671771,0.031692505,25.361266500334256,27.299371337890648,0.016885556,0.013134003,14.49344110986339,24.666558837890648,0.0149286175,0.099823,5.165694154252251,0,0,0
2018-02-08 10:00:00,1454.5584,27.892175292968773,0.016755987,0.045532227,24.893620052855663,28.595300292968773,0.016870428,0.014251709,14.338206218431086,26.009362792968773,0.014959265,0.0869751,4.748064206843753,0,0,0
2018-02-08 11:00:00,1467.7435,28.593652343750023,0.01677886,0.06500244,24.10837325264133,29.609277343750023,0.016870413,0.015422821,13.787392006638768,27.085839843750023,0.015027913,0.07891846,4.081688885070799,0,0,0
2018-02-08 12:00:00,1474.502,29.009667968750023,0.016771156,0.08709717,23.605683369763216,30.275292968750023,0.016931374,0.018623352,13.1137421375106,27.650292968750023,0.015439827,0.08529663,3.1818074185821006,0,0,0
2018-02-08 13:00:00,1528.4444,29.185144042968773,0.016679708,0.08407593,23.39234106461768,30.528894042968773,0.017015401,0.024261475,12.421390210174463,27.802331542968773,0.015825216,0.09188843,2.6946336823523658,0,0,0
2018-02-08 14:00:00,1515.8737999999998,29.132135009765648,0.016565183,0.06561279,23.519211741103305,30.444635009765648,0.017030576,0.036499023,11.96265009962282,27.671197509765648,0.015764097,0.090789795,2.613160775319976,0,0,0
2018-02-08 15:00:00,1483.9352,28.825982666015648,0.016427675,0.0440979,23.75835132774368,30.013482666015648,0.01699225,0.041305542,11.600248860287676,27.247857666015648,0.015718142,0.087677,2.715386086721431,0,0,0
2018-02-08 16:00:00,1408.2781,28.167260742187523,0.016336203,0.029640198,24.37383497065568,29.120385742187523,0.01700759,0.040863037,11.29082089868412,26.464135742187523,0.015649557,0.079193115,3.388536163866602,0,0,0
2018-02-08 17:00:00,1286.6359,27.096826171875023,0.016344398,0.017288208,24.34923093235329,27.581201171875023,0.017229408,0.039230347,9.714470587582069,25.362451171875023,0.015848488,0.09048462,3.995758368326258,0,0,0
2018-02-08 18:00:00,1265.122,25.897790527343773,0.016551364,0.007757187,22.11011416608924,25.405603027343773,0.01697861,0.031341553,8.212668179396871,23.999353027343773,0.016017307,0.099823,4.452436007554425,0,0,0
2018-02-08 19:00:00,1306.3164,25.303063964843773,0.016758023,0.004968643,20.378184378387843,24.396813964843773,0.016750393,0.028862,8.305652715766058,23.201501464843773,0.01591879,0.09008789,5.135549623368665,0,0,0
2018-02-08 20:00:00,1268.1550000000002,25.012170410156276,0.016864508,0.0072460175,19.514353073856004,23.746545410156276,0.01658985,0.029296875,8.125377953761873,22.746545410156276,0.015979499,0.08743286,5.064752154071473,0,0,0
2018-02-08 21:00:00,1244.4792,24.854089355468773,0.016956186,0.0128211975,18.695232342533448,23.275964355468773,0.016414499,0.025756836,7.936601886551652,22.471276855468773,0.015949106,0.095825195,4.955374920669539,0,0,0
2018-02-08 22:00:00,1201.0923,24.766290283203148,0.016948255,0.021598816,19.16882272463381,22.891290283203148,0.016276868,0.022285461,7.727791587341289,22.297540283203148,0.01587251,0.099243164,4.763827708042691,0,0,0
2018-02-08 23:00:00,1141.0404,24.6940856933594,0.016887462,0.027610779,20.778827278889864,22.5300231933594,0.016170299,0.018539429,7.723957739581555,22.1315856933594,0.015697276,0.12133789,4.635920133644956,0,0,0
2018-02-09 00:00:00,1090.5853,24.573571777343773,0.016903456,0.030143738,21.240485720495617,22.159509277343773,0.016064223,0.015258789,7.693535868239245,21.886071777343773,0.015469129,0.13781738,4.639134115538099,0,0,0
2018-02-09 01:00:00,1060.3194999999998,24.463647460937523,0.0169408,0.032180786,21.436812224184848,21.823022460937523,0.015910832,0.012813568,7.658800964136093,21.658959960937523,0.015334812,0.13470459,4.658320034647312,0,0,0
2018-02-09 02:00:00,1022.5035,24.381250000000023,0.017001126,0.03263855,21.37037136356776,21.537500000000023,0.015742276,0.012672424,7.804131235455357,21.467187500000023,0.015158627,0.13763428,4.740267908758086,0,0,0
2018-02-09 03:00:00,992.9332,24.306604003906276,0.017076917,0.02985382,21.18944270857081,21.306604003906276,0.015562482,0.015548706,7.977461317274031,21.267541503906276,0.014997907,0.13165283,4.963933805791289,0,0,0
2018-02-09 04:00:00,979.48,24.235925292968773,0.017145265,0.025733948,19.71979591558058,21.087487792968773,0.015413391,0.019836426,7.6842600028488,21.118737792968773,0.014875519,0.12872314,5.052301280980299,0,0,0
2018-02-09 05:00:00,993.1773,24.181176757812523,0.017175488,0.023834229,17.821765271229797,20.868676757812523,0.015321545,0.021453857,7.311475664433382,21.040551757812523,0.014833264,0.12750244,4.95427299216443,0,0,0
2018-02-09 06:00:00,1014.1314,24.213220214843773,0.017213311,0.022270203,16.909305461965452,20.853845214843773,0.015283073,0.01928711,7.163396297915961,20.978845214843773,0.01481768,0.116119385,4.94224981991711,0,0,0
2018-02-09 07:00:00,1107.9325,25.068170166015648,0.017373674,0.021614075,19.53629491095116,22.950982666015648,0.015824907,0.022895813,9.89978901031383,21.607232666015648,0.0150428945,0.11151123,5.128159110393439,0,0,0
2018-02-09 08:00:00,1270.8169,26.140679931640648,0.017091794,0.02734375,22.476399976602195,25.289117431640648,0.01637463,0.02545929,12.12141616554759,22.984429931640648,0.015275999,0.10253906,5.2130735562050905,0,0,0
2018-02-09 09:00:00,1338.4997,27.091333007812523,0.017015653,0.016174316,22.836831068943965,27.169458007812523,0.016588407,0.0256958,13.351518506044034,24.646020507812523,0.015215115,0.09451294,4.995826052845201,0,0,0
2018-02-09 10:00:00,1449.3178,28.022393798828148,0.017052984,0.015598297,22.61880778684505,28.506768798828148,0.016625738,0.025367737,13.226222331161695,25.991143798828148,0.014996863,0.08477783,4.7930468803324064,0,0,0
2018-02-09 11:00:00,1494.0184000000002,28.776666259765648,0.017136378,0.01939392,22.282821114510817,29.526666259765648,0.016678615,0.02254486,12.833931954694345,26.971978759765648,0.014893336,0.07556152,4.328970985775351,0,0,0
2018-02-09 12:00:00,1470.029,29.270074462890648,0.017136525,0.010929108,21.60833655652916,30.238824462890648,0.016861867,0.019554138,12.271754253309236,27.629449462890648,0.015152883,0.07345581,3.394488752689516,0,0,0
2018-02-09 13:00:00,1483.9816,29.565576171875023,0.017129378,0.014316559,20.95477303187469,30.612451171875023,0.017075973,0.016532898,11.580394573703696,27.846826171875023,0.01571794,0.08166504,2.3984196943684557,0,0,0
2018-02-09 14:00:00,1506.2345,29.554162597656276,0.017007124,0.013153076,20.404641464886044,30.601037597656276,0.017144453,0.01499176,11.06478727843829,27.851037597656276,0.015824568,0.090148926,2.0237602253420524,0,0,0
2018-02-09 15:00:00,1479.9622,29.314050292968773,0.016830523,0.006713867,20.056999579116997,30.251550292968773,0.017128069,0.013793945,10.714190049098583,27.423425292968773,0.016029436,0.079071045,1.8198858076993436,0,0,0
2018-02-09 16:00:00,1384.4827,28.735498046875023,0.016700676,0.0020103455,19.658673371331627,29.547998046875023,0.017257622,0.013622284,9.936620052893314,26.704248046875023,0.016364982,0.07348633,1.89004645835452,0,0,0
2018-02-09 17:00:00,1290.4724,27.727258300781276,0.016769642,0.00137043,18.88781563515944,28.102258300781276,0.01780724,0.01689148,7.659181806726247,25.789758300781276,0.016601795,0.0826416,1.9401405061394992,0,0,0
2018-02-09 18:00:00,1303.8015,26.410424804687523,0.017036984,0.0007958412,17.241235061978664,25.730737304687523,0.017571041,0.02722931,5.923432473573235,24.558862304687523,0.01683862,0.102264404,2.198040859335529,0,0,0
2018-02-09 19:00:00,1323.9123000000002,25.684350585937523,0.017206425,0.004096985,16.702173093929133,24.801538085937523,0.017046208,0.0309906,6.819145131048197,23.801538085937523,0.016367191,0.11376953,3.2752100302054856,0,0,0
2018-02-09 20:00:00,1268.2307,25.345605468750023,0.01717586,0.00689888,16.31267123428446,24.150292968750023,0.016786762,0.030815125,7.038488022608917,23.228417968750023,0.016275592,0.104278564,4.267359481133872,0,0,0
2018-02-09 21:00:00,1225.8526,25.148309326171898,0.017090846,0.0056591034,16.027510357408474,23.663934326171898,0.016633082,0.029342651,7.065665262572391,22.788934326171898,0.01628976,0.09396362,4.451305890009619,0,0,0
2018-02-09 22:00:00,1170.4526,24.971032714843773,0.016998686,0.005552292,17.173345574400273,23.299157714843773,0.016548552,0.030166626,6.935352706576055,22.549157714843773,0.0163273,0.09222412,4.333055055681853,0,0,0
2018-02-09 23:00:00,1123.7685,24.788964843750023,0.016922114,0.0073547363,18.86545239013041,23.023339843750023,0.016517757,0.03300476,7.079252185121627,22.335839843750023,0.016304133,0.105407715,4.293904017722034,0,0,0
2018-02-10 00:00:00,1079.517,24.609277343750023,0.016868684,0.009857178,19.766428281602085,22.757714843750023,0.016502474,0.032470703,6.886496491202173,22.117089843750023,0.016227815,0.12411499,4.11857194298562,3,1,0
2018-02-10 01:00:00,1030.6782999999998,24.471582031250023,0.016853482,0.015033722,19.79357382789604,22.838769531250023,0.016342312,0.024848938,7.791499097793567,21.955957031250023,0.016159207,0.1326294,3.982658522732197,3,1,0
2018-02-10 02:00:00,996.0403,24.453637695312523,0.016853303,0.021690369,20.354663601304388,22.781762695312523,0.016181916,0.01524353,7.768858718418245,21.813012695312523,0.016082734,0.13623047,3.877160214675328,3,1,0
2018-02-10 03:00:00,965.1404,24.491906738281276,0.016860744,0.025032043,21.274604766796458,22.562219238281276,0.01602914,0.018829346,7.540215347614637,21.663781738281276,0.015914699,0.14971924,3.891732564255228,3,1,0
2018-02-10 04:00:00,946.9774,24.452172851562523,0.01697488,0.024658203,20.07133585363014,22.483422851562523,0.015891505,0.04269409,7.322728723435769,21.506860351562523,0.015723659,0.1486206,3.946994864847783,3,1,0
2018-02-10 05:00:00,949.9826,24.388238525390648,0.017088937,0.025169373,19.207503211673945,22.622613525390648,0.015875863,0.078063965,7.347696620702491,21.341363525390648,0.015582132,0.14489746,3.777935551515217,3,1,0
2018-02-10 06:00:00,947.1847,24.416162109375023,0.017195553,0.049819946,18.993525789374157,22.580224609375023,0.015906185,0.06448364,7.059476765054907,21.252099609375023,0.015421718,0.13439941,3.677525450555529,3,1,0
2018-02-10 07:00:00,968.3499,25.107446289062523,0.017409164,0.035186768,21.429595931494124,23.716821289062523,0.016249496,0.052322388,9.673130546756049,21.787133789062523,0.015539963,0.12854004,3.753253036970408,3,1,0
2018-02-10 08:00:00,1073.6268,26.1896911621094,0.017287284,0.024398804,25.68412165569633,25.4396911621094,0.016722709,0.04144287,12.077683959646468,22.8381286621094,0.015715629,0.12042236,3.933018362774963,3,1,0
2018-02-10 09:00:00,1153.305,27.238885498046898,0.017119855,0.019371033,27.112935802708584,27.137322998046898,0.016952008,0.035964966,14.20871670173132,24.418572998046898,0.015746564,0.10800171,3.79028969938302,3,1,0
2018-02-10 10:00:00,1242.6511,28.145379638671898,0.017113019,0.01599884,26.37556741836325,28.426629638671898,0.017128278,0.031013489,14.031758292662092,25.965692138671898,0.015564251,0.10211182,3.319888588805457,3,1,0
2018-02-10 11:00:00,1259.2681,28.805688476562523,0.017175293,0.01392746,24.554288793294976,29.477563476562523,0.017304992,0.03189087,13.065637151552364,27.024438476562523,0.015519713,0.103637695,2.4830852313137224,3,1,0
2018-02-10 12:00:00,1239.0017,29.258813476562523,0.017191885,0.010990143,22.737916686112857,30.227563476562523,0.01749706,0.03704834,11.901046476111356,27.649438476562523,0.015803335,0.1182251,1.2415898623597057,3,1,0
2018-02-10 13:00:00,1242.6528,29.4892517089844,0.017192885,0.01726532,21.17913227497525,30.5986267089844,0.017673537,0.05026245,10.807372056678922,27.8798767089844,0.016025588,0.14227295,0.5530384448589487,3,1,0
2018-02-10 14:00:00,1253.3786,29.469384765625023,0.017124986,0.014678955,19.77273763454249,30.610009765625023,0.017681932,0.06011963,10.193117422641029,27.703759765625023,0.016163683,0.15246582,0.7993123847053976,3,1,0
2018-02-10 15:00:00,1235.0663,29.250299072265648,0.016980788,0.0134010315,18.691123748844767,30.297174072265648,0.017614027,0.059432983,9.799822502085826,27.000299072265648,0.0164391,0.16009521,1.181773042683773,3,1,0
2018-02-10 16:00:00,1215.2838000000002,28.730828857421898,0.016851014,0.011394501,17.883259742113747,29.543328857421898,0.017674988,0.051635742,8.813108122925588,26.152703857421898,0.016805237,0.16119385,1.3967131143249916,3,1,0
2018-02-10 17:00:00,1176.1997,27.8205505371094,0.01687324,0.008747101,17.272982259520077,28.2424255371094,0.018101573,0.06259155,6.773359771599322,25.1643005371094,0.01712501,0.14611816,1.5295858386414178,3,1,0
2018-02-10 18:00:00,1215.5911,26.609521484375023,0.017100489,0.0051651,16.22574096304402,26.054833984375023,0.017985499,0.067871094,4.706477234966386,24.023583984375023,0.017153895,0.14257812,1.782067980423299,3,1,0
2018-02-10 19:00:00,1272.2939,25.8574157714844,0.01724409,0.0040245056,15.524361506061965,25.1230407714844,0.01737379,0.059829712,5.185573391086867,23.2558532714844,0.016793955,0.15655518,1.8476439642144888,3,1,0
2018-02-10 20:00:00,1232.6782,25.424981689453148,0.017311558,0.0051631927,13.96983305758298,24.393731689453148,0.017021641,0.04434204,5.04681591459947,22.862481689453148,0.016457066,0.14178467,1.535065183777663,3,1,0
2018-02-10 21:00:00,1186.1767,25.145196533203148,0.01730351,0.013122559,12.599937220825746,23.817071533203148,0.016777081,0.030662537,4.733497771017103,22.606134033203148,0.016128583,0.1105957,1.4027295564267566,3,1,0
2018-02-10 22:00:00,1153.7972000000002,24.998681640625023,0.01726536,0.02923584,12.544942674258795,23.381494140625023,0.016540568,0.021842957,4.892113773810184,22.373681640625023,0.015930217,0.09020996,1.723398788169549,3,1,0
2018-02-10 23:00:00,1092.1759000000002,24.897302246093773,0.017166259,0.042510986,13.296773246617867,23.014489746093773,0.01639569,0.02128601,4.973778226723907,22.209802246093773,0.015777709,0.08578491,1.9980819708015576,3,1,0
2018-02-11 00:00:00,1056.2851,24.800897216796898,0.017067187,0.044647217,13.949432952184832,22.707147216796898,0.016327135,0.0230484,4.816018425022252,22.175897216796898,0.015655749,0.08319092,2.1760297047852517,4,1,0
2018-02-11 01:00:00,1001.641,24.658074951171898,0.01703546,0.04135132,13.892382646373578,22.447137451171898,0.016264891,0.025413513,4.6279389255783245,22.040887451171898,0.015513396,0.07925415,2.2868054633190904,4,1,0
2018-02-11 02:00:00,968.7684,24.517358398437523,0.017088192,0.038024902,13.06806379621082,22.345483398437523,0.016172664,0.029556274,4.85860742326902,21.915795898437523,0.015371578,0.080718994,2.38635113321472,4,1,0
2018-02-11 03:00:00,949.6607,24.435998535156276,0.01714179,0.038986206,12.449095690872804,22.412561035156276,0.016096562,0.03425598,5.152217706001859,21.834436035156276,0.0152725885,0.09387207,2.487119194096456,4,1,0
2018-02-11 04:00:00,943.4819,24.367761230468773,0.017233877,0.03529358,11.120025798301135,22.133386230468773,0.016043691,0.033599854,4.571503262846299,21.742761230468773,0.01518157,0.10824585,2.364365467896332,4,1,0
2018-02-11 05:00:00,938.8709,24.311303710937523,0.017272664,0.026733398,10.559901720803436,21.998803710937523,0.015998555,0.034088135,4.196608461507116,21.717553710937523,0.015121174,0.10986328,2.1826639145323257,4,1,0
2018-02-11 06:00:00,905.319,24.3349548339844,0.017356833,0.01927948,10.415450694001663,22.1474548339844,0.016044578,0.041534424,3.8830603316672376,21.7177673339844,0.015075645,0.10940552,2.074202084231909,4,1,0
2018-02-11 07:00:00,905.0701,25.2831970214844,0.017532073,0.014465332,13.627769241990396,24.0331970214844,0.01669284,0.04548645,6.142924709518782,22.3769470214844,0.015315735,0.10183716,2.2845282528007504,4,1,0
2018-02-11 08:00:00,947.2165,26.2985778808594,0.017508969,0.01701355,15.606303276731875,26.0251403808594,0.01710461,0.04423523,8.573559596139726,23.6892028808594,0.015460476,0.100494385,2.847988261895153,4,1,0
2018-02-11 09:00:00,1005.6962,27.261437988281276,0.017569978,0.02433014,15.229103174386,27.784875488281276,0.01728769,0.044677734,9.55021876938381,25.261437988281276,0.015342195,0.10107422,2.9568125344828182,4,1,0
2018-02-11 10:00:00,1048.4668,28.159051513671898,0.01760892,0.02999878,14.680259092367644,29.080926513671898,0.017395297,0.043319702,9.403424170955812,26.666864013671898,0.015224734,0.09277344,2.57692015081649,4,1,0
2018-02-11 11:00:00,1083.3142,28.881005859375023,0.017565556,0.03878784,14.33668943872678,30.131005859375023,0.017557926,0.050720215,9.077785575154676,27.709130859375023,0.015364475,0.08453369,1.7304877314161602,4,1,0
2018-02-11 12:00:00,1093.1489,29.392358398437523,0.017468825,0.047454834,14.043271326277829,30.798608398437523,0.017751113,0.09664917,8.63110711202497,28.314233398437523,0.015813246,0.0864563,0.6300762337303275,4,1,0
2018-02-11 13:00:00,1082.1105,29.688439941406276,0.017323544,0.057876587,14.0514209775395,30.922814941406276,0.01801782,0.1486206,8.184080138253206,28.672814941406276,0.015812924,0.109069824,0.7017438637132559,4,1,0
2018-02-11 14:00:00,1086.1837,29.783807373046898,0.01710086,0.05014038,14.331711256520736,30.783807373046898,0.01798587,0.1706543,7.991352409519298,28.533807373046898,0.01569705,0.12884521,1.339019801417194,4,1,0
2018-02-11 15:00:00,1083.1314,29.642846679687523,0.016884085,0.039108276,14.596582875057369,30.236596679687523,0.017975088,0.1796875,7.836160937819502,27.908471679687523,0.015838858,0.1673584,1.7216550821589751,4,1,0
2018-02-11 16:00:00,1053.7421,29.204248046875023,0.016714215,0.027107239,14.168045517782094,29.438623046875023,0.018095136,0.17755127,7.412600480889431,26.922998046875023,0.016134381,0.19885254,1.831349812153786,4,1,0
2018-02-11 17:00:00,1046.4548,28.373468017578148,0.016850647,0.015159607,13.071465353277482,28.295343017578148,0.018368896,0.16558838,5.931092251929936,25.748468017578148,0.016598877,0.20385742,1.659539379447993,4,1,0
2018-02-11 18:00:00,1100.2333,27.096276855468773,0.017491417,0.00793457,11.269710333553263,26.385339355468773,0.018261986,0.15026855,4.219899013449945,24.682214355468773,0.016751366,0.20532227,1.5262024820977185,4,1,0
2018-02-11 19:00:00,1157.6174999999998,26.244714355468773,0.017826123,0.004463196,11.181681720721423,25.510339355468773,0.017910047,0.12097168,4.483402695999666,23.955651855468773,0.016681714,0.18902588,1.1043156684649975,4,1,0
2018-02-11 20:00:00,1154.3279,25.681817626953148,0.017947914,0.0027885437,10.990290785353718,24.869317626953148,0.017642738,0.08529663,4.5690438255667845,23.478692626953148,0.0164907,0.18200684,0.6596143830373687,4,1,0
2018-02-11 21:00:00,1136.1226,25.310418701171898,0.017970845,0.0019202232,10.496127324506686,24.255731201171898,0.017329976,0.062286377,4.55168278984046,23.068231201171898,0.016338155,0.16040039,0.7372148059349607,4,1,0
2018-02-11 22:00:00,1096.6923,25.015832519531276,0.017902227,0.0015568733,10.435006324608956,23.758020019531276,0.017009588,0.041793823,4.763311866585526,22.773645019531276,0.016147466,0.13031006,1.171936251756175,4,1,0
2018-02-11 23:00:00,1047.1386,24.774133300781276,0.01777267,0.002793312,10.429088970712312,23.321008300781276,0.01676559,0.029296875,4.911790048097844,22.571008300781276,0.015972134,0.10620117,1.7131866324582137,4,1,0
2018-02-12 00:00:00,1000.7026,24.6267028808594,0.017643463,0.009777069,10.77128005812569,22.9313903808594,0.016613495,0.022644043,4.910074406854459,22.4079528808594,0.015804779,0.08547974,2.2091951547937345,5,1,0
2018-02-12 01:00:00,974.3299,24.601464843750023,0.017529326,0.018058777,11.573522934071056,22.601464843750023,0.016484099,0.017425537,4.848418595390579,22.218652343750023,0.015652495,0.07434082,2.471684168069637,5,1,0
2018-02-12 02:00:00,949.1458,24.568566894531276,0.017438127,0.022010803,12.148493355478507,22.342004394531276,0.01637764,0.017425537,4.762399885672247,22.029504394531276,0.01550789,0.06729126,2.664785484139981,5,1,0
2018-02-12 03:00:00,907.3297,24.550958251953148,0.017331485,0.024040222,13.12821556592184,22.160333251953148,0.016301516,0.020439148,4.671315033184094,21.918145751953148,0.015424135,0.06680298,2.8268042162126275,5,1,0
2018-02-12 04:00:00,903.3534,24.534326171875023,0.017286103,0.026145935,13.416389184455678,22.049951171875023,0.016233247,0.021720886,4.486561163237627,21.823388671875023,0.01538257,0.071899414,2.9002471999339106,5,1,0
2018-02-12 05:00:00,887.6745,24.536492919921898,0.01732513,0.024765015,13.063585195044787,21.950555419921898,0.01617309,0.024299622,4.442356847325333,21.809930419921898,0.015299526,0.074523926,3.033125079170885,5,1,0
2018-02-12 06:00:00,883.726,24.632165527343773,0.017440671,0.031326294,13.48257221640428,22.077478027343773,0.01620471,0.025146484,4.671461545070401,21.772790527343773,0.015235776,0.0718689,3.1644668931029374,5,1,0
2018-02-12 07:00:00,898.9597,25.395593261718773,0.017662885,0.030426025,17.06473800569833,24.145593261718773,0.01683891,0.02671051,7.742627522025338,22.411218261718773,0.015393139,0.06692505,3.422875876173008,5,1,0
2018-02-12 08:00:00,984.1118,26.3679138183594,0.017549131,0.034988403,21.42629894828068,26.2116638183594,0.017213438,0.02859497,10.533709556363432,23.8757263183594,0.0155158965,0.06335449,3.770022026726201,5,1,0
2018-02-12 09:00:00,1046.2055,27.358453369140648,0.017374221,0.033477783,23.51429874530385,27.850640869140648,0.017290298,0.02709961,11.877940072153336,25.483453369140648,0.015550796,0.07400513,3.5839987506630115,5,1,0
2018-02-12 10:00:00,1108.2189,28.295343017578148,0.017230244,0.028419495,23.77478154319736,29.139093017578148,0.017298909,0.025039673,11.969568882112371,26.865655517578148,0.015551778,0.08496094,3.009406316006015,5,1,0
2018-02-12 11:00:00,1120.5379,29.004479980468773,0.0171557,0.024627686,23.18495275608208,30.176354980468773,0.017376952,0.022346497,11.687106143618577,27.895104980468773,0.015667967,0.09402466,2.077943495087743,5,1,0
2018-02-12 12:00:00,1120.0317,29.498406982421898,0.01713439,0.016860962,22.6395440832811,30.842156982421898,0.017561637,0.022705078,11.101841665539066,28.451531982421898,0.016203605,0.10745239,1.0179869748970407,5,1,0
2018-02-12 13:00:00,1152.814,29.755151367187523,0.017112108,0.016288757,22.196803218484348,31.083276367187523,0.017699571,0.027290344,10.727760183841347,28.677026367187523,0.01645598,0.13562012,0.549630657182547,5,1,0
2018-02-12 14:00:00,1161.3503,29.772058105468773,0.017050864,0.01442337,21.80715294474875,31.006433105468773,0.017699363,0.032470703,10.768644018642464,28.475183105468773,0.016364219,0.16442871,0.364665209522916,5,1,0
2018-02-12 15:00:00,1146.2001,29.526086425781276,0.01699661,0.009239197,21.446344109408944,30.635461425781276,0.01763748,0.03440857,10.907757859365724,27.760461425781276,0.016485441,0.17553711,0.8125812101126774,5,1,0
2018-02-12 16:00:00,1119.8621,28.926446533203148,0.01700364,0.0043697357,21.189608362673354,29.785821533203148,0.017598733,0.03665161,10.611356014423592,26.895196533203148,0.016744241,0.18927002,0.8838047787443896,5,1,0
2018-02-12 17:00:00,1089.3611,27.875146484375023,0.01710257,0.002670288,21.186079183555297,28.328271484375023,0.017690033,0.033416748,8.960887109403599,25.859521484375023,0.016919464,0.18902588,0.9985091116570184,5,1,0
2018-02-12 18:00:00,1105.7795999999998,26.629663085937523,0.017300747,0.0040779114,20.83459513919716,26.207788085937523,0.017377041,0.028419495,7.601882445452412,24.676538085937523,0.017041348,0.18322754,1.086018890514257,5,1,0
2018-02-12 19:00:00,1174.7086000000002,25.877893066406276,0.01747595,0.0044517517,20.769922135803583,25.127893066406276,0.017041074,0.02520752,8.240864970908698,23.862268066406276,0.016651975,0.17712402,1.694159394930526,5,1,0
2018-02-12 20:00:00,1147.3047,25.495294189453148,0.017474847,0.0063285828,20.73950115019608,24.362481689453148,0.016895013,0.022651672,7.781476782745686,23.167169189453148,0.016368585,0.14660645,2.6482693779170776,5,1,0
2018-02-12 21:00:00,1117.8067999999998,25.274530029296898,0.017396474,0.0032520294,20.787139981215137,23.837030029296898,0.0167022,0.0205307,7.70746722110159,22.758905029296898,0.016129995,0.12536621,3.519755849498909,5,1,0
2018-02-12 22:00:00,1078.779,25.092584228515648,0.017212134,0.00248909,22.53282298275708,23.459771728515648,0.016617041,0.018814087,7.059379158170775,22.475396728515648,0.015976172,0.11605835,4.035255294721649,5,1,0
2018-02-12 23:00:00,1027.1942,24.893914794921898,0.016974352,0.004945755,24.13968418221316,23.229852294921898,0.016585253,0.022605896,6.740141039201816,22.284539794921898,0.015936755,0.12176514,4.257807059468284,5,1,0
2018-02-13 00:00:00,995.2898,24.7907653808594,0.016744582,0.01077652,25.78510944123535,23.0485778808594,0.016530959,0.02696991,6.8557256562439575,22.1579528808594,0.015928237,0.13427734,4.364283302695336,6,1,0
2018-02-13 01:00:00,962.8435,24.711083984375023,0.016613945,0.011833191,26.40949480803495,22.875146484375023,0.016461357,0.027740479,7.251330033998101,22.047021484375023,0.015904412,0.13970947,4.440039696129343,6,1,0
2018-02-13 02:00:00,943.5679,24.614160156250023,0.016468292,0.015266418,26.386298074459383,22.676660156250023,0.01636148,0.024963379,7.780937920252495,21.934472656250023,0.015896088,0.13964844,4.653111475098004,6,1,0
2018-02-13 03:00:00,928.2075,24.542382812500023,0.016284535,0.01651764,26.79942466915393,22.511132812500023,0.016231129,0.022117615,8.451229064762009,21.823632812500023,0.015880177,0.14257812,5.08019703445393,6,1,0
2018-02-13 04:00:00,909.4651,24.488244628906276,0.016146755,0.011562347,26.862985175407808,22.402307128906276,0.016108608,0.02091217,9.12055816397956,21.722619628906276,0.015811061,0.14245605,5.6690559582225415,6,1,0
2018-02-13 05:00:00,901.7297,24.405541992187523,0.01603198,0.00843811,26.82620180251789,22.350854492187523,0.016001463,0.02733612,9.793791754657322,21.647729492187523,0.015719175,0.14648438,6.243762866857519,6,1,0
2018-02-13 06:00:00,889.5437,24.383905029296898,0.01589439,0.007177353,27.85626849267392,22.415155029296898,0.01590965,0.030670166,10.728548201923504,21.594842529296898,0.0156197315,0.15332031,6.684094917239798,6,1,0
2018-02-13 07:00:00,883.8254,24.997094726562523,0.015749175,0.0065612793,31.67990374463804,23.629907226562523,0.016206939,0.030784607,13.695038558387584,21.895532226562523,0.015619475,0.15179443,7.339874018697566,6,1,0
2018-02-13 08:00:00,923.1803,25.887475585937523,0.015470578,0.007862091,35.65777244640842,25.449975585937523,0.01637466,0.030204773,17.06339369225463,22.676538085937523,0.015703274,0.14807129,7.930258051749261,6,1,0
2018-02-13 09:00:00,954.2504,26.796258544921898,0.015364009,0.0035953522,37.03022348260776,26.936883544921898,0.01617654,0.01864624,19.23637884788089,24.046258544921898,0.015261012,0.114746094,8.279076678998589,6,1,0
2018-02-13 10:00:00,972.3686,27.586694335937523,0.015326323,0.0010819435,36.80601016183638,28.117944335937523,0.01618463,0.008548737,19.043674313852105,25.289819335937523,0.014868559,0.093933105,7.992665772208934,6,1,0
2018-02-13 11:00:00,999.2145,28.2285095214844,0.01533886,0.000318408,35.09413168342083,29.0566345214844,0.01610943,0.0045757294,18.436030686620896,26.0956970214844,0.01465603,0.090911865,7.645581573859444,6,1,0
2018-02-13 12:00:00,1019.9073,28.660485839843773,0.015309335,0.00031590462,33.38080883438117,29.644860839843773,0.016049387,0.0026254654,17.993602073408532,26.582360839843773,0.014542581,0.08267212,7.461717988258717,6,1,0
2018-02-13 13:00:00,1016.3751,28.822381591796898,0.015164745,0.00029861927,31.99798968676221,29.822381591796898,0.01596583,0.0014371872,17.92674171572962,26.713006591796898,0.014462841,0.07913208,7.513843912525525,6,1,0
2018-02-13 14:00:00,1027.5774,28.7043395996094,0.015003997,0.0002644062,30.849666866933607,29.5324645996094,0.015782196,0.0014915466,18.008119811640267,26.5012145996094,0.014393645,0.072021484,7.729967627414362,6,1,0
2018-02-13 15:00:00,1021.3842,28.290338134765648,0.014895741,0.0004980564,29.8050648526243,28.868463134765648,0.015490834,0.0027894974,17.89559212228605,25.993463134765648,0.014300648,0.07473755,7.952007644795479,6,1,0
2018-02-13 16:00:00,1012.4064,27.551629638671898,0.014994248,0.00028514862,28.716526273656186,27.848504638671898,0.0152002415,0.0046691895,17.046808493368204,25.161004638671898,0.014277085,0.06236267,8.136304368461465,6,1,0
2018-02-13 17:00:00,1004.0872,26.5617614746094,0.0151736755,0.0009763241,27.296703500105217,26.3742614746094,0.015116455,0.014976501,14.585909107999951,23.9289489746094,0.014395477,0.050079346,7.919669669805239,6,1,0
2018-02-13 18:00:00,1030.5336,25.531579589843773,0.015471633,0.01789856,24.641627303053227,24.414392089843773,0.015074904,0.027046204,11.144376539245537,22.523767089843773,0.014540846,0.053527832,7.307557862685996,6,1,0
2018-02-13 19:00:00,1107.5054,25.077691650390648,0.015689557,0.02469635,23.68374880113769,23.577691650390648,0.014938062,0.025314331,10.556343015867396,21.851129150390648,0.0144154485,0.046218872,7.222669533139151,6,1,0
2018-02-13 20:00:00,1113.8978,24.932733154296898,0.015682263,0.024513245,23.75781549295032,23.135858154296898,0.014827772,0.021102905,10.582098408736226,21.651483154296898,0.014164015,0.0423584,7.427296786101127,6,1,0
2018-02-13 21:00:00,1092.9873,24.819482421875023,0.01567492,0.026824951,23.807238322779423,22.866357421875023,0.014717432,0.016105652,11.102862509650524,21.499169921875023,0.013958307,0.03387451,7.552026080175399,6,1,0
2018-02-13 22:00:00,1059.3928,24.713037109375023,0.0156829,0.030548096,25.339917768120664,22.541162109375023,0.014668192,0.016716003,11.322798821971617,21.400537109375023,0.013786997,0.03164673,7.7047482551774,6,1,0
2018-02-13 23:00:00,1025.1944,24.586816406250023,0.015789967,0.034240723,26.823803138162976,22.141503906250023,0.0146493735,0.01638794,11.406902973871668,21.375878906250023,0.013722402,0.034957886,7.895709463739849,6,1,0
2018-02-14 00:00:00,984.0805,24.461968994140648,0.015820015,0.033813477,28.560575722413287,21.946343994140648,0.014576425,0.01865387,12.046378196832972,21.399468994140648,0.013744821,0.04019165,8.183235513862583,7,1,0
2018-02-14 01:00:00,957.5061,24.266198730468773,0.015911574,0.037612915,28.82926712676557,21.820886230468773,0.014488692,0.020721436,12.436445298451522,21.430261230468773,0.013737197,0.051513672,8.564446742265295,7,1,0
2018-02-14 02:00:00,924.9424,24.077691650390648,0.016010476,0.033554077,29.236698447889296,21.710504150390648,0.014400675,0.02091217,12.86663132763162,21.421441650390648,0.013820841,0.06790161,8.799815492429694,7,1,0
2018-02-14 03:00:00,923.1671,23.980432128906276,0.016024727,0.03126526,29.65117724495469,21.581994628906276,0.014426369,0.03781128,12.971443350311176,21.417932128906276,0.013861794,0.07772827,8.949472115575363,7,1,0
2018-02-14 04:00:00,909.6588,23.960473632812523,0.0159016,0.021522522,28.87571472076086,21.437036132812523,0.01450542,0.038894653,12.443840617410824,21.421411132812523,0.01393703,0.07720947,8.704082609738286,7,1,0
2018-02-14 05:00:00,930.0942,24.019677734375023,0.015709898,0.040267944,28.13716846136863,21.347802734375023,0.01462271,0.03616333,12.012389558250678,21.441552734375023,0.013985655,0.082611084,8.424405855232278,7,1,0
2018-02-14 06:00:00,941.9168,24.1205993652344,0.015583591,0.036010742,27.5106046447533,21.4174743652344,0.01464136,0.037979126,11.762764296770008,21.4877868652344,0.014057712,0.083343506,8.187215095979342,7,1,0
2018-02-14 07:00:00,985.1893,24.770349121093773,0.015633253,0.030479431,28.42274863151887,22.950036621093773,0.014954237,0.030952454,14.110246822758626,22.004724121093773,0.014218001,0.07608032,8.348881053761248,7,1,0
2018-02-14 08:00:00,1095.2384,25.752587890625023,0.015412423,0.031585693,30.51848596899662,24.963525390625023,0.015339944,0.031784058,16.93424998728423,23.080712890625023,0.014096352,0.061309814,8.8205290234786,7,1,0
2018-02-14 09:00:00,1161.1651,26.800805664062523,0.015298922,0.039505005,31.539787755625778,26.527368164062523,0.015176851,0.02859497,19.972847015884387,24.238305664062523,0.013906557,0.040023804,8.977188192129764,7,1,0
2018-02-14 10:00:00,1239.8177,27.669976806640648,0.015338948,0.025474548,31.302529580759074,27.576226806640648,0.015007069,0.022651672,20.94934359230003,25.177789306640648,0.01361089,0.032852173,9.240318568299058,7,1,0
2018-02-14 11:00:00,1307.4175,28.327935791015648,0.01539096,0.014556885,30.76196544543938,28.359185791015648,0.014948455,0.019119263,21.13298070635461,25.835748291015648,0.013464537,0.02721405,9.462104674210842,7,1,0
2018-02-14 12:00:00,1340.1258,28.699578857421898,0.015447097,0.0095329285,30.16716657979541,28.887078857421898,0.0150236655,0.013248444,20.858341485983452,26.207391357421898,0.013371902,0.016220093,9.486976108485958,7,1,0
2018-02-14 13:00:00,1391.9134,28.852502441406276,0.015461274,0.0074710846,29.81652942993356,29.165002441406276,0.015117952,0.008743286,20.479550973022835,26.305627441406276,0.013325044,0.014701843,9.408290696927398,7,1,0
2018-02-14 14:00:00,1410.6188,28.734948730468773,0.015401432,0.008712769,30.068068408079835,29.031823730468773,0.0150962565,0.008983612,20.007204734094483,26.102136230468773,0.013291905,0.017234802,9.36953538245526,7,1,0
2018-02-14 15:00:00,1393.0822,28.329522705078148,0.015308964,0.012451172,30.556400069463,28.501397705078148,0.014946568,0.012435913,19.41852087420395,25.665460205078148,0.0133253215,0.02243805,9.30319205847147,7,1,0
2018-02-14 16:00:00,1332.0115,27.615258789062523,0.015265922,0.017028809,30.826768988645195,27.646508789062523,0.0147814555,0.016059875,18.05348164379632,24.974633789062523,0.013385276,0.023101807,9.062468105917745,7,1,0
2018-02-14 17:00:00,1230.0268,26.641900634765648,0.0152698895,0.034317017,30.368387952217784,26.313775634765648,0.014762535,0.0139808655,14.99552331879392,24.048150634765648,0.0135685345,0.0178833,8.355257629038583,7,1,0
2018-02-14 18:00:00,1221.2951,25.665612792968773,0.01553357,0.04901123,28.18340157159011,24.462487792968773,0.014724854,0.021392822,11.17697859279811,22.978112792968773,0.013794068,0.029281616,7.390884816802664,7,1,0
2018-02-14 19:00:00,1253.7456,25.234796142578148,0.0157818,0.05531311,26.98879161887162,23.726983642578148,0.0147098685,0.052200317,10.086617005001768,22.406671142578148,0.013969817,0.034484863,7.000804029337626,7,1,0
2018-02-14 20:00:00,1223.0902,25.022058105468773,0.015918618,0.04537964,25.327651715195582,23.436120605468773,0.014858131,0.076293945,10.159831140721948,22.162683105468773,0.014163856,0.056243896,6.831080568102332,7,1,0
2018-02-14 21:00:00,1198.7195,24.871148681640648,0.016032934,0.04032898,23.699662295482646,23.324273681640648,0.015109777,0.081085205,10.794619936805471,22.105523681640648,0.014343023,0.078704834,6.715276286788963,7,1,0
2018-02-14 22:00:00,1156.3397,24.717370605468773,0.016101675,0.038879395,24.005055124052287,23.248620605468773,0.015395955,0.07424927,11.960567535917766,22.100183105468773,0.014453725,0.0942688,6.939058077320527,7,1,0
2018-02-14 23:00:00,1100.9135,24.5642028808594,0.01618564,0.030548096,25.26528800215884,23.1892028808594,0.015579103,0.07241821,12.891923425374232,22.0720153808594,0.014507173,0.105285645,7.220101382106453,7,1,0
2018-02-15 00:00:00,1041.1944999999998,24.411157226562523,0.016199002,0.030006409,26.001146097598696,23.106469726562523,0.015600094,0.069488525,13.264197347537245,22.036157226562523,0.01450909,0.106903076,7.450566197327999,0,0,0
2018-02-15 01:00:00,999.8223,24.266992187500023,0.016174633,0.03730774,25.90707262010056,23.016992187500023,0.015514691,0.07330322,13.86701593753908,21.977929687500023,0.014480908,0.11291504,7.664355597534856,0,0,0
2018-02-15 02:00:00,973.0275,24.239709472656276,0.01613566,0.051742554,26.295313602542464,22.927209472656276,0.015403236,0.0881958,14.54543183966512,21.942834472656276,0.0145182265,0.11590576,7.744760693965121,0,0,0
2018-02-15 03:00:00,946.0912,24.246240234375023,0.016149454,0.057785034,27.382671194803027,22.918115234375023,0.015336923,0.103302,15.299457944355847,21.972802734375023,0.014585428,0.12243652,7.897091554692357,0,0,0
2018-02-15 04:00:00,930.7112,24.189111328125023,0.016232478,0.05618286,26.840938330449337,22.923486328125023,0.015267359,0.107910156,15.353922975729326,22.064111328125023,0.014630305,0.13983154,7.991406154530012,0,0,0
2018-02-15 05:00:00,944.653,24.155419921875023,0.016338889,0.04916382,25.464752070704733,22.881982421875023,0.015213553,0.08081055,14.971733101188477,22.139794921875023,0.014671866,0.14953613,8.07434673678497,0,0,0
2018-02-15 06:00:00,968.4727,24.202539062500023,0.016430432,0.038406372,24.741581043246438,22.866601562500023,0.015236432,0.066986084,14.357926989779816,22.163476562500023,0.014645154,0.15258789,8.1276064591841,0,0,0
2018-02-15 07:00:00,1088.7212,24.922174072265648,0.016598562,0.02016449,26.99243485324436,23.890924072265648,0.0155685935,0.061676025,15.620767327093988,22.508111572265648,0.014778951,0.15136719,8.192233813480687,0,0,0
2018-02-15 08:00:00,1278.8033999999998,26.052453613281276,0.016483715,0.02305603,30.77760527279738,25.521203613281276,0.01604884,0.05845642,17.420650881882615,23.364953613281276,0.0148624685,0.1463623,8.413333555645746,0,0,0
2018-02-15 09:00:00,1380.9776,27.126611328125023,0.016307447,0.030349731,31.647513312690982,26.962548828125023,0.016238783,0.057113647,18.909370061507783,24.501611328125023,0.014926527,0.13317871,8.23820765325412,0,0,0
2018-02-15 10:00:00,1460.3572,28.029626464843773,0.016307985,0.019996643,30.68529658904754,28.146813964843773,0.01637665,0.060317993,19.209115701603697,25.701501464843773,0.014927066,0.11175537,7.921269146927864,0,0,0
2018-02-15 11:00:00,1474.962,28.724908447265648,0.016317533,0.0146484375,28.990656348513017,29.068658447265648,0.016500639,0.05393982,18.89675940933568,26.678033447265648,0.014913726,0.10293579,7.564074502772701,0,0,0
2018-02-15 12:00:00,1499.4778,29.194238281250023,0.01634902,0.014362335,27.17782505655461,29.725488281250023,0.016631307,0.050933838,18.04373904876324,27.264550781250023,0.0149757285,0.10379028,7.162612067339489,0,0,0
2018-02-15 13:00:00,1534.0675,29.3759704589844,0.01629173,0.009635925,25.71047686460655,30.0478454589844,0.016772382,0.052947998,16.943469249463625,27.4540954589844,0.015112989,0.10852051,6.683497628390845,0,0,0
2018-02-15 14:00:00,1547.9693,29.2910095214844,0.016163243,0.011985779,25.22551950122029,30.0722595214844,0.016849888,0.058395386,15.928221822515097,27.3691345214844,0.015194309,0.11364746,6.447500738267387,0,0,0
2018-02-15 15:00:00,1507.3038,28.824121093750023,0.01606985,0.017478943,26.2029377928241,29.730371093750023,0.016863307,0.060668945,15.142460886662429,27.011621093750023,0.01524969,0.12033081,6.460127150285167,0,0,0
2018-02-15 16:00:00,1418.6025,27.924340820312523,0.0160147,0.02243042,27.53963267361879,28.893090820312523,0.01689971,0.056228638,14.162990169005406,26.354028320312523,0.015282279,0.12640381,6.51413983221124,0,0,0
2018-02-15 17:00:00,1283.9738000000002,26.748376464843773,0.01599902,0.031295776,27.940745472666965,27.529626464843773,0.01699084,0.05467224,11.990601750307308,25.357751464843773,0.015335263,0.12927246,6.415443226821497,0,0,0
2018-02-15 18:00:00,1247.2696,25.662316894531276,0.01608288,0.021636963,26.603091881972368,25.717004394531276,0.016845819,0.0809021,9.930221206644422,24.021691894531276,0.015575525,0.13000488,5.861527456207388,0,0,0
2018-02-15 19:00:00,1295.9252,25.140649414062523,0.01620449,0.008312225,24.558900134282563,24.914086914062523,0.016616477,0.09109497,10.783935997781516,23.265649414062523,0.015739096,0.14642334,5.716002728060478,0,0,0
2018-02-15 20:00:00,1250.8538,24.895776367187523,0.016188445,0.015991211,23.301011917341064,24.442651367187523,0.016463103,0.09286499,10.781760454118343,22.762963867187523,0.015883269,0.14831543,5.526388057838529,0,0,0
2018-02-15 21:00:00,1213.3428,24.7624450683594,0.016157255,0.014373779,21.70602450090272,24.1140075683594,0.016302213,0.10321045,10.810820118498016,22.4968200683594,0.015928373,0.15374756,5.305871935205169,0,0,0
2018-02-15 22:00:00,1171.9556,24.611108398437523,0.016225316,0.017456055,20.466071359796853,23.845483398437523,0.016187169,0.10385132,11.259725288576927,22.314233398437523,0.015874363,0.15802002,5.373125627745516,0,0,0
2018-02-15 23:00:00,1115.0081,24.484033203125023,0.01623217,0.025306702,20.844179463458925,23.640283203125023,0.016071953,0.100494385,11.778554741845054,22.140283203125023,0.015759148,0.16113281,5.67684179322987,0,0,0
2018-02-16 00:00:00,1068.287,24.376275634765648,0.016215999,0.03237915,21.78593752801585,23.454400634765648,0.01594134,0.092437744,12.374827213815042,21.962213134765648,0.015659053,0.16113281,6.017192460788375,0,0,0
2018-02-16 01:00:00,1025.5826,24.303125000000023,0.016123725,0.033416748,23.865908287118277,23.287500000000023,0.015795661,0.07644653,12.985895492821752,21.810937500000023,0.015536262,0.15081787,6.38694804096723,0,0,0
2018-02-16 02:00:00,983.8488,24.200036621093773,0.01604676,0.03224182,24.86324864982152,23.137536621093773,0.01567292,0.05999756,13.36687828968236,21.684411621093773,0.015398262,0.1463623,6.563540532044874,0,0,0
2018-02-16 03:00:00,968.2769,24.119409179687523,0.016038451,0.032409668,25.038566565876494,23.025659179687523,0.015656982,0.035858154,13.25516836455889,21.603784179687523,0.015264069,0.13568115,6.551747792137217,0,0,0
2018-02-16 04:00:00,952.1138,24.077447509765648,0.016091524,0.024360657,24.032807357189327,22.897760009765648,0.01564139,0.03465271,11.969794500207485,21.514947509765648,0.015114961,0.12524414,6.364274190917048,0,0,0
2018-02-16 05:00:00,951.3781,24.013696289062523,0.016190559,0.019569397,21.6998238833264,22.724633789062523,0.015545875,0.047592163,10.533943048367036,21.427758789062523,0.015015632,0.113342285,6.044313365474907,0,0,0
2018-02-16 06:00:00,992.0573,23.983666992187523,0.016289543,0.017837524,19.34673576323362,22.553979492187523,0.015465569,0.043640137,9.649596855162557,21.382104492187523,0.014969658,0.104888916,5.667420307233511,0,0,0
2018-02-16 07:00:00,1101.3475999999998,24.7705017089844,0.016503112,0.015472412,20.193928718307344,23.8330017089844,0.01577832,0.035736084,12.095661470035656,21.9267517089844,0.015122191,0.09957886,5.747179729603064,0,0,0
2018-02-16 08:00:00,1281.0505999999998,25.8810974121094,0.016373247,0.030792236,23.769918251266137,25.5920349121094,0.016121477,0.025794983,14.070775543506905,23.0607849121094,0.01520595,0.09609985,6.007773427848604,0,0,0
2018-02-16 09:00:00,1372.6244,26.947808837890648,0.016289063,0.04196167,23.903897517524637,27.166558837890648,0.016174622,0.023284912,15.390404047430463,24.541558837890648,0.01499588,0.09500122,6.147731027501043,0,0,0
2018-02-16 10:00:00,1447.8064,27.825860595703148,0.016305367,0.058273315,22.90379475298611,28.466485595703148,0.016236702,0.015159607,15.578714609265846,25.810235595703148,0.014779488,0.091674805,6.101745224486671,0,0,0
2018-02-16 11:00:00,1490.3843,28.457116699218773,0.016369566,0.087524414,21.871692914078103,29.488366699218773,0.016400084,0.010257721,15.142842057829794,26.722741699218773,0.014721617,0.09667969,5.890856404502388,0,0,0
2018-02-16 12:00:00,1488.1026000000002,28.871057128906276,0.016425643,0.12390137,20.922598227207548,30.230432128906276,0.016639266,0.008426666,14.314009551687493,27.261682128906276,0.0148463575,0.10055542,5.538175120650501,0,0,0
2018-02-16 13:00:00,1511.5951,29.019219970703148,0.016451761,0.14697266,20.05534679629422,30.612969970703148,0.016856119,0.012649536,13.561526969073585,27.448907470703148,0.01512806,0.10153198,5.087426579201019,0,0,0
2018-02-16 14:00:00,1508.654,29.003076171875023,0.01644647,0.16412354,19.427502798616047,30.565576171875023,0.016957639,0.018859863,13.24003838686262,27.315576171875023,0.0152868,0.09631348,4.974565584778553,0,0,0
2018-02-16 15:00:00,1455.7681,28.666925048828148,0.016377738,0.17053223,19.613041396536783,30.120050048828148,0.01697283,0.023353577,13.253570069924129,26.909112548828148,0.015309622,0.09448242,5.150695983375371,0,0,0
2018-02-16 16:00:00,1385.1742,27.996484375000023,0.016368205,0.15289307,20.246750227515296,29.230859375000023,0.01692515,0.025543213,12.920234211785882,26.160546875000023,0.0153382365,0.08590698,5.510807509331752,0,0,0
2018-02-16 17:00:00,1275.5504,27.076806640625023,0.016395183,0.10940552,20.73090940741381,27.748681640625023,0.01693687,0.03514099,11.16300568497802,24.983056640625023,0.015410992,0.11154175,5.970265179596068,0,0,0
2018-02-16 18:00:00,1259.9465,26.038598632812523,0.016507553,0.059753418,20.32948146836168,25.710473632812523,0.0168051,0.053741455,8.9868899418217,23.522973632812523,0.015565324,0.12792969,6.163474947119286,0,0,0
2018-02-16 19:00:00,1308.1336,25.393518066406276,0.016643792,0.033309937,19.81143558759697,24.635705566406276,0.016598016,0.065093994,9.11147760377786,22.651330566406276,0.015590936,0.1305542,6.493237792623583,0,0,0
2018-02-16 20:00:00,1263.171,25.018640136718773,0.01670419,0.018417358,18.71576640454179,24.018640136718773,0.016475309,0.064331055,9.086404692954227,22.253015136718773,0.015651334,0.122406006,6.249498103016899,0,0,0
2018-02-16 21:00:00,1225.1538,24.786981201171898,0.016688356,0.01309967,17.44558335513818,23.661981201171898,0.01639844,0.07385254,9.022330162371464,22.122918701171898,0.015772829,0.11795044,5.788276916823565,0,0,0
2018-02-16 22:00:00,1187.8084,24.624932861328148,0.016703071,0.019821167,16.2315610530457,23.390557861328148,0.016420783,0.07196045,8.41060141101519,22.117120361328148,0.015909614,0.1262207,5.413440952045582,0,0,0
2018-02-16 23:00:00,1127.9146,24.497338867187523,0.016725384,0.024604797,15.50369578938786,23.130151367187523,0.016443096,0.06643677,7.620530981952597,22.083276367187523,0.015954815,0.13372803,5.093972301663961,0,0,0
2018-02-17 00:00:00,1068.3473,24.412744140625023,0.016755218,0.023910522,15.37374893681012,22.881494140625023,0.016427154,0.06365967,6.847702933205103,22.006494140625023,0.015908355,0.14324951,4.922138978691004,0,0,0
2018-02-17 01:00:00,1035.4870999999998,24.316796875000023,0.01683047,0.026390076,14.708259099641518,22.730859375000023,0.016410854,0.072387695,6.289984180084858,21.926171875000023,0.015846279,0.15844727,4.524491400614506,0,0,0
2018-02-17 02:00:00,1016.4873,24.219506835937523,0.016928857,0.035476685,13.049069917354563,22.696069335937523,0.016364282,0.079589844,5.822958936543548,21.930444335937523,0.015784448,0.1696167,4.167289844195905,0,0,0
2018-02-17 03:00:00,991.9466,24.154382324218773,0.016974093,0.04875183,11.374595383375096,22.638757324218773,0.016287448,0.075805664,5.410641389433988,21.896569824218773,0.015677096,0.16680908,3.849156852148614,0,0,0
2018-02-17 04:00:00,985.2563,24.176629638671898,0.016881794,0.056243896,12.046473101728733,22.559442138671898,0.016202778,0.057907104,5.456419322739183,21.832879638671898,0.015565724,0.15875244,3.799070613545224,0,0,0
2018-02-17 05:00:00,988.5129,24.147668457031276,0.016835488,0.04699707,12.43847799625345,22.397668457031276,0.016095437,0.043640137,5.652528099317528,21.764855957031276,0.015466012,0.15112305,3.860964831105364,0,0,0
2018-02-17 06:00:00,977.7439,24.177911376953148,0.016766649,0.043518066,13.368957192633127,22.318536376953148,0.016034227,0.034362793,5.894018445014893,21.709161376953148,0.015400987,0.14813232,3.947506032773627,0,0,0
2018-02-17 07:00:00,1007.7562,24.9025817871094,0.016697994,0.03453064,17.867243283964076,24.0197692871094,0.016461482,0.036727905,9.37707808999474,22.1057067871094,0.015595547,0.13500977,4.4240685274600855,0,0,0
2018-02-17 08:00:00,1126.5161,25.870660400390648,0.016453931,0.021575928,22.360110173644923,26.011285400390648,0.01672859,0.043441772,12.866835932697104,22.901910400390648,0.015736768,0.121795654,5.052478025559437,0,0,0
2018-02-17 09:00:00,1244.4378000000002,26.926904296875023,0.016354946,0.014286041,23.98179103548213,27.583154296875023,0.016789822,0.04093933,14.47169698870558,24.153466796875023,0.015630154,0.110443115,5.30781402722624,0,0,0
2018-02-17 10:00:00,1308.0889,27.900262451171898,0.016401902,0.017204285,24.08022461288986,28.853387451171898,0.0169207,0.035476685,14.510749746837067,25.712762451171898,0.015333788,0.098083496,5.122861280086288,0,0,0
2018-02-17 11:00:00,1330.3146,28.571923828125023,0.01647252,0.023498535,23.606790205854804,29.853173828125023,0.01709813,0.029533386,13.787429657218,26.868798828125023,0.0151602635,0.094940186,4.523031575860428,0,0,0
2018-02-17 12:00:00,1299.3598,28.994409179687523,0.01655102,0.03630066,23.27946851143309,30.525659179687523,0.0172987,0.028968811,12.758798897635415,27.510034179687523,0.015425684,0.08554077,3.541654348613785,0,0,0
2018-02-17 13:00:00,1288.1316,29.169976806640648,0.016562222,0.054733276,23.084167722455938,30.779351806640648,0.017386196,0.06262207,11.927406384930844,27.748101806640648,0.015581844,0.10418701,2.715211551917729,0,0,0
2018-02-17 14:00:00,1275.9505,29.042291259765648,0.016511815,0.07601929,22.97433366442254,30.651666259765648,0.01732053,0.098968506,11.64304621684203,27.636041259765648,0.015424627,0.12719727,2.374166890638972,0,0,0
2018-02-17 15:00:00,1254.2147,28.530297851562523,0.016398335,0.08215332,22.77654465295658,29.905297851562523,0.017138386,0.10366821,11.289028249299252,27.045922851562523,0.015486622,0.13757324,2.4258193834044146,0,0,0
2018-02-17 16:00:00,1209.529,27.658349609375023,0.016298944,0.0854187,22.54506144441009,28.892724609375023,0.017046625,0.080596924,10.675312682671304,26.189599609375023,0.015680963,0.13928223,2.7917073200359286,0,0,0
2018-02-17 17:00:00,1166.0636,26.638940429687523,0.016221585,0.06945801,21.98574735022332,27.576440429687523,0.017007412,0.06677246,9.334994648715806,25.029565429687523,0.015924038,0.15411377,3.197861952588019,0,0,0
2018-02-17 18:00:00,1201.9234,25.689996337890648,0.016264403,0.0382843,20.561536683124743,25.736871337890648,0.016714538,0.07537842,7.590176160976969,23.822808837890648,0.015783751,0.13977051,3.479369055672843,0,0,0
2018-02-17 19:00:00,1249.7266,25.1384216308594,0.0163702,0.015193939,18.755647513740172,24.6931091308594,0.016347311,0.0713501,8.065564007179304,23.0837341308594,0.01574459,0.12265015,4.444904109920339,0,0,0
2018-02-17 20:00:00,1214.8035,24.805566406250023,0.016484285,0.00786972,16.828722923090986,23.922753906250023,0.016186738,0.07046509,7.848150334239478,22.633691406250023,0.015572572,0.11053467,5.1293878370747015,0,0,0
2018-02-17 21:00:00,1182.3725,24.574182128906276,0.016498255,0.0054779053,15.551731879148312,23.394494628906276,0.01606338,0.07281494,7.747740006251357,22.269494628906276,0.015460657,0.09182739,5.262003718010558,0,0,0
2018-02-17 22:00:00,1143.6655,24.400964355468773,0.016489504,0.0065994263,15.29000968139422,23.072839355468773,0.016008852,0.07397461,7.983051232415468,22.033776855468773,0.015371798,0.08325195,5.240686777259147,0,0,0
2018-02-17 23:00:00,1095.7858,24.290246582031276,0.016473262,0.01184845,15.883780501890175,22.821496582031276,0.01600024,0.07611084,8.141149140396083,21.876184082031276,0.015275448,0.08831787,5.181660653142833,0,0,0
2018-02-18 00:00:00,1056.5246,24.221582031250023,0.016464816,0.015556335,16.948179461179297,22.604394531250023,0.015976535,0.07626343,8.150119598072818,21.729394531250023,0.0151792625,0.094696045,5.1526905660912,0,0,0
2018-02-18 01:00:00,1012.654,24.107751464843773,0.016517773,0.01512146,17.974191779587603,22.404626464843773,0.015899792,0.070251465,8.258212853203084,21.623376464843773,0.015068188,0.08694458,5.261400911718571,0,0,0
2018-02-18 02:00:00,985.9831,24.022088623046898,0.016532846,0.020484924,19.296722165386665,22.240838623046898,0.015785165,0.05381775,8.46967984545876,21.498651123046898,0.014949746,0.08343506,5.550018712605041,0,0,0
2018-02-18 03:00:00,966.8325,23.9638610839844,0.016570853,0.021011353,20.10400127610348,22.1044860839844,0.015685843,0.036605835,8.57649598710033,21.3779235839844,0.014846609,0.080200195,5.697685866159273,0,0,0
2018-02-18 04:00:00,943.0379,23.946588134765648,0.016563091,0.020614624,20.688745507493397,21.930963134765648,0.015617047,0.02885437,7.963427651593139,21.259088134765648,0.01476637,0.07525635,5.54555299290624,0,0,0
2018-02-18 05:00:00,936.8452,23.922937011718773,0.016540151,0.023262024,19.671053817128534,21.782312011718773,0.015571219,0.027534485,7.478992092748104,21.141687011718773,0.014716727,0.0690918,5.3903485832663085,0,0,0
2018-02-18 06:00:00,915.5821,23.917291259765648,0.0164716,0.02230072,18.7436396683018,21.823541259765648,0.015598034,0.026138306,7.367728452269852,21.104791259765648,0.014709209,0.06802368,5.334244732866799,0,0,0
2018-02-18 07:00:00,914.7641,24.718560791015648,0.016403155,0.026443481,21.09924069163798,23.601373291015648,0.01609035,0.024032593,10.404006171729558,21.773248291015648,0.014884907,0.07244873,5.587455544518909,0,0,0
2018-02-18 08:00:00,963.9082,25.818658447265648,0.015983803,0.041656494,24.39370462470559,25.787408447265648,0.016494973,0.03704834,13.237682948590818,23.310845947265648,0.014969094,0.07299805,5.787882142602359,0,0,0
2018-02-18 09:00:00,1020.126,26.811608886718773,0.015877899,0.049926758,24.562495191733785,27.413171386718773,0.01649588,0.0476532,14.46135496257234,24.983483886718773,0.014950928,0.08291626,5.407360401229889,0,0,0
2018-02-18 10:00:00,1062.4218,27.699182128906276,0.01586493,0.052719116,24.516330355531647,28.675744628906276,0.016582092,0.044906616,14.380418576871984,26.410119628906276,0.01489981,0.08984375,4.902890108218728,0,0,0
2018-02-18 11:00:00,1117.7015,28.3613220214844,0.015844839,0.05583191,24.463633624569912,29.7050720214844,0.016760366,0.04170227,13.995447464931312,27.4550720214844,0.014883535,0.09265137,4.195308531008074,0,0,0
2018-02-18 12:00:00,1126.7837,28.785058593750023,0.015848149,0.05682373,24.295031230283875,30.347558593750023,0.016946781,0.05142212,13.521186987783054,27.972558593750023,0.015317907,0.09854126,3.2036675342628365,0,0,0
2018-02-18 13:00:00,1138.7145,28.9702087402344,0.015855202,0.0513916,24.18738962547491,30.6264587402344,0.01703013,0.04927063,13.44518871828916,28.0170837402344,0.015454659,0.12020874,2.8044252677885866,0,0,0
2018-02-18 14:00:00,1132.2279,28.870568847656276,0.01583978,0.04295349,23.940026804973535,30.511193847656276,0.016946042,0.044708252,13.705984532072412,27.589318847656276,0.015343869,0.15142822,2.991347189255719,0,0,0
2018-02-18 15:00:00,1128.9108,28.461541748046898,0.015771406,0.046325684,23.593199859066253,29.977166748046898,0.016641157,0.038894653,13.93645321597166,26.883416748046898,0.015294569,0.16888428,3.69135351524832,0,0,0
2018-02-18 16:00:00,1118.9656,27.730096435546898,0.015748862,0.047821045,22.902379794338856,28.964471435546898,0.016229514,0.037521362,13.673223822973672,26.042596435546898,0.015394094,0.14880371,4.629690208781876,0,0,0
2018-02-18 17:00:00,1091.7938,26.774926757812523,0.015825955,0.041748047,22.100681774273284,27.368676757812523,0.01590225,0.031166077,12.184003930655413,24.978051757812523,0.015467374,0.11752319,5.480489252205726,0,0,0
2018-02-18 18:00:00,1128.1043,25.798883056640648,0.016109476,0.024665833,20.633479569039647,25.212945556640648,0.0156746,0.034057617,9.79260667896182,23.783258056640648,0.015285501,0.09011841,6.096113771187927,0,0,0
2018-02-18 19:00:00,1192.0476,25.212457275390648,0.016468678,0.012844086,18.988481326733403,24.173394775390648,0.015545521,0.039367676,9.63899846283716,22.985894775390648,0.015194569,0.07241821,6.131949204639485,0,0,0
2018-02-18 20:00:00,1190.7768,24.870202636718773,0.016689844,0.013595581,17.424539822121424,23.620202636718773,0.015530176,0.03794861,9.41282874517336,22.604577636718773,0.015087672,0.066589355,5.9971132200315305,0,0,0
2018-02-18 21:00:00,1179.5895,24.630151367187523,0.016764138,0.016555786,16.452159677210574,23.278588867187523,0.015585397,0.03968811,9.106378151980897,22.333276367187523,0.014944528,0.070007324,5.982145083429049,0,0,0
2018-02-18 22:00:00,1140.3153,24.4457946777344,0.01674716,0.017341614,16.974376818716763,23.0707946777344,0.015663786,0.03956604,9.297392522688677,22.1254821777344,0.0148245515,0.07077026,6.029500326833409,0,0,0
2018-02-18 23:00:00,1085.3299,24.285699462890648,0.016631315,0.018058777,18.258100502181325,22.902886962890648,0.015700528,0.04360962,9.360966364052429,21.957574462890648,0.014701079,0.07543945,6.056315106966093,0,0,0
2018-02-19 00:00:00,1031.9561,24.207666015625023,0.016454896,0.01890564,19.71440878693448,22.754541015625023,0.015691957,0.04397583,9.405021985772091,21.817041015625023,0.014631471,0.087371826,6.113068892328029,0,0,0
2018-02-19 01:00:00,995.6714,24.166162109375023,0.016248576,0.01940155,21.19468351674542,22.650537109375023,0.01570689,0.035079956,9.514938879974396,21.759912109375023,0.014703625,0.094177246,5.846028784676785,0,0,0
2018-02-19 02:00:00,958.2781,24.069024658203148,0.016126417,0.02017212,21.438499173826788,22.545587158203148,0.015729688,0.033325195,9.513922381735798,21.795587158203148,0.014852307,0.09692383,5.570176098024235,0,0,0
2018-02-19 03:00:00,925.9932,23.954187011718773,0.016027104,0.018325806,21.37045695964554,22.446374511718773,0.015737187,0.035949707,9.517415693193756,21.829187011718773,0.014932287,0.097076416,5.4723704254856935,0,0,0
2018-02-19 04:00:00,921.1644,23.850701904296898,0.015920559,0.016746521,21.683497215939862,22.358514404296898,0.015668789,0.034301758,9.437502308017878,21.788201904296898,0.014928739,0.08666992,5.523624763389834,0,0,0
2018-02-19 05:00:00,949.2646,23.835107421875023,0.015782649,0.019317627,22.43559165043521,22.296044921875023,0.015588099,0.032669067,9.318201699043264,21.741357421875023,0.014893824,0.08502197,5.414954744609545,0,0,0
2018-02-19 06:00:00,974.6409,23.8976989746094,0.015668131,0.015621185,22.75921894791517,22.3039489746094,0.015542246,0.03501892,9.21026554830733,21.6867614746094,0.014832713,0.08755493,5.29262982151135,0,0,0
2018-02-19 07:00:00,1084.1798,24.660058593750023,0.01562269,0.014530182,24.88716474888776,23.949121093750023,0.015805796,0.05155945,12.436255973824451,22.292871093750023,0.0148139745,0.08917236,5.674252784371675,0,0,0
2018-02-19 08:00:00,1277.4079,25.714196777343773,0.015184679,0.019256592,28.455160360171,25.729821777343773,0.015814105,0.0466156,15.25852532897081,23.542321777343773,0.014539995,0.08016968,6.201627022543811,0,0,0
2018-02-19 09:00:00,1367.836,26.701715087890648,0.015097301,0.014625549,30.007007543388667,27.162652587890648,0.015505474,0.04434204,17.11813517173563,24.818902587890648,0.014242809,0.06802368,6.485526103235912,0,0,0
2018-02-19 10:00:00,1430.999,27.468347167968773,0.015115514,0.023582458,29.669672237549133,28.241784667968773,0.0152528435,0.039138794,17.46128795789238,25.921472167968773,0.013955846,0.058166504,6.5314361399723655,0,0,0
2018-02-19 11:00:00,1472.5241,28.070703125000023,0.0151602635,0.026489258,28.520148068079788,29.070703125000023,0.015118302,0.03614807,17.192885049510554,26.711328125000023,0.013756455,0.05580139,6.479548429013638,0,0,0
2018-02-19 12:00:00,1470.5288,28.517266845703148,0.015304863,0.021362305,27.27664849241042,29.626641845703148,0.015083611,0.032211304,16.791533325776538,27.173516845703148,0.01371032,0.05230713,6.398661568878829,0,0,0
2018-02-19 13:00:00,1504.2065,28.683740234375023,0.015349878,0.026672363,26.46351404639213,29.855615234375023,0.015101923,0.026100159,16.518015815968397,27.293115234375023,0.013827814,0.050323486,6.179129247708588,0,0,0
2018-02-19 14:00:00,1508.0459,28.585412597656276,0.015314342,0.0231781,25.884812274183613,29.741662597656276,0.015100719,0.023078918,16.280504468370413,27.163537597656276,0.013975384,0.051651,5.972801407321874,0,0,0
2018-02-19 15:00:00,1488.8719999999998,28.249536132812523,0.015225821,0.013069153,25.428300545414547,29.249536132812523,0.0150198275,0.020988464,15.938354153352089,26.780786132812523,0.014096671,0.046432495,5.908537852088328,0,0,0
2018-02-19 16:00:00,1397.5528,27.632104492187523,0.015164726,0.007566452,25.12017462554298,28.350854492187523,0.014928215,0.017623901,15.090223954891757,26.116479492187523,0.014150017,0.042648315,6.041916600111073,0,0,0
2018-02-19 17:00:00,1272.4379,26.636010742187523,0.015176803,0.0048980713,24.505662486382292,26.932885742187523,0.014989883,0.014736176,12.425158800917892,25.057885742187523,0.014139205,0.045455933,6.234598907809528,0,0,0
2018-02-19 18:00:00,1260.6761,25.556237792968773,0.015318656,0.005077362,22.64660623148005,24.657800292968773,0.0150897745,0.015625,8.81158532123551,23.610925292968773,0.014380241,0.04574585,5.868491452893003,0,0,0
2018-02-19 19:00:00,1299.6117,24.966516113281276,0.015554889,0.0057373047,20.488303622485404,23.536828613281276,0.015047534,0.020477295,7.961191613032189,22.614953613281276,0.0146050295,0.05166626,5.701178890588566,0,0,0
2018-02-19 20:00:00,1258.5105,24.729364013671898,0.01567324,0.010410309,19.06047313283076,22.815301513671898,0.014986595,0.013538361,7.580724505824172,21.909051513671898,0.0147806015,0.05870056,5.591085136331675,0,0,0
2018-02-19 21:00:00,1215.6913,24.635949707031276,0.015703935,0.012516022,18.38673421067705,22.315637207031276,0.0149066625,0.009685516,7.429726778040893,21.464074707031276,0.014845627,0.060302734,5.358761680809194,0,0,0
2018-02-19 22:00:00,1168.4691,24.516320800781276,0.015727423,0.015983582,18.907569241485856,21.899133300781276,0.014834785,0.0048923492,7.486177769043539,21.196008300781276,0.0148386,0.059570312,5.226254742375476,0,0,0
2018-02-19 23:00:00,1105.2104000000002,24.393151855468773,0.015774319,0.021492004,20.141410507616595,21.525964355468773,0.014782498,0.0024051666,7.713915766973408,20.971276855468773,0.014774868,0.060012817,5.442289981320703,0,0,0
2018-02-20 00:00:00,1040.6184,24.283105468750023,0.015828783,0.02671051,21.12817503414428,21.204980468750023,0.014745408,0.0059833527,8.088215456982118,20.736230468750023,0.014661484,0.056289673,5.7369573897544255,0,0,0
2018-02-20 01:00:00,999.747,24.174737548828148,0.01591991,0.038345337,21.61715246089499,20.963800048828148,0.014714466,0.008041382,8.475460991938958,20.518487548828148,0.01448177,0.053588867,6.060825086644226,0,0,0
2018-02-20 02:00:00,973.8003,24.089196777343773,0.016063392,0.051071167,21.94844641259964,20.761071777343773,0.014705361,0.011268616,8.534579213903779,20.354821777343773,0.014293374,0.05847168,6.26293398329909,0,0,0
2018-02-20 03:00:00,953.9358,24.010064697265648,0.016260587,0.05430603,21.36060421892733,20.603814697265648,0.014650784,0.02143097,8.234370543390042,20.236627197265648,0.014162503,0.06359863,6.231494650060326,0,0,0
2018-02-20 04:00:00,949.0225,23.963006591796898,0.016457852,0.04963684,18.88065219754829,20.502069091796898,0.014626798,0.022865295,7.697964099398929,20.158319091796898,0.01410037,0.07369995,5.956149422435842,0,0,0
2018-02-20 05:00:00,960.211,23.910455322265648,0.016571216,0.044067383,16.357697269136953,20.504205322265648,0.014682942,0.016693115,7.352627747692832,20.152642822265648,0.0141107375,0.0826416,5.667893525248142,0,0,0
2018-02-20 06:00:00,984.9486,23.958459472656276,0.016562976,0.039413452,16.306509457004793,20.747521972656276,0.014834919,0.017112732,7.233399932601608,20.200646972656276,0.014171162,0.08639526,5.473404743380786,0,0,0
2018-02-20 07:00:00,1098.4654,24.700280761718773,0.016532265,0.028961182,19.571319865540417,22.973718261718773,0.015490852,0.017906189,10.54199301072542,20.887780761718773,0.014437996,0.0881958,5.527043305659611,0,0,0
2018-02-20 08:00:00,1241.8952,25.708062744140648,0.016226782,0.02230835,22.662664447572823,25.419000244140648,0.016058935,0.01637268,13.20006705180391,22.348687744140648,0.0147161605,0.084991455,5.840471371609516,0,0,0
2018-02-20 09:00:00,1357.8755,26.690026855468773,0.016089547,0.019218445,23.004045107515196,27.400964355468773,0.016112436,0.019203186,14.801966995258129,24.385339355468773,0.014815439,0.08560181,5.980893421605628,0,0,0
2018-02-20 10:00:00,1428.3314,27.663415527343773,0.016038164,0.019309998,22.43610728072295,28.866540527343773,0.016167864,0.022613525,14.206325685540316,26.046228027343773,0.014683948,0.08294678,5.615187516788184,0,0,0
2018-02-20 11:00:00,1472.2111,28.491906738281276,0.016000982,0.022598267,21.834651110923257,29.945031738281276,0.016390081,0.024749756,13.229748582591952,27.163781738281276,0.014631506,0.08102417,4.820904213865902,0,0,0
2018-02-20 12:00:00,1477.0364,29.039453125000023,0.015970208,0.025177002,21.33793931988151,30.633203125000023,0.016672112,0.03135681,12.313327881530094,27.805078125000023,0.014871575,0.08721924,3.7184964390068656,0,0,0
2018-02-20 13:00:00,1519.5577999999998,29.317407226562523,0.015985351,0.03237915,20.96711322610084,30.942407226562523,0.016832214,0.038391113,11.785247581059764,27.973657226562523,0.0151995225,0.09188843,2.862140356400917,0,0,0
2018-02-20 14:00:00,1511.4018,29.303918457031276,0.015931923,0.043121338,20.68651466627682,30.913293457031276,0.016794045,0.043899536,11.571808258366891,27.850793457031276,0.015054543,0.105895996,2.745312034507021,0,0,0
2018-02-20 15:00:00,1476.2814999999998,28.9792419433594,0.01584055,0.0466156,20.647156378744278,30.5261169433594,0.016634008,0.054763794,11.536289211896412,27.4011169433594,0.0149708,0.09674072,2.962653477230236,0,0,0
2018-02-20 16:00:00,1402.3017,28.310754394531276,0.015756505,0.033325195,20.94953356385217,29.592004394531276,0.016511815,0.054214478,11.391921041718645,26.623254394531276,0.01506223,0.08370972,3.4671151633708464,0,0,0
2018-02-20 17:00:00,1274.2252,27.211602783203148,0.01578698,0.019744873,21.39661479093641,28.102227783203148,0.01652703,0.045425415,10.096461856645876,25.367852783203148,0.015371177,0.074523926,4.098755526665455,0,0,0
2018-02-20 18:00:00,1271.3115,25.983758544921898,0.015916089,0.012107849,21.05860783597192,25.843133544921898,0.016419629,0.04168701,8.007870683858744,23.819696044921898,0.015477398,0.08590698,4.663720549503485,0,0,0
2018-02-20 19:00:00,1336.7934,25.280938720703148,0.01602257,0.0077266693,20.6353711495691,24.726251220703148,0.016091235,0.03677368,8.914549522635921,22.851251220703148,0.015450366,0.095062256,5.362448973512968,0,0,0
2018-02-20 20:00:00,1301.4059,24.959069824218773,0.016022256,0.006626129,19.37444829733667,23.966882324218773,0.01597648,0.037872314,8.602759517357008,22.302819824218773,0.015503457,0.09713745,5.432595676048324,0,0,0
2018-02-20 21:00:00,1258.1956,24.752832031250023,0.015984116,0.0057697296,18.18482714331984,23.385644531250023,0.015915452,0.037521362,7.686709658305935,21.987207031250023,0.015484391,0.09716797,5.208943016480214,0,0,0
2018-02-20 22:00:00,1213.4241000000002,24.574395751953148,0.015961561,0.006170273,18.41024762767743,23.004083251953148,0.015839491,0.036254883,7.4132674027445375,21.769708251953148,0.015427505,0.10308838,4.989885720452306,0,0,0
2018-02-20 23:00:00,1144.8863,24.393518066406276,0.015954575,0.009555817,19.8036825743562,22.706018066406276,0.015794357,0.035003662,7.471420691641533,21.604455566406276,0.0153632965,0.110839844,4.861790975542672,0,0,0
2018-02-21 00:00:00,1097.6404,24.303430175781276,0.015955368,0.01600647,21.52197631439871,22.451867675781276,0.015703598,0.03352356,7.74844268410954,21.459680175781276,0.015287796,0.1121521,4.83263514551285,0,0,0
2018-02-21 01:00:00,1044.0301000000002,24.2477966308594,0.015948683,0.021026611,23.03172525109641,22.2009216308594,0.015544326,0.03187561,8.04972802881505,21.2868591308594,0.015159042,0.12020874,5.100145371553063,0,0,0
2018-02-21 02:00:00,1014.9304,24.189019775390648,0.015973097,0.02406311,24.117521635804863,21.946832275390648,0.015374189,0.026817322,8.286962762740924,21.095269775390648,0.015000349,0.11907959,5.479580047833077,0,0,0
2018-02-21 03:00:00,979.1538,24.076959228515648,0.016110394,0.02268219,23.188339749576656,21.670709228515648,0.015282606,0.025886536,8.36996630261929,20.936334228515648,0.014889692,0.11898804,5.719793035724369,0,0,0
2018-02-21 04:00:00,976.6417,24.015222167968773,0.016071787,0.019836426,22.294940692748305,21.421472167968773,0.015232554,0.027938843,8.011040269829754,20.827722167968773,0.014816752,0.11886597,5.691837318658427,0,0,0
2018-02-21 05:00:00,1015.9934,23.964501953125023,0.015972083,0.011547089,20.538998564587637,21.230126953125023,0.015212958,0.028518677,7.604753583719317,20.769189453125023,0.014774268,0.120788574,5.5553827937073015,0,0,0
2018-02-21 06:00:00,1023.9148,23.977258300781276,0.015971994,0.0075702667,19.10492260994869,21.281945800781276,0.015231943,0.02646637,7.540152649485226,20.750695800781276,0.0147818085,0.12145996,5.359934084899759,0,0,0
2018-02-21 07:00:00,1107.2987,24.775689697265648,0.016070765,0.0069446564,21.02255328408115,23.166314697265648,0.015704554,0.023353577,10.627440723800374,21.330377197265648,0.015010279,0.116119385,5.62817662377963,0,0,0
2018-02-21 08:00:00,1267.465,25.830957031250023,0.016047692,0.012237549,22.88121297542074,25.526269531250023,0.01606295,0.021720886,12.922024860735442,22.495019531250023,0.015288567,0.10211182,5.741543321248899,0,0,0
2018-02-21 09:00:00,1352.6345,26.892205810546898,0.016046956,0.01335907,22.62400156420928,27.439080810546898,0.016069844,0.018737793,13.574283846516574,24.376580810546898,0.015215352,0.08166504,5.546300686184865,0,0,0
2018-02-21 10:00:00,1436.8728,27.850793457031276,0.016024075,0.019615173,22.50591206507435,28.913293457031276,0.016054593,0.013080597,12.930111734212838,26.100793457031276,0.014795742,0.08425903,4.941085556540261,0,0,0
2018-02-21 11:00:00,1476.3886,28.563500976562523,0.015917128,0.032043457,22.585738741126487,30.079125976562523,0.016207045,0.01102066,11.98791576376523,27.235375976562523,0.014635389,0.08114624,4.041117273069078,0,0,0
2018-02-21 12:00:00,1507.4368000000002,29.027062988281276,0.015764534,0.046707153,22.419892306719984,30.839562988281276,0.016420662,0.013771057,10.98103822646137,27.902062988281276,0.014860451,0.07678223,2.931224948149711,0,0,0
2018-02-21 13:00:00,1545.4212,29.207666015625023,0.015642628,0.053604126,22.357342920631314,31.192041015625023,0.01649712,0.02054596,10.292202192162543,28.145166015625023,0.01530312,0.087646484,2.021763503996429,0,0,0
2018-02-21 14:00:00,1529.5655,29.175958251953148,0.015543734,0.052841187,22.54826719811736,31.144708251953148,0.016405854,0.03741455,10.08750136137886,28.113458251953148,0.015311037,0.09863281,1.6819207083828625,0,0,0
2018-02-21 15:00:00,1488.9317,28.786828613281276,0.015421613,0.047088623,23.09603804262977,30.755578613281276,0.016260846,0.058258057,10.183339008968622,27.708703613281276,0.01533006,0.09442139,1.5550828578621103,0,0,0
2018-02-21 16:00:00,1390.6386,28.066705322265648,0.015391065,0.033355713,23.63104484608284,29.988580322265648,0.016306592,0.06732178,10.305507061739396,26.941705322265648,0.015566541,0.08779907,1.6683579037819931,0,0,0
2018-02-21 17:00:00,1291.3889,26.933984375000023,0.015493983,0.023872375,24.03437792041817,28.543359375000023,0.01674139,0.05606079,8.975336919639558,25.683984375000023,0.015925044,0.110839844,2.071507265071297,0,0,0
2018-02-21 18:00:00,1286.1952,25.664422607421898,0.015696045,0.011760712,23.321760633429214,26.273797607421898,0.016970154,0.03842163,6.977861174444804,24.234735107421898,0.016161438,0.11734009,2.4426908563722063,0,0,0
2018-02-21 19:00:00,1315.5179,24.955957031250023,0.015901696,0.0087890625,22.42422053280573,25.198144531250023,0.016786706,0.029380798,8.188027988328232,23.487207031250023,0.015939843,0.14074707,3.13310477779307,0,0,0
2018-02-21 20:00:00,1301.5002,24.665063476562523,0.015955048,0.010311127,21.572745867362656,24.391625976562523,0.01667984,0.03138733,8.7123525467467,22.868188476562523,0.01580246,0.15228271,4.6416727443817365,0,0,0
2018-02-21 21:00:00,1256.5410000000002,24.535180664062523,0.015932413,0.009552002,21.39804960970998,23.777368164062523,0.016565653,0.044952393,8.290734535871179,22.386743164062523,0.015749307,0.14508057,5.388497595241492,0,0,0
2018-02-21 22:00:00,1218.437,24.415887451171898,0.015856735,0.011875153,21.961944764120176,23.337762451171898,0.0163145,0.04296875,8.361444572594868,22.040887451171898,0.015658371,0.14282227,5.329223966949107,0,0,0
2018-02-21 23:00:00,1150.6057,24.273767089843773,0.015766054,0.015338898,22.62229374839069,22.906579589843773,0.016033083,0.040237427,8.376423105063054,21.797204589843773,0.0155181,0.14318848,5.177859536309052,0,0,0
2018-02-22 00:00:00,1092.8418,24.119561767578148,0.015703265,0.018310547,22.93928798431937,22.502374267578148,0.015794817,0.031814575,8.239495543065681,21.580499267578148,0.015367571,0.13208008,5.08768060162131,0,0,0
2018-02-22 01:00:00,1036.5188,23.972924804687523,0.015648264,0.021064758,22.99340987289636,22.129174804687523,0.015587229,0.027931213,8.11298397836475,21.355737304687523,0.01520576,0.11773682,5.135286085262459,0,0,0
2018-02-22 02:00:00,1005.2781,23.802423095703148,0.015723223,0.023147583,21.561907940241223,21.786798095703148,0.015414231,0.026268005,8.059738807705713,21.161798095703148,0.0150480205,0.10720825,5.193500983813527,0,0,0
2018-02-22 03:00:00,972.842,23.663995361328148,0.015836615,0.029884338,20.448739115077107,21.507745361328148,0.015275854,0.02771759,8.1465850181463,20.984307861328148,0.014890569,0.10714722,5.417676794303457,0,0,0
2018-02-22 04:00:00,940.1914,23.654321289062523,0.015843483,0.033615112,20.21011085898881,21.255883789062523,0.015168281,0.035736084,7.941015197462665,20.802758789062523,0.014725776,0.10406494,5.595285897403424,0,0,0
2018-02-22 05:00:00,960.7234,23.618615722656276,0.015881205,0.029556274,19.621088321843768,21.071740722656276,0.015099191,0.039352417,7.751486353931769,20.688928222656276,0.014607095,0.09939575,5.63027563270719,0,0,0
2018-02-22 06:00:00,984.6437,23.632958984375023,0.015942099,0.027030945,19.425259456595544,21.101708984375023,0.015087607,0.040115356,7.92461218140724,20.648583984375023,0.014561179,0.09921265,5.660122676773489,0,0,0
2018-02-22 07:00:00,1081.8968,24.365075683593773,0.015995568,0.027038574,22.29556268584661,23.107263183593773,0.015511101,0.034561157,11.500892060552372,21.279138183593773,0.014698571,0.09564209,6.129632831050621,0,0,0
2018-02-22 08:00:00,1259.7925,25.491143798828148,0.015644768,0.03504944,25.566413006110643,25.459893798828148,0.01575158,0.03565979,14.524857338813716,22.663018798828148,0.014752128,0.091552734,6.468005275150901,0,0,0
2018-02-22 09:00:00,1356.1737,26.485406494140648,0.015458132,0.030517578,25.737218080656078,27.290093994140648,0.015622164,0.03315735,15.782383438953705,24.555718994140648,0.014470126,0.092315674,6.464244514099194,0,0,0
2018-02-22 10:00:00,1428.1816,27.450097656250023,0.015475166,0.02279663,24.481299987383544,28.700097656250023,0.01555146,0.030471802,15.524492869179811,26.106347656250023,0.014174354,0.08444214,6.133204045522509,0,0,0
2018-02-22 11:00:00,1471.0266,28.265496826171898,0.0154994875,0.024787903,22.824592016779224,29.765496826171898,0.01559867,0.028114319,14.791356207083384,27.187371826171898,0.014004126,0.0713501,5.69274383263951,0,0,0
2018-02-22 12:00:00,1497.9937,28.806787109375023,0.015480428,0.014873505,21.165786370822904,30.478662109375023,0.015671162,0.026420593,13.893514258975497,27.759912109375023,0.014042287,0.075927734,5.121479254207884,0,0,0
2018-02-22 13:00:00,1515.3258,29.114648437500023,0.015411466,0.016059875,19.914443305928955,30.817773437500023,0.015724272,0.023590088,13.061196516060557,27.895898437500023,0.014339536,0.080963135,4.477089774350657,0,0,0
2018-02-22 14:00:00,1522.0459,29.130090332031276,0.015371923,0.012550354,19.178209026836964,30.801965332031276,0.015761022,0.021331787,12.46273889188311,27.739465332031276,0.014513616,0.0763855,4.220346743724746,0,0,0
2018-02-22 15:00:00,1465.1462,28.819726562500023,0.015317128,0.0089530945,18.809914527224315,30.366601562500023,0.015752004,0.020072937,12.056518020142446,27.319726562500023,0.014550374,0.069366455,4.298520485712365,0,0,0
2018-02-22 16:00:00,1406.0711,28.158898925781276,0.015274254,0.007843018,18.79133955959095,29.471398925781276,0.01564428,0.0210495,11.8016750763158,26.533898925781276,0.014484611,0.0640564,4.782919630354423,0,0,0
2018-02-22 17:00:00,1288.3608,27.0476013183594,0.015350232,0.0066947937,18.9966809074124,27.8913513183594,0.015674481,0.020622253,10.317875441164462,25.3913513183594,0.014404187,0.060134888,5.512113503122126,0,0,0
2018-02-22 18:00:00,1270.9236999999998,25.705957031250023,0.015620801,0.010654449,18.83055916578405,25.502832031250023,0.015719982,0.019111633,7.934095026630421,23.807519531250023,0.014594647,0.068237305,5.9343593796077005,0,0,0
2018-02-22 19:00:00,1318.5892,24.866815185546898,0.015865035,0.011669159,18.92722778914616,24.249627685546898,0.015624709,0.015327454,8.359414062408733,22.741815185546898,0.014838882,0.08331299,6.5251673972920505,0,0,0
2018-02-22 20:00:00,1273.3336,24.496484375000023,0.016011043,0.010486603,17.83958587747443,23.457421875000023,0.015637202,0.01689148,8.555733735787388,22.168359375000023,0.014931483,0.08270264,6.618474532060297,0,0,0
2018-02-22 21:00:00,1225.4412000000002,24.331567382812523,0.01608124,0.014595032,16.858174473228832,22.886254882812523,0.015631106,0.023025513,8.122908811980412,21.855004882812523,0.014974979,0.09124756,6.280153867816822,0,0,0
2018-02-22 22:00:00,1166.8195,24.272119140625023,0.01601479,0.019935608,16.636144780909632,22.490869140625023,0.015564657,0.025314331,7.73043090132536,21.764306640625023,0.01502297,0.096588135,5.822558553621557,0,0,0
2018-02-22 23:00:00,1112.287,24.204919433593773,0.015969826,0.020149231,16.713318964908016,22.165856933593773,0.015492988,0.024993896,7.501627905603613,21.720544433593773,0.015000892,0.09384155,5.716351655931645,0,0,0
2018-02-23 00:00:00,1072.7447,24.101739501953148,0.01597108,0.020652771,16.794628919594352,21.875177001953148,0.015448466,0.024009705,7.516129993753955,21.625177001953148,0.014910594,0.0897522,5.814163806650863,0,0,0
2018-02-23 01:00:00,1038.4904,23.983361816406276,0.015965236,0.024993896,16.642137722835965,21.631799316406276,0.015362513,0.023536682,7.671575079064636,21.467736816406276,0.014794123,0.0803833,5.921327800179221,0,0,0
2018-02-23 02:00:00,1003.327,23.901055908203148,0.015890196,0.02684021,17.180124509491225,21.416680908203148,0.015218809,0.022666931,7.834641105840409,21.338555908203148,0.014650419,0.07116699,6.13628803414676,0,0,0
2018-02-23 03:00:00,974.8553,23.805047607421898,0.015852349,0.026145935,17.182176155225484,21.234735107421898,0.015097039,0.023460388,7.975203642442477,21.211297607421898,0.0145210195,0.070007324,6.27354538916217,0,0,0
2018-02-23 04:00:00,970.3129,23.708398437500023,0.015836919,0.023117065,16.42672235524865,21.067773437500023,0.015070165,0.024971008,7.884350092391542,21.122460937500023,0.014406407,0.06790161,6.15809036863054,0,0,0
2018-02-23 05:00:00,985.6604,23.606652832031276,0.015828209,0.0205307,15.251322604499698,20.950402832031276,0.015091973,0.021385193,7.7298045355991585,21.075402832031276,0.014313775,0.06604004,5.997941913487559,0,0,0
2018-02-23 06:00:00,1000.9097,23.609887695312523,0.01586522,0.021842957,14.83719290822884,21.055200195312523,0.015132798,0.024131775,7.723886931885257,21.063012695312523,0.014259232,0.06314087,5.876363506766721,0,0,0
2018-02-23 07:00:00,1099.3522,24.450769042968773,0.015887016,0.021965027,18.256141335785284,23.200769042968773,0.015494103,0.037368774,11.063042351310717,21.794519042968773,0.014345879,0.057861328,6.2168843232097695,0,0,0
2018-02-23 08:00:00,1271.0341,25.532800292968773,0.015519526,0.03363037,21.533162659400755,25.603112792968773,0.015641596,0.042388916,14.055769043424824,23.274987792968773,0.014214899,0.053726196,6.59366176745062,0,0,0
2018-02-23 09:00:00,1371.5800000000002,26.497033691406276,0.015388512,0.026313782,21.832737760307374,27.411096191406276,0.015510582,0.042053223,15.102859852770331,24.848596191406276,0.013969445,0.04095459,6.523811758304197,0,0,0
2018-02-23 10:00:00,1430.571,27.445092773437523,0.015368656,0.017456055,21.792016091496247,28.804467773437523,0.015433506,0.041992188,14.831274815284235,26.210717773437523,0.0137779275,0.038482666,6.153749337205032,0,0,0
2018-02-23 11:00:00,1464.724,28.222314453125023,0.015345189,0.014141083,21.61693862512592,29.878564453125023,0.015413853,0.039886475,14.213152304302271,27.284814453125023,0.0136476485,0.03691101,5.604513291011626,0,0,0
2018-02-23 12:00:00,1475.0093,28.744683837890648,0.015298305,0.016952515,21.138110386062408,30.619683837890648,0.015504299,0.03703308,13.45720221113283,27.900933837890648,0.013822017,0.044692993,4.858739384236477,0,0,0
2018-02-23 13:00:00,1500.1627,29.044549560546898,0.01530883,0.022407532,20.69002631029509,30.966424560546898,0.015598747,0.037216187,12.862206547450835,28.107049560546898,0.0142369,0.052978516,4.197218430272854,0,0,0
2018-02-23 14:00:00,1509.0385,29.021539306640648,0.015323304,0.035598755,20.306778919379767,30.896539306640648,0.015617035,0.03656006,12.651404834286422,28.021539306640648,0.0143047795,0.0713501,4.074873455399659,0,0,0
2018-02-23 15:00:00,1446.0208,28.7216735839844,0.015322778,0.03593445,20.04832742235826,30.4247985839844,0.015521143,0.032470703,12.627788799202946,27.6122985839844,0.014315698,0.08306885,4.272030130065792,0,0,0
2018-02-23 16:00:00,1378.1723,28.129571533203148,0.015307465,0.029373169,20.05775259160106,29.504571533203148,0.01536087,0.029075623,12.570240953999312,26.817071533203148,0.014464417,0.07556152,4.769186819326022,0,0,0
2018-02-23 17:00:00,1276.9466,27.168237304687523,0.015361158,0.023345947,20.08211719339468,27.933862304687523,0.015376417,0.027633667,10.954965609936554,25.668237304687523,0.01464781,0.06625366,5.368644565883691,0,0,0
2018-02-23 18:00:00,1263.8451,25.937310791015648,0.015571285,0.014957428,19.74624696249907,25.609185791015648,0.0154644735,0.035476685,8.363722119174428,24.187310791015648,0.014674831,0.06719971,5.820835982776968,0,0,0
2018-02-23 19:00:00,1312.293,25.144586181640648,0.015781824,0.007926941,19.729254619827987,24.503961181640648,0.015266839,0.03727722,9.091361047052647,23.074273681640648,0.014809076,0.064575195,6.328848347330138,0,0,0
2018-02-23 20:00:00,1276.5832,24.687615966796898,0.015912773,0.0040798187,18.37316549057464,23.836053466796898,0.015287162,0.032836914,9.36496315756912,22.398553466796898,0.01493621,0.07217407,6.131975911415996,0,0,0
2018-02-23 21:00:00,1227.846,24.425958251953148,0.015989542,0.0021333694,16.268127621775022,23.340020751953148,0.01532197,0.029342651,8.905877189462807,22.004083251953148,0.014955759,0.08508301,5.843003652310017,0,0,0
2018-02-23 22:00:00,1176.7955,24.250329589843773,0.015959825,0.0020694733,14.8702293631765,22.976892089843773,0.0153304,0.033096313,8.418136717074242,21.750329589843773,0.014948931,0.1003418,5.496154342349898,0,0,0
2018-02-23 23:00:00,1124.4714,24.108850097656276,0.015862051,0.0035352707,14.399577277654592,22.726037597656276,0.015339437,0.03286743,8.202237926366951,21.585412597656276,0.014950338,0.10769653,5.128265758305158,0,0,0
2018-02-24 00:00:00,1073.9067,23.984338378906276,0.015817342,0.0074386597,14.186135414138738,22.390588378906276,0.015321432,0.030822754,7.503441272887325,21.453088378906276,0.014913259,0.108673096,5.0574912661271005,0,0,0
2018-02-24 01:00:00,1033.8319,23.867211914062523,0.015733961,0.009941101,14.52594308335736,21.984399414062523,0.015276197,0.028404236,6.795971611233087,21.304711914062523,0.014841322,0.10757446,5.07302631841924,0,0,0
2018-02-24 02:00:00,997.5966,23.772088623046898,0.015665613,0.012371063,14.69508541242004,21.693963623046898,0.015234552,0.02596283,6.450578406370502,21.162713623046898,0.014750086,0.10534668,5.035503580618806,0,0,0
2018-02-24 03:00:00,974.5258,23.671319580078148,0.015673516,0.014095306,13.992848651543753,21.476007080078148,0.015162347,0.024147034,6.16906744885129,21.030694580078148,0.014658807,0.10458374,4.827433202865162,0,0,0
2018-02-24 04:00:00,961.1488,23.5754333496094,0.01568091,0.014923096,13.127478386260565,21.3019958496094,0.015074372,0.021255493,6.026475771536342,20.9269958496094,0.014570832,0.10058594,4.599838631328836,0,0,0
2018-02-24 05:00:00,954.281,23.5004821777344,0.015673166,0.015274048,12.722789927721116,21.1254821777344,0.014978891,0.019332886,6.071523561776407,20.8520446777344,0.014513498,0.09866333,4.447951327448688,0,0,0
2018-02-24 06:00:00,951.6709,23.553033447265648,0.015688814,0.014316559,12.573866636495826,21.185845947265648,0.014948763,0.017593384,6.374031244608939,20.810845947265648,0.0144757405,0.09741211,4.422416081298126,0,0,0
2018-02-24 07:00:00,1008.6983,24.539514160156276,0.01563862,0.016052246,16.256115426427197,23.234826660156276,0.015283854,0.015968323,10.096898257938046,21.531701660156276,0.014551432,0.09136963,4.852593831447813,0,0,0
2018-02-24 08:00:00,1122.1747,25.621392822265648,0.015374071,0.014091492,19.177994419925746,25.621392822265648,0.015313036,0.016578674,13.134510505189658,23.137017822265648,0.014477617,0.079315186,5.2904625567459655,0,0,0
2018-02-24 09:00:00,1230.4235,26.667382812500023,0.015326138,0.019744873,19.715667001894456,27.448632812500023,0.015154476,0.01638794,13.732284163857576,24.933007812500023,0.014219875,0.074920654,5.201895870710913,0,0,0
2018-02-24 10:00:00,1313.7411,27.618554687500023,0.015309464,0.016143799,19.68231251411582,28.884179687500023,0.015160691,0.016418457,12.965509654957378,26.399804687500023,0.01385225,0.08117676,4.473912534231379,0,0,0
2018-02-24 11:00:00,1341.3805,28.381158447265648,0.015220749,0.017570496,19.487932291674323,30.053033447265648,0.015323746,0.021263123,11.618850755177714,27.521783447265648,0.013610947,0.0803833,3.480455211266281,0,0,0
2018-02-24 12:00:00,1321.6545,28.897149658203148,0.015079141,0.02167511,19.001591152021817,30.834649658203148,0.015555978,0.03475952,10.033403431424682,28.272149658203148,0.013755441,0.09710693,2.2131606327992253,0,0,0
2018-02-24 13:00:00,1295.8395999999998,29.185906982421898,0.014926022,0.025344849,18.29013763826451,31.201531982421898,0.01569659,0.061264038,8.70108913312932,28.529656982421898,0.01457507,0.11941528,1.1231454727013677,0,0,0
2018-02-24 14:00:00,1307.0074,29.268029785156276,0.014746197,0.032089233,17.62124609395739,31.221154785156276,0.01565028,0.08673096,7.876086002126351,28.533654785156276,0.014688976,0.12628174,0.565200232560116,0,0,0
2018-02-24 15:00:00,1278.927,29.049249267578148,0.014600824,0.032669067,17.244763105163916,30.924249267578148,0.015546869,0.119262695,7.68084413776905,28.111749267578148,0.014757226,0.13934326,0.2733815691829756,0,0,0
2018-02-24 16:00:00,1256.8507,28.5234313964844,0.014577869,0.025436401,17.060738072232866,30.0546813964844,0.01557732,0.095581055,7.441687125604693,27.3359313964844,0.015005115,0.1642456,0.2148918479485773,0,0,0
2018-02-24 17:00:00,1205.7296,27.576928710937523,0.014783933,0.015769958,16.672755841597265,28.670678710937523,0.016130522,0.057922363,6.44526493235288,26.139428710937523,0.015081479,0.18658447,0.4824373769393034,0,0,0
2018-02-24 18:00:00,1213.5572,26.314782714843773,0.015260829,0.008049011,15.581427684004924,26.252282714843773,0.016420497,0.05102539,4.600342913990223,24.705407714843773,0.0155774485,0.20837402,0.654582135773876,0,0,0
2018-02-24 19:00:00,1269.9359,25.444055175781276,0.015703563,0.0042972565,15.21946749584011,25.100305175781276,0.016039256,0.052612305,5.272483214437102,23.694055175781276,0.015219095,0.21948242,0.9715987594871406,0,0,0
2018-02-24 20:00:00,1240.5403,24.884362792968773,0.015940154,0.0025463104,14.124177778500991,24.212487792968773,0.01574179,0.044036865,6.2843864421844655,22.954675292968773,0.015127623,0.22570801,1.6313094884614376,0,0,0
2018-02-24 21:00:00,1202.3672,24.4916931152344,0.016123753,0.001543045,11.840048790908495,23.3666931152344,0.015551549,0.027915955,6.844378123264821,22.4682556152344,0.015055639,0.22503662,2.5387190676316247,0,0,0
2018-02-24 22:00:00,1162.423,24.196923828125023,0.016193317,0.001806736,10.38149121283865,22.657861328125023,0.015426562,0.01802826,6.778974905586304,22.064111328125023,0.015045092,0.20654297,3.1977542149206792,0,0,0
2018-02-24 23:00:00,1119.8183,23.958428955078148,0.016202211,0.00329113,9.962012120341946,22.138116455078148,0.015263796,0.012802124,6.824428752425805,21.747491455078148,0.015000582,0.17565918,3.8370554613723606,0,0,0
2018-02-25 00:00:00,1071.153,23.828515625000023,0.016209899,0.009010315,10.292325881252422,21.680078125000023,0.0151761165,0.008426666,6.599038132022219,21.461328125000023,0.014920532,0.14459229,4.377009071084467,0,0,0
2018-02-25 01:00:00,1031.5196,23.785974121093773,0.016194362,0.02230072,11.256151760420313,21.293786621093773,0.015103358,0.006187439,6.486580835397264,21.231286621093773,0.014813441,0.12432861,4.681649388387449,0,0,0
2018-02-25 02:00:00,983.6596,23.770928955078148,0.016194174,0.032714844,12.032702022769037,20.950616455078148,0.015015432,0.00851059,6.324400515285744,21.091241455078148,0.014683553,0.11538696,4.856270643507041,0,0,0
2018-02-25 03:00:00,958.5555,23.698785400390648,0.016209159,0.034225464,11.93540655983428,20.659722900390648,0.0148930885,0.016212463,6.330638660917439,20.940972900390648,0.014614616,0.09423828,4.874318976150638,0,0,0
2018-02-25 04:00:00,934.1865,23.564874267578148,0.016224306,0.034454346,10.802842910433798,20.408624267578148,0.014751834,0.018661499,6.0097205766409605,20.807061767578148,0.014561099,0.09039307,4.663018866091593,0,0,0
2018-02-25 05:00:00,928.3603,23.499169921875023,0.016186137,0.035705566,9.628298868394204,20.210107421875023,0.014675517,0.01802826,5.640176639225715,20.725732421875023,0.0145381875,0.09341431,4.427333707782914,0,0,0
2018-02-25 06:00:00,900.2905999999999,23.568200683593773,0.016216723,0.03414917,9.073469199967226,20.318200683593773,0.014667956,0.016464233,5.4645222671980775,20.786950683593773,0.014564959,0.090423584,4.413121226727404,0,0,0
2018-02-25 07:00:00,908.9713,24.643945312500023,0.016194016,0.03300476,12.130127995531964,22.690820312500023,0.0151259005,0.016464233,8.616075359939368,21.534570312500023,0.014782578,0.08282471,4.832220487844036,0,0,0
2018-02-25 08:00:00,960.8376,25.689599609375023,0.015957505,0.053955078,13.116489218869162,25.486474609375023,0.015423447,0.02041626,10.909276112458222,22.877099609375023,0.014744431,0.07458496,5.069597076115631,0,0,0
2018-02-25 09:00:00,1010.2847,26.638238525390648,0.01578983,0.0594635,12.04096122250484,27.560113525390648,0.015374026,0.02279663,10.97124896413384,24.700738525390648,0.014290652,0.06378174,4.738767783399021,0,0,0
2018-02-25 10:00:00,1066.8265,27.580163574218773,0.015705872,0.062332153,11.428792932407417,29.064538574218773,0.015267181,0.023902893,10.294229064800057,26.267663574218773,0.013863373,0.061065674,3.981314735545033,0,0,0
2018-02-25 11:00:00,1117.9577,28.352075195312523,0.015551977,0.07266235,11.485971927396626,30.227075195312523,0.015277319,0.026664734,9.420609027588588,27.492700195312523,0.013575964,0.07394409,2.9614923139553238,0,0,0
2018-02-25 12:00:00,1119.8206,28.890344238281276,0.015322242,0.09170532,11.418636347764144,30.984094238281276,0.015364204,0.036605835,8.352719568759383,28.296594238281276,0.013758216,0.09625244,1.7029792940300033,0,0,0
2018-02-25 13:00:00,1116.8537,29.124139404296898,0.015137977,0.109191895,11.614504500094476,31.327264404296898,0.015393562,0.05531311,7.723976141475454,28.546014404296898,0.014542884,0.13208008,0.873034604389571,0,0,0
2018-02-25 14:00:00,1069.4012,29.248895263671898,0.015041929,0.12878418,12.290184533368809,31.327020263671898,0.015225034,0.09039307,7.645457905240899,28.467645263671898,0.014671903,0.14501953,0.493250113958509,0,0,0
2018-02-25 15:00:00,1105.3782,29.0981384277344,0.0149726765,0.14666748,13.555021846110584,30.9575134277344,0.01511382,0.09146118,7.963305038885173,27.9418884277344,0.014781942,0.17224121,0.2449158599333917,0,0,0
2018-02-25 16:00:00,1101.9029,28.686608886718773,0.014899975,0.14642334,15.143960213392806,30.249108886718773,0.01514793,0.08111572,8.272758664386956,27.155358886718773,0.015239483,0.18786621,0.2503983988871817,0,0,0
2018-02-25 17:00:00,1075.4916,27.8708435058594,0.015022769,0.110809326,16.8485586302651,28.7614685058594,0.015701784,0.045196533,7.209496053366412,25.9333435058594,0.015217318,0.20147705,0.5355442030357968,0,0,0
2018-02-25 18:00:00,1103.2185000000002,26.737756347656276,0.015424102,0.06211853,18.526743348905413,26.362756347656276,0.016091675,0.04675293,5.372517748022785,24.300256347656276,0.01556906,0.20935059,0.9297441750569876,0,0,0
2018-02-25 19:00:00,1187.5825,25.803308105468773,0.015863705,0.04031372,20.091589873441528,25.147058105468773,0.015833188,0.05101013,6.331436389465286,23.272058105468773,0.015436458,0.21160889,2.010562546993029,0,0,0
2018-02-25 20:00:00,1198.7247,25.1887145996094,0.016131474,0.029144287,19.660473287789955,24.2512145996094,0.015650822,0.04689026,7.909576931911169,22.6262145996094,0.015284611,0.15991211,3.4270415465678057,0,0,0
2018-02-25 21:00:00,1178.4762,24.8632751464844,0.01629259,0.019355774,17.676998102105898,23.4492126464844,0.01566698,0.04222107,7.511184028720482,22.1289001464844,0.015239735,0.1296997,4.1354484565851815,0,0,0
2018-02-25 22:00:00,1139.9157,24.6140075683594,0.016347038,0.012493134,15.712220575948075,22.8874450683594,0.015599357,0.040130615,7.139648197066061,21.7155700683594,0.015198814,0.1210022,4.346643099711212,0,0,0
2018-02-25 23:00:00,1096.3965999999998,24.386315917968773,0.016325327,0.008014679,14.143455938568566,22.448815917968773,0.015516612,0.040512085,6.69801576753653,21.441003417968773,0.015150401,0.11477661,4.290093470001995,0,0,0
2018-02-26 00:00:00,1032.3178,24.210137939453148,0.01627303,0.009674072,13.642077836209886,22.053887939453148,0.015445239,0.043319702,6.186911454386704,21.280450439453148,0.015090472,0.11767578,4.104832631926265,0,0,0
2018-02-26 01:00:00,1009.7984,24.116998291015648,0.016228214,0.015892029,13.854794891722475,21.718560791015648,0.01538898,0.044647217,5.933245539640762,21.171685791015648,0.015015139,0.12548828,3.951109336852152,0,0,0
2018-02-26 02:00:00,955.3835,24.049951171875023,0.016212925,0.020393372,13.981630459120645,21.432763671875023,0.015331731,0.044708252,5.831040043132884,21.081201171875023,0.014927373,0.13140869,3.856545081819884,0,0,0
2018-02-26 03:00:00,953.4451,23.996850585937523,0.016166788,0.024749756,13.997967654259924,21.207788085937523,0.015274149,0.04724121,5.886240869475724,20.973413085937523,0.014846903,0.13140869,3.883894773890578,0,0,0
2018-02-26 04:00:00,942.7538,23.905419921875023,0.016189372,0.03340149,13.271216160369184,21.014794921875023,0.01521281,0.047546387,5.855040975243242,20.866357421875023,0.014758861,0.12664795,4.038239952757407,0,0,0
2018-02-26 05:00:00,974.5044,23.800592041015648,0.016242545,0.034118652,11.931798702709598,20.847467041015648,0.0151400985,0.045578003,5.828525360510391,20.745904541015648,0.014674705,0.122802734,4.245960526188098,0,0,0
2018-02-26 06:00:00,994.2241,23.8598571777344,0.016317967,0.031402588,11.302728907463685,20.9379821777344,0.015097264,0.043807983,6.02852272157357,20.6645446777344,0.014628056,0.120147705,4.395238009573215,0,0,0
2018-02-26 07:00:00,1110.7561,24.841516113281276,0.016255604,0.032836914,14.711804815444449,23.075891113281276,0.015412556,0.04335022,9.67635275676429,21.286828613281276,0.0148517955,0.1171875,4.831143714357464,0,0,0
2018-02-26 08:00:00,1286.4809,25.906671142578148,0.015964752,0.052078247,16.612849260710277,25.609796142578148,0.015487916,0.04067993,12.211221187173708,22.547296142578148,0.014972932,0.10055542,5.15549834720251,0,0,0
2018-02-26 09:00:00,1386.5975,26.900964355468773,0.015880257,0.054138184,15.998317324848964,27.510339355468773,0.01533094,0.039123535,12.267872044868962,24.565026855468773,0.014434486,0.0769043,4.9287452921795305,0,0,0
2018-02-26 10:00:00,1451.9695,27.891961669921898,0.015810957,0.05709839,15.32909982923678,29.048211669921898,0.0151777165,0.038864136,11.600960034072964,26.282586669921898,0.01387309,0.06796265,4.311332146450116,0,0,0
2018-02-26 11:00:00,1496.3794,28.680139160156276,0.015688326,0.078063965,15.071000117963774,30.305139160156276,0.01513138,0.039993286,10.707724618989474,27.539514160156276,0.013601687,0.06729126,3.610366724677386,0,0,0
2018-02-26 12:00:00,1480.0662000000002,29.246636962890648,0.015565781,0.107177734,15.301485505636348,31.184136962890648,0.015214829,0.042404175,9.904587601727934,28.356011962890648,0.013738541,0.06741333,2.692222264663725,0,0,0
2018-02-26 13:00:00,1519.5419000000002,29.530053710937523,0.015470018,0.14105225,16.171485983772175,31.608178710937523,0.015328874,0.047561646,9.459294571170712,28.670678710937523,0.014352311,0.07861328,1.7491947937415766,0,0,0
2018-02-26 14:00:00,1510.8146,29.481286621093773,0.01537798,0.16546631,17.40851666086295,31.653161621093773,0.015343647,0.06427002,9.494783173747544,28.512536621093773,0.014595967,0.09057617,1.3944057478650018,0,0,0
2018-02-26 15:00:00,1470.0304999999998,29.219628906250023,0.015316476,0.16271973,18.88390798791384,31.266503906250023,0.015320291,0.09024048,9.823553360294769,28.016503906250023,0.014740457,0.09106445,1.4003217097607177,0,0,0
2018-02-26 16:00:00,1391.4663,28.539147949218773,0.015297163,0.15045166,20.5665180285424,30.304772949218773,0.015331496,0.09780884,9.886549464856024,27.242272949218773,0.014847029,0.09716797,1.703835310895677,0,0,0
2018-02-26 17:00:00,1281.0699,27.547326660156276,0.015377245,0.107940674,22.23870333781763,28.891076660156276,0.015598497,0.07165527,8.978103704589913,26.094201660156276,0.014957628,0.096343994,2.165930312792415,0,0,0
2018-02-26 18:00:00,1273.117,26.373925781250023,0.015609913,0.071502686,22.59518088214121,26.545800781250023,0.015854053,0.067230225,6.825271533972196,24.514550781250023,0.014846973,0.10852051,2.4627244837338145,0,0,0
2018-02-26 19:00:00,1334.8292,25.6147399902344,0.015953284,0.042907715,21.94787990611045,25.2553649902344,0.015678626,0.072509766,7.780981999573418,23.4272399902344,0.015003424,0.104156494,3.7534868356563553,0,0,0
2018-02-26 20:00:00,1287.7986,25.249353027343773,0.016205575,0.024597168,20.073505145481786,24.296228027343773,0.015618111,0.063690186,8.183852094482777,22.679040527343773,0.015126015,0.08343506,5.086415070643962,0,0,0
2018-02-26 21:00:00,1253.2024,25.007470703125023,0.016351674,0.013420105,18.117922749472672,23.507470703125023,0.015665028,0.052246094,7.6840573375891985,22.109033203125023,0.015260669,0.07385254,5.388666753265281,0,0,0
2018-02-26 22:00:00,1190.8162,24.814385986328148,0.016391361,0.008289337,16.992980638817045,22.970635986328148,0.015666569,0.04484558,7.271489238137979,21.783135986328148,0.015281285,0.07476807,5.325078786347724,0,0,0
2018-02-26 23:00:00,1134.2659,24.653680419921898,0.016331293,0.00925827,16.25924302369619,22.583367919921898,0.015637018,0.043273926,6.990367253360372,21.536492919921898,0.0152250305,0.07614136,5.173453921030172,0,0,0
2018-02-27 00:00:00,1072.538,24.552911376953148,0.016156347,0.013538361,16.78598544175994,22.271661376953148,0.0155765135,0.043029785,6.72854163637933,21.295098876953148,0.015137823,0.08572388,5.020945174157404,0,0,0
2018-02-27 01:00:00,1036.7979,24.490258789062523,0.015996592,0.014743805,17.199063430836844,21.990258789062523,0.015496867,0.040512085,6.66238857841722,21.084008789062523,0.015035288,0.09274292,4.995442569818341,0,0,0
2018-02-27 02:00:00,999.7004,24.397851562500023,0.015882509,0.018241882,17.413252262863395,21.757226562500023,0.015390413,0.040222168,6.811054595759815,20.905664062500023,0.014955537,0.09719849,4.98168218214406,0,0,0
2018-02-27 03:00:00,965.8847,24.290307617187523,0.015852181,0.022399902,17.280500299840657,21.587182617187523,0.015260904,0.04095459,7.0746273306567735,20.751245117187523,0.014879434,0.10598755,5.054702552171609,0,0,0
2018-02-27 04:00:00,955.2573,24.197045898437523,0.015829312,0.03237915,17.486643829001142,21.423608398437523,0.015108334,0.04081726,7.365665215247728,20.595483398437523,0.014765011,0.1076355,5.188263622289029,0,0,0
2018-02-27 05:00:00,989.2443,24.118341064453148,0.015836842,0.044265747,17.876768182118575,21.266778564453148,0.014940388,0.03807068,7.581516431638083,20.454278564453148,0.014646656,0.10046387,5.479048551536145,0,0,0
2018-02-27 06:00:00,1006.3141,24.167352294921898,0.015935866,0.045516968,18.49119628106265,21.307977294921898,0.014856307,0.03363037,8.010928028652424,20.347039794921898,0.014574019,0.090148926,5.6440444210475365,0,0,0
2018-02-27 07:00:00,1107.4815,25.149194335937523,0.015911577,0.04133606,22.6465920417072,23.266381835937523,0.015160082,0.032470703,11.843044876406577,20.828881835937523,0.014706133,0.088531494,6.127724794258861,0,0,0
2018-02-27 08:00:00,1261.2145999999998,26.347833251953148,0.015475031,0.05278015,26.245079442560066,25.754083251953148,0.015139338,0.037506104,15.45366460801109,21.933770751953148,0.0147922,0.078704834,6.632103798683249,0,0,0
2018-02-27 09:00:00,1344.9961999999998,27.390405273437523,0.015157232,0.05834961,26.78913539606224,27.687280273437523,0.0147109125,0.038635254,16.56629200031342,23.835717773437523,0.014291296,0.060516357,6.682550039393024,0,0,0
2018-02-27 10:00:00,1425.1555,28.3642517089844,0.01488547,0.050445557,26.391532511039408,29.1767517089844,0.014298007,0.0388031,16.409394257853275,25.6298767089844,0.013477847,0.05064392,6.332228161940554,0,0,0
2018-02-27 11:00:00,1453.692,29.085809326171898,0.014667268,0.0438385,25.498559350101804,30.242059326171898,0.014083619,0.041305542,15.667417424387468,26.820184326171898,0.013152833,0.042556763,5.693016844193336,0,0,0
2018-02-27 12:00:00,1463.5087999999998,29.515344238281276,0.014506429,0.039398193,24.45685257631188,30.921594238281276,0.014105886,0.04360962,14.80297396910763,27.562219238281276,0.013087362,0.037826538,5.011568446176351,0,0,0
2018-02-27 13:00:00,1484.3114,29.722558593750023,0.014319024,0.036743164,23.649205652167595,31.238183593750023,0.014151177,0.045288086,14.11672504387457,27.894433593750023,0.013281426,0.036239624,4.447723292748896,0,0,0
2018-02-27 14:00:00,1495.002,29.683374023437523,0.014192785,0.03161621,23.616148592969907,31.152124023437523,0.014192785,0.045059204,13.71147655190346,27.745874023437523,0.013586248,0.04371643,4.195169879897298,0,0,0
2018-02-27 15:00:00,1467.4424,29.361291503906276,0.014116262,0.028335571,24.205596654985147,30.642541503906276,0.01413915,0.043762207,13.717440314895656,27.251916503906276,0.013639425,0.047302246,4.509675762591321,0,0,0
2018-02-27 16:00:00,1385.2866,28.666406250000023,0.014154399,0.026733398,24.62286025611937,29.635156250000023,0.014051402,0.040390015,13.763267774240225,26.369531250000023,0.013582194,0.04084778,5.178872724290198,0,0,0
2018-02-27 17:00:00,1259.1233,27.614617919921898,0.014356573,0.019012451,24.37093426879218,28.005242919921898,0.014059027,0.034088135,12.971846868805695,25.145867919921898,0.01351734,0.034576416,6.1482502006493815,0,0,0
2018-02-27 18:00:00,1233.2779,26.414514160156276,0.014719017,0.00881958,22.381382153250584,25.539514160156276,0.014326103,0.04006958,9.773380276080228,23.414514160156276,0.013891228,0.052642822,6.587910494962438,0,0,0
2018-02-27 19:00:00,1272.1441,25.717126464843773,0.0150970295,0.0038480759,20.51443674264941,24.170251464843773,0.0145934895,0.04324341,9.294181554095983,22.224938964843773,0.014395125,0.07904053,6.670715242667377,0,0,0
2018-02-27 20:00:00,1236.624,25.331872558593773,0.015250233,0.0019607544,18.81976223607936,23.378747558593773,0.014845875,0.039764404,8.759269464941026,21.816247558593773,0.014548329,0.08477783,6.525880977745884,0,0,0
2018-02-27 21:00:00,1203.4007,25.0043884277344,0.015297182,0.0012264252,17.351536628329427,22.7934509277344,0.014980562,0.03741455,8.444971789351888,21.6059509277344,0.0145838335,0.087005615,6.332187172760226,0,0,0
2018-02-27 22:00:00,1155.4793,24.710778808593773,0.015222351,0.0015945435,17.011500904532273,22.421716308593773,0.01504306,0.035247803,8.57315629984957,21.468591308593773,0.014581482,0.08358765,6.245864015401645,0,0,0
2018-02-27 23:00:00,1098.5257,24.467126464843773,0.015067551,0.002623558,17.270929950709217,22.099938964843773,0.01501796,0.03378296,8.7295170412479,21.365563964843773,0.014533494,0.077545166,6.292261657202068,0,0,0
2018-02-28 00:00:00,1022.1874,24.241601562500023,0.0149355745,0.0038251877,17.371508903783756,21.796289062500023,0.01492413,0.032043457,8.745092277759749,21.210351562500023,0.014439664,0.06918335,6.267204317742253,0,0,0
2018-02-28 01:00:00,977.238,24.053765869140648,0.014844299,0.0048656464,17.404585082936613,21.499078369140648,0.014806152,0.030220032,8.751793090201641,21.053765869140648,0.014283539,0.05656433,6.230880010060222,0,0,0
2018-02-28 02:00:00,953.4602,23.886865234375023,0.014806371,0.00838089,17.37073905677067,21.207177734375023,0.014718633,0.029052734,8.780024454521586,20.886865234375023,0.01413117,0.047424316,6.219642411038709,0,0,0
2018-02-28 03:00:00,932.4777,23.8159118652344,0.014856039,0.0095825195,17.51893613119659,20.9330993652344,0.01464623,0.027626038,8.801898517421474,20.7377868652344,0.013982473,0.043624878,6.255361204627116,0,0,0
2018-02-28 04:00:00,921.3459,23.702844238281276,0.014894103,0.015663147,16.96699630527003,20.663781738281276,0.0145812975,0.026977539,8.589966572173584,20.624719238281276,0.01386032,0.041793823,6.291364664404309,0,0,0
2018-02-28 05:00:00,944.8668,23.595819091796898,0.014859633,0.016021729,16.177826775021348,20.408319091796898,0.014501051,0.02684021,8.4619388501332,20.525506591796898,0.013757185,0.03968811,6.253166397621119,0,0,0
2018-02-28 06:00:00,964.0577,23.676141357421898,0.01487027,0.018493652,15.957728976101428,20.418328857421898,0.014427765,0.025238037,8.711409815005023,20.473016357421898,0.013691529,0.03929138,6.189202147355118,0,0,0
2018-02-28 07:00:00,1060.8677,24.820092773437523,0.014601501,0.02620697,20.089118608400977,22.640405273437523,0.014632018,0.023246765,12.50213639580166,21.241967773437523,0.013697417,0.0345459,6.637487198122254,0,0,0
2018-02-28 08:00:00,1243.2786,25.933740234375023,0.014272088,0.027503967,23.034111004668503,25.339990234375023,0.014417047,0.021705627,15.811424847264195,22.824365234375023,0.013444299,0.022781372,7.04665836111185,0,0,0
2018-02-28 09:00:00,1322.12,26.9101501464844,0.014175617,0.024368286,23.04799133948892,27.2851501464844,0.013870441,0.019348145,16.463150491223715,24.5117126464844,0.013054096,0.015129089,6.791070578536283,0,0,0
2018-02-28 10:00:00,1399.2266,27.882348632812523,0.014132887,0.020690918,23.195602473768464,28.835473632812523,0.013457686,0.01751709,15.949822241291862,26.022973632812523,0.012492567,0.01309967,6.20995525841559,0,0,0
2018-02-28 11:00:00,1446.8372,28.700555419921898,0.014124742,0.022857666,23.244534072719382,30.059930419921898,0.013319841,0.01878357,15.099674448710187,27.216180419921898,0.012163987,0.013175964,5.543600547866139,0,0,0
2018-02-28 12:00:00,1451.1452,29.225793457031276,0.014078576,0.025863647,23.34067786166443,30.850793457031276,0.013384301,0.01927185,14.367928839968224,27.944543457031276,0.01226278,0.013870239,4.843042684779294,0,0,0
2018-02-28 13:00:00,1442.3851,29.480676269531276,0.014017001,0.03099823,23.43003889053771,31.246301269531276,0.013494387,0.022598267,13.940916488052553,28.168176269531276,0.012800112,0.018920898,4.198577013100572,0,0,0
2018-02-28 14:00:00,1475.4937,29.504357910156276,0.013959299,0.03062439,23.407593067378965,31.191857910156276,0.013596903,0.025939941,13.984445683306005,28.051232910156276,0.012921701,0.025268555,4.233849321793453,0,0,0
2018-02-28 15:00:00,1430.8108,29.256768798828148,0.013901691,0.028671265,23.144853320543906,30.678643798828148,0.013581256,0.027999878,14.28284735429678,27.553643798828148,0.012944202,0.039215088,4.591832223851071,0,0,0
2018-02-28 16:00:00,1364.9189,28.702325439453148,0.013916711,0.020256042,22.63921870632493,29.577325439453148,0.01349328,0.024810791,14.397830036697371,26.686700439453148,0.013050775,0.041030884,5.01624498760126,0,0,0
2018-02-28 17:00:00,1265.8185,27.734155273437523,0.014042586,0.0151901245,22.00001946188326,27.890405273437523,0.0134703815,0.023262024,13.28519847097084,25.452905273437523,0.013359755,0.026184082,5.462729502031537,0,0,0
2018-02-28 18:00:00,1251.9075,26.500451660156276,0.014405113,0.009292603,20.061530167855626,25.281701660156276,0.013798576,0.02507782,9.442617966306653,23.906701660156276,0.013523918,0.017562866,5.885633748689963,0,0,0
2018-02-28 19:00:00,1298.0295999999998,25.707818603515648,0.014859294,0.0076560974,18.47571754972052,23.785943603515648,0.014050578,0.019577026,8.536522090193541,22.684381103515648,0.013794993,0.018287659,6.308934279944373,0,0,0
2018-02-28 20:00:00,1246.0743,25.186914062500023,0.015229988,0.00674057,15.921570480174868,22.882226562500023,0.014245796,0.016777039,8.040816960747225,21.960351562500023,0.014119911,0.01813507,6.239941481902759,0,0,0
2018-02-28 21:00:00,1212.8804,24.785729980468773,0.015429632,0.0059127808,13.408012101470655,22.262292480468773,0.01444544,0.014595032,7.710048168343614,21.512292480468773,0.014277593,0.02481842,6.1560586440656015,0,0,0
2018-02-28 22:00:00,1156.4152,24.414880371093773,0.015484487,0.004922867,12.377162619538376,21.836755371093773,0.014610921,0.014091492,7.6425240282873315,21.297692871093773,0.014290486,0.028137207,6.111455760292286,0,0,0
2018-02-28 23:00:00,1094.1891,24.065454101562523,0.015466873,0.0044441223,12.095544470792618,21.495141601562523,0.01468486,0.016418457,7.511570298845122,21.104516601562523,0.014249984,0.030693054,6.019077527412806,0,0,0
2018-03-01 00:00:00,1081.4275,23.752465820312523,0.015403376,0.004234314,12.1021820055581,21.174340820312523,0.014712916,0.01815033,7.455130046117009,20.877465820312523,0.014182673,0.031402588,6.056698251675828,0,0,0
2018-03-01 01:00:00,1053.4974,23.505700683593773,0.015309258,0.004137039,12.61223400731502,20.880700683593773,0.014687463,0.019584656,7.403754338719342,20.661950683593773,0.014058038,0.031341553,6.038000477015301,0,0,0
2018-03-01 02:00:00,1025.785,23.3486267089844,0.015187196,0.008033752,13.557156683647596,20.5986267089844,0.01463788,0.020973206,7.369062810184173,20.4736267089844,0.013909273,0.03074646,6.0075910994233865,0,0,0
2018-03-01 03:00:00,1000.9731,23.262567138671898,0.015053452,0.0141716,14.585628626801276,20.364129638671898,0.014595688,0.024467468,7.327111584960802,20.286004638671898,0.013783158,0.034606934,5.905989461329404,0,0,0
2018-03-01 04:00:00,989.2529,23.284967041015648,0.014832087,0.01637268,15.010173277442458,20.167779541015648,0.014568873,0.025596619,7.14240772522847,20.113092041015648,0.013668604,0.037597656,5.799962477727076,0,0,0
2018-03-01 05:00:00,1006.7128,23.209924316406276,0.014690853,0.016433716,14.524534833225538,19.983361816406276,0.014557338,0.027687073,7.067816731899101,19.998986816406276,0.013637996,0.03401184,5.725761432902286,0,0,0
2018-03-01 06:00:00,1019.4436,23.285424804687523,0.014651096,0.016166687,14.330486169781704,20.129174804687523,0.014559544,0.03152466,7.264096298352486,19.941674804687523,0.013582981,0.03591919,5.671031411229432,0,0,0
2018-03-01 07:00:00,1105.1224,24.534082031250023,0.014535113,0.017211914,18.138702205510604,22.713769531250023,0.014836474,0.03164673,11.111040346895155,20.807519531250023,0.013543292,0.035827637,6.147825014660768,0,0,0
2018-03-01 08:00:00,1254.7408,25.651025390625023,0.014377559,0.016197205,19.57350921215759,25.494775390625023,0.014793361,0.029159546,14.06189354161046,22.627587890625023,0.013278926,0.025779724,6.379392425641875,0,0,0
2018-03-01 09:00:00,1358.2652,26.753778076171898,0.014434086,0.013431549,18.145057143885847,27.628778076171898,0.014300572,0.026023865,13.995162656764895,24.550653076171898,0.012721287,0.01612091,5.850833686698566,0,0,0
2018-03-01 10:00:00,1445.9333,27.8561950683594,0.014433633,0.009540558,16.44844434623326,29.3249450683594,0.013823281,0.023338318,12.903442934701255,26.2311950683594,0.0120532615,0.011436462,4.847835270037537,0,0,0
2018-03-01 11:00:00,1483.5742,28.732934570312523,0.014383652,0.0057621,14.492011791387654,30.623559570312523,0.013635972,0.020126343,11.413916074843648,27.623559570312523,0.011595109,0.009235382,3.5768092759016588,0,0,0
2018-03-01 12:00:00,1474.544,29.384393310546898,0.014280273,0.0032987595,13.113012627107906,31.509393310546898,0.013700439,0.0157547,9.81222966884789,28.665643310546898,0.011617614,0.007593155,2.1446401199472187,0,0,0
2018-03-01 13:00:00,1498.5856,29.8198181152344,0.014150307,0.0020475388,12.932322492784236,31.9916931152344,0.013772652,0.01102829,8.71855685112417,29.1323181152344,0.012422249,0.005804062,1.0423313070248472,0,0,0
2018-03-01 14:00:00,1517.9951,30.019494628906276,0.01405095,0.0017681122,13.767154731750455,32.09761962890627,0.013711442,0.0074157715,8.287523530262128,29.300744628906276,0.012631883,0.013633728,0.8111166695472555,0,0,0
2018-03-01 15:00:00,1489.1246999999998,29.898217773437523,0.014043131,0.0019702911,15.176065031130488,31.804467773437523,0.013654032,0.005218506,8.50875926905363,29.085717773437523,0.012654581,0.018005371,1.1888552526454943,0,0,0
2018-03-01 16:00:00,1410.2496,29.462243652343773,0.014084949,0.014339447,17.143169481974308,31.009118652343773,0.013680591,0.008869171,8.774293254854912,28.524743652343773,0.01287569,0.035873413,1.822195019105416,0,0,0
2018-03-01 17:00:00,1313.9522,28.512109375000023,0.014241435,0.027908325,19.24152468693248,29.433984375000023,0.0141422525,0.011058807,8.005652848069525,27.137109375000023,0.013711192,0.04598999,2.107162016649865,0,0,0
2018-03-01 18:00:00,1276.1796,27.170129394531276,0.014764377,0.015785217,21.279076499690664,26.670129394531276,0.014619418,0.019508362,6.333627002666887,25.435754394531276,0.014195987,0.06211853,1.7430785639976465,0,0,0
2018-03-01 19:00:00,1331.7224,26.081140136718773,0.015352347,0.012199402,22.041188998127392,25.221765136718773,0.014459708,0.017791748,8.312424889705595,24.315515136718773,0.014154532,0.07620239,1.685300327980681,0,0,0
2018-03-01 20:00:00,1299.0407,25.449334716796898,0.015661774,0.011054993,20.757824349592028,24.168084716796898,0.01445633,0.013771057,10.857868797297929,23.496209716796898,0.014540253,0.08816528,1.7734913674126442,0,0,0
2018-03-01 21:00:00,1261.8705,25.105432128906276,0.015799787,0.008018494,18.173284100703505,23.214807128906276,0.014651562,0.008354187,10.578505693851271,22.863244628906276,0.014865185,0.080322266,1.8947926436539355,0,0,0
2018-03-01 22:00:00,1220.0323999999998,24.804772949218773,0.01593831,0.0046901703,16.241482076807817,22.445397949218773,0.0147710135,0.010276794,9.324786914507834,22.398522949218773,0.014832049,0.07434082,2.069053586137771,0,0,0
2018-03-01 23:00:00,1160.0227,24.514916992187523,0.016023165,0.003832817,15.568979349365105,21.897729492187523,0.014756685,0.01517868,8.427027558533913,22.007104492187523,0.014585024,0.073272705,2.4652807220178734,0,0,0
2018-03-02 00:00:00,1042.847,24.310021972656276,0.016024163,0.0053100586,15.554088111568028,21.442834472656276,0.014647058,0.018821716,7.74195345158184,21.591271972656276,0.014383844,0.077178955,3.081772942107404,0,0,0
2018-03-02 01:00:00,1005.9648,24.163354492187523,0.01600222,0.008995056,15.985933844213855,21.053979492187523,0.014503043,0.019889832,7.321554734262842,21.139916992187523,0.014350455,0.08187866,3.580578845980624,0,0,0
2018-03-02 02:00:00,974.2329,24.103662109375023,0.015941858,0.014457703,17.121581021685145,20.713037109375023,0.014347315,0.02255249,6.960768818978945,20.861474609375023,0.014236689,0.07797241,4.086075140711682,0,0,0
2018-03-02 03:00:00,955.2283,24.024316406250023,0.015919,0.016777039,17.321080861889687,20.438378906250023,0.014213829,0.023109436,6.7771284075118645,20.625878906250023,0.014107018,0.07217407,4.556783687276788,0,0,0
2018-03-02 04:00:00,936.5321,23.996148681640648,0.015880823,0.018699646,16.909474307325397,20.199273681640648,0.014179467,0.023521423,6.751698318453709,20.425836181640648,0.014000176,0.06896973,4.844131165304423,0,0,0
2018-03-02 05:00:00,961.6834,23.935693359375023,0.015926402,0.017623901,15.943373716572932,19.982568359375023,0.014186901,0.02368164,6.784438514500021,20.248193359375023,0.013904613,0.061813354,4.987571107744688,0,0,0
2018-03-02 06:00:00,970.4241,24.034143066406276,0.016016794,0.017532349,15.73790333104522,20.041955566406276,0.014216258,0.021820068,7.0209913932900765,20.127893066406276,0.013842418,0.05267334,5.050301159480753,0,0,0
2018-03-02 07:00:00,1055.8883,25.126275634765648,0.015931692,0.015647888,19.397810027797256,22.516900634765648,0.014508809,0.019378662,10.938048416775482,20.930963134765648,0.013845052,0.03617859,5.637976639384264,0,0,0
2018-03-02 08:00:00,1231.0798,26.386865234375023,0.015686695,0.012928009,21.64933749764445,25.402490234375023,0.014321033,0.014175415,13.265778057172456,22.660302734375023,0.013458911,0.015434265,6.1200061697087325,0,0,0
2018-03-02 09:00:00,1355.5465000000002,27.549707031250023,0.015678464,0.009777069,21.282863202898277,27.799707031250023,0.013641414,0.008865356,13.276585474540996,24.580957031250023,0.012657222,0.006883621,5.980924160970018,0,0,0
2018-03-02 10:00:00,1421.3342,28.576470947265648,0.015738996,0.010387421,20.64605011560266,29.654595947265648,0.013381513,0.0052452087,12.576104639273211,26.217095947265648,0.012023481,0.0035982132,5.4500374888959335,0,0,0
2018-03-02 11:00:00,1459.791,29.4079528808594,0.015605107,0.01002121,20.198746172072862,31.0642028808594,0.013476506,0.0028982162,11.671911003333026,27.5329528808594,0.011878148,0.0017604828,4.715802423313295,0,0,0
2018-03-02 12:00:00,1437.2632999999998,29.998925781250023,0.015444634,0.009113312,19.904305740817133,31.983300781250023,0.013739464,0.0017108917,10.680569427397447,28.436425781250023,0.012179253,0.0012164116,3.790780020088949,0,0,0
2018-03-02 13:00:00,1452.8037,30.323144531250023,0.015265167,0.013408661,19.804366583938396,32.44814453125002,0.0139452815,0.0013861656,10.04622984812596,28.760644531250023,0.01301831,0.010093689,2.714212632844622,0,0,0
2018-03-02 14:00:00,1462.5534,30.319665527343773,0.015165702,0.022323608,19.98017437008213,32.49154052734377,0.014086143,0.003334999,9.780117749868554,28.757165527343773,0.013418571,0.019134521,2.258797270169913,0,0,0
2018-03-02 15:00:00,1409.9991,29.977136230468773,0.015138756,0.026878357,20.42441731138897,32.14901123046877,0.014204155,0.010463715,9.760650850388686,28.336511230468773,0.013643394,0.036987305,2.068784665050671,0,0,0
2018-03-02 16:00:00,1338.1468,29.284631347656276,0.015157641,0.029464722,21.333644460952478,31.315881347656276,0.014284075,0.019058228,9.795857090977318,27.597131347656276,0.013746203,0.044769287,2.0915677190328243,0,0,0
2018-03-02 17:00:00,1244.2516,28.138543701171898,0.01519961,0.02960968,22.593152506038923,29.732293701171898,0.014718958,0.026268005,8.84574670256571,26.435418701171898,0.013887354,0.04408264,2.4144744877039126,0,0,0
2018-03-02 18:00:00,1236.3027,26.829461669921898,0.015405867,0.01979065,22.769250311892684,27.391961669921898,0.015260909,0.027824402,7.20072694923312,24.720086669921898,0.014322493,0.041427612,2.937648129887952,0,0,0
2018-03-02 19:00:00,1292.0836000000002,26.027917480468773,0.015669668,0.015476227,22.09775339160193,25.856042480468773,0.015189016,0.041244507,9.144504547797142,23.481042480468773,0.014422262,0.06808472,4.0958575908037,0,0,0
2018-03-02 20:00:00,1259.9049,25.621423339843773,0.015769653,0.012187958,20.44447509450043,24.777673339843773,0.015220337,0.043167114,11.87994296667107,22.519860839843773,0.014529876,0.057006836,6.337654689729281,0,0,0
2018-03-02 21:00:00,1213.0437000000002,25.384210205078148,0.015732536,0.009162903,19.581463187451632,23.985772705078148,0.015438804,0.041427612,11.560707182587208,21.813897705078148,0.014733085,0.041290283,6.941021313231039,0,0,0
2018-03-02 22:00:00,1169.9553,25.137322998046898,0.015687428,0.008216858,20.009670673731524,23.481072998046898,0.015511952,0.04434204,10.95122040518942,21.395135498046898,0.014863454,0.045455933,6.810761071248125,0,0,0
2018-03-02 23:00:00,1093.5321,24.868310546875023,0.015657824,0.0083732605,20.865799177538896,23.071435546875023,0.015539568,0.046554565,10.087152161681225,21.165185546875023,0.014891069,0.07034302,6.549389762697965,0,0,0
2018-03-03 00:00:00,1051.5184000000002,24.584436035156276,0.015689274,0.009346008,20.904185322304667,22.607873535156276,0.015586277,0.045196533,9.087893685021244,20.990686035156276,0.014861484,0.093322754,6.31227556188456,0,0,0
2018-03-03 01:00:00,1008.5775,24.358544921875023,0.01577336,0.010971069,20.7655181289575,22.319482421875023,0.01558644,0.04069519,8.903774069909247,20.842919921875023,0.014869277,0.1055603,5.780241601375836,0,0,0
2018-03-03 02:00:00,987.6182,24.204980468750023,0.015826683,0.011562347,20.932717358380863,22.064355468750023,0.015506249,0.040298462,8.711471177247933,20.728417968750023,0.014842492,0.1111145,5.511162420430488,0,0,0
2018-03-03 03:00:00,956.5417,24.084558105468773,0.015780784,0.011104584,21.01398669264712,21.826745605468773,0.015368796,0.036590576,8.558589234901536,20.592370605468773,0.014766074,0.105773926,5.469060649658992,0,0,0
2018-03-03 04:00:00,945.7935,23.993310546875023,0.015681539,0.010959625,20.17231497783389,21.579248046875023,0.015216145,0.035003662,8.137406379407272,20.493310546875023,0.0147278635,0.106658936,5.288742244158481,0,0,0
2018-03-03 05:00:00,945.1001,23.912683105468773,0.015674004,0.012378693,18.85664779855451,21.373620605468773,0.0151018,0.033203125,7.736544795075573,20.373620605468773,0.014678368,0.102874756,5.205081683130819,0,0,0
2018-03-03 06:00:00,933.116,23.970513916015648,0.015703188,0.013614655,17.775531925016622,21.423638916015648,0.015043246,0.030212402,7.725697724767173,20.283013916015648,0.014627444,0.10101318,5.190894719878153,0,0,0
2018-03-03 07:00:00,1001.5884,25.125573730468773,0.015576155,0.013790131,21.24284922482096,23.492761230468773,0.015251906,0.02481842,11.44761945473468,20.859948730468773,0.014786513,0.09225464,5.639910931391193,0,0,0
2018-03-03 08:00:00,1134.9168,26.381188964843773,0.015224208,0.01638031,24.098538252318075,26.131188964843773,0.015060176,0.021247864,14.727578773786474,22.170251464843773,0.014911403,0.07531738,6.146088030521403,0,0,0
2018-03-03 09:00:00,1208.9293,27.507958984375023,0.015112692,0.0182724,23.88796071996097,28.289208984375023,0.014654928,0.015686035,15.019386946640989,24.336083984375023,0.014403158,0.05781555,6.1910682792958935,0,0,0
2018-03-03 10:00:00,1280.7044,28.4836364746094,0.015031835,0.01051712,23.497017321312228,30.0305114746094,0.014390966,0.0109062195,14.344866684473317,26.2648864746094,0.013574621,0.046951294,5.628323481066056,0,0,0
2018-03-03 11:00:00,1288.1477,29.209313964843773,0.014924624,0.010349274,23.60814723964732,31.334313964843773,0.014234164,0.007692337,13.593283060407137,27.568688964843773,0.013181307,0.046325684,4.8375022355895085,0,0,0
2018-03-03 12:00:00,1264.1843,29.729089355468773,0.014825171,0.0067329407,24.087461636824017,32.16658935546877,0.01414234,0.0055332184,13.136339688442751,28.307214355468773,0.013428992,0.051101685,3.864566472403186,0,0,0
2018-03-03 13:00:00,1253.6766,29.995874023437523,0.014603712,0.0060100555,24.8438182118757,32.55837402343752,0.014077283,0.0050849915,13.31711696457033,28.542749023437523,0.013878919,0.05670166,3.225413743913716,0,0,0
2018-03-03 14:00:00,1246.9857,29.958612060546898,0.014386134,0.004617691,25.727164076818628,32.4742370605469,0.0139665175,0.0057411194,13.763463540089928,28.489862060546898,0.013924556,0.06964111,3.1912899553641902,0,0,0
2018-03-03 15:00:00,1227.786,29.542626953125023,0.014225839,0.0030269623,26.57323336681825,31.933251953125023,0.013832925,0.0056972504,14.35211957104736,28.089501953125023,0.013977883,0.071136475,3.508523185800151,0,0,0
2018-03-03 16:00:00,1179.4225,28.719384765625023,0.014248632,0.0016760826,27.18005514985609,30.719384765625023,0.013806127,0.0076084137,14.988956139516311,27.188134765625023,0.014164709,0.06945801,4.118097578366437,0,0,0
2018-03-03 17:00:00,1143.1912,27.478112792968773,0.014477686,0.0008671284,27.00528116075241,28.853112792968773,0.013852076,0.010784149,14.90433867094618,25.759362792968773,0.014630274,0.0599823,5.026473065719911,0,0,0
2018-03-03 18:00:00,1157.5142999999998,26.152154541015648,0.014874974,0.0005464554,25.06528299990316,26.417779541015648,0.01410822,0.016311646,12.737853621645783,23.980279541015648,0.0149856005,0.05656433,5.964691939604862,0,0,0
2018-03-03 19:00:00,1235.2702,25.412438964843773,0.015333416,0.0010113716,22.93367303256608,24.896813964843773,0.01446748,0.027572632,12.16023128791496,22.740563964843773,0.014890911,0.05369568,6.951140566758308,0,0,0
2018-03-03 20:00:00,1200.2299,25.071893310546898,0.0155858705,0.004114151,21.59557526090957,23.946893310546898,0.014826746,0.026542664,10.974050326958288,22.189080810546898,0.01490304,0.044296265,6.8234065448887815,0,0,0
2018-03-03 21:00:00,1149.2248,24.868676757812523,0.01567038,0.0049266815,20.831480470991043,23.368676757812523,0.015040955,0.021514893,10.158839934194935,21.970239257812523,0.014800629,0.04319763,6.432323292848828,0,0,0
2018-03-03 22:00:00,1110.2358000000002,24.677117919921898,0.015671277,0.006000519,20.738743093251596,22.848992919921898,0.015141035,0.014434814,9.436504646005428,21.848992919921898,0.0147366775,0.03933716,6.251446573316708,0,0,0
2018-03-03 23:00:00,1049.6843,24.465509033203148,0.015622875,0.007484436,21.045396924017687,22.410821533203148,0.015092632,0.0068073273,9.082338389463782,21.731134033203148,0.014638683,0.036956787,6.10818850808329,0,0,0
2018-03-04 00:00:00,1023.569,24.257684326171898,0.015578217,0.01089859,20.81808149397643,21.999871826171898,0.014883942,0.0025634766,8.742894994830086,21.577996826171898,0.014456696,0.03451538,6.0547662104258855,0,0,0
2018-03-04 01:00:00,994.1799,24.0598083496094,0.015529338,0.016403198,20.08517269000455,21.6301208496094,0.014640514,0.0011134148,8.494666326749252,21.3176208496094,0.014270488,0.030258179,6.009862480684826,0,0,0
2018-03-04 02:00:00,972.7886,23.983300781250023,0.015247317,0.02708435,20.54623289455336,21.342675781250023,0.014408084,0.0042743683,8.39245667310888,20.975488281250023,0.014041873,0.027618408,6.089256850878576,0,0,0
2018-03-04 03:00:00,926.1072,23.852319335937523,0.015045549,0.02734375,20.06939111170856,21.141381835937523,0.014183427,0.0070858,8.38235961942141,20.680444335937523,0.013843919,0.024681091,6.180817203007793,0,0,0
2018-03-04 04:00:00,906.8911,23.675347900390648,0.014961159,0.022323608,19.3314286646463,20.917535400390648,0.0140456315,0.007352829,7.960058995703982,20.409722900390648,0.013763344,0.021743774,6.040237403271367,0,0,0
2018-03-04 05:00:00,902.4628,23.560815429687523,0.014766024,0.024864197,19.0489053006165,20.685815429687523,0.014010714,0.0067920685,7.610542549312595,20.209252929687523,0.013709353,0.024253845,5.933037745510173,0,0,0
2018-03-04 06:00:00,872.0922,23.5720153808594,0.0145854475,0.020881653,19.50817619867713,20.7829528808594,0.014039946,0.0049095154,7.883950732560573,20.1188903808594,0.013704252,0.025718689,5.96385370398222,0,0,0
2018-03-04 07:00:00,884.3408,24.470574951171898,0.014298209,0.01573944,23.80301722787241,23.259637451171898,0.014332541,0.0030622482,12.172533121398878,20.947137451171898,0.01365734,0.019332886,6.618090528102436,0,0,0
2018-03-04 08:00:00,951.5892,25.541345214843773,0.013965662,0.006877899,26.233552289902917,25.814782714843773,0.014198358,0.0024251938,16.28438866174945,22.689782714843773,0.013343866,0.01001358,6.972124356025836,0,0,0
2018-03-04 09:00:00,1000.787,26.6242614746094,0.013865765,0.0014567375,25.953017148707275,27.8742614746094,0.01368266,0.0027647018,16.99949632683895,24.6789489746094,0.012881573,0.0071487427,6.523732660800092,0,0,0
2018-03-04 10:00:00,1045.7895,27.6730895996094,0.013651584,0.0005686283,25.376985242634376,29.5480895996094,0.013125156,0.0038747787,16.713848443651848,26.4543395996094,0.012377475,0.006608963,5.7569685099238965,0,0,0
2018-03-04 11:00:00,1086.9050000000002,28.577996826171898,0.013204935,0.00024396181,24.681781762104382,30.781121826171898,0.01294935,0.004091263,15.898715877860743,27.827996826171898,0.012117746,0.0063705444,4.7726216629531,0,0,0
2018-03-04 12:00:00,1100.5395999999998,29.2067810058594,0.012800393,0.0001372695,23.931204117586272,31.5974060058594,0.013036904,0.0034666061,14.793012268469786,28.6755310058594,0.0123998495,0.007265091,3.600863567726515,0,0,0
2018-03-04 13:00:00,1121.3493,29.545312500000023,0.012491261,0.00011011958,23.54638181457221,31.982812500000023,0.013155018,0.0026578903,14.044378900643274,29.107812500000023,0.012655293,0.011932373,2.6560727192678786,0,0,0
2018-03-04 14:00:00,1117.9675000000002,29.594171142578148,0.012307944,8.767843e-05,23.67469174145113,31.859796142578148,0.013276877,0.0024576187,13.793341763621196,28.984796142578148,0.013322653,0.022918701,2.100673458558514,0,0,0
2018-03-04 15:00:00,1110.2422,29.283715820312523,0.012239073,6.696582e-05,24.16236248263376,31.189965820312523,0.013429259,0.0026397705,13.882024819821655,28.564965820312523,0.013658141,0.031661987,1.9524825689048129,0,0,0
2018-03-04 16:00:00,1102.0918,28.529565429687523,0.012376193,5.401671e-05,24.923149102913435,29.904565429687523,0.01348627,0.0030851364,14.322231244844868,27.763940429687523,0.013909701,0.05519104,2.0861710492663783,0,0,0
2018-03-04 17:00:00,1065.3024,27.1852966308594,0.012902595,9.5039606e-05,25.39535171148068,28.0759216308594,0.0134748,0.003689766,14.468870646095274,26.5602966308594,0.013802864,0.055633545,2.3985155909248044,0,0,0
2018-03-04 18:00:00,1104.7929,25.599328613281276,0.013784006,0.00070500374,24.092338806860788,25.646203613281276,0.0136924535,0.010124207,11.745596845523364,24.786828613281276,0.014058664,0.05154419,3.0913305636287896,0,0,0
2018-03-04 19:00:00,1195.2097,24.6332946777344,0.014650635,0.0024137497,22.859246905079413,23.9770446777344,0.01415091,0.03050232,9.740379610908375,23.4145446777344,0.0144103095,0.06536865,4.386429582747855,0,0,0
2018-03-04 20:00:00,1200.5084,24.144952392578148,0.015109566,0.008125305,21.979942791823547,23.019952392578148,0.014369515,0.04624939,9.19541440792218,22.488702392578148,0.014380959,0.06317139,5.657449281122124,0,0,0
2018-03-04 21:00:00,1187.7701,23.945031738281276,0.015175556,0.019371033,22.1960336802054,22.468469238281276,0.014519428,0.053344727,9.124684643456414,21.984094238281276,0.014389728,0.056365967,6.005578690087412,0,0,0
2018-03-04 22:00:00,1131.9936,23.805810546875023,0.015103592,0.026290894,22.67291297266444,22.118310546875023,0.014611496,0.059555054,9.314569320673858,21.633935546875023,0.01424147,0.054107666,6.1927716911631805,0,0,0
2018-03-04 23:00:00,1073.0947,23.6369567871094,0.015062037,0.02735138,22.588939816343025,21.8322692871094,0.014692011,0.061203003,9.355146825424182,21.2307067871094,0.014154139,0.066711426,6.318213918341158,0,0,0
2018-03-05 00:00:00,1006.0992,23.464196777343773,0.015027801,0.024345398,22.13895779273355,21.518884277343773,0.014734069,0.062088013,8.848691591430285,20.901696777343773,0.014077941,0.072052,6.176280277365592,0,0,1
2018-03-05 01:00:00,956.2605,23.304589843750023,0.0149935875,0.021385193,21.409151762150803,21.218652343750023,0.014722744,0.06060791,8.31371912226537,20.718652343750023,0.013986507,0.06484985,5.844996968603858,0,0,1
2018-03-05 02:00:00,942.2952,23.162652587890648,0.014948279,0.019714355,20.414741261319023,20.881402587890648,0.014677435,0.054977417,7.675090081000017,20.662652587890648,0.013845831,0.065338135,5.554535358132017,0,0,1
2018-03-05 03:00:00,903.5442,23.0590759277344,0.014926116,0.01890564,19.236817679100287,20.5903259277344,0.014609496,0.04899597,7.281925358046868,20.5278259277344,0.013774077,0.07043457,5.061824448334618,0,0,1
2018-03-05 04:00:00,920.4356,23.000512695312523,0.014877343,0.021247864,17.210102228440682,20.336450195312523,0.01453402,0.045013428,6.821228947368429,20.453637695312523,0.013740563,0.0675354,4.582943689372021,0,0,1
2018-03-05 05:00:00,936.5926,22.953454589843773,0.014798019,0.017158508,15.116760713452251,20.140954589843773,0.014485214,0.041305542,6.466114177239726,20.437829589843773,0.013745163,0.058532715,4.302987489186122,0,0,1
2018-03-05 06:00:00,968.3212,23.077294921875023,0.014736281,0.013885498,14.288531553020078,20.288232421875023,0.014495955,0.03994751,6.558943991564867,20.467919921875023,0.013767348,0.05343628,4.296259710474614,0,0,1
2018-03-05 07:00:00,1090.1922,24.304559326171898,0.014563355,0.009506226,18.17191433115907,22.710809326171898,0.014712128,0.03477478,10.450830855490311,21.374871826171898,0.013819489,0.04573059,4.822311830542609,0,0,1
2018-03-05 08:00:00,1251.2315,25.522515869140648,0.0143981455,0.005525589,20.30843132328295,25.616265869140648,0.014546919,0.028640747,13.744694172276237,23.108453369140648,0.013471174,0.021446228,4.98529632758946,0,0,1
2018-03-05 09:00:00,1340.8607,26.746392822265648,0.014305793,0.00614357,20.71142262964449,27.902642822265648,0.014145575,0.020698547,14.681219692856647,24.988580322265648,0.01295539,0.009063721,4.734489394212809,0,0,1
2018-03-05 10:00:00,1436.1120999999998,27.924432373046898,0.013961828,0.0057258606,21.343198099219784,29.830682373046898,0.013599432,0.013713837,14.77129076566395,26.721307373046898,0.012290991,0.005361557,4.242866736562212,0,0,1
2018-03-05 11:00:00,1469.0287,28.831231689453148,0.01364464,0.005311966,21.843935839472344,31.284356689453148,0.013186877,0.008480072,14.365303630441488,28.128106689453148,0.011813586,0.0035915375,3.5668958908172463,0,0,1
2018-03-05 12:00:00,1469.4452,29.428063964843773,0.0135182245,0.005760193,22.04600980816969,32.22493896484377,0.013144384,0.0058250427,13.660812220631092,28.990563964843773,0.0122326715,0.0029773712,2.719783307728268,0,0,1
2018-03-05 13:00:00,1498.9225,29.700646972656276,0.013502478,0.007907867,22.29636426633433,32.66939697265627,0.01315534,0.005411148,13.325738545002878,29.372521972656276,0.012709021,0.0035848618,1.934634374629461,0,0,1
2018-03-05 14:00:00,1518.8437,29.646295166015648,0.013616511,0.01014328,22.89960790573341,32.59942016601565,0.013254114,0.0063114166,13.342843647177222,29.286920166015648,0.013154932,0.0062828064,1.5286820221429305,0,0,1
2018-03-05 15:00:00,1502.355,29.269982910156276,0.0138030825,0.011463165,23.812902655613872,31.910607910156276,0.013455945,0.006248474,13.57951011976402,28.769982910156276,0.01352461,0.017723083,1.3597553168401697,0,0,1
2018-03-05 16:00:00,1419.1768,28.522637939453148,0.014024076,0.01828003,24.76974753739744,30.553887939453148,0.013642606,0.0066223145,13.838028316181584,27.850762939453148,0.013867673,0.030555725,1.2305662105654902,0,0,1
2018-03-05 17:00:00,1282.3268,27.4018493652344,0.0142452475,0.029251099,24.83346820700799,28.6518493652344,0.0138294455,0.009471893,13.23634259834866,26.6205993652344,0.013940072,0.03691101,1.093255026397735,0,0,1
2018-03-05 18:00:00,1259.5557,26.176599121093773,0.01451621,0.027954102,23.05483509250453,26.160974121093773,0.014161443,0.014316559,10.574177746561157,24.817224121093773,0.014413213,0.042419434,1.3969534704710251,0,0,1
2018-03-05 19:00:00,1317.2741,25.396691894531276,0.014920866,0.024917603,21.117709439651332,24.631066894531276,0.014520323,0.026443481,9.450079454360454,23.521691894531276,0.014718687,0.050491333,2.274322048240699,0,0,1
2018-03-05 20:00:00,1286.1488,24.925408935546898,0.015245557,0.022010803,18.947329088872944,23.753533935546898,0.014864087,0.0438385,8.48507328089471,22.894158935546898,0.014749646,0.05203247,3.158768887208629,0,0,1
2018-03-05 21:00:00,1248.3121,24.560998535156276,0.015528306,0.016075134,16.70775916478909,23.248498535156276,0.0150476545,0.041534424,8.272931968222034,22.365686035156276,0.014811143,0.048538208,4.015978394628822,0,0,1
2018-03-05 22:00:00,1188.2534,24.235864257812523,0.015746163,0.0108680725,14.414027343707128,22.728051757812523,0.015196848,0.03023529,7.66897634904343,21.868676757812523,0.01485734,0.05532837,4.52702265050845,0,0,1
2018-03-05 23:00:00,1107.0479,23.946710205078148,0.01585348,0.008975983,12.667038370668354,22.407647705078148,0.015307979,0.025108337,7.575123640505501,21.626397705078148,0.014785365,0.061706543,4.885677546169419,0,0,1
2018-03-06 00:00:00,1047.5641,23.713098144531276,0.01586933,0.008930206,11.928012050046918,22.150598144531276,0.01538105,0.022850037,7.541524103267913,21.588098144531276,0.014709664,0.06359863,5.138171331718537,0,0,1
2018-03-06 01:00:00,1007.1554,23.509698486328148,0.01583875,0.009780884,11.599687348460357,21.915948486328148,0.015419133,0.023506165,7.338972234465256,21.361260986328148,0.014640935,0.076293945,5.173274739480919,0,0,1
2018-03-06 02:00:00,959.0801,23.340356445312523,0.01578514,0.012916565,11.31158175793532,21.645043945312523,0.015430374,0.027114868,7.102051972998568,21.082543945312523,0.014514847,0.087646484,5.198040002291005,0,0,1
2018-03-06 03:00:00,947.5827,23.304101562500023,0.015701102,0.018066406,11.776711445246487,21.382226562500023,0.015361594,0.039108276,6.9398684608460135,20.843164062500023,0.014396476,0.077545166,5.085051091030323,0,0,1
2018-03-06 04:00:00,942.2606,23.253930664062523,0.015655123,0.022964478,12.279332302716508,21.167993164062523,0.015227876,0.036880493,6.883302645426301,20.636743164062523,0.0142474985,0.066223145,4.839684317043339,0,0,1
2018-03-06 05:00:00,962.7772,23.190789794921898,0.015620466,0.021369934,12.863331741711184,20.948602294921898,0.0150635205,0.038131714,6.866467439051374,20.573602294921898,0.014086958,0.057144165,4.736152022338255,0,0,1
2018-03-06 06:00:00,970.5498,23.373132324218773,0.01563927,0.018630981,13.639135308475042,20.982507324218773,0.014899218,0.040039062,7.163969965579463,20.490319824218773,0.013895953,0.047042847,4.863347661679456,0,0,1
2018-03-06 07:00:00,1080.0766,24.725152587890648,0.015581766,0.01941681,18.33172486526144,23.326715087890648,0.014914194,0.029083252,11.566373658293749,21.147027587890648,0.013632456,0.03289795,5.758998043414349,0,0,1
2018-03-06 08:00:00,1251.7156,26.006463623046898,0.01522675,0.028251648,21.54574293674481,26.100213623046898,0.014505772,0.020805359,15.011786263021488,22.795526123046898,0.013151554,0.017715454,6.174300079215513,0,0,1
2018-03-06 09:00:00,1349.0144,27.135552978515648,0.015020329,0.027259827,22.20441252699439,28.291802978515648,0.013826328,0.0157547,15.788219792500628,24.698052978515648,0.012659031,0.0069274902,5.920596415401281,0,0,1
2018-03-06 10:00:00,1429.9733,28.2023864746094,0.014810274,0.024131775,22.485497767745358,30.0773864746094,0.013242434,0.012996674,15.534036411423958,26.4836364746094,0.012067507,0.004058838,5.215985676412282,0,0,1
2018-03-06 11:00:00,1449.0002,29.017236328125023,0.014649852,0.026367188,22.68885233734272,31.407861328125023,0.013055309,0.011478424,14.955667917838117,27.939111328125023,0.011506542,0.002699852,4.298640888024015,0,0,1
2018-03-06 12:00:00,1461.7587,29.585900878906276,0.014508303,0.02620697,23.15491084500725,32.27340087890627,0.013142642,0.009563446,14.338870809619936,28.882775878906276,0.011391696,0.0017123222,3.429002244483033,0,0,1
2018-03-06 13:00:00,1496.4675,29.893365478515648,0.014313508,0.024932861,23.68340228305832,32.72149047851565,0.013184357,0.0076732635,13.948210619943012,29.299615478515648,0.011551667,0.0010581017,2.7547280293997614,0,0,1
2018-03-06 14:00:00,1510.1782,29.869714355468773,0.0141189955,0.021308899,24.04170071798345,32.68221435546877,0.013195839,0.0069236755,13.761912154030556,29.197839355468773,0.0119522475,0.00072932243,2.390558677202136,0,0,1
2018-03-06 15:00:00,1490.6862,29.469110107421898,0.013966572,0.016906738,24.15154338193508,32.0628601074219,0.01322652,0.007627487,13.585171087407074,28.703485107421898,0.012192737,0.00057530403,2.469240301190592,0,0,1
2018-03-06 16:00:00,1411.919,28.678735351562523,0.01388668,0.012386322,24.073409496783057,30.834985351562523,0.013268699,0.008541107,13.52770061501375,27.819360351562523,0.012307395,0.00051021576,2.981632164985992,0,0,1
2018-03-06 17:00:00,1273.314,27.526147460937523,0.0138868615,0.008636475,23.702453254530493,28.979272460937523,0.013360433,0.010570526,13.065929924053377,26.463647460937523,0.01257842,0.00075125694,3.701673917756127,0,0,1
2018-03-06 18:00:00,1237.1584,26.198541259765648,0.014070044,0.0058288574,22.44248557293524,26.417291259765648,0.013654242,0.012012482,10.486672711848582,24.589166259765648,0.01292945,0.0066070557,4.338638780597649,0,0,1
2018-03-06 19:00:00,1297.44,25.326715087890648,0.014428858,0.0042057037,21.70344150518404,24.826715087890648,0.0139024295,0.017745972,10.7805584441926,22.920465087890648,0.013166193,0.0046024323,5.732496346141052,0,0,1
2018-03-06 20:00:00,1262.2334,24.834771728515648,0.014723057,0.0033855438,20.643699708300456,23.819146728515648,0.014280552,0.02760315,10.74468005883146,21.912896728515648,0.013372654,0.0033168793,6.22863242555701,0,0,1
2018-03-06 21:00:00,1211.7819000000002,24.519464111328148,0.014937075,0.0030956268,19.36962874451122,23.175714111328148,0.014586123,0.03224182,10.764297218327457,21.339776611328148,0.013495119,0.0067977905,6.265888782000009,0,0,1
2018-03-06 22:00:00,1157.2612,24.299279785156276,0.015074703,0.0043525696,17.79669241016958,22.697717285156276,0.014826748,0.03049469,9.966850198270055,21.018029785156276,0.013525936,0.01839447,6.159594471822963,0,0,1
2018-03-06 23:00:00,1087.8256,24.1367126464844,0.015124458,0.0064105988,16.488907154298204,22.2851501464844,0.01497187,0.023216248,9.097497076048228,20.9335876464844,0.013495582,0.027496338,5.88666001663322,0,0,1
2018-03-07 00:00:00,1020.5743,24.032006835937523,0.015120645,0.0104522705,15.966864951116342,22.024194335937523,0.015036722,0.014652252,8.731919748864527,20.750756835937523,0.013465066,0.043884277,5.548212918393597,0,0,1
2018-03-07 01:00:00,973.7316,23.987329101562523,0.015132119,0.01939392,15.910574538372687,21.870141601562523,0.015048196,0.023521423,8.603335975529314,20.518579101562523,0.013404061,0.050613403,5.4535826150553,0,0,1
2018-03-07 02:00:00,950.519,24.000207519531276,0.015181775,0.038879395,16.2494340064442,21.914270019531276,0.015006299,0.034072876,8.944487919145635,20.304895019531276,0.013369794,0.050231934,5.482861494887423,0,0,1
2018-03-07 03:00:00,932.2112,24.032830810546898,0.0152086085,0.064575195,17.297823906898305,21.868768310546898,0.014903433,0.020469666,9.235294942973711,20.165643310546898,0.013377554,0.05027771,5.53440558986729,0,0,1
2018-03-07 04:00:00,924.4977,24.007348632812523,0.015354166,0.0703125,17.793408560014402,21.780786132812523,0.01474,0.011394501,9.33310310988087,20.124536132812523,0.0134163,0.049697876,5.522470884440644,0,0,1
2018-03-07 05:00:00,966.6975,23.963159179687523,0.015514549,0.058059692,18.31926711103235,21.697534179687523,0.01455706,0.01002121,9.24422078819827,20.135034179687523,0.013519462,0.049468994,5.582651992143238,0,0,1
2018-03-07 06:00:00,972.685,24.077172851562523,0.015609047,0.045303345,20.363914213018955,21.827172851562523,0.014407418,0.0076942444,9.780356911541556,20.217797851562523,0.013606331,0.051742554,5.941545105163668,0,0,1
2018-03-07 07:00:00,1090.6129999999998,24.9057556152344,0.015714796,0.03225708,23.98190338700155,23.6401306152344,0.014387282,0.005926132,13.462317862381026,21.0385681152344,0.01365486,0.045776367,6.731728352415728,0,0,1
2018-03-07 08:00:00,1236.8747,26.058923339843773,0.015683357,0.032440186,27.282047346595437,26.137048339843773,0.013905708,0.006246567,16.86950081295302,22.730798339843773,0.013398353,0.031326294,7.103004717028691,0,0,1
2018-03-07 09:00:00,1350.0706,27.224969482421898,0.015697878,0.048446655,27.79579677504092,28.271844482421898,0.013317507,0.01133728,17.217102153596663,24.599969482421898,0.01289789,0.020271301,6.745366298946116,0,0,1
2018-03-07 10:00:00,1413.9608,28.146600341796898,0.015827026,0.07165527,27.094814905272496,29.927850341796898,0.013149109,0.026916504,16.65749796531146,26.287225341796898,0.012386169,0.013477325,5.960911175630971,0,0,1
2018-03-07 11:00:00,1452.9493,28.777154541015648,0.016040355,0.09869385,26.181270794781668,30.949029541015648,0.013309032,0.044906616,15.747448611008313,27.620904541015648,0.01207307,0.012527466,5.090993423196909,0,0,1
2018-03-07 12:00:00,1447.9242,29.239465332031276,0.01623106,0.124938965,25.46132712717757,31.489465332031276,0.013602733,0.04763794,14.868334185449134,28.458215332031276,0.012359141,0.015983582,4.121247731590862,0,0,1
2018-03-07 13:00:00,1462.4063,29.471459960937523,0.016307386,0.14666748,25.232993298569717,31.830834960937523,0.013831646,0.040908813,14.53349084914588,28.877709960937523,0.012313397,0.020149231,3.640800158826187,0,0,1
2018-03-07 14:00:00,1502.3135,29.342889404296898,0.016276859,0.1609497,25.480978371896605,31.780389404296898,0.013927005,0.036895752,14.664572457585306,28.952264404296898,0.0121340975,0.02205658,3.548555657902616,0,0,1
2018-03-07 15:00:00,1435.4871,28.912530517578148,0.016253917,0.14105225,25.992382987880735,31.178155517578148,0.01387736,0.035507202,15.059817283707408,28.631280517578148,0.012069194,0.020767212,3.7133775540862928,0,0,1
2018-03-07 16:00:00,1350.9497,28.157250976562523,0.016246196,0.11529541,26.32692770135518,29.938500976562523,0.013720865,0.03831482,15.531643714750016,27.829125976562523,0.012133951,0.020614624,4.27121526930088,0,0,1
2018-03-07 17:00:00,1242.4319,27.215356445312523,0.016291939,0.08679199,26.070304867769337,28.199731445312523,0.013514838,0.0382843,15.547696448933008,26.434106445312523,0.012511573,0.021606445,5.018633495988048,0,0,1
2018-03-07 18:00:00,1242.1237999999998,26.306726074218773,0.016467478,0.056015015,24.70228032385355,26.197351074218773,0.013415721,0.03767395,13.859845833849883,24.587976074218773,0.013202098,0.024230957,5.61323782440144,0,0,1
2018-03-07 19:00:00,1295.8018,25.793756103515648,0.016780388,0.04019165,23.03421832020889,25.028131103515648,0.013530266,0.034698486,13.14474275461338,23.325006103515648,0.013049614,0.023979187,6.404017087752772,0,0,1
2018-03-07 20:00:00,1266.0522,25.528833007812523,0.017085781,0.038757324,21.37201729292173,24.435083007812523,0.013816585,0.032592773,12.188192738725792,22.528833007812523,0.013271083,0.020904541,6.601250876751873,0,0,1
2018-03-07 21:00:00,1219.5459,25.350976562500023,0.01733793,0.0388031,20.30294226760446,24.179101562500023,0.014209877,0.047302246,11.95905459542711,21.991601562500023,0.013382087,0.019851685,6.78812384504683,0,0,1
2018-03-07 22:00:00,1148.8652,25.218347167968773,0.017513955,0.046951294,20.49454995257981,24.124597167968773,0.014702523,0.0874939,12.18110692824402,21.569909667968773,0.013413155,0.019714355,7.068859109618278,0,0,1
2018-03-07 23:00:00,1075.2798,25.128076171875023,0.017575702,0.055892944,21.063435247920967,24.190576171875023,0.015187702,0.12121582,12.424786768106332,21.237451171875023,0.013417683,0.02645874,7.177767928811879,0,0,1
2018-03-08 00:00:00,1024.567,25.053125000000023,0.017576473,0.062927246,21.34416747281144,24.240625000000023,0.015558498,0.1194458,12.362809658511608,20.967187500000023,0.013540523,0.06500244,7.143471011023084,0,0,1
2018-03-08 01:00:00,1000.4781,24.997979736328148,0.017538924,0.058502197,21.513274228196373,24.294854736328148,0.015837569,0.098968506,12.019589227902904,20.794854736328148,0.013853925,0.099853516,6.953268369418145,0,0,1
2018-03-08 02:00:00,976.5082,24.9592224121094,0.017493673,0.050338745,21.519126553305725,24.3342224121094,0.016059346,0.078308105,11.545176541716222,20.7795349121094,0.014140554,0.11782837,6.694717927080196,0,0,1
2018-03-08 03:00:00,961.4455,24.908532714843773,0.017455906,0.046524048,21.532241974722645,24.330407714843773,0.016204685,0.086761475,11.24519410287688,20.830407714843773,0.01438889,0.12805176,6.369155556416491,0,0,1
2018-03-08 04:00:00,959.5121,24.894555664062523,0.017471327,0.041549683,20.77150734968757,24.332055664062523,0.016273512,0.09329224,10.927838366629857,20.980493164062523,0.014602675,0.12200928,6.260642876201104,0,0,1
2018-03-08 05:00:00,994.9818,24.870874023437523,0.017547363,0.03565979,19.65393232063402,24.331811523437523,0.01632666,0.10144043,10.611193529999513,21.105249023437523,0.014846558,0.12472534,5.480793696236928,0,0,1
2018-03-08 06:00:00,1009.9606,24.966516113281276,0.017646084,0.032699585,19.666667060636527,24.450891113281276,0.016387234,0.09472656,10.879766011807408,21.224328613281276,0.015071163,0.12792969,5.071350753118061,0,0,1
2018-03-08 07:00:00,1132.2962,25.890771484375023,0.017668584,0.03152466,23.07999538851317,25.828271484375023,0.016547063,0.076538086,13.601173013701164,21.843896484375023,0.01539121,0.12878418,5.289646573294036,0,0,1
2018-03-08 08:00:00,1330.9819,27.179711914062523,0.017271435,0.047714233,25.98511238524529,27.914086914062523,0.016500866,0.06417847,16.461474744288132,23.242211914062523,0.01582185,0.13763428,5.807216600785397,0,0,1
2018-03-08 09:00:00,1399.4489999999998,28.291925048828148,0.0169888,0.055725098,25.65287170396633,30.026300048828148,0.016309785,0.060256958,16.748528268409583,25.541925048828148,0.015707063,0.13934326,6.250801022887737,0,0,1
2018-03-08 10:00:00,1474.1952,29.2390075683594,0.01679777,0.05090332,24.977829561523,31.7702575683594,0.0162866,0.058258057,16.010587012485676,27.6608825683594,0.01547407,0.1418457,5.553167563013938,0,0,1
2018-03-08 11:00:00,1512.9509999999998,29.975610351562523,0.016660212,0.04611206,24.48140499795361,33.05373535156252,0.016271112,0.065704346,15.06914577399496,29.038110351562523,0.015782831,0.13134766,4.073428481676942,0,0,1
2018-03-08 12:00:00,1517.5801,30.495782470703148,0.016621754,0.046936035,24.030081512655816,33.83953247070315,0.016263172,0.08996582,14.182895750175687,29.886407470703148,0.015767261,0.118255615,3.2517462191357014,0,0,1
2018-03-08 13:00:00,1542.0089999999998,30.7080017089844,0.016690053,0.060531616,23.885872404262216,34.2236267089844,0.016262807,0.12530518,13.625496705126965,30.2548767089844,0.015660085,0.1251831,3.0092003174467883,0,0,1
2018-03-08 14:00:00,1562.3683,30.606134033203148,0.016788928,0.065582275,23.4924300837575,34.05925903320315,0.016155688,0.15881348,13.459402151901886,30.168634033203148,0.015591113,0.14678955,2.9882122292120994,0,0,1
2018-03-08 15:00:00,1544.6554,30.136346435546898,0.016834494,0.07388306,22.97321895300047,33.3238464355469,0.016041037,0.15240479,13.438057968975244,29.573846435546898,0.01562142,0.15368652,3.114841270015237,0,0,1
2018-03-08 16:00:00,1459.0633,29.360070800781276,0.016948821,0.08483887,22.18766392435044,32.51632080078127,0.015941741,0.15216064,13.735849663526604,28.625695800781276,0.015743377,0.15582275,3.407259839355449,0,0,1
2018-03-08 17:00:00,1331.3138,28.335412597656276,0.017124338,0.09384155,21.991531267962348,31.179162597656276,0.015827341,0.10723877,13.155829514695249,27.382287597656276,0.015911264,0.14544678,3.6739448200291327,0,0,1
2018-03-08 18:00:00,1303.3419,27.287042236328148,0.017429724,0.08743286,22.370505042345588,29.052667236328148,0.01597251,0.076934814,10.57211394190791,25.615167236328148,0.016407385,0.16680908,3.876466606457828,0,0,1
2018-03-08 19:00:00,1367.1925,26.551599121093773,0.017857242,0.06384277,22.90843188043877,27.504724121093773,0.016133,0.0909729,11.26365595737561,24.364099121093773,0.016674686,0.18170166,5.118751810932887,0,0,1
2018-03-08 20:00:00,1331.8914,26.150659179687523,0.018193042,0.038131714,22.40185160477289,26.463159179687523,0.016369617,0.07684326,12.230267191578138,23.635034179687523,0.016400134,0.16351318,5.980519111964427,0,0,1
2018-03-08 21:00:00,1292.8257,25.911767578125023,0.01838407,0.035339355,21.00963619943053,25.880517578125023,0.016675085,0.054656982,11.00775760027784,23.177392578125023,0.016400427,0.14282227,5.7975315826463785,0,0,1
2018-03-08 22:00:00,1236.1551000000002,25.787927246093773,0.018430315,0.034851074,19.76132343416374,25.491052246093773,0.016934954,0.047714233,10.203049394639962,22.991052246093773,0.016454302,0.13293457,5.434524321739361,0,0,1
2018-03-08 23:00:00,1175.9454,25.667443847656276,0.018400034,0.034973145,18.61856744682503,25.292443847656276,0.017148813,0.04447937,9.983921610249377,22.901818847656276,0.016492685,0.13970947,5.161088971402018,0,0,1
2018-03-09 00:00:00,1095.6277,25.5664001464844,0.01834687,0.045394897,17.785432559488818,25.1289001464844,0.017232979,0.047027588,9.62537998787002,22.8164001464844,0.01647004,0.14398193,4.896959922653015,0,0,1
2018-03-09 01:00:00,1057.9739,25.442163085937523,0.018255778,0.07269287,17.04236849483,24.942163085937523,0.017248698,0.051605225,9.304003093925612,22.707788085937523,0.016432352,0.15319824,4.538358528318502,0,0,1
2018-03-09 02:00:00,1024.3095,25.351647949218773,0.018164853,0.10626221,16.40752921910193,24.836022949218773,0.017157773,0.06607056,9.373123383953995,22.593835449218773,0.016364316,0.15814209,4.355579697910749,0,0,1
2018-03-09 03:00:00,1018.1924,25.314874267578148,0.018112043,0.12884521,15.672906237491476,24.721124267578148,0.017043928,0.07122803,9.026257473316912,22.494561767578148,0.016311506,0.14953613,4.367112254687054,0,0,1
2018-03-09 04:00:00,999.3274,25.306451416015648,0.018097436,0.15509033,15.244096207294351,24.603326416015648,0.016945397,0.07623291,8.608108140400883,22.415826416015648,0.016251123,0.13885498,4.3642689657079465,0,0,1
2018-03-09 05:00:00,1029.5421,25.316918945312523,0.018105265,0.17041016,15.623479427964668,24.605981445312523,0.01689982,0.07644653,8.51844497996606,22.387231445312523,0.016205546,0.12054443,4.328001394331561,0,0,1
2018-03-09 06:00:00,1040.9764,25.399102783203148,0.018142628,0.16296387,16.060255421356747,24.750665283203148,0.016929554,0.082855225,8.63954275351816,22.391290283203148,0.016189503,0.111816406,4.329521983853772,0,0,1
2018-03-09 07:00:00,1154.5593,25.908776855468773,0.018126681,0.15002441,18.463954728241266,26.236901855468773,0.017050937,0.072265625,11.636179179333512,22.916589355468773,0.016417697,0.11273193,4.6096904292396985,0,0,1
2018-03-09 08:00:00,1275.4068,26.795678710937523,0.017797947,0.14660645,22.222419964906607,28.217553710937523,0.017027378,0.065826416,14.54187785493509,24.053491210937523,0.016607761,0.10513306,4.889560774285323,0,0,1
2018-03-09 09:00:00,1397.1840000000002,27.771905517578148,0.017507307,0.14996338,23.23727600416516,30.209405517578148,0.016896956,0.074920654,15.154428510874665,26.162530517578148,0.016233198,0.10501099,4.827682984497824,0,0,1
2018-03-09 10:00:00,1502.5884,28.605004882812523,0.01731598,0.1427002,23.03043514554521,31.855004882812523,0.01681244,0.10534668,14.560330088300658,28.073754882812523,0.01605713,0.112579346,3.973132425312991,0,0,1
2018-03-09 11:00:00,1516.9788,29.106561279296898,0.0171401,0.14526367,22.428648217497592,32.7628112792969,0.016743371,0.15704346,13.57804194136348,29.294061279296898,0.016049096,0.111450195,2.6238341440026987,0,0,1
2018-03-09 12:00:00,1520.8928999999998,29.377130126953148,0.017032972,0.16339111,21.83710538860244,32.79900512695315,0.016659131,0.21539307,12.750223871397392,30.064630126953148,0.01617848,0.11663818,1.6643738146500875,0,0,1
2018-03-09 13:00:00,1565.4168,29.421746826171898,0.016918255,0.18969727,20.890848359174303,32.5936218261719,0.016620709,0.21148682,12.320194692683431,30.265496826171898,0.01635368,0.14361572,0.952574684864566,0,0,1
2018-03-09 14:00:00,1584.1201999999998,29.218286132812523,0.01681121,0.20336914,19.900345535728928,32.54641113281252,0.016589958,0.19030762,12.237865881277054,29.952661132812523,0.016383965,0.2006836,0.2849150159829746,0,0,1
2018-03-09 15:00:00,1540.5151999999998,28.848413085937523,0.016788151,0.1928711,19.2530994010796,32.37966308593752,0.01655164,0.17651367,12.586999016862134,29.114038085937523,0.01642194,0.24224854,0.8533102201256568,0,0,1
2018-03-09 16:00:00,1449.8375,28.347192382812523,0.016841412,0.17645264,19.094427755910456,31.800317382812523,0.016543865,0.15338135,12.922912440877631,27.987817382812523,0.016765118,0.23040771,1.1732972555253762,0,0,1
2018-03-09 17:00:00,1326.0568,27.656182861328148,0.017009161,0.14971924,19.41254971627417,30.593682861328148,0.016688727,0.13354492,12.118293080758614,26.640557861328148,0.017306708,0.22143555,1.5102975880829728,0,0,1
2018-03-09 18:00:00,1297.4879,26.8825622558594,0.017299144,0.12902832,19.253031353752935,28.8200622558594,0.01697108,0.14245605,9.844649896087626,25.1169372558594,0.017825572,0.21813965,1.7213813641852742,0,0,1
2018-03-09 19:00:00,1353.1288000000002,26.3102966308594,0.01764269,0.11199951,19.26116451557625,27.6696716308594,0.01713152,0.14624023,10.455068003626245,24.2321716308594,0.017612172,0.21777344,2.2435283285741017,0,0,1
2018-03-09 20:00:00,1321.2132,25.961816406250023,0.017902447,0.10437012,18.825246497740302,26.821191406250023,0.017215801,0.15136719,11.170300820585062,23.743066406250023,0.017444683,0.20007324,2.471491173074199,0,0,1
2018-03-09 21:00:00,1267.9687,25.752893066406276,0.018047893,0.10513306,18.080837158806595,26.331018066406276,0.017300213,0.17236328,10.532094330489455,23.471643066406276,0.017361248,0.18432617,2.394032372535443,0,0,1
2018-03-09 22:00:00,1231.992,25.653619384765648,0.01817827,0.10366821,15.691213882782758,26.106744384765648,0.017384812,0.16967773,9.292071549927112,23.341119384765648,0.017232224,0.16870117,2.2966878137413107,0,0,1
2018-03-09 23:00:00,1180.4363999999998,25.595056152343773,0.018277511,0.0982666,13.26429099341014,25.907556152343773,0.017476425,0.14349365,7.715390897330374,23.266931152343773,0.017049178,0.16760254,2.429770147261077,0,0,1
2018-03-10 00:00:00,1116.6393,25.518273925781276,0.018369008,0.096069336,11.621009446910609,25.580773925781276,0.017606068,0.120910645,5.861286807246699,23.166711425781276,0.016988087,0.18920898,2.26867317195729,0,0,1
2018-03-10 01:00:00,1067.6703,25.448571777343773,0.018445255,0.08230591,10.923619407871072,25.323571777343773,0.017674686,0.104003906,4.944839509880265,23.097009277343773,0.016942265,0.20233154,2.2604554628010813,0,0,1
2018-03-10 02:00:00,1046.8417,25.396875000000023,0.018483365,0.06034851,10.899919065122488,25.115625000000023,0.017697537,0.10922241,4.3879844984895255,23.029687500000023,0.016926968,0.21777344,2.2491484842723266,0,0,1
2018-03-10 03:00:00,1024.9551,25.344140625000023,0.018475698,0.056930542,10.767526060435529,24.937890625000023,0.0176975,0.09448242,4.010597241320323,22.976953125000023,0.016904043,0.22021484,2.284733068162811,0,0,1
2018-03-10 04:00:00,998.0284,25.3205505371094,0.018437522,0.07714844,11.051170770408378,24.7268005371094,0.01768984,0.0675354,3.8709286325232575,22.9455505371094,0.016842978,0.20092773,2.324305009026627,0,0,1
2018-03-10 05:00:00,1004.2952,25.269464111328148,0.018384103,0.10058594,10.982591927202485,24.550714111328148,0.017697457,0.044708252,3.93791098493382,22.917901611328148,0.016766671,0.1739502,2.303146702781917,0,0,1
2018-03-10 06:00:00,985.5574,25.311639404296898,0.018323094,0.12756348,11.168409700764949,24.546014404296898,0.017750889,0.033325195,4.414932877061662,22.921014404296898,0.016690403,0.15240479,2.315656033203734,0,0,1
2018-03-10 07:00:00,1057.8786,25.821099853515648,0.018132467,0.120513916,14.186643777293428,26.461724853515648,0.017865438,0.041519165,8.703893395409175,23.344537353515648,0.01683547,0.137146,2.8349841471637545,0,0,1
2018-03-10 08:00:00,1176.6890999999998,26.561212158203148,0.01774351,0.09869385,16.76156724216367,28.701837158203148,0.017545145,0.04248047,12.23393503384555,24.420587158203148,0.016904276,0.11791992,3.4167321926129355,0,0,1
2018-03-10 09:00:00,1269.6139,27.440209960937523,0.017491732,0.070129395,17.590034012753478,30.737084960937523,0.017369661,0.033828735,12.43283769644063,26.565209960937523,0.016522799,0.10696411,3.3440710423443054,0,0,1
2018-03-10 10:00:00,1334.9533,28.389062500000023,0.017316297,0.04812622,18.256503533389093,32.52968750000002,0.016995862,0.031143188,11.901876753586738,28.576562500000023,0.016484693,0.09802246,2.2899139549714738,0,0,1
2018-03-10 11:00:00,1359.5426,29.212243652343773,0.017156126,0.04107666,18.538350324105373,33.64974365234377,0.016515257,0.03793335,11.373506016137728,29.962243652343773,0.016301634,0.08963013,1.4823725153127547,0,0,1
2018-03-10 12:00:00,1337.7209,29.844781494140648,0.01698838,0.02986145,18.20098787079032,34.43853149414065,0.016187293,0.047714233,11.015489921877926,30.860406494140648,0.0162407,0.107055664,0.8498317306518653,0,0,1
2018-03-10 13:00:00,1327.4863,30.255944824218773,0.016858825,0.014022827,17.589586419669995,34.75594482421877,0.01592804,0.068847656,10.902260922069818,31.302819824218773,0.016111145,0.12213135,0.4222275595927158,0,0,1
2018-03-10 14:00:00,1332.3841,30.441369628906276,0.016744567,0.0060920715,17.391873981219312,34.45699462890627,0.015768005,0.08425903,11.15867571449103,31.285119628906276,0.015996886,0.14227295,0.431780362532146,0,0,1
2018-03-10 15:00:00,1285.4806,30.311914062500023,0.016660588,0.004049301,17.808585044689693,33.90566406250002,0.015737431,0.0836792,11.283648044661833,30.827539062500023,0.015958684,0.15362549,0.8993628302778697,0,0,1
2018-03-10 16:00:00,1253.4555,29.760217285156276,0.016622044,0.002609253,18.789799751648,33.04146728515627,0.015843846,0.056869507,11.169323210263986,29.838342285156276,0.01617191,0.121276855,1.2862097812292532,0,0,1
2018-03-10 17:00:00,1221.3357,28.675561523437523,0.016690379,0.0018424988,19.78375729259497,31.644311523437523,0.016087657,0.027938843,10.214520026538624,28.519311523437523,0.016598826,0.08596802,1.489704610871557,0,0,1
2018-03-10 18:00:00,1226.4786,27.260217285156276,0.016903743,0.0026311874,20.04253526651925,29.541467285156276,0.016644344,0.017082214,7.438445661675182,26.666467285156276,0.017399654,0.08154297,1.5745844020202246,0,0,1
2018-03-10 19:00:00,1303.1708,26.247125244140648,0.017132502,0.008213043,20.371191304895845,28.200250244140648,0.016880732,0.015537262,7.669490847442795,25.278375244140648,0.017986994,0.08340454,1.3948810529757856,0,0,1
2018-03-10 20:00:00,1273.699,25.721276855468773,0.017254645,0.013576508,19.44063063552301,27.096276855468773,0.017018134,0.013156891,8.59483783509026,24.705651855468773,0.017781073,0.07962036,1.259274840809116,0,0,1
2018-03-10 21:00:00,1214.5105,25.5205017089844,0.01723193,0.016494751,18.297296518215152,26.2548767089844,0.01710223,0.011856079,8.572805247241355,24.3017517089844,0.017514218,0.0763855,1.1002169536004145,0,0,1
2018-03-10 22:00:00,1183.1027,25.386499023437523,0.01728526,0.014034271,17.409297616321354,25.636499023437523,0.017178448,0.010414124,8.060470254587981,23.995874023437523,0.017384442,0.0675354,0.8691251058157345,0,0,1
2018-03-10 23:00:00,1150.0196,25.253015136718773,0.01737689,0.0118637085,17.17458916718311,25.159265136718773,0.017224303,0.014469147,7.977989229689887,23.753015136718773,0.017231932,0.059555054,0.880705424725127,0,0,1
2018-03-11 00:00:00,1108.0367,25.135430908203148,0.017461017,0.008728027,16.743005258843358,24.729180908203148,0.017216876,0.018508911,7.59694838243237,23.526055908203148,0.017087176,0.058059692,1.3859792133234023,0,0,1
2018-03-11 01:00:00,1059.6403,25.022790527343773,0.017552886,0.005701065,15.92453249450222,24.335290527343773,0.017156158,0.018592834,6.99929307637784,23.335290527343773,0.016835723,0.05532837,2.07150642603403,0,0,1
2018-03-11 02:00:00,1039.1275,24.936791992187523,0.01760671,0.0042915344,15.049715981068871,23.999291992187523,0.017072652,0.017684937,6.477853409943776,23.108666992187523,0.016569111,0.055145264,2.616920445723835,0,0,1
2018-03-11 03:00:00,1021.525,24.862817382812523,0.017645348,0.0040950775,13.843409025587125,23.737817382812523,0.01698922,0.017333984,6.319192181518563,22.878442382812523,0.01635598,0.05795288,2.9011485160358763,0,0,1
2018-03-11 04:00:00,989.6143,24.798913574218773,0.017668756,0.0045776367,12.001107450881666,23.525476074218773,0.016898187,0.016677856,6.173057596600114,22.681726074218773,0.016150506,0.05831909,3.1130160857537734,0,0,1
2018-03-11 05:00:00,988.5343,24.754602050781276,0.017676888,0.005220413,10.09272321173098,23.371789550781276,0.016814766,0.013629913,5.909139220780503,22.520227050781276,0.015960274,0.05166626,3.2238900647718274,0,0,1
2018-03-11 06:00:00,954.4657,24.873681640625023,0.017715473,0.0038480759,9.129885893962069,23.514306640625023,0.016784687,0.009174347,5.997561455141842,22.404931640625023,0.015800495,0.044662476,3.287349067965451,0,0,1
2018-03-11 07:00:00,961.0484,25.943872070312523,0.017670004,0.0024728775,11.871248996393556,25.631372070312523,0.016807882,0.0058841705,9.724183161540084,23.201684570312523,0.015732137,0.033554077,3.8051724115878343,0,0,1
2018-03-11 08:00:00,1001.6396,27.155541992187523,0.017448608,0.0034017563,12.790011412710149,28.358666992187523,0.016479675,0.004119873,11.196101048151537,25.022729492187523,0.01541919,0.018753052,3.8455074330646046,0,0,1
2018-03-11 09:00:00,1061.8752,28.374688720703148,0.017272571,0.0025835037,11.729808395655033,30.749688720703148,0.015998462,0.0031785965,9.360355028608517,27.280938720703148,0.014937976,0.012939453,3.1902867107038406,0,0,1
2018-03-11 10:00:00,1132.1345,29.464562988281276,0.017180504,0.0015902519,10.509410412309316,32.80831298828127,0.015860619,0.0026550293,6.989685620290487,29.230187988281276,0.01478106,0.013679504,1.774744271943655,0,0,1
2018-03-11 11:00:00,1194.3492,30.413903808593773,0.017088542,0.0027046204,9.70207503235631,34.44515380859377,0.015329966,0.0025291443,5.151783188179154,30.663903808593773,0.014765391,0.012184143,0.738931772553966,0,0,1
2018-03-11 12:00:00,1199.9301,31.209985351562523,0.016996633,0.017303467,9.37108523000733,35.56936035156252,0.0151274325,0.0072193146,3.545885151276403,31.788110351562523,0.0142080905,0.008029938,1.2290440971341083,0,0,1
2018-03-11 13:00:00,1201.7509,31.7355895996094,0.016927633,0.056549072,9.500420257909871,36.0949645996094,0.015359793,0.039215088,2.431950825587781,32.2668395996094,0.014497671,0.0030212402,2.4926420432263203,0,0,1
2018-03-11 14:00:00,1209.4903000000002,31.844506835937523,0.016896794,0.08276367,10.300676860605863,35.75075683593752,0.015584537,0.06460571,1.9490946502015585,32.21950683593752,0.015019962,0.016189575,3.623981043229196,0,0,1
2018-03-11 15:00:00,1203.1229,31.527398681640648,0.016888818,0.08026123,11.776074383552563,35.21489868164065,0.015790185,0.06954956,1.9226365008961648,31.449273681640648,0.015534601,0.037506104,4.398513000815977,0,0,1
2018-03-11 16:00:00,1184.3856,30.915856933593773,0.016911294,0.0579834,13.81566911201536,34.38460693359377,0.016018655,0.073028564,2.029411660143174,30.275231933593773,0.016056802,0.040252686,4.713460072634883,0,0,1
2018-03-11 17:00:00,1152.4955,29.9143005371094,0.016964383,0.036331177,15.972545682394273,32.9611755371094,0.016575284,0.07550049,1.973012103626076,28.8361755371094,0.016598172,0.046203613,4.676165342688847,0,0,1
2018-03-11 18:00:00,1205.0015,28.574365234375023,0.01706332,0.01663971,17.552425979786353,30.527490234375023,0.018345058,0.076049805,1.2400206600090882,27.324365234375023,0.017162502,0.064331055,4.493846195130435,0,0,1
2018-03-11 19:00:00,1284.4795,27.386865234375023,0.017162377,0.008018494,18.74786596742465,29.324365234375023,0.018344933,0.07867432,1.4925572377640026,25.933740234375023,0.017231042,0.0791626,3.962076035691864,0,0,1
2018-03-11 20:00:00,1299.8022,26.573907470703148,0.017147115,0.006652832,18.41738800615436,28.339532470703148,0.018505147,0.079711914,1.98460787390412,24.995782470703148,0.017490437,0.074157715,3.516917413808652,0,0,1
2018-03-11 21:00:00,1289.4448,26.141442871093773,0.017162511,0.004589081,16.648519749180924,27.578942871093773,0.018528173,0.06808472,2.616469659091037,24.407067871093773,0.017627904,0.07461548,3.021560682579675,0,0,1
2018-03-11 22:00:00,1254.8107,25.888238525390648,0.017216215,0.0032291412,14.982001653155567,26.950738525390648,0.0184064,0.05619812,3.232623400534405,23.981988525390648,0.017551908,0.07620239,2.587705388417718,0,0,1
2018-03-11 23:00:00,1187.5831,25.681970214843773,0.017262526,0.0021333694,14.042752932103785,26.338220214843773,0.018178053,0.043304443,3.774827344369192,23.603845214843773,0.017361708,0.0831604,2.328261558060828,0,0,1
2018-03-12 00:00:00,1124.2556,25.454919433593773,0.017323745,0.002855301,13.324874550978572,25.736169433593773,0.017987503,0.031341553,4.174556551013955,23.298669433593773,0.01713301,0.091674805,2.183386930385384,0,0,1
2018-03-12 01:00:00,1083.1139,25.262597656250023,0.01735438,0.004825592,12.702442072567528,25.153222656250023,0.017812144,0.024978638,4.128995860416687,23.028222656250023,0.016911875,0.09640503,2.111021116733873,0,0,1
2018-03-12 02:00:00,1058.3177999999998,25.113183593750023,0.017392721,0.004339218,11.913716055413753,24.675683593750023,0.017675009,0.020957947,3.7799645803699433,22.792871093750023,0.016721334,0.09503174,2.0683945226519698,0,0,1
2018-03-12 03:00:00,1030.0629,24.978601074218773,0.017446436,0.0044174194,10.607519203544458,24.306726074218773,0.01752273,0.015369415,3.818934129936512,22.580163574218773,0.016546167,0.08340454,2.0524385219106662,0,0,1
2018-03-12 04:00:00,1028.8092,24.842065429687523,0.017538441,0.004667282,9.371828406390774,23.982690429687523,0.017355336,0.012496948,3.931187414207853,22.404565429687523,0.016394032,0.070373535,2.073251541411276,0,0,1
2018-03-12 05:00:00,1046.3689,24.751123046875023,0.017592423,0.004211426,8.652780921517731,23.743310546875023,0.017210953,0.010471344,3.915037946846,22.266748046875023,0.016257279,0.05886841,2.0759307933804125,0,0,1
2018-03-12 06:00:00,1070.2949,24.8425231933594,0.017646087,0.0033187866,8.592355439937618,23.8112731933594,0.017203582,0.009849548,4.194386682063526,22.1940856933594,0.016165985,0.049926758,2.088105165398212,0,0,1
2018-03-12 07:00:00,1180.9981,25.810357666015648,0.017455006,0.0023899078,11.752019765423071,25.169732666015648,0.017577076,0.011585236,6.4719428898351,23.052545166015648,0.016455555,0.038513184,2.103122202175597,0,0,1
2018-03-12 08:00:00,1389.0805,26.986901855468773,0.017225815,0.0017328262,12.802592891094656,27.315026855468773,0.017271591,0.016777039,7.924751768827474,24.643151855468773,0.016317917,0.021453857,2.282120993526737,0,0,1
2018-03-12 09:00:00,1509.8309000000002,28.196252441406276,0.017111091,0.0019569397,12.837157259547288,29.868127441406276,0.016409187,0.01928711,7.875217761707388,27.133752441406276,0.015295296,0.008609772,2.196085288439625,0,0,1
2018-03-12 10:00:00,1560.4743,29.347924804687523,0.016973501,0.0019211769,13.333623669960058,31.957299804687523,0.01585961,0.021476746,7.255669149171983,29.301049804687523,0.014497763,0.007429123,2.259417803347022,0,0,1
2018-03-12 11:00:00,1582.4993,30.408959960937523,0.016835922,0.0027275085,13.940178397746076,33.47145996093752,0.015889877,0.024162292,6.480593883003009,30.768334960937523,0.014569992,0.009250641,2.467335859480194,0,0,1
2018-03-12 12:00:00,1587.1451,31.200494384765648,0.016850958,0.015277863,14.496010288007508,34.45049438476565,0.016019354,0.025680542,5.738635410834095,31.669244384765648,0.014695654,0.015018463,3.2035299709460747,0,0,1
2018-03-12 13:00:00,1621.8488,31.493249511718773,0.016888907,0.057724,15.143604371381787,34.89949951171877,0.016026786,0.035339355,5.215941246871969,31.977624511718773,0.014954857,0.019950867,4.141121229846236,0,0,1
2018-03-12 14:00:00,1635.5409,31.339410400390648,0.016911624,0.10662842,16.034142419990264,34.79253540039065,0.016003726,0.08035278,5.072588519606692,31.776910400390648,0.015278933,0.032440186,4.926974095537559,0,0,1
2018-03-12 15:00:00,1599.4657,30.684289550781276,0.01694199,0.12054443,17.250531714164254,33.96553955078127,0.01606461,0.12023926,5.1450526278726345,31.074914550781276,0.015614476,0.05632019,5.5661345842424526,0,0,1
2018-03-12 16:00:00,1509.6856,29.770959472656276,0.01701055,0.09933472,18.384263698429656,32.84908447265627,0.016606191,0.14178467,4.707083165559138,29.880334472656276,0.016041616,0.056396484,5.963199560044919,0,0,1
2018-03-12 17:00:00,1356.4258,28.633203125000023,0.017086823,0.07543945,18.86712883337152,31.445703125000023,0.017575104,0.15484619,4.016102458904491,28.570703125000023,0.016583283,0.041885376,5.609213565639231,0,0,1
2018-03-12 18:00:00,1333.67,27.463220214843773,0.017216625,0.05480957,18.709420345589777,29.635095214843773,0.01967329,0.15570068,3.200804131025486,27.197595214843773,0.017102184,0.04737854,4.610563253056725,0,0,1
2018-03-12 19:00:00,1382.0965,26.792871093750023,0.017308338,0.038589478,18.47235836815756,28.542871093750023,0.0205432,0.12774658,2.488318639261748,26.027246093750023,0.017392261,0.05871582,3.5641276165048845,0,0,1
2018-03-12 20:00:00,1351.7405,26.402612304687523,0.017437993,0.024879456,17.176504757191672,27.715112304687523,0.019948063,0.09100342,2.14025871540118,25.058862304687523,0.017834721,0.05908203,2.886746003431377,0,0,1
2018-03-12 21:00:00,1319.952,26.111962890625023,0.01767432,0.025772095,15.069253218992804,27.018212890625023,0.019406192,0.057250977,2.3571293138758995,24.502587890625023,0.01791083,0.053268433,2.365231351968612,0,0,1
2018-03-12 22:00:00,1259.5243999999998,25.918634033203148,0.017857302,0.026863098,13.25494411138712,26.371759033203148,0.019062746,0.04537964,2.562437417731533,24.137384033203148,0.017742861,0.045806885,2.059320294546481,0,0,1
2018-03-12 23:00:00,1190.2953,25.767175292968773,0.017964102,0.011871338,12.141917274068872,25.923425292968773,0.018826224,0.08312988,2.913752645837474,23.798425292968773,0.017521597,0.043411255,2.0975219649482213,0,0,1
2018-03-13 00:00:00,1120.8536,25.6828552246094,0.017926108,0.011455536,12.368137634755126,25.5734802246094,0.018597495,0.16644287,3.4769125786587765,23.5109802246094,0.017300498,0.049819946,2.2885046269355658,0,0,1
2018-03-13 01:00:00,1074.5107,25.5749450683594,0.017873023,0.012565613,12.813983884155562,25.1843200683594,0.018384192,0.19610596,4.000292338178993,23.2936950683594,0.01715586,0.06838989,2.415789304724413,0,0,1
2018-03-13 02:00:00,1041.7573,25.539849853515648,0.017758988,0.017433167,13.679409815455122,24.883599853515648,0.01822438,0.21813965,4.4741266304072616,23.086724853515648,0.017011307,0.06951904,2.345035441563913,0,0,1
2018-03-13 03:00:00,1017.9621,25.550073242187523,0.017629776,0.0335083,14.62678052187352,24.706323242187523,0.018072281,0.22601318,4.897992104171551,22.870385742187523,0.01683632,0.07833862,2.1807491055283075,0,0,1
2018-03-13 04:00:00,1001.3544,25.4997497558594,0.017584478,0.042297363,15.073034630950724,24.6091247558594,0.01795069,0.22241211,4.944763587029224,22.7653747558594,0.016714728,0.105529785,2.102767177030427,0,0,1
2018-03-13 05:00:00,1028.9814,25.406762695312523,0.017607568,0.04673767,14.639802079660797,24.547387695312523,0.017874597,0.19659424,4.721242718679617,22.773950195312523,0.016684411,0.11697388,2.2770132106955656,0,0,1
2018-03-13 06:00:00,1029.8412,25.429284667968773,0.01765347,0.054641724,14.485828962218774,24.616784667968773,0.017851835,0.1564331,4.769321416414634,22.749597167968773,0.01665402,0.11730957,2.5128448448950618,0,0,1
2018-03-13 07:00:00,1148.3624,26.096887207031276,0.017599672,0.08105469,16.875735335541215,25.393762207031276,0.017912477,0.121795654,6.7389194330940345,23.065637207031276,0.016851991,0.12225342,2.8819841190247373,0,0,1
2018-03-13 08:00:00,1346.8089,26.927697753906276,0.017316937,0.11764526,18.63100153345623,26.771447753906276,0.017835736,0.07720947,9.53243258784819,23.716760253906276,0.017095685,0.12786865,3.238545444143176,0,0,1
2018-03-13 09:00:00,1473.6109,27.744226074218773,0.01697319,0.1529541,18.65961280151182,29.072351074218773,0.017141037,0.05142212,11.1543036191102,24.791101074218773,0.016744308,0.117370605,3.2899938124740533,0,0,1
2018-03-13 10:00:00,1545.8199,28.443994140625023,0.01677446,0.16644287,17.90353009242892,31.303369140625023,0.016721055,0.06088257,10.374564699899574,26.553369140625023,0.015851304,0.1305542,2.960542703442643,0,0,1
2018-03-13 11:00:00,1582.3242,29.033227539062523,0.016644571,0.1786499,17.298725606031603,32.68947753906252,0.016766641,0.0909729,8.891308588923339,27.767602539062523,0.015557383,0.15301514,2.1047699977959176,0,0,1
2018-03-13 12:00:00,1572.8463000000002,29.437768554687523,0.016545268,0.17474365,17.290114675464782,33.42214355468752,0.016430827,0.13391113,8.100439441204719,28.406518554687523,0.016201945,0.15545654,0.9733737422581786,0,0,1
2018-03-13 13:00:00,1613.9926,29.722375488281276,0.016415497,0.15551758,17.6136503516715,33.69112548828127,0.01611795,0.14941406,7.6119711405637505,28.816125488281276,0.016148468,0.1696167,0.4649302432589645,0,0,1
2018-03-13 14:00:00,1615.8076999999998,29.857263183593773,0.016301,0.13012695,17.9062733147754,33.65413818359377,0.01604923,0.15960693,7.1047706533699815,28.951013183593773,0.01592716,0.18688965,0.6694872571275207,0,0,1
2018-03-13 15:00:00,1559.4116,29.771203613281276,0.016224386,0.1053772,17.97909254828684,33.14620361328127,0.016163351,0.16595459,6.273095693813401,28.739953613281276,0.015911581,0.17926025,1.4768027409889724,0,0,1
2018-03-13 16:00:00,1447.6546999999998,29.416528320312523,0.016239418,0.08404541,17.841139804711187,32.27590332031252,0.016384376,0.1583252,5.568400978941825,28.057153320312523,0.016231788,0.16931152,1.95337383668762,0,0,1
2018-03-13 17:00:00,1336.7856000000002,28.691705322265648,0.01638423,0.067352295,17.379557525305145,31.051080322265648,0.016697036,0.13220215,4.158790647069011,26.957330322265648,0.016849624,0.15838623,2.001091773540837,0,0,1
2018-03-13 18:00:00,1339.4597,27.641564941406276,0.016696952,0.048599243,16.30419676878903,28.954064941406276,0.017749809,0.09063721,1.665561316956445,25.391564941406276,0.017620109,0.15612793,1.6543180058558578,0,0,1
2018-03-13 19:00:00,1381.9971,26.868432617187523,0.01701735,0.024894714,16.769873227645135,27.852807617187523,0.017833695,0.06732178,1.6643521747177126,24.462182617187523,0.017436966,0.1508789,1.1885155802256389,0,0,1
2018-03-13 20:00:00,1361.4343,26.321496582031276,0.017253954,0.014526367,16.606105949974467,27.165246582031276,0.017704088,0.05328369,1.9532562834295504,24.071496582031276,0.017070848,0.12939453,0.5791276739965698,0,0,1
2018-03-13 21:00:00,1318.408,25.941064453125023,0.017376127,0.012901306,15.584654199987986,26.628564453125023,0.017521085,0.03691101,2.4836468504022715,23.831689453125023,0.01695651,0.10296631,0.6819129526640938,0,0,1
2018-03-13 22:00:00,1248.1327,25.6889587402344,0.017482849,0.013019562,13.99361664340907,26.1577087402344,0.017368408,0.028030396,2.750691254174749,23.5952087402344,0.01682672,0.088409424,0.870391469553911,0,0,1
2018-03-13 23:00:00,1166.3204,25.527673339843773,0.017559038,0.01662445,12.995498182927076,25.777673339843773,0.017307268,0.026374817,2.8989499262748275,23.402673339843773,0.016689287,0.08078003,1.1515438777085552,0,0,1
2018-03-14 00:00:00,1105.927,25.423730468750023,0.017604718,0.022766113,12.117938145420624,25.423730468750023,0.017299542,0.03527832,2.9339347972294685,23.204980468750023,0.016506085,0.08026123,1.4151758049709655,0,0,1
2018-03-14 01:00:00,1066.4788,25.341210937500023,0.017597022,0.030082703,11.424308919560552,25.169335937500023,0.017329993,0.048706055,2.9090985667740217,23.028710937500023,0.0163458,0.084228516,1.6593850087009467,0,0,1
2018-03-14 02:00:00,1041.6598,25.264916992187523,0.017596995,0.03366089,11.271512634527475,24.889916992187523,0.01729945,0.054092407,3.0304523086986936,22.889916992187523,0.016208446,0.100372314,1.9099259725674884,0,0,1
2018-03-14 03:00:00,1017.5017,25.243920898437523,0.017604541,0.037628174,11.688226028168128,24.665795898437523,0.017215442,0.055847168,3.315504769779894,22.743920898437523,0.016078662,0.11682129,2.256062037492559,0,0,1
2018-03-14 04:00:00,1000.7383,25.182336425781276,0.017634999,0.045181274,12.274726525890522,24.447961425781276,0.017184865,0.05307007,3.674247789278317,22.619836425781276,0.01599468,0.12271118,2.636289369335286,0,0,1
2018-03-14 05:00:00,1030.9125,25.096154785156276,0.017650284,0.06071472,12.826961487800666,24.236779785156276,0.017169632,0.054840088,4.018156367903548,22.502404785156276,0.015918411,0.1237793,2.946028460596284,0,0,1
2018-03-14 06:00:00,1040.5301,25.181085205078148,0.017665595,0.06274414,13.668803349143577,24.274835205078148,0.017169684,0.064331055,4.874335774873929,22.431085205078148,0.015880316,0.120025635,3.187576203276837,0,0,1
2018-03-14 07:00:00,1161.2568,25.980249023437523,0.017513007,0.06686401,17.15360155018701,26.152124023437523,0.017078131,0.06680298,9.456350971698924,23.058374023437523,0.01596424,0.107421875,3.639298094890568,0,0,1
2018-03-14 08:00:00,1331.3322,26.962182617187523,0.01713901,0.09262085,19.388186438562656,28.227807617187523,0.016612582,0.06362915,13.30908972673368,24.634057617187523,0.015788607,0.084503174,4.188714307395614,0,0,1
2018-03-14 09:00:00,1431.4191,28.031457519531276,0.0169558,0.07620239,20.10845550782447,30.281457519531276,0.016093679,0.05836487,14.512837250805212,26.687707519531276,0.0152658895,0.07254028,4.360334780465325,0,0,1
2018-03-14 10:00:00,1501.6487,29.133752441406276,0.016818391,0.053512573,20.35661023353828,32.10250244140627,0.015788423,0.04866028,14.657805566935522,28.383752441406276,0.015017854,0.06304932,3.947939847342981,0,0,1
2018-03-14 11:00:00,1541.7099,29.998254394531276,0.016719172,0.046188354,20.60035659333257,33.51387939453127,0.015811274,0.040542603,13.91227785328983,29.638879394531276,0.015090297,0.05819702,2.7734514452086687,0,0,1
2018-03-14 12:00:00,1546.5814,30.612023925781276,0.016642902,0.039138794,21.04750634144956,34.39327392578127,0.015727375,0.038482666,13.450659498191133,30.487023925781276,0.015086506,0.059890747,1.8487620090613008,0,0,1
2018-03-14 13:00:00,1577.0076,30.944757080078148,0.016604839,0.052856445,21.534308294343248,34.77288208007815,0.015635906,0.049697876,13.303083656037105,30.757257080078148,0.015284954,0.07055664,1.2797906435805553,0,0,1
2018-03-14 14:00:00,1587.2008,30.896295166015648,0.016650438,0.058563232,22.14035455187241,34.59942016601565,0.015547991,0.059005737,13.250109390670936,30.583795166015648,0.015383959,0.08343506,0.9370800279265292,0,0,1
2018-03-14 15:00:00,1560.4488,30.440026855468773,0.01668845,0.05393982,22.77596075751217,33.97127685546877,0.015483004,0.070007324,13.180162053363748,30.065026855468773,0.015357119,0.09082031,0.7644866561748019,0,0,1
2018-03-14 16:00:00,1496.1635,29.659112548828148,0.016688367,0.047088623,23.289638785955297,32.83098754882815,0.0153646665,0.06314087,13.231625316199851,29.112237548828148,0.015398999,0.07470703,0.970183372198307,0,0,1
2018-03-14 17:00:00,1347.0558,28.553765869140648,0.016688325,0.045532227,23.672565816033824,31.178765869140648,0.015265442,0.05117798,12.819846955098509,27.850640869140648,0.015501954,0.058761597,1.3108709197931636,0,0,1
2018-03-14 18:00:00,1330.8512,27.415429687500023,0.016749386,0.04118347,23.22425068117696,28.993554687500023,0.015372281,0.03564453,10.609410696966824,26.087304687500023,0.015971188,0.06567383,1.3073503723742752,0,0,1
2018-03-14 19:00:00,1384.6933,26.761041259765648,0.016894266,0.032348633,22.0217930583964,27.417291259765648,0.015547678,0.03302002,10.781606269589028,24.854791259765648,0.016138956,0.07614136,1.6873372571671732,0,0,1
2018-03-14 20:00:00,1346.9136,26.481317138671898,0.017062042,0.023757935,20.356626626718604,26.481317138671898,0.015864227,0.04699707,11.317873135856225,24.246942138671898,0.016123626,0.0730896,2.261662660209613,0,0,1
2018-03-14 21:00:00,1315.1742000000002,26.359948730468773,0.017145919,0.019851685,19.234277073775903,26.000573730468773,0.016314315,0.04550171,11.30441989036223,23.875573730468773,0.016032027,0.059783936,2.8794002975501867,0,0,1
2018-03-14 22:00:00,1253.9371,26.203210449218773,0.017214527,0.020050049,18.677339411900302,25.656335449218773,0.016665211,0.045928955,10.698074024879286,23.546960449218773,0.015879383,0.056152344,4.089314000489372,0,0,1
2018-03-14 23:00:00,1184.8967,25.994012451171898,0.01720678,0.02179718,19.23725007547359,25.415887451171898,0.016855828,0.055282593,10.330333700929444,23.259637451171898,0.015856378,0.063446045,4.341989554017943,0,0,1
2018-03-15 00:00:00,1127.3452,25.789086914062523,0.017107442,0.023262024,19.83537745523145,25.195336914062523,0.01687856,0.068725586,10.191513098627796,22.992211914062523,0.015840963,0.06976318,4.289000003546984,0,0,1
2018-03-15 01:00:00,1094.9306,25.573144531250023,0.01695466,0.023010254,20.40717566454299,24.979394531250023,0.016809702,0.07241821,10.096063080767422,22.823144531250023,0.015794992,0.07626343,4.321937457975939,0,0,1
2018-03-15 02:00:00,1050.8679,25.355859375000023,0.016786627,0.024520874,20.80657010117237,24.793359375000023,0.016695075,0.07406616,10.3284796515674,22.668359375000023,0.015665106,0.08331299,4.561875494452472,0,0,1
2018-03-15 03:00:00,1035.0697,25.161401367187523,0.016649172,0.02620697,20.91972589783683,24.645776367187523,0.016565248,0.07141113,10.674868666401563,22.536401367187523,0.01554291,0.082214355,4.829593442545861,0,0,1
2018-03-15 04:00:00,1018.0511,25.030816650390648,0.016557626,0.028259277,20.626369317115763,24.515191650390648,0.016450815,0.069488525,10.643907550534998,22.421441650390648,0.015405587,0.08480835,4.914115675015358,0,0,1
2018-03-15 05:00:00,1044.0278,25.016503906250023,0.016473839,0.052368164,20.45800035297641,24.375878906250023,0.016382286,0.06335449,10.45058190582755,22.297753906250023,0.015302727,0.083984375,4.963245927687081,0,0,1
2018-03-15 06:00:00,1060.1562,25.150048828125023,0.016405338,0.04953003,20.99567983603636,24.400048828125023,0.01637482,0.055664062,10.50950626015682,22.228173828125023,0.0152952615,0.07885742,5.03194376456794,0,0,1
2018-03-15 07:00:00,1189.9153,25.865319824218773,0.016390163,0.042556763,24.048377831329063,25.880944824218773,0.016458828,0.04510498,13.541586946379924,22.990319824218773,0.015325863,0.06704712,5.577231035163622,0,0,1
2018-03-15 08:00:00,1348.9308,26.910241699218773,0.01614611,0.05683899,28.07378168358474,28.066491699218773,0.016252922,0.044067383,16.271685875485332,24.769616699218773,0.015135215,0.052734375,5.874920744665712,0,0,1
2018-03-15 09:00:00,1449.7561999999998,27.991632080078148,0.016001219,0.06350708,29.79303333339991,30.226007080078148,0.015879149,0.04020691,17.019101046031754,26.804132080078148,0.01480722,0.045791626,5.596343600862404,0,0,1
2018-03-15 10:00:00,1517.7885,28.994653320312523,0.015902078,0.0599823,30.387056526516403,32.11965332031252,0.0155778285,0.03274536,16.835099556801033,28.588403320312523,0.014715707,0.04335022,4.668866976456018,0,0,1
2018-03-15 11:00:00,1548.4525,29.743676757812523,0.015848631,0.05558777,29.71750970893728,33.54055175781252,0.015436643,0.023506165,16.094594220879433,29.899926757812523,0.0147728855,0.041168213,3.293644854552093,0,0,1
2018-03-15 12:00:00,1542.8712999999998,30.193994140625023,0.015856259,0.04866028,28.366546162021724,34.45961914062502,0.015326016,0.018005371,15.495826178919442,30.756494140625023,0.014627926,0.04425049,2.301248644777113,0,0,1
2018-03-15 13:00:00,1588.4115,30.4106384277344,0.015863916,0.042236328,26.954931257411825,34.8325134277344,0.015188715,0.028244019,15.165998777558254,31.0200134277344,0.014868281,0.061553955,1.662516455461334,0,0,1
2018-03-15 14:00:00,1574.3775,30.336785888671898,0.015856331,0.040771484,26.07567288782275,34.5711608886719,0.015017097,0.05508423,15.181705437554628,30.789910888671898,0.0150094675,0.09500122,1.396734476381814,0,0,1
2018-03-15 15:00:00,1585.4694,29.961938476562523,0.01584876,0.03237915,25.838892839646032,33.71193847656252,0.014834051,0.054016113,15.427961315625772,29.993188476562523,0.015097265,0.1281128,1.328790350810011,0,0,1
2018-03-15 16:00:00,1513.3203,29.3032165527344,0.015864098,0.021636963,25.560950609179656,32.2875915527344,0.014731134,0.030929565,15.677093920867827,28.7563415527344,0.015246118,0.11746216,1.4334044819553795,0,0,1
2018-03-15 17:00:00,1402.296,28.272546386718773,0.016009156,0.01689148,25.210086765646903,30.350671386718773,0.014677826,0.017982483,15.505405699174595,27.460046386718773,0.015360657,0.09680176,1.8931038764588692,0,0,1
2018-03-15 18:00:00,1386.2583,27.129327392578148,0.016291533,0.023124695,23.719800727097248,28.223077392578148,0.0147313215,0.010166168,13.674623484893957,25.957452392578148,0.0153111555,0.079956055,2.302226683582347,0,0,1
2018-03-15 19:00:00,1436.5372,26.392175292968773,0.016657803,0.026130676,21.897314079393425,26.798425292968773,0.014960264,0.0103645325,12.698841907233591,24.845300292968773,0.015467619,0.07940674,3.4680861049113387,0,0,1
2018-03-15 20:00:00,1422.1302,26.048974609375023,0.01691721,0.022537231,19.961076045262832,25.970849609375023,0.015288334,0.017036438,11.912214284154366,24.173974609375023,0.015540104,0.06829834,4.513846704191361,0,0,1
2018-03-15 21:00:00,1303.6627,25.874475097656276,0.017024007,0.025314331,18.368958619014588,25.546350097656276,0.015582051,0.01927185,11.1624011403797,23.686975097656276,0.015528645,0.057434082,4.87892536290917,0,0,1
2018-03-15 22:00:00,1254.7998,25.680139160156276,0.017039258,0.03237915,17.94941860096847,25.289514160156276,0.01575752,0.019454956,11.311621093328457,23.336389160156276,0.015486676,0.050949097,4.870569193356455,0,0,1
2018-03-15 23:00:00,1188.1944,25.5129333496094,0.016970564,0.039413452,18.49741875863824,25.0754333496094,0.015925337,0.024276733,11.442211744008524,23.0285583496094,0.015429426,0.049102783,5.174218657843641,0,0,1
2018-03-16 00:00:00,1114.9556,25.347070312500023,0.016840821,0.05117798,19.46122478210277,24.862695312500023,0.016054993,0.027999878,11.325967204242303,22.737695312500023,0.015330201,0.047607422,5.532332481885422,0,0,1
2018-03-16 01:00:00,1066.8488,25.217553710937523,0.016688189,0.04586792,20.532682687598555,24.686303710937523,0.016146502,0.03804016,11.184993949960123,22.514428710937523,0.015246233,0.04206848,5.717639612679214,0,0,1
2018-03-16 02:00:00,1038.8849,25.111199951171898,0.016512677,0.040359497,21.15789115276441,24.548699951171898,0.016192243,0.044677734,11.0730077462863,22.329949951171898,0.015135572,0.046325684,5.859541345295012,0,0,1
2018-03-16 03:00:00,1007.1774,25.044580078125023,0.016215093,0.033584595,21.52508753316805,24.419580078125023,0.016215093,0.04701233,10.828903431840772,22.200830078125023,0.015047796,0.052322388,5.935925900256417,0,0,1
2018-03-16 04:00:00,1011.3801,24.989709472656276,0.015955688,0.026679993,20.783417576688205,24.255334472656276,0.016268494,0.046463013,10.247921445415946,22.114709472656276,0.014994386,0.056900024,5.744441153334546,0,0,1
2018-03-16 05:00:00,1031.05,24.859918212890648,0.015940474,0.018730164,19.14968198507209,24.078668212890648,0.016276168,0.0476532,9.573821817525412,22.047418212890648,0.014925765,0.05961609,5.426661856521862,0,0,1
2018-03-16 06:00:00,1040.0291,24.843347167968773,0.016077882,0.015575409,18.04257454341772,24.077722167968773,0.016299134,0.037216187,10.0093196318325,21.983972167968773,0.014853363,0.0640564,5.24813931871037,0,0,1
2018-03-16 07:00:00,1147.2709,25.713708496093773,0.016085627,0.025665283,22.041461521436744,25.619958496093773,0.016352655,0.03387451,13.671098973511777,22.510583496093773,0.014822963,0.058517456,5.581914703668733,0,0,1
2018-03-16 08:00:00,1332.211,26.785302734375023,0.015872091,0.051635742,25.30445868364824,27.722802734375023,0.015841573,0.03565979,16.643094254517283,23.832177734375023,0.01455602,0.04989624,5.881238720484751,0,0,1
2018-03-16 09:00:00,1419.6552,27.8566833496094,0.015795736,0.058288574,25.816358268509656,29.7316833496094,0.015189198,0.02696991,17.191343701956765,25.6066833496094,0.014239338,0.039764404,5.71908099107779,0,0,1
2018-03-16 10:00:00,1508.8436,28.890649414062523,0.015803387,0.048675537,25.63228951434246,31.546899414062523,0.014617016,0.020500183,16.802486780584555,27.437524414062523,0.0138998525,0.03173828,5.080347568005871,0,0,1
2018-03-16 11:00:00,1533.969,29.761743164062523,0.015803436,0.027374268,25.345515577950064,32.90236816406252,0.0142699275,0.015014648,15.779589775758144,28.839868164062523,0.014025787,0.0260849,3.809019883011541,0,0,1
2018-03-16 12:00:00,1533.9107,30.377770996093773,0.01581909,0.029212952,25.68389355813608,33.76839599609377,0.014197844,0.011714935,14.946105694777255,29.705895996093773,0.013797301,0.029281616,2.71688375151747,0,0,1
2018-03-16 13:00:00,1568.6439,30.658288574218773,0.015834257,0.020690918,26.361065851871007,34.23641357421877,0.013957427,0.012054443,14.694274597019657,30.033288574218773,0.013743804,0.026649475,2.2059660947724016,0,0,1
2018-03-16 14:00:00,1576.6497,30.626184082031276,0.015803572,0.022575378,26.594581958564067,34.07930908203127,0.013724563,0.012996674,14.565857636239592,29.907434082031276,0.013919112,0.024971008,2.061293471035856,0,0,1
2018-03-16 15:00:00,1555.5551,30.185601806640648,0.015788252,0.03253174,26.17525204425123,33.15435180664065,0.013690167,0.011634827,14.36423327791475,29.482476806640648,0.014002972,0.012863159,2.099675943712152,0,0,1
2018-03-16 16:00:00,1463.1518,29.291650390625023,0.015849274,0.04458618,25.873327158050994,31.541650390625023,0.013926667,0.009860992,14.472246989405733,28.697900390625023,0.014201325,0.012744904,2.1332457921822514,0,0,1
2018-03-16 17:00:00,1330.5872000000002,28.117700195312523,0.015948374,0.055130005,25.75385341218226,29.492700195312523,0.014212687,0.008644104,14.819395676619708,27.445825195312523,0.014601786,0.014709473,2.407968150460509,0,0,1
2018-03-16 18:00:00,1316.5324,27.024499511718773,0.016108647,0.040664673,25.56104731603496,27.290124511718773,0.014540807,0.010944366,14.026823445472573,25.727624511718773,0.014723913,0.02431488,2.8179802716947413,0,0,1
2018-03-16 19:00:00,1354.5321,26.404656982421898,0.016330108,0.022605896,25.78093700094092,25.857781982421898,0.014994965,0.016464233,13.779756675310407,24.373406982421898,0.014975891,0.034561157,3.6298453577062784,0,0,1
2018-03-16 20:00:00,1326.3983,26.117456054687523,0.016460126,0.01750946,25.97943354669664,25.148706054687523,0.015327161,0.021713257,13.362929934087802,23.648706054687523,0.015174573,0.035629272,4.55943559968456,0,0,1
2018-03-16 21:00:00,1286.1578,25.970758056640648,0.01646047,0.013092041,25.88438253378422,24.783258056640648,0.015426688,0.02835083,12.401081524106246,23.173883056640648,0.01533895,0.030815125,4.973447405978736,0,0,1
2018-03-16 22:00:00,1239.4578,25.894799804687523,0.016338669,0.010204315,25.6125835367072,24.504174804687523,0.015507065,0.026931763,11.102145034142314,22.816674804687523,0.01531633,0.030960083,5.162059061279349,0,0,1
2018-03-16 23:00:00,1164.3215,25.8024841308594,0.016201347,0.008808136,24.719830133539645,24.2868591308594,0.015621513,0.03164673,9.93233252567768,22.5524841308594,0.015171379,0.03314209,5.334135251951191,0,0,1
2018-03-17 00:00:00,1126.1911,25.681970214843773,0.01615556,0.019447327,23.45095277977628,24.103845214843773,0.01577409,0.030509949,8.671466338555051,22.221032714843773,0.014988262,0.037826538,5.140763453326426,0,0,1
2018-03-17 01:00:00,1084.0222,25.542749023437523,0.016178468,0.025024414,22.364102905211357,23.964624023437523,0.015941957,0.028282166,7.602637621290335,21.863061523437523,0.014770845,0.044509888,4.94958565451672,0,0,1
2018-03-17 02:00:00,1049.0429,25.372766113281276,0.01628533,0.0259552,21.667208443935035,23.919641113281276,0.016094595,0.0332489,7.051683663143604,21.544641113281276,0.014610677,0.049453735,4.918483764733327,0,0,1
2018-03-17 03:00:00,1021.8328,25.265557861328148,0.016438035,0.026504517,21.46214516134764,23.937432861328148,0.016224412,0.040359497,7.169099661190895,21.296807861328148,0.01448491,0.058639526,4.920370113826536,0,0,1
2018-03-17 04:00:00,1020.0059,25.207116699218773,0.016644279,0.028747559,19.71971694340781,23.972741699218773,0.016316215,0.041366577,6.973667780488405,21.168054199218773,0.014416495,0.06338501,4.625249464163356,0,0,1
2018-03-17 05:00:00,1022.325,25.176599121093773,0.016873505,0.031234741,17.37034629357995,23.879724121093773,0.016339447,0.05366516,6.554265262794206,21.153161621093773,0.014390137,0.06536865,4.326846988537165,0,0,1
2018-03-17 06:00:00,1015.2869,25.201074218750023,0.017087415,0.034317017,16.397865435620776,23.935449218750023,0.01638551,0.048797607,6.652678227149885,21.232324218750023,0.014451459,0.06863403,4.199838778262472,0,0,1
2018-03-17 07:00:00,1041.6166999999998,25.816766357421898,0.017148333,0.043273926,19.697961227337004,25.285516357421898,0.016400652,0.04220581,10.306425701283835,22.207391357421898,0.014634447,0.06793213,4.630431475874683,0,0,1
2018-03-17 08:00:00,1178.7411,26.713586425781276,0.016934482,0.057357788,23.13530108669585,27.119836425781276,0.01595029,0.048294067,13.75700583905385,24.104211425781276,0.014550296,0.057540894,4.88135606013112,0,0,1
2018-03-17 09:00:00,1261.0278,27.618066406250023,0.016743354,0.08401489,23.409479069965407,28.977441406250023,0.015278512,0.043762207,14.678699771769503,26.039941406250023,0.014252358,0.05130005,4.488503571823244,0,0,1
2018-03-17 10:00:00,1350.0296,28.493096923828148,0.0166972,0.099731445,22.656025187462205,30.821221923828148,0.014854701,0.03529358,14.157536675797896,27.602471923828148,0.013775142,0.04386902,3.75549122641154,0,0,1
2018-03-17 11:00:00,1373.6129,29.262292480468773,0.016651073,0.122283936,21.722594828855804,32.44979248046877,0.014690319,0.025733948,13.093452931678192,28.887292480468773,0.013641277,0.03967285,2.82769820897245,0,0,1
2018-03-17 12:00:00,1350.9265,29.805627441406276,0.016551618,0.1552124,21.138467054843662,33.61812744140627,0.014747266,0.020339966,12.084259709769327,29.665002441406276,0.014163617,0.03816223,1.794652744908535,0,0,1
2018-03-17 13:00:00,1334.5892,30.080773925781276,0.016436944,0.17675781,21.18001929090448,34.23702392578127,0.014708887,0.039031982,11.5440053072023,30.080773925781276,0.014266382,0.037994385,1.12927063971189,0,0,1
2018-03-17 14:00:00,1313.7202,29.957543945312523,0.016314674,0.1716919,21.749920317405223,33.97316894531252,0.014571358,0.09625244,11.168990681536012,30.160668945312523,0.014228036,0.051239014,0.6731719774732637,0,0,1
2018-03-17 15:00:00,1296.2976,29.494287109375023,0.016192434,0.14343262,22.48446546248741,33.00991210937502,0.014510154,0.14556885,10.918588351716457,29.869287109375023,0.014132499,0.067596436,0.4116059172198025,0,0,1
2018-03-17 16:00:00,1268.3246,28.840631103515648,0.01607786,0.09411621,22.75612981356445,31.762506103515648,0.014681679,0.11364746,10.452109216165434,29.028131103515648,0.014151436,0.07400513,0.497822859704796,0,0,1
2018-03-17 17:00:00,1225.6138999999998,28.078698730468773,0.016016712,0.056167603,22.26823183752859,30.578698730468773,0.014944783,0.06719971,10.076625160925111,27.875573730468773,0.014448873,0.042236328,1.0279564316372884,0,0,1
2018-03-17 18:00:00,1248.2062,27.235314941406276,0.0161006,0.037628174,20.71127821473329,28.625939941406276,0.015421584,0.05859375,7.813620705750005,26.360314941406276,0.015291885,0.04573059,1.2818399457448904,0,0,1
2018-03-17 19:00:00,1292.8804,26.690454101562523,0.01636772,0.026641846,19.378831683866824,27.221704101562523,0.015600966,0.050048828,7.917054414054053,25.174829101562523,0.015688704,0.06402588,1.6665377214936985,0,0,1
2018-03-17 20:00:00,1279.4825999999998,26.3503356933594,0.01667305,0.019294739,17.93007490390295,26.3190856933594,0.015635453,0.037200928,8.350571120597747,24.3815856933594,0.015696488,0.059020996,2.32681935098578,0,0,1
2018-03-17 21:00:00,1233.5227,26.148950195312523,0.01690983,0.020523071,16.169476554480617,25.602075195312523,0.015849344,0.027938843,7.293778148292808,23.742700195312523,0.015864603,0.04878235,2.549222996083031,0,0,1
2018-03-17 22:00:00,1203.4101,26.016137695312523,0.016917815,0.026771545,16.18020488595145,25.063012695312523,0.016017547,0.026992798,7.107177883152255,23.281762695312523,0.01584207,0.043823242,2.645149655858632,0,0,1
2018-03-17 23:00:00,1166.7724999999998,25.878839111328148,0.016826652,0.022918701,17.171524642410816,24.738214111328148,0.016109489,0.028442383,7.367684836242074,22.972589111328148,0.015705131,0.04135132,2.810621397131913,0,0,1
2018-03-18 00:00:00,1104.2876,25.670678710937523,0.016720127,0.017425537,17.546679138557923,24.420678710937523,0.01618607,0.033935547,7.161569528907096,22.709741210937523,0.015579533,0.044006348,3.060334145870529,0,0,1
2018-03-18 01:00:00,1068.3065,25.493188476562523,0.01652972,0.01272583,17.432292411659056,24.165063476562523,0.016224544,0.04159546,6.948275504465976,22.469750976562523,0.0154425325,0.060195923,3.313419911029301,0,0,1
2018-03-18 02:00:00,1031.6583,25.357812500000023,0.01643844,0.009578705,16.759812926930394,23.967187500000023,0.016232446,0.054534912,6.831722620802921,22.248437500000023,0.015294031,0.08062744,3.640300034848705,0,0,1
2018-03-18 03:00:00,1016.9925,25.227319335937523,0.016408136,0.0075645447,16.304579586445115,23.867944335937523,0.016202142,0.06628418,6.907380303454789,22.078881835937523,0.015202692,0.08917236,3.894812927160861,0,0,1
2018-03-18 04:00:00,1003.673,25.086083984375023,0.01646917,0.0038003922,14.838489024518692,23.664208984375023,0.016186882,0.066101074,6.240320531975652,21.937646484375023,0.015141655,0.0914917,3.8584486889879694,0,0,1
2018-03-18 05:00:00,1003.3451,24.924218750000023,0.016613843,0.0023260117,12.35349505309552,23.424218750000023,0.016194226,0.053329468,5.6387049535475455,21.853906250000023,0.015107038,0.092041016,3.651177981775478,0,0,1
2018-03-18 06:00:00,965.8249,25.001580810546898,0.016781365,0.0037164688,10.688885922166074,23.485955810546898,0.01623205,0.040725708,5.81266042180336,21.853143310546898,0.015083825,0.09609985,3.405001351612512,0,0,1
2018-03-18 07:00:00,957.8566,26.079309082031276,0.016720137,0.009483337,14.092034512679248,25.454309082031276,0.016254744,0.03404236,9.7385925111019,22.727746582031276,0.015129407,0.09460449,3.576344050664384,0,0,1
2018-03-18 08:00:00,1004.5462,27.246789550781276,0.016491141,0.026603699,17.09948970635596,27.981164550781276,0.015789237,0.030540466,12.316556552365483,24.621789550781276,0.014927116,0.084747314,3.514605540665386,0,0,1
2018-03-18 09:00:00,1041.4931,28.377709960937523,0.0164223,0.04840088,17.6599988587877,30.190209960937523,0.015316038,0.02394867,11.999992561338026,26.830834960937523,0.014476805,0.09051514,2.957013039375378,0,0,1
2018-03-18 10:00:00,1102.5749,29.295495605468773,0.016414613,0.077697754,18.40646488394569,32.15487060546877,0.01505658,0.02331543,10.979064974135952,28.654870605468773,0.014202088,0.09234619,1.906819873114243,0,0,1
2018-03-18 11:00:00,1142.4359,29.929956054687523,0.016445097,0.118774414,19.477370950053206,33.52370605468752,0.015247283,0.046554565,9.773055579318338,29.851831054687523,0.0146178575,0.10662842,0.3357101185447254,0,0,1
2018-03-18 12:00:00,1154.7986,30.290063476562523,0.01649071,0.15594482,20.493183353614047,34.27443847656252,0.015353932,0.09527588,9.295908501658984,30.602563476562523,0.0147435805,0.11804199,0.4590362935022554,0,0,1
2018-03-18 13:00:00,1170.1314,30.338159179687523,0.016498195,0.17419434,21.291272849704097,34.27565917968752,0.01517831,0.13970947,9.31043507052128,31.010034179687523,0.014472591,0.1274414,1.281232048467157,0,0,1
2018-03-18 14:00:00,1202.1754,30.156549072265648,0.01646754,0.16149902,21.76794034649836,34.31279907226565,0.015117138,0.16479492,9.655194757078656,30.937799072265648,0.014468639,0.12799072,2.164125631905733,0,0,1
2018-03-18 15:00:00,1204.4294000000002,29.830957031250023,0.016414108,0.13250732,21.922791418278283,33.76845703125002,0.015098038,0.17266846,9.93097325606217,30.377832031250023,0.014720383,0.11810303,2.636502823189885,0,0,1
2018-03-18 16:00:00,1184.5106,29.268121337890648,0.01628451,0.100128174,21.875720551748763,32.59624633789065,0.015147732,0.13671875,10.009316236101355,29.377496337890648,0.015033291,0.10803223,2.795127498332338,0,0,1
2018-03-18 17:00:00,1151.8872,28.367456054687523,0.016193183,0.060546875,21.85401746186803,31.195581054687523,0.015308172,0.08413696,9.561376097210823,27.836206054687523,0.015666755,0.1010437,2.608170253380265,0,0,1
2018-03-18 18:00:00,1211.9362,27.309777832031276,0.016277194,0.034454346,21.56203863297173,29.231652832031276,0.015674472,0.0599823,7.060103299084936,26.231652832031276,0.016002536,0.09677124,2.338334744367584,0,0,1
2018-03-18 19:00:00,1249.3358,26.587243652343773,0.016521437,0.023353577,21.151103279069748,27.774743652343773,0.01586531,0.05970764,6.234325822908724,25.071618652343773,0.016025526,0.09146118,2.224127619879284,0,0,1
2018-03-18 20:00:00,1251.4178,26.187219238281276,0.016788483,0.018577576,19.551069904524947,26.812219238281276,0.015705109,0.06512451,7.032757602045995,24.296594238281276,0.016284943,0.09237671,2.0413427822613603,0,0,1
2018-03-18 21:00:00,1249.5161,25.947961425781276,0.016956357,0.020622253,17.7423970275359,26.026086425781276,0.01579669,0.07058716,7.095172979330977,23.776086425781276,0.016330747,0.087249756,1.8384767155255637,0,0,1
2018-03-18 22:00:00,1209.4213,25.777185058593773,0.017093763,0.030036926,16.44449142472255,25.480310058593773,0.016018018,0.06277466,6.713780925582203,23.433435058593773,0.016201124,0.0836792,1.8447415184759663,0,0,1
2018-03-18 23:00:00,1155.3796,25.569512939453148,0.01715499,0.038772583,16.117245449862494,25.007012939453148,0.016247092,0.052597046,6.053512719951148,23.163262939453148,0.015980063,0.094573975,2.1561802396684957,0,0,1
2018-03-19 00:00:00,1088.4738,25.363916015625023,0.017147666,0.042129517,16.459742509350537,24.551416015625023,0.016392356,0.050949097,5.462576495929091,22.926416015625023,0.015789634,0.10266113,2.2790571213175843,0,0,1
2018-03-19 01:00:00,1051.7302,25.181359863281276,0.017071787,0.046188354,16.970177879322875,24.165734863281276,0.016484324,0.047927856,5.265331563046248,22.720422363281276,0.01564509,0.1026001,2.39859932617589,0,0,1
2018-03-19 02:00:00,1019.5537,25.067651367187523,0.016942076,0.049865723,17.606366531912673,23.880151367187523,0.016537718,0.05682373,5.249911781659761,22.552026367187523,0.015580229,0.102874756,2.5688040623231485,0,0,1
2018-03-19 03:00:00,991.1627,24.975793457031276,0.016835213,0.051132202,17.516873831692948,23.671105957031276,0.016552925,0.05987549,5.209871872774329,22.374230957031276,0.015530587,0.098480225,2.7071455339360293,0,0,1
2018-03-19 04:00:00,967.1043,24.950891113281276,0.016758949,0.05189514,16.658346774903844,23.482141113281276,0.016530067,0.06613159,5.23409740110442,22.239953613281276,0.015446692,0.11639404,2.970474548574973,0,0,1
2018-03-19 05:00:00,998.1819,24.879907226562523,0.016728455,0.0413208,15.61774691031608,23.333032226562523,0.016499573,0.07003784,5.3529503575044695,22.137719726562523,0.015378052,0.12490845,3.228738281547733,0,0,1
2018-03-19 06:00:00,1018.0308,24.908837890625023,0.016751373,0.033096313,14.801122787775546,23.486962890625023,0.016484344,0.064575195,6.174285065812363,22.111962890625023,0.015351378,0.1303711,3.431871189107674,0,0,1
2018-03-19 07:00:00,1115.0681,25.665460205078148,0.016644614,0.040542603,18.47531415907094,25.493585205078148,0.01643862,0.052001953,10.838381087974083,22.837335205078148,0.015465872,0.13000488,4.033876175776268,0,0,1
2018-03-19 08:00:00,1304.9149,26.624963378906276,0.016270867,0.050338745,22.07823360343512,27.999963378906276,0.016019097,0.047332764,13.667570840342524,24.453088378906276,0.015267601,0.12677002,4.378082144484612,0,0,1
2018-03-19 09:00:00,1394.6301,27.6008239746094,0.016003964,0.057159424,22.949657482508385,30.2414489746094,0.015576718,0.045684814,13.536880166190032,26.6476989746094,0.014729856,0.117126465,4.110635417074165,0,0,1
2018-03-19 10:00:00,1478.5846,28.554284667968773,0.01584372,0.049697876,22.466873807923783,32.28865966796877,0.015206665,0.043823242,12.373540230396957,28.601159667968773,0.014218658,0.09863281,3.106715413462875,0,0,1
2018-03-19 11:00:00,1525.8149,29.424462890625023,0.015713891,0.032730103,21.65424668595361,33.94008789062502,0.015099725,0.04296875,10.78924177303991,30.033837890625023,0.014497003,0.07098389,1.468320415250926,0,0,1
2018-03-19 12:00:00,1534.3019000000002,30.146936035156276,0.015645133,0.026153564,21.18626936587833,35.00631103515627,0.014966117,0.049987793,9.84207302958962,31.146936035156276,0.014451133,0.06239319,0.6100876272592161,0,0,1
2018-03-19 13:00:00,1550.8295,30.607781982421898,0.015625896,0.028129578,21.164710719931858,35.6077819824219,0.014489117,0.057937622,9.576405044135088,31.764031982421898,0.014058056,0.05558777,0.2676409900911553,0,0,1
2018-03-19 14:00:00,1564.9017,30.779138183593773,0.015579911,0.022018433,21.359861261152968,35.70101318359377,0.014008256,0.08480835,9.445292690057546,31.951013183593773,0.013718339,0.042556763,0.8764075932838454,0,0,1
2018-03-19 15:00:00,1512.7949,30.518731689453148,0.015514842,0.030693054,21.67148624437279,35.22185668945315,0.013676158,0.10864258,9.282012020386876,31.612481689453148,0.013519756,0.06515503,2.180933294831975,0,0,1
2018-03-19 16:00:00,1450.9235,29.784631347656276,0.015537644,0.021507263,22.02553287688501,33.95650634765627,0.013702774,0.09811401,8.723545099626907,30.284631347656276,0.014110947,0.06616211,3.140792605354555,0,0,1
2018-03-19 17:00:00,1316.9928,28.703332519531276,0.015659742,0.021705627,21.855266168632166,32.34395751953127,0.014213972,0.075164795,7.504462051579297,28.672082519531276,0.015045576,0.05558777,3.240328648111518,0,0,1
2018-03-19 18:00:00,1294.7285,27.518426513671898,0.015926788,0.020263672,20.594258784259434,29.862176513671898,0.015362212,0.05873108,3.9712054008594713,26.971551513671898,0.015499542,0.061553955,3.0074291747926574,0,0,1
2018-03-19 19:00:00,1338.6011999999998,26.788049316406276,0.016293032,0.014766693,19.04975979871326,28.256799316406276,0.01582001,0.055648804,3.321543238985321,25.616174316406276,0.015903933,0.062561035,2.5492558739940443,0,0,1
2018-03-19 20:00:00,1324.5372,26.366357421875023,0.016590646,0.0079574585,16.608959280501224,27.147607421875023,0.015904,0.04638672,3.136710142739008,24.506982421875023,0.016453316,0.066986084,1.767938218672798,0,0,1
2018-03-19 21:00:00,1292.233,26.1144958496094,0.016758507,0.0043792725,13.886770371739496,26.3176208496094,0.015904015,0.028862,3.626501811455328,23.8644958496094,0.016506737,0.07055664,0.98890638701326,0,0,1
2018-03-19 22:00:00,1238.4994,25.880914306640648,0.016834738,0.003232956,11.87152853889732,25.615289306640648,0.01591921,0.016204834,4.6431283752946735,23.474664306640648,0.016453268,0.07019043,0.2210162187752378,0,0,1
2018-03-19 23:00:00,1138.6134,25.668908691406276,0.01678141,0.0031995773,11.10126218063396,25.012658691406276,0.015965065,0.009147644,5.496642305047571,23.122033691406276,0.016392311,0.06561279,0.7949153444364011,0,0,1
2018-03-20 00:00:00,1100.8343,25.443688964843773,0.016621321,0.0038461685,11.100571880558205,24.412438964843773,0.016072005,0.0055942535,5.601989862587421,22.818688964843773,0.016293257,0.063934326,1.249558204778966,0,0,1
2018-03-20 01:00:00,1053.731,25.2578063964844,0.01639246,0.0051288605,11.805877573047054,23.9296813964844,0.016178837,0.004758835,5.7157586550845405,22.5703063964844,0.016186466,0.066467285,1.7454664334927297,0,0,1
2018-03-20 02:00:00,1014.8921,25.115563964843773,0.016216943,0.011417389,13.040090547493003,23.545251464843773,0.016270349,0.0062236786,5.792311999184647,22.342126464843773,0.016033838,0.06460571,2.2216571749374494,0,0,1
2018-03-20 03:00:00,997.2573,24.994897460937523,0.01619399,0.012802124,13.734328904839456,23.244897460937523,0.016346578,0.009983063,5.7257538778031005,22.127709960937523,0.015904073,0.059539795,2.641888535345098,0,0,1
2018-03-20 04:00:00,995.9253,24.868981933593773,0.016247315,0.011081696,13.318032503962865,23.025231933593773,0.016407533,0.012878418,5.409712163774081,21.970544433593773,0.015759034,0.053741455,2.8667205812869727,0,0,1
2018-03-20 05:00:00,1028.3535,24.751123046875023,0.01631591,0.015182495,12.377444715906126,22.891748046875023,0.01643798,0.013191223,5.10596877482781,21.829248046875023,0.015591117,0.045928955,2.9543935176623304,0,0,1
2018-03-20 06:00:00,1028.1951,24.7861267089844,0.01638452,0.014141083,12.091437028999884,23.1455017089844,0.01650659,0.01738739,5.4618696708928205,21.7548767089844,0.015488067,0.04144287,3.046627698985785,0,0,1
2018-03-20 07:00:00,1130.6217,25.598565673828148,0.016224263,0.012958527,15.791603638750512,25.176690673828148,0.016598104,0.023674011,8.754243334059701,22.317315673828148,0.015819905,0.043640137,3.4437855104252915,0,0,1
2018-03-20 08:00:00,1310.9302,26.568933105468773,0.015949572,0.013687134,17.9615679345779,28.037683105468773,0.015903795,0.026542664,10.914087239089266,23.428308105468773,0.016041124,0.04081726,3.8500839149941055,0,0,1
2018-03-20 09:00:00,1392.2741,27.581170654296898,0.01585033,0.013088226,17.297588114110873,30.315545654296898,0.015194202,0.027755737,10.457320968040204,25.690545654296898,0.015060687,0.039398193,3.826562203422464,0,0,1
2018-03-20 10:00:00,1483.0508,28.558160400390648,0.015743434,0.012554169,15.765550533304063,32.30816040039065,0.014728724,0.029289246,8.56703208213259,28.011285400390648,0.014003932,0.03517151,2.7464529344660518,0,0,1
2018-03-20 11:00:00,1514.8936,29.498742675781276,0.015552583,0.011398315,14.16441822175521,33.85811767578127,0.014843049,0.033447266,5.994420012733717,29.779992675781276,0.01357657,0.04434204,1.0138496939748818,0,0,1
2018-03-20 12:00:00,1514.7451,30.290826416015648,0.015289208,0.009319305,13.047240340365756,34.99395141601565,0.014423272,0.05996704,3.9598533672581295,30.947076416015648,0.01369085,0.05895996,0.5539182874181336,0,0,1
2018-03-20 13:00:00,1542.36,30.890161132812523,0.015056336,0.0073013306,12.68332212015693,35.45266113281252,0.014522279,0.11251831,2.340145782184437,31.421411132812523,0.013782227,0.07318115,1.9614328483699237,0,0,1
2018-03-20 14:00:00,1561.892,31.172418212890648,0.014918839,0.0076580048,13.138279624041049,35.37554321289065,0.014625107,0.1671753,1.195280631145419,31.313043212890648,0.01408342,0.093566895,3.225114239288365,0,0,1
2018-03-20 15:00:00,1546.7979,31.092858886718773,0.014876728,0.0149383545,14.21753566779728,34.48348388671877,0.014674549,0.18145752,0.7926530903144723,30.436608886718773,0.014502888,0.125,4.056931857737771,0,0,1
2018-03-20 16:00:00,1463.2669,30.530175781250023,0.014991033,0.014728546,16.24628398016182,33.43642578125002,0.014796483,0.19335938,1.8384556017679448,29.077050781250023,0.01515888,0.14117432,4.249566525063461,0,0,1
2018-03-20 17:00:00,1324.3341,29.5012145996094,0.015227404,0.009925842,18.510799583835112,32.0637145996094,0.015177813,0.18084717,2.728530727773386,27.5637145996094,0.015593615,0.16271973,4.246411875552523,0,0,1
2018-03-20 18:00:00,1319.3096,28.1022888183594,0.015536235,0.008842468,20.418417078251814,29.9304138183594,0.016398357,0.16247559,1.5334136064221535,25.9304138183594,0.016085552,0.18566895,3.659359498809638,0,0,1
2018-03-20 19:00:00,1357.5721,27.032250976562523,0.015826007,0.007581711,21.910940954146486,28.797875976562523,0.01616933,0.13787842,2.208899494027781,24.797875976562523,0.016192218,0.17047119,2.7473397548550813,0,0,1
2018-03-20 20:00:00,1330.8565,26.468896484375023,0.016001325,0.00607872,21.265079596124068,28.015771484375023,0.01581059,0.08743286,3.4913869055303635,24.297021484375023,0.016146284,0.10632324,2.267832329274252,0,0,1
2018-03-20 21:00:00,1293.9731,26.184686279296898,0.016054567,0.00481987,19.581725760633265,27.309686279296898,0.0156196905,0.041030884,5.017064943482917,23.981561279296898,0.015863832,0.052841187,2.5117512996575684,0,0,1
2018-03-20 22:00:00,1232.6064,25.975183105468773,0.016146032,0.0040664673,17.340785298764068,26.568933105468773,0.0155929,0.027320862,5.614156754613167,23.600183105468773,0.015634863,0.039764404,3.1300399817938707,0,0,1
2018-03-20 23:00:00,1156.0999,25.782922363281276,0.016313784,0.0035028458,14.834825287842149,25.923547363281276,0.01561188,0.022605896,6.123114467704074,23.220422363281276,0.0154478485,0.043411255,3.64542872132845,0,0,1
2018-03-21 00:00:00,1102.0277,25.578881835937523,0.016466336,0.0034255981,12.863374979492637,25.360131835937523,0.01554318,0.018295288,6.793214632643813,22.891381835937523,0.015299039,0.044647217,4.088741400956594,0,0,1
2018-03-21 01:00:00,1058.2203000000002,25.427636718750023,0.016550312,0.0038022995,11.494653006049909,24.849511718750023,0.015539418,0.017105103,7.049212115476069,22.615136718750023,0.015177022,0.052505493,4.354868453324171,0,0,1
2018-03-21 02:00:00,1017.1316,25.334924316406276,0.016550398,0.0042877197,10.929237916001304,24.444299316406276,0.015581463,0.014442444,6.882234183879199,22.397424316406276,0.0151275145,0.06071472,4.467256802864922,0,0,1
2018-03-21 03:00:00,1008.0907,25.241571044921898,0.01658872,0.0076675415,10.281428933485202,24.085321044921898,0.015642675,0.011112213,6.4765059969545975,22.272821044921898,0.015150579,0.06555176,4.521281180048828,0,0,1
2018-03-21 04:00:00,996.1129,25.180993652343773,0.016672743,0.008594513,10.077767026709283,23.837243652343773,0.015726699,0.010284424,6.4333793029065145,22.212243652343773,0.015192641,0.05831909,4.5553662608652985,0,0,1
2018-03-21 05:00:00,1010.2163,25.081201171875023,0.01668812,0.0061302185,10.658304141563622,23.643701171875023,0.015825998,0.00507164,6.567716563313163,22.174951171875023,0.0152270915,0.044433594,4.635442551901333,0,0,1
2018-03-21 06:00:00,1010.1865,25.132592773437523,0.01668829,0.0042819977,12.23339301015935,23.695092773437523,0.015932979,0.0038423538,7.351962469816666,22.163842773437523,0.015257779,0.033477783,4.709500203433237,0,0,1
2018-03-21 07:00:00,1124.0880000000002,26.096368408203148,0.016535856,0.0037117004,17.288542676748154,25.580743408203148,0.015940763,0.0035324097,11.244226851219672,22.924493408203148,0.015235044,0.022476196,5.335837744566483,0,0,1
2018-03-21 08:00:00,1330.1885,27.156396484375023,0.016337644,0.0029888153,20.204180339678278,28.218896484375023,0.015361083,0.0032758713,13.976589924511943,24.593896484375023,0.014716399,0.010318756,5.6282976783810685,0,0,1
2018-03-21 09:00:00,1418.9286000000002,28.269708251953148,0.016253883,0.0020933151,20.49723584403745,30.519708251953148,0.014632637,0.0033464432,14.236199500593658,26.582208251953148,0.013923103,0.0057353973,5.379808632946346,0,0,1
2018-03-21 10:00:00,1510.9713,29.388574218750023,0.016048009,0.0016150475,20.0857954250372,32.59169921875002,0.014293248,0.0036144257,13.694377920639578,28.466699218750023,0.0133205,0.0050411224,4.663979761357833,0,0,1
2018-03-21 11:00:00,1539.2012,30.356530761718773,0.015781032,0.0010867119,19.48931484029995,34.15340576171877,0.01441537,0.003993988,12.661792731608848,29.872155761718773,0.01366769,0.0044174194,3.2334289626763404,0,0,1
2018-03-21 12:00:00,1542.2424999999998,31.029992675781276,0.015525686,0.0007967949,19.377957254467177,35.21749267578127,0.014480459,0.003923416,12.21693193495488,30.951867675781276,0.013576375,0.0038518906,2.3031373954035663,0,0,1
2018-03-21 13:00:00,1583.1171,31.391259765625023,0.015285332,0.000934124,19.765570374183408,35.81313476562502,0.014484245,0.0036697388,12.154977414711572,31.500634765625023,0.013702232,0.0067977905,1.6709129524603787,0,0,1
2018-03-21 14:00:00,1589.3609,31.370874023437523,0.015129068,0.002281189,20.650010359717623,35.85524902343752,0.014480569,0.006767273,12.348155253777252,31.433374023437523,0.014102914,0.007686615,1.2675614610702255,0,0,1
2018-03-21 15:00:00,1518.8993,30.931207275390648,0.01508329,0.0029640198,21.795277033159007,35.24370727539065,0.014564491,0.011348724,12.72020656633893,30.868707275390648,0.014366127,0.01838684,1.1335227618083832,0,0,1
2018-03-21 16:00:00,1439.0745,29.9894958496094,0.015125456,0.0019540787,23.797409750126796,33.9113708496094,0.014644804,0.020019531,13.373019296743871,29.8801208496094,0.01445407,0.015785217,1.2246629037063783,0,0,1
2018-03-21 17:00:00,1305.6603,28.545129394531276,0.015293158,0.0010972023,26.14533416376919,31.779504394531276,0.014728582,0.02294159,13.979952103692389,28.467004394531276,0.014522589,0.026123047,1.5565380059738785,0,0,1
2018-03-21 18:00:00,1278.1295,27.032159423828148,0.0154953,0.0016264915,26.464414491444924,29.172784423828148,0.014881134,0.022079468,13.625335241270644,26.594659423828148,0.014873505,0.0357666,1.717641314727276,0,0,1
2018-03-21 19:00:00,1334.4553,26.266564941406276,0.015682168,0.004966736,25.206945933433023,27.219689941406276,0.015010781,0.01556015,14.453160673520165,25.188439941406276,0.015109963,0.047958374,2.510307345931732,0,0,1
2018-03-21 20:00:00,1311.6083999999998,26.006036376953148,0.015857637,0.011058807,23.767058250051228,26.131036376953148,0.015254914,0.009094238,14.223215119220995,24.412286376953148,0.015266358,0.050247192,3.5909246254948197,0,0,1
2018-03-21 21:00:00,1273.0067,25.893243408203148,0.016002582,0.015724182,22.85056512246504,25.455743408203148,0.015552447,0.013641357,13.147423663703847,23.861993408203148,0.015159533,0.04335022,5.1483681435898845,0,0,1
2018-03-21 22:00:00,1207.6391,25.780297851562523,0.016132277,0.01889801,22.127062230096666,25.077172851562523,0.015682142,0.013671875,12.796136117920122,23.327172851562523,0.015159529,0.040405273,5.663364713214039,0,0,1
2018-03-21 23:00:00,1150.7307,25.664666748046898,0.016208565,0.018989563,21.814429045363426,24.805291748046898,0.015682137,0.009708405,12.778825859614091,22.883416748046898,0.015048898,0.046203613,6.154346576902803,0,0,1
2018-03-22 00:00:00,1100.6452000000002,25.5393005371094,0.016262067,0.019119263,21.885799956732075,24.5080505371094,0.015487683,0.007440567,12.821029369668429,22.5393005371094,0.014991772,0.047805786,6.517374963471854,0,0,1
2018-03-22 01:00:00,1068.7932,25.423638916015648,0.016262252,0.02092743,22.371848672765275,24.236138916015648,0.015068252,0.0036582947,12.761326504819069,22.298638916015648,0.014957625,0.03895569,6.699602969348215,0,0,1
2018-03-22 02:00:00,1031.7008999999998,25.329675292968773,0.016178485,0.02684021,23.32916724951116,24.048425292968773,0.014637346,0.0016331673,12.976441901908002,22.079675292968773,0.014793749,0.032470703,6.900941958608017,0,0,1
2018-03-22 03:00:00,1008.7504,25.2687927246094,0.016071642,0.034866333,24.190552473630945,23.9250427246094,0.014465654,0.0015530586,13.243673882979042,21.8625427246094,0.014564836,0.03439331,7.129241098728449,0,0,1
2018-03-22 04:00:00,1000.6536,25.2539001464844,0.016025892,0.034317017,24.35170889934337,23.8632751464844,0.014461865,0.0037231445,13.152105834368044,21.7148376464844,0.014381756,0.030982971,7.116541192097349,0,0,1
2018-03-22 05:00:00,1015.612,25.259545898437523,0.015987862,0.024276733,23.99513553912575,23.868920898437523,0.014446724,0.006570816,12.823350017217129,21.634545898437523,0.014225472,0.027580261,7.036639365223528,0,0,1
2018-03-22 06:00:00,1035.3862,25.363671875000023,0.015919408,0.016197205,24.480768869330756,23.988671875000023,0.014492711,0.0063056946,12.858158493254251,21.574609375000023,0.014141759,0.028694153,7.085970686358513,0,0,1
2018-03-22 07:00:00,1163.6817,26.102075195312523,0.015774658,0.01713562,28.015909525186533,25.617700195312523,0.014603546,0.003047943,15.97641578095834,22.227075195312523,0.014080932,0.029815674,7.528101239576645,0,0,1
2018-03-22 08:00:00,1317.6206,27.2326599121094,0.015591323,0.024398804,30.953047939707208,27.9045349121094,0.014408767,0.007823944,19.43344074217404,23.8732849121094,0.013806045,0.028938293,8.063308008203348,0,0,1
2018-03-22 09:00:00,1428.7556,28.407006835937523,0.01550719,0.027236938,31.216461592647462,30.078881835937523,0.0140080135,0.0071964264,20.52151591273036,25.875756835937523,0.013397662,0.02431488,7.969670256490691,0,0,1
2018-03-22 10:00:00,1507.3325,29.416650390625023,0.01544213,0.03211975,30.928700097904112,31.838525390625023,0.013687369,0.0076961517,20.649776932294344,27.635400390625023,0.012939689,0.024177551,7.556529878113903,0,0,1
2018-03-22 11:00:00,1534.8022999999998,30.144494628906276,0.01541118,0.032669067,30.53437356079211,33.00386962890627,0.013549608,0.009967804,20.43803929728541,28.878869628906276,0.012977404,0.028587341,6.770423585045108,0,0,1
2018-03-22 12:00:00,1525.1078000000002,30.6035095214844,0.015418576,0.033050537,30.34594802077037,33.6191345214844,0.013518857,0.008609772,20.143656312805717,29.5253845214844,0.013289975,0.0320282,6.0259966140773,0,0,1
2018-03-22 13:00:00,1559.4424,30.748193359375023,0.015414815,0.042282104,30.804951851833007,33.77944335937502,0.013431173,0.0058078766,20.15819521863642,29.795068359375023,0.013316732,0.03955078,5.771014356654462,0,0,1
2018-03-22 14:00:00,1564.6532,30.599023437500023,0.015307838,0.029449463,31.53952128025869,33.30214843750002,0.013247902,0.0033864975,20.34550537411697,29.567773437500023,0.013225013,0.056350708,5.86247045188241,0,0,1
2018-03-22 15:00:00,1540.3776,30.097436523437523,0.015254204,0.03968811,32.12181602047315,32.22243652343752,0.013076012,0.0025663376,20.654510803413388,28.878686523437523,0.013251488,0.057296753,6.200707201463299,0,0,1
2018-03-22 16:00:00,1465.41,29.299127197265648,0.015360885,0.047592163,31.768771748344907,30.736627197265648,0.013011032,0.0031604767,20.60831427330969,27.767877197265648,0.0132666165,0.048339844,6.650373640534479,0,0,1
2018-03-22 17:00:00,1324.4483,28.339746093750023,0.015608815,0.056137085,30.45944966230461,29.042871093750023,0.013037709,0.004676819,19.59650812768285,26.433496093750023,0.01327422,0.040756226,6.995955729441,0,0,1
2018-03-22 18:00:00,1300.2761,27.295587158203148,0.016093327,0.06591797,28.19298823415654,27.420587158203148,0.013274265,0.008796692,16.549862098695563,24.998712158203148,0.013327671,0.037200928,7.14423550134951,0,0,1
2018-03-22 19:00:00,1335.6309,26.639123535156276,0.016650436,0.08465576,26.11287166610349,26.514123535156276,0.013797042,0.009971619,14.431572539044629,23.935998535156276,0.013621566,0.041305542,7.195401654514333,0,0,1
2018-03-22 20:00:00,1313.8941,26.336328125000023,0.017047415,0.09399414,24.694976233968905,25.883203125000023,0.014148245,0.010341644,13.155925341154504,23.320703125000023,0.013915548,0.03753662,7.008532686002584,0,0,1
2018-03-22 21:00:00,1266.8176,26.195336914062523,0.017383466,0.10195923,23.503104549440145,25.414086914062523,0.014316449,0.00850296,12.72219975506068,22.976586914062523,0.014072308,0.027755737,7.035243494826184,0,0,1
2018-03-22 22:00:00,1215.9466,26.111901855468773,0.01767391,0.10873413,21.98406978566117,25.018151855468773,0.014416158,0.010112762,12.16752631995617,22.736901855468773,0.014187276,0.027328491,6.743917929438456,0,0,1
2018-03-22 23:00:00,1153.4403,26.046807861328148,0.017872883,0.09362793,20.137202323546177,24.671807861328148,0.014542653,0.01391983,11.244979226316648,22.515557861328148,0.014252736,0.028251648,6.496812220678825,0,0,1
2018-03-23 00:00:00,1102.8209000000002,25.9626403808594,0.017957363,0.108428955,19.10518655709354,24.3688903808594,0.0147415735,0.02973175,10.232527176937172,22.3376403808594,0.014253292,0.039718628,6.309578534906033,0,0,1
2018-03-23 01:00:00,1060.1298,25.825738525390648,0.017965546,0.12332153,18.46669903051155,24.216363525390648,0.01501297,0.031158447,9.68087877383134,22.161676025390648,0.014269104,0.051452637,6.1853478035241904,0,0,1
2018-03-23 02:00:00,1039.7755,25.706597900390648,0.017935507,0.11743164,18.24966186210185,24.159722900390648,0.015337698,0.025810242,9.214363590811196,22.019097900390648,0.014326803,0.061080933,6.021175487612408,0,0,1
2018-03-23 03:00:00,1018.8816,25.646264648437523,0.017867133,0.114868164,18.56050104648793,24.193139648437523,0.015669867,0.037490845,8.635133631676702,21.943139648437523,0.014388129,0.071258545,5.876243355850135,0,0,1
2018-03-23 04:00:00,1016.7691,25.5600524902344,0.017798554,0.11483765,20.184011133070697,24.3725524902344,0.015914094,0.06591797,9.185441439698948,21.9506774902344,0.014453064,0.08123779,6.003119878255396,0,0,1
2018-03-23 05:00:00,1034.4383,25.461846923828148,0.017722102,0.11016846,22.24566494318946,24.493096923828148,0.016089411,0.06161499,10.10104282396584,22.055596923828148,0.014555902,0.09729004,6.224071028919471,0,0,1
2018-03-23 06:00:00,1044.5552,25.499353027343773,0.017683791,0.0977478,24.16442792673493,24.764978027343773,0.016218947,0.08413696,11.18450773149184,22.202478027343773,0.014662552,0.105895996,6.255349102569699,0,0,1
2018-03-23 07:00:00,1167.1257,26.295953369140648,0.017515877,0.11468506,29.05948339939052,26.483453369140648,0.016241768,0.10864258,15.63091234820931,22.780328369140648,0.014803628,0.110198975,6.574688266572972,0,0,1
2018-03-23 08:00:00,1326.9617,27.467858886718773,0.017103566,0.1531372,34.044840552026244,28.608483886718773,0.015898122,0.10900879,19.288635394534804,23.874108886718773,0.014715564,0.10583496,7.265157085487322,0,0,1
2018-03-23 09:00:00,1398.2604,28.585046386718773,0.016806098,0.18829346,35.89775335991185,30.741296386718773,0.015470953,0.10058594,20.79667010429213,25.210046386718773,0.01449439,0.111816406,7.5432901945522755,0,0,1
2018-03-23 10:00:00,1440.5379,29.4655700683594,0.016737424,0.19250488,35.559969737809205,32.4343200683594,0.015200101,0.08728027,20.956990651172237,26.6530700683594,0.014189206,0.10668945,7.352195723177146,0,0,1
2018-03-23 11:00:00,1466.293,30.114068603515648,0.016722435,0.18041992,34.38824726985906,33.70781860351565,0.015005822,0.07104492,20.55563179308984,27.879693603515648,0.01402163,0.09793091,6.95519694046048,0,0,1
2018-03-23 12:00:00,1452.1045,30.535913085937523,0.016653983,0.16748047,33.49256210427315,34.52028808593752,0.014948814,0.07318115,19.995294513293366,28.567163085937523,0.014155357,0.0977478,6.294099442328267,0,0,1
2018-03-23 13:00:00,1453.7149,30.698266601562523,0.016570257,0.15582275,32.86610832849178,34.77639160156252,0.014834571,0.08847046,19.530097762887152,28.792016601562523,0.014285254,0.099731445,5.8316790751001495,0,0,1
2018-03-23 14:00:00,1414.4179,30.554650878906276,0.016493859,0.14898682,32.27626978993599,34.38277587890627,0.014792504,0.10702515,19.08020280550291,28.570275878906276,0.014395775,0.103637695,5.523260583269915,0,0,1
2018-03-23 15:00:00,1363.7466,30.043542480468773,0.01647097,0.14624023,31.410336954227745,33.38729248046877,0.014803948,0.10394287,18.73165909603937,27.965417480468773,0.014483513,0.103393555,5.6170806984968,0,0,1
2018-03-23 16:00:00,1299.6208,29.239892578125023,0.01643281,0.14508057,31.156989690786837,32.05239257812502,0.014864969,0.10128784,18.47619852971317,27.083642578125023,0.0145445345,0.09753418,6.097091688160267,0,0,1
2018-03-23 17:00:00,1217.6751,28.190789794921898,0.01647115,0.12896729,30.51453627090088,30.237664794921898,0.01507497,0.09277344,17.947640598127396,26.097039794921898,0.014575245,0.0793457,6.497725076919763,0,0,1
2018-03-23 18:00:00,1220.0357,27.193475341796898,0.016853413,0.11172485,28.684017768893725,28.255975341796898,0.015464863,0.07333374,15.058719144662737,24.912225341796898,0.014717182,0.07650757,6.521499062904619,0,0,1
2018-03-23 19:00:00,1249.8131,26.613916015625023,0.01737955,0.11160278,26.778616934994456,27.051416015625023,0.015952853,0.062194824,13.092635913876924,23.910791015625023,0.015197543,0.08126831,6.115791193010428,0,0,1
2018-03-23 20:00:00,1197.3465,26.3444763183594,0.017623464,0.10510254,25.546613638284608,26.3288513183594,0.016356984,0.06072998,12.75106428304484,23.1882263183594,0.015586416,0.0914917,5.836315788050218,0,0,1
2018-03-23 21:00:00,1170.419,26.195886230468773,0.0176463,0.08477783,25.40817368322628,25.930261230468773,0.016662108,0.054504395,12.517822072780902,22.859948730468773,0.015838133,0.102508545,5.831149997650976,0,0,1
2018-03-23 22:00:00,1143.8841,26.064019775390648,0.017547201,0.062927246,25.534911547989974,25.720269775390648,0.016868185,0.051437378,12.336248474646686,22.704644775390648,0.015975546,0.099609375,5.979474589253256,0,0,1
2018-03-23 23:00:00,1082.4014,25.951074218750023,0.017371878,0.05076599,25.512302258485423,25.576074218750023,0.017005667,0.053466797,12.200239454327113,22.622949218750023,0.015975699,0.1109314,6.253521176074274,0,0,1
2018-03-24 00:00:00,1044.7203,25.8320251464844,0.017250001,0.03791809,24.61876796190081,25.4257751464844,0.017097414,0.05633545,12.033129831074463,22.5976501464844,0.015922487,0.12445068,6.317777184103096,0,0,1
2018-03-24 01:00:00,1006.7217,25.699670410156276,0.017158678,0.039611816,23.390222237890143,25.215295410156276,0.017143419,0.060760498,11.609427909063063,22.598107910156276,0.015907457,0.13427734,6.13511994745941,0,0,1
2018-03-24 02:00:00,987.384,25.579614257812523,0.017067028,0.03904724,22.52294972156525,24.954614257812523,0.017105175,0.08868408,11.269252447266185,22.610864257812523,0.015960766,0.14093018,5.807492211772214,0,0,1
2018-03-24 03:00:00,972.0042,25.505639648437523,0.017067038,0.03793335,21.495612245879283,24.700952148437523,0.017021261,0.08081055,11.222772043270108,22.630639648437523,0.016082846,0.13519287,5.388496735102378,0,0,1
2018-03-24 04:00:00,951.1511,25.437097167968773,0.017112762,0.03807068,20.44723526376221,24.483972167968773,0.016952544,0.08560181,10.771766570419516,22.648034667968773,0.016212493,0.14758301,4.960248031644276,0,0,1
2018-03-24 05:00:00,969.3335,25.378320312500023,0.017158605,0.032409668,19.39440152902237,24.308007812500023,0.016868688,0.07406616,10.509259288467304,22.667382812500023,0.016304113,0.14227295,4.717416290365311,0,0,1
2018-03-24 06:00:00,962.156,25.460229492187523,0.017212074,0.025939941,19.037549228817465,24.303979492187523,0.016838234,0.05859375,10.392302863238232,22.686791992187523,0.0163881,0.13897705,4.697543835559772,0,0,1
2018-03-24 07:00:00,1017.4901,26.3210388183594,0.017082365,0.041625977,22.862390223219226,25.6882263183594,0.016937407,0.046966553,13.00685184374966,23.2272888183594,0.016616972,0.13928223,5.161547549413684,0,0,1
2018-03-24 08:00:00,1142.6086,27.448876953125023,0.01668561,0.070892334,27.009626884835114,28.105126953125023,0.01631177,0.044937134,16.939257541135675,24.495751953125023,0.016540652,0.12597656,5.586640075462502,0,0,1
2018-03-24 09:00:00,1218.3579,28.492242431640648,0.016410828,0.09713745,28.149030456650085,30.335992431640648,0.015663147,0.048339844,17.90875110354899,26.585992431640648,0.015800476,0.1126709,5.815726840251348,0,0,1
2018-03-24 10:00:00,1297.7506,29.348260498046898,0.016265592,0.11618042,28.291476634253016,32.1920104980469,0.015380583,0.043441772,17.73254345924971,28.426385498046898,0.015140257,0.10656738,5.454078635527014,0,0,1
2018-03-24 11:00:00,1294.3063,30.064996337890648,0.01616609,0.11764526,28.316978187336822,33.61187133789065,0.015288709,0.037628174,17.12629059989098,29.658746337890648,0.01527345,0.1081543,4.272831818723812,0,0,1
2018-03-24 12:00:00,1279.0795,30.519250488281276,0.016066737,0.09805298,28.54581769516757,34.50362548828127,0.01526565,0.037384033,16.66083804840254,30.503625488281276,0.014994807,0.11880493,3.525911501459224,0,0,1
2018-03-24 13:00:00,1252.6033,30.659875488281276,0.015967604,0.08239746,28.59563732885078,34.80050048828127,0.015200851,0.054382324,16.770633808094292,30.800500488281276,0.014804122,0.13677979,3.156777257408743,0,0,1
2018-03-24 14:00:00,1239.4634,30.445703125000023,0.015853502,0.07043457,27.90148311487699,34.57070312500002,0.015109636,0.07476807,16.823659694391566,30.289453125000023,0.014987566,0.15405273,3.080246046444102,0,0,1
2018-03-24 15:00:00,1207.1948,29.958581542968773,0.015747195,0.059768677,26.85237596963896,33.58358154296877,0.014949923,0.09490967,16.740961807676815,29.333581542968773,0.015270358,0.14794922,3.29577949004112,0,0,1
2018-03-24 16:00:00,1196.402,29.145074462890648,0.01564867,0.06304932,26.6465423344904,31.879449462890648,0.014733144,0.09637451,16.647056443113744,28.254449462890648,0.015522786,0.13024902,3.718658887243859,0,0,1
2018-03-24 17:00:00,1152.8392,28.112115478515648,0.015587998,0.068878174,26.753857280671347,30.127740478515648,0.014535141,0.08288574,16.62548020666022,26.830865478515648,0.015809251,0.11639404,4.310214496859947,0,0,1
2018-03-24 18:00:00,1210.4173,27.121667480468773,0.015641382,0.059310913,26.39826044073501,28.231042480468773,0.014630486,0.068603516,14.981957105007648,25.121667480468773,0.015969446,0.12799072,4.868462836399626,0,0,1
2018-03-24 19:00:00,1255.2598999999998,26.514916992187523,0.015786193,0.040893555,26.13397489006767,26.874291992187523,0.014992736,0.070251465,14.030436982726858,23.811791992187523,0.016251586,0.13372803,5.506403701143851,0,0,1
2018-03-24 20:00:00,1229.936,26.172570800781276,0.015892753,0.026733398,25.93565273683588,26.031945800781276,0.015393028,0.056045532,13.83690199141306,23.117883300781276,0.016258964,0.11987305,5.713827327053966,0,0,1
2018-03-24 21:00:00,1177.3864,25.981652832031276,0.015838986,0.020309448,26.498824218001136,25.559777832031276,0.015747434,0.04664612,13.669809258001608,22.731652832031276,0.016121274,0.112579346,6.088267017584297,0,0,1
2018-03-24 22:00:00,1137.9929,25.841638183593773,0.015785262,0.016044617,26.18670196846773,25.263513183593773,0.01593022,0.032684326,13.67302088947942,22.443200683593773,0.015907332,0.10003662,6.409465272473246,0,0,1
2018-03-24 23:00:00,1110.347,25.707635498046898,0.015731782,0.010040283,25.23013748766511,25.020135498046898,0.015907258,0.026611328,13.664105113569915,22.199822998046898,0.0157623,0.090148926,6.328027342996468,0,0,1
2018-03-25 00:00:00,1048.1297000000002,25.540734863281276,0.01575452,0.00856781,24.470358244561677,24.736047363281276,0.01576978,0.019996643,13.093935283360535,22.009484863281276,0.015621006,0.08074951,6.367643694115584,0,0,1
2018-03-25 01:00:00,1022.0124,25.400415039062523,0.015807996,0.011657715,24.105558534713683,24.423852539062523,0.01562489,0.013736725,12.354419476568996,21.853540039062523,0.015476117,0.074645996,6.41961644461883,0,0,1
2018-03-25 02:00:00,997.0315,25.304406738281276,0.01580823,0.0158844,23.830784841300208,24.148156738281276,0.015457277,0.0093307495,11.989661646149992,21.734094238281276,0.015346651,0.0640564,6.470806027281315,0,0,1
2018-03-25 03:00:00,951.4754,25.251611328125023,0.015801093,0.019439697,23.482899233197003,23.845361328125023,0.015312812,0.010051727,11.145403467938465,21.665673828125023,0.015209815,0.0549469,6.676370887140427,0,0,1
2018-03-25 04:00:00,930.6135,25.2048278808594,0.015778841,0.02469635,23.532970865860467,23.6188903808594,0.015199008,0.010139465,11.241439492032477,21.6032653808594,0.015080753,0.04927063,6.918332864235525,0,0,1
2018-03-25 05:00:00,920.4926,25.141198730468773,0.01584821,0.025871277,22.562215253137406,23.453698730468773,0.015146307,0.007884979,11.629951062612,21.555261230468773,0.014982275,0.046569824,7.156305336550858,0,0,1
2018-03-25 06:00:00,875.8606,25.194726562500023,0.015963119,0.022727966,22.425148688496403,23.475976562500023,0.015173475,0.0077590942,12.413331857333588,21.538476562500023,0.014914076,0.047714233,7.335387577980421,0,0,1
2018-03-25 07:00:00,899.6371,25.925500488281276,0.015848782,0.018493652,25.78743505354158,25.159875488281276,0.015219358,0.0086631775,15.662423844696518,22.222375488281276,0.015009549,0.04057312,7.764781318134919,0,0,1
2018-03-25 08:00:00,957.7523,27.047998046875023,0.01560074,0.015052795,28.343273127706983,27.766748046875023,0.014608919,0.005832672,19.596260889693564,24.071435546875023,0.014685213,0.031585693,8.195151872979013,0,0,1
2018-03-25 09:00:00,997.3431,28.235620117187523,0.01553591,0.007827759,28.224922886921345,29.923120117187523,0.013788778,0.002450943,20.089751679863884,26.126245117187523,0.0141015835,0.027236938,8.003786873995386,0,0,1
2018-03-25 10:00:00,1063.6385,29.306329345703148,0.015593053,0.0032072067,26.88687023239326,31.790704345703148,0.013239385,0.001961708,19.38232007952193,27.775079345703148,0.013735295,0.029319763,7.504041239106625,0,0,1
2018-03-25 11:00:00,1114.6446,30.172784423828148,0.015680695,0.0013279915,25.30744285419528,33.28215942382815,0.013059999,0.0014572144,18.20053560915065,28.938409423828148,0.013658906,0.02897644,6.777184486826476,0,0,1
2018-03-25 12:00:00,1139.592,30.763330078125023,0.01570316,0.0011367798,24.301511590355275,34.27895507812502,0.01312061,0.0014176369,17.104753817270044,29.591455078125023,0.0139369555,0.03149414,5.895732998303118,0,0,1
2018-03-25 13:00:00,1159.6171,31.054620361328148,0.015680179,0.0008790493,23.90884831927505,34.80462036132815,0.013151036,0.0014576912,16.52232817087335,29.851495361328148,0.014078007,0.030975342,5.422081717032601,0,0,1
2018-03-25 14:00:00,1164.9852,31.032159423828148,0.015679576,0.0005350113,24.06749218962897,34.75090942382815,0.013116099,0.0015377998,16.248631534175377,29.782159423828148,0.014138438,0.028564453,5.225149917277017,0,0,1
2018-03-25 15:00:00,1178.8937999999998,30.638696289062523,0.015732568,0.0013689995,24.61025288612737,33.95119628906252,0.013138574,0.001552105,16.298956190516943,29.373071289062523,0.01406936,0.026695251,5.3157261430109655,0,0,1
2018-03-25 16:00:00,1158.0308,29.755548095703148,0.015755301,0.0049362183,26.106617476690055,32.30242309570315,0.013168937,0.002363205,16.933839801413082,28.552423095703148,0.013992911,0.016036987,5.766866589353304,0,0,1
2018-03-25 17:00:00,1129.7258,28.374932861328148,0.015816469,0.018539429,27.57352358478799,29.984307861328148,0.013283511,0.003742218,17.449259911175428,27.234307861328148,0.014019747,0.01259613,6.368702180961801,0,0,1
2018-03-25 18:00:00,1146.9674,26.949731445312523,0.015931303,0.030082703,27.60187736428816,27.527856445312523,0.013608151,0.0035877228,16.13515234431694,25.465356445312523,0.014245206,0.019210815,6.708374460540499,0,0,1
2018-03-25 19:00:00,1223.8378,26.151269531250023,0.016045269,0.02519226,26.834774606354124,26.104394531250023,0.0142447315,0.0026569366,14.778822784825367,24.151269531250023,0.01433247,0.018196106,7.10846812875835,0,0,1
2018-03-25 20:00:00,1229.9907999999998,25.877526855468773,0.015991315,0.025810242,26.07062819379206,25.377526855468773,0.014759168,0.0028858185,14.259212912817675,23.408776855468773,0.014637098,0.021339417,7.068733875043777,0,0,1
2018-03-25 21:00:00,1221.236,25.723107910156276,0.015830567,0.024147034,26.190110391600463,24.973107910156276,0.014918855,0.0022192001,14.09455365446192,22.887170410156276,0.014770082,0.029029846,7.156757821134929,0,0,1
2018-03-25 22:00:00,1168.2421,25.588098144531276,0.015700381,0.023757935,26.59483384753381,24.689660644531276,0.014983218,0.001452446,13.823074041111294,22.509973144531276,0.014796298,0.03744507,7.084127877346144,0,0,1
2018-03-25 23:00:00,1117.0718,25.4433532714844,0.015616076,0.022331238,26.73867616353726,24.4355407714844,0.015028613,0.001950264,13.70268501645412,22.2558532714844,0.014719622,0.041122437,7.035557518444215,0,0,1
2018-03-26 00:00:00,1059.7172,25.276025390625023,0.01559666,0.022094727,26.486316507929207,24.190087890625023,0.015054973,0.002231598,13.52159009668152,22.049462890625023,0.014700206,0.043701172,6.745708703658336,0,0,1
2018-03-26 01:00:00,1022.736,25.137963867187523,0.0156192565,0.02306366,25.93395235292057,23.966088867187523,0.015085199,0.0014848709,13.161687737858196,21.895776367187523,0.014711359,0.05064392,6.538890260458412,0,0,1
2018-03-26 02:00:00,995.2215,25.050805664062523,0.01566855,0.025169373,25.031981752822382,23.777368164062523,0.015111605,0.00066304207,12.702614294392683,21.785180664062523,0.014749208,0.051498413,6.321077374361783,0,0,1
2018-03-26 03:00:00,967.3559,25.003869628906276,0.015775075,0.031066895,23.90457381531811,23.652307128906276,0.015096059,0.00022029877,12.419082528103424,21.730432128906276,0.0147756245,0.0496521,6.3484658438040205,0,0,1
2018-03-26 04:00:00,976.071,24.956384277343773,0.016057173,0.028793335,21.31902248238629,23.526696777343773,0.015031018,0.00011539459,12.089172689372775,21.690759277343773,0.014805951,0.048171997,6.388832828146771,0,0,1
2018-03-26 05:00:00,981.2603,24.906365966796898,0.016408082,0.020553589,18.30216411864404,23.406365966796898,0.0149546815,0.00019478798,11.902819118440329,21.679803466796898,0.014844055,0.046585083,6.4040942864515,0,0,1
2018-03-26 06:00:00,994.6385,25.010797119140648,0.016675156,0.018119812,17.672010060408955,23.471734619140648,0.014905135,0.0003105402,11.95924475693386,21.745172119140648,0.014859359,0.04460144,6.544636925869538,0,0,1
2018-03-26 07:00:00,1135.5835,25.897180175781276,0.016721029,0.027412415,21.30162416095381,25.240930175781276,0.014859456,0.00081562996,15.250698586394227,22.694055175781276,0.014767903,0.03779602,7.225238054307017,0,0,1
2018-03-26 08:00:00,1327.4013,27.207238769531276,0.016431237,0.03453064,24.499810229753727,27.738488769531276,0.014386559,0.000980854,18.361475636141588,24.566613769531276,0.014409447,0.025657654,7.671360800733738,0,0,1
2018-03-26 09:00:00,1402.7404,28.488916015625023,0.016232984,0.02922821,25.504290015683665,30.035791015625023,0.0137076555,0.000674963,18.934081166681025,26.551416015625023,0.01390602,0.015449524,7.355202557998621,0,0,1
2018-03-26 10:00:00,1477.0404,29.564111328125023,0.016111003,0.017860413,25.979080540550736,32.03286132812502,0.013242351,0.0008943081,18.3757794148712,28.282861328125023,0.013433086,0.012390137,6.733566880031448,0,0,1
2018-03-26 11:00:00,1516.2692000000002,30.338403320312523,0.015988987,0.0132751465,26.37787096063698,33.57277832031252,0.013173739,0.0009250641,17.45401986501225,29.479028320312523,0.01348273,0.008213043,5.625519354686173,0,0,1
2018-03-26 12:00:00,1520.6197,30.849877929687523,0.01592031,0.011672974,27.00560885345669,34.59987792968752,0.013261466,0.0013489723,16.843791943216562,30.224877929687523,0.013360648,0.005373001,4.893553473374051,0,0,1
2018-03-26 13:00:00,1537.8777,30.986352539062523,0.015912637,0.019126892,27.948079575840968,35.04885253906252,0.013436898,0.0023422241,16.49052989730607,30.642602539062523,0.013105019,0.0040950775,4.495393340623963,0,0,1
2018-03-26 14:00:00,1566.9002,30.736993408203148,0.015920168,0.02482605,28.89503116329405,34.89324340820315,0.013604647,0.0021190643,16.298518641272352,30.674493408203148,0.0129370745,0.007881165,4.339782573773503,0,0,1
2018-03-26 15:00:00,1530.151,30.169030761718773,0.015889639,0.025856018,29.4908009814806,34.02840576171877,0.013799186,0.0024900436,16.54596104504954,30.231530761718773,0.012937064,0.007411957,4.615375980589199,0,0,1
2018-03-26 16:00:00,1447.7427,29.3298278808594,0.015836177,0.026542664,29.54773702718593,32.3767028808594,0.014073787,0.004787445,17.183474493079007,29.3298278808594,0.012986599,0.0051174164,5.317870909932797,0,0,1
2018-03-26 17:00:00,1315.244,28.2228942871094,0.015866663,0.035507202,28.93577822479653,30.2072692871094,0.014291193,0.008361816,17.623950501707075,27.8947692871094,0.013314631,0.00869751,6.049818364088657,0,0,1
2018-03-26 18:00:00,1297.4524,27.126855468750023,0.016072694,0.040542603,27.498687490873145,27.876855468750023,0.014573519,0.013496399,15.902725187715346,25.986230468750023,0.014024203,0.009693146,6.24133501517155,0,0,1
2018-03-26 19:00:00,1330.2156,26.552056884765648,0.016370263,0.028793335,26.28652819090141,26.395806884765648,0.015042749,0.029411316,14.370268455339158,24.583306884765648,0.014321771,0.012390137,6.404306095601779,0,0,1
2018-03-26 20:00:00,1303.2715999999998,26.308251953125023,0.016576199,0.017539978,25.465591732859604,25.683251953125023,0.0154584935,0.03201294,13.58498139538437,23.792626953125023,0.01461926,0.016967773,6.241543931692312,0,0,1
2018-03-26 21:00:00,1272.0927,26.1364685058594,0.016675245,0.013568878,24.894046044031956,25.3708435058594,0.015759718,0.03073883,12.78853667858988,23.3083435058594,0.014813673,0.025985718,6.228262586361105,0,0,1
2018-03-26 22:00:00,1232.4435,25.983117675781276,0.016690575,0.015510559,24.975660160721823,25.139367675781276,0.015942894,0.03479004,12.235106389776128,22.951867675781276,0.014901481,0.038619995,6.2664141911854765,0,0,1
2018-03-26 23:00:00,1150.7793,25.826593017578148,0.016637698,0.017364502,25.081736195897324,24.967218017578148,0.016050234,0.022972107,12.366241796003608,22.670343017578148,0.0149401575,0.051254272,6.249787334638711,0,0,1
2018-03-27 00:00:00,1101.0344,25.665979003906276,0.016553879,0.02432251,25.00252389603648,24.790979003906276,0.016111374,0.015357971,12.352327419388674,22.415979003906276,0.01494789,0.060394287,6.136931532504136,0,0,1
2018-03-27 01:00:00,1045.7266,25.533258056640648,0.016538588,0.02848053,24.43928384733692,24.595758056640648,0.01613423,0.010723114,12.149600721792243,22.197320556640648,0.015008894,0.06686401,5.824427037035782,0,0,1
2018-03-27 02:00:00,1020.5283,25.390008544921898,0.016614951,0.032974243,23.12106690317752,24.421258544921898,0.016088523,0.013458252,12.05626019467031,22.007196044921898,0.0150242215,0.07330322,5.694280234142743,0,0,1
2018-03-27 03:00:00,996.3066,25.261804199218773,0.016782723,0.03578186,21.309329243722875,24.261804199218773,0.015912972,0.019050598,11.916024627106909,21.886804199218773,0.015020332,0.07940674,5.753677449387423,0,0,1
2018-03-27 04:00:00,1001.2721,25.164941406250023,0.016950613,0.037994385,19.857628689631927,24.118066406250023,0.015684133,0.022209167,11.604315546930984,21.813378906250023,0.014997489,0.08004761,5.752244740061096,0,0,1
2018-03-27 05:00:00,1038.2562,25.082208251953148,0.01710301,0.031829834,19.0072082739583,23.941583251953148,0.015538984,0.021827698,10.977301354136692,21.754083251953148,0.014985853,0.07354736,5.620130949293533,0,0,1
2018-03-27 06:00:00,1030.8205,25.185571289062523,0.017202085,0.029693604,19.665833711388004,23.959008789062523,0.015496916,0.020996094,10.513792058805926,21.740258789062523,0.014970488,0.06719971,5.589017848774149,0,0,1
2018-03-27 07:00:00,1133.2274000000002,26.084741210937523,0.017026521,0.03881836,24.7964385890236,25.709741210937523,0.015428163,0.020690918,13.948744932752,22.655053710937523,0.014886476,0.059265137,6.162777313740129,0,0,1
2018-03-27 08:00:00,1300.8847,27.325280761718773,0.01650003,0.04437256,28.557522067756345,28.200280761718773,0.014722381,0.01651001,17.73569571933748,24.575280761718773,0.014588866,0.050811768,6.686590055075624,0,0,1
2018-03-27 09:00:00,1412.035,28.530053710937523,0.016126163,0.033432007,29.73176014021296,30.405053710937523,0.014104374,0.012401581,18.438502306574968,26.639428710937523,0.014173038,0.03993225,6.415066336023428,0,0,1
2018-03-27 10:00:00,1490.7365,29.572106933593773,0.01582101,0.025299072,29.974478524120627,32.27523193359377,0.013700037,0.011219025,18.01647607147912,28.447106933593773,0.013738184,0.030410767,5.712079269307931,0,0,1
2018-03-27 11:00:00,1525.8954,30.361016845703148,0.01563014,0.009677887,30.001779366176248,33.70476684570315,0.01360835,0.008735657,17.41152669646908,29.673516845703148,0.013818159,0.018203735,4.621215513274553,0,0,1
2018-03-27 12:00:00,1530.1747,30.842919921875023,0.015530905,0.0031690598,30.03548536080905,34.65541992187502,0.013745626,0.007299423,17.022554600068247,30.467919921875023,0.013661703,0.020118713,4.007775878738937,0,0,1
2018-03-27 13:00:00,1552.6717,30.990747070312523,0.015534662,0.0051612854,30.21721387964876,35.06887207031252,0.013905786,0.0052604675,17.043756526530313,30.818872070312523,0.013459466,0.024124146,3.863412752912279,0,0,1
2018-03-27 14:00:00,1565.1681,30.781304931640648,0.015572807,0.007820129,30.619654368437573,34.87505493164065,0.014046928,0.0036058426,17.331930701407128,30.750054931640648,0.013322135,0.025306702,3.977050489899851,0,0,1
2018-03-27 15:00:00,1540.1553,30.259973144531276,0.015557561,0.009635925,30.92478520681899,33.85372314453127,0.014146123,0.0025949478,17.861213687953523,30.275598144531276,0.013203893,0.022956848,4.386093383671635,0,0,1
2018-03-27 16:00:00,1449.194,29.399987792968773,0.015584318,0.01663971,31.047681638992792,32.14998779296877,0.0142301,0.0021448135,18.427436094068447,29.337487792968773,0.013139097,0.01651764,5.155338919863767,0,0,1
2018-03-27 17:00:00,1327.526,28.2172790527344,0.015683554,0.029769897,30.69936993974413,30.0297790527344,0.014237785,0.0032129288,18.53185547532676,27.8891540527344,0.013253593,0.015544891,6.004215352348339,0,0,1
2018-03-27 18:00:00,1317.7044,27.133721923828148,0.015820991,0.026695251,29.215529944558703,27.868096923828148,0.014352333,0.007692337,16.588626228280674,25.977471923828148,0.013837349,0.01279068,6.299036415524133,0,0,1
2018-03-27 19:00:00,1345.4858,26.545495605468773,0.016019383,0.01991272,27.483840444808717,26.561120605468773,0.014703312,0.01789856,15.017059573933585,24.623620605468773,0.013867893,0.010890961,6.6650035713340765,0,0,1
2018-03-27 20:00:00,1340.7187,26.285058593750023,0.016172076,0.01789093,25.89785961600745,25.925683593750023,0.015058183,0.024368286,14.672975510343784,23.800683593750023,0.014020585,0.0138168335,6.794903741622111,0,0,1
2018-03-27 21:00:00,1291.4452,26.136376953125023,0.016256245,0.018730164,24.89394972498652,25.542626953125023,0.01537505,0.018424988,14.287698963612184,23.198876953125023,0.014196308,0.019561768,6.759055357847304,0,0,1
2018-03-27 22:00:00,1250.8083,25.972833251953148,0.01633272,0.015724182,25.0863274407174,25.222833251953148,0.015619371,0.016944885,13.914765141184605,22.738458251953148,0.014330003,0.034820557,6.643425084635453,0,0,1
2018-03-27 23:00:00,1189.4836,25.789941406250023,0.016355896,0.019813538,26.17851087748681,24.914941406250023,0.015646363,0.018035889,13.536940882752452,22.422753906250023,0.014463806,0.045043945,6.437672407193369,0,0,1
2018-03-28 00:00:00,1122.0938,25.6061950683594,0.016371207,0.019294739,27.006155304234003,24.6374450683594,0.01553579,0.0181427,13.18353140610259,22.2155700683594,0.014563042,0.051452637,6.2600545437176365,0,0,1
2018-03-28 01:00:00,1074.6875,25.415917968750023,0.016363563,0.021461487,26.973625423844297,24.353417968750023,0.015402259,0.018684387,12.992298867579285,22.033105468750023,0.014620246,0.0554657,6.182089614544447,0,0,1
2018-03-28 02:00:00,1042.8302,25.275445556640648,0.016371094,0.027549744,25.665437891227132,24.127008056640648,0.015325867,0.013881683,12.92818979713185,21.861383056640648,0.014623962,0.056549072,6.174400918293944,0,0,1
2018-03-28 03:00:00,1012.3967,25.195947265625023,0.01631751,0.037826538,24.423967640670096,23.977197265625023,0.015337133,0.009162903,12.676660787811908,21.742822265625023,0.014639043,0.05508423,6.065779491503015,0,0,1
2018-03-28 04:00:00,982.0113,25.1491638183594,0.016279142,0.035873413,22.74921901829561,23.8522888183594,0.015386502,0.013656616,11.791044095232316,21.7038513183594,0.014600675,0.049743652,5.725726895224634,0,0,1
2018-03-28 05:00:00,1010.7577,25.077600097656276,0.01631711,0.020233154,20.82938003181481,23.655725097656276,0.015409212,0.023384094,10.31788262846668,21.655725097656276,0.014520387,0.046463013,5.455103110677205,0,0,1
2018-03-28 06:00:00,1018.5835,25.1445251464844,0.016408531,0.011417389,20.287770561064097,23.6054626464844,0.0154663,0.020614624,9.523233733528134,21.6757751464844,0.014497367,0.04899597,5.474087782858744,0,0,1
2018-03-28 07:00:00,1154.5847,26.107690429687523,0.016339757,0.008419037,24.768280491504843,25.498315429687523,0.015565373,0.019798279,13.40514358756636,22.607690429687523,0.014543034,0.04698181,6.024902279643053,0,0,1
2018-03-28 08:00:00,1335.4437,27.444757080078148,0.015942926,0.0077266693,28.521453332025324,27.944757080078148,0.01513421,0.022277832,16.826740563699403,24.429132080078148,0.014275903,0.037628174,6.318369433434807,0,0,1
2018-03-28 09:00:00,1432.1111,28.7121520996094,0.015668165,0.00875473,29.34554332579204,30.1652770996094,0.01459242,0.018379211,17.40757378795522,26.4777770996094,0.013806593,0.029197693,6.195024056376377,0,0,1
2018-03-28 10:00:00,1501.6911,29.779840087890648,0.0155459605,0.0065135956,29.36164633726736,32.13921508789065,0.014290925,0.01386261,16.821719353395316,28.357965087890648,0.013318177,0.028259277,5.618147223434264,0,0,1
2018-03-28 11:00:00,1527.355,30.501641845703148,0.015507745,0.0063438416,28.69365254566126,33.67351684570315,0.0141611565,0.0099487305,15.81212366191547,29.689141845703148,0.013409661,0.028373718,4.620880849517703,0,0,1
2018-03-28 12:00:00,1530.8788,30.952844238281276,0.015465846,0.006904602,27.7478212563195,34.79659423828127,0.013978114,0.008319855,15.02936800970008,30.530969238281276,0.013630977,0.019752502,3.67581690058512,0,0,1
2018-03-28 13:00:00,1548.4886,31.130639648437523,0.015454552,0.006187439,26.937466647311137,35.39626464843752,0.013776085,0.0072307587,14.71547734317511,31.052514648437523,0.013280175,0.020896912,3.213280288395644,0,0,1
2018-03-28 14:00:00,1558.8737,31.0729919433594,0.015458479,0.0054912567,26.57183426296786,35.3854919433594,0.013574018,0.0067310333,14.739826234287577,30.9948669433594,0.013215437,0.028213501,2.89878564435158,0,0,1
2018-03-28 15:00:00,1538.7976,30.643945312500023,0.015607142,0.006515503,26.67067035120081,34.67519531250002,0.013436579,0.0075950623,14.876537401266113,30.362695312500023,0.013390803,0.03778076,2.826978556060154,0,0,1
2018-03-28 16:00:00,1452.245,29.835351562500023,0.015805483,0.011421204,27.143981030363943,33.06972656250002,0.013520478,0.01146698,15.13104415810268,29.413476562500023,0.013501405,0.032546997,3.273967543777261,0,0,1
2018-03-28 17:00:00,1345.1122,28.666162109375023,0.01599603,0.026855469,27.56005689108504,30.869287109375023,0.013791134,0.007865906,15.32270223744565,28.103662109375023,0.013443996,0.025306702,4.308800757684368,0,0,1
2018-03-28 18:00:00,1297.4824,27.437921142578148,0.01624761,0.03340149,27.06892630379407,28.359796142578148,0.014138082,0.0052890778,14.26634387307704,26.250421142578148,0.013863424,0.020187378,5.454847080734193,0,0,1
2018-03-28 19:00:00,1346.3205,26.708551025390648,0.016560415,0.0287323,26.006247042853115,26.802301025390648,0.014546255,0.007715225,13.89542142258487,24.724176025390648,0.014222005,0.009334564,6.340711603752987,0,0,1
2018-03-28 20:00:00,1313.3586,26.354272460937523,0.0167667,0.02178955,24.695981199919103,25.901147460937523,0.01506916,0.01815033,13.73573088843658,23.869897460937523,0.0144664375,0.008216858,6.25194329530038,0,0,1
2018-03-28 21:00:00,1271.6885,26.1542907714844,0.016873961,0.019599915,23.84706149442621,25.4199157714844,0.015473967,0.02960205,13.077747915430653,23.3652282714844,0.01468051,0.01689148,6.123786345150344,0,0,1
2018-03-28 22:00:00,1225.9343,26.022668457031276,0.016812833,0.029907227,24.50128628837997,25.178918457031276,0.015729459,0.032318115,12.746275521612247,23.038293457031276,0.01483682,0.027770996,6.170193553714131,0,0,1
2018-03-28 23:00:00,1156.6021,25.894647216796898,0.016743971,0.030944824,25.19000928926316,24.972772216796898,0.015950514,0.03164673,12.142861876158234,22.754022216796898,0.014897658,0.0398407,6.166503209533821,0,0,1
2018-03-29 00:00:00,1100.348,25.7485290527344,0.016728712,0.025924683,25.420226818786546,24.7641540527344,0.01611836,0.04135132,11.296582817636176,22.4516540527344,0.014890029,0.047164917,5.955408824272368,8,1,1
2018-03-29 01:00:00,1060.4138,25.603570556640648,0.016721267,0.029632568,25.88495838429417,24.556695556640648,0.016210098,0.046218872,10.576797981813575,22.119195556640648,0.014905471,0.050811768,5.551008225698945,8,1,1
2018-03-29 02:00:00,1034.0525,25.435693359375023,0.016828133,0.033920288,25.17378200702289,24.357568359375023,0.016255928,0.05596924,10.190281490372447,21.857568359375023,0.014897896,0.063079834,5.273719035453518,8,1,1
2018-03-29 03:00:00,1009.1494,25.304650878906276,0.016957702,0.029205322,23.70911330760828,24.195275878906276,0.016248168,0.056854248,10.066897190898697,21.664025878906276,0.0148863215,0.086242676,5.056992548678527,8,1,1
2018-03-29 04:00:00,1002.838,25.280206298828148,0.016965324,0.02016449,22.13763464224918,24.030206298828148,0.016232902,0.052459717,9.463647850895128,21.545831298828148,0.014871055,0.10247803,4.822897121755107,8,1,1
2018-03-29 05:00:00,1021.4407,25.287408447265648,0.016919633,0.0086631775,20.732804021589946,23.803033447265648,0.01619484,0.06187439,8.490044034162977,21.537408447265648,0.014890215,0.11691284,4.77062880276139,8,1,1
2018-03-29 06:00:00,1003.7876,25.415124511718773,0.01686621,0.005727768,20.728474412972552,23.797937011718773,0.016171936,0.06185913,8.495171555554414,21.626062011718773,0.015012267,0.10845947,4.758865790074425,8,1,1
2018-03-29 07:00:00,1099.2714,26.292199707031276,0.016690694,0.010601044,24.43336510684388,25.839074707031276,0.01611849,0.054382324,12.940708565275193,22.698449707031276,0.015149557,0.10296631,5.311674848314217,8,1,1
2018-03-29 08:00:00,1255.66,27.535943603515648,0.016263489,0.019813538,27.096504475846515,28.442193603515648,0.015592102,0.047042847,15.67113731283516,24.754693603515648,0.015050415,0.08947754,5.481195085483139,8,1,1
2018-03-29 09:00:00,1328.5859,28.740380859375023,0.016095692,0.019073486,26.201315134834772,30.849755859375023,0.015023762,0.04197693,15.511138300490815,27.037255859375023,0.014588887,0.07736206,5.20341093360241,8,1,1
2018-03-29 10:00:00,1380.7152,29.698632812500023,0.016118407,0.019607544,23.962324630740323,32.85488281250002,0.0147413025,0.034866333,14.08650134387826,28.901757812500023,0.014077545,0.06555176,4.267669556639974,8,1,1
2018-03-29 11:00:00,1408.9634,30.415185546875023,0.016164085,0.010829926,21.63196944456933,34.38393554687502,0.014676354,0.02368164,12.58921014103338,30.227685546875023,0.014359734,0.048446655,2.69056904698055,8,1,1
2018-03-29 12:00:00,1363.2914,31.003869628906276,0.016209833,0.009700775,19.923655756808795,35.47261962890627,0.014516108,0.013771057,11.51268853148127,31.269494628906276,0.014077418,0.036483765,1.666986523771134,8,1,1
2018-03-29 13:00:00,1361.3407,31.325891113281276,0.016255578,0.0074062347,18.99384399270302,36.10714111328127,0.014245233,0.011047363,10.82565293666516,31.779016113281276,0.014252862,0.03804016,0.9161613312683232,8,1,1
2018-03-29 14:00:00,1362.523,31.441918945312523,0.016240252,0.0034036636,18.75667286046312,36.23879394531252,0.014008653,0.022491455,10.54161020939803,31.785668945312523,0.014290941,0.022468567,0.3840742376658512,8,1,1
2018-03-29 15:00:00,1331.9978999999998,31.267236328125023,0.016217297,0.005334854,19.12942568565477,35.81411132812502,0.013833112,0.03718567,10.48937489933545,31.439111328125023,0.014191694,0.042800903,0.1799335675285195,8,1,1
2018-03-29 16:00:00,1284.9696,30.643945312500023,0.016232463,0.010990143,19.900384042379176,34.73769531250002,0.013821573,0.042373657,10.838252226915026,30.456445312500023,0.0142183015,0.060043335,0.6975674721170049,8,1,1
2018-03-29 17:00:00,1222.5559,29.488671875000023,0.016362056,0.016548157,20.666054266603368,32.95742187500002,0.014057979,0.027420044,11.205982858225674,28.988671875000023,0.0145805925,0.058288574,1.2026935670823826,8,1,1
2018-03-29 18:00:00,1255.9087,28.089807128906276,0.016613716,0.02432251,21.256392119374755,30.339807128906276,0.014626258,0.017112732,9.871602998556437,27.074182128906276,0.015431159,0.05947876,1.3864620037684687,8,1,1
2018-03-29 19:00:00,1285.9820000000002,27.109338378906276,0.016903577,0.023750305,21.532233938648165,28.296838378906276,0.015156446,0.011749268,10.660732116465228,25.624963378906276,0.015934644,0.065216064,1.68359705665777,8,1,1
2018-03-29 20:00:00,1240.5831,26.576501464843773,0.017109483,0.02470398,20.59217616271313,26.935876464843773,0.015610307,0.010959625,10.850008198959136,24.717126464843773,0.016056627,0.06524658,2.2802974938506213,8,1,1
2018-03-29 21:00:00,1209.4791,26.382684326171898,0.017239109,0.02292633,19.59561061366207,26.179559326171898,0.01584293,0.008686066,11.143640108791542,24.132684326171898,0.016140476,0.059646606,2.505938896410004,8,1,1
2018-03-29 22:00:00,1186.9072,26.2646423339844,0.017277231,0.022354126,19.563209508149875,25.6240173339844,0.016048899,0.007534027,10.649707285122396,23.6865173339844,0.016071787,0.05659485,2.9482060910188843,8,1,1
2018-03-29 23:00:00,1147.9555,26.189172363281276,0.01726958,0.016197205,20.14744293420655,25.251672363281276,0.01614043,0.010723114,9.549881631806675,23.298547363281276,0.015934436,0.05569458,3.725588735356912,8,1,1
2018-03-30 00:00:00,1096.3935,26.072534179687523,0.017239016,0.014297485,20.793588985442312,24.947534179687523,0.016148012,0.014850616,8.821266741969852,22.931909179687523,0.0159115,0.05265808,4.208858765889639,9,1,1
2018-03-30 01:00:00,1053.071,25.9558044433594,0.017170353,0.02015686,21.11407458326821,24.7370544433594,0.016125126,0.014034271,8.410770405103984,22.6276794433594,0.015919132,0.051742554,4.381777214947365,9,1,1
2018-03-30 02:00:00,1043.2834,25.874902343750023,0.017109387,0.022010803,20.475461179129688,24.531152343750023,0.016155712,0.017616272,7.53088808575107,22.406152343750023,0.015873425,0.05659485,4.523450839166294,9,1,1
2018-03-30 03:00:00,1036.6698,25.816796875000023,0.01710924,0.018615723,19.2589890772678,24.254296875000023,0.016247118,0.020774841,6.108377191959455,22.215234375000023,0.015804613,0.060180664,4.573733883120656,9,1,1
2018-03-30 04:00:00,1009.4196,25.720788574218773,0.017124321,0.02419281,18.433216779362223,24.095788574218773,0.016346123,0.027420044,5.782831247542058,22.056726074218773,0.015705254,0.06225586,4.439629433349438,9,1,1
2018-03-30 05:00:00,1007.7296,25.596093750000023,0.017177584,0.028411865,18.73962017378721,24.002343750000023,0.016391756,0.03225708,5.955832960933754,21.947656250000023,0.015583041,0.065460205,4.3340566681878965,9,1,1
2018-03-30 06:00:00,951.4024,25.616967773437523,0.017269036,0.022415161,20.143966778740676,24.241967773437523,0.016445061,0.038269043,7.184617514414402,21.937280273437523,0.015533349,0.075683594,4.334864527555564,9,1,1
2018-03-30 07:00:00,968.1771,26.370874023437523,0.017154535,0.03237915,24.75891330090634,26.292749023437523,0.016445002,0.044815063,12.10313124061855,22.652124023437523,0.015750727,0.09259033,4.932901867264518,9,1,1
2018-03-30 08:00:00,1004.5199,27.567224121093773,0.016780639,0.037231445,28.134552088850363,28.801599121093773,0.01600244,0.046524048,15.515381595050734,24.239099121093773,0.015697265,0.10772705,5.353714560730552,9,1,1
2018-03-30 09:00:00,1027.3264,28.803155517578148,0.016536431,0.03277588,28.90924410169263,31.053155517578148,0.015643792,0.04310608,15.982771323741442,26.662530517578148,0.01502581,0.120025635,5.189269419940723,9,1,1
2018-03-30 10:00:00,1054.959,29.873437500000023,0.016330369,0.029838562,28.781055227608466,32.98281250000002,0.015578874,0.044815063,15.147292969833416,28.810937500000023,0.014552721,0.10501099,4.145811122406676,9,1,1
2018-03-30 11:00:00,1075.7787,30.641290283203148,0.016223492,0.028167725,28.117602152055035,34.36004028320315,0.015613141,0.06442261,14.069247941534789,30.266290283203148,0.015010418,0.09307861,2.2583529016367203,9,1,1
2018-03-30 12:00:00,1092.1747,31.147424316406276,0.016185302,0.035827637,27.73816361667072,35.16304931640627,0.015525359,0.09686279,13.441128654773012,31.053674316406276,0.015243071,0.1076355,1.0396314878656905,9,1,1
2018-03-30 13:00:00,1086.4439,31.335504150390648,0.016200554,0.03767395,27.562153816384647,35.46050415039065,0.015437614,0.14263916,12.948142330119229,31.335504150390648,0.015063774,0.15057373,0.9386444602134708,9,1,1
2018-03-30 14:00:00,1096.8947,31.210839843750023,0.016177686,0.04373169,27.141339045011208,35.19521484375002,0.015349897,0.17797852,12.482463583974283,30.757714843750023,0.015014203,0.2053833,2.343760363746618,9,1,1
2018-03-30 15:00:00,1101.0526,30.742059326171898,0.0161243,0.04560852,26.547360356896977,34.2420593261719,0.015292697,0.20159912,12.09820145410351,29.507684326171898,0.015567355,0.24829102,2.9931526241115045,9,1,1
2018-03-30 16:00:00,1074.2884,29.887353515625023,0.016109027,0.041427612,26.38619783442144,32.94985351562502,0.015330828,0.21362305,12.029534330035796,28.246728515625023,0.015864886,0.23071289,2.588634656825947,9,1,1
2018-03-30 17:00:00,1050.1237,28.694238281250023,0.016101357,0.047332764,26.346419320946755,31.319238281250023,0.015315529,0.16760254,11.650821031446116,26.881738281250023,0.015880104,0.2154541,2.215075235531434,9,1,1
2018-03-30 18:00:00,1082.5741,27.464715576171898,0.016139442,0.048187256,25.41311351450225,29.417840576171898,0.015296394,0.124176025,9.356597013287864,25.292840576171898,0.01616996,0.1821289,2.0815980259421223,9,1,1
2018-03-30 19:00:00,1138.3186999999998,26.771051025390648,0.01625381,0.032913208,24.55574949729744,27.692926025390648,0.015437465,0.09832764,8.156179914502223,24.067926025390648,0.01652084,0.16558838,1.8031580520324435,9,1,1
2018-03-30 20:00:00,1148.1149,26.409692382812523,0.01635291,0.022109985,24.110397185475943,26.409692382812523,0.015841741,0.05996704,8.247734924097273,23.394067382812523,0.016520757,0.1593628,1.844674832137224,9,1,1
2018-03-30 21:00:00,1143.0285,26.194635009765648,0.016360426,0.015068054,23.734922498725545,25.663385009765648,0.016024733,0.024291992,8.146355924762021,22.975885009765648,0.016299391,0.13140869,2.5300788458875694,9,1,1
2018-03-30 22:00:00,1117.713,25.977746582031276,0.016398484,0.016777039,22.78249996570833,25.055871582031276,0.016230637,0.018043518,7.422423175685297,22.665246582031276,0.016100938,0.10946655,3.336728077462141,9,1,1
2018-03-30 23:00:00,1082.0527,25.773736572265648,0.016444221,0.020805359,21.817233436086426,24.601861572265648,0.016367927,0.018470764,7.182837654884609,22.429986572265648,0.015894905,0.08633423,3.7469893844490767,9,1,1
2018-03-31 00:00:00,1044.5234,25.571618652343773,0.016451817,0.024299622,21.563487664200814,24.196618652343773,0.0164213,0.013744354,7.282607641082628,22.212243652343773,0.015719395,0.0769043,3.936055817743268,10,1,1
2018-03-31 01:00:00,998.0605,25.372399902343773,0.016413651,0.023872375,21.536605120292798,23.872399902343773,0.01642891,0.008983612,7.390824614524825,21.981774902343773,0.015582047,0.07824707,4.086838078930756,10,1,1
2018-03-31 02:00:00,991.5995,25.186791992187523,0.01638316,0.023780823,21.214417359575304,23.593041992187523,0.016421307,0.007616043,7.657650656119472,21.780541992187523,0.015494336,0.07821655,4.344186699959666,10,1,1
2018-03-31 03:00:00,978.418,25.063989257812523,0.016352762,0.027404785,20.85839126015988,23.360864257812523,0.016406167,0.012374878,7.687598385064981,21.626489257812523,0.015425789,0.0821228,4.686799862263544,10,1,1
2018-03-31 04:00:00,978.7575,24.990991210937523,0.016314745,0.02431488,19.589017071914306,23.147241210937523,0.01636815,0.024505615,6.896450672310385,21.522241210937523,0.015391588,0.08135986,4.77633141135523,10,1,1
2018-03-31 05:00:00,977.5045,24.914880371093773,0.016261443,0.020187378,18.222820236400405,23.008630371093773,0.01631485,0.029083252,6.429132113937647,21.461755371093773,0.0153916925,0.07485962,4.753215360064729,10,1,1
2018-03-31 06:00:00,939.3805,25.025048828125023,0.016200509,0.019638062,17.859544551975674,23.212548828125023,0.016375985,0.023162842,7.272330984155991,21.454736328125023,0.015403237,0.07141113,4.818532316879514,10,1,1
2018-03-31 07:00:00,985.1269,26.042871093750023,0.015788632,0.018363953,21.636478139459225,24.902246093750023,0.016658382,0.022842407,10.5644730137084,22.027246093750023,0.015636044,0.06518555,5.331759136257053,10,1,1
2018-03-31 08:00:00,1051.7238,27.302575683593773,0.015128869,0.023521423,24.25172613863032,27.693200683593773,0.016078727,0.04145813,14.156043319709164,23.333825683593773,0.015579003,0.055023193,5.699808880462898,10,1,1
2018-03-31 09:00:00,1109.1622,28.458398437500023,0.014755473,0.021987915,24.401228564241105,30.192773437500023,0.015144572,0.046722412,14.916179991442494,25.724023437500023,0.014686808,0.052703857,5.644021975025029,10,1,1
2018-03-31 10:00:00,1137.5724,29.375665283203148,0.014461759,0.015571594,24.75867568115013,32.15691528320315,0.0147020845,0.05067444,14.378107261190769,27.828790283203148,0.014057401,0.059448242,4.766723880335538,10,1,1
2018-03-31 11:00:00,1166.1013,30.084344482421898,0.014236657,0.006965637,25.24539640554,33.5687194824219,0.014526574,0.06262207,13.816735891821402,29.412469482421898,0.013771264,0.06187439,3.4909455906046274,10,1,1
2018-03-31 12:00:00,1163.5987,30.592828369140648,0.014053437,0.006193161,25.70449885908457,34.34282836914065,0.014404389,0.06451416,13.684566135295604,30.311578369140648,0.014194581,0.065216064,1.9673199827927683,10,1,1
2018-03-31 13:00:00,1183.483,30.753686523437523,0.013965612,0.007226944,25.969439049127867,34.86306152343752,0.014102941,0.043029785,13.977745225993468,30.722436523437523,0.014266973,0.072509766,1.2605365314183388,10,1,1
2018-03-31 14:00:00,1169.2738000000002,30.569024658203148,0.013915955,0.006624222,25.8768532794181,34.86589965820315,0.0137214055,0.035583496,14.22100123296933,30.647149658203148,0.014259278,0.07296753,0.8581623645907884,10,1,1
2018-03-31 15:00:00,1143.2906999999998,30.108972167968773,0.013824308,0.0053653717,25.52432849684481,34.17147216796877,0.013381803,0.028533936,14.35658318378334,30.124597167968773,0.014064634,0.06820679,0.3423546800735875,10,1,1
2018-03-31 16:00:00,1106.9396000000002,29.299645996093773,0.013808954,0.004350662,25.441795756460994,32.64339599609377,0.013141382,0.015792847,14.488747538583745,28.987145996093773,0.014030206,0.07476807,0.2584051170264311,10,1,1
2018-03-31 17:00:00,1080.9436,28.186181640625023,0.01386992,0.0038261414,25.396671575701085,30.451806640625023,0.012992539,0.0070495605,14.477388997167033,27.389306640625023,0.01450316,0.07965088,0.5090099916723406,10,1,1
2018-03-31 18:00:00,1123.2277,27.021630859375023,0.013988166,0.004983902,24.082492126064384,27.849755859375023,0.0130001595,0.004310608,13.043640112859556,25.506005859375023,0.014922767,0.09140015,0.8372445321814347,10,1,1
2018-03-31 19:00:00,1172.729,26.356317138671898,0.014110334,0.009460449,22.411263127405835,26.153192138671898,0.013194807,0.0031471252,12.058893035644571,24.215692138671898,0.0151021555,0.09814453,1.7089343826393306,10,1,1
2018-03-31 20:00:00,1146.8681,26.0800720214844,0.014049486,0.011436462,20.47101314420932,25.1113220214844,0.013477282,0.001909256,11.385784561807352,23.5956970214844,0.01513286,0.090911865,2.7425015783174995,10,1,1
2018-03-31 21:00:00,1120.6210999999998,25.913964843750023,0.013969561,0.009780884,19.372843188924445,24.242089843750023,0.013916155,0.0011043549,9.79846124830183,23.101464843750023,0.015030047,0.07998657,4.150966005612988,10,1,1
2018-03-31 22:00:00,1086.8216,25.719995117187523,0.013840053,0.010585785,19.26328581259832,23.704370117187523,0.014168117,0.0007009506,9.375368071387866,22.673120117187523,0.0150340535,0.065704346,5.065272068199095,10,1,1
2018-03-31 23:00:00,1047.8321,25.500787353515648,0.013706569,0.013141632,19.93211614067144,23.250787353515648,0.014263514,0.00061774254,9.443912398168322,22.321099853515648,0.014961604,0.060684204,5.537249719203553,10,1,1
2018-04-01 00:00:00,1002.3475,25.259118652343773,0.013565391,0.015419006,20.66945816547914,22.805993652343773,0.014297813,0.0005879402,9.563963008488397,22.040368652343773,0.014831871,0.053894043,5.847118548362391,11,1,1
2018-04-01 01:00:00,962.0304,25.030816650390648,0.013458576,0.01927948,20.97188744167322,22.405816650390648,0.014248218,0.0010333061,9.433905056004798,21.741754150390648,0.01466402,0.046310425,5.949829717812055,11,1,1
2018-04-01 02:00:00,937.5116,24.814416503906276,0.013386108,0.023712158,20.745755254605324,22.142541503906276,0.014076568,0.004825592,9.170565597413546,21.462854003906276,0.014377929,0.04159546,6.023378136487022,11,1,1
2018-04-01 03:00:00,909.9781,24.6254821777344,0.013370876,0.027420044,20.16060222816145,21.9536071777344,0.013851528,0.0064811707,8.903549536628427,21.1567321777344,0.014061336,0.03741455,6.0975062228800985,11,1,1
2018-04-01 04:00:00,896.5343,24.483178710937523,0.013370937,0.022789001,19.486181768299986,21.678491210937523,0.013630336,0.0040683746,8.549620890996323,20.873803710937523,0.013737148,0.034179688,6.254310214203734,11,1,1
2018-04-01 05:00:00,893.4079,24.376153564453148,0.013367133,0.015541077,18.707191977345133,21.337091064453148,0.013443427,0.0026216507,8.36911090189442,20.641778564453148,0.013485389,0.030189514,6.357323506943471,11,1,1
2018-04-01 06:00:00,846.7101,24.459863281250023,0.013332769,0.011371613,18.825870861564123,21.514550781250023,0.013332769,0.00233078,8.947465578254429,20.498925781250023,0.013290808,0.023170471,6.502989509927196,11,1,1
2018-04-01 07:00:00,870.6428999999999,25.477136230468773,0.012955108,0.009342194,22.32922532442331,24.070886230468773,0.013248839,0.0021038055,13.41155736904676,21.281823730468773,0.013035216,0.011817932,7.0101469937094105,11,1,1
2018-04-01 08:00:00,916.4973,26.5754333496094,0.012714793,0.0060329437,22.870305534560323,26.8410583496094,0.0127834575,0.002407074,15.729881385312352,23.1691833496094,0.0124439495,0.0038852692,6.921379966514563,11,1,1
2018-04-01 09:00:00,961.2487,27.710412597656276,0.012779666,0.002963066,21.556379141438693,29.226037597656276,0.012020541,0.003704071,14.9905689345809,25.522912597656276,0.011455966,0.0024118423,5.90418263901852,11,1,1
2018-04-01 10:00:00,1017.6784,28.665490722656276,0.012886449,0.0027074814,19.94307066388932,31.306115722656276,0.011341496,0.004322052,13.563829814917572,27.743615722656276,0.010338231,0.0025987625,4.379844089502736,11,1,1
2018-04-01 11:00:00,1067.8265,29.424096679687523,0.012924487,0.0022611618,19.05126562044429,32.95534667968752,0.010933215,0.0037641525,12.247538379204927,29.470971679687523,0.009655291,0.0024766922,2.7878473997673634,11,1,1
2018-04-01 12:00:00,1084.0664,29.997338867187523,0.012867161,0.0017576218,18.599224591243257,34.07546386718752,0.010944554,0.0028791428,10.914848782745242,30.591088867187523,0.009704777,0.0024576187,1.5550698183092244,11,1,1
2018-04-01 13:00:00,1097.6218,30.3156677246094,0.012767875,0.0014252663,18.61311126791481,34.7062927246094,0.010978782,0.0027418137,10.118962738647076,31.0500427246094,0.010719382,0.002371788,0.5975342165953769,11,1,1
2018-04-01 14:00:00,1098.6219,30.394982910156276,0.012615187,0.0020627975,19.05229062704029,34.81685791015627,0.010848982,0.005455017,9.985630457214596,31.160607910156276,0.011024458,0.002450943,0.5403007590660279,11,1,1
2018-04-01 15:00:00,1081.8061,30.1706481933594,0.012470133,0.0026874542,19.840193509727115,34.4050231933594,0.010715372,0.006412506,10.156783305559337,30.8581481933594,0.011058695,0.0029067993,0.9434618516314563,11,1,1
2018-04-01 16:00:00,1053.8086,29.536096191406276,0.012435768,0.002588272,21.21081072993885,33.34859619140627,0.010948036,0.0064964294,10.753581428984702,29.926721191406276,0.011413429,0.010761261,1.054749982890373,11,1,1
2018-04-01 17:00:00,1045.494,28.356591796875023,0.012531209,0.0025396347,22.8420932303616,31.403466796875023,0.011547017,0.0049972534,11.385896370924584,28.372216796875023,0.012115407,0.02279663,0.7560544848903739,11,1,1
2018-04-01 18:00:00,1093.7004,26.8515563964844,0.01290899,0.0019273758,23.752223361698658,28.6015563964844,0.012455041,0.003504753,10.57645325110468,26.2109313964844,0.012882287,0.03892517,0.1427497691511285,11,1,1
2018-04-01 19:00:00,1173.6403,25.747521972656276,0.013439312,0.00058221817,24.0019358044988,26.481896972656276,0.013073101,0.005422592,12.0734921289874,24.419396972656276,0.013328685,0.049179077,1.401569726217262,11,1,1
2018-04-01 20:00:00,1173.3385,25.149530029296898,0.013782829,0.0010790825,23.00787452241216,25.165155029296898,0.013565391,0.0054340363,12.658303056136171,23.430780029296898,0.013431877,0.04576111,2.6405785713402867,11,1,1
2018-04-01 21:00:00,1163.1741,24.866357421875023,0.013912427,0.0034179688,21.77743399644978,24.366357421875023,0.013912427,0.004869461,12.077723358306208,22.772607421875023,0.013534772,0.0448761,4.098288104249995,11,1,1
2018-04-01 22:00:00,1115.1973,24.713067626953148,0.0139466645,0.0069789886,20.540035978618192,23.759942626953148,0.014179361,0.010551453,10.92980786293402,22.306817626953148,0.013664377,0.042297363,5.200883306161237,11,1,1
2018-04-01 23:00:00,1035.3954,24.590386962890648,0.01399618,0.010334015,19.208097133328916,23.340386962890648,0.014324244,0.017112732,10.11739582616113,21.918511962890648,0.013839778,0.040161133,5.432485617676966,11,1,1
2018-04-02 00:00:00,994.1686,24.423303222656276,0.014118206,0.015338898,17.763592113447924,22.907678222656276,0.014385235,0.024246216,9.17696382465696,21.626428222656276,0.0139351,0.048202515,5.500538269059643,0,0,1
2018-04-02 01:00:00,954.6876,24.259240722656276,0.014240263,0.023124695,17.131535653728783,22.634240722656276,0.01440811,0.03694153,8.757939818083802,21.376428222656276,0.013984678,0.05796814,5.507208608433071,0,0,1
2018-04-02 02:00:00,935.439,24.1247497558594,0.014343274,0.024147034,16.831939445169112,22.4684997558594,0.0144233825,0.04776001,8.538864754972463,21.1872497558594,0.014022839,0.063934326,5.521959184351382,0,0,1
2018-04-02 03:00:00,931.2715,24.0239196777344,0.014419599,0.02255249,16.47957084356229,22.2582946777344,0.014427229,0.052947998,7.998714429558964,21.0395446777344,0.014022871,0.0652771,5.49318234371958,0,0,1
2018-04-02 04:00:00,890.6997,23.990136718750023,0.014423452,0.017539978,15.525071649800696,22.076074218750023,0.014404379,0.06048584,7.422072232165517,20.912011718750023,0.013977133,0.062164307,5.301604463527557,0,0,1
2018-04-02 05:00:00,934.4641,23.954522705078148,0.01441583,0.011920929,14.022907545696658,22.017022705078148,0.014377683,0.059555054,7.235565369719386,20.798272705078148,0.013923734,0.059570312,5.142026124298074,0,0,1
2018-04-02 06:00:00,956.174,24.151757812500023,0.014434907,0.007205963,13.387158865549296,22.214257812500023,0.014370057,0.054611206,8.090467184037117,20.761132812500023,0.0139199225,0.054122925,5.121931122989639,0,0,1
2018-04-02 07:00:00,1091.4697,25.4172302246094,0.014125903,0.0054855347,17.39540415610958,24.1672302246094,0.01435097,0.048431396,11.508512143001171,21.7922302246094,0.013870318,0.04359436,5.546353054365934,0,0,1
2018-04-02 08:00:00,1261.0077,26.725183105468773,0.013881742,0.0053310394,18.393530944079775,26.975183105468773,0.01384741,0.038497925,13.639793185011378,23.943933105468773,0.01353079,0.029464722,5.387287243671456,0,0,1
2018-04-02 09:00:00,1356.1763,27.920281982421898,0.013877922,0.0046691895,17.283714982285122,29.592156982421898,0.013076835,0.031074524,13.658445642151934,26.279656982421898,0.012947136,0.023612976,4.6778098938645645,0,0,1
2018-04-02 10:00:00,1451.5493,29.0075622558594,0.013729139,0.004961014,15.843330910461312,31.7731872558594,0.012447401,0.025993347,12.695465612057465,28.2888122558594,0.012321516,0.023880005,3.427765249259993,0,0,1
2018-04-02 11:00:00,1485.6023,29.894067382812523,0.0134202,0.0066719055,14.690857578328052,33.34719238281252,0.012222385,0.02684784,11.08144685986702,29.847192382812523,0.0119668,0.022575378,1.9042925255358985,0,0,1
2018-04-02 12:00:00,1499.0198,30.611596679687523,0.013080642,0.0064029694,14.252604774527592,34.36159667968752,0.012203261,0.024276733,9.55403354805464,30.861596679687523,0.012382552,0.022605896,0.2032813403131576,0,0,1
2018-04-02 13:00:00,1534.2009,31.102075195312523,0.0128171975,0.005887985,14.750614859486712,34.99270019531252,0.011829191,0.020248413,8.864206620552165,31.398950195312523,0.012428098,0.03326416,1.187830375591075,0,0,1
2018-04-02 14:00:00,1539.76,31.271539306640648,0.0126530025,0.005241394,16.015981369891847,35.24028930664065,0.011306414,0.015716553,8.691989828547053,31.459039306640648,0.012191424,0.058135986,2.320239090191717,0,0,1
2018-04-02 15:00:00,1505.3198,31.0351501464844,0.012599497,0.0037498474,17.448181110014062,34.9257751464844,0.011096506,0.009750366,8.877854610784881,30.5976501464844,0.012881785,0.0914917,3.100916147217165,0,0,1
2018-04-02 16:00:00,1436.4035,30.3864685058594,0.01272911,0.003709793,18.655999208231105,34.0583435058594,0.011100234,0.0057678223,8.939980342254533,29.1364685058594,0.013514938,0.10998535,3.302660134336623,0,0,1
2018-04-02 17:00:00,1289.4411,29.245782470703148,0.013026599,0.004386902,19.676792009848256,32.51140747070315,0.011329059,0.0031604767,8.619613146144355,27.730157470703148,0.01376665,0.119140625,3.1981585747658205,0,0,1
2018-04-02 18:00:00,1273.5318000000002,27.797021484375023,0.013511032,0.0034666061,20.545243919931742,29.765771484375023,0.01208052,0.0017652512,5.649986192804531,26.343896484375023,0.013873428,0.09970093,3.119950562232149,0,0,1
2018-04-02 19:00:00,1300.7676,26.616998291015648,0.014113755,0.0024719238,21.188188595005,27.835748291015648,0.01266417,0.0009989738,4.827782989536209,25.179498291015648,0.01430449,0.06967163,2.68569072768132,0,0,1
2018-04-02 20:00:00,1273.9722,25.914025878906276,0.014567797,0.002418518,19.92915315121812,26.445275878906276,0.013278429,0.00025236607,4.272953306450522,24.460900878906276,0.014480059,0.038360596,2.3470968840000386,0,0,1
2018-04-02 21:00:00,1231.9516,25.591363525390648,0.014869347,0.0026054382,17.85792716818334,25.481988525390648,0.013423577,0.000114023685,4.143875292786836,23.856988525390648,0.014529839,0.027412415,2.2408480577090324,0,0,1
2018-04-02 22:00:00,1148.4394,25.360131835937523,0.01508301,0.0028934479,16.749131164791525,24.719506835937523,0.0135685755,5.00381e-05,4.62628399320831,23.375756835937523,0.01451462,0.026367188,2.358849866417719,0,0,1
2018-04-02 23:00:00,1077.8275,25.120233154296898,0.0152890505,0.0034618378,16.593474408463585,24.073358154296898,0.013900501,3.6731362e-05,5.056066468707302,22.971795654296898,0.014499408,0.02960205,2.6290175130122235,0,0,1
2018-04-03 00:00:00,1021.4352,24.914971923828148,0.01550647,0.004415512,16.51369035979894,23.555596923828148,0.014190399,0.0007381439,5.355213790600894,22.618096923828148,0.01449176,0.03475952,2.9514939954006114,0,0,1
2018-04-03 01:00:00,986.9267,24.734887695312523,0.0157125,0.0078105927,15.986837637917414,23.039575195312523,0.01451087,0.0028839111,5.415054032328271,22.336450195312523,0.014484167,0.03816223,3.301694590954172,0,0,1
2018-04-03 02:00:00,956.9206,24.620263671875023,0.015888123,0.013664246,14.913064111750204,22.596826171875023,0.014812378,0.0028276443,5.444022219801045,22.143701171875023,0.014461426,0.03918457,3.654821921001208,0,0,1
2018-04-03 03:00:00,935.9229,24.551599121093773,0.01601034,0.0206604,13.236795932968256,22.254724121093773,0.0150375925,0.005504608,5.388480965860954,21.957849121093773,0.014415797,0.041671753,3.7965938209687984,0,0,1
2018-04-03 04:00:00,941.7955,24.542169189453148,0.016063713,0.022888184,11.625076844976611,21.956231689453148,0.015171072,0.011592865,5.231289869587232,21.815606689453148,0.014415762,0.04750061,3.7350934653479895,0,0,1
2018-04-03 05:00:00,961.1267,24.466607666015648,0.016094215,0.02431488,10.31361728233762,21.724420166015648,0.015235907,0.01663971,5.238892909444321,21.700982666015648,0.014434821,0.049987793,3.698764568995036,0,0,1
2018-04-03 06:00:00,965.9938,24.611047363281276,0.016109435,0.02658844,11.001191695424748,22.025109863281276,0.015247314,0.020690918,6.08306603597818,21.665734863281276,0.014465301,0.05001831,3.7078305790167447,0,0,1
2018-04-03 07:00:00,1098.5673000000002,25.527764892578148,0.015933916,0.04168701,14.476238992270336,24.527764892578148,0.015041276,0.022369385,9.784415133798138,22.621514892578148,0.014411851,0.04371643,4.140344039885541,0,0,1
2018-04-03 08:00:00,1268.6341,26.671502685546898,0.015659241,0.05911255,15.24829709410266,27.296502685546898,0.014293579,0.018577576,10.62560943650842,24.562127685546898,0.013996033,0.025856018,3.807269503854657,0,0,1
2018-04-03 09:00:00,1365.1017000000002,27.810479736328148,0.015502871,0.06851196,15.116301209484394,29.872979736328148,0.013229311,0.012020111,9.752237292137044,26.732354736328148,0.013381899,0.022827148,2.8461747448286774,0,0,1
2018-04-03 10:00:00,1443.8049,28.807550048828148,0.015483707,0.087127686,14.783289656777068,32.16692504882815,0.012233585,0.0060577393,8.434674575760146,28.604425048828148,0.012901157,0.036865234,1.440318662134067,0,0,1
2018-04-03 11:00:00,1490.3179,29.561547851562523,0.0154874455,0.10140991,14.235156341112246,33.88967285156252,0.011935962,0.0024576187,6.781297984151228,30.077172851562523,0.012847675,0.052230835,0.2714312718276584,0,0,1
2018-04-03 12:00:00,1473.6377,30.198754882812523,0.015460751,0.10760498,13.700602625380537,35.21437988281252,0.011379025,0.0008480549,5.402888574496544,30.886254882812523,0.013480923,0.06277466,1.845717145594069,0,0,1
2018-04-03 13:00:00,1510.8718,30.6650329589844,0.015392155,0.115234375,13.51521024246198,36.0400329589844,0.010997624,0.00026905537,4.3803620596394826,31.2275329589844,0.013629765,0.07962036,3.1721752682328743,0,0,1
2018-04-03 14:00:00,1506.2077,30.727593994140648,0.0153272925,0.14849854,13.95802612756136,36.22759399414065,0.011073905,8.46684e-05,3.820115235273224,30.930718994140648,0.013805228,0.10775757,4.240290103020769,0,0,1
2018-04-03 15:00:00,1477.6852,30.4277282714844,0.015319672,0.18493652,15.062040400794189,35.8808532714844,0.011150208,4.2781234e-05,3.704867058967377,30.1777282714844,0.01390442,0.14147949,5.0160832903394414,0,0,1
2018-04-03 16:00:00,1392.0189,29.755181884765648,0.015331048,0.18939209,16.76734803005346,34.98955688476565,0.011226433,2.925098e-05,3.898861014500028,29.020806884765648,0.014091271,0.16412354,5.34651523719699,0,0,1
2018-04-03 17:00:00,1266.7927,28.7165466308594,0.015403347,0.15093994,18.41390407825892,33.4196716308594,0.011493282,7.2062016e-05,3.8243682339591754,27.5915466308594,0.014403896,0.18603516,4.934048335138218,0,0,1
2018-04-03 18:00:00,1246.9198,27.476525878906276,0.015490781,0.10360718,19.47017748453508,30.023400878906276,0.013316403,0.00021380186,1.2944195300316377,26.101525878906276,0.014701138,0.17779541,4.0946982949589215,0,0,1
2018-04-03 19:00:00,1311.4822,26.528039550781276,0.015608764,0.08163452,20.17094921868608,28.231164550781276,0.013556457,0.0006251335,1.6583553090708132,25.028039550781276,0.015017486,0.15362549,3.1543826541161533,0,0,1
2018-04-03 20:00:00,1267.1298,25.940759277343773,0.01576496,0.05784607,19.673508490869956,27.143884277343773,0.013716468,0.0021133423,2.403991116527958,24.284509277343773,0.015223273,0.13885498,2.3058814428825403,0,0,1
2018-04-03 21:00:00,1226.7673000000002,25.626306152343773,0.015963165,0.041366577,18.20690630153168,26.532556152343773,0.013655273,0.0035085678,3.5304254983783783,23.704431152343773,0.015272705,0.14086914,2.061627817407236,0,0,1
2018-04-03 22:00:00,1191.5338000000002,25.457299804687523,0.016077505,0.030906677,17.260375456897975,25.832299804687523,0.013624654,0.0022563934,4.543735526165479,23.285424804687523,0.015223012,0.12731934,2.385561402662187,0,0,1
2018-04-03 23:00:00,1125.2006,25.341241455078148,0.016123263,0.026649475,16.998125767332432,24.950616455078148,0.01371619,0.0036144257,5.092019647744653,22.981866455078148,0.015108555,0.109954834,2.7275835581427,0,0,1
2018-04-04 00:00:00,1060.8887,25.217462158203148,0.01618432,0.025680542,16.765126927524175,24.279962158203148,0.013815393,0.001832962,5.4817565301148266,22.701837158203148,0.014933099,0.11260986,2.952744116062448,0,0,1
2018-04-04 01:00:00,1019.9557,25.085015869140648,0.01626063,0.02746582,16.58850329195751,23.600640869140648,0.0138802575,0.00036036968,5.632778709617138,22.460015869140648,0.0147500085,0.11383057,3.123610060764074,0,0,1
2018-04-04 02:00:00,992.9919,24.9716735839844,0.016306391,0.0309906,16.363667562281606,22.9091735839844,0.013926019,0.001616478,5.844133634163405,22.2529235839844,0.014593591,0.115997314,3.26831496719058,0,0,1
2018-04-04 03:00:00,975.7067,24.920709228515648,0.016352125,0.037841797,15.869210370039044,22.358209228515648,0.014063306,0.0019655228,5.892388868874088,22.076959228515648,0.014471479,0.12005615,3.40510128425161,0,0,1
2018-04-04 04:00:00,979.5246,24.878686523437523,0.016397865,0.046829224,14.35002763592654,21.909936523437523,0.014250191,0.0052814484,5.63727262254094,21.956811523437523,0.014364632,0.12780762,3.414399768921756,0,0,1
2018-04-04 05:00:00,984.9263,24.802148437500023,0.016435988,0.0446167,12.26453935656216,21.536523437500023,0.014467604,0.011688232,5.369136923368586,21.895898437500023,0.014273055,0.15100098,3.352919984151164,0,0,1
2018-04-04 06:00:00,963.5822,24.918817138671898,0.016466504,0.034561157,11.35913779492492,21.825067138671898,0.014696484,0.015922546,5.639580285708343,21.887567138671898,0.014208203,0.16278076,3.334429925467987,0,0,1
2018-04-04 07:00:00,1093.3792,25.740594482421898,0.01629865,0.03488159,13.07379590648014,24.615594482421898,0.014795659,0.019241333,9.114966503757657,22.474969482421898,0.014105199,0.16088867,3.702627893231355,0,0,1
2018-04-04 08:00:00,1280.6213,26.784326171875023,0.016039228,0.034347534,13.702892020494865,27.612451171875023,0.014086103,0.017173767,9.70901920586314,23.737451171875023,0.013704633,0.1484375,3.447748137597408,0,0,1
2018-04-04 09:00:00,1369.0306,28.015039062500023,0.015848443,0.035339355,13.574747747111363,30.155664062500023,0.013029383,0.0118255615,8.329016464072398,25.218164062500023,0.0131056765,0.14160156,2.6980818610755573,0,0,1
2018-04-04 10:00:00,1454.9158,29.187707519531276,0.01559666,0.047470093,13.45784326627557,32.50020751953127,0.011900218,0.00674057,6.38575661115801,26.765832519531276,0.012518199,0.119903564,1.7501496428133467,0,0,1
2018-04-04 11:00:00,1503.3379,30.1833435058594,0.015344931,0.054336548,13.2989667333337,34.3708435058594,0.011331869,0.0036745071,4.202491498095498,28.2302185058594,0.01213677,0.10507202,1.2651832572595645,0,0,1
2018-04-04 12:00:00,1521.2829,30.960382080078148,0.015150496,0.052581787,13.40603098870494,35.69475708007815,0.011183211,0.0023508072,2.6398238552458104,29.304132080078148,0.012052962,0.10189819,2.064881139756628,0,0,1
2018-04-04 13:00:00,1533.2297,31.493249511718773,0.014982703,0.047210693,13.863444945013065,36.54012451171877,0.010866645,0.0025424957,2.6441980347534524,29.836999511718773,0.012415412,0.10067749,3.0912535981844926,0,0,1
2018-04-04 14:00:00,1547.5699,31.750207519531276,0.014799593,0.037002563,14.555838099900924,36.78145751953127,0.010687349,0.007390976,4.041937623265135,29.984582519531276,0.012651918,0.10824585,4.226408941331598,0,0,1
2018-04-04 15:00:00,1528.5031,31.636437988281276,0.0146774845,0.035751343,15.589717880348806,36.41768798828127,0.010599573,0.012508392,5.686401992279287,29.714562988281276,0.012876947,0.11367798,5.1859133212683,0,0,1
2018-04-04 16:00:00,1421.9344,31.090234375000023,0.014711929,0.029075623,16.841343878902922,35.46523437500002,0.010691238,0.019081116,6.663448702774109,29.058984375000023,0.013273788,0.096588135,5.764276739509553,0,0,1
2018-04-04 17:00:00,1314.912,30.017236328125023,0.01494098,0.026977539,18.407731927822137,33.81411132812502,0.011214021,0.047286987,6.177058922996557,28.032861328125023,0.013853791,0.07739258,5.951341025912888,0,0,1
2018-04-04 18:00:00,1311.575,28.501580810546898,0.015410229,0.026229858,20.214103315243925,31.423455810546898,0.014391704,0.054534912,4.996409880156074,26.548455810546898,0.01495628,0.06738281,5.599730716770388,0,0,1
2018-04-04 19:00:00,1344.5839999999998,27.255181884765648,0.015848888,0.02809143,21.39068156778952,30.177056884765648,0.015124097,0.0440979,3.858492333175558,25.177056884765648,0.015970958,0.06311035,4.750175653522599,0,0,1
2018-04-04 20:00:00,1311.093,26.535943603515648,0.016123576,0.029716492,20.431117525835248,29.317193603515648,0.015280527,0.021438599,2.8415176348792617,24.301568603515648,0.015856547,0.0597229,3.88161897978612,0,0,1
2018-04-04 21:00:00,1277.8922,26.165917968750023,0.016268577,0.02797699,18.55829675422744,28.650292968750023,0.015059319,0.0060157776,2.5031591777396978,23.728417968750023,0.01555523,0.05392456,3.310180656769883,0,0,1
2018-04-04 22:00:00,1214.9719,25.972772216796898,0.016283937,0.024528503,17.07763108274791,27.957147216796898,0.015055604,0.0073776245,2.337284398463034,23.316522216796898,0.015540071,0.05517578,2.9672117114774204,0,0,1
2018-04-04 23:00:00,1129.7329,25.793115234375023,0.01626107,0.024131775,15.748816571052949,27.339990234375023,0.015212028,0.008811951,2.2029032559098165,23.074365234375023,0.015517204,0.06866455,2.894514377560262,0,0,1
2018-04-05 00:00:00,1075.3787,25.606103515625023,0.016230542,0.026550293,14.479068164664197,26.684228515625023,0.015288311,0.011756897,2.252825917407595,22.793603515625023,0.015505749,0.076416016,2.8413530228847184,0,0,1
2018-04-05 01:00:00,1033.2253,25.433007812500023,0.016192487,0.026313782,14.031077393147685,26.042382812500023,0.015284588,0.015041351,2.433563328242086,22.542382812500023,0.015402843,0.08023071,2.7669747165783494,0,0,1
2018-04-05 02:00:00,1003.038,25.307458496093773,0.016162196,0.031692505,14.226464714707184,25.448083496093773,0.015223781,0.018798828,2.7336815945579334,22.323083496093773,0.015254298,0.090026855,2.761593228823493,0,0,1
2018-04-05 03:00:00,973.9587,25.1933532714844,0.016116533,0.040542603,14.88819993533312,24.9589782714844,0.015143787,0.02332306,3.2140389047961087,22.1464782714844,0.01509801,0.101379395,2.780182612616853,0,0,1
2018-04-05 04:00:00,965.0842,25.093530273437523,0.01608582,0.037475586,14.803270370417072,24.577905273437523,0.015132146,0.024932861,3.7088937757373657,21.999780273437523,0.01495667,0.11264038,2.807899282703249,0,0,1
2018-04-05 05:00:00,999.7693,24.941979980468773,0.01607038,0.028282166,13.905013315138875,24.285729980468773,0.015139595,0.025382996,4.073078395172406,21.910729980468773,0.014807716,0.12033081,2.750168158851797,0,0,1
2018-04-05 06:00:00,996.2804,25.087945556640648,0.016093146,0.022499084,13.649709140906545,24.447320556640648,0.015200507,0.028999329,5.110550166782648,21.916070556640648,0.014712226,0.12701416,2.700569998656249,0,0,1
2018-04-05 07:00:00,1138.5272,26.028192138671898,0.015863948,0.027961731,15.886688101227508,26.496942138671898,0.015211635,0.030258179,8.429899897405274,22.668817138671898,0.014624172,0.13977051,3.0128528071804284,0,0,1
2018-04-05 08:00:00,1305.476,27.109063720703148,0.01548975,0.038238525,15.95716898655365,28.765313720703148,0.015012912,0.04460144,8.306864682567797,23.968438720703148,0.014440708,0.15655518,2.717005013145003,0,0,1
2018-04-05 09:00:00,1407.5173,28.216607666015648,0.0152873695,0.04168701,14.908785346002002,30.872857666015648,0.014554948,0.087249756,6.495212332269976,25.388482666015648,0.014169663,0.16711426,2.184205905770934,0,0,1
2018-04-05 10:00:00,1475.3801,29.246911621093773,0.015146274,0.035064697,14.411173395672428,32.29378662109377,0.013963718,0.1149292,4.387549649471184,26.700036621093773,0.013830204,0.16192627,1.7354793434990912,0,0,1
2018-04-05 11:00:00,1495.9166,30.207635498046898,0.014989895,0.027648926,14.479946512787386,33.7701354980469,0.013643307,0.12646484,3.4279705447486077,27.879510498046898,0.013513607,0.15197754,1.7626390889254449,0,0,1
2018-04-05 12:00:00,1510.8257,30.976525878906276,0.014791467,0.023887634,14.599664710388446,34.83590087890627,0.013563135,0.14581299,4.242425752978035,28.835900878906276,0.013315179,0.13677979,2.375746348713322,0,0,1
2018-04-05 13:00:00,1539.9237,31.490319824218773,0.014539619,0.027267456,14.66517674825698,35.41219482421877,0.013284584,0.18817139,5.265235027055936,29.537194824218773,0.013231178,0.12536621,3.2903802633974903,0,0,1
2018-04-05 14:00:00,1535.0696999999998,31.684899902343773,0.01432975,0.019500732,14.783735266507438,34.74739990234377,0.013154823,0.22711182,5.636149137588116,29.919274902343773,0.013261635,0.11709595,4.313790242779256,0,0,1
2018-04-05 15:00:00,1516.7948,31.606652832031276,0.01417713,0.021606445,15.060504195447567,33.95040283203127,0.013147161,0.26489258,5.552464479266668,29.716027832031276,0.01347904,0.11367798,5.2212925803594645,0,0,1
2018-04-05 16:00:00,1443.8011,31.1533142089844,0.014127573,0.017845154,15.727157769797865,32.8408142089844,0.013185343,0.25683594,5.194662208185757,28.9658142089844,0.013887247,0.12097168,5.701543358111794,0,0,1
2018-04-05 17:00:00,1312.5023,30.262597656250023,0.014245912,0.009319305,16.664300581764437,31.653222656250023,0.013311312,0.22283936,4.388907925581925,27.778222656250023,0.014425203,0.124176025,5.738847013437468,0,0,1
2018-04-05 18:00:00,1314.1645,28.955407714843773,0.014623536,0.012321472,17.360709428838405,30.111657714843773,0.015233887,0.17059326,3.3344336321322587,26.205407714843773,0.015378846,0.12646484,5.302326825239813,0,0,1
2018-04-05 19:00:00,1341.2552,27.819451904296898,0.015230066,0.010658264,18.374642679282463,29.256951904296898,0.015489466,0.11364746,2.409740078945734,24.772576904296898,0.0164584,0.1328125,4.517562051588624,0,0,1
2018-04-05 20:00:00,1312.7535,27.001550292968773,0.015703129,0.011070251,18.57498359525426,28.501550292968773,0.015855717,0.06604004,1.7226447031062306,23.814050292968773,0.01668732,0.1361084,3.803242544772831,0,0,1
2018-04-05 21:00:00,1267.0486999999998,26.5327087402344,0.016000748,0.011829376,17.577122315152614,28.0795837402344,0.015604019,0.047821045,1.2869056690965357,23.2202087402344,0.016778946,0.14733887,3.4340454221108674,0,0,1
2018-04-05 22:00:00,1207.1078,26.274560546875023,0.01611527,0.012123108,16.450715719033536,27.462060546875023,0.01600083,0.053115845,0.9359012991602216,22.883935546875023,0.016840063,0.18634033,3.188609493364612,0,0,1
2018-04-05 23:00:00,1145.0162,26.0739685058594,0.016084792,0.017356873,15.539091929412178,26.8708435058594,0.016290786,0.06933594,0.7688808876355449,22.6833435058594,0.016847732,0.2185669,2.954647521863579,0,0,1
2018-04-06 00:00:00,1081.9252,25.865991210937523,0.016023815,0.027832031,14.061616671475845,26.209741210937523,0.01658076,0.08065796,0.9647689691513888,22.569116210937523,0.016786754,0.23840332,2.6158379252736683,0,0,1
2018-04-06 01:00:00,1041.2763,25.656945800781276,0.016039144,0.037475586,12.546296796005466,25.547570800781276,0.016680013,0.086883545,1.7279156052722835,22.453820800781276,0.016680013,0.25512695,2.280269207119336,0,0,1
2018-04-06 02:00:00,1012.5814,25.508630371093773,0.01606209,0.04623413,11.79223429002245,24.914880371093773,0.01669533,0.08718872,3.183618520441404,22.352380371093773,0.01657326,0.28344727,1.9599451723020664,0,0,1
2018-04-06 03:00:00,999.9502,25.358209228515648,0.016069774,0.04852295,11.077289752759992,24.342584228515648,0.01662672,0.09237671,4.589336383194236,22.233209228515648,0.016458873,0.34313965,1.817216198892205,0,0,1
2018-04-06 04:00:00,1003.25,25.2224060058594,0.016069818,0.041778564,10.13338946862316,23.8161560058594,0.0165581,0.08377075,5.394633773945427,22.1130310058594,0.016336847,0.36975098,1.9882623326089253,0,0,1
2018-04-06 05:00:00,1006.1207,25.093225097656276,0.016069839,0.032577515,9.028200979893482,23.452600097656276,0.016535232,0.07321167,5.7913607809766585,21.983850097656276,0.016222427,0.35876465,2.388403194410213,0,0,1
2018-04-06 06:00:00,1004.4534,25.220239257812523,0.016138483,0.023284912,8.941963679585234,23.392114257812523,0.016596247,0.06097412,6.753313853294443,21.860864257812523,0.016115595,0.33776855,2.979685981322023,0,0,1
2018-04-06 07:00:00,1112.3728999999998,26.073571777343773,0.016008686,0.032211304,10.845029608341813,24.464196777343773,0.01697762,0.053848267,9.238621029692334,22.089196777343773,0.016199421,0.3441162,3.5973363320324245,0,0,1
2018-04-06 08:00:00,1282.3072000000002,27.072412109375023,0.015733931,0.045303345,11.443197903526675,26.791162109375023,0.0163748,0.054397583,10.816162984805064,22.556787109375023,0.016290877,0.3215332,4.113122931147891,0,0,1
2018-04-06 09:00:00,1369.0739999999998,28.207971191406276,0.015535413,0.034240723,11.115079194686398,29.567346191406276,0.014986097,0.054138184,10.620614099366206,23.395471191406276,0.015779553,0.27478027,4.199808061846119,0,0,1
2018-04-06 10:00:00,1434.5254,29.308496093750023,0.015294972,0.029029846,10.411402203229033,31.745996093750023,0.013906422,0.047454834,9.310824352280443,24.870996093750023,0.014551106,0.22845459,3.749179391719954,0,0,1
2018-04-06 11:00:00,1481.2261,30.284448242187523,0.014993531,0.020118713,9.743721968419027,33.37819824218752,0.013406617,0.05307007,7.462159406854404,26.175073242187523,0.013616425,0.20959473,2.60105381296846,0,0,1
2018-04-06 12:00:00,1485.1649,31.084985351562523,0.0146463495,0.013614655,9.358704355504832,34.16311035156252,0.013295947,0.08468628,5.714967441015537,27.147485351562523,0.013093768,0.18847656,1.3902361285377327,0,0,1
2018-04-06 13:00:00,1516.498,31.597283935546898,0.01432207,0.0107421875,9.380934950019588,34.3472839355469,0.013162402,0.13476562,4.22739580383569,27.847283935546898,0.01288393,0.17089844,1.4784479365104424,0,0,1
2018-04-06 14:00:00,1520.009,31.826226806640648,0.014047399,0.008308411,9.924104995153668,33.59185180664065,0.013265386,0.19458008,2.4119834643409206,28.060601806640648,0.012990728,0.1887207,2.8122291739722987,0,0,1
2018-04-06 15:00:00,1439.6492,31.706689453125023,0.01389095,0.009971619,10.99243292886323,32.53481445312502,0.013303487,0.2467041,2.901677537649768,27.503564453125023,0.01332256,0.21160889,4.082014199837299,0,0,1
2018-04-06 16:00:00,1351.1123,31.1967712402344,0.013902328,0.013320923,12.487324811376704,31.0092712402344,0.0137573695,0.29052734,6.315683325904483,26.3842712402344,0.013803146,0.2164917,4.618608105535642,0,0,1
2018-04-06 17:00:00,1260.5823,30.249566650390648,0.01412734,0.017936707,13.84885279452292,29.155816650390648,0.014707174,0.28735352,7.882893644280077,25.187066650390648,0.014356222,0.21032715,4.3569793222009805,0,0,1
2018-04-06 18:00:00,1290.2263,29.010827636718773,0.014642285,0.02143097,14.31200574529542,27.245202636718773,0.015672253,0.25268555,8.076891934345278,23.917077636718773,0.01571803,0.20385742,3.495972438646873,0,0,1
2018-04-06 19:00:00,1316.8416,27.966516113281276,0.015267872,0.018554688,14.48333990157622,26.060266113281276,0.016160512,0.17999268,7.634099749718199,23.075891113281276,0.016297841,0.18658447,2.777493660659492,0,0,1
2018-04-06 20:00:00,1279.3301,27.219934082031276,0.01571802,0.018188477,13.600060698429862,25.407434082031276,0.016389407,0.112701416,6.462260034116173,22.626184082031276,0.016168155,0.16204834,2.1423263671739585,0,0,1
2018-04-06 21:00:00,1239.1704,26.6828552246094,0.015847767,0.016693115,11.93912254291439,24.9953552246094,0.016511524,0.0741272,5.20012754137177,22.2922302246094,0.015832508,0.13519287,1.9147211191977969,0,0,1
2018-04-06 22:00:00,1181.7109,26.297875976562523,0.015969906,0.018180847,11.125622884050378,24.766625976562523,0.016709957,0.053207397,3.8975253984114335,22.016625976562523,0.015710507,0.11154175,1.851774542533492,0,0,1
2018-04-06 23:00:00,1103.9449,25.983483886718773,0.016053772,0.021995544,10.679041806216782,24.545983886718773,0.016748047,0.04206848,3.185323465770588,21.842858886718773,0.015596009,0.11608887,1.865154617282012,0,0,1
2018-04-07 00:00:00,1051.4319,25.734887695312523,0.016091831,0.027664185,10.426471326450242,24.297387695312523,0.016648777,0.034561157,3.081944639200101,21.781762695312523,0.015542515,0.11077881,1.8625954110714005,0,0,1
2018-04-07 01:00:00,1009.1347,25.506921386718773,0.016114706,0.025222778,10.155304684822468,24.006921386718773,0.016519064,0.030021667,3.225761354754148,21.678796386718773,0.015477652,0.088653564,1.7105075431809058,0,0,1
2018-04-07 02:00:00,980.5319,25.327813720703148,0.016114688,0.023338318,9.782658188338097,23.734063720703148,0.016419863,0.02734375,3.469076926831356,21.609063720703148,0.01537845,0.080841064,1.876228738622391,0,0,1
2018-04-07 03:00:00,956.5216,25.160791015625023,0.016107054,0.020149231,9.213393749015054,23.504541015625023,0.016366454,0.024139404,3.861841853095688,21.504541015625023,0.015260191,0.08288574,2.197463633656257,0,0,1
2018-04-07 04:00:00,940.7885,25.0222106933594,0.016122296,0.014755249,8.0262827480844,23.2878356933594,0.016343549,0.02053833,4.219003959641245,21.4440856933594,0.015187696,0.09701538,2.5475456599822137,0,0,1
2018-04-07 05:00:00,954.4724,24.946893310546898,0.016229082,0.01449585,6.67997313842398,23.134393310546898,0.016366411,0.017929077,4.507637771049699,21.415643310546898,0.015160967,0.10046387,2.901385083421016,0,0,1
2018-04-07 06:00:00,925.246,25.185174560546898,0.016328234,0.012111664,6.78120275243657,23.341424560546898,0.016526598,0.01863861,5.41167836989929,21.388299560546898,0.015191455,0.08920288,3.26962102951332,0,0,1
2018-04-07 07:00:00,992.5167,26.202111816406276,0.015954359,0.0105781555,9.05583032618923,24.717736816406276,0.01694618,0.02646637,8.082450929699844,22.123986816406276,0.015710218,0.07281494,3.280536622019615,0,0,1
2018-04-07 08:00:00,1127.7153,27.2951599121094,0.016045867,0.009056091,9.262814276301816,27.1389099121094,0.016228972,0.039611816,8.484555432840565,23.4826599121094,0.015778838,0.050857544,3.0420439746544905,0,0,1
2018-04-07 09:00:00,1228.911,28.3561950683594,0.0161145,0.008422852,9.036567519584564,29.8093200683594,0.014947201,0.049240112,7.251311711004525,26.2311950683594,0.014603878,0.03895569,2.2626512382077224,0,0,1
2018-04-07 10:00:00,1319.8313,29.396081542968773,0.016022949,0.007083893,9.186017323961623,32.06795654296877,0.014027862,0.052856445,5.00454605764934,28.630456542968773,0.013654022,0.04295349,1.399269747164151,0,0,1
2018-04-07 11:00:00,1339.3364,30.301843261718773,0.015817003,0.0059223175,9.678977893746165,33.62996826171877,0.01376851,0.08236694,2.316594894472912,30.270593261718773,0.0132954875,0.054534912,2.3212363328670027,0,0,1
2018-04-07 12:00:00,1321.561,31.056420898437523,0.015500417,0.0049114227,10.196624107442451,34.54079589843752,0.013947835,0.14904785,0.2160685233039899,31.181420898437523,0.013413778,0.08554077,3.791894112496838,0,0,1
2018-04-07 13:00:00,1312.2151,31.635308837890648,0.015153238,0.004743576,10.889148889495344,34.83843383789065,0.013943979,0.21966553,2.3874919242123136,31.307183837890648,0.013615915,0.1428833,5.071712047053373,0,0,1
2018-04-07 14:00:00,1312.8407000000002,31.956567382812523,0.0148709,0.007165909,11.91945994542643,34.48781738281252,0.013940114,0.27075195,4.515840155415726,30.753442382812523,0.014008778,0.19042969,5.966857699669522,0,0,1
2018-04-07 15:00:00,1284.717,31.949609375000023,0.014691557,0.01083374,13.18306170801436,33.32460937500002,0.014176573,0.2640381,6.227318665120487,29.574609375000023,0.014584745,0.22851562,6.249032090579452,0,0,1
2018-04-07 16:00:00,1247.0246,31.590234375000023,0.014558004,0.010448456,13.82735849305672,32.15273437500002,0.014607595,0.25280762,7.230603979691655,28.371484375000023,0.015076803,0.26550293,6.143453593588837,0,0,1
2018-04-07 17:00:00,1209.9015000000002,30.865258789062523,0.014535091,0.0065574646,13.75869881421578,30.552758789062523,0.015656611,0.23199463,7.268040928978902,27.084008789062523,0.015538356,0.28845215,5.942112453407083,0,0,1
2018-04-07 18:00:00,1246.2679,29.7499938964844,0.014878382,0.0029802322,13.210409446914468,28.5781188964844,0.01702987,0.21710205,7.083245662670243,25.6718688964844,0.016068567,0.30541992,5.527278102525352,0,0,1
2018-04-07 19:00:00,1296.4923,28.739068603515648,0.015477253,0.0019335747,13.694278641720777,27.270318603515648,0.017785145,0.21154785,7.1081032060205045,24.473443603515648,0.016686512,0.3145752,5.245934236306981,0,0,1
2018-04-07 20:00:00,1292.4367,27.924096679687523,0.016114304,0.0021238327,13.861780812188464,26.455346679687523,0.01817424,0.20397949,7.1828783066701485,23.658471679687523,0.017212937,0.32299805,5.080752009802036,0,0,1
2018-04-07 21:00:00,1250.5569,27.264764404296898,0.016602581,0.0032072067,13.459573870824428,25.921014404296898,0.018464154,0.19506836,7.019373196715507,23.358514404296898,0.017418927,0.34301758,5.04765891019122,0,0,1
2018-04-07 22:00:00,1208.1517,26.7858825683594,0.016877268,0.0048503876,13.26470144339194,25.6140075683594,0.018647287,0.18817139,6.42972780235888,23.2702575683594,0.017518137,0.34545898,4.897401749470983,0,0,1
2018-04-07 23:00:00,1156.4471,26.417016601562523,0.017075675,0.0032625198,12.69716822975452,25.417016601562523,0.018746512,0.1831665,5.944565052262739,23.182641601562523,0.017571585,0.34277344,4.738279211133501,0,0,1
2018-04-08 00:00:00,1105.8649,26.101159667968773,0.01722831,0.0034837723,11.575083062881133,25.241784667968773,0.018769449,0.1550293,5.806627824232232,23.101159667968773,0.017564004,0.33911133,4.632494653409456,0,0,1
2018-04-08 01:00:00,1065.6798,25.835778808593773,0.017327528,0.0059890747,10.58289902484284,25.054528808593773,0.018754225,0.112976074,5.728993291647512,22.992028808593773,0.017525893,0.321167,4.542205697132425,0,0,1
2018-04-08 02:00:00,1028.316,25.618280029296898,0.017449608,0.012931824,10.117778796970402,24.915155029296898,0.018708458,0.107788086,5.122813630228146,22.883905029296898,0.017464867,0.27722168,4.424092797856461,0,0,1
2018-04-08 03:00:00,1006.0345,25.470727539062523,0.017533494,0.016105652,9.696750198726578,24.798852539062523,0.018616868,0.1166687,4.271450014329391,22.783227539062523,0.017380906,0.2321167,4.28710991110831,0,0,1
2018-04-08 04:00:00,976.6305,25.365289306640648,0.017686041,0.018333435,8.818128033717981,24.724664306640648,0.018532904,0.11819458,3.735069061008502,22.693414306640648,0.017258795,0.21356201,4.156520776174294,0,0,1
2018-04-08 05:00:00,984.8775,25.321984863281276,0.017815698,0.02117157,7.995524499232195,24.634484863281276,0.01841079,0.107788086,3.4259333835344985,22.587609863281276,0.017136682,0.20959473,3.9060225348811377,0,0,1
2018-04-08 06:00:00,918.9453,25.516259765625023,0.017846161,0.018310547,8.49280483216448,24.781884765625023,0.018464142,0.100982666,3.321141574168002,22.578759765625023,0.017067963,0.2107544,3.691872668636084,0,0,1
2018-04-08 07:00:00,950.9987,26.187799072265648,0.017533317,0.02254486,10.6984598923108,25.922174072265648,0.018776909,0.113983154,4.033512123075506,23.297174072265648,0.017594352,0.21160889,3.527345891299184,0,0,1
2018-04-08 08:00:00,1011.9224,26.858666992187523,0.017655369,0.032913208,10.07357178212907,27.421166992187523,0.018509861,0.17681885,4.732257011208869,24.046166992187523,0.017838474,0.22045898,3.246140140794129,0,0,1
2018-04-08 09:00:00,1066.314,27.547082519531276,0.01777744,0.0463562,7.996681846083746,28.047082519531276,0.017586704,0.19482422,5.281834915545282,25.015832519531276,0.017357823,0.2321167,2.990244701923301,0,0,1
2018-04-08 10:00:00,1124.3353000000002,28.316796875000023,0.017624846,0.03933716,6.401642773315578,28.691796875000023,0.017647734,0.22717285,6.109980263935686,26.426171875000023,0.016381254,0.2701416,3.074873330833546,0,0,1
2018-04-08 11:00:00,1166.324,29.203210449218773,0.017182328,0.03703308,5.259239284783899,29.421960449218773,0.017670609,0.29138184,7.233193178474422,27.468835449218773,0.015847184,0.32104492,3.471410331224023,0,0,1
2018-04-08 12:00:00,1190.958,29.967675781250023,0.016716933,0.034683228,4.466371539789913,29.373925781250023,0.017823195,0.32141113,8.486145657560792,27.795800781250023,0.015793776,0.35290527,4.096771252887612,0,0,1
2018-04-08 13:00:00,1216.5984,30.532586669921898,0.01637364,0.03276062,4.669379189619213,29.016961669921898,0.018113142,0.35717773,9.560191299886718,27.516961669921898,0.0159998,0.37268066,4.628747562054459,0,0,1
2018-04-08 14:00:00,1199.3091,30.805871582031276,0.016190566,0.036209106,5.95261421475347,28.430871582031276,0.018342055,0.39916992,9.664406445981305,26.962121582031276,0.01626686,0.38391113,5.027559476905593,0,0,1
2018-04-08 15:00:00,1197.3328,30.816247558593773,0.016083732,0.030906677,7.919257654599121,27.581872558593773,0.018563285,0.4326172,8.93120780918842,26.253747558593773,0.016564384,0.40905762,5.284501869307444,0,0,1
2018-04-08 16:00:00,1182.7768,30.509362792968773,0.016030319,0.02268219,9.761518206786077,26.821862792968773,0.018754013,0.46594238,7.833407750959849,25.462487792968773,0.01689244,0.4041748,5.133974812212904,0,0,1
2018-04-08 17:00:00,1155.866,29.810449218750023,0.016129524,0.013961792,11.120788798999955,26.201074218750023,0.01893714,0.47021484,6.241990454933229,24.654199218750023,0.017289191,0.36975098,4.6507451906220885,0,0,1
2018-04-08 18:00:00,1197.6374,28.575616455078148,0.016930642,0.008079529,10.940771295113631,25.700616455078148,0.018807473,0.48156738,5.408130913910519,23.888116455078148,0.017670693,0.3441162,4.030199093124881,0,0,1
2018-04-08 19:00:00,1253.1276,27.5773864746094,0.017411323,0.006170273,11.933792557928674,25.4367614746094,0.018776985,0.47143555,4.90698562258318,23.4680114746094,0.017808052,0.34228516,3.5746630983397694,0,0,1
2018-04-08 20:00:00,1258.1517,26.878961181640648,0.017571557,0.0051727295,12.67280070168042,25.300836181640648,0.018769372,0.4041748,4.5410387222194855,23.207086181640648,0.017579187,0.30773926,2.9833803015124905,0,0,1
2018-04-08 21:00:00,1226.5178,26.3825622558594,0.017617367,0.004709244,12.527897007485963,25.1950622558594,0.018754147,0.44543457,4.100844705606336,22.9450622558594,0.017411374,0.24658203,2.4894119276046487,0,0,1
2018-04-08 22:00:00,1172.9629,26.001855468750023,0.017548714,0.0051441193,12.022332391647383,25.189355468750023,0.018677864,0.45446777,3.255479783766568,22.704980468750023,0.017167244,0.1953125,2.0338352102518846,0,0,1
2018-04-08 23:00:00,1112.2517,25.692956542968773,0.017480059,0.0069847107,11.330120884249602,25.067956542968773,0.018693132,0.4300537,2.584001265490077,22.521081542968773,0.01695363,0.16204834,1.9297609162361011,0,0,1
2018-04-09 00:00:00,1043.7502,25.436425781250023,0.017388526,0.0116539,11.12216962492154,24.873925781250023,0.018784706,0.40515137,2.728571212300625,22.389550781250023,0.01670951,0.13153076,1.8185171391180543,0,0,1
2018-04-09 01:00:00,1002.9981,25.245446777343773,0.017243607,0.014663696,11.517837807876733,24.698571777343773,0.018647416,0.3178711,3.488708729624572,22.245446777343773,0.016480668,0.10168457,1.752351943331513,0,0,1
2018-04-09 02:00:00,968.8763,25.090783691406276,0.017182669,0.01815033,11.647692734302138,24.481408691406276,0.018449148,0.2164917,3.958763517327172,22.090783691406276,0.0162824,0.07235718,1.9088994971526916,0,0,1
2018-04-09 03:00:00,944.0505,24.9604431152344,0.017129425,0.02204132,11.418164949509576,24.2416931152344,0.01820517,0.1427002,4.422049777078163,21.9448181152344,0.016091827,0.05291748,2.160925921824917,0,0,1
2018-04-09 04:00:00,947.1409,24.860009765625023,0.017098986,0.023521423,10.88114561921548,23.985009765625023,0.01792296,0.09942627,4.82066241362218,21.813134765625023,0.015878282,0.042617798,2.2835055918582268,0,0,1
2018-04-09 05:00:00,971.5871,24.817773437500023,0.017099183,0.021865845,10.431641978035392,23.755273437500023,0.017656129,0.07778931,5.124798263673134,21.755273437500023,0.015710633,0.039016724,2.4118498296677235,0,0,1
2018-04-09 06:00:00,978.987,25.066430664062523,0.017175443,0.01777649,10.47995606216655,23.769555664062523,0.017526396,0.06796265,5.601753232892945,21.691430664062523,0.01559616,0.03692627,2.681806253206853,0,0,1
2018-04-09 07:00:00,1130.2292,26.123345947265648,0.01679396,0.015182495,13.632142729562728,24.607720947265648,0.017831558,0.05899048,7.634557913401474,22.373345947265648,0.016000504,0.03277588,2.9931019107408363,0,0,1
2018-04-09 08:00:00,1330.6396,27.115563964843773,0.016595606,0.021263123,14.506752756882443,26.162438964843773,0.017762903,0.055648804,9.069747665915996,23.584313964843773,0.015924219,0.023468018,2.953701856675252,0,0,1
2018-04-09 09:00:00,1444.3158,28.109765625000023,0.01661851,0.018440247,13.716157209561723,28.047265625000023,0.017282268,0.052719116,9.470430142745526,26.187890625000023,0.014550945,0.009944916,2.462289231860725,0,0,1
2018-04-09 10:00:00,1518.1135,29.042626953125023,0.016641406,0.014099121,12.191776424460596,29.620751953125023,0.016938953,0.053207397,8.105106651362219,28.433251953125023,0.013685017,0.018096924,1.2352860456741892,0,0,1
2018-04-09 11:00:00,1560.3902,29.912622070312523,0.016534582,0.010002136,11.196815814650478,30.803247070312523,0.016633764,0.06661987,5.877194242389881,30.021997070312523,0.013326421,0.04788208,0.705175115619087,0,0,1
2018-04-09 12:00:00,1553.5141,30.666284179687523,0.016290437,0.007692337,10.903094141253083,31.588159179687523,0.01650406,0.10592651,3.675100216180303,30.869409179687523,0.014070285,0.080718994,2.018793417401709,0,0,1
2018-04-09 13:00:00,1587.231,31.215142822265648,0.015977623,0.0069007874,11.131777316180962,31.933892822265648,0.016557457,0.16101074,2.5517778762396497,31.090142822265648,0.014276268,0.12011719,3.212008074193286,0,0,1
2018-04-09 14:00:00,1516.6145,31.482995605468773,0.015725797,0.007669449,11.753216541017975,31.701745605468773,0.016610807,0.19769287,2.6014936118413154,30.686120605468773,0.014527981,0.14099121,4.051410429454847,0,0,1
2018-04-09 15:00:00,1467.2233,31.414910888671898,0.015580795,0.014545441,12.787923927775312,31.149285888671898,0.016832016,0.18847656,2.89581057057022,29.993035888671898,0.0148788905,0.15655518,4.406052319576639,0,0,1
2018-04-09 16:00:00,1399.713,30.8918395996094,0.015695224,0.024559021,14.8374353139057,30.3918395996094,0.01738132,0.18774414,3.612611757021534,28.7668395996094,0.015233645,0.1749878,4.630946939413587,0,0,1
2018-04-09 17:00:00,1311.5873,29.897668457031276,0.016046202,0.03413391,17.328704992688657,29.178918457031276,0.017991697,0.20831299,3.84730828058519,27.272668457031276,0.015756285,0.22009277,4.535128656347741,0,0,1
2018-04-09 18:00:00,1299.2207,28.525018310546898,0.016671786,0.034851074,19.52137007923644,27.509393310546898,0.018167147,0.24279785,3.0854647024580832,25.665643310546898,0.016435275,0.2821045,4.028436283842014,0,0,1
2018-04-09 19:00:00,1329.4012,27.248254394531276,0.017335536,0.0370636,21.363974978451058,26.482629394531276,0.017984034,0.2515869,3.3693917408114933,24.435754394531276,0.017106654,0.3190918,3.5267006687719755,0,0,1
2018-04-09 20:00:00,1293.2247,26.525811767578148,0.017480524,0.039779663,21.507958192841087,25.838311767578148,0.017800959,0.2255249,4.278833738238126,23.775811767578148,0.0175263,0.35656738,2.9170236403586545,0,0,1
2018-04-09 21:00:00,1262.9109,26.255456542968773,0.017564531,0.041290283,19.9781786856608,25.286706542968773,0.017755266,0.17156982,4.684057616614875,23.536706542968773,0.017625567,0.36157227,2.22218475114172,0,0,1
2018-04-09 22:00:00,1204.8839,26.137597656250023,0.017549394,0.039886475,18.23803109434355,24.762597656250023,0.017740129,0.13696289,4.268900042866871,23.418847656250023,0.01758754,0.33911133,1.532586646283115,0,0,1
2018-04-09 23:00:00,1134.2676,26.041101074218773,0.017526649,0.036636353,16.925365999622915,24.353601074218773,0.017663978,0.1038208,4.024536959153898,23.244226074218773,0.017465614,0.33984375,1.0549548916416238,0,0,1
2018-04-10 00:00:00,1074.2499,25.928308105468773,0.01748096,0.040542603,16.435681107406396,24.022058105468773,0.017519107,0.08340454,3.854850950513845,23.022058105468773,0.017274966,0.35351562,0.9330966267548596,0,0,1
2018-04-10 01:00:00,1018.7592,25.805627441406276,0.017496232,0.04031372,15.225002525592464,23.743127441406276,0.017381791,0.073150635,3.578264172108781,22.805627441406276,0.017122392,0.3486328,1.0647130313607864,0,0,1
2018-04-10 02:00:00,1002.4177,25.703149414062523,0.017526828,0.04336548,13.98532239720311,23.546899414062523,0.01725217,0.071014404,3.1994499374529144,22.625024414062523,0.01698514,0.34484863,1.2089835487079414,0,0,1
2018-04-10 03:00:00,986.1071,25.5561462402344,0.017564967,0.0524292,12.91493781417071,23.3686462402344,0.017122462,0.078308105,2.988348201226096,22.4623962402344,0.016832545,0.3338623,1.3160707674507304,0,0,1
2018-04-10 04:00:00,986.3182,25.375634765625023,0.017595446,0.04977417,11.47901361620737,23.266259765625023,0.01703087,0.08282471,2.95168530929109,22.328759765625023,0.016695177,0.30493164,1.4317534556559468,0,0,1
2018-04-10 05:00:00,1012.8079,25.229821777343773,0.01764129,0.03993225,10.146629424041429,23.276696777343773,0.017015679,0.07791138,3.181140556026702,22.229821777343773,0.016573174,0.26208496,1.780794798259001,0,0,1
2018-04-10 06:00:00,992.7202,25.400842285156276,0.017687172,0.036010742,10.583138438755642,23.510217285156276,0.017122597,0.07577515,4.045934162134096,22.150842285156276,0.016496986,0.25976562,2.145393593430024,0,0,1
2018-04-10 07:00:00,1136.6253,26.313684082031276,0.017382082,0.06417847,14.678430325940717,24.594934082031276,0.017443117,0.09176636,6.290662057599724,22.657434082031276,0.016809877,0.25427246,2.40976668562041,0,0,1
2018-04-10 08:00:00,1337.7551,27.180017089843773,0.017130354,0.09194946,16.392464800074443,26.445642089843773,0.017290572,0.104888916,7.760825996680819,23.508142089843773,0.016970137,0.2409668,2.423451268287964,0,0,1
2018-04-10 09:00:00,1430.5101,28.061242675781276,0.017000662,0.119781494,16.14529030924876,28.326867675781276,0.016840445,0.12057495,8.228726052636631,25.451867675781276,0.016046988,0.23046875,1.948724744191432,0,0,1
2018-04-10 10:00:00,1509.6794,28.6535583496094,0.01707704,0.1550293,14.518928558920024,29.7160583496094,0.016665053,0.13342285,7.029560539216639,27.4660583496094,0.015059065,0.2053833,0.6712098044609165,0,0,1
2018-04-10 11:00:00,1531.2745,29.0263610839844,0.017092347,0.18884277,12.825305975225476,30.8232360839844,0.016520143,0.15057373,5.326587526324724,28.9326110839844,0.014647127,0.18554688,1.3358901567603183,0,0,1
2018-04-10 12:00:00,1518.1842,29.235620117187523,0.017008264,0.203125,11.98890652007593,31.469995117187523,0.01642843,0.175354,3.780409856102212,29.766870117187523,0.014734704,0.17297363,3.2520888775508,0,0,1
2018-04-10 13:00:00,1508.3895,29.317071533203148,0.016871048,0.20800781,11.70852186456214,31.817071533203148,0.016489578,0.20574951,2.8782529175007263,30.004571533203148,0.015001847,0.18493652,4.818998806834741,0,0,1
2018-04-10 14:00:00,1521.0811,29.175927734375023,0.01676409,0.19854736,11.972651273194316,31.879052734375023,0.016489431,0.22894287,2.9687692918652577,29.566552734375023,0.015291616,0.23309326,5.59441716653554,0,0,1
2018-04-10 15:00:00,1481.7507,28.943658447265648,0.016710648,0.17437744,12.666524150113563,31.459283447265648,0.016481766,0.2401123,3.9338706810606823,28.537408447265648,0.015596757,0.27954102,5.283108027534836,0,0,1
2018-04-10 16:00:00,1401.4147,28.649957275390648,0.01664193,0.14611816,13.569449960444375,30.384332275390648,0.016664818,0.23876953,4.530729580163051,27.118707275390648,0.015856102,0.30615234,4.242510603091781,0,0,1
2018-04-10 17:00:00,1286.6804,28.231774902343773,0.01661899,0.11071777,13.880683023758404,29.200524902343773,0.017381929,0.20587158,3.900189439134055,25.747399902343773,0.01611545,0.30969238,2.9026943088518413,0,0,1
2018-04-10 18:00:00,1312.4721,27.624444580078148,0.0168707,0.07751465,13.319904221886304,27.561944580078148,0.018411838,0.18005371,2.9897084855700524,24.436944580078148,0.016542636,0.30578613,1.8293515712226969,0,0,1
2018-04-10 19:00:00,1359.1599,27.130090332031276,0.017160546,0.05747986,12.768907776248518,26.645715332031276,0.018587243,0.16314697,3.092987105201164,23.567590332031276,0.016863,0.31567383,1.365608063337458,0,0,1
2018-04-10 20:00:00,1315.2695,26.750024414062523,0.017503785,0.04623413,11.391857029724934,26.031274414062523,0.018350648,0.15106201,3.3589499498314077,23.125024414062523,0.016962098,0.31774902,1.1667650124561015,0,0,1
2018-04-10 21:00:00,1287.0713999999998,26.463769531250023,0.017831711,0.03942871,9.66411805416783,25.541894531250023,0.018129257,0.1408081,3.426356581568388,22.854394531250023,0.016923813,0.30847168,0.9466224258007035,0,0,1
2018-04-10 22:00:00,1228.5728,26.224755859375023,0.018045224,0.035202026,8.374743789625455,25.177880859375023,0.01796893,0.13122559,3.2013584367945387,22.646630859375023,0.016855039,0.26965332,0.8515401655295501,0,0,1
2018-04-10 23:00:00,1163.2275,25.9794860839844,0.01814435,0.04069519,7.539050634503293,24.8544860839844,0.017801028,0.12399292,2.97115749518446,22.4638610839844,0.016694766,0.23620605,0.9697735824018784,0,0,1
2018-04-11 00:00:00,1088.0422999999998,25.7766052246094,0.018182473,0.054534912,7.0137185736227305,24.6047302246094,0.017686563,0.13293457,2.841484876357171,22.3391052246094,0.016542153,0.23736572,1.18444850311072,0,0,1
2018-04-11 01:00:00,1042.6164,25.639947509765648,0.018113807,0.07122803,6.836247166535192,24.452447509765648,0.017617896,0.13977051,2.662055561420161,22.233697509765648,0.016420081,0.24285889,1.5086005267519982,0,0,1
2018-04-11 02:00:00,1016.8068,25.501580810546898,0.018022256,0.09347534,6.7240179117657455,24.298455810546898,0.017518716,0.12841797,2.3566915224896707,22.157830810546898,0.016298013,0.24285889,1.8189809436271756,0,0,1
2018-04-11 03:00:00,989.6875,25.371789550781276,0.017945968,0.11102295,6.81839494628719,24.090539550781276,0.017335616,0.11465454,2.00771363604977,22.090539550781276,0.016214095,0.25048828,2.194803219840106,0,0,1
2018-04-11 04:00:00,982.7673,25.267388916015648,0.017862067,0.11846924,6.954705573293959,23.845513916015648,0.017122015,0.095825195,1.6523152320511103,22.033013916015648,0.016114935,0.23913574,2.507480868934986,0,0,1
2018-04-11 05:00:00,1021.5136,25.189721679687523,0.017778156,0.12976074,7.069568948838075,23.580346679687523,0.016931294,0.088012695,1.5044355377581295,21.955346679687523,0.01597762,0.22259521,2.6697578474669434,0,0,1
2018-04-11 06:00:00,1000.8732,25.360559082031276,0.017762806,0.1416626,7.781441045047429,23.735559082031276,0.016984608,0.08483887,1.6516897002781556,21.938684082031276,0.015863087,0.20526123,2.700267349358368,0,0,1
2018-04-11 07:00:00,1130.0772,26.058465576171898,0.017373685,0.17675781,11.091557297333376,25.402215576171898,0.017037991,0.08312988,3.8019127549180167,22.355340576171898,0.016061429,0.1876831,2.6785610667437,0,0,1
2018-04-11 08:00:00,1291.6679,26.528466796875023,0.017068518,0.21295166,11.663820168698347,27.200341796875023,0.016503943,0.086517334,3.828174620014829,23.059716796875023,0.016137732,0.17041016,2.5780548197124094,0,0,1
2018-04-11 09:00:00,1398.0556,26.936059570312523,0.016778627,0.24383545,10.826670711998895,28.779809570312523,0.016038576,0.093322754,3.3597736210855977,24.498559570312523,0.015634218,0.13916016,2.104515459467469,0,0,1
2018-04-11 10:00:00,1483.3622,27.396081542968773,0.016549798,0.29162598,8.736932904745878,29.989831542968773,0.01589367,0.103637695,3.5546267755373,26.474206542968773,0.014539453,0.1408081,1.3180939185871972,0,0,1
2018-04-11 11:00:00,1529.045,27.907861328125023,0.016328588,0.3317871,6.789074903680952,30.860986328125023,0.015908971,0.15319824,5.230666097232717,27.876611328125023,0.0139176985,0.1496582,1.1670584779689583,0,0,1
2018-04-11 12:00:00,1540.5538,28.409082031250023,0.016198933,0.33703613,6.4620099588386495,31.330957031250023,0.016031086,0.20635986,7.240563901364397,28.580957031250023,0.013986408,0.15136719,2.5457511566018627,0,0,1
2018-04-11 13:00:00,1573.9615,28.808251953125023,0.016290464,0.32043457,6.713345530870425,31.214501953125023,0.0160921,0.23858643,8.723244021984588,28.714501953125023,0.014303005,0.1763916,3.9617237136921055,0,0,1
2018-04-11 14:00:00,1576.0687,28.954980468750023,0.016305683,0.31518555,7.054112513229726,30.658105468750023,0.016267536,0.272583,9.550716041763591,28.329980468750023,0.0146882525,0.20288086,5.113630346121282,0,0,1
2018-04-11 15:00:00,1514.4438,28.737634277343773,0.01631329,0.29711914,7.369149606367109,29.753259277343773,0.01657269,0.31054688,9.861607616360162,27.331384277343773,0.015187954,0.23565674,5.650700382269499,0,0,1
2018-04-11 16:00:00,1430.5523,28.344445800781276,0.016320897,0.25073242,7.89173127590695,28.625695800781276,0.01691599,0.34179688,9.1264487425499,26.172570800781276,0.01564951,0.2828369,5.353699266191995,0,0,1
2018-04-11 17:00:00,1309.2387,27.874719238281276,0.016374275,0.19921875,8.005745093262151,27.530969238281276,0.017266914,0.3614502,7.465717959873121,25.015344238281276,0.016076729,0.30285645,4.478674444550914,0,0,1
2018-04-11 18:00:00,1327.7773,27.312646484375023,0.016709961,0.15655518,7.067603385069268,26.578271484375023,0.017762817,0.36169434,5.459567825065169,23.906396484375023,0.016565003,0.29345703,3.327385726273418,0,0,1
2018-04-11 19:00:00,1340.9805,26.892022705078148,0.01695407,0.12530518,6.341527067929593,26.095147705078148,0.01796878,0.33520508,4.44744782930238,23.157647705078148,0.016908294,0.26574707,2.351464519297135,0,0,1
2018-04-11 20:00:00,1312.5349,26.575372314453148,0.017198179,0.111572266,5.173949325714452,25.825372314453148,0.018045042,0.30444336,3.52435203440585,22.856622314453148,0.016946409,0.22473145,1.540950763918393,0,0,1
2018-04-11 21:00:00,1263.6657,26.328546142578148,0.017366024,0.11224365,3.981830809669376,25.656671142578148,0.018090816,0.25842285,2.563700832823584,22.766046142578148,0.016801449,0.18347168,0.8492749996559574,0,0,1
2018-04-11 22:00:00,1208.4241,26.120294189453148,0.017701752,0.11172485,3.6468742468668887,25.432794189453148,0.018258698,0.20751953,1.8661140874287696,22.714044189453148,0.016641267,0.16741943,0.0646132912062991,0,0,1
2018-04-11 23:00:00,1134.4168,25.938317871093773,0.01784681,0.12011719,3.770427501330008,25.157067871093773,0.01808332,0.1763916,1.971502505272539,22.625817871093773,0.016534554,0.1605835,0.8223545695061888,0,0,1
2018-04-12 00:00:00,1060.2589,25.728173828125023,0.017854573,0.12283325,4.066810054023046,24.837548828125023,0.017854573,0.1630249,2.3948855144557237,22.525048828125023,0.016420247,0.15148926,1.4594523440007143,0,0,1
2018-04-12 01:00:00,1013.8857,25.532800292968773,0.017862296,0.12231445,4.67563487347245,24.564050292968773,0.017724967,0.13452148,2.7282725186134784,22.407800292968773,0.016267752,0.13934326,1.840960249623458,0,0,1
2018-04-12 02:00:00,992.5263,25.363427734375023,0.017854698,0.11917114,5.608242311159416,24.300927734375023,0.017602928,0.11175537,2.9002526600709357,22.316552734375023,0.016107567,0.12585449,2.114921936461281,0,0,1
2018-04-12 03:00:00,964.3272,25.234399414062523,0.01781656,0.114715576,6.845794405819746,24.015649414062523,0.01745035,0.103881836,3.0701648379628064,22.234399414062523,0.015954988,0.1234436,2.337055597542545,0,0,1
2018-04-12 04:00:00,960.9521,25.1513610839844,0.017747961,0.099090576,7.581632177118342,23.7919860839844,0.017274939,0.085235596,3.025197865974373,22.1669860839844,0.015817724,0.122161865,2.35101507665099,0,0,1
2018-04-12 05:00:00,992.5308,25.098535156250023,0.017656507,0.08251953,7.95939441045005,23.551660156250023,0.017076673,0.07211304,2.638957838351196,22.161035156250023,0.015680494,0.1156311,2.211539108327305,0,0,1
2018-04-12 06:00:00,995.4814,25.3286071777344,0.017534416,0.07241821,9.357482009532042,23.7661071777344,0.017091911,0.063201904,2.7218978758243733,22.1723571777344,0.015596549,0.10180664,1.8875125101445416,0,0,1
2018-04-12 07:00:00,1115.6278000000002,26.172296142578148,0.017099516,0.09069824,13.111319705000648,25.422296142578148,0.01706137,0.05593872,4.476718453292142,22.516046142578148,0.015810149,0.09802246,1.4805151649788326,0,0,1
2018-04-12 08:00:00,1293.0714,27.047631835937523,0.01674091,0.11206055,14.00206839404534,27.328881835937523,0.016679876,0.05343628,4.747044175669921,23.172631835937523,0.01600086,0.09991455,1.3118952856726287,0,0,1
2018-04-12 09:00:00,1386.1222,27.9245544433594,0.016588332,0.121276855,13.54643305602105,29.0808044433594,0.016435744,0.10385132,3.825937358217768,24.6276794433594,0.01541722,0.10580444,1.158502544535286,0,0,1
2018-04-12 10:00:00,1439.6506,28.6694274902344,0.01663413,0.14501953,12.801189605746243,30.3569274902344,0.016161108,0.16021729,2.321065357487842,26.5131774902344,0.014646674,0.11853027,0.482796911339808,0,0,1
2018-04-12 11:00:00,1447.6978,29.184533691406276,0.016870676,0.1828003,11.956814802741189,31.340783691406276,0.016077219,0.21551514,0.7309191138575538,27.981408691406276,0.014215646,0.1217041,0.7282869645921435,0,0,1
2018-04-12 12:00:00,1423.8304,29.446710205078148,0.017038567,0.22467041,11.525106738210646,31.962335205078148,0.015978081,0.2532959,0.6632699877857806,29.024835205078148,0.014185173,0.15582275,1.985778149110044,0,0,1
2018-04-12 13:00:00,1408.8345,29.554650878906276,0.017061478,0.2508545,11.768351336111868,32.21090087890627,0.015939957,0.29077148,1.9215594297773195,29.367150878906276,0.014436965,0.20343018,3.140523279165429,0,0,1
2018-04-12 14:00:00,1421.5055,29.453179931640648,0.017008064,0.27526855,12.59956495351416,31.500054931640648,0.016092537,0.3347168,3.122957608949395,28.921929931640648,0.01485276,0.23913574,3.8340241959573977,0,0,1
2018-04-12 15:00:00,1389.0232,29.142755126953148,0.016977562,0.2869873,13.903627956807826,30.502130126953148,0.016474022,0.36987305,3.641609717534111,28.095880126953148,0.015276208,0.27270508,3.885350789320444,0,0,1
2018-04-12 16:00:00,1330.6476,28.647485351562523,0.016969968,0.26733398,15.03746365283559,29.350610351562523,0.016908932,0.38830566,3.6029262808850175,27.131860351562523,0.015611935,0.29711914,3.4178896712392275,0,0,1
2018-04-12 17:00:00,1246.4457,28.071405029296898,0.016992884,0.22796631,15.4822097868894,28.133905029296898,0.017572718,0.38452148,2.9354545094469566,25.993280029296898,0.015947657,0.2939453,2.6993470356069698,0,0,1
2018-04-12 18:00:00,1251.688,27.396020507812523,0.017175863,0.16101074,14.524579082437215,26.911645507812523,0.017946431,0.36340332,2.352903439247218,24.755395507812523,0.016473958,0.2705078,1.837396766721041,0,0,1
2018-04-12 19:00:00,1279.8125,26.897607421875023,0.017336003,0.09738159,14.11337311631117,26.100732421875023,0.018167607,0.28930664,2.4505123069904027,23.913232421875023,0.016809575,0.2680664,0.9588123995531798,0,0,1
2018-04-12 20:00:00,1253.2759999999998,26.517480468750023,0.017374057,0.0630188,13.56772335039456,25.564355468750023,0.018274326,0.22351074,2.8260488014866976,23.501855468750023,0.01683237,0.24084473,0.3741085095182272,0,0,1
2018-04-12 21:00:00,1215.5075,26.227716064453148,0.017381601,0.046936035,12.963967650564122,25.149591064453148,0.018251352,0.17559814,2.9645079169975928,23.212091064453148,0.01677125,0.22064209,0.1889751591195654,0,0,1
2018-04-12 22:00:00,1157.3524,26.003961181640648,0.017396819,0.03352356,13.134388174177012,24.847711181640648,0.018159758,0.13354492,3.2185143660431703,23.003961181640648,0.01661862,0.1940918,0.5028158775367886,0,0,1
2018-04-12 23:00:00,1093.9318999999998,25.800195312500023,0.017427381,0.026550293,13.554385387033042,24.565820312500023,0.018045362,0.10467529,3.349819932909269,22.831445312500023,0.016458448,0.18054199,0.8881788511815469,0,0,1
2018-04-13 00:00:00,1038.7279,25.579553222656276,0.017480912,0.032348633,13.492818524437304,24.313928222656276,0.017908158,0.095062256,3.599551292112271,22.657678222656276,0.016305985,0.17492676,1.294176172470059,0,0,1
2018-04-13 01:00:00,1000.1346,25.4157653808594,0.017519226,0.041381836,13.510474147198863,24.0720153808594,0.017763367,0.089141846,4.037113478261249,22.4938903808594,0.016168823,0.16595459,1.800987854729707,0,0,1
2018-04-13 02:00:00,969.9867,25.291406250000023,0.017534465,0.05593872,13.765052912035705,23.885156250000023,0.017618388,0.079711914,4.249149324888333,22.322656250000023,0.016016215,0.15362549,2.0864219017358767,0,0,1
2018-04-13 03:00:00,946.0714,25.195428466796898,0.017534351,0.06478882,14.306245776334569,23.726678466796898,0.017465686,0.07470703,4.4126773009732325,22.195428466796898,0.015871143,0.15197754,2.1465751738430288,0,0,1
2018-04-13 04:00:00,954.9562,25.068383789062523,0.017496113,0.054870605,14.001433718701785,23.584008789062523,0.017320637,0.07192993,4.327952489616814,22.115258789062523,0.01577187,0.15484619,1.9456972591952744,0,0,1
2018-04-13 05:00:00,958.1659,24.908776855468773,0.017435072,0.044387817,13.044746341132594,23.471276855468773,0.01719856,0.072387695,4.363933891589372,22.065026855468773,0.015710829,0.1630249,1.7051587650067646,0,0,1
2018-04-13 06:00:00,967.4382,25.117242431640648,0.01742737,0.034469604,13.36738544792432,23.554742431640648,0.017213747,0.071502686,4.770490842072554,22.070367431640648,0.015710756,0.17114258,1.4705297992596271,0,0,1
2018-04-13 07:00:00,1089.3708,26.173211669921898,0.017183203,0.04194641,16.96682657542439,24.235711669921898,0.017496008,0.07070923,6.565492516642143,22.688836669921898,0.016015906,0.1685791,1.4204551247474184,0,0,1
2018-04-13 08:00:00,1257.5413999999998,27.225915527343773,0.016847547,0.055282593,18.05575030339517,25.257165527343773,0.01780885,0.07821655,7.090581387570227,23.866540527343773,0.01617616,0.16357422,1.4422672138109276,0,0,1
2018-04-13 09:00:00,1369.4721000000002,28.193139648437523,0.016679702,0.06594849,17.403759885561996,26.693139648437523,0.017511306,0.086242676,7.576985890144138,25.708764648437523,0.015481886,0.16381836,1.098162628879574,0,0,1
2018-04-13 10:00:00,1454.8943000000002,29.016320800781276,0.016649203,0.071502686,15.854439753195171,28.297570800781276,0.016969638,0.09106445,7.10230452787181,27.406945800781276,0.014882999,0.16308594,0.5956314163823084,0,0,1
2018-04-13 11:00:00,1486.2045,29.665124511718773,0.016794171,0.06915283,14.222035871185568,29.633874511718773,0.016641583,0.10385132,6.075846040941148,28.618249511718773,0.0146846445,0.18841553,1.9815085161186368,0,0,1
2018-04-13 12:00:00,1483.5374,30.148614501953148,0.016931538,0.076049805,13.277187309454582,30.461114501953148,0.016473774,0.12084961,4.872968074184384,29.148614501953148,0.014802936,0.2253418,3.605611099954316,0,0,1
2018-04-13 13:00:00,1508.7761,30.4638610839844,0.016962128,0.071258545,13.146983229234957,30.8388610839844,0.01642044,0.1437378,3.4287762839561178,28.7138610839844,0.015199739,0.24932861,4.882983235296235,0,0,1
2018-04-13 14:00:00,1489.3199,30.653527832031276,0.016870609,0.070007324,13.433335615841,30.919152832031276,0.01646625,0.17102051,1.6558985614391866,27.856652832031276,0.015672794,0.28100586,5.41063482201914,0,0,1
2018-04-13 15:00:00,1416.0367,30.657678222656276,0.01673336,0.06347656,13.898894385407738,30.688928222656276,0.016573142,0.20599365,0.0655386213640633,26.907678222656276,0.01609249,0.31176758,5.363649663864598,0,0,1
2018-04-13 16:00:00,1325.1577,30.342431640625023,0.016596086,0.056137085,14.778277503211058,30.233056640625023,0.017282732,0.234375,1.1006925759699089,25.904931640625023,0.016474016,0.33483887,4.938220000102181,0,0,1
2018-04-13 17:00:00,1233.0123,29.613000488281276,0.016565543,0.032348633,15.581291248253162,29.222375488281276,0.01759551,0.2508545,1.314595799858038,24.894250488281276,0.016878348,0.35437012,4.118532930480304,0,0,1
2018-04-13 18:00:00,1258.2101,28.395684814453148,0.016962146,0.016052246,14.944712226167129,27.926934814453148,0.01881609,0.2619629,1.8268120848882217,24.036309814453148,0.01730547,0.35803223,3.180668702442789,0,0,1
2018-04-13 19:00:00,1304.8318,27.406457519531276,0.017419761,0.0079574585,14.8325772816432,27.156457519531276,0.019288963,0.27697754,2.1692189701714666,23.625207519531276,0.017473167,0.35375977,2.582346220210914,0,0,1
2018-04-13 20:00:00,1294.1138999999998,26.727960205078148,0.017625662,0.004207611,14.364408807429664,26.618585205078148,0.019235464,0.27868652,2.2056221952174604,23.431085205078148,0.017465444,0.3375244,2.186030848202562,0,0,1
2018-04-13 21:00:00,1229.6604,26.294519042968773,0.017671347,0.0025806427,13.132264137960377,26.200769042968773,0.018991232,0.2652588,2.0772398384333264,23.263269042968773,0.01738143,0.29553223,1.8752536411389904,0,0,1
2018-04-13 22:00:00,1188.6077,26.019738769531276,0.017671276,0.0027656555,11.190069250961256,25.863488769531276,0.018647838,0.2399292,1.701728194815359,23.050988769531276,0.017205883,0.26062012,1.6908864564793047,0,0,1
2018-04-13 23:00:00,1120.3754,25.840905761718773,0.017656,0.0047893524,9.55000231677921,25.669030761718773,0.01829687,0.20410156,1.0634513662837144,22.825280761718773,0.017007502,0.24133301,1.5418813940811713,0,0,1
2018-04-14 00:00:00,1071.575,25.743310546875023,0.01756443,0.006942749,8.777421235785317,25.477685546875023,0.0180756,0.16479492,0.2723665516938399,22.602685546875023,0.01680912,0.21917725,1.2624668008386126,0,0,1
2018-04-14 01:00:00,1033.6885,25.657586669921898,0.017449997,0.010356903,8.610779053004332,25.157586669921898,0.017938279,0.13183594,0.3940930506989138,22.423211669921898,0.016603135,0.1940918,0.9956735043106264,0,0,1
2018-04-14 02:00:00,992.3715,25.570184326171898,0.017327942,0.009777069,8.645554135391404,24.804559326171898,0.017808594,0.1138916,0.8612869813395568,22.257684326171898,0.016442932,0.16900635,0.791553345065181,0,0,1
2018-04-14 03:00:00,945.9404,25.468225097656276,0.017221117,0.009109497,8.48740975917659,24.436975097656276,0.01756444,0.082214355,1.2240134363418682,22.124475097656276,0.016244555,0.14587402,0.6958689239864365,0,0,1
2018-04-14 04:00:00,938.7995,25.357690429687523,0.017167738,0.008205414,8.418717742382347,24.107690429687523,0.017327955,0.059951782,1.5233745738018163,22.029565429687523,0.016076734,0.12683105,0.649253585376615,0,0,1
2018-04-14 05:00:00,952.3155,25.208093261718773,0.017114371,0.009075165,8.572999156927391,23.848718261718773,0.017106742,0.049484253,1.8394257438729609,21.911218261718773,0.015901297,0.11312866,0.6271947605414161,0,0,1
2018-04-14 06:00:00,922.3219,25.366845703125023,0.0172136,0.012207031,9.095323438298696,24.007470703125023,0.017251747,0.04902649,2.330880336753524,21.851220703125023,0.01581742,0.105407715,0.5438827870455241,0,0,1
2018-04-14 07:00:00,1009.2592,26.486932373046898,0.01703057,0.024719238,12.442924823924162,25.486932373046898,0.017587516,0.05418396,4.632103604250082,22.893182373046898,0.01641259,0.103393555,0.6040172499568137,0,0,1
2018-04-14 08:00:00,1128.7316,27.306970214843773,0.01680939,0.062088013,13.2065298921864,27.213220214843773,0.01731293,0.0892334,5.085103044394178,24.197595214843773,0.016389774,0.093170166,0.7734588481384393,0,0,1
2018-04-14 09:00:00,1222.3008,28.078027343750023,0.016603487,0.08755493,12.950874911766563,28.796777343750023,0.016839998,0.11264038,4.742904853170473,26.515527343750023,0.015356081,0.080200195,0.5828142176339456,0,0,1
2018-04-14 10:00:00,1307.6259,28.777368164062523,0.016443325,0.09460449,12.110524964298149,30.089868164062523,0.016466213,0.11456299,3.849240738449952,28.417993164062523,0.014619899,0.070373535,0.6326993078086941,0,0,1
2018-04-14 11:00:00,1344.8219,29.427636718750023,0.016290758,0.085876465,11.21630225380804,31.115136718750023,0.016168687,0.13616943,2.5965431414479503,29.802636718750023,0.014371966,0.08407593,1.8495384955193768,0,0,1
2018-04-14 12:00:00,1319.8696,29.899499511718773,0.016351778,0.08917236,10.294031558329172,31.836999511718773,0.016031343,0.17248535,1.322078640449884,30.446374511718773,0.014642795,0.12371826,2.964041321014688,0,0,1
2018-04-14 13:00:00,1308.0585999999998,30.188775634765648,0.01647387,0.09341431,9.511850402547568,32.20440063476565,0.01598559,0.19586182,0.8236679312094082,30.485650634765648,0.014642817,0.1708374,4.266494843380944,0,0,1
2018-04-14 14:00:00,1293.537,30.422174072265648,0.016519653,0.09667969,9.321135886722711,32.17217407226565,0.015985595,0.21398926,1.9771017094499432,29.844049072265648,0.014936552,0.1998291,5.166075167278557,0,0,1
2018-04-14 15:00:00,1260.3743,30.543176269531276,0.016481442,0.09667969,9.464975969915823,31.480676269531276,0.016054196,0.2387085,3.058696666169929,28.886926269531276,0.015371366,0.23278809,5.419171442980741,0,0,1
2018-04-14 16:00:00,1203.7524999999998,30.375207519531276,0.016389804,0.0899353,10.78397439252943,30.297082519531276,0.01644321,0.2388916,3.2994807875262198,27.687707519531276,0.015779452,0.2697754,5.079273968575781,0,0,1
2018-04-14 17:00:00,1180.3447,29.7834411621094,0.016359232,0.06866455,12.88267526529202,28.9709411621094,0.017579935,0.24902344,2.2338785156099386,26.3615661621094,0.016183756,0.28479004,4.427091001017793,0,0,1
2018-04-14 18:00:00,1212.6233,28.763818359375023,0.016786456,0.045410156,13.782483552493572,27.920068359375023,0.017564654,0.25134277,0.998923836047115,24.982568359375023,0.016664386,0.29577637,3.457381255454603,0,0,1
2018-04-14 19:00:00,1256.9534,27.893121337890648,0.017236594,0.030265808,14.918556240886716,27.018121337890648,0.01792324,0.23956299,0.5837897212974632,24.080621337890648,0.01703823,0.29516602,2.704601467622047,0,0,1
2018-04-14 20:00:00,1241.2063999999998,27.2575622558594,0.017480772,0.023162842,15.524705436234076,26.4138122558594,0.018175047,0.2109375,0.7746327753038442,23.7575622558594,0.017030638,0.2816162,2.057009901493037,0,0,1
2018-04-14 21:00:00,1204.0589,26.801568603515648,0.01758767,0.017974854,15.380188780024117,25.957818603515648,0.01821328,0.16589355,1.1891101361431144,23.535943603515648,0.01706887,0.2866211,1.539886390409186,0,0,1
2018-04-14 22:00:00,1158.3618,26.487939453125023,0.017503878,0.013877869,14.547727615823018,25.566064453125023,0.018022677,0.12365723,1.9561329718249452,23.362939453125023,0.01698508,0.28637695,1.1684891669783657,0,0,1
2018-04-14 23:00:00,1104.369,26.257653808593773,0.017404838,0.01084137,13.422993719975215,25.210778808593773,0.017801566,0.08282471,2.80445432750981,23.195153808593773,0.016924186,0.2722168,0.881852733160625,0,0,1
2018-04-15 00:00:00,1065.105,26.0612731933594,0.01732872,0.009056091,12.60513702305997,24.8737731933594,0.017672043,0.06283569,3.387699419746537,22.9987731933594,0.016893845,0.24261475,0.9756628882500388,0,0,1
2018-04-15 01:00:00,1012.13,25.8862243652344,0.017267805,0.008781433,12.200246039239076,24.5580993652344,0.017534833,0.059951782,3.674842511909212,22.8237243652344,0.016848188,0.19940186,1.377393037689856,0,0,1
2018-04-15 02:00:00,986.0651,25.752709960937523,0.017214471,0.009197235,12.07720349032542,24.237084960937523,0.017405206,0.06515503,3.725810171516201,22.658959960937523,0.016787225,0.1708374,1.784508218819548,0,0,1
2018-04-15 03:00:00,962.7658,25.675653076171898,0.017245026,0.009250641,12.007921732180463,24.019403076171898,0.01731369,0.07110596,3.747463108260336,22.535028076171898,0.01668808,0.15472412,1.9976893309239987,0,0,1
2018-04-15 04:00:00,955.8764,25.592584228515648,0.017321346,0.010864258,11.186329284448382,23.842584228515648,0.017222164,0.07672119,3.71144990808539,22.467584228515648,0.01652789,0.14324951,1.9595570128377449,0,0,1
2018-04-15 05:00:00,944.4961,25.486413574218773,0.017359419,0.010105133,10.071294946682686,23.767663574218773,0.017168684,0.074798584,3.6511382065805513,22.439538574218773,0.016375227,0.1340332,1.8164126055206355,0,0,1
2018-04-15 06:00:00,889.9109000000001,25.735650634765648,0.017466035,0.008739471,9.981373888750548,24.016900634765648,0.017206635,0.06674194,4.421588927811518,22.470025634765648,0.01627585,0.12020874,1.7099640614095983,0,0,1
2018-04-15 07:00:00,929.1538,26.895410156250023,0.017252311,0.010177612,13.192821614225494,25.895410156250023,0.01713787,0.06427002,7.371216898315482,23.457910156250023,0.016321525,0.10144043,1.7949919471719478,0,0,1
2018-04-15 08:00:00,1000.6477,27.9894958496094,0.01706919,0.012714386,13.775465941813458,27.8644958496094,0.016779274,0.06239319,8.288681484601387,25.0676208496094,0.015734047,0.0798645,1.9210867144380972,0,0,1
2018-04-15 09:00:00,1045.5626,29.141503906250023,0.01689351,0.010334015,13.337908277188497,29.641503906250023,0.016550187,0.062438965,7.740734069080442,27.047753906250023,0.014883164,0.05831909,1.4542243613608965,0,0,1
2018-04-15 10:00:00,1115.2672,30.066918945312523,0.017015409,0.00806427,11.982330015693128,31.238793945312523,0.016313504,0.06594849,6.532289524125669,28.832543945312523,0.014314603,0.056884766,0.4146140238370273,0,0,1
2018-04-15 11:00:00,1171.3709,30.739373779296898,0.017274696,0.0076026917,10.293414401227633,32.4581237792969,0.016267616,0.09133911,5.113706178778122,30.114373779296898,0.014364082,0.06414795,0.957517535544596,0,0,1
2018-04-15 12:00:00,1175.1546999999998,31.265527343750023,0.017259387,0.0141944885,8.978382469917566,33.18740234375002,0.016450671,0.1293335,3.7607828448407634,30.859277343750023,0.014634876,0.09613037,2.136487048207384,0,0,1
2018-04-15 13:00:00,1195.9925,31.651483154296898,0.017106796,0.029632568,8.16311205311575,33.1983581542969,0.016404891,0.17614746,2.6858801231447265,30.963983154296898,0.01484468,0.12634277,3.2453715334184925,0,0,1
2018-04-15 14:00:00,1191.3684,31.826867675781276,0.016931362,0.050308228,8.284925559796665,33.34249267578127,0.01620657,0.20904541,2.3976370802305973,30.545617675781276,0.015046901,0.14910889,4.151657106859943,0,0,1
2018-04-15 15:00:00,1187.5075,31.757531738281276,0.016824579,0.06451416,9.560085287950658,32.67940673828127,0.016015863,0.22735596,2.972591003423758,29.804406738281276,0.01517663,0.1850586,4.914985517168099,0,0,1
2018-04-15 16:00:00,1171.6324,31.429040527343773,0.016740672,0.06985474,11.861469715265152,31.835290527343773,0.016054027,0.22149658,3.2277680959536275,28.710290527343773,0.015409343,0.19952393,5.268247348253069,0,0,1
2018-04-15 17:00:00,1147.8196,30.733544921875023,0.01680158,0.061584473,14.283668977643336,30.749169921875023,0.016664252,0.17932129,2.7182299780906862,27.405419921875023,0.015725836,0.20336914,4.791517332099617,0,0,1
2018-04-15 18:00:00,1203.133,29.605371093750023,0.017099034,0.042800903,16.696237974100423,28.886621093750023,0.01790012,0.12145996,1.86007981990468,26.027246093750023,0.016053807,0.19421387,3.80302439848872,0,0,1
2018-04-15 19:00:00,1259.7129,28.430993652343773,0.017732223,0.03804016,19.413315629496903,27.743493652343773,0.017945847,0.083740234,1.5571212719562384,25.055993652343773,0.016404709,0.16638184,3.076706203593776,0,0,1
2018-04-15 20:00:00,1270.6062,27.502893066406276,0.018128933,0.0443573,20.553304721161936,26.893518066406276,0.017579617,0.06552124,1.813965302458304,24.456018066406276,0.016580166,0.12121582,2.5923175579093165,0,0,1
2018-04-15 21:00:00,1232.6904,26.956628417968773,0.018304422,0.05076599,20.377620314157607,26.331628417968773,0.017366007,0.07168579,2.418199822596095,23.987878417968773,0.016633585,0.1003418,2.249286462176,0,0,1
2018-04-15 22:00:00,1199.8736,26.741632080078148,0.018380776,0.063934326,19.557741962990463,25.929132080078148,0.017259255,0.105041504,3.228635282704878,23.632257080078148,0.016603127,0.09539795,2.148818656263933,0,0,1
2018-04-15 23:00:00,1146.5574,26.566552734375023,0.018434262,0.08010864,18.639552657690277,25.535302734375023,0.017228818,0.14111328,3.769177130792096,23.316552734375023,0.016458249,0.09637451,2.4245222722259943,0,0,1
