datetime,nat_demand,T2M_toc,QV2M_toc,TQL_toc,W2M_toc,T2M_san,QV2M_san,TQL_san,W2M_san,T2M_dav,QV2M_dav,TQL_dav,W2M_dav,Holiday_ID,holiday,school
2015-01-03 01:00:00,970.345,25.865258789062523,0.018576382,0.016174316,21.85054581787518,23.482446289062523,0.017271755,0.0018553734,10.328948729384228,22.662133789062523,0.016562222,0.09609985,5.364147952093894,0,0,0
2015-01-03 02:00:00,912.1755,25.899255371093773,0.018653292,0.016418457,22.16694427698824,23.399255371093773,0.017264742,0.0013270378,10.68151713707418,22.578942871093773,0.016509432,0.087646484,5.57247134626166,0,0,0
2015-01-03 03:00:00,900.2688,25.937280273437523,0.01876786,0.0154800415,22.454910876263515,23.343530273437523,0.017211463,0.0014281273,10.874923789974078,22.531030273437523,0.016479041,0.07873535,5.871183745099925,0,0,0
2015-01-03 04:00:00,889.9538,25.957543945312523,0.018890057,0.016273499,22.11048086898637,23.238793945312523,0.017127667,0.0025987625,10.518620160775365,22.512231445312523,0.016486797,0.06838989,5.883621114044925,0,0,0
2015-01-03 05:00:00,893.6865,25.973840332031276,0.018981151,0.017280579,21.18608851769688,23.075402832031276,0.017058544,0.0017290115,9.73358891774275,22.481652832031276,0.016455822,0.06436157,5.6117235593949095,0,0,0
2015-01-03 06:00:00,879.2323,26.034143066406276,0.019079996,0.014541626,20.06203781593797,22.995080566406276,0.01702769,0.0014853477,9.087273159632828,22.456018066406276,0.016409708,0.061538696,5.280351132074735,0,0,0
2015-01-03 07:00:00,932.4876,26.691491699218773,0.019331587,0.0066452026,21.62349567450987,24.285241699218773,0.017424239,0.0021762848,11.395393424647096,22.949304199218773,0.016569747,0.060897827,5.126910803396752,0,0,0
2015-01-03 08:00:00,1048.972,27.6740661621094,0.019369703,0.0068626404,23.775316995619374,26.1896911621094,0.018072706,0.0045394897,12.872865998530138,24.0881286621094,0.016676527,0.05619812,5.060610609341514,0,0,0
2015-01-03 09:00:00,1167.9074,28.760400390625023,0.019171301,0.010231018,24.636151504191965,27.916650390625023,0.018454138,0.0042915344,14.548026668797892,25.479150390625023,0.016645972,0.051071167,4.915658462517222,0,0,0
2015-01-03 10:00:00,1257.5069,29.766656494140648,0.018759238,0.009017944,25.86267135806722,29.172906494140648,0.018675314,0.0049209595,15.081687878521311,26.704156494140648,0.016607748,0.058685303,4.685579709203943,0,0,0
2015-01-03 11:00:00,1254.583,30.523767089843773,0.018408278,0.004322052,26.828081512504795,30.070642089843773,0.018820265,0.0074386597,15.287239228439486,27.648767089843773,0.01673744,0.07723999,4.069101872149303,0,0,0
2015-01-03 12:00:00,1216.9004,30.981805419921898,0.018133579,0.0027980804,26.654310451125912,30.638055419921898,0.018843113,0.0098724365,15.28092683228068,28.138055419921898,0.017263828,0.095458984,3.122228324072665,0,0,0
2015-01-03 13:00:00,1202.1556,31.211206054687523,0.017904576,0.0026474,25.754160554921448,30.883081054687523,0.018789586,0.01342392,15.038157338831809,28.336206054687523,0.017370518,0.11364746,2.9005313797522287,0,0,0
2015-01-03 14:00:00,1197.2616,31.156518554687523,0.017744431,0.0014648438,24.90217224205645,30.828393554687523,0.018728623,0.016586304,14.698079322367311,28.234643554687523,0.01738585,0.1281128,2.9147026590202776,0,0,0
2015-01-03 15:00:00,1169.0034,30.816766357421898,0.01765308,0.00040137768,24.21445513833595,30.457391357421898,0.018713566,0.018455505,14.07604796605828,27.910516357421898,0.01740894,0.12640381,3.026640617374741,0,0,0
2015-01-03 16:00:00,1136.7054,30.057214355468773,0.017706675,2.7008355e-05,23.76680031302364,29.775964355468773,0.018935008,0.018684387,12.472077945213634,27.291589355468773,0.017500682,0.11956787,3.247855434040348,0,0,0
2015-01-03 17:00:00,1101.9447,28.802453613281276,0.018042427,8.3666564e-13,22.75511413103021,28.474328613281276,0.019415718,0.024085999,9.446227274250653,26.239953613281276,0.017706733,0.119659424,3.2905248773454923,0,0,0
2015-01-03 18:00:00,1107.0406,27.366357421875023,0.018568844,8.368557e-13,20.678809423651245,26.569482421875023,0.019148678,0.028442383,7.0846438511272005,24.960107421875023,0.017905086,0.11782837,3.331619551380986,0,0,0
2015-01-03 19:00:00,1142.1548,26.613946533203148,0.018851262,0.0004069805,19.926386345816304,25.817071533203148,0.018851262,0.024963379,7.028678289458417,24.238946533203148,0.017653447,0.110961914,4.027541451693711,0,0,0
2015-01-03 20:00:00,1097.2334,26.267266845703148,0.018889746,0.0014262199,19.428423982589678,25.251641845703148,0.018554052,0.021995544,7.178384138319728,23.736016845703148,0.017432531,0.105407715,4.505689209898423,0,0,0
2015-01-03 21:00:00,1074.6544,26.083520507812523,0.018859386,0.0024576187,19.569516801750726,24.771020507812523,0.018256664,0.018157959,7.502368873332466,23.411645507812523,0.017356396,0.09338379,4.447957926907971,0,0,0
2015-01-03 22:00:00,1041.3244,25.9562927246094,0.018775864,0.0028734207,19.65992257988744,24.3703552246094,0.017967148,0.013534546,7.758983976764263,23.1594177246094,0.017249985,0.08782959,4.26351306991748,0,0,0
2015-01-03 23:00:00,999.634,25.861291503906276,0.01866179,0.0031547546,19.702977105598293,24.056604003906276,0.017792039,0.009838104,7.965630478555885,22.939416503906276,0.017105393,0.09085083,4.160836315178154,0,0,0
2015-01-04 00:00:00,968.0526,25.769189453125023,0.01855488,0.0032510757,19.700351692584665,23.823876953125023,0.01765461,0.008983612,8.157669764630677,22.730126953125023,0.016922189,0.09188843,4.209795611804707,0,0,0
2015-01-04 01:00:00,944.0556,25.681817626953148,0.01849374,0.003897667,19.89334975261539,23.627130126953148,0.017540066,0.0064811707,8.287432557258809,22.533380126953148,0.016746609,0.08557129,4.4330891654291165,0,0,0
2015-01-04 02:00:00,928.7193,25.602319335937523,0.01848609,0.0046253204,19.86387111956006,23.477319335937523,0.017448492,0.0030555725,8.476266654903519,22.360131835937523,0.016609259,0.08480835,4.67343933656402,0,0,0
2015-01-04 03:00:00,909.5566,25.572656250000023,0.018447837,0.008533478,20.362022908559723,23.369531250000023,0.017387351,0.0015416145,8.692402541212445,22.244531250000023,0.01650997,0.08291626,4.924833043168294,0,0,0
2015-01-04 04:00:00,894.6543,25.547143554687523,0.018409494,0.008693695,20.651573656911378,23.281518554687523,0.01732612,0.0011730194,8.831439284707649,22.148706054687523,0.016410593,0.084350586,5.111985618624807,0,0,0
2015-01-04 05:00:00,884.6659,25.527856445312523,0.018401654,0.008224487,20.48153763244016,23.207543945312523,0.017264875,0.0026435852,8.900691882039503,22.074731445312523,0.016349347,0.0899353,5.328663267091503,0,0,0
2015-01-04 06:00:00,862.9888,25.544763183593773,0.018416742,0.00642395,20.43622984692737,23.224450683593773,0.017218927,0.007364273,9.098555343312867,22.029138183593773,0.016326288,0.092926025,5.532604752491365,0,0,0
2015-01-04 07:00:00,871.6873,26.304223632812523,0.018576866,0.00390625,23.66059609082254,24.585473632812523,0.017661339,0.0105896,12.106721218787255,22.366723632812523,0.016547447,0.09460449,5.917201064068821,0,0,0
2015-01-04 08:00:00,912.4966,27.403222656250023,0.018454764,0.0030670166,27.22222240560449,26.309472656250023,0.018210623,0.01228714,14.697095436099357,23.129785156250023,0.016959403,0.10568237,6.0844431915929,0,0,0
2015-01-04 09:00:00,969.8017,28.461389160156276,0.018355511,0.0037269592,28.119918583932492,27.820764160156276,0.018386029,0.010982513,16.77176282321695,24.320764160156276,0.01722636,0.10751343,5.95683364810585,0,0,0
2015-01-04 10:00:00,1019.3105,29.381036376953148,0.018141903,0.0040340424,28.527482252248337,28.974786376953148,0.01842419,0.011009216,16.904182286765003,25.912286376953148,0.017066158,0.108795166,5.5691361726897055,0,0,0
2015-01-04 11:00:00,1059.7497,30.106256103515648,0.017905423,0.0021734238,28.2539580632561,29.809381103515648,0.018401334,0.014148712,16.551824601657756,27.106256103515648,0.01694412,0.109069824,4.711672706739568,0,0,0
2015-01-04 12:00:00,1069.7854,30.595086669921898,0.01760021,0.0009417534,27.479724436881696,30.360711669921898,0.018378409,0.016944885,15.831560064231914,27.688836669921898,0.017279776,0.12023926,3.5203952134494165,0,0,0
2015-01-04 13:00:00,1087.2858,30.791101074218773,0.017340636,0.0005824566,26.45025602335773,30.619226074218773,0.018362975,0.01890564,15.08725543262451,27.916101074218773,0.017233824,0.13043213,2.998148003180398,0,0,0
2015-01-04 14:00:00,1087.1689,30.692041015625023,0.01714219,0.0003581047,25.63466756231244,30.567041015625023,0.018332375,0.020011902,14.497600341070727,27.848291015625023,0.017157448,0.14160156,2.916997555809841,0,0,0
2015-01-04 15:00:00,1075.3804,30.262750244140648,0.017020134,4.5403838e-05,25.31850514704333,30.184625244140648,0.018317131,0.01964569,13.937052717344688,27.465875244140648,0.017149834,0.13336182,3.1752897731079184,0,0,0
2015-01-04 16:00:00,1056.4102,29.419274902343773,0.016982077,1.2051314e-06,25.56764766132375,29.419274902343773,0.018385885,0.020988464,12.834210270896603,26.684899902343773,0.017340658,0.11468506,3.836850310757435,0,0,0
2015-01-04 17:00:00,1033.7229,28.118127441406276,0.017188106,2.322802e-11,25.10650949151746,28.008752441406276,0.018630061,0.031158447,10.3809703368952,25.461877441406276,0.017607722,0.13146973,4.229600791761087,0,0,0
2015-01-04 18:00:00,1101.5439,26.833398437500023,0.017615346,0.000592947,22.93944962284456,26.286523437500023,0.01820281,0.04295349,9.43701478632902,24.161523437500023,0.017371206,0.12567139,4.810374266563011,0,0,0
2015-01-04 19:00:00,1137.1754,26.2651306152344,0.017882211,0.0040626526,21.902018707459685,25.4995056152344,0.01776777,0.035980225,11.164779269765171,23.4604431152344,0.016951425,0.1144104,5.8334172480769055,0,0,0
2015-01-04 20:00:00,1133.2082,26.040368652343773,0.017935479,0.003162384,21.862147479871247,24.938806152343773,0.017386163,0.019172668,12.170563145117285,23.079431152343773,0.016752923,0.10812378,6.013916384913329,0,0,0
2015-01-04 21:00:00,1102.3695,25.870141601562523,0.018011456,0.001964569,21.638565349301157,24.510766601562523,0.01708067,0.0065670013,12.453204760517393,22.823266601562523,0.016493207,0.09439087,6.249156940820762,0,0,0
2015-01-04 22:00:00,1072.5808,25.751367187500023,0.018095177,0.0057029724,21.839130412804906,24.173242187500023,0.016904991,0.0025310516,12.473494970625778,22.626367187500023,0.016256493,0.082855225,6.520783581366173,0,0,0
2015-01-04 23:00:00,1012.596,25.716699218750023,0.018232353,0.012939453,21.838535036692093,23.927636718750023,0.016782768,0.004793167,12.435194012977076,22.513574218750023,0.016096123,0.07449341,6.587058218631969,0,0,0
2015-01-05 00:00:00,958.6209,25.700708007812523,0.018346615,0.018684387,21.22802613593477,23.731958007812523,0.016706295,0.008647919,12.392271937706829,22.450708007812523,0.015989132,0.07495117,6.578815420710838,0,0,0
2015-01-05 01:00:00,928.5338,25.689904785156276,0.018422669,0.018112183,20.812843245691507,23.510217285156276,0.016660279,0.007762909,11.81946955386188,22.400842285156276,0.015912598,0.08206177,6.599680520041389,0,0,0
2015-01-05 02:00:00,901.5402,25.6904235839844,0.018391995,0.019012451,21.43509169861257,23.2216735839844,0.016705899,0.00459671,11.009685296074702,22.3622985839844,0.015874295,0.087524414,6.727811890583967,0,0,0
2015-01-05 03:00:00,887.7822,25.704492187500023,0.018292766,0.021980286,22.28194360881313,23.173242187500023,0.016766887,0.008426666,11.222058930001124,22.337304687500023,0.015881877,0.09411621,6.841784946040307,0,0,0
2015-01-05 04:00:00,881.0019,25.711022949218773,0.018231457,0.01914215,22.64028872032872,23.203210449218773,0.016781872,0.012203217,11.583071023363164,22.367272949218773,0.015942639,0.098602295,6.964739284962152,0,0,0
2015-01-05 05:00:00,885.4197,25.694970703125023,0.018216256,0.014083862,22.7664090113584,23.241845703125023,0.016797189,0.012580872,11.611864034363265,22.421533203125023,0.016003732,0.10379028,7.108935393774607,0,0,0
2015-01-05 06:00:00,902.0863,25.704034423828148,0.018231662,0.012760162,22.893876328928176,23.352471923828148,0.016858371,0.014350891,11.818934666216204,22.477471923828148,0.016042026,0.1111145,7.267973332063817,0,0,0
2015-01-05 07:00:00,1037.157,26.268457031250023,0.018392093,0.012371063,25.370114119366654,24.471582031250023,0.017285831,0.016563416,13.869362521989157,22.893457031250023,0.016202457,0.11657715,7.5433758052631,0,0,0
2015-01-05 08:00:00,1191.9135,27.169396972656276,0.018194024,0.016868591,29.65603213006114,26.294396972656276,0.017820183,0.020492554,16.55279008563634,23.856896972656276,0.016378228,0.11175537,7.767045257684038,0,0,0
2015-01-05 09:00:00,1319.8159,28.096032714843773,0.018041568,0.013286591,31.390542947254637,27.783532714843773,0.017873721,0.023216248,18.91925680882424,25.002282714843773,0.016340213,0.10321045,7.871357189682627,0,0,0
2015-01-05 10:00:00,1383.0651,28.900506591796898,0.017995756,0.014720917,31.709249019626306,28.869256591796898,0.018033903,0.029823303,19.25139429368628,25.994256591796898,0.016210478,0.10531616,7.838324237904459,0,0,0
2015-01-05 11:00:00,1415.1816,29.536035156250023,0.017919287,0.015457153,31.50677312784804,29.645410156250023,0.018094763,0.040985107,19.34451500090186,26.723535156250023,0.016149268,0.11303711,7.700655768077342,0,0,0
2015-01-05 12:00:00,1398.8659,29.979516601562523,0.017713105,0.0105781555,31.21886718728005,30.042016601562523,0.018003022,0.042388916,19.266925352443263,27.151391601562523,0.016233003,0.1156311,7.461689001133308,0,0,0
2015-01-05 13:00:00,1430.5514,30.220422363281276,0.017514696,0.0057296753,31.02135067978257,30.157922363281276,0.01785802,0.03466797,19.02320508071573,27.251672363281276,0.01632451,0.11160278,7.372792027880412,0,0,0
2015-01-05 14:00:00,1413.9896,30.134149169921898,0.017346958,0.0020341873,31.06287521780421,29.993524169921898,0.017736057,0.028862,18.50995359146013,27.024774169921898,0.01631699,0.109375,7.5973294786332115,0,0,0
2015-01-05 15:00:00,1378.7528,29.686303710937523,0.01733172,0.00033295155,31.20403158109642,29.561303710937523,0.017675042,0.023750305,17.782104926448792,26.530053710937523,0.01619494,0.09869385,7.89733883424295,0,0,0
2015-01-05 16:00:00,1292.2593,28.865380859375023,0.01747666,4.6014786e-05,30.362114780034933,28.834130859375023,0.017667394,0.01700592,16.17123758934048,25.818505859375023,0.016141515,0.08392334,7.872372259688765,0,0,0
2015-01-05 17:00:00,1178.1032,27.7099548339844,0.017659597,0.0017676353,28.425178466880794,27.5693298339844,0.01775115,0.016555786,13.136018376596589,24.7880798339844,0.01624816,0.08456421,7.273987847146808,0,0,0
2015-01-05 18:00:00,1188.0149,26.5783630371094,0.017873012,0.013908386,25.637960399137334,25.7971130371094,0.017598353,0.011131287,10.484332335338395,23.6877380371094,0.016408168,0.10681152,6.485799330579306,0,0,0
2015-01-05 19:00:00,1207.7648,26.146783447265648,0.017910928,0.020965576,25.18592179647752,25.099908447265648,0.017430276,0.004426956,10.551031407565224,23.209283447265648,0.016468972,0.1078186,6.4847611483761884,0,0,0
2015-01-05 20:00:00,1156.6583,25.962915039062523,0.017758124,0.018501282,25.34703503486342,24.681665039062523,0.017239325,0.0028018951,10.794464218462716,22.970727539062523,0.016491644,0.09869385,6.547827259812283,0,0,0
2015-01-05 21:00:00,1114.1973,25.801293945312523,0.017574856,0.015335083,25.237235760828806,24.332543945312523,0.017056057,0.0013599396,11.050263152290231,22.848168945312523,0.016430447,0.08703613,6.658906046745208,0,0,0
2015-01-05 22:00:00,1066.7578,25.669702148437523,0.017460309,0.016242981,26.45164660572753,24.075952148437523,0.01693388,0.000603199,11.899408598236846,22.732202148437523,0.016338788,0.0776062,6.815883231747797,0,0,0
2015-01-05 23:00:00,1002.3568,25.566674804687523,0.017429728,0.018333435,27.770919486329777,23.902612304687523,0.016857523,0.002989769,12.84347456365245,22.590112304687523,0.016178507,0.078125,7.052085243423932,0,0,0
2015-01-06 00:00:00,931.5394,25.507684326171898,0.01745259,0.021240234,28.490073183821963,23.765496826171898,0.016743056,0.008728027,13.56001172563164,22.445184326171898,0.015995376,0.08480835,7.394196858772378,0,0,0
2015-01-06 01:00:00,914.6895,25.441033935546898,0.017628072,0.024032593,28.399832389229484,23.605096435546898,0.016590474,0.008876801,14.222409556532606,22.284783935546898,0.015835164,0.08810425,7.670477443591532,0,0,0
2015-01-06 02:00:00,890.8448,25.431298828125023,0.017818786,0.027275085,28.25437363518437,23.493798828125023,0.016529419,0.0064811707,14.480580699931426,22.150048828125023,0.015728332,0.08605957,7.862188151714443,0,0,0
2015-01-06 03:00:00,869.0447,25.472039794921898,0.01789508,0.026924133,28.24805103161917,23.425164794921898,0.016407348,0.011116028,14.584421902963877,22.026727294921898,0.0156100765,0.09011841,7.860584514520031,0,0,0
2015-01-06 04:00:00,852.4821,25.488549804687523,0.017910404,0.024055481,27.32543769618496,23.355737304687523,0.016376896,0.0061626434,14.369137832166372,21.894799804687523,0.015472812,0.095184326,8.00041474220951,0,0,0
2015-01-06 05:00:00,891.2575,25.467370605468773,0.017857125,0.017730713,26.221677871197706,23.342370605468773,0.01641517,0.008403778,14.010575915635766,21.811120605468773,0.015396645,0.09750366,8.165962949782273,0,0,0
2015-01-06 06:00:00,895.6612,25.447137451171898,0.017834324,0.007946014,24.548523650674685,23.384637451171898,0.016415257,0.01776123,13.850810724761,21.783074951171898,0.015350956,0.10272217,8.23543316811889,0,0,0
2015-01-06 07:00:00,1006.3031,26.025689697265648,0.017979385,0.0053138733,25.555737568230157,24.447564697265648,0.0167892,0.01763916,15.631284771209078,22.189752197265648,0.015549422,0.10824585,8.264447022924557,0,0,0
2015-01-06 08:00:00,1183.9851,27.034143066406276,0.017727705,0.0059223175,28.88359963510192,26.096643066406276,0.017453047,0.018806458,17.540101061957195,23.229455566406276,0.015942426,0.115356445,8.221889823804519,0,0,0
2015-01-06 09:00:00,1311.9373,27.991479492187523,0.017575268,0.002486229,30.005888826325616,27.491479492187523,0.017735485,0.012451172,19.3135978194116,24.522729492187523,0.016179089,0.11755371,8.011466849099405,0,0,0
2015-01-06 10:00:00,1384.2441,28.865075683593773,0.017544882,0.003211975,30.080409024481,28.583825683593773,0.017773764,0.006723404,19.433491621905013,25.833825683593773,0.01632418,0.10870361,7.548124653913422,0,0,0
2015-01-06 11:00:00,1401.9173,29.625939941406276,0.017499143,0.0015454292,29.614177648927985,29.391564941406276,0.01778906,0.008277893,18.68122741554914,26.735314941406276,0.016369993,0.09829712,7.019109293844246,0,0,0
2015-01-06 12:00:00,1415.6382,30.1357360839844,0.0173923,0.0023832321,28.911448371256466,29.9169860839844,0.01777377,0.011432648,17.735987012019585,27.2138610839844,0.016415738,0.08465576,6.443743115041257,0,0,0
2015-01-06 13:00:00,1437.47,30.376519775390648,0.017277837,0.0009715557,28.283985990757927,30.142144775390648,0.01774323,0.01637268,16.887316306221283,27.298394775390648,0.016408086,0.077423096,6.105606798013466,0,0,0
2015-01-06 14:00:00,1430.0527,30.245874023437523,0.01717868,0.001159668,28.078217341250493,30.089624023437523,0.017720368,0.02205658,16.119821116020486,27.073999023437523,0.016293671,0.08053589,6.05488792196004,0,0,0
2015-01-06 15:00:00,1383.4537,29.758691406250023,0.017087191,0.0006225109,28.22404795444074,29.727441406250023,0.017644137,0.020744324,15.268897273149369,26.586816406250023,0.016156405,0.083496094,6.132511282162838,0,0,0
2015-01-06 16:00:00,1325.206,28.830987548828148,0.017056752,0.0052776337,28.413503096294285,29.034112548828148,0.017659474,0.01738739,13.759634375482973,25.862237548828148,0.016103078,0.076812744,6.183460956432024,0,0,0
2015-01-06 17:00:00,1166.9817,27.583764648437523,0.017064454,0.014862061,27.575161413444874,27.708764648437523,0.0178808,0.019012451,10.785386880400356,24.755639648437523,0.016217591,0.09573364,5.871318208892344,0,0,0
2015-01-06 18:00:00,1163.0865,26.408288574218773,0.017186578,0.013988495,24.819032699830856,25.720788574218773,0.0176596,0.025817871,8.264676955429794,23.486413574218773,0.01629394,0.11279297,5.6099081601055945,0,0,0
2015-01-06 19:00:00,1197.1559,25.886865234375023,0.017117966,0.010757446,22.971654392263048,24.808740234375023,0.017423142,0.021026611,8.237458979456736,22.855615234375023,0.016225327,0.11740112,6.000222869548508,0,0,0
2015-01-06 20:00:00,1155.743,25.617333984375023,0.016812848,0.014537811,22.256551975428746,24.218896484375023,0.017194318,0.018203735,8.392656958700028,22.570458984375023,0.016233014,0.11099243,6.041365017781675,0,0,0
2015-01-06 21:00:00,1116.5382,25.347985839843773,0.016736602,0.010547638,20.589454633133045,23.730798339843773,0.016980743,0.023231506,8.3749954132523,22.433923339843773,0.016179657,0.10308838,6.0358372074873,0,0,0
2015-01-06 22:00:00,1086.2051,25.129937744140648,0.016843444,0.008846283,19.99690714000582,23.348687744140648,0.016828185,0.01991272,8.719513339190122,22.294000244140648,0.016072875,0.095062256,6.100353233866207,0,0,0
2015-01-06 23:00:00,1030.0292,24.966882324218773,0.01688923,0.00869751,20.053285248746107,22.998132324218773,0.016690865,0.018226624,9.090072158678147,22.138757324218773,0.015935555,0.09729004,6.180009531921146,0,0,0
2015-01-07 00:00:00,979.6728,24.8991638183594,0.016858714,0.011878967,20.375055747862767,22.6804138183594,0.01653065,0.016052246,9.519345264519862,21.9538513183594,0.01576771,0.09893799,6.345988702239215,0,0,0
2015-01-07 01:00:00,940.4568,24.863244628906276,0.016942648,0.015155792,20.15655441267221,22.425744628906276,0.016385702,0.015403748,10.078216501219796,21.761682128906276,0.015573172,0.10028076,6.593827421628742,0,0,0
2015-01-07 02:00:00,908.5931,24.865563964843773,0.017057115,0.018218994,20.10857966630883,22.248376464843773,0.016225511,0.012042999,10.661059050780484,21.568688964843773,0.015363389,0.10076904,6.843872027419694,0,0,0
2015-01-07 03:00:00,886.4675,24.900903320312523,0.017171584,0.018592834,20.34752638120871,22.057153320312523,0.016034804,0.0070590973,11.029632342549611,21.400903320312523,0.015165053,0.10223389,7.152504286326431,0,0,0
2015-01-07 04:00:00,876.4283,24.922998046875023,0.017308928,0.017074585,19.85254355788632,21.876123046875023,0.015844084,0.002937317,10.996821613621211,21.282373046875023,0.015016295,0.09692383,7.447802400010329,0,0,0
2015-01-07 05:00:00,892.4143,24.925805664062523,0.017430961,0.01493454,19.130799255743973,21.730493164062523,0.015699089,0.0019330978,10.722974956841448,21.160180664062523,0.014875115,0.089263916,7.667183594346048,0,0,0
2015-01-07 06:00:00,907.9188,24.961938476562523,0.017514825,0.011806488,18.543832499105537,21.704125976562523,0.015653253,0.0042972565,10.5064839860684,21.063500976562523,0.0147720575,0.088897705,7.782494047060318,0,0,0
2015-01-07 07:00:00,1010.5448,25.743676757812523,0.017644504,0.0048446655,21.083527601148685,23.063989257812523,0.01604996,0.009700775,13.130552048361356,21.407739257812523,0.014859776,0.08248901,8.000819874712999,0,0,0
2015-01-07 08:00:00,1164.6559,26.809533691406276,0.017537711,0.00843811,24.148700939803746,25.122033691406276,0.016713737,0.012645721,15.41401315208459,22.418908691406276,0.014966606,0.0843811,8.32433745351046,0,0,0
2015-01-07 09:00:00,1293.9383,27.824060058593773,0.017453894,0.013923645,25.09453125,26.917810058593773,0.016965613,0.016082764,17.956433176765387,23.792810058593773,0.014955266,0.07662964,8.4422802620832,0,0,0
2015-01-07 10:00:00,1366.6676,28.6806579589844,0.017400831,0.023902893,26.148832113469958,28.1650329589844,0.017057508,0.019432068,18.56247869316959,24.9931579589844,0.01496324,0.07244873,8.320027572696187,0,0,0
2015-01-07 11:00:00,1390.9173,29.295526123046898,0.017286764,0.030136108,27.072350572629333,29.061151123046898,0.017195212,0.024406433,18.745551840534127,25.811151123046898,0.015017019,0.082733154,8.070241814716463,0,0,0
2015-01-07 12:00:00,1383.5812,29.638574218750023,0.017202938,0.033676147,27.774516197406573,29.622949218750023,0.017325008,0.028686523,18.542560091017744,26.326074218750023,0.01516589,0.095062256,7.7282705846294,0,0,0
2015-01-07 13:00:00,1407.7425,29.744348144531276,0.017157197,0.02596283,28.70079080907713,29.853723144531276,0.01736319,0.02999878,18.15338032668176,26.588098144531276,0.015307069,0.097961426,7.424889303596,0,0,0
2015-01-07 14:00:00,1408.6819,29.552117919921898,0.017134307,0.015838623,29.857418070194203,29.755242919921898,0.01735556,0.029647827,17.731607360788473,26.536492919921898,0.015444396,0.102630615,7.307452998393522,0,0,0
2015-01-07 15:00:00,1362.4042,29.049035644531276,0.017035102,0.0058612823,30.9101987137172,29.330285644531276,0.017271614,0.02684784,17.277022477159356,26.174035644531276,0.015528297,0.1053772,7.253048780600441,0,0,0
2015-01-07 16:00:00,1286.8121,28.234277343750023,0.016935943,0.0067539215,30.790726055667413,28.531152343750023,0.017248748,0.030784607,15.81481545122635,25.468652343750023,0.015612242,0.105041504,7.082962109281407,0,0,0
2015-01-07 17:00:00,1179.9351,27.190026855468773,0.01697418,0.00765419,29.14787705086368,27.158776855468773,0.017279355,0.046554565,13.0286434766742,24.346276855468773,0.015814511,0.11846924,6.551922994894726,0,0,0
2015-01-07 18:00:00,1182.7732,26.209313964843773,0.017241376,0.012123108,25.855957985626684,25.396813964843773,0.017020123,0.05480957,10.601027773567855,23.123376464843773,0.015944378,0.13171387,5.900866076378533,0,0,0
2015-01-07 19:00:00,1206.2524,25.8620544433594,0.017371407,0.0233078,23.610036067329204,24.6276794433594,0.016783943,0.05154419,10.12355061647595,22.5339294433594,0.015959969,0.13183594,5.703713692995345,0,0,0
2015-01-07 20:00:00,1143.2591,25.734887695312523,0.017280355,0.029045105,22.612292297320348,24.070825195312523,0.016624227,0.04408264,9.376376852019854,22.242700195312523,0.016013876,0.1329956,5.461273932182976,0,0,0
2015-01-07 21:00:00,1138.631,25.6079040527344,0.017219942,0.027015686,21.65592811246171,23.5063415527344,0.016525667,0.037353516,8.271957460460078,22.0922790527344,0.016014498,0.13354492,5.3556413231221525,0,0,0
2015-01-07 22:00:00,1095.4537,25.467858886718773,0.017243452,0.022712708,20.94058178987017,23.131921386718773,0.016427107,0.038116455,8.178365424138384,21.952233886718773,0.015954085,0.13604736,5.364483478493324,0,0,0
2015-01-07 23:00:00,1044.1697,25.298608398437523,0.017404111,0.020309448,19.599330330132418,22.892358398437523,0.016381772,0.041778564,8.565605137386903,21.837670898437523,0.01590112,0.13232422,5.502421480664573,0,0,0
2015-01-08 00:00:00,985.8912,25.158502197265648,0.017534073,0.020561218,19.100394183979517,22.705377197265648,0.016374405,0.03756714,9.20716749541216,21.721002197265648,0.015832718,0.12994385,5.747168439184585,0,0,0
2015-01-08 01:00:00,962.4068,25.050805664062523,0.017603036,0.021621704,19.64667076270444,22.542993164062523,0.016367074,0.032714844,9.836932663026568,21.597680664062523,0.015749093,0.12762451,6.068856502584519,0,0,0
2015-01-08 02:00:00,928.1036,24.949822998046898,0.017626144,0.03037262,20.34497017150177,22.449822998046898,0.016336776,0.033081055,10.179028516329783,21.543572998046898,0.015680648,0.11911011,6.524439057540807,0,0,0
2015-01-08 03:00:00,917.9997,24.8298278808594,0.017725559,0.035980225,20.432017658103536,22.4001403808594,0.016306492,0.034820557,10.44747456237369,21.4860778808594,0.015600773,0.1184082,6.944665596081214,0,0,0
2015-01-08 04:00:00,910.9537,24.778253173828148,0.017733486,0.04032898,21.20864995434038,22.364190673828148,0.016245754,0.0435791,10.739327524112763,21.379815673828148,0.015463742,0.12164307,7.283553312050877,0,0,0
2015-01-08 05:00:00,928.724,24.770562744140648,0.017671969,0.03161621,21.66956875346017,22.317437744140648,0.016184237,0.04737854,10.889434915809202,21.294000244140648,0.015341189,0.120788574,7.523858870355384,0,0,0
2015-01-08 06:00:00,931.4314,24.816094970703148,0.017580254,0.020881653,22.168428478162504,22.347344970703148,0.016161187,0.043655396,11.204145195768891,21.300469970703148,0.015279992,0.11740112,7.650251631244707,0,0,0
2015-01-08 07:00:00,1033.7357,25.585260009765648,0.017474439,0.015411377,26.073727558575666,23.389947509765648,0.01657417,0.055023193,13.611019943104983,21.702447509765648,0.015410689,0.1194458,7.890928584235748,0,0,0
2015-01-08 08:00:00,1186.5044,26.614923095703148,0.017108373,0.024963379,31.430189278712643,25.177423095703148,0.017199926,0.058135986,15.664630873416412,22.614923095703148,0.015666418,0.11984253,8.121557920988119,0,0,0
2015-01-08 09:00:00,1275.112,27.571801757812523,0.016818518,0.026473999,33.5215004137678,26.884301757812523,0.017131323,0.062561035,18.893115942509056,23.774926757812523,0.01565122,0.120147705,8.295407171206751,0,0,0
2015-01-08 10:00:00,1348.951,28.399377441406276,0.016772827,0.025772095,33.81695312057807,27.993127441406276,0.017016968,0.058288574,19.903030885464013,24.954064941406276,0.015441497,0.11993408,8.344765659193813,0,0,0
2015-01-08 11:00:00,1365.6284,29.004724121093773,0.016818667,0.031982422,33.33870283087379,28.785974121093773,0.017047549,0.055099487,19.899943074667327,25.746911621093773,0.015300416,0.117004395,8.341782145378883,0,0,0
2015-01-08 12:00:00,1343.4717,29.328637695312523,0.016870817,0.048721313,32.32258053816997,29.297387695312523,0.017053923,0.044006348,19.667261570267986,26.180200195312523,0.0152037935,0.10760498,8.473454157190202,0,0,0
2015-01-08 13:00:00,1371.5959,29.372705078125023,0.016870128,0.06506348,31.3659326103278,29.528955078125023,0.01696168,0.04664612,19.49540766706304,26.278955078125023,0.015164959,0.09588623,8.644667027747795,0,0,0
2015-01-08 14:00:00,1383.9909,29.204034423828148,0.01681631,0.056747437,31.200916570258293,29.407159423828148,0.016869716,0.046218872,19.25665550213561,26.063409423828148,0.015130214,0.09567261,8.786115560638699,0,0,0
2015-01-08 15:00:00,1333.5524,28.828790283203148,0.016716715,0.03614807,31.809152747068385,28.985040283203148,0.016800638,0.034713745,18.73823046135237,25.578790283203148,0.015091654,0.09701538,8.874577845889291,0,0,0
2015-01-08 16:00:00,1255.568,28.120172119140648,0.016594322,0.02293396,31.992054601372317,28.167047119140648,0.016777428,0.030891418,17.556836249292544,24.807672119140648,0.015171441,0.08929443,8.825435828666931,0,0,0
2015-01-08 17:00:00,1142.0101,27.124108886718773,0.016540617,0.020240784,30.940718227500696,26.780358886718773,0.016716093,0.041534424,15.4412389414317,23.717858886718773,0.015441984,0.10494995,8.241380884701226,0,0,0
2015-01-08 18:00:00,1188.5847,26.2233825683594,0.016670253,0.026313782,28.826888502445453,25.1452575683594,0.016494777,0.04660034,13.849102236299103,22.6686950683594,0.015544917,0.12878418,7.680585865085882,0,0,0
2015-01-08 19:00:00,1172.1282,25.847741699218773,0.016761662,0.027168274,27.800354144358625,24.480554199218773,0.016342046,0.033843994,14.25067819688049,22.324304199218773,0.015529515,0.12701416,7.459039516439935,0,0,0
2015-01-08 20:00:00,1136.7167,25.664392089843773,0.01673111,0.025466919,27.3803889909173,24.148767089843773,0.01622757,0.024803162,14.405177234749694,22.398767089843773,0.015476074,0.11166382,7.448284883658109,0,0,0
2015-01-08 21:00:00,1111.7702,25.536798095703148,0.016700616,0.024864197,27.030038222477486,23.896173095703148,0.016044488,0.020004272,14.300747090277762,22.466485595703148,0.015453211,0.09500122,7.441348301939726,0,0,0
2015-01-08 22:00:00,1069.2922,25.414697265625023,0.016616663,0.027259827,27.55759383152316,23.633447265625023,0.015846094,0.01941681,13.962998124323912,22.438134765625023,0.015434107,0.087371826,7.323051094423892,0,0,0
2015-01-08 23:00:00,1017.9603,25.290673828125023,0.016585948,0.027503967,27.54912931032188,23.329736328125023,0.015708568,0.020652771,13.15522353709868,22.376611328125023,0.0154453525,0.08087158,7.2264037461447534,0,0,0
2015-01-09 00:00:00,977.2739,25.160607910156276,0.016593274,0.025611877,26.99393028698984,23.082482910156276,0.015628155,0.02179718,12.742903549872285,22.309045410156276,0.015445049,0.08627319,7.1695442271917935,2,1,0
2015-01-09 01:00:00,943.6081,25.038476562500023,0.01664647,0.02394104,26.2130884456482,22.975976562500023,0.015578357,0.02117157,13.294013679590329,22.194726562500023,0.01541051,0.09625244,6.865418860874688,2,1,0
2015-01-09 02:00:00,917.064,24.934442138671898,0.016730333,0.023872375,25.2482583228991,22.864129638671898,0.0155744795,0.020439148,13.76935272490652,22.168817138671898,0.015418077,0.10620117,6.599671624424349,2,1,0
2015-01-09 03:00:00,895.9092,24.903466796875023,0.0167839,0.036895752,24.701125504646324,22.809716796875023,0.015601344,0.023963928,13.77962886072432,22.161279296875023,0.015357204,0.11730957,6.6737797939837975,2,1,0
2015-01-09 04:00:00,885.272,24.917871093750023,0.016837588,0.054748535,24.267495350085188,22.855371093750023,0.015639773,0.034744263,13.648437326711862,22.128808593750023,0.015246859,0.12902832,6.794756632103475,2,1,0
2015-01-09 05:00:00,884.8111,24.934930419921898,0.016891282,0.056167603,24.136818836780677,22.966180419921898,0.01566295,0.04460144,13.61770888362862,22.161492919921898,0.015193742,0.14117432,6.886392394245301,2,1,0
2015-01-09 06:00:00,866.5622,24.970239257812523,0.016960157,0.045669556,23.94043982080272,23.079614257812523,0.01566316,0.046951294,13.351056106455204,22.181176757812523,0.01514436,0.1484375,6.954048437626213,2,1,0
2015-01-09 07:00:00,883.0248,25.496301269531276,0.017158505,0.035217285,26.015894846573485,24.019738769531276,0.01594543,0.04232788,14.733778435613388,22.472863769531276,0.015235897,0.13439941,7.276681355723526,2,1,0
2015-01-09 08:00:00,953.57,26.403985595703148,0.017105637,0.034454346,30.717782641495404,25.482110595703148,0.016472397,0.02974701,16.698097413009528,23.208673095703148,0.0153241735,0.11721802,7.749477043966003,2,1,0
2015-01-09 09:00:00,1006.9689,27.360437011718773,0.016968647,0.03717041,33.61128279757897,26.891687011718773,0.016739765,0.024383545,18.94129356534846,24.180749511718773,0.015282552,0.10064697,8.049555677389503,2,1,0
2015-01-09 10:00:00,1058.0176,28.232690429687523,0.016968723,0.030677795,33.74536198600344,27.951440429687523,0.016694065,0.014636993,19.79792310052341,25.123315429687523,0.015332217,0.09289551,7.930318834550535,2,1,0
2015-01-09 11:00:00,1088.0395,28.898645019531276,0.017022138,0.028404236,32.33573643933626,28.789270019531276,0.016800886,0.0054092407,19.6191417877364,25.804895019531276,0.01536656,0.08227539,7.742651067534225,2,1,0
2015-01-09 12:00:00,1080.8465,29.325616455078148,0.017121317,0.02305603,30.63581063178199,29.356866455078148,0.016922953,0.0025310516,19.044989171664763,26.372491455078148,0.015416146,0.06390381,7.524722071993238,2,1,0
2015-01-09 13:00:00,1073.435,29.531030273437523,0.017182361,0.02658844,29.25456319573816,29.656030273437523,0.01695348,0.0015897751,18.18863831408781,26.765405273437523,0.015503895,0.05545044,7.179723130097254,2,1,0
2015-01-09 14:00:00,1075.0293,29.4489685058594,0.017167058,0.027885437,28.522379807834128,29.5739685058594,0.016945805,0.001999855,17.308526230191596,26.7614685058594,0.015572513,0.052215576,6.902801666354883,2,1,0
2015-01-09 15:00:00,1059.6223,29.023156738281276,0.017068034,0.026947021,28.31445612939299,29.132531738281276,0.016884929,0.0039806366,16.501066721333338,26.398156738281276,0.015568858,0.05570984,6.847778965426556,2,1,0
2015-01-09 16:00:00,1026.1627,28.236352539062523,0.016900267,0.026649475,28.32780677780792,28.330102539062523,0.016778197,0.0062026978,15.241911807556043,25.689477539062523,0.015526977,0.05770874,6.892947432281725,2,1,0
2015-01-09 17:00:00,997.3978,27.186547851562523,0.016839191,0.02470398,27.23120611404829,26.952172851562523,0.016839191,0.010292053,12.845797891451411,24.608422851562523,0.015595601,0.06451416,6.575629548657805,2,1,0
2015-01-09 18:00:00,1054.8104,26.246484375000023,0.01708319,0.02054596,24.34009245479581,25.199609375000023,0.016800903,0.026573181,10.317825129908773,23.449609375000023,0.0157099,0.09378052,6.020865523132371,2,1,0
2015-01-09 19:00:00,1105.863,25.8449645996094,0.017274195,0.025527954,22.53311698553896,24.5793395996094,0.016732508,0.046707153,10.486121111350664,22.8605895996094,0.01571017,0.10723877,5.87186918882658,2,1,0
2015-01-09 20:00:00,1085.7856,25.649957275390648,0.017258784,0.0335083,22.21540100353912,24.251519775390648,0.01668658,0.04902649,10.521650695675865,22.540582275390648,0.015740534,0.11550903,5.774692576759312,2,1,0
2015-01-09 21:00:00,1061.3146,25.477807617187523,0.017228356,0.023895264,21.300978947024067,24.001245117187523,0.016648522,0.06466675,10.263564781494088,22.376245117187523,0.015771141,0.10638428,5.682632368755499,2,1,0
2015-01-09 22:00:00,1033.8639,25.304467773437523,0.017198326,0.017539978,20.63624200897367,23.827905273437523,0.016587975,0.08227539,10.553857063926024,22.320092773437523,0.015802147,0.10479736,5.790900853890089,2,1,0
2015-01-09 23:00:00,989.8507,25.171594238281276,0.01713018,0.01701355,20.98972513877605,23.741906738281276,0.016527457,0.086883545,11.192618737493063,22.296594238281276,0.015817923,0.11206055,5.912061262889591,2,1,0
2015-01-10 00:00:00,949.5031,25.052789306640648,0.017161112,0.02168274,20.91818973097562,23.669976806640648,0.016482096,0.07217407,11.89442606942412,22.310601806640648,0.01579545,0.115448,6.019036459122028,0,0,0
2015-01-10 01:00:00,906.958,24.976495361328148,0.017214756,0.025253296,21.33533261626544,23.554620361328148,0.0164213,0.051376343,12.485627234991917,22.288995361328148,0.015734654,0.12182617,6.229960788217651,0,0,0
2015-01-10 02:00:00,863.5135,24.906274414062523,0.017336898,0.03437805,22.1770574017384,23.429711914062523,0.016337447,0.038711548,12.949576458577438,22.296899414062523,0.015711837,0.1177063,6.395433543215696,0,0,0
2015-01-10 03:00:00,848.4447,24.879724121093773,0.017512409,0.04534912,22.74218764760821,23.309411621093773,0.016291706,0.028526306,13.091533260203992,22.325036621093773,0.015704243,0.12371826,6.42679856949829,0,0,0
2015-01-10 04:00:00,839.8821,24.907922363281276,0.017672515,0.04750061,22.63002542060237,23.306359863281276,0.01633737,0.016181946,13.050650166067593,22.368859863281276,0.01570413,0.1237793,6.351922052207837,0,0,0
2015-01-10 05:00:00,847.1073,24.932519531250023,0.017794881,0.036087036,21.73165785215039,23.354394531250023,0.01642159,0.009590149,12.846087977215452,22.424707031250023,0.015734944,0.118377686,6.165581656534209,0,0,0
2015-01-10 06:00:00,848.4718,24.952416992187523,0.01778863,0.023330688,21.401429486883146,23.389916992187523,0.016499262,0.013561249,12.569179496843736,22.483666992187523,0.01577447,0.11425781,6.027873801400689,0,0,0
2015-01-10 07:00:00,897.8229,25.598962402343773,0.017819848,0.016296387,23.84016831921036,24.395837402343773,0.01677462,0.026794434,14.450768621257389,22.895837402343773,0.015988793,0.103637695,5.956739759774119,0,0,0
2015-01-10 08:00:00,1021.672,26.631799316406276,0.017515115,0.022460938,28.82510311905612,25.905236816406276,0.017148905,0.023200989,16.517860927319184,23.842736816406276,0.016141824,0.087005615,6.204399861124261,0,0,0
2015-01-10 09:00:00,1108.9439,27.6557556152344,0.017332539,0.017440796,30.759072475462933,27.2807556152344,0.017248616,0.017745972,18.505814548923283,25.0151306152344,0.016073689,0.08282471,6.674574009021422,0,0,0
2015-01-10 10:00:00,1165.4756,28.541955566406276,0.017333012,0.016998291,31.137852321057224,28.338830566406276,0.017256718,0.011554718,19.33353266295356,26.026330566406276,0.015944462,0.08175659,7.087801899610869,0,0,0
2015-01-10 11:00:00,1179.063,29.225000000000023,0.017386321,0.014640808,30.47848744641841,29.193750000000023,0.017416839,0.008724213,19.441597605862068,26.732812500000023,0.01588333,0.08441162,7.160549924925875,0,0,0
2015-01-10 12:00:00,1173.0899,29.6982360839844,0.01743963,0.0057258606,29.25846331886297,29.7607360839844,0.017523553,0.006307602,19.046795817360017,27.1279235839844,0.015990045,0.07711792,6.703606434852694,0,0,0
2015-01-10 13:00:00,1161.4116,29.954370117187523,0.017447349,0.007598877,28.035291109732068,29.985620117187523,0.017470237,0.0045757294,18.326584564021378,27.259057617187523,0.016104575,0.07733154,6.110283179331071,0,0,0
2015-01-10 14:00:00,1133.3133,29.925836181640648,0.017432401,0.011013031,27.077788334606467,29.910211181640648,0.017417142,0.0087509155,17.3859148302545,27.121148681640648,0.016036222,0.08358765,5.867397232878571,0,0,0
2015-01-10 15:00:00,1100.6097,29.542871093750023,0.01734888,0.014274597,26.542822536848945,29.574121093750023,0.017379398,0.013748169,16.30245767799363,26.699121093750023,0.015929813,0.08062744,5.900695368635383,0,0,0
2015-01-10 16:00:00,1082.6875,28.784875488281276,0.017234825,0.012207031,26.15845189824678,28.769250488281276,0.017395042,0.011981964,14.683907524829822,25.964562988281276,0.015815757,0.08453369,6.176939368626187,0,0,0
2015-01-10 17:00:00,1051.4135,27.632775878906276,0.017265026,0.010444641,25.21652312135989,27.429650878906276,0.017516796,0.011676788,12.069803178726378,24.851525878906276,0.015769664,0.10205078,6.272679462929165,0,0,0
2015-01-10 18:00:00,1088.8689,26.515405273437523,0.01750807,0.019203186,23.115308964946195,25.640405273437523,0.017370742,0.019882202,9.76869404899404,23.624780273437523,0.01589064,0.12835693,5.794296624035533,0,0,0
2015-01-10 19:00:00,1144.2722,26.025903320312523,0.017707082,0.025718689,21.975163731925228,24.939965820312523,0.017173024,0.017860413,10.650480189713718,23.025903320312523,0.015883656,0.13806152,5.896064739021976,0,0,0
2015-01-10 20:00:00,1102.2466,25.8198181152344,0.017768448,0.024269104,21.47844098448543,24.5073181152344,0.017051285,0.02368927,11.05024861189854,22.8120056152344,0.015906876,0.13684082,5.804546008432846,0,0,0
2015-01-10 21:00:00,1064.151,25.6354919433594,0.017874802,0.02040863,21.41653191708379,24.2214294433594,0.016898239,0.036712646,11.320178206695674,22.7058044433594,0.015898788,0.12860107,5.721021617542506,0,0,0
2015-01-10 22:00:00,1030.4566,25.484643554687523,0.017973691,0.023132324,21.359147210402952,23.961206054687523,0.016768247,0.031539917,11.435376499851651,22.609643554687523,0.015875608,0.12136841,5.715191003205842,0,0,0
2015-01-10 23:00:00,979.5945,25.368920898437523,0.01805007,0.025856018,21.018662056921844,23.736108398437523,0.016692039,0.025863647,11.325590166289176,22.525170898437523,0.015829917,0.119018555,5.773708486430476,0,0,0
2015-01-11 00:00:00,956.5766,25.2705017089844,0.018149618,0.024978638,20.741936041907987,23.6064392089844,0.016700033,0.023010254,11.382915142489349,22.4580017089844,0.015815023,0.10366821,5.958501086596747,0,0,0
2015-01-11 01:00:00,924.2795,25.169061279296898,0.018249162,0.022407532,20.804379222274783,23.536248779296898,0.016708024,0.026634216,11.48224007579545,22.442498779296898,0.015830643,0.09844971,6.03086742709685,0,0,0
2015-01-11 02:00:00,887.4576,25.089288330078148,0.018310288,0.02445221,20.884980948021447,23.472100830078148,0.016746262,0.018577576,11.435884475428718,22.464288330078148,0.01589177,0.10058594,5.937721502087526,0,0,0
2015-01-11 03:00:00,858.9606,25.015649414062523,0.018363874,0.025604248,20.335415559475607,23.429711914062523,0.016799849,0.019599915,11.251516560377418,22.531274414062523,0.015968245,0.10671997,5.738105293209339,0,0,0
2015-01-11 04:00:00,847.4881,24.982141113281276,0.018417627,0.026657104,19.31498004877737,23.411828613281276,0.016792566,0.025871277,10.986622308561287,22.614953613281276,0.016052514,0.10775757,5.465651633457837,0,0,0
2015-01-11 05:00:00,842.7522,24.941857910156276,0.018456224,0.023963928,18.36965568207335,23.332482910156276,0.01673961,0.029014587,10.584825277422604,22.684045410156276,0.016152147,0.11035156,5.25086399053477,0,0,0
2015-01-11 06:00:00,807.4211,25.046685791015648,0.018449295,0.021949768,18.806258835795223,23.312310791015648,0.016725052,0.028335571,10.276373332890994,22.726373291015648,0.01623677,0.11038208,5.102988119444565,0,0,0
2015-01-11 07:00:00,813.1819,25.829156494140648,0.018579787,0.013156891,21.24396746289292,24.657281494140648,0.017175978,0.026275635,12.759014434540791,23.258843994140648,0.016458815,0.10601807,5.211037453946723,0,0,0
2015-01-11 08:00:00,873.801,26.985620117187523,0.01824984,0.018058777,25.27442937823736,26.407495117187523,0.017662376,0.025421143,14.87422922397407,24.352807617187523,0.016563743,0.09814453,5.435753145789725,0,0,0
2015-01-11 09:00:00,935.3192,28.052636718750023,0.01803505,0.014434814,25.94789621281644,27.865136718750023,0.017859574,0.014579773,16.222245011567665,25.638574218750023,0.01652443,0.08685303,5.658892339960073,0,0,0
2015-01-11 10:00:00,1009.0054,28.935205078125023,0.018012194,0.008644104,24.966573747462828,29.044580078125023,0.017996935,0.008396149,16.031741100619268,26.786767578125023,0.016448168,0.07965088,5.444496410191075,0,0,0
2015-01-11 11:00:00,1070.3791,29.6249938964844,0.018105024,0.0064697266,23.461538648954107,29.9531188964844,0.018112654,0.0053691864,15.52952602589233,27.5546813964844,0.016708845,0.08569336,4.748333130543362,0,0,0
2015-01-11 12:00:00,1070.603,30.080895996093773,0.01819815,0.008609772,21.903614529747674,30.565270996093773,0.018228667,0.004217148,14.990426296613425,27.987145996093773,0.016901152,0.07104492,4.243588561637739,0,0,0
2015-01-11 13:00:00,1073.1479,30.346459960937523,0.018222637,0.010261536,21.080885921153865,30.846459960937523,0.01832182,0.004547119,14.511324670793218,28.190209960937523,0.016856976,0.064941406,4.067817215416736,0,0,0
2015-01-11 14:00:00,1064.0288,30.345635986328148,0.018192576,0.016273499,21.121101407895782,30.767510986328148,0.018299388,0.006614685,14.254625601667032,28.095635986328148,0.016804026,0.067474365,4.075021507346845,0,0,0
2015-01-11 15:00:00,1060.6283,30.040917968750023,0.018109042,0.015033722,21.85991199807256,30.337792968750023,0.01813193,0.01039505,14.139677670270304,27.689355468750023,0.01675864,0.078704834,4.277036322428083,0,0,0
2015-01-11 16:00:00,1030.8882,29.322534179687523,0.018048823,0.01599884,23.358975526998147,29.447534179687523,0.018010676,0.010791779,13.80340932113218,26.939721679687523,0.016812861,0.08538818,4.5830891496751,0,0,0
2015-01-11 17:00:00,1015.4938,28.027764892578148,0.018080149,0.015205383,24.68105765427393,28.012139892578148,0.018003855,0.015422821,12.303439892107855,25.785577392578148,0.017019663,0.101989746,4.6804287178570165,0,0,0
2015-01-11 18:00:00,1073.743,26.7194763183594,0.018241366,0.015090942,24.533522498742187,26.1413513183594,0.017783603,0.020355225,10.465690274062084,24.5241638183594,0.017165622,0.12219238,4.495581670345734,0,0,0
2015-01-11 19:00:00,1113.4443,26.113092041015648,0.018424775,0.016548157,23.9668374017922,25.370904541015648,0.017654207,0.020080566,10.986681931802954,23.933404541015648,0.016807344,0.1315918,5.000096497558203,0,0,0
2015-01-11 20:00:00,1122.2487,25.909753417968773,0.018417047,0.024528503,23.559251073776235,24.941003417968773,0.017562555,0.02420044,10.98610706027589,23.628503417968773,0.016708063,0.13598633,4.863212490101266,0,0,0
2015-01-11 21:00:00,1095.6601,25.842492675781276,0.018257504,0.028030396,23.832722404848397,24.654992675781276,0.017502194,0.021774292,10.576748317912685,23.467492675781276,0.016579038,0.13336182,4.575193401063501,0,0,0
2015-01-11 22:00:00,1046.8138,25.741571044921898,0.01831127,0.03086853,23.08730290219825,24.436883544921898,0.017449148,0.01915741,10.055971358702305,23.358758544921898,0.016457327,0.11895752,4.318244849333626,0,0,0
2015-01-11 23:00:00,1010.9126,25.595056152343773,0.018456006,0.033981323,21.71383311868392,24.220056152343773,0.01741078,0.018844604,9.2832639416533,23.251306152343773,0.01638844,0.10910034,4.111205906734465,0,0,0
2015-01-12 00:00:00,968.9371,25.4479919433594,0.018554142,0.035690308,20.71974567213057,24.0104919433594,0.017348697,0.022789001,8.78265575085144,23.1511169433594,0.016333988,0.097961426,3.9088153685546754,0,0,0
2015-01-12 01:00:00,941.5469,25.299890136718773,0.018568097,0.03390503,20.0364175886099,23.831140136718773,0.0172711,0.024276733,8.458085240325802,23.049890136718773,0.016279278,0.09378052,3.6992482272205303,0,0,0
2015-01-12 02:00:00,898.3399,25.181939697265648,0.018506214,0.026489258,19.38203567442712,23.596002197265648,0.017193958,0.027832031,7.783121333478645,22.963189697265648,0.016232654,0.09289551,3.5691340705783845,0,0,0
2015-01-12 03:00:00,881.8438,25.116113281250023,0.01848277,0.022384644,18.34149710498699,23.256738281250023,0.017147627,0.03300476,7.1208335660692965,22.897363281250023,0.01621684,0.09234619,3.558689452642092,0,0,0
2015-01-12 04:00:00,870.5737,25.064355468750023,0.018482069,0.018447876,17.194288964596556,23.072167968750023,0.017116407,0.03489685,7.202434605013915,22.861230468750023,0.016216138,0.09194946,3.5359781327822897,0,0,0
2015-01-12 05:00:00,876.8468,25.011804199218773,0.01847362,0.015151978,16.094372285830296,22.925866699218773,0.01708507,0.03390503,7.290833709515638,22.824304199218773,0.016230578,0.089660645,3.576292103236552,0,0,0
2015-01-12 06:00:00,903.8017,25.012292480468773,0.018450046,0.011508942,15.398209544545574,22.871667480468773,0.017069126,0.032546997,7.425851391617049,22.801354980468773,0.01625278,0.08895874,3.694702560057264,0,0,0
2015-01-12 07:00:00,1018.3418,25.782495117187523,0.018510533,0.008922577,18.449443306316542,24.532495117187523,0.017511083,0.032943726,10.807962152896238,23.321557617187523,0.016473485,0.094329834,4.172863241010162,0,0,0
2015-01-12 08:00:00,1228.567,26.9008728027344,0.018311873,0.012306213,21.946466391767057,26.4399353027344,0.017915145,0.033798218,13.665603388540896,24.4868103027344,0.016488448,0.08981323,4.924332812666336,0,0,0
2015-01-12 09:00:00,1317.0702,28.002069091796898,0.018258471,0.011428833,22.335407260232994,27.955194091796898,0.017983813,0.02733612,15.36477511687333,25.752069091796898,0.016450305,0.075683594,5.350519073118667,0,0,0
2015-01-12 10:00:00,1413.0273,28.987329101562523,0.01833491,0.0102882385,21.613255057705977,29.112329101562523,0.018037364,0.017875671,15.379610976122104,26.885766601562523,0.016397044,0.063568115,5.4314255873695645,0,0,0
2015-01-12 11:00:00,1452.004,29.763696289062523,0.018380485,0.011257172,20.38584682701438,30.013696289062523,0.018029533,0.011569977,15.09175631606916,27.654321289062523,0.016633354,0.059799194,4.904148340744656,0,0,0
2015-01-12 12:00:00,1439.2499,30.358087158203148,0.018426027,0.015148163,18.701946038969616,30.592462158203148,0.018059816,0.007663727,14.500274476709134,28.100274658203148,0.016816225,0.056655884,4.243046066487231,0,0,0
2015-01-12 13:00:00,1468.9201,30.705529785156276,0.018387156,0.027320862,17.10552479687952,30.861779785156276,0.018112497,0.005130768,13.739287847195564,28.314904785156276,0.01669343,0.062423706,3.7663798152658208,0,0,0
2015-01-12 14:00:00,1466.2352,30.770837402343773,0.01831717,0.056869507,15.601111093713758,30.833337402343773,0.018111177,0.007938385,12.966144993216274,28.270837402343773,0.016516633,0.080963135,3.322699585682911,0,0,0
2015-01-12 15:00:00,1420.9684,30.549401855468773,0.018239655,0.08218384,15.425532935533049,30.424401855468773,0.018033661,0.015129089,12.350384620515191,27.955651855468773,0.016469635,0.09310913,3.03665238316007,0,0,0
2015-01-12 16:00:00,1352.0557,30.066125488281276,0.018253943,0.06878662,16.268132939985072,29.644250488281276,0.018070837,0.0075263977,11.318422966818767,27.347375488281276,0.016628882,0.094573975,2.9000901833027646,0,0,0
2015-01-12 17:00:00,1218.532,29.124536132812523,0.018466996,0.034179688,17.825658225897957,28.327661132812523,0.018329667,0.008979797,9.04559040021582,26.327661132812523,0.0170403,0.103027344,2.7040077505649567,0,0,0
2015-01-12 18:00:00,1214.6585,27.816857910156276,0.018878698,0.013496399,19.023717697179293,26.316857910156276,0.018260717,0.014034271,6.502446389158798,24.918420410156276,0.017619848,0.1251831,2.608829012644364,0,0,0
2015-01-12 19:00:00,1247.0384,26.944451904296898,0.019252127,0.010692596,18.708004606059195,25.506951904296898,0.018016165,0.023460388,6.509063622420867,24.155389404296898,0.017169302,0.11880493,3.332313094567562,0,0,0
2015-01-12 20:00:00,1196.3554,26.558282470703148,0.019396862,0.021202087,17.791958138835156,24.980157470703148,0.017886242,0.037384033,6.234273781779369,23.691094970703148,0.017062267,0.1161499,3.735871631994136,0,0,0
2015-01-12 21:00:00,1179.6993,26.368188476562523,0.019289967,0.028289795,17.051274880096827,24.594750976562523,0.017764088,0.037460327,6.190013860338806,23.415063476562523,0.017039295,0.109954834,3.5106127600229824,0,0,0
2015-01-12 22:00:00,1113.0861,26.1938415527344,0.01902373,0.023536682,18.034599772116643,24.3344665527344,0.017673327,0.037963867,6.225846060742115,23.2250915527344,0.01700194,0.10949707,3.4055549710432103,0,0,0
2015-01-12 23:00:00,1069.6154,26.027368164062523,0.018843045,0.026115417,19.04214906889738,24.144555664062523,0.017614713,0.043533325,6.250884809805452,23.019555664062523,0.016912809,0.10803223,3.411423632884507,0,0,0
2015-01-13 00:00:00,1008.6023,25.883660888671898,0.01872127,0.026573181,19.53103815510112,23.985223388671898,0.017599748,0.04484558,6.235935661757238,22.836785888671898,0.016768144,0.10522461,3.554085400909324,0,0,0
2015-01-13 01:00:00,963.507,25.7431579589844,0.018622043,0.032226562,19.69644209591653,23.8369079589844,0.017622592,0.045425415,6.280211678843246,22.6806579589844,0.01664603,0.10845947,3.774747534387467,0,0,0
2015-01-13 02:00:00,932.9905,25.632928466796898,0.018522274,0.034805298,20.07176443512285,23.718865966796898,0.017629635,0.0440979,6.582510255312292,22.570428466796898,0.016569149,0.11230469,3.9045825371710734,0,0,0
2015-01-13 03:00:00,914.5482,25.5715270996094,0.018430207,0.03312683,20.44630920382928,23.5949645996094,0.017583344,0.046417236,6.917445808862885,22.5168395996094,0.016530488,0.11315918,3.84683199253414,0,0,0
2015-01-13 04:00:00,890.0387,25.524743652343773,0.018353645,0.029205322,20.106549394469607,23.423181152343773,0.017453376,0.04525757,6.769455299721806,22.509118652343773,0.016492072,0.11697388,3.450188548699321,0,0,0
2015-01-13 05:00:00,898.9312,25.455194091796898,0.018315496,0.02684784,19.09552293803067,23.220819091796898,0.017293157,0.039886475,6.273431121328871,22.541131591796898,0.016423406,0.125,2.914681191718244,0,0,0
2015-01-13 06:00:00,938.52,25.445092773437523,0.018308003,0.022575378,17.943854696990797,23.101342773437523,0.017163593,0.038757324,5.795017555611772,22.609155273437523,0.01633199,0.12982178,2.4879579582572044,0,0,0
2015-01-13 07:00:00,1032.0544,26.189721679687523,0.018262517,0.021209717,20.351111094442,24.767846679687523,0.017621648,0.04055786,8.44469078351595,23.197534179687523,0.01646198,0.12658691,2.350521592835238,0,0,0
2015-01-13 08:00:00,1231.2967,27.236474609375023,0.017980684,0.022087097,22.384580427561488,26.650537109375023,0.017980684,0.04446411,11.148780797151744,24.463037109375023,0.016477693,0.12173462,2.7800960607192664,0,0,0
2015-01-13 09:00:00,1342.1865,28.226892089843773,0.017874377,0.022735596,21.85224720727396,28.164392089843773,0.018019335,0.043289185,12.61735135584392,25.859704589843773,0.016493456,0.12579346,2.940650620384372,0,0,0
2015-01-13 10:00:00,1400.6246,29.113153076171898,0.017920049,0.024879456,20.462687988909117,29.300653076171898,0.018187078,0.0440979,12.55217412832934,27.136590576171898,0.01650861,0.11846924,2.624333558633197,0,0,0
2015-01-13 11:00:00,1418.5336,29.767999267578148,0.018004145,0.026931763,18.704005868002017,30.236749267578148,0.018347468,0.04777527,12.18041948018946,28.088311767578148,0.016890254,0.115722656,1.751459436166337,0,0,0
2015-01-13 12:00:00,1399.3289,30.168664550781276,0.0180575,0.037628174,17.24679201233658,30.887414550781276,0.018477116,0.048538208,11.684482613348798,28.590539550781276,0.017485294,0.13049316,0.9160851796631096,0,0,0
2015-01-13 13:00:00,1431.8609,30.393212890625023,0.018011628,0.03564453,16.744525135377156,31.236962890625023,0.018599091,0.055633545,11.033417582886528,28.799462890625023,0.017546235,0.14349365,0.4950047869884333,0,0,0
2015-01-13 14:00:00,1434.055,30.451043701171898,0.017889727,0.040496826,16.878649995885148,31.232293701171898,0.018683184,0.0713501,10.458154181862188,28.701043701171898,0.017393816,0.15795898,0.5142080196697215,0,0,0
2015-01-13 15:00:00,1410.4219,30.224023437500023,0.017775599,0.040863037,17.730547133005857,30.911523437500023,0.018668238,0.08016968,9.992802135184078,28.208398437500023,0.017241541,0.15618896,1.40375203095966,0,0,0
2015-01-13 16:00:00,1343.8872,29.700555419921898,0.017638477,0.03352356,18.37464200663704,30.184930419921898,0.018805774,0.06604004,8.76925494588384,27.255242919921898,0.017623218,0.15332031,2.0384514360011425,0,0,0
2015-01-13 17:00:00,1226.8784,28.758447265625023,0.017631127,0.018882751,18.922684271569505,28.930322265625023,0.019332482,0.072143555,6.252757982180985,26.133447265625023,0.018035484,0.15527344,2.360637557380369,0,0,0
2015-01-13 18:00:00,1230.8641,27.570031738281276,0.017959666,0.008434296,18.81824774146313,26.929406738281276,0.01915748,0.08822632,4.462105497986202,25.007531738281276,0.018104624,0.17443848,2.663706030838536,0,0,0
2015-01-13 19:00:00,1245.7079,26.844384765625023,0.018295756,0.0046634674,18.1193648129725,26.156884765625023,0.018593302,0.08743286,5.324251278101295,24.211572265625023,0.01786851,0.16235352,2.5736683226080515,0,0,0
2015-01-13 20:00:00,1208.0527,26.470483398437523,0.018509487,0.004627228,16.320390063841533,25.493920898437523,0.018272975,0.075683594,5.656238302144974,23.689233398437523,0.0175787,0.13812256,2.446716829646684,0,0,0
2015-01-13 21:00:00,1174.6285,26.168481445312523,0.0186162,0.0035820007,14.334041262746496,24.871606445312523,0.018021107,0.06375122,4.948114486862411,23.387231445312523,0.017311573,0.13031006,2.27607719783561,0,0,0
2015-01-13 22:00:00,1114.6625,25.923120117187523,0.018639695,0.0029296875,14.093767923483268,24.384057617187523,0.017762315,0.05885315,4.737287565918735,23.141870117187523,0.017106187,0.13739014,2.2149169037863263,0,0,0
2015-01-13 23:00:00,1064.1879,25.729455566406276,0.018602056,0.0049915314,14.863824686188876,24.065393066406276,0.017579718,0.05505371,4.843860543250949,23.026330566406276,0.016961737,0.1352539,2.1735471509948807,0,0,0
2015-01-14 00:00:00,1002.264,25.603845214843773,0.01854052,0.012554169,15.336718939034562,23.838220214843773,0.017480034,0.04270935,5.140486657968243,23.025720214843773,0.016877312,0.14147949,2.162411790493015,0,0,0
2015-01-14 01:00:00,978.6654,25.500573730468773,0.018455854,0.018951416,16.13207423969101,23.688073730468773,0.017418256,0.03543091,5.456082654136755,23.031823730468773,0.016792646,0.15112305,2.255795035101142,0,0,0
2015-01-14 02:00:00,961.1263,25.3915954589844,0.01839471,0.018501282,17.078069658390437,23.5400329589844,0.017349483,0.051651,5.713794069189062,22.9228454589844,0.016609432,0.15460205,2.5527417085479494,0,0,0
2015-01-14 03:00:00,949.9135,25.319116210937523,0.018272491,0.016403198,18.20263520330852,23.350366210937523,0.017227264,0.057998657,6.223203431980233,22.756616210937523,0.016426178,0.1572876,3.1043676694442066,0,0,0
2015-01-14 04:00:00,941.1751,25.265405273437523,0.018127944,0.0138168335,18.352685175788885,23.140405273437523,0.017082717,0.041992188,6.642497828737707,22.624780273437523,0.016274001,0.15100098,3.617113658571522,0,0,0
2015-01-14 05:00:00,947.0861,25.198327636718773,0.018036352,0.009571075,17.98756123864391,22.909265136718773,0.016960608,0.029914856,6.839090034790249,22.534265136718773,0.01616715,0.1428833,4.001908107074304,0,0,0
2015-01-14 06:00:00,978.1018,25.150537109375023,0.017998222,0.0059165955,17.686451449637122,22.783349609375023,0.016861442,0.025604248,6.931977221328809,22.455224609375023,0.016052727,0.13250732,4.305958790891548,0,0,0
2015-01-14 07:00:00,1057.7492,25.900994873046898,0.017967746,0.005859375,21.576317201720453,24.416619873046898,0.017250583,0.02609253,9.82242535351832,22.900994873046898,0.016121432,0.12823486,4.738451203445497,0,0,0
2015-01-14 08:00:00,1241.2153,26.9792419433594,0.017662732,0.012683868,25.372381318367584,26.3308044433594,0.017655103,0.026992798,12.842448682365044,24.0808044433594,0.016091077,0.107788086,5.120798660959677,0,0,0
2015-01-14 09:00:00,1344.3622,28.018518066406276,0.017487375,0.019348145,26.180376662538357,27.979455566406276,0.017723886,0.024002075,14.5643378333324,25.487268066406276,0.016014902,0.09451294,4.976867620435602,0,0,0
2015-01-14 10:00:00,1398.4079,28.900048828125023,0.017419135,0.022026062,25.79487445396281,29.196923828125023,0.01773194,0.017677307,14.39675437590218,26.728173828125023,0.015893256,0.095825195,4.592774373986589,0,0,0
2015-01-14 11:00:00,1430.8634,29.535119628906276,0.017396847,0.025413513,25.046057659289637,30.160119628906276,0.017763058,0.01676941,13.769487815755964,27.636682128906276,0.015870968,0.106292725,4.007948959436758,0,0,0
2015-01-14 12:00:00,1425.2537,29.909326171875023,0.017413387,0.021766663,24.415816936961555,30.768701171875023,0.01775671,0.025360107,12.95978591742127,28.089013671875023,0.016383419,0.10998535,3.109977320315469,0,0,0
2015-01-14 13:00:00,1452.8792,30.095483398437523,0.017415836,0.011650085,23.794521887413204,30.986108398437523,0.017690495,0.056671143,12.17841119936506,28.275170898437523,0.016446903,0.12615967,2.414838866787641,0,0,0
2015-01-14 14:00:00,1453.3303,30.056848144531276,0.017371858,0.0047912598,23.21621434779103,30.869348144531276,0.017638886,0.0546875,11.73627154957033,28.181848144531276,0.016425813,0.13110352,2.062444672275923,0,0,0
2015-01-14 15:00:00,1407.6635,29.785302734375023,0.017273026,0.0018939972,23.097185354788937,30.504052734375023,0.017494278,0.046417236,11.69391896601355,27.769677734375023,0.016410904,0.14001465,2.008041708364883,0,0,0
2015-01-14 16:00:00,1344.752,29.216882324218773,0.01715766,0.0011630058,23.062676852408803,29.623132324218773,0.01741706,0.037109375,10.844241506557251,27.154382324218773,0.01640998,0.13336182,2.1925483053229686,0,0,0
2015-01-14 17:00:00,1246.3577,28.286096191406276,0.0171494,0.0035219193,22.6530561999964,28.223596191406276,0.017729234,0.023757935,8.875785234126548,26.192346191406276,0.016455125,0.14141846,2.5138888264112187,0,0,0
2015-01-14 18:00:00,1241.159,27.228662109375023,0.01741649,0.012107849,20.93889958591761,26.088037109375023,0.017530931,0.021461487,7.182618260324529,24.861474609375023,0.016775621,0.14648438,2.8637847565931587,0,0,0
2015-01-14 19:00:00,1266.2798,26.693811035156276,0.017790696,0.01763153,19.90476213532989,25.068811035156276,0.017210862,0.021156311,7.405029628985448,24.068811035156276,0.016562363,0.10800171,4.0259039272551,0,0,0
2015-01-14 20:00:00,1239.0832,26.3962341308594,0.018096345,0.015838623,18.891646582760067,24.3337341308594,0.01701297,0.02193451,7.1422333797031925,23.5837341308594,0.016341584,0.07345581,4.753257289151573,0,0,0
2015-01-14 21:00:00,1198.7594,26.187524414062523,0.01831078,0.0147743225,18.50726044745736,23.835961914062523,0.016769642,0.024085999,6.917946522276897,23.242211914062523,0.016342396,0.05480957,4.602570130882569,0,0,0
2015-01-14 22:00:00,1147.5305,26.022546386718773,0.01838939,0.01675415,19.188502183021797,23.514733886718773,0.01664226,0.031692505,6.588387946666378,22.999108886718773,0.016283678,0.053115845,4.559861680241872,0,0,0
2015-01-14 23:00:00,1077.9967,25.894647216796898,0.018348658,0.019195557,20.033280004513934,23.300897216796898,0.016601527,0.032958984,6.27256936647291,22.785272216796898,0.01618954,0.0619812,4.593467616530034,0,0,0
2015-01-15 00:00:00,1009.414,25.753442382812523,0.0182928,0.021476746,19.38819663827137,23.097192382812523,0.016606703,0.034988403,5.652317911865399,22.542504882812523,0.016087905,0.071380615,4.596684729024482,0,0,0
2015-01-15 01:00:00,944.5274,25.601342773437523,0.018260576,0.028572083,17.609043745497917,22.859155273437523,0.01657448,0.04043579,4.8897467188388966,22.288842773437523,0.015979387,0.075531006,4.365404273906358,0,0,0
2015-01-15 02:00:00,923.3099,25.442285156250023,0.018236693,0.036636353,15.51497930468188,22.606347656250023,0.01652008,0.04385376,4.404088630574388,22.082910156250023,0.01587921,0.07937622,3.8449935539003066,0,0,0
2015-01-15 03:00:00,912.9435,25.241296386718773,0.018205874,0.032333374,13.44602246091874,22.374108886718773,0.016458742,0.040878296,4.335997914486204,21.960046386718773,0.015817873,0.09902954,3.4506134731692337,0,0,0
2015-01-15 04:00:00,908.5382,25.0786071777344,0.01816035,0.025611877,12.896664813736576,22.2270446777344,0.016436107,0.042892456,4.611760205743788,21.8911071777344,0.01577235,0.11013794,3.2523265199482045,0,0,0
2015-01-15 05:00:00,916.359,24.963525390625023,0.018130384,0.015830994,13.39505673796971,22.166650390625023,0.016444288,0.044708252,4.970744568297887,21.846337890625023,0.015757643,0.107940674,3.2280778835288806,0,0,0
2015-01-15 06:00:00,949.9374,24.978082275390648,0.018138807,0.010509491,14.0389827770587,22.235894775390648,0.016452711,0.04940796,5.223876876221331,21.845269775390648,0.015766066,0.10797119,3.246173575070514,0,0,0
2015-01-15 07:00:00,1049.5205,25.909997558593773,0.018162498,0.014110565,19.07768345427309,24.261560058593773,0.017025718,0.04801941,8.13858113644072,22.511560058593773,0.015934715,0.11291504,3.418867588287484,0,0,0
2015-01-15 08:00:00,1215.5374,27.071557617187523,0.017850282,0.024009705,24.12902497390656,26.368432617187523,0.017461183,0.045394897,11.192025179220456,23.899682617187523,0.016057374,0.106170654,3.620936524764792,0,0,0
2015-01-15 09:00:00,1308.8693,28.112634277343773,0.01759916,0.033096313,26.56614592395611,28.065759277343773,0.017698342,0.043441772,12.815460512100492,25.581384277343773,0.016149575,0.103637695,3.6257176418926624,0,0,0
2015-01-15 10:00:00,1383.5532,29.045098876953148,0.017530682,0.030830383,27.55839663731776,29.310723876953148,0.017820599,0.03993225,12.777969379554944,26.935723876953148,0.016088726,0.100494385,3.273906787381984,0,0,0
2015-01-15 11:00:00,1425.1319,29.7270446777344,0.017400749,0.01828003,27.49654616982888,30.3051696777344,0.017866142,0.03627014,12.32322197831224,27.8832946777344,0.016073234,0.09643555,2.527169715514048,0,0,0
2015-01-15 12:00:00,1408.909,30.141870117187523,0.017263275,0.009403229,26.82600460962142,30.969995117187523,0.017896514,0.04701233,11.516721745390145,28.391870117187523,0.016340118,0.097595215,1.6419883011959908,0,0,0
2015-01-15 13:00:00,1434.3734,30.304528808593773,0.017049642,0.0042915344,26.18127551556781,31.195153808593773,0.018010946,0.085754395,10.587149859947315,28.617028808593773,0.016340109,0.09915161,1.5661426259566071,0,0,0
2015-01-15 14:00:00,1439.2714,30.196435546875023,0.016843982,0.0017943382,26.292522408835957,31.071435546875023,0.01801128,0.13244629,10.03248566334411,28.462060546875023,0.016294666,0.10409546,1.9623906123296395,0,0,0
2015-01-15 15:00:00,1411.9155,29.732995605468773,0.016836993,0.0011730194,26.0540660884479,30.670495605468773,0.017943256,0.1560669,9.375244149652882,27.936120605468773,0.01638686,0.089538574,2.479107880950572,0,0,0
2015-01-15 16:00:00,1320.2123,28.964685058593773,0.016944362,0.0020189285,24.062931522612,29.964685058593773,0.018058253,0.16448975,7.971246908904205,27.152185058593773,0.016753627,0.08337402,2.86508474134776,0,0,0
2015-01-15 17:00:00,1215.5868,28.024316406250023,0.017105503,0.01411438,21.9999138431596,28.696191406250023,0.018448276,0.15771484,5.499849525473987,26.118066406250023,0.01739542,0.091918945,2.8231512637095864,0,0,0
2015-01-15 18:00:00,1221.7823,27.047296142578148,0.017548233,0.017860413,20.52983647745436,26.750421142578148,0.018173844,0.1383667,4.138852680284023,25.031671142578148,0.01746431,0.11062622,2.829511282882669,0,0,0
2015-01-15 19:00:00,1243.9258,26.484735107421898,0.018074704,0.017242432,20.224424156412866,25.945672607421898,0.017914487,0.09838867,4.818613595182258,24.203485107421898,0.017327024,0.14624023,3.0576473902986705,0,0,0
2015-01-15 20:00:00,1210.1078,26.165551757812523,0.018432591,0.022132874,19.12203410768654,25.259301757812523,0.01769254,0.07531738,5.074738320054425,23.626489257812523,0.017219517,0.15490723,3.321308339575324,0,0,0
2015-01-15 21:00:00,1166.7953,25.970300292968773,0.018631171,0.03010559,17.570694914065964,24.642175292968773,0.017502021,0.06411743,4.771061766151673,23.173425292968773,0.017028999,0.14263916,3.524159806134274,0,0,0
2015-01-15 22:00:00,1118.9697,25.842919921875023,0.01870747,0.034606934,17.375937351767217,24.186669921875023,0.017288402,0.055374146,4.752607996885943,22.803857421875023,0.01680775,0.13580322,3.347070486306124,0,0,0
2015-01-15 23:00:00,1078.6774,25.755914306640648,0.018676998,0.032333374,18.109985252808286,23.888726806640648,0.01714349,0.05050659,4.834249797400648,22.521539306640648,0.016617062,0.13165283,3.1711026413617383,0,0,0
2015-01-16 00:00:00,1025.3113,25.717401123046898,0.018501455,0.035125732,20.726984894866675,23.631463623046898,0.017021352,0.051254272,4.850888784319143,22.373651123046898,0.01641863,0.13067627,3.169920967933962,0,0,0
2015-01-16 01:00:00,981.1144,25.597924804687523,0.01829487,0.03453064,21.901361835935106,23.488549804687523,0.016952097,0.051986694,5.025020872613629,22.308862304687523,0.016257823,0.13031006,3.295050828509839,0,0,0
2015-01-16 02:00:00,959.4843,25.458215332031276,0.018111387,0.03138733,21.631040394981834,23.341027832031276,0.016898314,0.054992676,5.085139654486743,22.348840332031276,0.016127745,0.13153076,3.383779474418234,0,0,0
2015-01-16 03:00:00,940.8151,25.326959228515648,0.017988985,0.016609192,21.498849158425173,23.272271728515648,0.016890353,0.058563232,5.310456587994448,22.311334228515648,0.016005343,0.13586426,3.3986273940076988,0,0,0
2015-01-16 04:00:00,922.621,25.240991210937523,0.017926613,0.014873505,20.94427508154451,23.233178710937523,0.016896645,0.06210327,5.490082385586296,22.287866210937523,0.015881935,0.14178467,3.422253618588312,0,0,0
2015-01-16 05:00:00,941.2428,25.213403320312523,0.017872663,0.010623932,20.325537214886364,23.189965820312523,0.0168961,0.06347656,5.522636498369908,22.299340820312523,0.015805097,0.15386963,3.273870215027616,0,0,0
2015-01-16 06:00:00,949.9041,25.219384765625023,0.017887553,0.009536743,19.05459928485115,23.149072265625023,0.016888103,0.06576538,5.411864217370109,22.367822265625023,0.015758952,0.15374756,3.174059767688575,0,0,0
2015-01-16 07:00:00,1053.5691,25.843286132812523,0.017925398,0.012016296,20.73241414345711,24.632348632812523,0.017315047,0.07046509,7.79367479473132,22.757348632812523,0.015865462,0.15356445,3.204388529847735,0,0,0
2015-01-16 08:00:00,1214.1629,26.768426513671898,0.017658308,0.02419281,24.25446784007182,26.409051513671898,0.01763542,0.065704346,10.824623647583154,23.807489013671898,0.015911177,0.14178467,3.6005848886288137,0,0,0
2015-01-16 09:00:00,1310.7047,27.636651611328148,0.017429978,0.041763306,25.926876071598585,27.980401611328148,0.017697006,0.059432983,12.753810501650545,25.402276611328148,0.015835434,0.14019775,3.725585417861202,0,0,0
2015-01-16 10:00:00,1392.4875,28.457360839843773,0.017292898,0.044509888,26.326345556056847,29.238610839843773,0.017720144,0.053604126,13.102099528489443,26.754235839843773,0.015736502,0.13500977,3.572343834573054,0,0,0
2015-01-16 11:00:00,1419.3144,29.129113769531276,0.01720973,0.045196533,25.451187447835963,30.175988769531276,0.017675122,0.06555176,13.031869435030403,27.707238769531276,0.015912732,0.1296997,2.900295674937288,0,0,0
2015-01-16 12:00:00,1407.0465,29.588342285156276,0.017156908,0.042419434,24.613428683993444,30.807092285156276,0.017622301,0.082214355,12.62488643179698,28.252404785156276,0.016241381,0.1408081,1.828313236815807,0,0,0
2015-01-16 13:00:00,1439.7809,29.722680664062523,0.017042298,0.044296265,25.09852824360658,31.113305664062523,0.017629761,0.09262085,11.857060205168244,28.425805664062523,0.016401429,0.16381836,1.1989507886492894,0,0,0
2015-01-16 14:00:00,1442.2483,29.482293701171898,0.01688341,0.046707153,25.16011160190496,31.044793701171898,0.01765398,0.08560181,11.321417902648768,28.138543701171898,0.016486682,0.1619873,0.8746438207483628,0,0,0
2015-01-16 15:00:00,1400.3094,29.112237548828148,0.01679958,0.048477173,24.23932753583829,30.534112548828148,0.017539632,0.106292725,10.71081415752286,27.588800048828148,0.016570698,0.14837646,0.9514327613819312,0,0,0
2015-01-16 16:00:00,1323.8939,28.555993652343773,0.016829489,0.043777466,23.350107967935774,29.509118652343773,0.017790793,0.09719849,9.013472886820336,26.798181152343773,0.016623495,0.15209961,1.049271432969893,0,0,0
2015-01-16 17:00:00,1213.3788,27.780969238281276,0.01701171,0.03475952,22.52508757613386,28.093469238281276,0.018331595,0.074645996,6.495410228927287,25.773156738281276,0.017057486,0.16003418,0.9993024920700182,0,0,0
2015-01-16 18:00:00,1237.9159,26.870538330078148,0.017498896,0.029251099,20.028928769929223,26.589288330078148,0.01820843,0.06365967,5.332449019948902,24.683038330078148,0.01732342,0.16534424,1.0914386130076443,0,0,0
2015-01-16 19:00:00,1259.9918,26.351892089843773,0.018016564,0.02683258,17.943218240063484,25.922204589843773,0.017986046,0.059173584,5.820100729552387,24.078454589843773,0.017040001,0.1821289,1.4261700168619458,0,0,0
2015-01-16 20:00:00,1222.3446,26.046075439453148,0.018351618,0.024406433,16.336962227992913,25.374200439453148,0.017840449,0.06350708,6.129083345090195,23.671075439453148,0.016879145,0.18481445,1.821565167890903,0,0,0
2015-01-16 21:00:00,1187.8758,25.853448486328148,0.018511243,0.03111267,15.65825276065633,24.908135986328148,0.017702527,0.06362915,6.1868882310315225,23.415948486328148,0.016756482,0.1696167,2.1687591860354023,0,0,0
2015-01-16 22:00:00,1179.2041,25.716455078125023,0.01857149,0.041137695,16.54141350976025,24.560205078125023,0.01757204,0.088012695,6.354398582687134,23.193017578125023,0.016618365,0.17816162,2.501822812262473,0,0,0
2015-01-16 23:00:00,1053.5185,25.584741210937523,0.018548239,0.050567627,17.776091645918726,24.358178710937523,0.017495383,0.11135864,6.380657199147263,23.006616210937523,0.016427267,0.19683838,2.8159229048991112,0,0,0
2015-01-17 00:00:00,1000.2899,25.447198486328148,0.018456694,0.06034851,18.48840547708106,24.126885986328148,0.01737332,0.11654663,5.910252637159124,22.822198486328148,0.016198393,0.20452881,3.005683460107313,0,0,0
2015-01-17 01:00:00,962.2865,25.304101562500023,0.018342566,0.07867432,18.959593200182496,23.913476562500023,0.017251562,0.10812378,5.420498660187793,22.647851562500023,0.015969824,0.21325684,3.051424914655592,0,0,0
2015-01-17 02:00:00,933.3221,25.151635742187523,0.01824326,0.09283447,19.193160507803825,23.753198242187523,0.01712174,0.101135254,5.251437115839455,22.495385742187523,0.01573319,0.21343994,3.207693437614094,0,0,0
2015-01-17 03:00:00,903.9817,25.004602050781276,0.01816663,0.10491943,19.16232097863111,23.590539550781276,0.016999332,0.09088135,5.159001507517267,22.340539550781276,0.015488711,0.1984253,3.4751965350552667,0,0,0
2015-01-17 04:00:00,900.9995,24.8935485839844,0.018059049,0.11791992,18.882562931480678,23.4482360839844,0.016884122,0.09124756,4.844917430351253,22.1982360839844,0.0152666895,0.17828369,3.56645092371091,0,0,0
2015-01-17 05:00:00,904.3481,24.856835937500023,0.017929278,0.13336182,19.02354747626065,23.255273437500023,0.01677724,0.08477783,4.614016232515312,22.044335937500023,0.015083513,0.15997314,3.502413836936664,0,0,0
2015-01-17 06:00:00,912.508,24.819696044921898,0.017921867,0.14086914,17.56237638273888,23.030633544921898,0.016655387,0.07577515,4.650843020899943,21.874383544921898,0.0149273295,0.14276123,3.64003689579552,0,0,0
2015-01-17 07:00:00,927.5976,25.675317382812523,0.017982997,0.13116455,19.858406688935155,24.675317382812523,0.017082728,0.07965088,7.341233642601472,22.183129882812523,0.014935054,0.12652588,4.0767795211089,0,0,0
2015-01-17 08:00:00,1075.3486,26.782037353515648,0.017564496,0.18865967,23.412983505543657,26.321099853515648,0.017121991,0.08218384,10.56829972348486,23.203912353515648,0.014779768,0.1071167,4.6009163151181856,0,0,0
2015-01-17 09:00:00,1116.6425,27.822625732421898,0.017114392,0.22033691,23.37594659367596,27.682000732421898,0.016923657,0.09005737,13.08948253054644,24.494500732421898,0.014577618,0.10632324,4.769628335400487,0,0,0
2015-01-17 10:00:00,1121.9048,28.675378417968773,0.016862167,0.22814941,23.639527829484592,28.659753417968773,0.016770614,0.10650635,14.1941947675836,25.612878417968773,0.014527571,0.1088562,5.011218231016737,0,0,0
2015-01-17 11:00:00,1149.28,29.365899658203148,0.016655862,0.21569824,25.85703446026055,28.779962158203148,0.01655668,0.10614014,14.403597573067463,26.498712158203148,0.01454252,0.09661865,5.289594584399599,0,0,0
2015-01-17 12:00:00,1124.3282,29.803369140625023,0.016457167,0.19177246,28.5958551671262,28.592431640625023,0.016449537,0.086120605,13.922768526013606,27.045556640625023,0.014523116,0.084106445,5.455215261601969,0,0,0
2015-01-17 13:00:00,1100.5307,29.624169921875023,0.01630436,0.17816162,29.6584926131122,28.452294921875023,0.016456949,0.09118652,13.389658316368704,27.131982421875023,0.01453434,0.08078003,5.506381255197272,0,0,0
2015-01-17 14:00:00,1081.4347,29.131860351562523,0.016220681,0.17370605,28.91589060098352,28.061547851562523,0.016457193,0.12530518,12.871070431029713,26.764672851562523,0.014458291,0.07891846,5.446404672824858,0,0,0
2015-01-17 15:00:00,1065.0331,28.411004638671898,0.016175568,0.17510986,27.15675838086785,27.621942138671898,0.016434968,0.14447021,12.754770835932272,26.075067138671898,0.0142682195,0.0730896,5.4922738341142905,0,0,0
2015-01-17 16:00:00,1056.8685,27.7514587402344,0.016114248,0.15496826,25.35804593761937,26.9389587402344,0.016419424,0.17120361,12.06157704987933,25.1967712402344,0.0141534945,0.07254028,5.632338474766581,0,0,0
2015-01-17 17:00:00,1053.7863,27.051293945312523,0.016213281,0.11715698,24.01747894854798,25.848168945312523,0.016411645,0.17974854,10.4099656848177,24.098168945312523,0.014401301,0.084228516,5.590544067274638,0,0,0
2015-01-17 18:00:00,1046.294,26.221582031250023,0.016670896,0.09777832,22.351793009887057,24.713769531250023,0.016289426,0.17749023,9.12597033632412,23.049707031250023,0.014702512,0.09817505,5.612473723556078,0,0,0
2015-01-17 19:00:00,1063.8643,25.764855957031276,0.017121295,0.08239746,21.283929398369224,24.139855957031276,0.016274432,0.16333008,8.21503286103208,22.491418457031276,0.014821032,0.10647583,5.745402021958159,0,0,0
2015-01-17 20:00:00,1054.0308,25.535852050781276,0.017357653,0.07077026,20.493170085216235,23.738977050781276,0.01625139,0.13214111,7.568184504028144,22.215539550781276,0.01488573,0.1138916,5.608258564390647,0,0,0
2015-01-17 21:00:00,1026.6331,25.403405761718773,0.017456146,0.06427002,19.8296652077996,23.450280761718773,0.016189666,0.09768677,7.45523780673728,22.067468261718773,0.014923188,0.119506836,5.338342568854709,0,0,0
2015-01-17 22:00:00,982.6391,25.299859619140648,0.01752414,0.06463623,19.65636335234109,23.206109619140648,0.016120331,0.071777344,7.559660626014739,21.963922119140648,0.014945405,0.1126709,5.00195098769661,0,0,0
2015-01-17 23:00:00,928.4173,25.229760742187523,0.017614936,0.076934814,19.442990441784826,22.979760742187523,0.016043281,0.059921265,7.501936410787486,21.854760742187523,0.014933205,0.10409546,4.8244995015725545,0,0,0
2015-01-18 00:00:00,891.4272,25.179864501953148,0.01768347,0.09945679,19.25309875912481,22.859552001953148,0.016020263,0.068603516,7.452015505567259,21.711114501953148,0.014929258,0.089538574,4.737101018204187,0,0,0
2015-01-18 01:00:00,873.3819,25.133843994140648,0.017591788,0.13134766,19.87021048938783,22.790093994140648,0.016012503,0.073913574,7.47854629649789,21.571343994140648,0.014906241,0.07531738,4.689638019493161,0,0,0
2015-01-18 02:00:00,844.9238,25.094812011718773,0.017530877,0.13549805,19.95691096557997,22.727624511718773,0.016012628,0.07650757,7.543662532624848,21.438562011718773,0.014872033,0.06661987,4.672720597204696,0,0,0
2015-01-18 03:00:00,831.5366,25.074731445312523,0.017470686,0.12762451,20.200616664727196,22.691918945312523,0.0160211,0.08306885,7.764080118983454,21.293481445312523,0.0148271,0.06655884,4.6792702964297295,0,0,0
2015-01-18 04:00:00,824.3757,24.994012451171898,0.0174247,0.11697388,18.96189619698552,22.650262451171898,0.016028522,0.08682251,7.527070120018467,21.165887451171898,0.01472771,0.07354736,4.623178040707003,0,0,0
2015-01-18 05:00:00,815.4005,24.901483154296898,0.017378809,0.10467529,17.664824470103582,22.588983154296898,0.016028406,0.07910156,6.9405616644005255,21.073358154296898,0.014636042,0.08483887,4.488563806788027,0,0,0
2015-01-18 06:00:00,785.2751,24.854333496093773,0.017332692,0.08810425,16.128293603268222,22.487145996093773,0.016028065,0.07833862,6.187748935200167,21.049645996093773,0.014574666,0.08883667,4.250135814516225,0,0,0
2015-01-18 07:00:00,784.115,25.569360351562523,0.017210059,0.076538086,18.1522494096564,23.913110351562523,0.01643186,0.07092285,8.199044269597186,21.577172851562523,0.0146694705,0.094329834,4.108374665202646,0,0,0
2015-01-18 08:00:00,850.1076,26.5427185058594,0.016774505,0.087768555,21.046315415723605,25.7614685058594,0.01670584,0.06765747,10.491176363694429,22.8708435058594,0.01463446,0.08999634,4.168662442913526,0,0,0
2015-01-18 09:00:00,900.5203,27.408105468750023,0.01646086,0.08721924,22.17355606900069,27.337792968750023,0.016651595,0.07788086,12.224128926141514,24.369042968750023,0.0145916585,0.098846436,4.150794049786606,0,0,0
2015-01-18 10:00:00,947.4644,28.215966796875023,0.016368352,0.08493042,23.583808258270984,28.497216796875023,0.016589604,0.07141113,12.898105145059402,25.590966796875023,0.014422857,0.11001587,4.255730678788553,0,0,0
2015-01-18 11:00:00,994.9207,28.894921875000023,0.016345058,0.08413696,25.064203093922583,29.473046875000023,0.016551051,0.077697754,13.373235562601964,26.433984375000023,0.014315639,0.11721802,4.271683299766145,0,0,0
2015-01-18 12:00:00,997.6492,29.339959716796898,0.01631554,0.085998535,25.979512520460837,30.043084716796898,0.016552052,0.11288452,13.54938203310409,26.871209716796898,0.01430138,0.122680664,4.061875290008549,0,0,0
2015-01-18 13:00:00,1022.2995,29.508935546875023,0.016309949,0.08352661,26.746292752929158,30.040185546875023,0.016523572,0.15057373,13.430463307925285,27.008935546875023,0.014402601,0.1262207,3.663813447275997,0,0,0
2015-01-18 14:00:00,1005.4982,29.406304931640648,0.016281366,0.07418823,27.310465690919347,29.593804931640648,0.016464472,0.14581299,13.08633547086075,26.796929931640648,0.014858484,0.1272583,3.3214435831952462,0,0,0
2015-01-18 15:00:00,976.7352,29.006982421875023,0.016183322,0.06524658,27.58407856682654,29.147607421875023,0.016496127,0.11437988,12.784057798252576,26.342919921875023,0.015187686,0.13726807,3.257900257712455,0,0,0
2015-01-18 16:00:00,950.3055,28.213952636718773,0.016076693,0.05319214,27.011816872110288,28.573327636718773,0.016557345,0.10317993,12.455167245006155,25.698327636718773,0.015081057,0.1307373,3.48150042415618,0,0,0
2015-01-18 17:00:00,924.8994,27.303033447265648,0.016221737,0.04408264,25.64387776442703,27.381158447265648,0.016626095,0.128479,10.928705260154564,24.810845947265648,0.015104031,0.13372803,3.7387126422572936,0,0,0
2015-01-18 18:00:00,956.6288,26.457727050781276,0.016725363,0.043258667,23.39971477628153,25.465539550781276,0.016565146,0.13067627,8.63836386924772,23.637414550781276,0.015428365,0.15093994,3.910029580182433,0,0,0
2015-01-18 19:00:00,989.6201,25.999841308593773,0.01726695,0.04827881,21.786953008879717,24.601403808593773,0.016359052,0.12896729,9.110462554343856,22.921716308593773,0.015550335,0.16326904,4.614869992872707,0,0,0
2015-01-18 20:00:00,937.0267,25.763970947265648,0.017579984,0.046325684,20.805526967432915,24.185845947265648,0.016275357,0.12738037,9.039871018763966,22.482720947265648,0.015584898,0.16082764,4.89499590568644,0,0,0
2015-01-18 21:00:00,923.1207,25.606164550781276,0.017725239,0.045639038,19.497323448182996,23.863977050781276,0.016245136,0.11642456,8.507642891194182,22.199914550781276,0.015611896,0.15704346,4.588188635256593,0,0,0
2015-01-18 22:00:00,866.1484,25.456903076171898,0.017785873,0.05899048,19.2598522230522,23.589715576171898,0.016237106,0.10385132,8.410189932947528,22.035028076171898,0.015569534,0.16363525,4.370892947905307,0,0,0
2015-01-18 23:00:00,854.4974,25.333642578125023,0.017724464,0.06893921,20.79056685826738,23.411767578125023,0.016206214,0.09185791,8.63541309192493,21.896142578125023,0.015489052,0.16125488,4.478569231273975,0,0,0
2015-01-19 00:00:00,921.9623,25.220178222656276,0.017655447,0.07510376,21.608256478644336,23.212365722656276,0.016167715,0.07501221,8.623563696644103,21.727990722656276,0.015389517,0.1564331,4.64741491017211,0,0,0
2015-01-19 01:00:00,898.0128,25.158776855468773,0.01748747,0.081207275,21.901496146319907,23.104089355468773,0.016159955,0.07110596,8.574540907245094,21.572839355468773,0.015313092,0.14501953,4.815505447240439,0,0,0
2015-01-19 02:00:00,866.318,25.102868652343773,0.017373445,0.08605957,21.72727585297363,23.126306152343773,0.016198518,0.06506348,8.401056918000112,21.454431152343773,0.015233399,0.14038086,4.800586420238671,0,0,0
2015-01-19 03:00:00,850.4627,25.075067138671898,0.017412549,0.0874939,21.76592459862003,23.059442138671898,0.016207105,0.060516357,7.934831435607125,21.371942138671898,0.015131359,0.13922119,4.640234802487564,0,0,0
2015-01-19 04:00:00,840.0504,25.053125000000023,0.017436767,0.08938599,20.638971741368696,23.029687500000023,0.016200805,0.057250977,8.205891999848864,21.318750000000023,0.015071655,0.13513184,4.553112051480012,0,0,0
2015-01-19 05:00:00,852.0383,25.014489746093773,0.0174764,0.089141846,19.330342372303413,23.123864746093773,0.01622518,0.06518555,8.9291836718102,21.319177246093773,0.015096028,0.125,4.7425624883915685,0,0,0
2015-01-19 06:00:00,907.98,24.9970642089844,0.01753914,0.09396362,18.28109044401525,23.2548767089844,0.016234513,0.07910156,9.084034859634494,21.3720642089844,0.015132067,0.13061523,5.06821393848416,0,0,0
2015-01-19 07:00:00,977.8589,25.474816894531276,0.017600043,0.085998535,19.95087358670188,23.959191894531276,0.016478522,0.06939697,9.178161733240142,21.834191894531276,0.01529978,0.12548828,5.334183041516099,0,0,0
2015-01-19 08:00:00,1163.8845,26.275537109375023,0.017355084,0.09408569,23.190854354853077,25.080224609375023,0.016843915,0.07485962,10.310934962032286,22.752099609375023,0.015508771,0.11920166,5.19084769453919,0,0,0
2015-01-19 09:00:00,1252.612,27.122918701171898,0.01690452,0.10498047,25.69228275074708,26.560418701171898,0.017209696,0.08114624,12.71016057186908,24.076043701171898,0.01558082,0.116607666,5.083494826497957,0,0,0
2015-01-19 10:00:00,1330.4315,27.9172302246094,0.01650037,0.099243164,26.742451453013743,28.2531677246094,0.017209904,0.098358154,15.577355514392591,25.3234802246094,0.015397924,0.12988281,5.257086760950233,0,0,0
2015-01-19 11:00:00,1362.5769,28.483605957031276,0.016256737,0.07946777,26.82661276997081,29.475793457031276,0.016905235,0.090026855,16.790676527088024,25.991418457031276,0.01514666,0.13830566,5.233025526401829,0,0,0
2015-01-19 12:00:00,1358.9632,28.744073486328148,0.016119314,0.059951782,26.190066031146625,30.228448486328148,0.01666863,0.09048462,16.67438811819525,26.392510986328148,0.015032127,0.13983154,4.897287708021819,0,0,0
2015-01-19 13:00:00,1383.8766,28.732110595703148,0.015981557,0.04234314,25.539489077100505,30.552423095703148,0.016553761,0.08236694,15.976053724325638,26.505548095703148,0.015073659,0.15325928,4.37936151266437,0,0,0
2015-01-19 14:00:00,1372.4912,28.563806152343773,0.015843567,0.030723572,25.03144849377057,30.571618652343773,0.016530212,0.074920654,15.246222736771816,26.298181152343773,0.015256104,0.15795898,3.749341128641909,0,0,0
2015-01-19 15:00:00,1323.3944,28.227563476562523,0.01577431,0.028640747,24.73278143062203,30.172875976562523,0.016460955,0.06549072,14.585335429208325,25.829125976562523,0.01558739,0.16217041,3.1707329589222195,0,0,0
2015-01-19 16:00:00,1273.2729,27.681726074218773,0.015766528,0.03857422,24.25240191018378,29.306726074218773,0.01635399,0.065979004,13.657660160539615,25.259851074218773,0.015934374,0.17919922,2.9226131971380425,0,0,0
2015-01-19 17:00:00,1185.6596,26.981958007812523,0.015972463,0.04624939,22.24184433184952,27.825708007812523,0.016460745,0.065979004,10.831091758245664,24.528833007812523,0.016338674,0.1895752,2.822639544258337,0,0,0
2015-01-19 18:00:00,1160.0813,26.3032165527344,0.016429577,0.03239441,19.17992128485318,25.7172790527344,0.016681347,0.071014404,7.347171363710629,23.6704040527344,0.016574536,0.18554688,2.719196740639897,0,0,0
2015-01-19 19:00:00,1198.0354,25.945855712890648,0.016787553,0.022483826,17.22426212319345,24.891168212890648,0.016596818,0.06744385,7.282876633118446,23.195855712890648,0.016474748,0.18927002,2.794956422988128,0,0,0
2015-01-19 20:00:00,1165.8139,25.743463134765648,0.016894538,0.013782501,16.64988271311097,24.524713134765648,0.016566474,0.07147217,7.471351212697837,22.923150634765648,0.016429145,0.1739502,2.9702508959133525,0,0,0
2015-01-19 21:00:00,1113.3515,25.588891601562523,0.016870799,0.014278412,16.473766349021947,24.127954101562523,0.016573252,0.07211304,6.748058802901904,22.729516601562523,0.016367259,0.18444824,2.973780952860159,0,0,0
2015-01-19 22:00:00,1070.1869,25.436151123046898,0.016794091,0.0155181885,17.373258364543247,23.795526123046898,0.016534692,0.06430054,6.227092896657599,22.592401123046898,0.016343957,0.19567871,3.001433830938791,0,0,0
2015-01-19 23:00:00,1007.8284,25.339990234375023,0.016687151,0.022697449,19.08527548067724,23.464990234375023,0.016481157,0.05192566,5.948315168705542,22.535302734375023,0.016305681,0.21069336,2.984761225289381,0,0,0
2015-01-20 00:00:00,899.6775,25.2336364746094,0.016610561,0.025367737,20.3280150031853,22.9289489746094,0.016313015,0.044174194,6.00577497082459,22.4992614746094,0.016213832,0.21478271,2.990804196911375,0,0,0
2015-01-20 01:00:00,848.3934,25.074304199218773,0.016686695,0.023979187,20.610082229383583,22.558679199218773,0.016228931,0.039627075,6.195495378024745,22.386804199218773,0.016076343,0.2156372,3.115111080779185,0,0,0
2015-01-20 02:00:00,811.2,24.940545654296898,0.016832067,0.022193909,20.348891221941365,22.292108154296898,0.016145421,0.034698486,6.493698413632961,22.245233154296898,0.015931798,0.19683838,3.284139139433842,0,0,0
2015-01-20 03:00:00,791.85,24.880487060546898,0.016947502,0.029693604,20.03052511394377,22.075799560546898,0.016031975,0.02773285,6.905986718039911,22.099237060546898,0.015787834,0.17718506,3.3090737440757785,0,0,0
2015-01-20 04:00:00,792.28,24.8535095214844,0.017108599,0.028274536,18.906524621907877,21.9003845214844,0.015887896,0.012943268,6.993776631240662,21.9863220214844,0.015620867,0.15838623,3.2745899074721603,0,0,0
2015-01-20 05:00:00,819.3325,24.770410156250023,0.017291965,0.021873474,17.040959316704964,21.590722656250023,0.01571268,0.008342743,6.78760740922277,21.887597656250023,0.015483798,0.13574219,3.277679920801185,0,0,0
2015-01-20 06:00:00,874.8625,24.733758544921898,0.017405728,0.019950867,15.067000814687862,21.452508544921898,0.015578489,0.0079956055,6.631040061050737,21.780633544921898,0.015353422,0.1149292,3.3027727529325155,0,0,0
2015-01-20 07:00:00,1009.9003,25.641076660156276,0.01747384,0.028244019,17.802948662485704,23.391076660156276,0.015886925,0.009269714,9.532141823991372,22.281701660156276,0.015425348,0.09869385,3.418376574441968,0,0,0
2015-01-20 08:00:00,1186.3006,26.838555908203148,0.017214984,0.041549683,21.474343439264004,25.776055908203148,0.016238421,0.015815735,11.66092483333762,23.565118408203148,0.0153152635,0.07861328,3.6068764101223,0,0,0
2015-01-20 09:00:00,1286.7323,27.895684814453148,0.016955262,0.065979004,21.870264303235096,27.731622314453148,0.01621521,0.018989563,13.353540563957624,25.044122314453148,0.015074615,0.07785034,3.5301425716473007,0,0,0
2015-01-20 10:00:00,1266.3286,28.728051757812523,0.01688635,0.090911865,20.371083308362618,29.071801757812523,0.016199704,0.02155304,13.11142528337121,26.306176757812523,0.014837858,0.08746338,3.2991861336803323,0,0,0
2015-01-20 11:00:00,1315.2625,29.320642089843773,0.016901424,0.13336182,18.45097668551489,30.125329589843773,0.016252926,0.02873993,12.414012878971786,27.226892089843773,0.014715604,0.091674805,2.844817378345699,0,0,0
2015-01-20 12:00:00,1296.385,29.6555114746094,0.016939264,0.17285156,16.690386644642366,30.8351989746094,0.016374689,0.043014526,11.628440810407572,27.7805114746094,0.014925104,0.09362793,2.2576273763720254,0,0,0
2015-01-20 13:00:00,1290.2025,29.841333007812523,0.01696156,0.19561768,15.511552642493896,31.153833007812523,0.016610608,0.06765747,10.93419794602697,27.903833007812523,0.015519604,0.09979248,1.6431241080367671,0,0,0
2015-01-20 14:00:00,1301.9175,29.781610107421898,0.016838515,0.1932373,15.646573339334834,31.172235107421898,0.016739333,0.093322754,10.697983332459993,27.789422607421898,0.01558348,0.10424805,1.6932935824697102,0,0,0
2015-01-20 15:00:00,1261.6325,29.566674804687523,0.016692843,0.15863037,16.84714277815671,30.801049804687523,0.016708102,0.10220337,10.343278244647168,27.386987304687523,0.015502658,0.0970459,2.0468778385987147,0,0,0
2015-01-20 16:00:00,1216.878,29.090539550781276,0.016532067,0.106536865,17.892190339885484,29.949914550781276,0.01674569,0.09939575,9.082218294444877,26.668664550781276,0.015639428,0.08157349,2.255667729151398,0,0,0
2015-01-20 17:00:00,1137.6155,28.330621337890648,0.016508726,0.060043335,17.90985391988557,28.580621337890648,0.017157225,0.11758423,6.306876190218701,25.611871337890648,0.016104368,0.06567383,2.2447004085203064,0,0,0
2015-01-20 18:00:00,1172.4914,27.352746582031276,0.016737416,0.033859253,17.060044761321723,26.407434082031276,0.017034963,0.144104,3.898763930236841,24.321496582031276,0.0163178,0.075653076,2.2689118477336114,0,0,0
2015-01-20 19:00:00,1200.8953,26.692590332031276,0.016989283,0.023635864,16.080999082586274,25.481652832031276,0.016706996,0.14276123,3.84614054705448,23.442590332031276,0.016203456,0.08572388,2.186755930103056,0,0,0
2015-01-20 20:00:00,1153.6929,26.313867187500023,0.01719564,0.018936157,14.732777638262128,24.860742187500023,0.016615806,0.12207031,3.708769015889264,22.845117187500023,0.016043602,0.090026855,2.1570098135331004,0,0,0
2015-01-20 21:00:00,1143.1843,26.058801269531276,0.017302603,0.015136719,13.524428429222368,24.441613769531276,0.016493887,0.09463501,3.6572810905272473,22.457238769531276,0.015883535,0.09832764,2.1325684426651037,0,0,0
2015-01-20 22:00:00,1091.777,25.825585937500023,0.01737885,0.012908936,13.266368736742866,24.067773437500023,0.01637177,0.07821655,3.952876926524065,22.145898437500023,0.015784306,0.110076904,2.205638831104163,0,0,0
2015-01-20 23:00:00,989.8299,25.628289794921898,0.017454877,0.015777588,13.515157201532244,23.745477294921898,0.016318098,0.07019043,4.323588642639693,21.917352294921898,0.015684858,0.122161865,2.419372611531227,0,0,0
2015-01-21 00:00:00,877.3555,25.477746582031276,0.017424226,0.027297974,14.293535582715206,23.516809082031276,0.016325593,0.06738281,4.614437775508443,21.852746582031276,0.015577911,0.13238525,2.6335895983024744,0,0,0
2015-01-21 01:00:00,837.056,25.372430419921898,0.017363157,0.040023804,15.805719050385118,23.341180419921898,0.016340818,0.06674194,4.805688991470345,21.778680419921898,0.015451994,0.13104248,2.818290014860852,0,0,0
2015-01-21 02:00:00,833.2957,25.239709472656276,0.01729407,0.057388306,17.43192726917684,23.161584472656276,0.016302248,0.066986084,5.0042186602015,21.747521972656276,0.015318057,0.13427734,2.958087305037951,0,0,0
2015-01-21 03:00:00,828.9174,25.103784179687523,0.017202197,0.06411743,18.244041159836183,22.994409179687523,0.016233264,0.06326294,5.360457504874006,21.736596679687523,0.015199481,0.13616943,2.9939948823995945,0,0,0
2015-01-21 04:00:00,836.9134,24.979638671875023,0.017163897,0.06643677,17.1334611069087,22.815576171875023,0.01611867,0.061019897,5.477473779195115,21.659326171875023,0.015092517,0.14001465,2.8510392502725828,0,0,0
2015-01-21 05:00:00,866.4172,24.852929687500023,0.01718666,0.062683105,14.851837599372177,22.649804687500023,0.015996475,0.06213379,5.541994496833219,21.595117187500023,0.014989396,0.14233398,2.660755816544248,0,0,0
2015-01-21 06:00:00,915.3287,24.851251220703148,0.017217072,0.1048584,13.147425073822529,22.609063720703148,0.015927704,0.068359375,5.717762556031491,21.562188720703148,0.014863403,0.14038086,2.475842245884735,0,0,0
2015-01-21 07:00:00,1081.1712,25.410791015625023,0.017270405,0.09890747,14.343010665688524,23.606103515625023,0.016103107,0.07244873,7.929009563461927,21.809228515625023,0.01487096,0.13366699,2.3847743258680727,0,0,0
2015-01-21 08:00:00,1219.7413,26.0510192871094,0.017018467,0.070495605,17.26980422588769,24.6603942871094,0.016202122,0.078704834,9.857065213294504,22.5275817871094,0.014756352,0.119506836,2.8827822204488305,0,0,0
2015-01-21 09:00:00,1298.2006,26.489831542968773,0.01681976,0.1303711,17.945434032090105,25.942956542968773,0.01620178,0.09460449,11.844091057609996,23.411706542968773,0.014569088,0.106414795,3.3848635545443617,0,0,0
2015-01-21 10:00:00,1340.414,26.932641601562523,0.016628733,0.17932129,18.376133201066537,27.010766601562523,0.016018381,0.10501099,12.420709593031855,24.456079101562523,0.014389505,0.09713745,3.400552909436092,0,0,0
2015-01-21 11:00:00,1408.8723,27.403039550781276,0.01652922,0.1796875,18.885064463486454,27.684289550781276,0.015842574,0.09976196,12.332098931751238,25.434289550781276,0.014236586,0.089141846,3.296728957860236,0,0,0
2015-01-21 12:00:00,1403.6007,27.688500976562523,0.01646769,0.19335938,18.87507337139092,28.008813476562523,0.015742898,0.08605957,12.16794430926518,26.118188476562523,0.014114022,0.08615112,3.114452632003089,0,0,0
2015-01-21 13:00:00,1405.3013,27.821923828125023,0.01642152,0.1819458,18.908950430208183,28.134423828125023,0.015696727,0.070129395,11.707599753932955,26.360986328125023,0.014018259,0.09429932,2.8114025263543554,0,0,0
2015-01-21 14:00:00,1418.1509,27.913720703125023,0.0163679,0.1829834,18.793826270448207,28.132470703125023,0.015696513,0.06274414,10.738514975914477,26.218408203125023,0.014037119,0.10006714,2.463399560121542,0,0,0
2015-01-21 15:00:00,1367.2117,27.9091735839844,0.01636025,0.16967773,18.547036794392227,27.9404235839844,0.01585671,0.06863403,9.094428220017344,25.8076110839844,0.01420876,0.09188843,2.077285206842432,0,0,0
2015-01-21 16:00:00,1290.6977,27.715661621093773,0.016406287,0.1416626,18.083989534674984,27.450036621093773,0.016276587,0.07373047,7.113316628181174,25.254724121093773,0.014521825,0.09182739,1.5812265409455857,0,0,0
2015-01-21 17:00:00,1185.4699,27.222314453125023,0.016696613,0.1026001,16.752795304446817,26.425439453125023,0.017078083,0.07562256,4.735392068826161,24.503564453125023,0.015144031,0.103881836,1.0482621201165463,0,0,0
2015-01-21 18:00:00,1184.8578,26.598168945312523,0.01707852,0.077941895,14.827492597980418,25.105981445312523,0.016918303,0.08181763,3.642168411735091,23.637231445312523,0.015548826,0.10424805,1.1616328466140744,0,0,0
2015-01-21 19:00:00,1158.3512,26.235040283203148,0.017292118,0.06552124,13.69117400725816,24.719415283203148,0.016788578,0.09124756,3.669119805539184,23.102227783203148,0.015529728,0.10412598,1.5814922787962966,0,0,0
2015-01-21 20:00:00,1098.4266,26.025903320312523,0.017368596,0.058624268,13.051348596804566,24.439965820312523,0.01668195,0.08633423,3.947021873079112,22.760278320312523,0.015491765,0.10131836,1.816744821803812,0,0,0
2015-01-21 21:00:00,1078.1409,25.878076171875023,0.017391661,0.052841187,12.70237444810509,24.174951171875023,0.016598204,0.07165527,4.2648244521582654,22.518701171875023,0.015427092,0.098358154,2.0311349442981768,0,0,0
2015-01-21 22:00:00,1057.9431,25.750695800781276,0.017429963,0.058166504,12.828709276765284,23.914758300781276,0.016522065,0.05935669,4.628131542420126,22.297570800781276,0.015362397,0.10574341,2.310613189287365,0,0,0
2015-01-21 23:00:00,974.7509,25.600640869140648,0.017476005,0.065216064,12.615239709125673,23.639703369140648,0.016446037,0.04953003,4.777526931806555,22.092828369140648,0.015332145,0.12490845,2.51655670445778,0,0,0
2015-01-22 00:00:00,939.3309,25.447930908203148,0.017475713,0.06820679,12.710860695258123,23.182305908203148,0.016270269,0.060302734,4.814813049109589,21.979180908203148,0.015328038,0.13885498,2.805915326592612,0,0,0
2015-01-22 01:00:00,904.7631,25.286828613281276,0.01739159,0.07058716,13.416382275207136,22.943078613281276,0.016170887,0.0741272,5.063499504603884,21.880578613281276,0.015301136,0.15216064,2.985510376663843,0,0,0
2015-01-22 02:00:00,881.7767,25.100610351562523,0.017330384,0.08023071,14.088397296534826,22.780297851562523,0.016071534,0.08755493,5.368005383404962,21.764672851562523,0.015205598,0.17138672,3.144086846265986,0,0,0
2015-01-22 03:00:00,877.1007,24.958123779296898,0.017284332,0.08383179,14.770428906039236,22.653436279296898,0.015964447,0.08325195,5.502476793419631,21.598748779296898,0.015075623,0.16247559,3.36776828368364,0,0,0
2015-01-22 04:00:00,871.1848,24.875390625000023,0.017276255,0.0753479,14.535611650098543,22.453515625000023,0.015864817,0.07394409,5.340379603748575,21.422265625000023,0.014972178,0.14263916,3.4871346190000243,0,0,0
2015-01-22 05:00:00,879.6776,24.806726074218773,0.017321572,0.07046509,13.69185691572846,22.275476074218773,0.015795693,0.06347656,5.112682494098517,21.291101074218773,0.014918312,0.122406006,3.3570506201192574,0,0,0
2015-01-22 06:00:00,919.5851,24.789025878906276,0.01732149,0.07330322,13.332097820894813,22.171838378906276,0.015749834,0.05467224,4.945264406377147,21.195275878906276,0.01486101,0.11425781,3.069189075205528,0,0,0
2015-01-22 07:00:00,984.2011,25.5996032714844,0.01734486,0.08380127,16.362720377860846,23.9667907714844,0.016124157,0.04878235,7.360484652111221,21.8261657714844,0.0149492305,0.10772705,2.99538213084779,0,0,0
2015-01-22 08:00:00,1160.4472,26.566674804687523,0.017116956,0.11154175,19.91222254672964,26.113549804687523,0.016292982,0.04548645,9.468915482387498,23.308862304687523,0.014820509,0.08480835,3.097132938240428,0,0,0
2015-01-22 09:00:00,1241.2973,27.402124023437523,0.016942972,0.13421631,20.984124509860127,27.870874023437523,0.016248697,0.046142578,10.587116588509422,24.863061523437523,0.01462745,0.07369995,2.8956217008325305,0,0,0
2015-01-22 10:00:00,1302.6967,28.0866638183594,0.016905779,0.17193604,21.08048958197188,29.1179138183594,0.016180987,0.05633545,10.344110488372324,26.1179138183594,0.014338488,0.06774902,2.527909401469817,0,0,0
2015-01-22 11:00:00,1344.4423,28.682275390625023,0.016867917,0.20397949,20.68533044231618,30.026025390625023,0.016181272,0.08380127,9.539970875821554,27.049462890625023,0.01412515,0.07296753,2.032853917631638,0,0,0
2015-01-22 12:00:00,1354.6265,29.0288024902344,0.016837368,0.22906494,19.71492662703008,30.4350524902344,0.016150722,0.12335205,8.375452522464364,27.6381774902344,0.014106044,0.085876465,1.4312661082598157,0,0,0
2015-01-22 13:00:00,1356.5113,28.968927001953148,0.016814629,0.24304199,19.24951760220189,30.531427001953148,0.0161585,0.16253662,7.280755823744554,27.843927001953148,0.014678398,0.1027832,0.9010036594261516,0,0,0
2015-01-22 14:00:00,1335.7186,28.705194091796898,0.016769147,0.24041748,19.52058751144525,30.408319091796898,0.016326642,0.1951294,6.373265270497525,27.580194091796898,0.014922833,0.12121582,1.1712462943638309,0,0,0
2015-01-22 15:00:00,1317.0133,28.282647705078148,0.01670055,0.23095703,19.96820717517042,29.860772705078148,0.016311452,0.22711182,5.602643438134632,26.985772705078148,0.0151174525,0.1272583,1.5666903291937635,0,0,0
2015-01-22 16:00:00,1245.011,27.714440917968773,0.01670085,0.19244385,20.019941947006824,28.917565917968773,0.016487228,0.25634766,4.65812087191531,26.230065917968773,0.015590774,0.12762451,1.870713189592448,0,0,0
2015-01-22 17:00:00,1147.0795,27.067193603515648,0.016808316,0.14465332,19.317176694063956,27.598443603515648,0.016968533,0.26879883,3.5290305571147904,25.379693603515648,0.015793607,0.14178467,2.1033682785919736,0,0,0
2015-01-22 18:00:00,1148.5322,26.4313903808594,0.017098678,0.09890747,17.6944748611761,26.1813903808594,0.017350448,0.25769043,2.5548156874107404,24.4235778808594,0.015969528,0.14642334,2.114934081003989,0,0,0
2015-01-22 19:00:00,1154.9531,26.086145019531276,0.01740425,0.06896973,15.92862764298504,25.484582519531276,0.017251663,0.22851562,3.0746243596332774,23.695520019531276,0.016053848,0.16314697,2.136841532023098,0,0,0
2015-01-22 20:00:00,1110.2835,25.8757263183594,0.017586907,0.050949097,14.782203583554264,24.9460388183594,0.017113885,0.19952393,3.592281770070699,23.1882263183594,0.015969476,0.16369629,2.0285636063162045,0,0,0
2015-01-22 21:00:00,1063.113,25.724084472656276,0.017624317,0.04711914,14.18586314703192,24.442834472656276,0.016899524,0.19177246,4.167562324135708,22.739709472656276,0.01581615,0.15393066,2.0245318825383576,0,0,0
2015-01-22 22:00:00,1004.2372,25.575524902343773,0.017593618,0.05067444,14.1436901352543,23.997399902343773,0.016723868,0.17883301,4.295703187161839,22.372399902343773,0.015663382,0.14477539,2.1734914415084376,0,0,0
2015-01-22 23:00:00,963.594,25.386773681640648,0.017563991,0.05618286,14.112377804817593,23.574273681640648,0.01657217,0.16314697,4.120916141388993,22.144586181640648,0.015500241,0.14154053,2.4599623486498534,0,0,0
2015-01-23 00:00:00,926.9042,25.257104492187523,0.017465614,0.06199646,14.710400915018136,23.241479492187523,0.016412757,0.15026855,4.226509465644623,22.014916992187523,0.015356086,0.13201904,2.68164407995214,0,0,0
2015-01-23 01:00:00,881.8726,25.102227783203148,0.017389057,0.058258057,15.23258607285043,22.985040283203148,0.016282795,0.1484375,4.439813690916139,21.899102783203148,0.015210864,0.12301636,2.809191168858638,0,0,0
2015-01-23 02:00:00,850.4584,25.017266845703148,0.01729741,0.06692505,16.293333129466586,22.829766845703148,0.016214035,0.15161133,4.6613039686618745,21.767266845703148,0.015061997,0.12011719,2.9418431174189923,0,0,0
2015-01-23 03:00:00,830.8606,24.950952148437523,0.017242901,0.059173584,16.773512941216584,22.747827148437523,0.016174786,0.14813232,4.978073326747837,21.669702148437523,0.01493501,0.1177063,3.1452884178547267,0,0,0
2015-01-23 04:00:00,839.7299,24.871179199218773,0.017263886,0.055099487,16.131360936513154,22.644616699218773,0.016119476,0.1394043,5.0971125114107,21.589929199218773,0.01481485,0.11340332,3.2229347180824943,0,0,0
2015-01-23 05:00:00,854.2011,24.773126220703148,0.017232694,0.048980713,15.40885002187321,22.507501220703148,0.016042508,0.12756348,5.076866973453589,21.523126220703148,0.014707363,0.10797119,3.2230948210097274,0,0,0
2015-01-23 06:00:00,884.8278,24.715051269531276,0.017171877,0.04219055,14.604181302326758,22.379113769531276,0.01600458,0.11428833,5.113016694687571,21.457238769531276,0.01465799,0.10095215,3.319229686144227,0,0,0
2015-01-23 07:00:00,972.6153,25.454461669921898,0.017012281,0.0342865,16.562203030209094,23.891961669921898,0.016287489,0.10467529,8.119707927618702,21.977899169921898,0.014784498,0.09484863,3.704096977056053,0,0,0
2015-01-23 08:00:00,1160.6851,26.417169189453148,0.01654723,0.03982544,19.97789843254916,25.885919189453148,0.016356494,0.10070801,11.3068457603066,23.253106689453148,0.014708544,0.07507324,4.118972362483936,0,0,0
2015-01-23 09:00:00,1247.7242,27.322290039062523,0.016257063,0.04171753,20.50331910594847,27.556665039062523,0.016234174,0.092163086,12.34799510419654,24.736352539062523,0.014590041,0.0637207,4.0357185330953325,0,0,0
2015-01-23 10:00:00,1314.013,28.2116638183594,0.016187822,0.041900635,19.580170468142597,28.8835388183594,0.01621071,0.08319092,12.027831228449234,26.1101013183594,0.014413987,0.07156372,3.595596660341203,0,0,0
2015-01-23 11:00:00,1334.6282,28.958917236328148,0.016225345,0.05015564,18.549938709743863,29.943292236328148,0.016187198,0.08828735,11.414075794878038,27.287042236328148,0.0143714035,0.084228516,2.8476890731615283,0,0,0
2015-01-23 12:00:00,1325.1781,29.444299316406276,0.016331729,0.06680298,17.52814049545803,30.663049316406276,0.016209658,0.10028076,10.69403428948896,28.053674316406276,0.014622743,0.093566895,1.850741379623609,0,0,0
2015-01-23 13:00:00,1340.8775,29.684655761718773,0.01640768,0.09301758,16.91340697704898,31.075280761718773,0.016308498,0.13330078,9.98501992305321,28.309655761718773,0.015721034,0.10397339,0.8534871537896067,0,0,0
2015-01-23 14:00:00,1345.1346,29.730981445312523,0.016415186,0.11791992,17.000944564607792,31.105981445312523,0.016415186,0.1482544,9.335335574868756,28.340356445312523,0.015972681,0.11053467,0.4412878296254007,0,0,0
2015-01-23 15:00:00,1324.2326,29.515313720703148,0.016339052,0.12561035,17.85170264578468,30.640313720703148,0.0165069,0.14141846,8.844016053204609,27.937188720703148,0.016041506,0.12512207,0.4309549198060011,0,0,0
2015-01-23 16:00:00,1227.125,28.993615722656276,0.0162774,0.097076416,18.446467289336,29.931115722656276,0.016643612,0.11029053,8.088660886483217,27.243615722656276,0.015972225,0.14007568,1.027086098275838,0,0,0
2015-01-23 17:00:00,1178.8622,28.185235595703148,0.016298953,0.06942749,18.188485420509583,28.732110595703148,0.017191593,0.08111572,6.152000213623044,26.200860595703148,0.016245548,0.15576172,1.782455787110366,0,0,0
2015-01-23 18:00:00,1188.9888,27.199487304687523,0.016633611,0.039398193,17.21611074834605,26.777612304687523,0.01739655,0.08026123,4.592701377295232,24.949487304687523,0.016999822,0.16851807,2.0879837286578247,0,0,0
2015-01-23 19:00:00,1190.077,26.552331542968773,0.016968543,0.02218628,16.38067507180658,25.942956542968773,0.017098242,0.082214355,5.100018748080631,24.232019042968773,0.01688462,0.18096924,2.86068552471172,0,0,0
2015-01-23 20:00:00,1159.4148,26.181481933593773,0.017143441,0.014720917,14.814043660911844,25.329919433593773,0.016922189,0.07498169,5.490245036926014,23.767419433593773,0.01677723,0.18029785,3.34582848095255,0,0,0
2015-01-23 21:00:00,1108.5598,25.9133239746094,0.017212206,0.010784149,13.212908190121365,24.7648864746094,0.016807849,0.06790161,5.589530596328504,23.3976989746094,0.016708666,0.15655518,3.3938097363689037,0,0,0
2015-01-23 22:00:00,1061.7806,25.677026367187523,0.017235802,0.011245728,12.798799273677997,24.302026367187523,0.016709374,0.05609131,5.607675897949206,23.083276367187523,0.016610192,0.1494751,3.049142143114057,0,0,0
2015-01-23 23:00:00,1011.2574,25.496240234375023,0.017274972,0.016433716,13.16414455997235,23.879052734375023,0.016611215,0.04736328,5.674834332169601,22.785302734375023,0.016458627,0.1408081,2.639286103608984,0,0,0
2015-01-24 00:00:00,965.3791,25.331628417968773,0.017321644,0.017967224,13.56912205351631,23.519128417968773,0.016512929,0.04512024,5.724490147171918,22.526940917968773,0.016291676,0.13482666,2.4962832182850203,0,0,0
2015-01-24 01:00:00,912.4299,25.1684509277344,0.017345067,0.01776123,14.030815330518442,23.2856384277344,0.01643717,0.04562378,5.745346896701708,22.2778259277344,0.016139623,0.12350464,2.610055469712745,0,0,0
2015-01-24 02:00:00,892.1252,25.078210449218773,0.017284026,0.022735596,14.848821419849918,23.093835449218773,0.016376128,0.04536438,5.655083889123997,22.062585449218773,0.01597177,0.11364746,2.8331426748940025,0,0,0
2015-01-24 03:00:00,874.1221,24.995477294921898,0.017260794,0.02457428,15.238555946719774,22.925164794921898,0.01630712,0.04547119,5.534201245243215,21.870477294921898,0.01580358,0.111968994,3.026568642897076,0,0,0
2015-01-24 04:00:00,874.9999,24.894860839843773,0.017192032,0.024620056,14.86141390413377,22.793298339843773,0.016230728,0.042312622,5.3586994067847655,21.691735839843773,0.01558986,0.11047363,3.098466156842884,0,0,0
2015-01-24 05:00:00,871.6212,24.790551757812523,0.017039364,0.026870728,14.232977310718985,22.642114257812523,0.016131466,0.044448853,5.214836606824462,21.548364257812523,0.01539523,0.10812378,3.2163881336116136,0,0,0
2015-01-24 06:00:00,867.8996,24.771661376953148,0.016901705,0.029220581,14.06661707310424,22.599786376953148,0.016070101,0.047714233,5.243525223580479,21.373223876953148,0.015234683,0.10858154,3.2954002357838896,0,0,0
2015-01-24 07:00:00,923.6196,25.609643554687523,0.016893832,0.035369873,16.79387236970443,24.172143554687523,0.01628348,0.04711914,8.113020921625399,22.039331054687523,0.015196292,0.10458374,3.485157087334928,0,0,0
2015-01-24 08:00:00,1082.7859,26.520837402343773,0.01658072,0.049545288,19.22073565390119,26.200524902343773,0.016267914,0.047317505,10.770185898900491,23.591149902343773,0.015009064,0.09411621,3.7725568077709433,0,0,0
2015-01-24 09:00:00,1159.2212,27.295281982421898,0.016335908,0.06253052,19.30925467176307,28.045281982421898,0.016129915,0.053009033,11.517287302108793,25.092156982421898,0.014783327,0.08981323,3.429548273062983,0,0,0
2015-01-24 10:00:00,1212.2782,27.965417480468773,0.016236369,0.07711792,18.79633040630974,29.434167480468773,0.016015116,0.05657959,10.825720296598538,26.324792480468773,0.0144854225,0.093811035,2.772776078563548,0,0,0
2015-01-24 11:00:00,1228.2729,28.533319091796898,0.016175369,0.09686279,18.654112972375096,30.470819091796898,0.015885452,0.06954956,10.159822016831608,27.314569091796898,0.014317611,0.09210205,1.9650687869604635,0,0,0
2015-01-24 12:00:00,1191.638,28.861596679687523,0.016099568,0.13000488,18.68047647722123,31.158471679687523,0.015763875,0.09048462,9.648864185118692,27.986596679687523,0.01431429,0.093170166,1.1023731349432286,0,0,0
2015-01-24 13:00:00,1149.9406,28.969781494140648,0.016069723,0.16320801,18.966903418665076,31.532281494140648,0.015749289,0.1194458,9.219281317448443,28.157281494140648,0.01485665,0.09283447,0.1977319934148408,0,0,0
2015-01-24 14:00:00,1140.3825,28.8705993652344,0.016032312,0.19641113,19.67189448470044,31.4487243652344,0.015879724,0.14001465,8.727857516376622,27.9955993652344,0.015036677,0.09460449,0.6652385610738816,0,0,0
2015-01-24 15:00:00,1161.3952,28.480310058593773,0.016002605,0.22369385,20.82003228880388,30.964685058593773,0.015895793,0.15032959,8.563212776310547,27.433435058593773,0.0151099665,0.10272217,0.930902953414461,0,0,0
2015-01-24 16:00:00,967.8953,27.847436523437523,0.01606463,0.22216797,21.93043606221514,30.144311523437523,0.015843378,0.13476562,8.549940370050594,26.534936523437523,0.015416131,0.097961426,0.9617832983374248,0,0,0
2015-01-24 17:00:00,509.8358,27.034692382812523,0.016271116,0.19488525,22.12525684272265,28.706567382812523,0.016065123,0.09991455,7.182586426047316,25.456567382812523,0.01571417,0.08621216,0.728334826004876,0,0,0
2015-01-24 18:00:00,988.413,26.204370117187523,0.016545158,0.16375732,20.875491140835315,26.485620117187523,0.016339164,0.074157715,5.116582155720534,24.180932617187523,0.015705924,0.08239746,0.6436675787447935,0,0,0
2015-01-24 19:00:00,1081.3669,25.811456298828148,0.016758302,0.14019775,19.58982719029709,25.420831298828148,0.016224245,0.0703125,5.799198203735874,23.373956298828148,0.015552858,0.09869385,1.175927747046834,0,0,0
2015-01-24 20:00:00,1036.9602,25.577722167968773,0.01690287,0.11074829,17.950395670065717,24.577722167968773,0.01613993,0.06808472,6.30666576334414,22.835534667968773,0.015323585,0.07949829,3.0646806854891118,0,0,0
2015-01-24 21:00:00,1012.2303,25.393609619140648,0.016963586,0.08547974,17.192974190384586,23.893609619140648,0.0160328,0.06188965,6.92233191090819,22.354547119140648,0.015159235,0.06939697,4.224723797860978,0,0,0
2015-01-24 22:00:00,993.7545,25.248651123046898,0.016902294,0.06138611,18.177740918292848,23.342401123046898,0.015971508,0.05807495,7.081355674069636,21.990838623046898,0.01505598,0.068359375,4.558869181257839,0,0,0
2015-01-24 23:00:00,924.3685,25.147515869140648,0.01679525,0.039031982,19.28957153983545,22.952203369140648,0.015933128,0.05595398,6.955704042957501,21.733453369140648,0.014979454,0.071899414,4.639687238790736,0,0,0
2015-01-25 00:00:00,903.1085,25.046441650390648,0.016673118,0.02458191,20.04276219959104,22.655816650390648,0.01589492,0.059310913,6.686021873189582,21.523004150390648,0.014899284,0.079193115,4.660005031795814,0,0,0
2015-01-25 01:00:00,880.2321,24.948327636718773,0.016474755,0.01952362,20.70801966019615,22.417077636718773,0.015841516,0.060165405,6.513846210302869,21.346765136718773,0.014822992,0.08850098,4.718278027103335,0,0,0
2015-01-25 02:00:00,833.7569,24.853479003906276,0.016306937,0.017700195,21.12873193043731,22.228479003906276,0.015795767,0.06338501,6.569522444208444,21.205041503906276,0.014765798,0.09750366,4.79641487225939,0,0,0
2015-01-25 03:00:00,797.1602,24.7473083496094,0.016261393,0.016967773,20.63124754454128,22.0754333496094,0.015765483,0.06109619,6.724138537965945,21.0832458496094,0.014701182,0.10205078,4.907907252230484,0,0,0
2015-01-25 04:00:00,794.6554,24.634362792968773,0.016307559,0.018966675,18.36556039422021,21.931237792968773,0.015727725,0.06567383,6.418741822353603,20.993737792968773,0.014663423,0.1060791,4.799481304276546,0,0,0
2015-01-25 05:00:00,795.035,24.518518066406276,0.016353723,0.01992035,15.871263266692544,21.791955566406276,0.015689965,0.057739258,6.029275863210472,20.932580566406276,0.014644739,0.11199951,4.473082987454927,0,0,0
2015-01-25 06:00:00,786.3227,24.468652343750023,0.016392319,0.022010803,14.371590341634215,21.757714843750023,0.015690414,0.049041748,5.614485595456356,20.898339843750023,0.014668075,0.10681152,4.193337892389372,0,0,0
2015-01-25 07:00:00,794.2571,25.443750000000023,0.016385367,0.025978088,16.912226029775816,23.584375000000023,0.015958121,0.048858643,8.475894819974323,21.600000000000023,0.014844229,0.10601807,4.372103040418045,0,0,0
2015-01-25 08:00:00,832.4831,26.699639892578148,0.015974361,0.024230957,19.929377034160566,26.012139892578148,0.015928585,0.058029175,11.508993801543845,23.160577392578148,0.014837581,0.09341431,4.654097652805861,0,0,0
2015-01-25 09:00:00,894.8591,27.797021484375023,0.015861172,0.022583008,20.02120441941015,27.875146484375023,0.015636105,0.050598145,12.687756681805464,24.961083984375023,0.014678617,0.08929443,4.711498097329179,0,0,0
2015-01-25 10:00:00,957.3312,28.715051269531276,0.015922625,0.0311203,20.321696806221286,29.293176269531276,0.01546486,0.04928589,13.01557306505995,26.300988769531276,0.014465409,0.08035278,4.399600143036822,0,0,0
2015-01-25 11:00:00,977.4178,29.325097656250023,0.01598306,0.060150146,21.061301604909627,30.168847656250023,0.015342191,0.059692383,13.122411156511856,27.309472656250023,0.014327481,0.090423584,3.8575142245670095,0,0,0
2015-01-25 12:00:00,986.8686,29.637078857421898,0.016044106,0.10568237,21.467238790971557,30.715203857421898,0.015307871,0.07003784,12.9801997884413,27.855828857421898,0.014785257,0.0960083,2.8207301760978267,0,0,0
2015-01-25 13:00:00,1016.871,29.676049804687523,0.016060172,0.15325928,21.76494561596733,30.972924804687523,0.015316307,0.08709717,12.705737720676094,28.051049804687523,0.014782249,0.11550903,2.1585932132086567,0,0,0
2015-01-25 14:00:00,1013.7429,29.496514892578148,0.01606799,0.17584229,22.34642092318526,30.949639892578148,0.015347011,0.10317993,12.497023791195058,27.730889892578148,0.014694698,0.11828613,1.9116988804216837,0,0,0
2015-01-25 15:00:00,1003.3514,29.168115234375023,0.01603776,0.17352295,23.350962270639805,30.511865234375023,0.015347301,0.10147095,12.738360111445171,27.121240234375023,0.01479417,0.11407471,2.001414273421875,0,0,0
2015-01-25 16:00:00,972.1373,28.5830017089844,0.015923522,0.14544678,24.36362418589812,29.6455017089844,0.01525595,0.07116699,12.605873373870864,26.4267517089844,0.01469519,0.09249878,2.657582736301904,0,0,0
2015-01-25 17:00:00,973.5054,27.6606384277344,0.015891174,0.08673096,24.607557857018715,28.3325134277344,0.0152655635,0.05696106,11.456887884533884,25.3872009277344,0.014842132,0.086761475,3.408718776748729,0,0,0
2015-01-25 18:00:00,1014.4287,26.647302246093773,0.016065396,0.038986206,23.73896098047716,26.162927246093773,0.015397825,0.0730896,9.255724621170376,23.998864746093773,0.0147684,0.08029175,3.8529303285748377,0,0,0
2015-01-25 19:00:00,1056.7406,26.0744567871094,0.016232902,0.018997192,22.82730695884129,25.0197692871094,0.015252525,0.0831604,10.63582142228141,22.9260192871094,0.014878685,0.075683594,5.172068387475568,0,0,0
2015-01-25 20:00:00,1059.693,25.777368164062523,0.016338743,0.018753052,21.68855595637147,24.167993164062523,0.015137114,0.07650757,11.200719456044231,22.308618164062523,0.014851011,0.05873108,5.988734331104512,0,0,0
2015-01-25 21:00:00,1048.7289,25.606225585937523,0.016421972,0.019355774,21.101147921464264,23.590600585937523,0.015132604,0.05731201,10.678167954945428,21.871850585937523,0.014854131,0.049484253,5.983203858202851,0,0,0
2015-01-25 22:00:00,1014.8273,25.448846435546898,0.016544046,0.02141571,20.974298891482828,23.198846435546898,0.015201272,0.036849976,9.886234423328128,21.566033935546898,0.014808359,0.052444458,5.760809369443191,0,0,0
2015-01-25 23:00:00,988.7315,25.312341308593773,0.016659176,0.023216248,20.777788700819404,22.984216308593773,0.015274442,0.019104004,9.484409248001128,21.312341308593773,0.014721311,0.062683105,5.611749162980549,0,0,0
2015-01-26 00:00:00,933.0819,25.168298339843773,0.016781133,0.019721985,19.753169703059584,22.777673339843773,0.0153086595,0.008872986,9.147864320750466,21.105798339843773,0.01461057,0.06436157,5.471503356129397,0,0,0
2015-01-26 01:00:00,908.0185,25.052453613281276,0.016758598,0.021995544,19.76310337021434,22.411828613281276,0.0152823115,0.004392624,8.395520446348963,20.927453613281276,0.01448504,0.06085205,5.36952882031536,0,0,0
2015-01-26 02:00:00,878.4758,24.946588134765648,0.016727556,0.021858215,19.940051037446636,22.126275634765648,0.015186417,0.0024871826,7.997023801324783,20.727838134765648,0.014389145,0.056152344,5.258912320108444,0,0,0
2015-01-26 03:00:00,863.0414,24.872583007812523,0.016719835,0.018508911,20.154644262893093,21.896020507812523,0.015094774,0.0059986115,7.541431096509364,20.575708007812523,0.014308946,0.059753418,5.199610266385573,0,0,0
2015-01-26 04:00:00,849.6114,24.794244384765648,0.016643712,0.015449524,19.704474406730768,21.708306884765648,0.015007206,0.01651001,7.0840066202349234,20.466119384765648,0.01427097,0.065582275,5.132934401645343,0,0,0
2015-01-26 05:00:00,860.4131,24.737908935546898,0.016513985,0.0148124695,19.006331053551275,21.620721435546898,0.014984291,0.021110535,6.864184213553898,20.433221435546898,0.014331978,0.06680298,5.046212201604106,0,0,0
2015-01-26 06:00:00,892.6934,24.761987304687523,0.01646836,0.014831543,18.48606288191251,21.668237304687523,0.015060737,0.028419495,6.844205666618312,20.480737304687523,0.014416053,0.06439209,5.085674800153132,0,0,0
2015-01-26 07:00:00,1002.2464,25.648950195312523,0.01648375,0.015640259,21.75595895100765,23.672387695312523,0.015469041,0.030883789,10.417024088920051,21.203637695312523,0.014542069,0.0670166,5.631072436379454,0,0,0
2015-01-26 08:00:00,1174.0484,26.809167480468773,0.01623255,0.02217102,25.779984876629733,26.160729980468773,0.015828192,0.03768921,13.913675674981585,22.793542480468773,0.014531195,0.052474976,6.253826526369582,0,0,0
2015-01-26 09:00:00,1292.7993,27.977746582031276,0.016004821,0.022659302,27.10429046563492,28.258996582031276,0.015859863,0.032913208,15.918914599966156,24.641809082031276,0.014520903,0.046279907,6.5180467323156615,0,0,0
2015-01-26 10:00:00,1328.3086,28.967462158203148,0.015882418,0.017189026,27.599271150999733,29.920587158203148,0.015760347,0.024368286,16.26791109317509,26.115899658203148,0.014314577,0.056793213,6.446668962375004,0,0,0
2015-01-26 11:00:00,1362.5083,29.711480712890648,0.015805779,0.01889801,27.94013590621935,31.148980712890648,0.01566845,0.02027893,16.21512965373697,27.117730712890648,0.014192163,0.06896973,6.222403000672908,0,0,0
2015-01-26 12:00:00,1367.5436,30.198510742187523,0.015744727,0.009094238,27.942032684680584,31.854760742187523,0.015676063,0.021224976,16.0239834991233,27.636010742187523,0.014459173,0.07922363,5.686277012386635,0,0,0
2015-01-26 13:00:00,1386.9264,30.368859863281276,0.015667569,0.008220673,27.647128924952927,32.13448486328127,0.01565994,0.022361755,15.832862990504095,27.751672363281276,0.014816891,0.0954895,5.110189502434666,0,0,0
2015-01-26 14:00:00,1382.8276,30.221826171875023,0.015631942,0.006872177,27.559221843480344,31.956201171875023,0.015525131,0.031723022,15.632037497187516,27.565576171875023,0.014941482,0.10812378,4.958289920819859,0,0,0
2015-01-26 15:00:00,1339.9463,29.770227050781276,0.015569899,0.0049552917,27.776787377092184,31.348352050781276,0.015260909,0.050308228,15.46050046359952,27.098352050781276,0.014951918,0.10910034,5.130406682809665,0,0,0
2015-01-26 16:00:00,1295.3971,28.966149902343773,0.015572953,0.0042419434,27.981879501640627,30.138024902343773,0.015069413,0.051086426,15.262134324550582,26.341149902343773,0.014939713,0.100616455,5.443026881580318,0,0,0
2015-01-26 17:00:00,1179.2538,27.879113769531276,0.015595264,0.009662628,27.385555274547794,28.441613769531276,0.015045947,0.04899597,13.888613498110686,25.300988769531276,0.014721698,0.08886719,5.904774247133156,0,0,0
2015-01-26 18:00:00,1161.5804,26.871972656250023,0.015724503,0.025375366,25.02354208922882,26.153222656250023,0.01530107,0.06289673,10.476024524777994,23.856347656250023,0.014831862,0.10519409,6.037503298172139,0,0,0
2015-01-26 19:00:00,1189.0629,26.446679687500023,0.015937828,0.029708862,23.32734999026592,24.946679687500023,0.015533471,0.0594635,9.905864400488936,22.884179687500023,0.015049004,0.12063599,6.129745494792799,0,0,0
2015-01-26 20:00:00,1148.3588,26.277795410156276,0.015922382,0.02470398,23.000638498482832,24.309045410156276,0.0156935,0.055725098,9.959396434098954,22.363732910156276,0.015155628,0.119018555,5.862373471063866,0,0,0
2015-01-26 21:00:00,1107.1598,26.122369384765648,0.015845764,0.019706726,23.34117561576487,23.942681884765648,0.01576947,0.05947876,10.2081237530636,22.083306884765648,0.015193451,0.11224365,5.810229787172667,0,0,0
2015-01-26 22:00:00,1062.1176,25.922418212890648,0.015769355,0.021575928,24.1411392542313,23.672418212890648,0.01571595,0.05555725,10.656206756235571,21.891168212890648,0.015097968,0.10159302,5.974667381062402,0,0,0
2015-01-26 23:00:00,966.7092,25.735375976562523,0.01567009,0.025352478,25.05813108497279,23.391625976562523,0.015574724,0.047683716,10.798892727356954,21.688500976562523,0.014895708,0.08929443,6.211374173918197,0,0,0
2015-01-27 00:00:00,920.5191,25.551599121093773,0.015639491,0.026435852,25.41127894329956,23.075036621093773,0.015383906,0.034866333,10.582360615721422,21.465661621093773,0.014720148,0.07519531,6.347909502159544,0,0,0
2015-01-27 01:00:00,897.5169,25.382409667968773,0.015669418,0.026565552,24.98108825707584,22.749597167968773,0.015165879,0.022026062,10.156204356868592,21.249597167968773,0.014509751,0.06878662,6.440450607670724,0,0,0
2015-01-27 02:00:00,869.4597,25.236718750000023,0.015730176,0.026138306,23.59544188884132,22.416406250000023,0.014890944,0.015716553,9.589618779979574,21.064843750000023,0.014345442,0.066986084,6.334937007383121,0,0,0
2015-01-27 03:00:00,852.9057,25.059106445312523,0.015829101,0.025604248,21.06231329317285,22.082543945312523,0.014600768,0.014225006,9.11574174651253,20.934106445312523,0.01419641,0.06985474,6.237938150371394,0,0,0
2015-01-27 04:00:00,841.4068,24.915002441406276,0.015844312,0.03465271,19.58379087695497,21.782189941406276,0.014451948,0.009098053,8.663985880451902,20.836877441406276,0.014131513,0.06530762,6.0477972702381,0,0,0
2015-01-27 05:00:00,847.5249,24.823663330078148,0.015874974,0.030479431,18.808713346582383,21.347100830078148,0.014383428,0.004650116,8.00558646175017,20.768975830078148,0.014120214,0.0640564,5.999659471385272,0,0,0
2015-01-27 06:00:00,874.9339,24.797296142578148,0.015928406,0.026809692,18.46780399901132,21.164483642578148,0.014360567,0.0030965805,8.04160814912947,20.742608642578148,0.014116426,0.068237305,6.150620098951287,0,0,0
2015-01-27 07:00:00,988.2331,25.683709716796898,0.015844198,0.02494812,21.27686689099844,23.168084716796898,0.0146769,0.003894806,11.532570963305696,21.324334716796898,0.014257283,0.068847656,6.531926944092861,0,0,0
2015-01-27 08:00:00,1142.0282,26.9348083496094,0.015306029,0.025177002,25.198695339762573,25.7004333496094,0.014970335,0.0099983215,15.080608543036991,22.7863708496094,0.014352354,0.06112671,6.790422179365834,0,0,0
2015-01-27 09:00:00,1238.2936,28.016320800781276,0.015217945,0.026374817,26.59675128573184,27.828820800781276,0.014855549,0.01865387,17.406314177745802,24.516320800781276,0.014390156,0.059158325,6.691736383261006,0,0,0
2015-01-27 10:00:00,1319.7171,28.953393554687523,0.0151872495,0.03135681,27.148394694210857,29.375268554687523,0.014760003,0.028411865,17.698980321446353,25.953393554687523,0.014218316,0.061203003,6.414141234124898,0,0,0
2015-01-27 11:00:00,1356.417,29.694848632812523,0.015084128,0.027328491,27.57327077498186,30.601098632812523,0.014637808,0.03277588,17.48873866877224,27.007348632812523,0.014088492,0.07647705,5.887995996660447,0,0,0
2015-01-27 12:00:00,1353.565,30.192254638671898,0.015080174,0.026161194,27.682191984229824,31.442254638671898,0.014656743,0.033233643,16.946660345773147,27.567254638671898,0.014397344,0.09353638,5.128407650817064,0,0,0
2015-01-27 13:00:00,1391.9574,30.357080078125023,0.015072453,0.032974243,27.52577042917648,31.841455078125023,0.014771092,0.03617859,16.115619631461804,27.763330078125023,0.014614689,0.10064697,4.643280102045168,0,0,0
2015-01-27 14:00:00,1387.9913,30.2180114746094,0.015049578,0.037109375,27.31487417276929,31.7805114746094,0.014793993,0.057662964,15.374689521445934,27.7180114746094,0.014465929,0.114868164,4.474404940120671,0,0,0
2015-01-27 15:00:00,1371.6104,29.768273925781276,0.014939058,0.057510376,27.01343019252834,31.315148925781276,0.014805543,0.054153442,14.797010449733138,27.252648925781276,0.014454591,0.109436035,4.42622021807024,0,0,0
2015-01-27 16:00:00,1281.3009,28.916436767578148,0.014889704,0.06625366,25.876261008674778,30.494561767578148,0.014805781,0.070617676,13.870811894313247,26.557061767578148,0.014817225,0.08319092,4.297964255136825,0,0,0
2015-01-27 17:00:00,1188.341,27.937524414062523,0.014977595,0.06199646,23.90132451557095,28.953149414062523,0.015053889,0.053985596,11.538310171924447,25.515649414062523,0.015191218,0.09951782,3.976960364562676,0,0,0
2015-01-27 18:00:00,1168.976,26.964074707031276,0.015504094,0.031143188,20.663259923568337,26.495324707031276,0.015629979,0.037872314,7.577769235970961,24.104699707031276,0.01549265,0.10583496,3.239938134556457,0,0,0
2015-01-27 19:00:00,1190.9586,26.332177734375023,0.0161563,0.02633667,17.36779809781889,25.238427734375023,0.015835866,0.04550171,7.414221830273947,23.238427734375023,0.01590453,0.13616943,2.705006725704836,0,0,0
2015-01-27 20:00:00,1109.2502,25.925866699218773,0.016560426,0.028411865,15.040069741026516,24.441491699218773,0.015988221,0.04774475,7.681793476740123,22.894616699218773,0.01612555,0.14215088,2.254007385206267,0,0,0
2015-01-27 21:00:00,1055.7183,25.648156738281276,0.016636565,0.031234741,14.767610357597745,23.788781738281276,0.016133025,0.04273987,7.744876393562554,22.710656738281276,0.016339019,0.1187439,1.9935863547296728,0,0,0
2015-01-27 22:00:00,1012.2471,25.464196777343773,0.016621323,0.032684326,16.14405623620695,23.307946777343773,0.016232224,0.041381836,8.020855098810431,22.620446777343773,0.016468735,0.13830566,2.2439235652002902,0,0,0
2015-01-27 23:00:00,984.2875,25.311822509765648,0.0164687,0.036727905,18.23976656011476,22.921197509765648,0.016247448,0.050369263,8.147912039999712,22.343072509765648,0.016255077,0.18255615,2.756432305359842,0,0,0
2015-01-28 00:00:00,939.2713,25.129052734375023,0.016308432,0.04309082,19.261768974280493,22.543115234375023,0.016186362,0.07550049,7.732324479605738,22.152490234375023,0.01609481,0.17041016,3.286597148948022,0,0,0
2015-01-28 01:00:00,908.0233,24.950006103515648,0.01623222,0.04449463,19.65381094981516,22.254693603515648,0.016056744,0.07119751,7.856756473503271,22.028131103515648,0.015972821,0.1899414,3.4407996567303565,0,0,0
2015-01-28 02:00:00,881.3874,24.795312500000023,0.016232478,0.04269409,19.75054720736199,22.037500000000023,0.015896784,0.069122314,8.360635975644218,21.896875000000023,0.015782343,0.19372559,3.680866930060298,0,0,0
2015-01-28 03:00:00,859.2304,24.763818359375023,0.016194712,0.041427612,20.47409934274239,21.888818359375023,0.015752207,0.06402588,9.037804208281266,21.748193359375023,0.015538584,0.19610596,4.240158570401399,0,0,0
2015-01-28 04:00:00,855.3954,24.770349121093773,0.016095925,0.030822754,20.62172248461369,21.731286621093773,0.01558857,0.062927246,9.163552600304367,21.621911621093773,0.015432168,0.19799805,4.537087899402333,0,0,0
2015-01-28 05:00:00,880.8465,24.775415039062523,0.015997056,0.018081665,20.65246298374414,21.556665039062523,0.015421037,0.056777954,9.053262727300114,21.509790039062523,0.015405778,0.18829346,4.911858145445469,0,0,0
2015-01-28 06:00:00,902.1217,24.844903564453148,0.015936255,0.012958527,20.912034478623934,21.508966064453148,0.015348791,0.04888916,9.361080242323675,21.438653564453148,0.015386938,0.17297363,5.14266905985638,0,0,0
2015-01-28 07:00:00,1010.7869,25.835992431640648,0.015989702,0.013870239,24.031608023686253,22.671929931640648,0.015921038,0.043823242,12.056864512490742,21.851617431640648,0.015699785,0.15466309,5.558048577666376,0,0,0
2015-01-28 08:00:00,1171.3449,27.084619140625023,0.015589147,0.027793884,28.18897840323357,24.592431640625023,0.01662293,0.041229248,13.832662490450168,22.772119140625023,0.016203314,0.14428711,6.130728883208285,0,0,0
2015-01-28 09:00:00,1273.8755,28.057946777343773,0.015448367,0.041122437,29.870511070964707,26.964196777343773,0.016318118,0.038711548,17.01275850726058,24.120446777343773,0.016218936,0.14727783,6.7761576603064,0,0,0
2015-01-28 10:00:00,1318.7042,28.907739257812523,0.015460857,0.041625977,30.83118380035464,29.001489257812523,0.015464672,0.03302002,18.62544083246389,25.673364257812523,0.015548595,0.13665771,7.490877905862376,0,0,0
2015-01-28 11:00:00,1376.2185,29.560906982421898,0.015443901,0.056762695,31.477911305334164,30.248406982421898,0.014963249,0.03288269,19.335630679383883,26.498406982421898,0.014875511,0.118499756,7.913579727917538,0,0,0
2015-01-28 12:00:00,1366.3815,29.811578369140648,0.015474549,0.06716919,31.77076984283274,30.983453369140648,0.014806977,0.03805542,19.574338283535443,26.780328369140648,0.01457428,0.11740112,8.026681570544088,0,0,0
2015-01-28 13:00:00,1394.8065,29.827233886718773,0.015485893,0.07495117,31.87956653869861,31.311608886718773,0.014803062,0.042495728,19.41447303703256,26.780358886718773,0.0145093305,0.11175537,7.941736569118644,0,0,0
2015-01-28 14:00:00,1403.4086,29.631982421875023,0.015447556,0.061965942,31.72355226500568,31.210107421875023,0.0147990575,0.043167114,19.024991057264756,26.585107421875023,0.014470994,0.102752686,7.918880735551069,0,0,0
2015-01-28 15:00:00,1385.8322,29.245080566406276,0.01538649,0.051239014,31.531386428099307,30.651330566406276,0.014711289,0.049118042,18.59421075125035,26.088830566406276,0.014467148,0.094818115,7.9561712388472605,0,0,0
2015-01-28 16:00:00,1282.9086,28.553186035156276,0.015386653,0.04689026,30.558547002792444,29.553186035156276,0.014631343,0.05456543,17.675541624756953,25.287561035156276,0.014555049,0.08355713,7.8800336608555055,0,0,0
2015-01-28 17:00:00,1195.002,27.592187500000023,0.015581507,0.039901733,28.80886322967183,27.904687500000023,0.014906306,0.04244995,15.389861160455151,24.092187500000023,0.014955897,0.08010864,7.349021161354027,0,0,0
2015-01-28 18:00:00,1205.2188,26.635125732421898,0.016108375,0.03567505,25.71828166104181,25.713250732421898,0.015543799,0.03869629,12.045609696136603,22.760125732421898,0.015375952,0.11273193,6.574162349356999,0,0,0
2015-01-28 19:00:00,1234.1438,26.093621826171898,0.0167268,0.031463623,22.47777576724136,24.656121826171898,0.016009636,0.04269409,11.798901561754164,22.179559326171898,0.0154641345,0.125,6.7850622109335,0,0,0
2015-01-28 20:00:00,1183.3705,25.775262451171898,0.01707054,0.031066895,20.44075317249316,24.189324951171898,0.016200788,0.052261353,11.898485699641787,22.009637451171898,0.015498885,0.11831665,6.971776451190613,0,0,0
2015-01-28 21:00:00,1146.4516,25.553063964843773,0.017254006,0.025978088,19.62997692975453,23.920251464843773,0.016208779,0.06695557,12.327411104716097,21.998376464843773,0.015514504,0.11843872,7.062056292883986,0,0,0
2015-01-28 22:00:00,1113.2509,25.365350341796898,0.017292581,0.01940918,20.19502853553987,23.732537841796898,0.016193949,0.05606079,12.944437677893736,21.966912841796898,0.015434825,0.11795044,7.309715280689201,0,0,0
2015-01-28 23:00:00,1049.0575,25.226342773437523,0.017139811,0.019325256,21.385776605960302,23.656030273437523,0.016132731,0.059402466,13.54977244506299,21.859155273437523,0.015289682,0.13049316,7.468135450290242,0,0,0
2015-01-29 00:00:00,986.4748,25.172265625000023,0.016849708,0.02256012,22.558945735890315,23.570703125000023,0.015995216,0.06704712,13.855669104926504,21.773828125000023,0.015220831,0.12841797,7.389911904642303,0,0,0
2015-01-29 01:00:00,915.2498,25.115747070312523,0.01649853,0.02355957,23.42934889510243,23.420434570312523,0.015903438,0.059814453,13.88766660135428,21.717309570312523,0.015190088,0.12347412,7.204011896109834,0,0,0
2015-01-29 02:00:00,883.0711,25.0424743652344,0.016361047,0.024742126,23.554313896290843,23.2924743652344,0.015865136,0.05419922,13.827415699499232,21.6362243652344,0.015159416,0.1272583,7.035331335012461,0,0,0
2015-01-29 03:00:00,866.1283,24.984338378906276,0.016261736,0.023086548,23.827035810147407,23.218713378906276,0.01584212,0.04750061,13.769651179663889,21.617150878906276,0.01519362,0.10888672,6.768986967804895,0,0,0
2015-01-29 04:00:00,849.2855,24.926660156250023,0.016230974,0.021408081,23.213604522704426,23.145410156250023,0.015826616,0.040786743,13.301402380871409,21.668847656250023,0.01532689,0.10406494,6.256914025431632,0,0,0
2015-01-29 05:00:00,856.0369,24.878564453125023,0.016238784,0.025726318,22.56564861275769,22.995751953125023,0.015735244,0.03767395,12.672509087480098,21.808251953125023,0.015567398,0.0881958,5.645900015161549,0,0,0
2015-01-29 06:00:00,882.3075,24.902520751953148,0.01627717,0.023399353,22.095446653493628,22.918145751953148,0.015659189,0.042388916,12.625092507202856,21.933770751953148,0.015735483,0.08728027,5.331293175221751,0,0,0
2015-01-29 07:00:00,997.5025,25.679071044921898,0.016263107,0.019721985,24.79770460273396,24.233758544921898,0.015812973,0.055496216,14.921172328841733,22.460321044921898,0.015874008,0.10290527,5.804231129671942,0,0,0
2015-01-29 08:00:00,1194.5586,26.802026367187523,0.015904538,0.02558899,28.693980770724423,26.278588867187523,0.015698545,0.053268433,17.70432867363741,23.489526367187523,0.015988462,0.10067749,6.239641146978439,0,0,0
2015-01-29 09:00:00,1275.4061,27.835961914062523,0.015714517,0.03288269,30.632946095251917,28.101586914062523,0.015199532,0.030387878,19.3245703803666,24.859399414062523,0.015645852,0.099609375,6.956311939714342,0,0,0
2015-01-29 10:00:00,1343.8168,28.821801757812523,0.015792867,0.021865845,30.682164362393628,29.571801757812523,0.014694234,0.014324188,19.84675404796045,26.079614257812523,0.015304586,0.10076904,7.274089795619541,0,0,0
2015-01-29 11:00:00,1382.215,29.654382324218773,0.015930241,0.02394867,30.257172182903336,30.638757324218773,0.014152593,0.011569977,20.081268464408527,26.974694824218773,0.015243596,0.099731445,7.196875943487373,0,0,0
2015-01-29 12:00:00,1373.2363,30.115991210937523,0.016028581,0.022888184,29.600284822485506,31.319116210937523,0.0138961645,0.008060455,19.78791759481674,27.490991210937523,0.0154334875,0.08956909,6.836027722618894,0,0,0
2015-01-29 13:00:00,1398.3803,30.256494140625023,0.016058559,0.022453308,29.094420411348047,31.600244140625023,0.013784999,0.00415802,19.350215892918072,27.608056640625023,0.015471095,0.073791504,6.739380914005747,0,0,0
2015-01-29 14:00:00,1412.5642,30.136865234375023,0.015951302,0.024871826,28.78264152020901,31.480615234375023,0.013677741,0.0028009415,18.83444900763988,27.355615234375023,0.01539817,0.06707764,6.807642669695709,0,0,0
2015-01-29 15:00:00,1385.3714,29.755181884765648,0.01579066,0.020210266,28.610637495184537,30.786431884765648,0.013684946,0.00329113,18.435669334434092,26.817681884765648,0.015321451,0.0715332,6.9064254034216095,0,0,0
2015-01-29 16:00:00,1297.2111,29.081384277343773,0.015645446,0.009418488,27.98884955590156,29.581384277343773,0.013818206,0.005004883,17.686669479659386,26.065759277343773,0.015309753,0.06239319,6.803100462533264,0,0,0
2015-01-29 17:00:00,1175.0402,28.047875976562523,0.015534536,0.0044994354,26.718682462908067,27.876000976562523,0.014027731,0.0076408386,15.777178698226791,25.032250976562523,0.015328542,0.056137085,6.54962164099093,0,0,0
2015-01-29 18:00:00,1178.248,26.954248046875023,0.015644372,0.008815765,24.397686745473912,25.610498046875023,0.014545739,0.01077652,11.421640175050609,23.672998046875023,0.015514672,0.06236267,6.085239173871694,0,0,0
2015-01-29 19:00:00,1219.1213,26.376550292968773,0.015872827,0.0067710876,22.37065863576331,24.337487792968773,0.015003075,0.019699097,9.440232160590629,22.860925292968773,0.01570498,0.072906494,5.682392843891736,0,0,0
2015-01-29 20:00:00,1170.5305,26.046228027343773,0.016055875,0.0012636185,20.757446850020965,23.686853027343773,0.015304379,0.019989014,8.937759408454012,22.452478027343773,0.015682034,0.07385254,5.531706348279543,0,0,0
2015-01-29 21:00:00,1129.5379,25.7221618652344,0.016277116,0.00025999546,19.174900075560107,23.2924743652344,0.01547603,0.01543045,8.930052204043568,22.2221618652344,0.015666764,0.079193115,5.293170696389657,0,0,0
2015-01-29 22:00:00,1065.9869,25.435510253906276,0.016361266,0.000467062,19.377976389011973,22.990197753906276,0.015571625,0.008327484,9.320462597184363,22.044885253906276,0.015644103,0.08441162,5.173364928303095,0,0,0
2015-01-29 23:00:00,1006.1439,25.2492614746094,0.016238376,0.0010581017,21.43961527806608,22.7726989746094,0.0156089505,0.004835129,9.78940348038168,21.8430114746094,0.015593692,0.08917236,5.147629279226516,0,0,0
2015-01-30 00:00:00,966.2871,25.153710937500023,0.016001146,0.004426956,23.667412056087105,22.575585937500023,0.0155815305,0.0062789917,9.853560297067965,21.638085937500023,0.015512866,0.09387207,5.133405727437467,0,0,0
2015-01-30 01:00:00,940.3536,25.053765869140648,0.016008459,0.0077342987,24.05864843363245,22.342828369140648,0.015550695,0.010612488,9.76193856201346,21.428765869140648,0.015443884,0.089019775,4.985532312238168,0,0,0
2015-01-30 02:00:00,889.2456,24.982507324218773,0.016069315,0.010051727,23.85825904499746,22.170007324218773,0.015485667,0.006313324,9.653575934352643,21.287194824218773,0.015401743,0.085632324,4.886555928323875,0,0,0
2015-01-30 03:00:00,882.6405,24.941247558593773,0.016168268,0.012935638,22.796144219674076,22.011560058593773,0.015382442,0.0037841797,9.51139820349892,21.191247558593773,0.01534048,0.081451416,4.953145241680963,0,0,0
2015-01-30 04:00:00,877.7255,24.912469482421898,0.016343636,0.011943817,20.723008347032337,21.842156982421898,0.015306039,0.0036153793,9.004440814188337,21.092156982421898,0.015187783,0.079315186,5.074298233220222,0,0,0
2015-01-30 05:00:00,887.4699,24.852990722656276,0.016594822,0.011722565,18.25946245252515,21.696740722656276,0.015179569,0.0038194656,8.552481682653807,21.001428222656276,0.0150079075,0.07614136,5.2785830365062,0,0,0
2015-01-30 06:00:00,934.2376,24.894342041015648,0.016762532,0.012332916,18.18556796479418,21.691217041015648,0.015042105,0.00349617,8.463706007519038,20.925592041015648,0.014858999,0.07421875,5.376105371413266,0,0,0
2015-01-30 07:00:00,1003.2037,25.795465087890648,0.016892474,0.024162292,21.79720954884388,23.607965087890648,0.0151491575,0.0029735565,11.959439565994137,21.443902587890648,0.014946979,0.06430054,5.808211239480637,0,0,0
2015-01-30 08:00:00,1174.2938,26.929101562500023,0.016594768,0.045150757,26.111685511265986,26.241601562500023,0.014916301,0.0029935837,16.026513229075693,22.593164062500023,0.0149201155,0.043945312,6.390338710350791,0,0,0
2015-01-30 09:00:00,1271.4049,27.982019042968773,0.016457474,0.05039978,27.86592511858962,28.232019042968773,0.014538681,0.0035409927,18.12982077424243,24.278894042968773,0.014637863,0.027503967,6.611623308587552,0,0,0
2015-01-30 10:00:00,1339.264,29.004785156250023,0.016464913,0.051452637,29.40097829008522,29.786035156250023,0.014397346,0.0041656494,18.69086850225672,25.739160156250023,0.014279091,0.027023315,6.692517386675007,0,0,0
2015-01-30 11:00:00,1371.5795,29.794702148437523,0.016441036,0.051208496,30.22356783595172,30.997827148437523,0.014392543,0.0050640106,18.710216362995315,26.716577148437523,0.014144587,0.03501892,6.549085690114677,0,0,0
2015-01-30 12:00:00,1367.9868,30.276452636718773,0.016432684,0.05958557,29.8556843774923,31.807702636718773,0.014567297,0.007089615,18.035831950061503,27.260827636718773,0.0142201595,0.04534912,6.128068683060085,0,0,0
2015-01-30 13:00:00,1377.6531,30.401300048828148,0.01641678,0.06829834,29.206476972054347,32.19817504882815,0.014776461,0.009300232,17.13938904749486,27.385675048828148,0.014524691,0.048034668,5.485622228974,0,0,0
2015-01-30 14:00:00,1381.8145,30.224725341796898,0.016378475,0.062286377,28.864445108233937,32.1778503417969,0.014844966,0.012290955,16.332614551739816,27.224725341796898,0.014532161,0.057632446,5.185138390955618,0,0,0
2015-01-30 15:00:00,1364.8421,29.821649169921898,0.016310051,0.047973633,28.98201588697803,31.727899169921898,0.014746024,0.022010803,15.912823267287848,26.759149169921898,0.01448281,0.06472778,5.11912666024898,0,0,0
2015-01-30 16:00:00,1293.4452,29.143670654296898,0.016180595,0.03970337,28.36820791549784,30.659295654296898,0.014700494,0.025741577,15.116231710337251,26.081170654296898,0.01443728,0.07003784,5.086188930502039,0,0,0
2015-01-30 17:00:00,1166.6867,28.145898437500023,0.016104497,0.03302002,26.89632255063965,28.958398437500023,0.014761724,0.024307251,13.416194802905254,25.099023437500023,0.01430396,0.07446289,5.112925139194188,0,0,0
2015-01-30 18:00:00,1185.8726,27.118463134765648,0.016303001,0.023132324,24.67615760012588,26.618463134765648,0.0150746675,0.04573059,9.808034258236573,23.712213134765648,0.014601645,0.0920105,4.797251951833224,0,0,0
2015-01-30 19:00:00,1211.1379,26.5742126464844,0.016562816,0.015136719,22.47177709909056,25.2460876464844,0.015246745,0.066345215,9.09967902319611,22.7851501464844,0.01481187,0.09442139,5.010369104277268,0,0,0
2015-01-30 20:00:00,1183.2522,26.297662353515648,0.016655356,0.012172699,20.576927597209945,24.407037353515648,0.015388875,0.058746338,8.65401068522228,22.258599853515648,0.014904409,0.084106445,4.998555817892544,0,0,0
2015-01-30 21:00:00,1137.7697,26.066674804687523,0.0167161,0.012340546,19.233808625076684,23.879174804687523,0.0155221,0.0569458,8.138294107390907,21.988549804687523,0.014946081,0.083465576,4.829763942423322,0,0,0
2015-01-30 22:00:00,1089.6009,25.837304687500023,0.01670081,0.012195587,19.452583106157217,23.595117187500023,0.015617437,0.06295776,8.208042931494619,21.821679687500023,0.014984197,0.09008789,4.836648644339919,0,0,0
2015-01-30 23:00:00,1043.422,25.661431884765648,0.016532963,0.013278961,20.71902626371245,23.348931884765648,0.015708989,0.061660767,8.476009288543322,21.716119384765648,0.0150109,0.08706665,5.0290315198504105,0,0,0
2015-01-31 00:00:00,982.4403,25.475762939453148,0.016449405,0.01587677,21.0670976152082,23.108575439453148,0.015785648,0.04953003,8.646689157312105,21.647637939453148,0.015003636,0.0831604,5.270485013326174,0,0,0
2015-01-31 01:00:00,954.2018,25.308496093750023,0.016449712,0.018058777,21.10845424990453,22.824121093750023,0.01583936,0.03656006,8.109757840154794,21.535058593750023,0.01496198,0.07696533,5.233739641943267,0,0,0
2015-01-31 02:00:00,913.866,25.141442871093773,0.016655693,0.019386292,19.732597761792817,22.539880371093773,0.01581646,0.029205322,7.412271999821702,21.438317871093773,0.014900933,0.08291626,5.008166685627126,0,0,0
2015-01-31 03:00:00,903.3637,25.006738281250023,0.016845746,0.021331787,19.271971967170824,22.295800781250023,0.015731854,0.02230072,6.898436112020316,21.366113281250023,0.01477818,0.0904541,4.80876493098155,0,0,0
2015-01-31 04:00:00,889.0806,24.899713134765648,0.016982382,0.02431488,17.965132703155636,22.095025634765648,0.015639609,0.020988464,6.580163954109644,21.321588134765648,0.014678305,0.089660645,4.7123687847295495,0,0,0
2015-01-31 05:00:00,910.1472,24.821557617187523,0.017096406,0.031196594,16.579669608768974,21.977807617187523,0.0155133065,0.024971008,6.592744150685765,21.243432617187523,0.01464737,0.09036255,4.949334221195135,0,0,0
2015-01-31 06:00:00,922.1737,24.830194091796898,0.017164992,0.03742981,16.248220774741046,22.025506591796898,0.015398788,0.027305603,7.051484507647782,21.181756591796898,0.014666366,0.08557129,5.349665465546582,0,0,0
2015-01-31 07:00:00,939.9442,25.799951171875023,0.017073538,0.047546387,20.90115671561699,23.995263671875023,0.015555289,0.022575378,11.324789123592884,21.784326171875023,0.014738943,0.08190918,6.181483558431124,0,0,0
2015-01-31 08:00:00,1077.8575,26.980310058593773,0.01650915,0.071014404,27.522520231131576,26.542810058593773,0.015490625,0.020553589,15.69280491105916,23.144372558593773,0.014601801,0.06863403,6.947462988305656,0,0,0
2015-01-31 09:00:00,1179.6601,28.031823730468773,0.016143182,0.073913574,29.910613538443062,28.563073730468773,0.015067438,0.02798462,17.82938673230238,24.672448730468773,0.014293054,0.0549469,7.352835345774466,0,0,0
2015-01-31 10:00:00,1255.1569,28.906060791015648,0.016074773,0.08932495,30.176537520862908,30.093560791015648,0.01478922,0.03303528,18.14498766581499,25.843560791015648,0.014056798,0.048355103,7.244565702891426,0,0,0
2015-01-31 11:00:00,1253.4414,29.5551696777344,0.01607476,0.095062256,29.8370346052218,31.2582946777344,0.014819724,0.037963867,17.738985376082013,26.7114196777344,0.013961417,0.054977417,6.861598746731334,0,0,0
2015-01-31 12:00:00,1223.6116,30.036523437500023,0.016113048,0.088134766,29.42083375746471,32.06777343750002,0.014934307,0.040893555,16.82074138372748,27.270898437500023,0.013942486,0.06460571,6.255691655840827,0,0,0
2015-01-31 13:00:00,1160.2838,30.265527343750023,0.016151238,0.07382202,29.242156400263983,32.53115234375002,0.014987756,0.055145264,15.697849451978836,27.484277343750023,0.014011193,0.07885742,5.58325719335461,0,0,0
2015-01-31 14:00:00,1124.8878,30.211145019531276,0.016135976,0.06881714,29.01480221470748,32.44552001953127,0.015003011,0.06430054,14.712649947628243,27.367395019531276,0.014106557,0.08532715,5.122546722511802,0,0,0
2015-01-31 15:00:00,1112.4189,29.732751464843773,0.016128357,0.07318115,28.67139598544002,31.873376464843773,0.014941986,0.072784424,13.966752950785708,26.967126464843773,0.014060791,0.08743286,5.191619987135067,0,0,0
2015-01-31 16:00:00,1081.7406,28.9882751464844,0.016173536,0.069732666,28.49158544700838,30.9570251464844,0.014891797,0.06750488,13.223826111468918,26.2851501464844,0.013972455,0.08358765,5.650174318848404,0,0,0
2015-01-31 17:00:00,1064.8583,27.993493652343773,0.016279723,0.05709839,27.65479832657252,29.509118652343773,0.014975097,0.06059265,11.716518537544546,25.227868652343773,0.014048126,0.071502686,6.055382652886272,0,0,0
2015-01-31 18:00:00,1095.5704,27.021875000000023,0.016576858,0.037109375,25.469673164346517,27.287500000000023,0.015192122,0.073028564,9.32764582184373,23.787500000000023,0.014364333,0.089141846,6.127981452097101,0,0,0
2015-01-31 19:00:00,1116.6654,26.5200134277344,0.016995935,0.028549194,23.182296759739764,25.9106384277344,0.01529458,0.078125,10.148662535394712,22.8168884277344,0.014665155,0.0949707,6.554744929538342,0,0,0
2015-01-31 20:00:00,1094.677,26.249841308593773,0.017308336,0.02721405,21.20158102509969,24.984216308593773,0.015481096,0.06466675,10.46825265551362,22.296716308593773,0.014847856,0.094696045,6.390145054634902,0,0,0
2015-01-31 21:00:00,1075.2083,26.0187927246094,0.017437888,0.02381897,19.741767353377035,24.4406677246094,0.015675498,0.055923462,10.615439438566684,22.1203552246094,0.014996482,0.0921936,5.94824348295627,0,0,0
2015-01-31 22:00:00,1041.0831,25.879510498046898,0.01743099,0.021080017,19.87484584532641,24.113885498046898,0.015882222,0.052368164,10.720808946918062,22.137322998046898,0.015104023,0.0977478,5.698408717842937,0,0,0
2015-01-31 23:00:00,988.5723,25.740075683593773,0.017394084,0.021881104,20.36882010322299,23.951013183593773,0.016043682,0.047561646,10.904923032465389,22.169763183593773,0.015154858,0.098968506,5.727372060384991,0,0,0
2015-02-01 00:00:00,939.5286,25.594903564453148,0.01735663,0.024337769,20.78225314778062,23.798028564453148,0.016135927,0.057617188,10.988581268955668,22.180841064453148,0.01514792,0.10043335,5.98389325227229,0,0,0
2015-02-01 01:00:00,904.3712,25.448449707031276,0.017303912,0.02670288,21.21121861864815,23.675012207031276,0.016174762,0.05267334,11.105775907806006,22.159387207031276,0.015095202,0.09954834,6.180095278551742,0,0,0
2015-02-01 02:00:00,883.9448,25.323754882812523,0.017281318,0.025421143,21.60843379356177,23.589379882812523,0.016175056,0.054779053,11.051185868785543,22.120629882812523,0.015011573,0.095581055,6.318401220640025,0,0,0
2015-02-01 03:00:00,871.9966,25.221032714843773,0.017272828,0.02419281,21.633578331514677,23.494470214843773,0.016136048,0.05090332,11.014524940916528,22.119470214843773,0.014976379,0.0921936,6.304652022364749,0,0,0
2015-02-01 04:00:00,856.8211,25.128564453125023,0.017271806,0.017807007,20.276154374492755,23.339501953125023,0.016066361,0.052719116,10.221652934858586,22.050439453125023,0.0148647325,0.091278076,6.0128992467598,0,0,0
2015-02-01 05:00:00,849.8465,25.043603515625023,0.017340427,0.011058807,18.22333569874785,23.090478515625023,0.016020542,0.047439575,8.937579289864907,21.918603515625023,0.0148303555,0.08822632,5.663213308513301,0,0,0
2015-02-01 06:00:00,822.266,25.096826171875023,0.01737978,0.014865875,18.076907539223647,22.909326171875023,0.016014118,0.04434204,8.218515445277667,21.823388671875023,0.01483919,0.089904785,5.485600824545111,0,0,0
2015-02-01 07:00:00,838.5545,26.019799804687523,0.017403122,0.028282166,21.7419427509356,24.418237304687523,0.016144272,0.0368042,11.489194819273232,22.347924804687523,0.014889237,0.08856201,5.768467882393476,0,0,0
2015-02-01 08:00:00,899.4324,27.205041503906276,0.017204441,0.059753418,25.89704065096124,26.861291503906276,0.016014256,0.0365448,15.615479433466389,23.650354003906276,0.014797367,0.081848145,6.105034651599366,0,0,0
2015-02-01 09:00:00,965.9481,28.2956481933594,0.01704414,0.08383179,27.491419626424747,28.8737731933594,0.015571668,0.030136108,17.23618975245449,25.1472106933594,0.014713361,0.0770874,6.090196802501597,0,0,0
2015-02-01 10:00:00,1002.2078,29.211572265625023,0.016975671,0.10122681,28.450177880989795,30.539697265625023,0.01528576,0.02280426,17.578575697347134,26.477197265625023,0.014610559,0.07736206,5.8393234835661865,0,0,0
2015-02-01 11:00:00,1056.399,29.911523437500023,0.016937532,0.1078186,29.12048870724577,31.864648437500023,0.01518277,0.016227722,17.273187620097286,27.520898437500023,0.014622009,0.06713867,5.357666878711269,0,0,0
2015-02-01 12:00:00,1056.4006,30.388757324218773,0.016937548,0.104278564,29.33372613586061,32.71688232421877,0.01526671,0.013324738,16.290991258336593,28.091882324218773,0.015098863,0.07022095,4.495276317908269,0,0,0
2015-02-01 13:00:00,1077.2239,30.541528320312523,0.016937172,0.09817505,29.08203879491171,33.13527832031252,0.015396034,0.017692566,15.238667063655967,28.322778320312523,0.015228188,0.07827759,3.985271857356607,0,0,0
2015-02-01 14:00:00,1088.7217,30.392633056640648,0.01691389,0.09033203,28.300850252245077,33.09575805664065,0.015410899,0.040725708,14.479462531636942,28.267633056640648,0.015246867,0.07330322,3.693209659924966,0,0,0
2015-02-01 15:00:00,1046.6546,29.9985290527344,0.01686743,0.078552246,27.487039459658728,32.6235290527344,0.015414031,0.06222534,14.016040735107172,27.9204040527344,0.015265258,0.06655884,3.56454448459546,0,0,0
2015-02-01 16:00:00,1017.8311,29.319726562500023,0.016836498,0.06359863,27.067396657085293,31.585351562500023,0.015436504,0.077697754,13.67821802077584,27.210351562500023,0.015310619,0.06289673,3.68027234137412,0,0,0
2015-02-01 17:00:00,1006.1248,28.289147949218773,0.016912617,0.046951294,26.40853726456847,29.945397949218773,0.015524066,0.096710205,12.721541546673128,26.070397949218773,0.015382922,0.062149048,3.9136535723298502,0,0,0
2015-02-01 18:00:00,1046.1947,27.241235351562523,0.017171817,0.029342651,24.85135408392644,27.725610351562523,0.015806155,0.11227417,9.925903210031423,24.538110351562523,0.015321689,0.07293701,4.0387474140807145,0,0,0
2015-02-01 19:00:00,1091.9585,26.668756103515648,0.017507685,0.019966125,23.37467548655088,26.450006103515648,0.015974177,0.10751343,10.526234490492223,23.434381103515648,0.015470637,0.08105469,4.53948245917548,0,0,0
2015-02-01 20:00:00,1090.4694,26.384454345703148,0.017736912,0.011997223,22.10599952148172,25.681329345703148,0.016165257,0.11160278,10.572493300707544,22.845391845703148,0.0154976845,0.081207275,4.905056487291881,0,0,0
2015-02-01 21:00:00,1091.6983,26.205468750000023,0.017836055,0.007965088,21.316537545981024,25.189843750000023,0.016310176,0.10110474,10.172694671935638,22.471093750000023,0.015486202,0.09011841,4.880197530250711,0,0,0
2015-02-01 22:00:00,1034.9049,26.008447265625023,0.017920261,0.010353088,20.64810575428735,24.836572265625023,0.01641727,0.08190918,9.784928608879031,22.227197265625023,0.015398747,0.08605957,4.851526834108033,0,0,0
2015-02-01 23:00:00,994.0731,25.847314453125023,0.017935827,0.016601562,20.470262050544655,24.597314453125023,0.01650913,0.06561279,9.740235906325076,22.073876953125023,0.015376165,0.08279419,4.619513357467489,0,0,0
2015-02-02 00:00:00,943.5229,25.700646972656276,0.017905595,0.02218628,20.35841522554262,24.395959472656276,0.016562821,0.058303833,9.84696595765249,21.989709472656276,0.015414597,0.089904785,4.481681292221437,0,0,0
2015-02-02 01:00:00,905.0674,25.584375000000023,0.017844839,0.023338318,20.77470597152039,24.209375000000023,0.0165631,0.055023193,9.842046343924718,21.951562500000023,0.015475912,0.09661865,4.385615369534204,0,0,0
2015-02-02 02:00:00,879.561,25.500390625000023,0.017829675,0.02179718,21.05940015672188,24.047265625000023,0.016547937,0.049957275,9.872294412164235,21.937890625000023,0.015525599,0.09524536,4.448452337499541,0,0,0
2015-02-02 03:00:00,866.0936,25.424645996093773,0.017883219,0.02091217,20.99993669772825,23.885583496093773,0.016593851,0.038848877,9.578569190225313,21.924645996093773,0.015537179,0.103393555,4.384093972605095,0,0,0
2015-02-02 04:00:00,867.6498,25.377099609375023,0.017966775,0.014541626,19.704494478700354,23.689599609375023,0.01664689,0.036392212,8.521189686630448,21.923974609375023,0.015548258,0.104034424,4.107656723905261,0,0,0
2015-02-02 05:00:00,894.4236,25.294458007812523,0.018050494,0.011600494,17.801225461458756,23.513208007812523,0.016623797,0.040740967,7.815492942331957,21.935083007812523,0.015551866,0.09631348,3.8453374868834342,0,0,0
2015-02-02 06:00:00,932.014,25.320916748046898,0.018004538,0.008037567,17.55432146126224,23.344354248046898,0.01660836,0.035629272,7.046091367875747,21.945916748046898,0.015559318,0.087249756,3.745793058004184,0,0,0
2015-02-02 07:00:00,1056.5999,26.202325439453148,0.017912783,0.0061569214,20.738801497995063,25.163262939453148,0.016760744,0.038146973,10.450783549597473,22.671075439453148,0.01566974,0.08621216,3.904005795763748,0,0,0
2015-02-02 08:00:00,1243.7667,27.435235595703148,0.017584484,0.011077881,23.95821856007382,27.544610595703148,0.01663081,0.03201294,13.876020008432318,24.255548095703148,0.015627544,0.081451416,4.06955119739784,0,0,0
2015-02-02 09:00:00,1374.76,28.670434570312523,0.017446764,0.015625,23.72049686316766,29.623559570312523,0.016332872,0.019973755,14.346974448007064,26.014184570312523,0.015611894,0.07080078,3.9351513642763,0,0,0
2015-02-02 10:00:00,1422.2283,29.7160583496094,0.017469382,0.017608643,22.22451554447304,31.4191833496094,0.016050315,0.012447357,13.723303317899743,27.5129333496094,0.015474295,0.06613159,3.4974806192118773,0,0,0
2015-02-02 11:00:00,1462.1711,30.484735107421898,0.01756841,0.021957397,20.025286383134763,32.8128601074219,0.015958607,0.008293152,12.543396757480654,28.594110107421898,0.015714467,0.05961609,2.4108902289354157,0,0,0
2015-02-02 12:00:00,1459.8766,31.006494140625023,0.017629182,0.036987305,18.100520258218108,33.67836914062502,0.01601938,0.008171082,11.39815723181822,29.225244140625023,0.016202485,0.062347412,1.43023886382914,0,0,0
2015-02-02 13:00:00,1485.6554,31.310357666015648,0.017621392,0.05241394,16.958327713699095,34.13848266601565,0.016034478,0.018959045,10.9039964401452,29.560357666015648,0.016164178,0.076293945,0.9821371799775558,0,0,0
2015-02-02 14:00:00,1495.018,31.364099121093773,0.017583134,0.072143555,16.688544861732275,34.08284912109377,0.016011478,0.046218872,10.756287805556202,29.426599121093773,0.01611829,0.08660889,0.8604318525453608,0,0,0
2015-02-02 15:00:00,1457.9692,31.104699707031276,0.01752973,0.087677,17.333637095993037,33.63594970703127,0.015912298,0.07104492,10.74801598981343,28.964074707031276,0.016110662,0.08691406,1.0072921332141591,0,0,0
2015-02-02 16:00:00,1388.2991,30.4457946777344,0.017544806,0.08154297,18.24420984674669,32.5707946777344,0.015927374,0.06594849,10.431032370279294,28.1176696777344,0.01624018,0.07418823,1.2615140908369424,0,0,0
2015-02-02 17:00:00,1263.3674,29.356286621093773,0.017643845,0.056869507,19.27293521494109,31.075036621093773,0.016133225,0.051620483,9.71005919433528,26.918786621093773,0.016476547,0.06460571,1.3804419523011808,0,0,0
2015-02-02 18:00:00,1249.8193,28.143273925781276,0.0178496,0.032409668,20.265419544363795,28.721398925781276,0.016613638,0.053253174,7.3365172369767535,25.315148925781276,0.016903555,0.071380615,1.142803829495066,0,0,0
2015-02-02 19:00:00,1225.9572,27.326196289062523,0.018116415,0.018249512,20.656254461752543,27.341821289062523,0.016689718,0.056045532,8.97904734190732,24.326196289062523,0.016758382,0.08413696,1.2945703559268418,0,0,0
2015-02-02 20:00:00,1197.0408,26.884118652343773,0.01831465,0.012207031,19.842527598299007,26.337243652343773,0.01668196,0.046463013,10.140149189229614,23.665368652343773,0.01643019,0.08139038,1.862217034215966,0,0,0
2015-02-02 21:00:00,1164.1552,26.637841796875023,0.018512892,0.010917664,18.73065481529064,25.669091796875023,0.016803907,0.03237915,9.701726928831349,23.169091796875023,0.016330885,0.08380127,2.153139949796513,0,0,0
2015-02-02 22:00:00,1098.1941,26.4372497558594,0.018604336,0.0138549805,18.615477047816245,25.2184997558594,0.016887723,0.019989014,9.072306512286769,22.8669372558594,0.016117154,0.08187866,3.237740797123876,0,0,0
2015-02-02 23:00:00,1036.7564,26.275567626953148,0.018512763,0.018814087,19.57777732351656,24.900567626953148,0.016956367,0.017440796,8.436419608564263,22.611505126953148,0.016071357,0.08477783,3.928423070409983,0,0,0
2015-02-03 00:00:00,986.2283,26.157861328125023,0.018192267,0.025466919,20.171778856398493,24.689111328125023,0.016979193,0.023170471,7.851633118269177,22.392236328125023,0.016048407,0.0927124,4.174346335858532,0,0,0
2015-02-03 01:00:00,942.6513,26.011926269531276,0.01788689,0.018424988,20.340850887899208,24.480676269531276,0.016971363,0.022880554,7.320738907713294,22.207238769531276,0.01600243,0.1003418,4.4193290579232265,0,0,0
2015-02-03 02:00:00,917.1786,25.821405029296898,0.017757019,0.0129852295,20.199562430599716,24.337030029296898,0.016963562,0.033187866,7.351693063482602,22.071405029296898,0.015956482,0.10845947,4.624293884811547,0,0,0
2015-02-03 03:00:00,898.5525,25.724023437500023,0.017512742,0.015621185,20.798158197287908,24.177148437500023,0.016978685,0.03767395,7.342836244266069,21.974023437500023,0.015925828,0.124572754,4.758261096270182,0,0,0
2015-02-03 04:00:00,883.5186,25.642236328125023,0.017421104,0.018218994,21.018153992232783,23.892236328125023,0.017032005,0.0340271,6.710986268262666,21.931298828125023,0.015941001,0.13226318,4.713422050630324,0,0,0
2015-02-03 05:00:00,898.3382,25.553186035156276,0.017596526,0.020317078,20.775973146417574,23.709436035156276,0.01703958,0.041748047,6.688187822282683,21.920373535156276,0.015948577,0.13250732,4.544225295865215,0,0,0
2015-02-03 06:00:00,917.6998,25.522729492187523,0.017802479,0.021781921,20.56820184469278,23.678979492187523,0.017001392,0.04055786,7.120288101968157,21.928979492187523,0.015948536,0.13720703,4.484284769140679,0,0,0
2015-02-03 07:00:00,1033.7912,26.168328857421898,0.01783297,0.0206604,23.702247802757448,25.308953857421898,0.016986107,0.034210205,11.272486316421336,22.402703857421898,0.016146874,0.13513184,4.860389706563705,0,0,0
2015-02-03 08:00:00,1220.7781,27.285333251953148,0.017512536,0.028808594,27.41074082852477,27.582208251953148,0.016497826,0.02885437,15.433037966928994,23.379083251953148,0.01644442,0.12591553,5.36157133157386,0,0,0
2015-02-03 09:00:00,1360.6455,28.492242431640648,0.017291343,0.032821655,28.4285645839138,29.585992431640648,0.016047752,0.02292633,16.600697118989483,24.929742431640648,0.016368186,0.09918213,5.6690357914291205,0,0,0
2015-02-03 10:00:00,1424.2357,29.518212890625023,0.017161792,0.033920288,28.097939520937576,31.268212890625023,0.01566643,0.014850616,16.325844824342646,26.674462890625023,0.015826648,0.09094238,5.70559076886246,0,0,0
2015-02-03 11:00:00,1447.1545,30.297082519531276,0.017070496,0.019927979,27.467582399726084,32.54708251953127,0.015517914,0.011482239,15.544010630448378,27.734582519531276,0.015613281,0.08288574,5.276491400883837,0,0,0
2015-02-03 12:00:00,1443.6939,30.7692810058594,0.017017143,0.027374268,26.85317960698291,33.3630310058594,0.01566674,0.01638031,14.490142207425237,28.2536560058594,0.015834587,0.072906494,4.584060227522722,0,0,0
2015-02-03 13:00:00,1471.9474,30.899316406250023,0.016963847,0.02557373,26.27233407445419,33.77431640625002,0.01578129,0.037719727,13.98133785542496,28.368066406250023,0.015819438,0.06463623,4.542363005752115,0,0,0
2015-02-03 14:00:00,1476.5739,30.7641540527344,0.016864786,0.038864136,25.89214827481792,33.6860290527344,0.015773783,0.07104492,13.963030432970855,28.0922790527344,0.015743265,0.064971924,4.725275958040829,0,0,0
2015-02-03 15:00:00,1456.7079,30.310937500000023,0.01678884,0.05088806,26.038900377814382,32.99843750000002,0.015674949,0.087646484,14.155790555458216,27.529687500000023,0.015636802,0.07107544,5.146885205868467,0,0,0
2015-02-03 16:00:00,1366.3884,29.447534179687523,0.016819986,0.055221558,26.185794805760143,31.916284179687523,0.015618356,0.07296753,14.169031248931704,26.713159179687523,0.0155611355,0.072753906,5.747724331546797,0,0,0
2015-02-03 17:00:00,1228.8708,28.261254882812523,0.016903939,0.054489136,25.633949156640583,30.276879882812523,0.015683236,0.05580139,13.327616135966544,25.511254882812523,0.015549722,0.08706665,6.300708921600322,0,0,0
2015-02-03 18:00:00,1232.1654,27.157586669921898,0.017094398,0.041275024,24.37249825653186,28.110711669921898,0.015904212,0.060653687,10.931431596402469,23.954461669921898,0.015789771,0.10873413,6.251596335443693,0,0,0
2015-02-03 19:00:00,1211.1949,26.5883728027344,0.017353581,0.03025055,23.214362690624007,26.6977478027344,0.016064214,0.06564331,11.391061189565004,23.0727478027344,0.01586585,0.10739136,6.247944922752718,0,0,0
2015-02-03 20:00:00,1181.0512,26.3122497558594,0.017559504,0.024917603,22.303395431052788,25.8591247558594,0.01621673,0.059646606,11.509832494396791,22.7497497558594,0.015873408,0.100250244,6.031797267613351,0,0,0
2015-02-03 21:00:00,1133.2501,26.1694274902344,0.017697057,0.020401001,21.48239276366902,25.3569274902344,0.016377172,0.053359985,11.154581184270633,22.6459899902344,0.01589652,0.10168457,5.853495829780718,0,0,0
2015-02-03 22:00:00,1074.3844,26.001153564453148,0.017727641,0.02620697,21.646152780015697,25.063653564453148,0.016468791,0.04396057,11.080110597850352,22.626153564453148,0.015927104,0.10308838,5.897031292564991,0,0,0
2015-02-03 23:00:00,1007.2665,25.858697509765648,0.017636271,0.038619995,21.737419541546217,24.889947509765648,0.016552897,0.027618408,10.816925138217458,22.632135009765648,0.015934916,0.10241699,5.876961595675601,0,0,0
2015-02-04 00:00:00,970.3767,25.746179199218773,0.017476618,0.04689026,21.74223607892974,24.793054199218773,0.016675532,0.017921448,10.333383573184374,22.613366699218773,0.015843928,0.10110474,5.9562907870998645,0,0,0
2015-02-04 01:00:00,954.0226,25.632257080078148,0.017354345,0.049316406,21.68900956674436,24.718194580078148,0.016759252,0.024551392,10.42357556608034,22.632257080078148,0.015683508,0.11071777,6.119468190143306,0,0,0
2015-02-04 02:00:00,933.7406,25.533410644531276,0.01734617,0.045928955,21.763715578822897,24.627160644531276,0.01671293,0.030296326,10.851813577008972,22.564660644531276,0.01552656,0.11672974,6.276650018060491,0,0,0
2015-02-04 03:00:00,917.1011,25.454919433593773,0.01739186,0.0365448,22.2609608190418,24.579919433593773,0.016628921,0.027893066,11.52011788784743,22.517419433593773,0.015431107,0.11123657,6.280038244167432,0,0,0
2015-02-04 04:00:00,911.268,25.386682128906276,0.017453091,0.024482727,21.52585809040653,24.496057128906276,0.01657571,0.027679443,11.359487062344853,22.480432128906276,0.015381712,0.10140991,6.00284166754649,0,0,0
2015-02-04 05:00:00,927.4581,25.3513122558594,0.017529706,0.020118713,20.19494713765248,24.3669372558594,0.016545514,0.02204895,10.878802057119987,22.4294372558594,0.015336256,0.10623169,5.628456610061086,0,0,0
2015-02-04 06:00:00,939.9341,25.370477294921898,0.01759117,0.020149231,19.43393109003695,24.237664794921898,0.0165612,0.016326904,10.081376973515518,22.354852294921898,0.015302352,0.10800171,5.479133989166558,0,0,0
2015-02-04 07:00:00,1052.5742,26.1066833496094,0.017598663,0.025146484,22.19743018870477,25.6223083496094,0.016637359,0.021972656,12.947088466599851,22.8723083496094,0.015351807,0.1026001,5.764380463050885,0,0,0
2015-02-04 08:00:00,1232.5473,27.226892089843773,0.017301211,0.03794861,26.00287726107425,27.664392089843773,0.016286502,0.022277832,16.24022182707723,24.156579589843773,0.015306124,0.09307861,6.067890075668639,0,0,0
2015-02-04 09:00:00,1351.5336,28.392877197265648,0.0170798,0.04019165,26.63414204706072,29.611627197265648,0.015843838,0.016914368,16.907275531005805,25.721002197265648,0.015229672,0.08972168,5.889171912071894,0,0,0
2015-02-04 10:00:00,1456.9474,29.413293457031276,0.017018579,0.033203125,26.36480801763291,31.366418457031276,0.015675806,0.013374329,16.63558311052685,27.225793457031276,0.015145563,0.083862305,5.228285213918247,0,0,0
2015-02-04 11:00:00,1458.099,30.1935974121094,0.017033705,0.02330017,25.781023294457786,32.7092224121094,0.015698561,0.013305664,15.708689021258316,28.3029724121094,0.015568862,0.080200195,4.018920859209485,0,0,0
2015-02-04 12:00:00,1442.4243,30.700860595703148,0.01704888,0.025535583,24.84850514634256,33.60711059570315,0.015843436,0.021308899,14.484300762097371,29.075860595703148,0.0155992955,0.08093262,3.03214873371585,0,0,0
2015-02-04 13:00:00,1449.5299,30.949731445312523,0.017117565,0.028579712,23.91155386935917,33.99660644531252,0.015896862,0.039855957,13.78628664738717,29.340356445312523,0.015507763,0.093566895,2.519639663138108,0,0,0
2015-02-04 14:00:00,1433.4813,30.888330078125023,0.017171074,0.031829834,23.25709100692716,33.90395507812502,0.015813041,0.069732666,13.497982484743684,29.028955078125023,0.015782524,0.09664917,2.383477240221507,0,0,0
2015-02-04 15:00:00,1380.0214,30.533868408203148,0.017163593,0.032958984,22.80141035034552,33.37761840820315,0.015721638,0.09152222,13.326685488599953,28.533868408203148,0.01607259,0.108184814,2.512158763544145,0,0,0
2015-02-04 16:00:00,1321.5847,29.852471923828148,0.017117867,0.04307556,22.51157551359949,32.28997192382815,0.015660653,0.09051514,12.95395469815212,27.727471923828148,0.016278634,0.10446167,2.6102715127403893,0,0,0
2015-02-04 17:00:00,1206.1117,28.759790039062523,0.017155902,0.059646606,22.01219255534873,30.619165039062523,0.015729206,0.08001709,11.724686855534843,26.619165039062523,0.016515033,0.10116577,2.59461252969104,0,0,0
2015-02-04 18:00:00,1212.8491,27.653039550781276,0.01732368,0.07156372,21.081717271147195,28.434289550781276,0.016102977,0.06802368,8.684624535543508,25.231164550781276,0.01645393,0.09939575,2.4653974391807907,0,0,0
2015-02-04 19:00:00,1196.0489,27.016381835937523,0.017513882,0.074645996,20.229241068657696,27.078881835937523,0.01629318,0.061813354,8.829852806411086,24.282006835937523,0.01641525,0.09362793,2.850452321950417,0,0,0
2015-02-04 20:00:00,1159.6063,26.7043395996094,0.01768168,0.06500244,18.709927026146588,26.2824645996094,0.01643809,0.06253052,8.696498389798874,23.7668395996094,0.016331278,0.07879639,3.142926967266313,0,0,0
2015-02-04 21:00:00,1141.6525,26.5244079589844,0.017842283,0.043640137,17.1993530329189,25.7744079589844,0.016606322,0.052474976,8.070142266249695,23.4228454589844,0.016201964,0.06729126,3.393161887114007,0,0,0
2015-02-04 22:00:00,1092.4285,26.314752197265648,0.017926887,0.019485474,16.95792102559314,25.377252197265648,0.016774848,0.038131714,7.404317312974629,23.142877197265648,0.016149238,0.060073853,3.418568988868864,0,0,0
2015-02-04 23:00:00,1033.5194,26.1039978027344,0.017858611,0.009025574,17.327080856799466,25.0414978027344,0.016882049,0.03729248,6.729560576287783,22.9086853027344,0.016088592,0.057998657,3.501694090794972,0,0,0
2015-02-05 00:00:00,1008.4029,25.886590576171898,0.017774334,0.00812912,17.419211285645655,24.753778076171898,0.0169351,0.044555664,6.219911669628317,22.706903076171898,0.016050091,0.05593872,3.714878984639192,0,0,0
2015-02-05 01:00:00,953.2703,25.682214355468773,0.017712893,0.007165909,17.043964649019642,24.486901855468773,0.016965212,0.04286194,6.043503045576269,22.525964355468773,0.016011538,0.05519104,3.984689347376892,0,0,0
2015-02-05 02:00:00,913.8484,25.522760009765648,0.017673865,0.0074501038,16.52745080915455,24.311822509765648,0.016964331,0.044326782,6.179888784648556,22.405572509765648,0.015926734,0.05606079,4.2349800111193066,0,0,0
2015-02-05 03:00:00,886.9057,25.399987792968773,0.01771176,0.009433746,15.893106744119615,24.196862792968773,0.01695645,0.044647217,6.173905715044511,22.314050292968773,0.0158273,0.061279297,4.3508527972133,0,0,0
2015-02-05 04:00:00,906.5942,25.312707519531276,0.017864622,0.009933472,14.730466232845847,24.109582519531276,0.016964354,0.045776367,5.7250647028969,22.179895019531276,0.015766539,0.069610596,4.221695321958818,0,0,0
2015-02-05 05:00:00,926.1827,25.234765625000023,0.018086018,0.011997223,13.945600788117831,24.031640625000023,0.016995015,0.0410614,5.242279632259028,22.039453125000023,0.015728535,0.081207275,3.914587264831312,0,0,0
2015-02-05 06:00:00,933.3929,25.2744079589844,0.01826143,0.01493454,13.984731593524415,24.0556579589844,0.017040728,0.043319702,4.925019695029599,21.9697204589844,0.015697954,0.09362793,3.555494737121524,0,0,0
2015-02-05 07:00:00,1020.2094,26.0468688964844,0.018284328,0.021347046,17.280290734706305,25.6406188964844,0.017086513,0.05067444,8.151238315797952,22.5859313964844,0.01575137,0.106170654,3.52681555154882,0,0,0
2015-02-05 08:00:00,1192.1581,27.222985839843773,0.017963951,0.03048706,19.45112805074012,27.691735839843773,0.01685006,0.063690186,11.196946068340427,23.988610839843773,0.015751427,0.123046875,3.273297627449172,0,0,0
2015-02-05 09:00:00,1282.7577,28.408563232421898,0.017819071,0.03878784,19.03415089113471,29.439813232421898,0.016491557,0.07104492,11.74689580941393,25.736688232421898,0.015713358,0.14581299,2.923401131498023,0,0,0
2015-02-05 10:00:00,1362.9883,29.327996826171898,0.017796155,0.046524048,18.87984765460085,30.952996826171898,0.016316053,0.07040405,11.331406939724763,27.218621826171898,0.01571333,0.13977051,2.464399054746318,0,0,0
2015-02-05 11:00:00,1400.2716,30.057427978515648,0.017704668,0.05406189,19.64885297150201,32.21367797851565,0.016354265,0.06762695,10.451484837516528,28.229302978515648,0.015980424,0.13061523,1.920591761471812,0,0,0
2015-02-05 12:00:00,1399.6592,30.530358886718773,0.017612867,0.059402466,20.6933749004484,33.06160888671877,0.0164532,0.08984375,9.582803475590127,28.717858886718773,0.01644557,0.16040039,1.9199620025570343,0,0,0
2015-02-05 13:00:00,1415.1465,30.725396728515648,0.017505782,0.0743103,21.548620150615392,33.53789672851565,0.016346114,0.1194458,9.018886623814913,28.631646728515648,0.01664366,0.1807251,2.568791432290177,0,0,0
2015-02-05 14:00:00,1425.6309,30.651818847656276,0.017429331,0.08718872,22.15221731140076,33.51119384765627,0.016239146,0.16156006,8.31897909650023,28.089318847656276,0.016887644,0.20574951,3.2909401375916936,0,0,0
2015-02-05 15:00:00,1399.3385,30.207421875000023,0.017307268,0.093170166,22.404959797123983,32.50429687500002,0.016246783,0.18988037,7.191464872685931,27.301171875000023,0.01691817,0.21905518,3.892124366937357,0,0,0
2015-02-05 16:00:00,1322.7243,29.530786132812523,0.017185142,0.06488037,22.086803753019904,31.343286132812523,0.016437462,0.18798828,5.849292976496401,26.452661132812523,0.016941002,0.2300415,4.140822012190998,0,0,0
2015-02-05 17:00:00,1196.7893,28.667932128906276,0.017155098,0.037353516,20.94811404531836,30.058557128906276,0.016903328,0.16967773,3.329510562085414,25.589807128906276,0.017155098,0.23114014,3.873042176859858,0,0,0
2015-02-05 18:00:00,1177.1433,27.753106689453148,0.017307783,0.021713257,19.507808729850456,28.393731689453148,0.017956281,0.16497803,1.865097669135434,24.753106689453148,0.017399335,0.21661377,3.328470999771454,0,0,0
2015-02-05 19:00:00,1217.1621,27.206872558593773,0.017597584,0.013378143,18.6426417175775,27.659997558593773,0.018047718,0.15625,2.036589170840004,24.128747558593773,0.01752892,0.20074463,2.8330694655423003,0,0,0
2015-02-05 20:00:00,1159.4884,26.890832519531276,0.017902164,0.008216858,17.236711774236003,27.047082519531276,0.018024234,0.13049316,2.319597612705571,23.640832519531276,0.017528323,0.18572998,2.455925770100682,0,0,0
2015-02-05 21:00:00,1125.3567,26.680535888671898,0.018169569,0.006252289,16.176645610886542,26.446160888671898,0.017849134,0.113098145,2.533137266410308,23.383660888671898,0.017353224,0.17547607,2.4785729714110447,0,0,0
2015-02-05 22:00:00,1080.8335,26.491052246093773,0.01835357,0.011474609,16.19476310007886,25.959802246093773,0.017659295,0.10192871,2.8860547251043247,23.194177246093773,0.017155755,0.17871094,2.767054280930485,0,0,0
2015-02-05 23:00:00,1036.0302,26.316003417968773,0.018422684,0.02620697,17.23328966224986,25.558190917968773,0.017530045,0.092285156,3.256218723725343,23.019128417968773,0.01695784,0.18188477,3.0865361813578627,0,0,0
2015-02-06 00:00:00,967.2161,26.153192138671898,0.018407268,0.03366089,18.007574852688947,25.192254638671898,0.0173773,0.08114624,3.6000285385908004,22.832879638671898,0.016774578,0.18658447,3.213723437311884,0,0,0
2015-02-06 01:00:00,968.5689,25.951257324218773,0.018406877,0.03968811,17.40930045609546,24.857507324218773,0.017209062,0.07131958,3.744646065135824,22.654382324218773,0.01659871,0.19714355,3.267075296716512,0,0,0
2015-02-06 02:00:00,919.9696,25.772729492187523,0.018353151,0.039993286,17.625385997684784,24.499291992187523,0.017040895,0.07180786,3.9376300681293417,22.483666992187523,0.016422914,0.2019043,3.347517846183128,0,0,0
2015-02-06 03:00:00,900.683,25.6386657714844,0.018223163,0.043930054,18.72130357751836,24.1542907714844,0.016910907,0.070495605,4.393347555425969,22.3496032714844,0.016262408,0.20257568,3.509646430180734,0,0,0
2015-02-06 04:00:00,887.1948,25.5183044433594,0.018131407,0.039474487,18.16201818132956,23.9401794433594,0.016819151,0.06311035,4.951242672385842,22.2448669433594,0.016140135,0.20477295,3.604976028383847,0,0,0
2015-02-06 05:00:00,894.5465,25.467797851562523,0.018032115,0.03302002,17.80500281676967,23.842797851562523,0.016735118,0.06222534,5.4764218926983865,22.178735351562523,0.016063731,0.19122314,3.727189911622238,0,0,0
2015-02-06 06:00:00,939.4745,25.487847900390648,0.017948106,0.03352356,18.42079076007766,23.862847900390648,0.016681626,0.065704346,6.014185863011604,22.128472900390648,0.01601024,0.18029785,3.89392865109432,0,0,0
2015-02-06 07:00:00,1029.9243,26.128350830078148,0.017825922,0.04194641,21.893571552896457,25.456475830078148,0.01672729,0.06851196,10.013579441132771,22.417413330078148,0.016162714,0.1762085,4.188154928888618,0,0,0
2015-02-06 08:00:00,1192.5079,27.033593750000023,0.017520659,0.06604004,25.556865377426902,27.674218750000023,0.016475432,0.074035645,14.642501734869766,23.103906250000023,0.016444914,0.17608643,4.491923121890811,0,0,0
2015-02-06 09:00:00,1295.6597,28.037774658203148,0.017238298,0.094329834,27.254759408227965,29.615899658203148,0.016055742,0.06820679,16.03886769053332,24.256524658203148,0.016475359,0.1628418,4.792287567158588,0,0,0
2015-02-06 10:00:00,1362.0753,29.032983398437523,0.017161954,0.13006592,27.457868505160405,31.079858398437523,0.015864957,0.06173706,15.54650636536894,25.814233398437523,0.015994657,0.14813232,4.672494604557651,0,0,0
2015-02-06 11:00:00,1393.1365,29.727685546875023,0.01716956,0.15673828,26.710288956370587,32.13393554687502,0.015842045,0.07217407,14.532472856812236,27.071435546875023,0.015540684,0.13043213,4.47366890103936,0,0,0
2015-02-06 12:00:00,1380.6543,30.185357666015648,0.017131398,0.18237305,26.00517009096385,32.79473266601565,0.01584966,0.11047363,14.049322976739354,27.810357666015648,0.015441487,0.12475586,3.910390115579016,0,0,0
2015-02-06 13:00:00,1374.2628,30.371362304687523,0.016948275,0.20880127,25.361193398876843,33.02761230468752,0.015811495,0.13696289,13.883780444678427,28.043237304687523,0.015578799,0.13287354,3.2352979587083346,0,0,0
2015-02-06 14:00:00,1362.2693,30.079736328125023,0.016711747,0.21191406,25.276923240591252,33.01723632812502,0.015727555,0.15875244,13.512960392592635,27.767236328125023,0.015956437,0.13049316,2.8954448243570443,0,0,0
2015-02-06 15:00:00,1322.2975,29.592858886718773,0.016528646,0.17266846,25.56940527435053,32.59285888671877,0.015658895,0.16082764,12.973075450544016,27.186608886718773,0.015941182,0.13287354,2.808945874462372,0,0,0
2015-02-06 16:00:00,1239.4388,28.908471679687523,0.016368464,0.11657715,25.61647267844173,31.658471679687523,0.015616968,0.13690186,12.11691968846936,26.299096679687523,0.015742853,0.13195801,2.8849798773025777,0,0,0
2015-02-06 17:00:00,1155.213,28.061059570312523,0.016353264,0.067840576,24.76581226516345,30.404809570312523,0.01578869,0.12332153,10.330619047805833,25.076684570312523,0.0160252,0.14764404,3.0223533638343376,0,0,0
2015-02-06 18:00:00,1186.6963,27.160791015625023,0.016582133,0.04801941,23.004892920129,28.270166015625023,0.016406657,0.12597656,6.150707260029857,23.957666015625023,0.016307475,0.16931152,3.152753348701677,0,0,0
2015-02-06 19:00:00,1210.2366,26.6796813964844,0.016849129,0.03765869,21.726325848225724,27.0859313964844,0.016467659,0.12121582,6.326533247073833,23.4140563964844,0.016154854,0.15362549,4.122897600718102,0,0,0
2015-02-06 20:00:00,1147.4526,26.440057373046898,0.016917795,0.034103394,20.490264099116988,26.283807373046898,0.016444772,0.10974121,7.211324607237036,23.127557373046898,0.016017526,0.1381836,4.828736693511806,0,0,0
2015-02-06 21:00:00,1120.8447,26.244958496093773,0.016872233,0.028907776,19.01289914406282,25.760583496093773,0.016559428,0.10028076,7.448288202439971,22.916833496093773,0.015956705,0.1315918,4.747187536723147,0,0,0
2015-02-06 22:00:00,1069.1463,26.052850341796898,0.016666647,0.02822876,19.663624473667262,25.334100341796898,0.016674276,0.094696045,7.612332407041416,22.802850341796898,0.015934225,0.12713623,4.663943654755478,0,0,0
2015-02-06 23:00:00,1024.2274,25.834405517578148,0.016461087,0.029060364,20.5870185170388,24.951593017578148,0.016758634,0.081970215,7.600744662695243,22.732843017578148,0.015835477,0.13134766,4.581575664691031,0,0,0
2015-02-07 00:00:00,963.816,25.5873962402344,0.016461285,0.030433655,19.756820343193947,24.6811462402344,0.01676646,0.097076416,7.603339485501559,22.6498962402344,0.015698345,0.14099121,4.341750616529892,0,0,0
2015-02-07 01:00:00,918.182,25.354821777343773,0.01659847,0.027030945,17.752307090726465,24.518884277343773,0.01672817,0.116363525,7.5128314003865935,22.573571777343773,0.015560873,0.15979004,3.7566710986630536,0,0,0
2015-02-07 02:00:00,892.3819,25.198693847656276,0.016613377,0.021446228,16.917571058229782,24.300256347656276,0.016666783,0.113220215,7.008879648053492,22.479943847656276,0.015465152,0.17120361,3.429282140042936,0,0,0
2015-02-07 03:00:00,877.2844,25.095391845703148,0.016628515,0.022445679,16.98243898701697,24.071954345703148,0.01657511,0.10369873,6.711122782839519,22.368829345703148,0.015388738,0.16918945,3.722148771810738,0,0,0
2015-02-07 04:00:00,862.8613,25.004693603515648,0.016689556,0.022514343,16.582040028707926,23.895318603515648,0.016414898,0.08325195,6.845122752011998,22.270318603515648,0.015327709,0.1515503,4.028219018612824,0,0,0
2015-02-07 05:00:00,847.2567,24.909265136718773,0.016735358,0.02645111,15.473123937721493,23.706140136718773,0.016262336,0.068237305,6.733629516973947,22.174890136718773,0.015247626,0.12756348,4.212242906462014,0,0,0
2015-02-07 06:00:00,851.5046,24.874963378906276,0.016758226,0.024993896,14.38488114133862,23.593713378906276,0.016140245,0.06668091,6.437110335028602,22.078088378906276,0.015171311,0.1126709,4.271313653995752,0,0,0
2015-02-07 07:00:00,911.4666,25.522485351562523,0.016582692,0.0209198,17.140696394849034,24.475610351562523,0.016010487,0.06692505,8.548287189984103,22.444360351562523,0.015171254,0.09881592,4.621912178060252,0,0,0
2015-02-07 08:00:00,1031.0258,26.4379821777344,0.016063875,0.028144836,20.44783367443943,26.0473571777344,0.015697664,0.061141968,10.817623255613528,23.5004821777344,0.0149805,0.07785034,4.907035683087996,0,0,0
2015-02-07 09:00:00,1122.959,27.448785400390648,0.015629083,0.03224182,21.28686754739806,27.683160400390648,0.015171319,0.05480957,12.35018146705898,24.808160400390648,0.014641076,0.060943604,4.855763508940767,0,0,0
2015-02-07 10:00:00,1174.2232,28.425256347656276,0.015484132,0.028251648,21.359405289846848,29.050256347656276,0.014705934,0.052139282,12.59976899071506,25.940881347656276,0.014274873,0.04710388,4.764638249534353,0,0,0
2015-02-07 11:00:00,1196.2864,29.2275329589844,0.015400292,0.021644592,21.572262311141664,30.3056579589844,0.014282586,0.048416138,12.48863421263792,26.9306579589844,0.014015557,0.049362183,4.469802664170804,0,0,0
2015-02-07 12:00:00,1175.6091,29.823999023437523,0.015324144,0.019569397,22.04936435328214,31.308374023437523,0.013950853,0.03817749,12.104570524970894,27.698999023437523,0.013886003,0.05734253,4.014710026266059,0,0,0
2015-02-07 13:00:00,1142.5126,30.086083984375023,0.015137417,0.009063721,22.704079363113635,32.07045898437502,0.013886197,0.02368164,11.499572832218002,28.086083984375023,0.01415704,0.053878784,3.259497977960541,0,0,0
2015-02-07 14:00:00,1131.4155,30.087365722656276,0.01485532,0.0053100586,23.11642858725981,32.52486572265627,0.013947422,0.014354706,11.023548700216502,28.009240722656276,0.0145043675,0.06713867,2.516723223444401,0,0,0
2015-02-07 15:00:00,1108.3184,29.702172851562523,0.014607509,0.0031700134,23.39871435301571,32.32717285156252,0.013844569,0.015937805,10.703194877452097,27.608422851562523,0.014508327,0.072509766,2.279132704914731,0,0,0
2015-02-07 16:00:00,1064.9148,28.906182861328148,0.014451189,0.0027742386,23.44800537996416,31.499932861328148,0.0138141345,0.01952362,10.49072278670075,26.843682861328148,0.014359636,0.069488525,2.380297598024036,0,0,0
2015-02-07 17:00:00,1041.11,27.776208496093773,0.014481747,0.0033025742,22.85535905961971,29.838708496093773,0.014157497,0.020217896,8.97244014096109,25.744958496093773,0.014550411,0.06652832,2.8166950220640783,0,0,0
2015-02-07 18:00:00,1074.9203,26.747521972656276,0.0147221,0.002943039,21.47042356672932,27.778771972656276,0.014649621,0.025550842,7.23352765585523,24.419396972656276,0.015012017,0.08755493,3.2028875287115417,0,0,0
2015-02-07 19:00:00,1090.9217,26.142846679687523,0.01506549,0.0020427704,19.935605057259323,26.611596679687523,0.014752685,0.04168701,9.050722053344122,23.564721679687523,0.015015899,0.1083374,4.09645880149817,0,0,0
2015-02-07 20:00:00,1073.7257,25.781304931640648,0.015306089,0.001537323,18.26828356267145,25.562554931640648,0.015027616,0.053390503,9.90908608065019,22.992242431640648,0.014989469,0.087677,5.126286083839518,0,0,0
2015-02-07 21:00:00,1039.5453,25.460076904296898,0.01547823,0.0017766953,17.2118350629836,24.811639404296898,0.0153218275,0.055862427,9.288971508405004,22.522576904296898,0.015066243,0.07626343,5.1002626014869055,0,0,0
2015-02-07 22:00:00,995.0939,25.213189697265648,0.015604961,0.0028800964,17.013087604585728,24.314752197265648,0.015585887,0.0675354,8.135831923850176,22.205377197265648,0.0151166795,0.08166504,4.745096574932077,0,0,0
2015-02-07 23:00:00,947.0567,25.031091308593773,0.015731685,0.004131317,16.883608155996583,24.062341308593773,0.015716426,0.08847046,6.9831114333896815,21.984216308593773,0.015048854,0.09780884,4.38215957755664,0,0,0
2015-02-08 00:00:00,909.0724,24.928857421875023,0.01589244,0.0072898865,16.494468788365133,23.897607421875023,0.015800888,0.10812378,5.871623964409775,21.827294921875023,0.014980728,0.119506836,3.842090996720575,0,0,0
2015-02-08 01:00:00,886.7516,24.844018554687523,0.016007079,0.020111084,16.13596199205922,23.758081054687523,0.015831603,0.11566162,5.6662659911075846,21.726831054687523,0.014877929,0.13006592,3.479896082148677,0,0,0
2015-02-08 02:00:00,881.6221,24.783715820312523,0.016152298,0.037200928,15.101876967027842,23.619653320312523,0.015793717,0.115600586,6.442402237138179,21.635278320312523,0.01480571,0.12976074,3.3131383878116805,0,0,0
2015-02-08 03:00:00,854.9468,24.688562011718773,0.01626744,0.031845093,14.232487102310392,23.485437011718773,0.015725752,0.1081543,7.414872354346365,21.547937011718773,0.014737745,0.12701416,3.315961746243655,0,0,0
2015-02-08 04:00:00,834.4891,24.537194824218773,0.01633719,0.023353577,13.686540794729003,23.302819824218773,0.015642915,0.09133911,7.207278196988727,21.466882324218773,0.014658722,0.1149292,3.38409335583904,0,0,0
2015-02-08 05:00:00,826.144,24.316430664062523,0.01639921,0.016349792,13.020772049334946,23.097680664062523,0.015537088,0.07901001,6.469043758190676,21.394555664062523,0.0145834135,0.110198975,3.366759233964718,0,0,0
2015-02-08 06:00:00,800.9296,24.252465820312523,0.016468728,0.01279068,12.292246947648453,23.010278320312523,0.015446389,0.07217407,6.303449204239086,21.354028320312523,0.014549935,0.1071167,3.284615531265786,0,0,0
2015-02-08 07:00:00,774.0134,25.430291748046898,0.016325029,0.012844086,16.033442489876336,23.836541748046898,0.015375169,0.061660767,8.605978209747876,21.617791748046898,0.014631303,0.09988403,3.324537913401873,0,0,0
2015-02-08 08:00:00,858.6818,26.787011718750023,0.015685026,0.017585754,19.47188438007568,25.177636718750023,0.015238705,0.0630188,10.033633168282766,22.404199218750023,0.01455206,0.08129883,3.4260588603266298,0,0,0
2015-02-08 09:00:00,931.3904,28.020532226562523,0.015295622,0.01524353,19.63015952155756,26.684594726562523,0.014898893,0.07229614,10.530851499902004,23.793969726562523,0.014277098,0.062927246,3.407778409973651,0,0,0
2015-02-08 10:00:00,986.784,28.9982849121094,0.015219232,0.0139808655,19.60413187032673,27.8732849121094,0.014479181,0.084198,10.416184618566271,25.5217224121094,0.013769647,0.052459717,3.2921879504492715,0,0,0
2015-02-08 11:00:00,1032.3104,29.719598388671898,0.015272547,0.017181396,19.3687200791607,28.938348388671898,0.01415484,0.08609009,10.331342848344974,26.860223388671898,0.013281275,0.045303345,2.8286573248367395,0,0,0
2015-02-08 12:00:00,1022.1531,30.137292480468773,0.015306644,0.029067993,18.67346979329481,30.043542480468773,0.013883762,0.06970215,10.226575451195009,27.793542480468773,0.013048343,0.044906616,1.9282173567404703,0,0,0
2015-02-08 13:00:00,1017.3754,30.250085449218773,0.015329101,0.059524536,18.321846900695878,31.218835449218773,0.013593414,0.07022095,9.802579746520284,28.203210449218773,0.012994506,0.053024292,1.0498062397790122,0,0,0
2015-02-08 14:00:00,1015.8573,30.049157714843773,0.015183811,0.06716919,18.409770295524723,31.533532714843773,0.0132383155,0.07434082,8.929796843572673,28.111657714843773,0.013066654,0.06524658,1.0715152303527322,0,0,0
2015-02-08 15:00:00,1016.3893,29.478234863281276,0.01502717,0.067230225,18.802910721458023,31.025109863281276,0.013100748,0.069244385,8.118611887402396,27.571984863281276,0.013390665,0.06906128,1.7068147793528012,0,0,0
2015-02-08 16:00:00,1010.4936,28.769433593750023,0.015000406,0.05871582,18.930620511339185,30.144433593750023,0.01330668,0.061431885,7.176467753357359,26.722558593750023,0.014012399,0.07293701,2.2689349138550776,0,0,0
2015-02-08 17:00:00,1003.3968,27.997277832031276,0.015057802,0.040298462,18.66947822287109,28.700402832031276,0.014107943,0.05734253,4.7563822403318055,25.700402832031276,0.014687777,0.070495605,2.6707388299260115,0,0,0
2015-02-08 18:00:00,1059.7039,27.106286621093773,0.015336524,0.02558899,17.469832203872063,26.903161621093773,0.014703284,0.044021606,3.714759000659854,24.621911621093773,0.015183936,0.08291626,2.789015907731891,0,0,0
2015-02-08 19:00:00,1065.2475,26.470727539062523,0.015791364,0.017250061,15.91728560650658,26.025415039062523,0.014643139,0.03227234,4.253491836412667,23.853540039062523,0.015638776,0.09832764,2.867002291401379,0,0,0
2015-02-08 20:00:00,1054.9267,26.078454589843773,0.016160063,0.012901306,13.71037904511728,25.336267089843773,0.014790586,0.017410278,4.684285689934673,23.211267089843773,0.015420011,0.09829712,2.857151189825986,0,0,0
2015-02-08 21:00:00,1038.4146,25.800592041015648,0.0164055,0.011932373,11.781090180706846,24.574029541015648,0.014994062,0.009346008,4.826733393436212,22.878717041015648,0.015554822,0.09579468,2.833356157285725,0,0,0
2015-02-08 22:00:00,1016.7235,25.548425292968773,0.016527906,0.0141944885,10.496220938590197,23.892175292968773,0.01510884,0.0075855255,4.735223391216911,22.618737792968773,0.015616194,0.09420776,2.9256242526093565,0,0,0
2015-02-08 23:00:00,1012.8988,25.300744628906276,0.016596537,0.018722534,9.789435675373998,23.324182128906276,0.015169839,0.0059890747,4.583654597496055,22.394494628906276,0.015627604,0.0953064,2.8794864131039275,0,0,0
2015-02-09 00:00:00,959.0116,25.097039794921898,0.016642708,0.023117065,9.378765064274688,22.870477294921898,0.015200753,0.009899139,4.434423737530297,22.175164794921898,0.015639443,0.1060791,2.765980946539338,0,0,0
2015-02-09 01:00:00,880.5882,24.910913085937523,0.016628131,0.023124695,8.948490829668549,22.606225585937523,0.015270099,0.018875122,4.287805912237123,21.918725585937523,0.015674457,0.12225342,2.7363695606304663,0,0,0
2015-02-09 02:00:00,851.1215,24.738549804687523,0.016582604,0.022529602,8.491735115811116,22.511987304687523,0.0153466435,0.0337677,4.1803416407293,21.715112304687523,0.015644189,0.13275146,2.6502177400924087,0,0,0
2015-02-09 03:00:00,833.8631,24.5910583496094,0.016490374,0.022483826,8.115394839907223,22.4894958496094,0.015418444,0.045425415,4.121912143820452,21.5988708496094,0.015590105,0.14416504,2.536380832018132,0,0,0
2015-02-09 04:00:00,833.7543,24.432427978515648,0.016390458,0.022155762,7.490577195340847,22.455865478515648,0.015463487,0.05445862,4.035896923113749,21.510552978515648,0.015532152,0.1517334,2.508421226135972,0,0,0
2015-02-09 05:00:00,870.6097,24.309960937500023,0.016304776,0.024520874,6.887071688258297,22.325585937500023,0.015473172,0.059677124,3.92107453099276,21.427148437500023,0.015473172,0.15350342,2.4489673481824927,0,0,0
2015-02-09 06:00:00,890.1301,24.294152832031276,0.016272612,0.026916504,6.447374696730562,22.348840332031276,0.015532562,0.06790161,3.821577762701488,21.380090332031276,0.015406677,0.14916992,2.402000130246021,0,0,0
2015-02-09 07:00:00,982.9519,25.0483337402344,0.016103452,0.028015137,7.733548384449665,23.6498962402344,0.015676206,0.072631836,5.38526565704046,21.7123962402344,0.015485471,0.14697266,2.0768279446308813,0,0,0
2015-02-09 08:00:00,1210.6849,25.802301025390648,0.015602652,0.038635254,8.862634723968279,25.146051025390648,0.015427176,0.074157715,5.960720934052349,22.700738525390648,0.01530892,0.14624023,1.779793131492548,0,0,0
2015-02-09 09:00:00,1314.1282,26.444970703125023,0.015281354,0.05256653,8.746594861809694,26.804345703125023,0.014915143,0.076690674,5.653539568375203,23.952783203125023,0.014934217,0.1437378,1.3808966111230463,0,0,0
2015-02-09 10:00:00,1406.5508,27.182153320312523,0.015067217,0.056121826,7.833213678081893,28.182153320312523,0.014384386,0.08187866,4.463728022503917,25.400903320312523,0.014540789,0.14245605,1.1490734566048677,0,0,0
2015-02-09 11:00:00,1415.3003,27.941186523437523,0.014891423,0.070251465,6.524279692781691,29.409936523437523,0.0140064135,0.083740234,2.929316211824325,26.644311523437523,0.014246739,0.15600586,1.531495212461515,0,0,0
2015-02-09 12:00:00,1406.0979,28.474176025390648,0.0151470415,0.07711792,5.324011880238015,30.630426025390648,0.013754677,0.090789795,2.22992052171826,27.364801025390648,0.014151406,0.18511963,2.2646427903592268,0,0,0
2015-02-09 13:00:00,1441.7826,28.818994140625023,0.015566999,0.0881958,4.78652004840015,31.397119140625023,0.013663465,0.12271118,3.2403576129013776,27.600244140625023,0.014231855,0.21911621,3.0608154646423475,0,0,0
2015-02-09 14:00:00,1433.6879,29.121667480468773,0.015464096,0.09927368,5.191266443165439,31.434167480468773,0.013747483,0.18670654,4.870082264544176,27.402917480468773,0.014422684,0.24841309,3.748264674169496,0,0,0
2015-02-09 15:00:00,1392.8559,29.298791503906276,0.015368704,0.10681152,5.849907566220615,30.892541503906276,0.013980154,0.21673584,6.229352693193434,26.955041503906276,0.014693502,0.27734375,4.233406669001512,0,0,0
2015-02-09 16:00:00,1327.5476,29.169305419921898,0.015273264,0.104156494,6.6247230788601295,30.091180419921898,0.01424711,0.21508789,6.766347087711135,26.216180419921898,0.015032938,0.29467773,4.388521750394605,0,0,0
2015-02-09 17:00:00,1213.3713,28.726983642578148,0.015288298,0.083496094,7.180489570057062,28.805108642578148,0.014986937,0.18701172,6.102188305675262,25.180108642578148,0.015616362,0.30407715,4.076890177074945,0,0,0
2015-02-09 18:00:00,1195.2741,28.027673339843773,0.015879337,0.06304932,6.769338676236138,26.918298339843773,0.016688053,0.16168213,4.75483342453556,24.215173339843773,0.015604679,0.27661133,3.2307065908940933,0,0,0
2015-02-09 19:00:00,1179.7556,27.541314697265648,0.015962964,0.048797607,7.335100291683987,26.150689697265648,0.016924268,0.14251709,4.214600437272282,23.549127197265648,0.015772229,0.23999023,2.320954195935595,0,0,0
2015-02-09 20:00:00,1129.5416,27.044274902343773,0.015970254,0.034973145,7.98786555783483,25.669274902343773,0.017007852,0.12536621,3.43688408483625,23.075524902343773,0.015886331,0.19189453,1.5121527754030206,0,0,0
2015-02-09 21:00:00,1085.3999,26.501641845703148,0.016183563,0.02545166,8.362505090823142,25.368829345703148,0.01696176,0.105529785,2.7261269085366795,22.782891845703148,0.015824981,0.1381836,0.8703744403980302,0,0,0
2015-02-09 22:00:00,1036.7993,26.004510498046898,0.016366066,0.015647888,9.115327184583494,24.996697998046898,0.016839089,0.09164429,2.2302727105727205,22.551385498046898,0.015732827,0.104522705,0.430084437913843,0,0,0
2015-02-09 23:00:00,1014.2258,25.536523437500023,0.016510375,0.009807587,9.72821526808726,24.528710937500023,0.016716368,0.08618164,2.036978009999928,22.325585937500023,0.0156864,0.08731079,0.4079626908467805,0,0,0
2015-02-10 00:00:00,961.6354,25.130059814453148,0.01648693,0.0071086884,9.659655196865923,24.153497314453148,0.016532706,0.08029175,2.081738945515797,22.137872314453148,0.0155942915,0.07937622,0.6816613167406695,0,0,0
2015-02-10 01:00:00,883.7256,24.795190429687523,0.01638725,0.005470276,8.882090368383661,23.842065429687523,0.016356733,0.082733154,2.165229830667433,21.982690429687523,0.015506055,0.076538086,0.9930877872310718,0,0,0
2015-02-10 02:00:00,855.3336,24.517205810546898,0.016287664,0.004377365,7.903870940386436,23.571893310546898,0.016165594,0.09988403,2.2643622158530934,21.821893310546898,0.015417913,0.08166504,1.115828080486633,0,0,0
2015-02-10 03:00:00,832.9092,24.301293945312523,0.016157638,0.0062732697,6.950471535473668,23.379418945312523,0.01602031,0.11972046,2.2497017185860324,21.699731445312523,0.015326033,0.09576416,1.0402860759703496,0,0,0
2015-02-10 04:00:00,822.678,24.192742919921898,0.016004935,0.009807587,6.155242453292435,23.208367919921898,0.015898123,0.10800171,2.325682346136226,21.614617919921898,0.015234365,0.10491943,0.8785424173695794,0,0,0
2015-02-10 05:00:00,834.3291,24.209161376953148,0.015814107,0.010997772,5.543221236238832,22.959161376953148,0.01576833,0.0864563,2.500528287383172,21.521661376953148,0.015157979,0.10385132,0.8410564534951568,0,0,0
2015-02-10 06:00:00,860.0151,24.318719482421898,0.01573039,0.010147095,5.058480154522092,22.849969482421898,0.01572276,0.069366455,2.7026014193578902,21.435906982421898,0.015089521,0.09988403,0.9104372172069444,0,0,0
2015-02-10 07:00:00,964.4737,25.277856445312523,0.015440861,0.008666992,6.354346066136362,24.512231445312523,0.015620152,0.06478882,5.1326382207677215,22.004418945312523,0.015177647,0.09838867,1.0260526566796304,0,0,0
2015-02-10 08:00:00,1181.6389,26.120080566406276,0.015292568,0.0060539246,6.205466773637834,26.401330566406276,0.015365047,0.058532715,4.992939774690755,23.401330566406276,0.015143795,0.1005249,1.33008356168871,0,0,0
2015-02-10 09:00:00,1283.444,27.206689453125023,0.015105958,0.0060310364,5.576881436766737,28.378564453125023,0.014961,0.048965454,4.326286186413013,25.050439453125023,0.014995332,0.09176636,1.608957502414374,0,0,0
2015-02-10 10:00:00,1349.594,28.322961425781276,0.014819827,0.007816315,4.479663328565271,30.276086425781276,0.01452991,0.043640137,3.184902802545757,26.557336425781276,0.014816012,0.08944702,1.9033905520526224,0,0,0
2015-02-10 11:00:00,1393.4676,29.078729248046898,0.015251174,0.01689148,2.94303053792806,31.813104248046898,0.014209761,0.037216187,2.222775974367764,27.797479248046898,0.014675154,0.08963013,2.4231497115950478,0,0,0
2015-02-10 12:00:00,1377.4329,29.728814697265648,0.015266959,0.020484924,2.732884751897513,32.96318969726565,0.014011923,0.031600952,2.172511005176198,28.619439697265648,0.014591757,0.09640503,3.0487240999254803,0,0,0
2015-02-10 13:00:00,1385.6637,30.298730468750023,0.015011805,0.02823639,3.282726021253561,33.67373046875002,0.013871211,0.041992188,2.9209619819363626,29.048730468750023,0.01457693,0.11895752,3.734803291564158,0,0,0
2015-02-10 14:00:00,1383.2887,30.593927001953148,0.014923863,0.034835815,3.9730081858076542,33.82830200195315,0.013817601,0.07815552,3.80361868569934,28.937677001953148,0.01465302,0.15899658,4.40406267132979,0,0,0
2015-02-10 15:00:00,1352.0692,30.6750427246094,0.014862626,0.03778076,4.707349671542978,33.3156677246094,0.013794511,0.11373901,4.389697419602967,28.2219177246094,0.014946549,0.15979004,4.7898647294824,0,0,0
2015-02-10 16:00:00,1287.1489,30.384667968750023,0.015007422,0.045394897,5.903619496528384,32.43154296875002,0.013813422,0.12762451,4.245531872699885,27.353417968750023,0.015240119,0.16516113,4.722546403615507,0,0,0
2015-02-10 17:00:00,1173.248,29.693078613281276,0.015220922,0.04118347,7.880851577017517,30.989953613281276,0.014530462,0.09790039,3.5980420987357697,26.208703613281276,0.015617651,0.16107178,4.370549014104794,0,0,0
2015-02-10 18:00:00,1198.9178,28.7109313964844,0.015518407,0.026397705,9.704083469984768,29.1796813964844,0.016090611,0.07366943,2.820167207224765,24.7578063964844,0.016090611,0.15545654,3.7782943801206863,0,0,0
2015-02-10 19:00:00,1172.5061,27.7651306152344,0.015670933,0.013336182,12.561192832237404,28.0463806152344,0.01634232,0.056350708,1.8208748586474832,23.5932556152344,0.016426243,0.14807129,3.0406411777234554,0,0,0
2015-02-10 20:00:00,1107.3206,26.904382324218773,0.016052296,0.008300781,14.020011887919438,26.935632324218773,0.01663976,0.049423218,1.0888927962366592,22.927819824218773,0.01638036,0.14727783,2.1782556174477383,0,0,0
2015-02-10 21:00:00,1059.2369,26.219079589843773,0.016364992,0.007522583,14.540790750233974,25.906579589843773,0.01663202,0.048233032,0.6994170188042385,22.539392089843773,0.016296327,0.14904785,1.2853238408696457,0,0,0
2015-02-10 22:00:00,1015.8175,25.740380859375023,0.016433474,0.006772995,14.802659192768242,25.177880859375023,0.016380068,0.048797607,1.301135733476693,22.318505859375023,0.016135927,0.1418457,0.3759116297546285,0,0,0
2015-02-10 23:00:00,977.3639,25.375299072265648,0.016334012,0.0076084137,14.774870710242936,24.601861572265648,0.016128018,0.04689026,1.9630639171114883,22.140924072265648,0.01597543,0.12042236,0.36335110761792,0,0,0
2015-02-11 00:00:00,935.2402,25.102563476562523,0.01621173,0.011451721,14.674768740441849,24.094750976562523,0.015998106,0.04421997,2.556982695540742,21.985375976562523,0.01583026,0.09939575,0.908399357423089,0,0,0
2015-02-11 01:00:00,859.0091,24.937158203125023,0.016066592,0.017547607,14.521350237906034,23.616845703125023,0.015868228,0.044326782,2.9578497882795936,21.819970703125023,0.015639346,0.08758545,1.3078982171301492,0,0,0
2015-02-11 02:00:00,830.414,24.754785156250023,0.016058765,0.019241333,13.702905099076505,23.176660156250023,0.01574596,0.042099,3.2175056852277133,21.661035156250023,0.015414082,0.07861328,1.622196672766745,0,0,0
2015-02-11 03:00:00,812.5156,24.575067138671898,0.01605856,0.027404785,12.725232902748743,22.778192138671898,0.015646573,0.035842896,3.466012569457528,21.543817138671898,0.015204068,0.06906128,1.9325447705056007,0,0,0
2015-02-11 04:00:00,813.6721,24.490441894531276,0.01603556,0.034561157,11.777169016894096,22.435754394531276,0.015528205,0.024795532,3.6875835396307126,21.443566894531276,0.014994147,0.05810547,2.254142495505812,0,0,0
2015-02-11 05:00:00,815.1595,24.4433532714844,0.015982194,0.03741455,10.978650692439912,22.1621032714844,0.015417618,0.018859863,3.938320750118069,21.3339782714844,0.014814896,0.053390503,2.5899829726966628,0,0,0
2015-02-11 06:00:00,880.9285,24.547509765625023,0.015982257,0.037628174,10.90672272015681,22.094384765625023,0.0153871635,0.018730164,4.318104599951304,21.250634765625023,0.014692889,0.050964355,2.91449712299042,0,0,0
2015-02-11 07:00:00,981.2672,25.508691406250023,0.015814487,0.034713745,14.409699034661733,24.274316406250023,0.015356723,0.02078247,7.997644692841422,21.946191406250023,0.014856998,0.048202515,3.283014505336298,0,0,0
2015-02-11 08:00:00,1165.6423,26.456445312500023,0.015753595,0.04685974,15.711763540411518,26.815820312500023,0.014860956,0.019760132,9.998020598013184,23.518945312500023,0.014586298,0.04083252,3.6114744426821694,0,0,0
2015-02-11 09:00:00,1240.239,27.488122558593773,0.015730955,0.040161133,16.422300602908386,29.019372558593773,0.014430143,0.016998291,10.323125629382302,25.316247558593773,0.014060117,0.03855896,3.409465513767384,0,0,0
2015-02-11 10:00:00,1338.6218,28.648248291015648,0.015628284,0.037597656,17.599050201450193,30.960748291015648,0.013850635,0.014350891,10.146304490404956,26.929498291015648,0.013610309,0.044540405,2.925245861577705,0,0,0
2015-02-11 11:00:00,1368.8503,29.564904785156276,0.015456946,0.041137695,18.52657389885371,32.54927978515627,0.01338175,0.012218475,9.89374549272812,28.174279785156276,0.013400824,0.05067444,2.348283554787735,0,0,0
2015-02-11 12:00:00,1354.8851,30.131219482421898,0.0154571915,0.06906128,18.78941428659761,33.6155944824219,0.013233223,0.011188507,9.611603983575527,29.053094482421898,0.013355293,0.054092407,1.7214000434552383,0,0,0
2015-02-11 13:00:00,1383.6439,30.3305603027344,0.015525927,0.10379028,18.8305079696621,34.0493103027344,0.013641466,0.01291275,9.220982416404055,29.3930603027344,0.014007677,0.06536865,0.8235230794080136,0,0,0
2015-02-11 14:00:00,1392.0556,30.300073242187523,0.015586927,0.12207031,19.043908606614607,34.05007324218752,0.013557508,0.020484924,9.321544278934722,29.300073242187523,0.014652326,0.06765747,0.332228923970867,0,0,0
2015-02-11 15:00:00,1352.2644,29.9716735839844,0.01562511,0.13031006,19.87179968061239,33.6279235839844,0.013435473,0.030639648,9.693305259551998,28.8779235839844,0.0146981375,0.0769043,0.2336312743893551,0,0,0
2015-02-11 16:00:00,1299.7261,29.287072753906276,0.015663357,0.1293335,20.904956299307987,32.70894775390627,0.013405056,0.026634216,9.743372498663131,28.177697753906276,0.014728756,0.07736206,0.8179621655218282,0,0,0
2015-02-11 17:00:00,1184.4338,28.352807617187523,0.015693959,0.11517334,21.392577836123664,31.149682617187523,0.013538655,0.025039673,8.792907401183975,26.790307617187523,0.015167531,0.07345581,1.2107138165028142,0,0,0
2015-02-11 18:00:00,1183.8355,27.366876220703148,0.015808472,0.097229004,21.09298709557889,28.507501220703148,0.014320741,0.026908875,5.737449107224883,25.382501220703148,0.015072237,0.06239319,1.519304047296562,0,0,0
2015-02-11 19:00:00,1178.5514,26.720727539062523,0.015968693,0.078308105,20.380628476321423,27.017602539062523,0.014553441,0.025009155,6.285349322969676,24.376977539062523,0.015118016,0.058761597,2.003416527587908,0,0,0
2015-02-11 20:00:00,1139.3629,26.329034423828148,0.016136538,0.06915283,18.798471283139165,25.985284423828148,0.014435182,0.018867493,8.199120772141194,23.547784423828148,0.015465151,0.048446655,2.293386920184605,0,0,0
2015-02-11 21:00:00,1076.4885,26.123498535156276,0.016334822,0.057678223,16.85300275269148,25.060998535156276,0.014751724,0.011745453,7.860707550234116,22.935998535156276,0.015404037,0.03996277,2.5098175589683867,0,0,0
2015-02-11 22:00:00,1021.898,25.918847656250023,0.016540674,0.047836304,16.260099700959902,24.325097656250023,0.015113977,0.010715485,7.155176375032603,22.481347656250023,0.015171197,0.037475586,2.6764106720787573,0,0,0
2015-02-11 23:00:00,1002.074,25.702447509765648,0.01669313,0.046722412,16.822506978088374,23.772760009765648,0.015373246,0.014911652,6.863149693486946,22.202447509765648,0.0149994055,0.036590576,3.084761612150344,0,0,0
2015-02-12 00:00:00,961.4447,25.566918945312523,0.01673117,0.050338745,17.763967832711845,23.355981445312523,0.015563873,0.019813538,6.647741040195534,22.004418945312523,0.014858154,0.035598755,3.557872750597636,0,0,0
2015-02-12 01:00:00,889.6502,25.424768066406276,0.016731093,0.053375244,18.49975857963781,23.057580566406276,0.015685866,0.022369385,6.582149502832394,21.729455566406276,0.0147550795,0.039749146,3.948326072433921,0,0,0
2015-02-12 02:00:00,867.8406,25.294702148437523,0.016685318,0.054275513,18.99787605862217,22.857202148437523,0.015746903,0.02885437,6.830188740681871,21.497827148437523,0.014652084,0.04827881,4.332025929096006,0,0,0
2015-02-12 03:00:00,846.8156,25.172875976562523,0.016639609,0.053237915,19.069691106477958,22.680688476562523,0.015769858,0.029121399,6.940890655861009,21.321313476562523,0.014556785,0.056503296,4.659149428497031,0,0,0
2015-02-12 04:00:00,840.7279,25.079034423828148,0.016593974,0.05482483,18.5296964676727,22.461846923828148,0.01575474,0.032226562,6.496950857537055,21.188409423828148,0.014495891,0.06298828,4.667510564431493,0,0,0
2015-02-12 05:00:00,839.8661,25.013818359375023,0.016601814,0.04975891,17.411391114076547,22.271630859375023,0.015724434,0.03479004,6.127755805550951,21.131005859375023,0.01445414,0.06329346,4.55351463436323,0,0,0
2015-02-12 06:00:00,902.7975,25.070336914062523,0.016655546,0.04396057,16.79650763588095,22.281274414062523,0.0157095,0.03125,6.176354569347229,21.140649414062523,0.014462095,0.063323975,4.415537703313279,0,0,0
2015-02-12 07:00:00,991.4981,25.897149658203148,0.01655655,0.038742065,20.041988273255537,24.459649658203148,0.015770722,0.03363037,10.51067694461134,21.983087158203148,0.014637757,0.06135559,4.613842280396991,0,0,0
2015-02-12 08:00:00,1161.8127,27.031854248046898,0.016312623,0.030891418,21.558099160276097,27.219354248046898,0.015431428,0.036132812,13.273629431366915,23.758416748046898,0.014584566,0.062469482,4.514638988725106,0,0,0
2015-02-12 09:00:00,1271.0362,28.237756347656276,0.016175546,0.023345947,21.63193402028602,29.612756347656276,0.014752663,0.033813477,13.654182866334937,25.737756347656276,0.014363564,0.06793213,3.963207075890117,0,0,0
2015-02-12 10:00:00,1327.1989,29.397821044921898,0.016084198,0.019882202,21.690297403789646,31.569696044921898,0.014192109,0.030006409,13.344238135099731,27.397821044921898,0.014150147,0.07498169,3.2910699396830103,0,0,0
2015-02-12 11:00:00,1373.452,30.316735839843773,0.016053803,0.02155304,21.308068265175034,33.11361083984377,0.013948089,0.025817871,12.641819898715632,28.676110839843773,0.014104492,0.09082031,2.3490082920848896,0,0,0
2015-02-12 12:00:00,1363.3484,30.921472167968773,0.016053895,0.033355713,20.75083413527202,34.10897216796877,0.014104583,0.022964478,11.599419901582262,29.421472167968773,0.014528015,0.11022949,1.2253984717962076,0,0,0
2015-02-12 13:00:00,1388.2038,31.221520996093773,0.016054003,0.062301636,20.49159952871218,34.62777099609377,0.014169542,0.021949768,11.019273851289691,29.752770996093773,0.014924852,0.1251831,1.181524503692712,0,0,0
2015-02-12 14:00:00,1402.0434,31.144921875000023,0.016016012,0.08520508,20.518507925296827,34.66054687500002,0.01415444,0.02733612,10.754340547271571,29.629296875000023,0.015081411,0.13793945,1.739970461167158,0,0,0
2015-02-12 15:00:00,1348.6144,30.690728759765648,0.015970431,0.09564209,21.16020080009617,34.22197875976565,0.014143192,0.057235718,10.853375527708373,28.909478759765648,0.015451633,0.13763428,2.01655773848606,0,0,0
2015-02-12 16:00:00,1289.1745,29.870477294921898,0.015947621,0.07733154,22.689145407792196,33.0423522949219,0.014326374,0.045516968,11.035580474423206,28.104852294921898,0.015871327,0.11791992,2.0217933060475146,0,0,0
2015-02-12 17:00:00,1176.8976,28.780938720703148,0.016001185,0.062454224,24.153888119292446,31.546563720703148,0.01468893,0.026062012,11.09610226217286,26.999688720703148,0.016054591,0.101379395,2.0250149726314146,0,0,0
2015-02-12 18:00:00,1145.8117,27.594689941406276,0.016176863,0.04397583,24.34389244733276,29.172814941406276,0.015314741,0.02960968,9.390900029932828,25.407189941406276,0.016222639,0.101135254,2.095544932741785,0,0,0
2015-02-12 19:00:00,1148.0541,26.889581298828148,0.01647466,0.02796936,23.980486070098813,27.514581298828148,0.015620167,0.047164917,11.20062621273351,24.256768798828148,0.01634496,0.1234436,2.555377412083277,0,0,0
2015-02-12 20:00:00,1104.2189,26.553735351562523,0.016734347,0.01651001,23.445171478874453,26.241235351562523,0.01592563,0.056518555,11.992878517346698,23.467797851562523,0.016482577,0.13208008,2.8778418584960863,0,0,0
2015-02-12 21:00:00,1081.2243,26.369531250000023,0.016902456,0.020553589,22.96461900829816,25.486718750000023,0.016170034,0.05267334,11.642956515932058,22.994531250000023,0.016383657,0.13311768,3.3624846532535253,0,0,0
2015-02-12 22:00:00,1011.6547,26.263208007812523,0.016956074,0.0149002075,22.62266089050096,25.044458007812523,0.016292317,0.044921875,11.048042165345672,22.653833007812523,0.016231282,0.12451172,4.181214671990697,0,0,0
2015-02-12 23:00:00,1008.318,26.110192871093773,0.016948424,0.012126923,22.22498268495793,24.782067871093773,0.016277038,0.03605652,10.621572976729952,22.399255371093773,0.016132079,0.12283325,4.520485274925591,0,0,0
2015-02-13 00:00:00,964.9228,25.945092773437523,0.016917897,0.013744354,21.88089640118375,24.585717773437523,0.016238881,0.028419495,10.389060311583275,22.210717773437523,0.01601,0.12335205,4.496905426282984,0,0,0
2015-02-13 01:00:00,896.513,25.820520019531276,0.016818719,0.013343811,21.92991417822372,24.414270019531276,0.016208367,0.023803711,10.454255233355022,22.054895019531276,0.015872674,0.11816406,4.621208994082186,0,0,0
2015-02-13 02:00:00,875.0788,25.737115478515648,0.016711887,0.013008118,22.476046942405745,24.252740478515648,0.01617783,0.030273438,10.464401761382865,21.908990478515648,0.015750583,0.11203003,4.876316033771628,0,0,0
2015-02-13 03:00:00,856.1456,25.678125000000023,0.016650798,0.017219543,23.199709265630155,24.115625000000023,0.01612437,0.044784546,10.343671373143383,21.795312500000023,0.015666606,0.1065979,5.153498255881772,0,0,0
2015-02-13 04:00:00,861.3259,25.647637939453148,0.016551705,0.01612854,23.564296314361176,23.999200439453148,0.016078683,0.053588867,10.202500025724202,21.733575439453148,0.015636178,0.10244751,5.273530370275983,0,0,0
2015-02-13 05:00:00,866.2931,25.589654541015648,0.016574945,0.021743774,22.91732364706951,23.870904541015648,0.016063776,0.060134888,10.105410125880882,21.722467041015648,0.015651789,0.09725952,5.210076483606249,0,0,0
2015-02-13 06:00:00,922.5536,25.588098144531276,0.016682029,0.02355957,22.65164740426076,23.838098144531276,0.016109824,0.06539917,10.57963836888376,21.744348144531276,0.015674949,0.1015625,5.301627485043941,0,0,0
2015-02-13 07:00:00,1022.5215,26.251245117187523,0.016651873,0.029151917,26.64034476804592,25.094995117187523,0.016239885,0.06350708,13.751709510651104,22.212182617187523,0.01591945,0.11154175,5.878465093237945,0,0,0
2015-02-13 08:00:00,1198.8038,27.282556152343773,0.01630901,0.044189453,31.40647895205726,27.454431152343773,0.015889393,0.064971924,18.45962392504521,23.180993652343773,0.016217457,0.11376953,6.576177902014984,0,0,0
2015-02-13 09:00:00,1294.0633,28.395715332031276,0.016065402,0.03543091,33.07026731924625,29.645715332031276,0.015325351,0.055496216,20.312255985613653,24.966027832031276,0.015928073,0.10836792,6.981510790647099,0,0,0
2015-02-13 10:00:00,1377.8942,29.350396728515648,0.015982058,0.035842896,33.3463537965313,31.444146728515648,0.014967349,0.04196167,20.68172357869496,26.928521728515648,0.0152801545,0.10195923,7.040186971760841,0,0,0
2015-02-13 11:00:00,1396.7702,29.929162597656276,0.015944427,0.045074463,33.22013904154306,32.72603759765627,0.01475424,0.037078857,20.67353229963716,27.976037597656276,0.015109007,0.092315674,6.550092213105333,0,0,0
2015-02-13 12:00:00,1394.7901,30.111047363281276,0.015906587,0.06121826,32.986824429421816,33.40792236328127,0.014712587,0.041259766,20.611194020961683,28.532922363281276,0.015097871,0.087005615,6.292729624035648,0,0,0
2015-02-13 13:00:00,1402.9209,30.0358825683594,0.015852613,0.07901001,32.887055700034736,33.6140075683594,0.01469676,0.05038452,20.573336572718947,28.6140075683594,0.015005751,0.07913208,6.549199394626132,0,0,0
2015-02-13 14:00:00,1366.2013,29.546838378906276,0.015797958,0.091033936,32.933720504811824,33.14058837890627,0.0146421045,0.06555176,20.615328831646465,28.265588378906276,0.01488243,0.08557129,6.873687030609947,0,0,0
2015-02-13 15:00:00,1293.1245,28.895959472656276,0.01572865,0.08920288,32.71444248821082,32.00533447265627,0.014507947,0.078826904,20.6487773542548,27.552209472656276,0.014771161,0.08654785,7.188047167309615,0,0,0
2015-02-13 16:00:00,1223.5003,28.1628356933594,0.015690522,0.07196045,31.80580011410556,30.4753356933594,0.014435487,0.0843811,20.27158761430137,26.5065856933594,0.014691072,0.07836914,7.396541225314595,0,0,0
2015-02-13 17:00:00,1129.3467,27.356103515625023,0.015690282,0.05456543,30.49508327189427,28.715478515625023,0.014427617,0.07495117,19.08666064622157,25.043603515625023,0.014679387,0.07373047,7.422927289711239,0,0,0
2015-02-13 18:00:00,1143.2534,26.604699707031276,0.015789712,0.035369873,28.78457724558468,26.854699707031276,0.014576639,0.056777954,16.661936672157655,23.409387207031276,0.014713968,0.07067871,7.2384874688142995,0,0,0
2015-02-13 19:00:00,1141.4636,26.146112060546898,0.015949199,0.024482727,27.607335285171068,25.724237060546898,0.014850566,0.034744263,15.781437392529122,22.458612060546898,0.014713237,0.06762695,7.089989579143318,0,0,0
2015-02-13 20:00:00,1107.7908,25.874047851562523,0.016064078,0.025634766,26.90529472117344,25.139672851562523,0.015064627,0.020431519,15.686228666425547,22.131860351562523,0.014484793,0.05152893,7.353925769812018,0,0,0
2015-02-13 21:00:00,1071.6725,25.668054199218773,0.016186038,0.025505066,26.629989388636023,24.847741699218773,0.015102664,0.016105652,16.037595372499933,21.910241699218773,0.014297763,0.035736084,7.6540234924227,0,0,0
2015-02-13 22:00:00,1036.1285,25.512628173828148,0.016285226,0.023780823,26.817657597806768,24.637628173828148,0.0149806,0.007572174,16.489434094825032,21.762628173828148,0.014065073,0.029281616,8.064712334437694,0,0,0
2015-02-13 23:00:00,1040.9801,25.410119628906276,0.016323542,0.022155762,27.55610925193345,24.480432128906276,0.0147824045,0.002940178,16.749131902717494,21.683557128906276,0.013721919,0.027488708,8.350261775499039,0,0,0
2015-02-14 00:00:00,991.0448,25.308038330078148,0.016345983,0.022720337,28.174581979190897,24.354913330078148,0.014415747,0.0017852783,16.84348522084327,21.604913330078148,0.013435369,0.029182434,8.61004519088529,3,1,0
2015-02-14 01:00:00,914.5731,25.216516113281276,0.016376443,0.025375366,28.37088725528942,24.247766113281276,0.014144846,0.0011706352,16.638271675585358,21.497766113281276,0.013244578,0.03060913,8.7501187212928,3,1,0
2015-02-14 02:00:00,885.624,25.142785644531276,0.016430195,0.031097412,27.963945117999717,24.095910644531276,0.014026936,0.0007839203,16.168053981337923,21.392785644531276,0.013157185,0.035949707,8.707819548665112,3,1,0
2015-02-14 03:00:00,870.8789,25.082696533203148,0.016514499,0.040527344,27.02626560575422,23.903009033203148,0.01416083,0.0042648315,15.985690298248729,21.293634033203148,0.013184267,0.04411316,8.591749114545307,3,1,0
2015-02-14 04:00:00,875.9045,25.045343017578148,0.016629465,0.056610107,25.44353777488408,23.779718017578148,0.014367349,0.016860962,16.134934797223217,21.248468017578148,0.013325937,0.05014038,8.568967600256926,3,1,0
2015-02-14 05:00:00,870.0662,25.013940429687523,0.016782451,0.063964844,23.783504276779603,23.740502929687523,0.014512707,0.02495575,16.432906748178667,21.310815429687523,0.013456035,0.051574707,8.678957082263203,3,1,0
2015-02-14 06:00:00,857.9163,25.063104248046898,0.016965149,0.07104492,24.01010964136221,23.828729248046898,0.014691589,0.017234802,16.96948305348572,21.399041748046898,0.013535736,0.05378723,8.85633527651417,3,1,0
2015-02-14 07:00:00,880.2306,25.793054199218773,0.016971605,0.08746338,29.012438801738288,25.089929199218773,0.014938371,0.021209717,19.535017550684884,21.949304199218773,0.01362993,0.05155945,9.48501486817815,3,1,0
2015-02-14 08:00:00,980.0485,26.9094177246094,0.016871164,0.118255615,34.71203861774759,27.1281677246094,0.014883706,0.03504944,22.878691348551072,23.2687927246094,0.01357908,0.04244995,10.039722664942737,3,1,0
2015-02-14 09:00:00,1044.919,28.011315917968773,0.01681677,0.14550781,37.232127928680846,29.120690917968773,0.014669095,0.043655396,24.483937231847477,24.776940917968773,0.013520871,0.046279907,10.052743269740576,3,1,0
2015-02-14 10:00:00,1104.5938,28.941186523437523,0.016853943,0.15350342,37.59469654746656,30.722436523437523,0.014675752,0.042144775,24.398209540541693,26.034936523437523,0.013561861,0.049835205,9.624692346188995,3,1,0
2015-02-14 11:00:00,1128.3579,29.674676513671898,0.016898971,0.15930176,37.07771269326701,31.846551513671898,0.014736037,0.034729004,23.83276804149135,26.893426513671898,0.013679366,0.054748535,9.024777827605869,3,1,0
2015-02-14 12:00:00,1112.4993,29.998498535156276,0.016928688,0.16210938,36.61646693271712,32.79537353515627,0.014838233,0.04260254,23.0863221335344,27.357873535156276,0.013838782,0.063812256,8.304091555007995,3,1,0
2015-02-14 13:00:00,1091.919,29.780541992187523,0.0168823,0.17578125,36.0194378065836,33.20241699218752,0.014902473,0.051727295,22.492082957706856,27.561791992187523,0.01399839,0.0670166,7.691176771748089,3,1,0
2015-02-14 14:00:00,1074.3496,29.278283691406276,0.016828522,0.18273926,35.40133338615338,33.02828369140627,0.014924989,0.055923462,22.118443977026136,27.465783691406276,0.014093385,0.07827759,7.348616676165839,3,1,0
2015-02-14 15:00:00,1063.1256,28.722497558593773,0.016774686,0.18304443,34.35754535544649,32.14437255859377,0.014932187,0.05859375,21.868317896827797,26.988122558593773,0.014131101,0.08328247,7.226703049731195,3,1,0
2015-02-14 16:00:00,1029.86,28.178063964843773,0.016797595,0.16412354,33.74950927377616,30.662438964843773,0.014955096,0.06323242,21.64594950855594,26.256188964843773,0.014134936,0.082855225,7.360846507692879,3,1,0
2015-02-14 17:00:00,1011.6091,27.550927734375023,0.016973117,0.13153076,32.592790370431,28.879052734375023,0.01503525,0.06034851,19.99758083208422,25.175927734375023,0.014123538,0.09088135,7.649950722928379,3,1,0
2015-02-14 18:00:00,1056.0223,26.827752685546898,0.017286194,0.12387085,29.97456923836255,27.218377685546898,0.015279665,0.057235718,16.55278784559948,23.780877685546898,0.014211549,0.106292725,7.367668899552132,3,1,0
2015-02-14 19:00:00,1089.9817,26.420739746093773,0.01760736,0.117492676,28.04315141107456,26.342614746093773,0.015661864,0.059814453,15.233550789002324,22.842614746093773,0.014403014,0.119506836,6.813919538237283,3,1,0
2015-02-14 20:00:00,1061.7636,26.213464355468773,0.017836925,0.10354614,26.919983360886214,25.916589355468773,0.01599824,0.061447144,15.090424620340142,22.283776855468773,0.014693613,0.121154785,6.39507624946812,3,1,0
2015-02-14 21:00:00,1031.6292,26.072564697265648,0.01797445,0.114746094,26.67087888764914,25.666314697265648,0.016234947,0.057113647,15.165284044452507,22.088189697265648,0.015037133,0.117492676,6.135131783037693,3,1,0
2015-02-14 22:00:00,1013.0005,26.014031982421898,0.018013421,0.14501953,27.05680730487622,25.521844482421898,0.016365472,0.05078125,15.373610657977713,22.107781982421898,0.015335504,0.12640381,6.248636261739898,3,1,0
2015-02-14 23:00:00,960.9033,25.929284667968773,0.018021258,0.14855957,27.469359728194487,25.413659667968773,0.016411455,0.06399536,15.739327089692498,22.148034667968773,0.015503557,0.14428711,6.276761027494743,3,1,0
2015-02-15 00:00:00,772.6091,25.824182128906276,0.01799878,0.14471436,28.19858771500966,25.269494628906276,0.016396606,0.08773804,15.932520045721716,22.175744628906276,0.015584076,0.15814209,6.258242063030354,4,1,0
2015-02-15 01:00:00,777.7424,25.730432128906276,0.01794519,0.12640381,28.77523234627361,25.105432128906276,0.016297242,0.10293579,15.946980406397673,22.230432128906276,0.015641114,0.15570068,6.650218687548863,4,1,0
2015-02-15 02:00:00,721.5908,25.686730957031276,0.017899808,0.099975586,28.880590405967567,25.030480957031276,0.016213711,0.106414795,16.1138149343438,22.288293457031276,0.015656766,0.15734863,6.906899179180358,4,1,0
2015-02-15 03:00:00,726.2926,25.684167480468773,0.017869215,0.08505249,28.13210418089147,25.027917480468773,0.01617549,0.10760498,16.17624830473088,22.348229980468773,0.01566432,0.15026855,7.204207478443139,4,1,0
2015-02-15 04:00:00,739.3178,25.730615234375023,0.017762542,0.069488525,26.60072513825252,25.035302734375023,0.016175628,0.1083374,16.04625916425707,22.402490234375023,0.015672088,0.13641357,7.341164615133906,4,1,0
2015-02-15 05:00:00,891.8485,25.774560546875023,0.017663606,0.063934326,25.28896171203271,25.032373046875023,0.016191132,0.09667969,15.76238613828696,22.446435546875023,0.015687592,0.1239624,7.346000018927048,4,1,0
2015-02-15 06:00:00,906.4375,25.840142822265648,0.017640857,0.07357788,24.450846089894696,25.074517822265648,0.01622179,0.09768677,15.689510043428127,22.504205322265648,0.015733508,0.123687744,7.345233181133836,4,1,0
2015-02-15 07:00:00,903.3965,26.381005859375023,0.017610453,0.06890869,26.15673764666393,26.021630859375023,0.016336344,0.09121704,17.178850380355055,22.966943359375023,0.015916727,0.11959839,7.54550633879619,4,1,0
2015-02-15 08:00:00,879.429,27.246118164062523,0.017267616,0.05947876,30.044461315885144,27.730493164062523,0.016313942,0.08529663,19.769138074039287,24.011743164062523,0.01610032,0.119262695,7.851361179788398,4,1,0
2015-02-15 09:00:00,881.1719,28.261621093750023,0.016711166,0.04220581,33.45086427949092,29.574121093750023,0.016077926,0.078948975,21.804738374963044,25.652246093750023,0.015932968,0.1272583,8.090160497103657,4,1,0
2015-02-15 10:00:00,963.7727,29.236505126953148,0.016376467,0.022850037,35.15378335096692,31.236505126953148,0.01583478,0.067596436,22.68218477897701,27.299005126953148,0.015773745,0.10726929,7.531194982050725,4,1,0
2015-02-15 11:00:00,1040.6698,29.9970642089844,0.016193809,0.016212463,35.84673306571152,32.5751892089844,0.015613976,0.062805176,22.873717505352044,28.4189392089844,0.015781822,0.085235596,6.687155416292156,4,1,0
2015-02-15 12:00:00,1034.9466,30.4133239746094,0.016171005,0.016098022,35.51887977277014,33.4133239746094,0.015518691,0.068359375,22.462084997861883,28.9445739746094,0.015690353,0.08227539,6.475676992366161,4,1,0
2015-02-15 13:00:00,999.0671,30.5241638183594,0.016178157,0.015110016,35.06325544390052,33.6960388183594,0.015487697,0.06970215,21.99713386592512,29.1335388183594,0.015659358,0.08163452,6.451639570282613,4,1,0
2015-02-15 14:00:00,935.3522,30.289239501953148,0.016131895,0.012798309,34.59177204711223,33.33611450195315,0.01535751,0.072021484,21.439850482704003,28.836114501953148,0.015674131,0.09561157,6.459480690056848,4,1,0
2015-02-15 15:00:00,986.0491,29.729882812500023,0.01610873,0.0071868896,34.28266905748556,32.33925781250002,0.015208463,0.073516846,20.88062725308849,28.104882812500023,0.015795926,0.11846924,6.534908112023671,4,1,0
2015-02-15 16:00:00,951.7673,28.942224121093773,0.016100703,0.0048294067,33.82677449310564,30.879724121093773,0.0150974365,0.069244385,20.2494995055337,27.051599121093773,0.015986262,0.12561035,6.637633370821403,4,1,0
2015-02-15 17:00:00,903.6628,28.030664062500023,0.016138727,0.008358002,32.611368043729684,29.311914062500023,0.015116388,0.057785034,18.693172869100163,25.686914062500023,0.016314203,0.12017822,6.4387628120379325,4,1,0
2015-02-15 18:00:00,982.2524,27.195672607421898,0.01626079,0.02103424,31.10450962157784,27.773797607421898,0.015433001,0.06375122,15.848356393980575,24.336297607421898,0.01650493,0.12646484,5.803583751288107,4,1,0
2015-02-15 19:00:00,1087.0682,26.797692871093773,0.016428687,0.02734375,30.031579143455136,26.813317871093773,0.015887,0.0715332,15.043813301970706,23.711755371093773,0.016291358,0.16571045,5.802955203430195,4,1,0
2015-02-15 20:00:00,1065.3519,26.651330566406276,0.016542593,0.02645111,29.01917581009608,26.307580566406276,0.016176382,0.06524658,14.728024390718984,23.573205566406276,0.01606957,0.1772461,6.054152512276738,4,1,0
2015-02-15 21:00:00,1031.6434,26.565454101562523,0.016549703,0.026161194,28.250389142352287,26.034204101562523,0.016305562,0.06048584,14.529016083328196,23.542016601562523,0.01594698,0.17468262,6.124424598291357,4,1,0
2015-02-15 22:00:00,1011.4377,26.451776123046898,0.016541906,0.033813477,27.96477426788057,25.795526123046898,0.016343541,0.05847168,14.48183533560232,23.475213623046898,0.01586289,0.16571045,6.267672676474016,4,1,0
2015-02-15 23:00:00,1018.7136,26.308282470703148,0.016503938,0.050933838,27.76577148948413,25.566094970703148,0.016328461,0.05947876,14.407087870496351,23.394219970703148,0.015786774,0.15582275,6.366816287587744,4,1,0
2015-02-16 00:00:00,889.5827,26.165002441406276,0.016427973,0.046951294,27.39420930136642,25.321252441406276,0.016313532,0.056732178,14.242095843180795,23.305627441406276,0.015726069,0.15795898,6.4713231550019845,5,1,0
2015-02-16 01:00:00,855.1763,26.024468994140648,0.016390257,0.032928467,27.555274084697697,25.126031494140648,0.016283445,0.0541687,14.438598686127508,23.243218994140648,0.015665464,0.15997314,6.664405266912083,5,1,0
2015-02-16 02:00:00,837.7922,25.901208496093773,0.016329197,0.026367188,28.18187627953053,24.971520996093773,0.016237644,0.048324585,14.664527787969876,23.198083496093773,0.015596774,0.15527344,6.938963674843553,5,1,0
2015-02-16 03:00:00,810.3832,25.810388183593773,0.016229993,0.027015686,28.678413082894338,24.849450683593773,0.016207105,0.04135132,14.677912470850654,23.169763183593773,0.015531904,0.15032959,7.1378166489250665,5,1,0
2015-02-16 04:00:00,810.5143,25.727685546875023,0.01623741,0.027305603,28.06849636658954,24.735498046875023,0.016145857,0.04319763,14.028211175012729,23.157373046875023,0.015470655,0.14105225,6.985144344687036,5,1,0
2015-02-16 05:00:00,809.4014,25.673120117187523,0.016359232,0.028060913,26.428357794292197,24.579370117187523,0.016054057,0.041015625,13.359647458159172,23.110620117187523,0.015397929,0.13659668,6.676872556536516,5,1,0
2015-02-16 06:00:00,814.6222,25.691064453125023,0.016457777,0.031036377,25.330267201974745,24.519189453125023,0.015992384,0.032699585,12.895659457232655,23.034814453125023,0.015343886,0.12799072,6.382025816680804,5,1,0
2015-02-16 07:00:00,821.2241,26.191674804687523,0.016594565,0.033950806,26.158873356347694,25.879174804687523,0.016007101,0.021659851,14.90008892058395,23.426049804687523,0.015339529,0.11224365,6.427680267690454,5,1,0
2015-02-16 08:00:00,873.1331,27.069482421875023,0.016403532,0.032073975,28.70455605101632,28.006982421875023,0.015568114,0.014701843,17.659592232408468,24.475732421875023,0.015125609,0.09313965,6.578283257472237,5,1,0
2015-02-16 09:00:00,933.1287,28.081628417968773,0.016311916,0.04425049,29.06144151298245,30.034753417968773,0.014827999,0.007753372,18.881197486660465,25.691003417968773,0.014881405,0.08181763,6.490831373126841,5,1,0
2015-02-16 10:00:00,963.9245,28.980859375000023,0.016335016,0.053146362,28.63594287117317,31.762109375000023,0.014359004,0.006044388,19.16902324928276,26.746484375000023,0.014652736,0.086120605,6.525577230243023,5,1,0
2015-02-16 11:00:00,978.2039,29.655847167968773,0.016426973,0.06777954,28.005364596216065,33.04647216796877,0.014203004,0.0057868958,18.835843432210154,27.577722167968773,0.014660767,0.08117676,6.2342556911897935,5,1,0
2015-02-16 12:00:00,977.209,30.059136962890648,0.016496005,0.073638916,27.219779631698756,33.88726196289065,0.014218629,0.005624771,18.230977074349287,28.168511962890648,0.014817537,0.07501221,5.750202075890396,5,1,0
2015-02-16 13:00:00,997.3467,30.212976074218773,0.016542172,0.074401855,26.735826779693014,34.33797607421877,0.0142686125,0.005458832,17.611321934435253,28.462976074218773,0.014859891,0.072906494,5.563855048588971,5,1,0
2015-02-16 14:00:00,995.8827,30.084588623046898,0.01655024,0.06060791,26.6097133713072,34.2877136230469,0.014318641,0.0065631866,17.122229973848142,28.443963623046898,0.014818367,0.07046509,5.52315009377013,5,1,0
2015-02-16 15:00:00,971.8595,29.739038085937523,0.016520083,0.046554565,26.713557472415225,33.69216308593752,0.014311372,0.0072727203,16.77702073321176,28.114038085937523,0.014692842,0.063934326,5.603036649808449,5,1,0
2015-02-16 16:00:00,948.933,29.054711914062523,0.016459076,0.03477478,26.83829506565665,32.42971191406252,0.014265626,0.008525848,16.39752022208217,27.382836914062523,0.01452884,0.05557251,5.821875265370239,5,1,0
2015-02-16 17:00:00,938.3557,28.100366210937523,0.016489467,0.022888184,26.49794266685948,30.459741210937523,0.0143112745,0.007816315,15.693329442449674,26.225366210937523,0.014467677,0.05026245,5.946013001166949,5,1,0
2015-02-16 18:00:00,963.0348,27.119287109375023,0.016665109,0.017852783,25.309046639430637,28.119287109375023,0.014582285,0.011249542,13.61807237806399,24.728662109375023,0.014586099,0.048324585,5.765668409230641,5,1,0
2015-02-16 19:00:00,1015.472,26.573907470703148,0.01687887,0.01391983,24.252347889922493,26.636407470703148,0.01492193,0.011024475,13.292430748736702,23.636407470703148,0.014803674,0.05848694,5.624217719040745,5,1,0
2015-02-16 20:00:00,997.2683,26.317346191406276,0.017001027,0.009971619,23.123657240365805,25.825158691406276,0.015379781,0.020896912,12.79858440677651,23.036096191406276,0.015032643,0.06253052,5.374729823929461,5,1,0
2015-02-16 21:00:00,979.3511,26.189019775390648,0.016978474,0.0142707825,22.38839213831718,25.415582275390648,0.01565859,0.026130676,11.62845994220393,22.696832275390648,0.015101643,0.07424927,5.264578887530997,5,1,0
2015-02-16 22:00:00,943.8603,26.109002685546898,0.01683384,0.01499939,22.827496462086295,25.148065185546898,0.015788613,0.024642944,11.417740620315508,22.468377685546898,0.015178261,0.078704834,5.279265236881475,5,1,0
2015-02-16 23:00:00,905.4094,26.007348632812523,0.01668165,0.012580872,23.10463721559501,24.890161132812523,0.015888194,0.02017212,11.47083359420523,22.312036132812523,0.015212991,0.0730896,5.350743136978258,5,1,0
2015-02-17 00:00:00,873.3848,25.862695312500023,0.01659795,0.010181427,22.98350108276553,24.651757812500023,0.015934194,0.011276245,11.252247578218473,22.175195312500023,0.015228474,0.06314087,5.434673853461094,6,1,0
2015-02-17 01:00:00,848.9863,25.684136962890648,0.01662106,0.011165619,22.3494085246426,24.426324462890648,0.015942045,0.0067596436,11.02735172024154,22.059136962890648,0.01524014,0.04866028,5.382029194526209,6,1,0
2015-02-17 02:00:00,810.4006,25.574334716796898,0.01666712,0.014877319,21.97765855558634,24.277459716796898,0.01579737,0.013534546,10.95650213879556,21.910272216796898,0.015129798,0.039718628,5.280049175553637,6,1,0
2015-02-17 03:00:00,815.7231,25.503442382812523,0.016720155,0.025344849,21.446135486257702,24.237817382812523,0.015400269,0.02029419,11.003506382511029,21.753442382812523,0.015026429,0.03779602,5.170926290204732,6,1,0
2015-02-17 04:00:00,805.3756,25.4479919433594,0.016819157,0.03187561,19.75719193865316,24.1511169433594,0.014927067,0.015701294,10.355717282358036,21.6589294433594,0.0150071755,0.03791809,5.059044230665712,6,1,0
2015-02-17 05:00:00,803.2793,25.384973144531276,0.01699475,0.023246765,17.472349249063505,23.838098144531276,0.014694487,0.0041599274,8.816768012038231,21.619348144531276,0.014992033,0.032470703,5.196373826919757,6,1,0
2015-02-17 06:00:00,785.5114,25.379357910156276,0.017208375,0.01241684,15.999567273964054,23.574670410156276,0.014591494,0.0008497238,8.171448116202898,21.590295410156276,0.0149462605,0.026855469,5.319065978439787,6,1,0
2015-02-17 07:00:00,783.8398,26.1672302246094,0.017238863,0.0070762634,19.01746660177709,25.0812927246094,0.014511353,0.00034236908,11.576820207348876,22.3703552246094,0.014892823,0.021514893,5.767617468462364,6,1,0
2015-02-17 08:00:00,833.3384,27.281671142578148,0.017048232,0.0119133,21.61997901089732,27.531671142578148,0.014355057,0.00029850006,14.710049708922297,23.851983642578148,0.01456868,0.01650238,5.841421733660685,6,1,0
2015-02-17 09:00:00,869.8341,28.447656250000023,0.01697987,0.008071899,20.817555472358578,29.916406250000023,0.014088329,0.00040495396,14.56215076993734,25.650781250000023,0.014092144,0.015777588,5.557746975619467,6,1,0
2015-02-17 10:00:00,892.1747,29.4929138183594,0.017002996,0.005634308,18.82646041007883,32.0554138183594,0.014000828,0.0006058216,13.209693695837228,27.3054138183594,0.013649876,0.011474609,4.768934135831678,6,1,0
2015-02-17 11:00:00,912.4911,30.340386962890648,0.017003,0.0045642853,16.915219161519207,33.66851196289065,0.014374673,0.00085520744,11.184601661706807,28.746636962890648,0.013573587,0.008628845,3.432810244170999,6,1,0
2015-02-17 12:00:00,938.3994,30.948205566406276,0.01694159,0.0076522827,15.732177939798806,34.71383056640627,0.014652771,0.0018782616,9.590519968839285,29.651330566406276,0.014298004,0.0071372986,1.7660379996904243,6,1,0
2015-02-17 13:00:00,928.9795,31.315332031250023,0.016841695,0.013580322,15.256620057090174,35.29970703125002,0.014526173,0.0311203,8.461900508951206,30.284082031250023,0.014320179,0.0063877106,1.174132772256084,6,1,0
2015-02-17 14:00:00,932.3028,31.436578369140648,0.016741857,0.019851685,15.359963171437936,35.32720336914065,0.014292822,0.08810425,7.504168885305,30.530328369140648,0.014197455,0.010887146,1.344406915708799,6,1,0
2015-02-17 15:00:00,937.1515,31.2504821777344,0.016611625,0.018722534,15.653913970090926,34.4692321777344,0.014322806,0.12799072,6.6885895142811504,30.1411071777344,0.014208365,0.020103455,1.9840762068106328,6,1,0
2015-02-17 16:00:00,925.9918,30.696710205078148,0.016611395,0.02268219,16.939161227920017,33.25921020507815,0.014616309,0.13977051,6.417025685690986,29.337335205078148,0.014513312,0.024375916,2.731384406721748,6,1,0
2015-02-17 17:00:00,901.5055,29.603082275390648,0.016748914,0.020454407,18.867795700600784,31.728082275390648,0.015059004,0.1362915,5.763007784169474,28.103082275390648,0.014906416,0.02205658,2.8585872828349697,6,1,0
2015-02-17 18:00:00,935.9921,28.295495605468773,0.016984938,0.01978302,20.699127046173537,29.623620605468773,0.015924452,0.110076904,3.5864990512746133,26.389245605468773,0.01543617,0.024040222,2.5654457447840406,6,1,0
2015-02-17 19:00:00,987.0666,27.323876953125023,0.017282223,0.019233704,21.68906313317213,28.511376953125023,0.015794491,0.06768799,3.9723256741607527,25.120751953125023,0.015535091,0.026443481,2.469204246161212,6,1,0
2015-02-17 20:00:00,994.428,26.881127929687523,0.017457489,0.013313293,20.61659261350456,27.615502929687523,0.015515808,0.04095459,4.73675236300736,24.170190429687523,0.015725616,0.023529053,2.1881915171106048,6,1,0
2015-02-17 21:00:00,984.7525,26.665124511718773,0.017541317,0.01077652,18.78978133370262,26.665124511718773,0.015641598,0.02835846,4.628299115889793,23.501062011718773,0.01574078,0.01889801,2.185225901415942,6,1,0
2015-02-17 22:00:00,937.2275,26.483575439453148,0.01762526,0.0099487305,17.22600070831393,25.952325439453148,0.015695022,0.020584106,4.805183431198501,22.991387939453148,0.01559584,0.021530151,2.564758072536685,6,1,0
2015-02-17 23:00:00,894.8361,26.282678222656276,0.017747354,0.011413574,15.631158259083293,25.321740722656276,0.015710305,0.013912201,4.676404703207492,22.649865722656276,0.015363167,0.027275085,3.0348205192198043,6,1,0
2015-02-18 00:00:00,861.3752,26.076074218750023,0.017823143,0.01292038,14.406258272181056,24.755761718750023,0.01571743,0.014644623,4.585373096989888,22.357324218750023,0.015171927,0.028900146,3.3967629857268853,7,1,0
2015-02-18 01:00:00,819.676,25.890435791015648,0.017783914,0.015419006,13.916405175468716,24.249810791015648,0.015739236,0.01839447,4.5442749328886265,22.077935791015648,0.015067849,0.031311035,3.6490112951328113,7,1,0
2015-02-18 02:00:00,795.1622,25.798364257812523,0.017669333,0.020767212,13.746648056678744,23.853051757812523,0.015761985,0.020210266,4.730180026251592,21.860864257812523,0.014995231,0.035354614,3.858131553091877,7,1,0
2015-02-18 03:00:00,784.8293,25.690881347656276,0.01758677,0.020553589,13.546025668120048,23.565881347656276,0.015839638,0.019599915,4.968482296047895,21.729943847656276,0.014946999,0.037902832,3.990254702075152,7,1,0
2015-02-18 04:00:00,776.1898,25.537744140625023,0.017602205,0.019584656,12.847641724775158,23.334619140625023,0.015969515,0.018379211,4.899332164485174,21.662744140625023,0.014901401,0.03767395,3.965016614631391,7,1,0
2015-02-18 05:00:00,782.2255,25.389764404296898,0.017609725,0.017433167,12.221904339288168,23.155389404296898,0.016091475,0.020904541,4.895035357868741,21.569451904296898,0.014863143,0.033187866,3.88337364148571,7,1,0
2015-02-18 06:00:00,779.4305,25.388391113281276,0.017570706,0.01650238,12.960412476651404,23.200891113281276,0.016197415,0.023971558,5.323996790557513,21.521203613281276,0.014820309,0.03037262,3.880778673827506,7,1,0
2015-02-18 07:00:00,844.4471,26.275231933593773,0.017281037,0.020637512,17.393378372416752,25.150231933593773,0.016289216,0.027885437,9.518090308530272,22.329919433593773,0.014832,0.024620056,4.344050488953108,7,1,0
2015-02-18 08:00:00,967.3872,27.414941406250023,0.016877258,0.030059814,19.99544904429281,27.649316406250023,0.015877808,0.028633118,12.368198592591456,24.141503906250023,0.014523591,0.008441925,4.5390323415991976,7,1,0
2015-02-18 09:00:00,1048.8244,28.564996337890648,0.016633343,0.041397095,20.30000296155786,29.986871337890648,0.015252423,0.025497437,12.450221985825712,26.252496337890648,0.014100384,0.0022621155,4.037402970887179,7,1,0
2015-02-18 10:00:00,1132.3127,29.6110778808594,0.016526638,0.038146973,19.77425340480103,32.1423278808594,0.014684139,0.01941681,11.7403932363233,28.1892028808594,0.013570247,0.0019626617,3.1930319320367517,7,1,0
2015-02-18 11:00:00,1193.7127,30.513085937500023,0.016473398,0.025993347,19.346079655440995,33.80996093750002,0.014524088,0.013504028,10.567486890212104,29.700585937500023,0.013414011,0.001627922,2.2425627529333068,7,1,0
2015-02-18 12:00:00,1244.8451,31.154077148437523,0.016359355,0.023490906,19.237730004792787,34.98220214843752,0.014440563,0.00907135,9.53845786388033,30.575952148437523,0.014005687,0.0015501976,1.5815937505414788,7,1,0
2015-02-18 13:00:00,1273.3592,31.484063720703148,0.01620006,0.014621735,19.31349862785215,35.71843872070315,0.013991349,0.009059906,8.887322687239344,31.077813720703148,0.014277452,0.0016570091,2.026974287821325,7,1,0
2015-02-18 14:00:00,1288.4816,31.555017089843773,0.016070914,0.013408661,19.52584771380928,35.83626708984377,0.013724875,0.015457153,8.126677640991478,30.992517089843773,0.014442038,0.011325836,2.8675634735319284,7,1,0
2015-02-18 15:00:00,1273.6278,31.229913330078148,0.015941655,0.02129364,19.97846635860701,35.35491333007815,0.013736761,0.023399353,7.449903444010079,30.479913330078148,0.01482395,0.023094177,3.6879149226141914,7,1,0
2015-02-18 16:00:00,1220.2693,30.455468750000023,0.015819985,0.016746521,20.464873171743506,34.23671875000002,0.013779122,0.026290894,6.353308775308278,29.533593750000023,0.015171487,0.03314209,4.148980449771125,7,1,0
2015-02-18 17:00:00,1133.0232,29.364831542968773,0.01574367,0.01763916,20.93703424738499,32.53670654296877,0.014034685,0.018684387,4.35411504590161,28.161706542968773,0.0154613815,0.032806396,4.440325187424968,7,1,0
2015-02-18 18:00:00,1128.8242,28.103845214843773,0.015790422,0.016242981,20.833688670472256,29.369470214843773,0.01556154,0.01184845,1.1497755857931602,26.525720214843773,0.015836198,0.04647827,3.824049685738003,7,1,0
2015-02-18 19:00:00,1172.3439,27.304040527343773,0.016005116,0.017074585,20.193462945709587,27.960290527343773,0.015738087,0.006008148,0.9810470893652208,25.382165527343773,0.016142445,0.059799194,2.954052152866752,7,1,0
2015-02-18 20:00:00,1145.9714,26.861291503906276,0.016280822,0.01851654,18.27184531227546,27.056604003906276,0.015708618,0.006055832,1.3756065634671004,24.619104003906276,0.016273193,0.059051514,2.296589851585064,7,1,0
2015-02-18 21:00:00,1127.7028,26.516076660156276,0.016510572,0.017654419,16.752566595863097,26.336389160156276,0.015553083,0.0066604614,2.0759497709427004,24.055139160156276,0.016251173,0.049697876,2.3559519349038145,7,1,0
2015-02-18 22:00:00,1095.6666,26.2111755371094,0.016717134,0.017799377,17.438580879428777,25.6643005371094,0.015435396,0.006887436,3.398864790790244,23.6408630371094,0.016122041,0.054000854,3.185941808977342,7,1,0
2015-02-18 23:00:00,1026.2453,25.956231689453148,0.016839776,0.027320862,19.053499804428668,25.096856689453148,0.015409265,0.0129470825,5.015150426356193,23.253106689453148,0.015977655,0.070251465,4.040667844753181,7,1,0
2015-02-19 00:00:00,946.7805,25.835260009765648,0.016718483,0.054336548,20.914119525043663,24.694635009765648,0.015326119,0.026351929,6.235690632299133,22.936822509765648,0.015757179,0.089660645,4.641212731336843,0,0,0
2015-02-19 01:00:00,915.9275,25.752801513671898,0.01649026,0.06542969,21.929281814024517,24.213739013671898,0.015338221,0.04171753,6.358116186524529,22.619989013671898,0.015570917,0.11288452,4.760403395397071,0,0,0
2015-02-19 02:00:00,894.4166,25.593286132812523,0.016368577,0.058425903,21.78358301877224,23.780786132812523,0.015372941,0.060073853,6.298487236415198,22.382348632812523,0.015392015,0.124298096,4.7561790631451935,0,0,0
2015-02-19 03:00:00,867.5152,25.3100524902344,0.016391914,0.053131104,19.98882106401718,23.4975524902344,0.015453499,0.075805664,6.549119660134017,22.1850524902344,0.015209358,0.14172363,4.793044301675703,0,0,0
2015-02-19 04:00:00,862.1844,25.0388122558594,0.016437436,0.049865723,17.954300661163202,23.2731872558594,0.015544795,0.07461548,6.71110897036105,22.0153747558594,0.015037441,0.14251709,4.807210013321929,0,0,0
2015-02-19 05:00:00,857.3655,24.827294921875023,0.016421549,0.045822144,16.175181642246496,23.046044921875023,0.015609018,0.08782959,6.828323058304595,21.850732421875023,0.01488804,0.12695312,4.987405692908318,0,0,0
2015-02-19 06:00:00,869.9797,24.808709716796898,0.016413659,0.0519104,15.506140623433394,23.050897216796898,0.015665978,0.072021484,7.50280995944837,21.699334716796898,0.014792412,0.10159302,5.398757028577345,0,0,0
2015-02-19 07:00:00,985.4632,25.834619140625023,0.016177043,0.07293701,20.27538813773345,25.014306640625023,0.015681133,0.07766724,12.089738047296397,22.287744140625023,0.014731274,0.081726074,6.2462666981069095,0,0,0
2015-02-19 08:00:00,1061.5641,26.912713623046898,0.01572688,0.089538574,23.695287462894782,27.514276123046898,0.015063122,0.06750488,16.04388893224808,23.889276123046898,0.014406994,0.059143066,6.783973949778223,0,0,0
2015-02-19 09:00:00,1199.7622,27.824914550781276,0.015482617,0.09509277,24.559198064976115,29.668664550781276,0.014326763,0.054473877,17.327859062995383,25.746789550781276,0.013964367,0.03956604,6.721011667394422,0,0,0
2015-02-19 10:00:00,1367.8344,28.766259765625023,0.015326289,0.07519531,24.683297011687632,31.469384765625023,0.013788966,0.04197693,17.45181320957103,27.360009765625023,0.013525752,0.02872467,6.270573009608887,0,0,0
2015-02-19 11:00:00,1399.5449,29.6115661621094,0.015227201,0.064971924,24.60588825745733,32.8928161621094,0.013533476,0.03363037,16.696248337789207,28.5959411621094,0.013277891,0.02998352,5.526736377572448,0,0,0
2015-02-19 12:00:00,1377.65,30.232812500000023,0.015197032,0.058059692,24.340159482786078,33.92031250000002,0.013484233,0.022247314,15.413062938795566,29.248437500000023,0.013713115,0.03352356,4.545540323904594,0,0,0
2015-02-19 13:00:00,1411.5052,30.634179687500023,0.015014261,0.04927063,23.843240377397027,34.46230468750002,0.013362497,0.013210297,14.548429361102867,29.587304687500023,0.013709635,0.039764404,4.059992479401937,0,0,0
2015-02-19 14:00:00,1411.4817,30.734094238281276,0.014743033,0.06756592,23.562812964184825,34.46846923828127,0.0131980805,0.008495331,14.096111394470196,29.530969238281276,0.013625327,0.044006348,3.981617209658413,0,0,0
2015-02-19 15:00:00,1377.4342,30.396783447265648,0.014475124,0.072631836,23.82550034212785,33.80303344726565,0.013208644,0.009616852,14.1200963081339,29.053033447265648,0.013563411,0.057159424,4.308338731704567,0,0,0
2015-02-19 16:00:00,1286.3222,29.686364746093773,0.0143602565,0.0625,24.614076448232098,32.37386474609377,0.013398953,0.018417358,14.543499436328664,28.139489746093773,0.013715573,0.058776855,4.913798916150374,0,0,0
2015-02-19 17:00:00,1175.7015,28.484643554687523,0.014440516,0.05731201,25.435463053809716,30.359643554687523,0.013654688,0.02671051,14.878396644347903,26.906518554687523,0.013906458,0.055267334,5.66901562456396,0,0,0
2015-02-19 18:00:00,1150.4259,27.149560546875023,0.014829298,0.06484985,24.48765736364301,27.946435546875023,0.014081617,0.034606934,13.699184866831494,25.274560546875023,0.014211317,0.052871704,6.35240216212498,0,0,0
2015-02-19 19:00:00,1183.1995,26.522882080078148,0.015401112,0.058441162,22.64127461703912,26.429132080078148,0.014649617,0.034744263,13.104310510247176,23.999444580078148,0.014374958,0.0703125,7.171281498305718,0,0,0
2015-02-19 20:00:00,1143.2367,26.218103027343773,0.01596147,0.04650879,20.46564741216421,25.585290527343773,0.0153129725,0.042297363,12.001100756703886,23.218103027343773,0.014641586,0.070739746,6.744718087245457,0,0,0
2015-02-19 21:00:00,1100.7171,25.991174316406276,0.016373457,0.044189453,18.885706483020247,25.123986816406276,0.01571733,0.04473877,10.803072301654987,22.756799316406276,0.014824691,0.09732056,6.068872795080537,0,0,0
2015-02-19 22:00:00,1058.9289,25.790460205078148,0.0166333,0.046279907,17.589330647079915,24.837335205078148,0.015916137,0.037597656,9.331509867969686,22.423272705078148,0.015050201,0.114349365,5.196671726566092,0,0,0
2015-02-19 23:00:00,1007.1677,25.563989257812523,0.016800914,0.044189453,15.84205459101031,24.462426757812523,0.016068492,0.057632446,7.227079299510697,22.204614257812523,0.015286479,0.1104126,4.519421571078282,0,0,0
2015-02-20 00:00:00,952.0052,25.352075195312523,0.01686161,0.039474487,14.661697311088924,24.203637695312523,0.016167335,0.08673096,6.787878946927717,22.109887695312523,0.015503577,0.11312866,4.343398003895724,0,0,0
2015-02-20 01:00:00,917.9281,25.163842773437523,0.016800195,0.034820557,14.04879952728912,23.968530273437523,0.016197473,0.093322754,6.783509580992172,22.054467773437523,0.015583306,0.12841797,4.389546078652248,0,0,0
2015-02-20 02:00:00,887.2816,25.010186767578148,0.01670826,0.028816223,14.0274124763354,23.689874267578148,0.016181832,0.08041382,6.67670965695392,22.017999267578148,0.015605813,0.1585083,4.461120687220837,0,0,0
2015-02-20 03:00:00,869.448,24.883905029296898,0.01660118,0.020988464,14.433123448866995,23.415155029296898,0.016173935,0.08041382,6.664644270587817,22.016717529296898,0.015632248,0.16583252,4.464635610459805,0,0,0
2015-02-20 04:00:00,860.3109,24.806817626953148,0.016486648,0.014461517,15.560308757160444,23.158380126953148,0.016135696,0.07424927,6.731835759000455,22.072442626953148,0.015723709,0.14813232,4.36062513576976,0,0,0
2015-02-20 05:00:00,871.2114,24.788903808593773,0.01639517,0.011821747,16.197177641107654,22.929528808593773,0.016097624,0.068725586,6.624589681334605,22.156091308593773,0.01576193,0.1560669,4.058930849793096,0,0,0
2015-02-20 06:00:00,887.9019,24.9186950683594,0.016326617,0.012607574,17.09542994415718,22.9499450683594,0.016090106,0.0680542,6.957065240433178,22.1999450683594,0.015777301,0.15136719,3.964618766226752,0,0,0
2015-02-20 07:00:00,1013.1839,26.065393066406276,0.016052205,0.027160645,22.26542874091136,25.143518066406276,0.01612087,0.060058594,11.511879571853394,22.893518066406276,0.016006429,0.15362549,4.179187111821975,0,0,0
2015-02-20 08:00:00,1203.015,27.186242675781276,0.015491813,0.037490845,26.240654202656582,27.920617675781276,0.015678734,0.049942017,15.358126012210397,24.397180175781276,0.01622805,0.16186523,4.212832091963422,0,0,0
2015-02-20 09:00:00,1300.4006,28.2402282714844,0.015228904,0.026901245,27.46700823056081,30.2558532714844,0.014809287,0.044830322,16.803218669463558,26.5996032714844,0.015946068,0.17340088,4.654537804723273,0,0,0
2015-02-20 10:00:00,1353.1345,29.266290283203148,0.014980981,0.02344513,28.06496992018865,32.14129028320315,0.01405401,0.04698181,17.4844858250928,28.235040283203148,0.01537771,0.17126465,4.8071503965285896,0,0,0
2015-02-20 11:00:00,1398.3059,30.038751220703148,0.014725091,0.023384094,27.916956320403425,33.46062622070315,0.013683679,0.049926758,17.375741030033033,28.976251220703148,0.015003564,0.13452148,4.587733698824836,0,0,0
2015-02-20 12:00:00,1408.1403,30.552636718750023,0.014587283,0.025924683,27.09767580095157,34.28701171875002,0.013687015,0.04724121,16.79207579512662,29.412011718750023,0.014434695,0.10321045,4.4895341667203255,0,0,0
2015-02-20 13:00:00,1420.6684,30.732232666015648,0.014529655,0.028579712,26.17790276901091,34.63848266601565,0.013709495,0.05029297,16.281942266877547,29.529107666015648,0.014125297,0.08270264,4.2311715325837325,0,0,0
2015-02-20 14:00:00,1420.8429,30.636865234375023,0.014578998,0.033691406,25.601106643599472,34.38686523437502,0.013766468,0.0466156,15.953680808373008,29.339990234375023,0.01411742,0.06503296,4.009479762170753,0,0,0
2015-02-20 15:00:00,1387.0383,30.193994140625023,0.0147275515,0.040634155,25.39573813900671,33.55336914062502,0.013842542,0.03768921,15.70401708636761,28.803369140625023,0.014220197,0.056854248,3.898410443840856,0,0,0
2015-02-20 16:00:00,1312.4145,29.452355957031276,0.014872313,0.04496765,25.50613146499426,32.06173095703127,0.013949156,0.032409668,15.656314821394629,27.921105957031276,0.014311552,0.04286194,3.944925641421548,0,0,0
2015-02-20 17:00:00,1195.8178,28.375878906250023,0.014998075,0.05369568,25.343550291579827,30.079003906250023,0.014006253,0.03501892,15.41666061043835,26.704003906250023,0.014265653,0.0337677,4.116474871987451,0,0,0
2015-02-20 18:00:00,1164.6832,27.209405517578148,0.015192628,0.058563232,24.074066657397225,27.865655517578148,0.014235139,0.02924347,12.920680940712051,24.959405517578148,0.014490724,0.041671753,3.917074051360317,0,0,0
2015-02-20 19:00:00,1202.7658,26.538537597656276,0.015486361,0.054870605,22.64127680059437,26.397912597656276,0.014696719,0.04220581,10.983418489703954,23.608850097656276,0.015047671,0.07098389,3.865987007379778,0,0,0
2015-02-20 20:00:00,1167.2806,26.192407226562523,0.015684554,0.06585693,21.17362143973125,25.458032226562523,0.015184829,0.045440674,10.21623687918794,22.997094726562523,0.0152039025,0.089782715,3.785297085530582,0,0,0
2015-02-20 21:00:00,1137.9367,25.964013671875023,0.015867518,0.05317688,19.841709733019343,24.846826171875023,0.015505122,0.052124023,9.504059632894528,22.651513671875023,0.015192317,0.0921936,3.79130348869648,0,0,0
2015-02-20 22:00:00,1092.3741,25.7536560058594,0.016005043,0.044387817,18.661167325614706,24.3708435058594,0.015646461,0.050720215,8.760669803356498,22.4099060058594,0.015203957,0.10296631,3.901139026983687,0,0,0
2015-02-20 23:00:00,1045.4603,25.589562988281276,0.016043779,0.039627075,18.132572022519454,23.972375488281276,0.015700456,0.053649902,8.484649754917585,22.238000488281276,0.015189285,0.11685181,4.028162255421926,0,0,0
2015-02-21 00:00:00,968.822,25.452905273437523,0.015976036,0.035568237,18.240583073180787,23.663842773437523,0.015747154,0.054244995,8.708065096239055,22.077905273437523,0.0151635045,0.122406006,4.193677755492527,0,0,0
2015-02-21 01:00:00,922.6756,25.333459472656276,0.015846575,0.032485962,18.78524075932332,23.356896972656276,0.015739763,0.06542969,8.865383356006113,21.935021972656276,0.015056933,0.11431885,4.496288008350268,0,0,0
2015-02-21 02:00:00,896.4288,25.162713623046898,0.015747484,0.026741028,18.13451114270152,23.029901123046898,0.015709337,0.06187439,8.774271421263364,21.787713623046898,0.014938768,0.10003662,4.789751837002069,0,0,0
2015-02-21 03:00:00,866.6465,25.001092529296898,0.015654642,0.021202087,16.96273724833509,22.727655029296898,0.01568516,0.056640625,8.760513555026483,21.641717529296898,0.014819224,0.084106445,5.09242316254078,0,0,0
2015-02-21 04:00:00,857.6267,24.947412109375023,0.015524281,0.019332886,16.111337269098204,22.455224609375023,0.015692128,0.049102783,8.422865971455067,21.455224609375023,0.014734639,0.07192993,5.235476552264282,0,0,0
2015-02-21 05:00:00,866.4971,24.825860595703148,0.0155622335,0.025375366,14.348318723219997,22.200860595703148,0.01571482,0.04374695,7.97696164678368,21.302423095703148,0.014616189,0.06619263,5.340870227842034,0,0,0
2015-02-21 06:00:00,853.7283,24.866876220703148,0.015722629,0.027175903,13.740997396857669,22.226251220703148,0.015745517,0.037979126,8.0751476498737,21.148126220703148,0.014547701,0.06869507,5.39280746198884,0,0,0
2015-02-21 07:00:00,878.0682,26.0285583496094,0.015791755,0.032821655,18.4461724753863,24.4269958496094,0.015768867,0.041168213,12.379580950323612,21.9113708496094,0.014525277,0.07522583,5.906487247606663,0,0,0
2015-02-21 08:00:00,1003.9349,27.295129394531276,0.01581536,0.04067993,22.452445962787976,27.263879394531276,0.015201193,0.039382935,15.596062999722353,23.724816894531276,0.014236075,0.069732666,6.119762809869354,0,0,0
2015-02-21 09:00:00,1100.6445,28.427545166015648,0.016029827,0.054840088,23.309543956876094,29.661920166015648,0.01428651,0.03338623,16.19508363509599,25.786920166015648,0.013752452,0.060638428,6.061520180717468,0,0,0
2015-02-21 10:00:00,1184.1226,29.466851806640648,0.016198324,0.076934814,23.65631643711774,31.748101806640648,0.013444113,0.022750854,15.895776266826356,27.435601806640648,0.013364004,0.051818848,5.787272445126977,0,0,0
2015-02-21 11:00:00,1200.6834,30.243981933593773,0.01629701,0.09967041,23.82702958547682,33.43148193359377,0.012882858,0.013000488,15.17278095341627,28.587731933593773,0.013184219,0.046524048,5.307330244658485,0,0,0
2015-02-21 12:00:00,1161.8946,30.750115966796898,0.01631938,0.11380005,24.14854637178224,34.5469909667969,0.012882337,0.006996155,14.207396190236537,29.312615966796898,0.013351545,0.03904724,4.511953385234039,0,0,0
2015-02-21 13:00:00,1145.324,30.986444091796898,0.016265582,0.11657715,24.743866871487697,35.0801940917969,0.013133716,0.0049095154,13.692593046592732,29.611444091796898,0.013709735,0.037460327,3.840807440624884,0,0,0
2015-02-21 14:00:00,1137.0279,30.895104980468773,0.016127953,0.10510254,25.272152413715585,35.09822998046877,0.013400445,0.0049419403,13.662793479343078,29.504479980468773,0.013831506,0.040267944,3.748439845743913,0,0,0
2015-02-21 15:00:00,1123.5821,30.513604736328148,0.015929349,0.07070923,25.729399813647184,34.51360473632815,0.013678678,0.006219864,13.88132054887661,28.997979736328148,0.013854154,0.03718567,4.034568187482043,0,0,0
2015-02-21 16:00:00,1087.5582,29.771386718750023,0.015784128,0.03173828,26.67448492008708,33.27138671875002,0.013964516,0.008468628,14.188092098568466,28.146386718750023,0.013819558,0.027946472,4.586967006976352,0,0,0
2015-02-21 17:00:00,1054.3335,28.576257324218773,0.01576059,0.013019562,27.23999992336996,31.263757324218773,0.014341521,0.013046265,14.336666162084768,26.857507324218773,0.013868499,0.025016785,5.320561033653274,0,0,0
2015-02-21 18:00:00,1066.5101,27.289666748046898,0.015912756,0.00595665,26.527725652069844,28.695916748046898,0.014856085,0.03086853,13.167931008456,25.149041748046898,0.014089331,0.026641846,6.013951322697897,0,0,0
2015-02-21 19:00:00,1123.9603,26.624658203125023,0.01613381,0.003832817,25.32882481393636,26.937158203125023,0.01529839,0.057769775,13.229408518745627,23.819970703125023,0.014321827,0.037994385,6.965826142026686,0,0,0
2015-02-21 20:00:00,1098.3911,26.376062011718773,0.016217735,0.008872986,23.977295512072292,25.969812011718773,0.01565316,0.06826782,12.823486399426612,23.047937011718773,0.014707115,0.05026245,6.722089436833577,0,0,0
2015-02-21 21:00:00,1053.0281,26.285699462890648,0.01621032,0.010887146,23.30876131161491,25.434136962890648,0.015889885,0.063568115,11.872441040586684,22.637261962890648,0.014901877,0.068847656,6.247361082293365,0,0,0
2015-02-21 22:00:00,1016.7001,26.162133789062523,0.01616494,0.008518219,23.556881777458333,25.130883789062523,0.016050499,0.058654785,11.28059870734018,22.419946289062523,0.015058678,0.09838867,5.873590470717225,0,0,0
2015-02-21 23:00:00,967.0272,25.979455566406276,0.016088502,0.006454468,24.284368955390285,24.909143066406276,0.016157167,0.04699707,11.004837907345268,22.331018066406276,0.015207308,0.11886597,5.549571912597037,0,0,0
2015-02-22 00:00:00,926.2419,25.770928955078148,0.016042659,0.007858276,24.86050746752706,24.708428955078148,0.016210506,0.03492737,11.069693271760489,22.247491455078148,0.015279721,0.11911011,5.5275998139394975,0,0,0
2015-02-22 01:00:00,891.9459,25.609338378906276,0.016080966,0.012058258,25.01148655795707,24.531213378906276,0.016225925,0.02658081,11.108598976555228,22.117150878906276,0.015272251,0.11053467,5.632135488852779,0,0,0
2015-02-22 02:00:00,844.0458,25.520562744140648,0.016302561,0.019714355,24.690957963419876,24.426812744140648,0.016149973,0.03352356,11.16045275600386,21.973687744140648,0.01524589,0.10574341,5.652860994010249,0,0,0
2015-02-22 03:00:00,852.8068,25.4619079589844,0.01673028,0.0260849,24.010677937727973,24.4228454589844,0.015944453,0.03075409,11.562697686232358,21.8369079589844,0.015185327,0.098602295,5.679546863855896,0,0,0
2015-02-22 04:00:00,841.3477,25.425805664062523,0.017165491,0.027389526,21.98663780165783,24.402368164062523,0.01567776,0.01977539,11.681558012843231,21.714868164062523,0.0151360715,0.086242676,5.634199843643531,0,0,0
2015-02-22 05:00:00,832.6966,25.419702148437523,0.017356275,0.031211853,20.77598623420574,24.138452148437523,0.015498518,0.012439728,10.9803488103775,21.638452148437523,0.015067457,0.07376099,5.738857243391054,0,0,0
2015-02-22 06:00:00,807.416,25.499322509765648,0.017409697,0.034698486,20.120393342861973,23.968072509765648,0.015303984,0.0099487305,10.503044275656295,21.616510009765648,0.014987364,0.05923462,6.000681685823709,0,0,0
2015-02-22 07:00:00,795.2786,26.269799804687523,0.017318279,0.041259766,22.829856999233893,25.551049804687523,0.015021831,0.0076580048,13.741507836775911,22.386987304687523,0.0148616135,0.0448761,6.724433086565243,0,0,0
2015-02-22 08:00:00,855.5199,27.400750732421898,0.01693712,0.051330566,25.896822065002613,27.822625732421898,0.014583452,0.008613586,16.545834056758487,24.221063232421898,0.014423234,0.02330017,7.382773576906326,0,0,0
2015-02-22 09:00:00,919.6283,28.6057067871094,0.016807837,0.03768921,25.710490324848735,30.0588317871094,0.014129921,0.0062828064,17.129823557250642,26.1682067871094,0.013859077,0.009433746,7.08209022055564,0,0,0
2015-02-22 10:00:00,979.7815,29.694268798828148,0.016747007,0.022888184,25.32332092924904,32.05364379882815,0.013889798,0.0040187836,16.95420863472216,27.803643798828148,0.013313779,0.0068798065,6.596399564972105,0,0,0
2015-02-22 11:00:00,1018.5656,30.568811035156276,0.016739396,0.01612854,24.665727221495708,33.58443603515627,0.013947038,0.0027599335,16.083306978563186,28.912561035156276,0.013336686,0.0124435425,5.7105168145114815,0,0,0
2015-02-22 12:00:00,1030.271,31.187829589843773,0.016693784,0.012542725,23.862842254821945,34.65657958984377,0.014153196,0.0029449463,15.137539080593776,29.515954589843773,0.013699247,0.023406982,4.817521754375567,0,0,0
2015-02-22 13:00:00,1042.2174,31.523309326171898,0.016647238,0.012760162,23.569977080601458,35.1639343261719,0.014308828,0.004360199,14.803066647337888,29.773309326171898,0.013908285,0.037368774,4.356393495930072,0,0,0
2015-02-22 14:00:00,1033.807,31.545831298828148,0.01660101,0.015155792,23.703075856388576,35.15520629882815,0.014316005,0.00838089,14.740349460636262,29.717706298828148,0.014018458,0.044937134,4.265838101272517,0,0,0
2015-02-22 15:00:00,1044.1433,31.129479980468773,0.016607782,0.018806458,24.1280496675906,34.58260498046877,0.014383814,0.010902405,14.749408226426752,29.223229980468773,0.014013789,0.04711914,4.486430307901128,0,0,0
2015-02-22 16:00:00,1029.8046,30.237481689453148,0.016675998,0.0146865845,24.83151017769717,33.37810668945315,0.0145473955,0.014564514,14.922010572846167,28.346856689453148,0.014017153,0.046783447,4.975172091627444,0,0,0
2015-02-22 17:00:00,1026.5009,28.895867919921898,0.01678287,0.016555786,25.49323367834897,31.411492919921898,0.014803043,0.01764679,14.821640678739582,27.020867919921898,0.014146915,0.051208496,5.567018551849871,0,0,0
2015-02-22 18:00:00,1044.1395,27.538842773437523,0.016996883,0.014640808,25.123818258705903,28.976342773437523,0.015295529,0.013492584,13.296033327962922,25.304467773437523,0.014498257,0.057373047,5.971886181783463,0,0,0
2015-02-22 19:00:00,1102.019,26.777246093750023,0.017249009,0.01153183,24.48227434700764,27.308496093750023,0.015768906,0.018325806,13.24992003218793,24.035058593750023,0.014525314,0.06689453,6.574757586749791,0,0,0
2015-02-22 20:00:00,1102.5413,26.439172363281276,0.01740136,0.010910034,23.867216410068416,26.470422363281276,0.016157769,0.030883789,13.192942466580895,23.298547363281276,0.014788292,0.077423096,6.068092488146679,0,0,0
2015-02-22 21:00:00,1098.4424,26.260827636718773,0.017439088,0.0146102905,23.970099477167643,25.987390136718773,0.016363343,0.030586243,12.617393967205814,22.917077636718773,0.014932832,0.09509277,5.571090761150991,0,0,0
2015-02-22 22:00:00,1070.3003,26.136804199218773,0.017378109,0.024665833,25.4922485059031,25.707116699218773,0.016432064,0.031692505,12.206371507171726,22.691491699218773,0.015039698,0.10046387,5.272701218131097,0,0,0
2015-02-22 23:00:00,1011.3323,26.024987792968773,0.017279165,0.02468872,26.74950142369042,25.509362792968773,0.01646282,0.030929565,12.03908623912731,22.595300292968773,0.015184895,0.104644775,5.032192605376164,0,0,0
2015-02-23 00:00:00,966.8424,25.907739257812523,0.017210372,0.025634766,26.74500991624273,25.329614257812523,0.01647032,0.027259827,11.924165631740594,22.509301757812523,0.015253432,0.112335205,4.990844201975119,0,0,0
2015-02-23 01:00:00,938.2059,25.806970214843773,0.017111255,0.029212952,27.09527927399064,25.181970214843773,0.016447498,0.026763916,12.2974321243513,22.385095214843773,0.015257313,0.12231445,5.133328981934392,0,0,0
2015-02-23 02:00:00,903.8671,25.735070800781276,0.01692822,0.026809692,27.523503683304614,25.031945800781276,0.016325498,0.03378296,12.940778764641657,22.289758300781276,0.0152611965,0.13085938,5.378014057440383,0,0,0
2015-02-23 03:00:00,889.0929,25.649560546875023,0.016752455,0.02129364,27.731937249819563,24.868310546875023,0.01618025,0.036987305,13.34628120660952,22.227685546875023,0.015272353,0.1251831,5.548645349088455,0,0,0
2015-02-23 04:00:00,886.1999,25.580895996093773,0.016569117,0.017074585,26.738656749554718,24.705895996093773,0.016111353,0.032699585,13.22356580951242,22.174645996093773,0.015253046,0.12030029,5.725634344014418,0,0,0
2015-02-23 05:00:00,897.537,25.551049804687523,0.016424391,0.018798828,25.61463916161777,24.535424804687523,0.016081069,0.019767761,12.707579019808524,22.129174804687523,0.015245651,0.10821533,5.9927303429401695,0,0,0
2015-02-23 06:00:00,926.7129,25.628625488281276,0.016363272,0.017791748,25.433741864297644,24.456750488281276,0.016073355,0.0078048706,12.350480191551828,22.113000488281276,0.015237937,0.08596802,6.249640742848571,0,0,0
2015-02-23 07:00:00,1037.4133,26.3271423339844,0.01624165,0.016067505,27.782877351451223,25.8349548339844,0.016058544,0.0040836334,14.822308609644155,22.8583923339844,0.01516972,0.06564331,6.980874104569927,0,0,0
2015-02-23 08:00:00,1237.968,27.414453125000023,0.01603639,0.010314941,29.71216902686928,28.133203125000023,0.015441298,0.0059375763,18.17072198990116,24.633203125000023,0.014766096,0.052200317,7.905657314355428,0,0,0
2015-02-23 09:00:00,1312.2937,28.614770507812523,0.015944919,0.0078315735,29.48043228060219,30.349145507812523,0.014651737,0.004016876,19.43137872898066,26.505395507812523,0.01423975,0.048721313,7.670394057156741,0,0,0
2015-02-23 10:00:00,1402.8169,29.705834960937523,0.015891679,0.010707855,28.868827782390078,32.19020996093752,0.014224656,0.005306244,19.63587693391531,27.940209960937523,0.0138775185,0.0513916,7.283683973844209,0,0,0
2015-02-23 11:00:00,1414.6225,30.468560791015648,0.015898747,0.014587402,27.44106179721539,33.56231079101565,0.014128728,0.00907135,19.013895667500385,28.859185791015648,0.013903661,0.051620483,6.647358029654644,0,0,0
2015-02-23 12:00:00,1413.9611,30.941430664062523,0.015920946,0.015663147,26.0911355585825,34.42580566406252,0.014189074,0.012184143,17.99412959693166,29.347680664062523,0.013914416,0.051132202,6.167511047427609,0,0,0
2015-02-23 13:00:00,1440.5607,31.1135192871094,0.015920494,0.020431519,25.358335454085964,34.7853942871094,0.014207696,0.016685486,17.091406098228163,29.4416442871094,0.013940667,0.05180359,5.858064638634914,0,0,0
2015-02-23 14:00:00,1436.7855,30.989556884765648,0.015881633,0.030540466,25.1711404397011,34.58330688476565,0.014115429,0.025787354,16.37086331597846,29.255181884765648,0.013882732,0.051956177,5.618953995613577,0,0,0
2015-02-23 15:00:00,1391.1611,30.491662597656276,0.015850455,0.02948761,25.179718139137425,33.67916259765627,0.014118581,0.039978027,15.848510027146602,28.757287597656276,0.013866811,0.056350708,5.562557314459596,0,0,0
2015-02-23 16:00:00,1333.4446,29.623864746093773,0.015811441,0.016426086,25.60110471249239,32.20198974609377,0.014155863,0.049697876,15.618088784023,27.920739746093773,0.013888834,0.053756714,5.770232593469631,0,0,0
2015-02-23 17:00:00,1187.8578,28.4033142089844,0.015864113,0.01115036,26.062214722752994,30.3251892089844,0.014258126,0.046844482,15.188823998278592,26.7314392089844,0.013907174,0.046951294,6.108405013485669,0,0,0
2015-02-23 18:00:00,1149.0493,27.129449462890648,0.016100317,0.00838089,25.415397302500416,28.129449462890648,0.014498144,0.04284668,13.270691822361478,25.145074462890648,0.014086157,0.059677124,6.2982237900495335,0,0,0
2015-02-23 19:00:00,1195.7257,26.429803466796898,0.016428044,0.007522583,24.412738964124216,26.757928466796898,0.014814427,0.039749146,12.159613811233072,23.953240966796898,0.014398625,0.07757568,6.440788833333481,0,0,0
2015-02-23 20:00:00,1169.2493,26.117303466796898,0.016694672,0.010097504,23.26647105895325,25.898553466796898,0.015180238,0.029701233,11.920376035916252,23.281365966796898,0.014672883,0.07293701,6.0582272729768105,0,0,0
2015-02-23 21:00:00,1124.5109,25.943994140625023,0.016884964,0.0122795105,22.61070604182808,25.256494140625023,0.015481154,0.025024414,10.90172751499868,22.858056640625023,0.014809768,0.07107544,5.876599069048965,0,0,0
2015-02-23 22:00:00,1085.2368,25.823632812500023,0.016946036,0.019371033,21.70030801440205,24.831445312500023,0.01564141,0.023139954,9.958931978712188,22.604882812500023,0.0148899155,0.07434082,5.621988665378996,0,0,0
2015-02-23 23:00:00,1022.9115,25.761621093750023,0.01686224,0.0263443,21.08442567350236,24.480371093750023,0.015694942,0.023475647,9.054497476975014,22.386621093750023,0.0148747815,0.08258057,5.414362118840101,0,0,0
2015-02-24 00:00:00,964.0458,25.673669433593773,0.016748207,0.024368286,20.76213474124643,24.064294433593773,0.01568772,0.024162292,8.031453199376463,22.165856933593773,0.014825599,0.088775635,5.455995156540497,0,0,0
2015-02-24 01:00:00,927.9999,25.5761657714844,0.01667175,0.015945435,19.464045645137,23.6699157714844,0.015634153,0.025177002,7.200346747631868,21.9511657714844,0.014783476,0.09625244,5.46178311460228,0,0,0
2015-02-24 02:00:00,907.7657,25.404626464843773,0.016717562,0.015708923,17.980611047937902,23.349938964843773,0.015542635,0.027496338,6.704122428044733,21.810876464843773,0.014745363,0.09542847,5.325587935966178,0,0,0
2015-02-24 03:00:00,880.5992,25.223199462890648,0.016770335,0.014873505,17.55644624137997,23.106011962890648,0.015423748,0.02217102,6.524627306587569,21.660699462890648,0.014725658,0.08981323,5.224216975626381,0,0,0
2015-02-24 04:00:00,875.5798,25.112481689453148,0.016800458,0.015281677,18.08738736089236,22.893731689453148,0.0153775755,0.021003723,6.357411236310223,21.510919189453148,0.014778668,0.08383179,5.041449153190874,0,0,0
2015-02-24 05:00:00,891.2392,25.050408935546898,0.016838474,0.024040222,18.113589046743247,22.769158935546898,0.015385074,0.026069641,6.432522163575318,21.456658935546898,0.014767093,0.089263916,4.787567327439313,0,0,0
2015-02-24 06:00:00,901.3636,25.086145019531276,0.01693002,0.033920288,17.555048759216724,22.890832519531276,0.0154041415,0.023612976,6.928064914386035,21.390832519531276,0.014732755,0.092803955,4.832244626563408,0,0,0
2015-02-24 07:00:00,1009.5041,26.022180175781276,0.016914336,0.05606079,20.76033329690621,25.037805175781276,0.015434234,0.02798462,11.394095066053628,22.240930175781276,0.014682739,0.098480225,5.502394526024059,0,0,0
2015-02-24 08:00:00,1208.8794,27.189721679687523,0.016571125,0.101379395,24.385838786082,27.783471679687523,0.014885029,0.03163147,15.292715784545743,24.189721679687523,0.014316639,0.084869385,6.145537250520428,0,0,0
2015-02-24 09:00:00,1306.1565,28.272302246093773,0.016296841,0.12365723,25.901162893928383,30.162927246093773,0.014225461,0.033721924,15.640396486608031,26.194177246093773,0.013702847,0.072052,6.11554109713659,0,0,0
2015-02-24 10:00:00,1367.1852,29.269708251953148,0.016114146,0.12921143,26.820277089985364,32.09783325195315,0.013840586,0.03239441,15.133563895016628,27.800958251953148,0.013188273,0.06123352,5.467490912535851,0,0,0
2015-02-24 11:00:00,1394.657,30.056665039062523,0.015885495,0.10171509,27.132597987202704,33.54104003906252,0.013753079,0.027427673,14.31208001332655,29.009790039062523,0.013093136,0.05177307,4.36222413510668,0,0,0
2015-02-24 12:00:00,1404.6675,30.583123779296898,0.01573287,0.06808472,27.08075417531981,34.5049987792969,0.013726338,0.021736145,13.698327284002184,29.676873779296898,0.013592823,0.045562744,3.011399089310093,0,0,0
2015-02-24 13:00:00,1444.8139,30.865747070312523,0.015568428,0.03930664,27.131380792920748,34.99074707031252,0.013683967,0.018089294,13.38563034722237,30.053247070312523,0.013462715,0.040222168,2.3973643374123146,0,0,0
2015-02-24 14:00:00,1452.0348,30.818444824218773,0.015350522,0.016365051,27.311197922874456,34.94344482421877,0.013775052,0.021621704,13.353451246279652,30.084069824218773,0.013328732,0.047210693,2.011282329738092,0,0,0
2015-02-24 15:00:00,1402.9806,30.383843994140648,0.015140345,0.0065727234,27.40240594923447,34.36821899414065,0.013873866,0.045288086,13.26578271563158,29.571343994140648,0.013545802,0.057617188,1.7736107634883664,0,0,0
2015-02-24 16:00:00,1321.5047,29.587579345703148,0.015204982,0.0024433136,26.65296568552896,33.27507934570315,0.013995723,0.06329346,12.642323881268686,28.650079345703148,0.013801173,0.061538696,1.7649958997089858,0,0,0
2015-02-24 17:00:00,1193.819,28.501824951171898,0.015445303,0.0009601116,25.01571124965612,31.470574951171898,0.014213156,0.06414795,11.46396204818758,27.454949951171898,0.013911795,0.050689697,1.6713996339745307,0,0,0
2015-02-24 18:00:00,1163.3092,27.3786560058594,0.01577744,0.001958847,22.9028892326946,29.2224060058594,0.014732215,0.070129395,8.848655624436025,25.7380310058594,0.01428208,0.04824829,1.7028353257521214,0,0,0
2015-02-24 19:00:00,1205.6703,26.766198730468773,0.016120914,0.005296707,21.300341837114484,27.703698730468773,0.015087131,0.087768555,8.097825330633478,24.438073730468773,0.014564518,0.04699707,2.2580636773756115,0,0,0
2015-02-24 20:00:00,1167.6898,26.520959472656276,0.01631922,0.0077667236,19.65890410682021,26.708459472656276,0.014953558,0.10610962,7.881731349878355,23.630334472656276,0.014739935,0.060440063,2.4654082489471687,0,0,0
2015-02-24 21:00:00,1116.407,26.360986328125023,0.016433496,0.007484436,17.93863081182151,25.892236328125023,0.015090723,0.10308838,6.860585004925036,23.087548828125023,0.0147016235,0.060760498,2.7146875956243197,0,0,0
2015-02-24 22:00:00,1062.478,26.174615478515648,0.0164795,0.009700775,17.69335931894387,25.205865478515648,0.01529313,0.08996582,5.611320494006951,22.658990478515648,0.014614114,0.05984497,3.03097813124462,0,0,0
2015-02-24 23:00:00,1006.4893,25.986291503906276,0.016419368,0.015048981,18.61660438921059,24.673791503906276,0.015461878,0.07336426,4.631958015469039,22.337854003906276,0.014607386,0.06777954,3.275441278328699,0,0,0
2015-02-25 00:00:00,946.0765,25.798913574218773,0.016273908,0.019477844,19.42950542737369,24.252038574218773,0.015583449,0.058441162,4.072077087868032,22.064538574218773,0.014610701,0.07659912,3.3916920444623204,0,0,0
2015-02-25 01:00:00,910.7023,25.592156982421898,0.016121093,0.021980286,19.750501524919308,23.943719482421898,0.015670959,0.051376343,4.138365707414221,21.803094482421898,0.014579956,0.08258057,3.510530684041054,0,0,0
2015-02-25 02:00:00,879.4601,25.358300781250023,0.01603765,0.02355194,19.39966982531029,23.678613281250023,0.015762992,0.046401978,4.468676592884159,21.592675781250023,0.0145232165,0.08947754,3.560938213728281,0,0,0
2015-02-25 03:00:00,853.5808,25.161187744140648,0.015894124,0.030181885,19.20662613018454,23.473687744140648,0.01582546,0.04232788,4.944219439145755,21.419000244140648,0.014475057,0.09487915,3.659962761486285,0,0,0
2015-02-25 04:00:00,850.0199,25.051171875000023,0.01573426,0.034484863,18.50685707650269,23.277734375000023,0.015848702,0.037490845,5.172274493781811,21.301171875000023,0.014437264,0.09402466,3.6923863096303857,0,0,0
2015-02-25 05:00:00,854.3866,24.926477050781276,0.015772594,0.03326416,17.009138016431397,23.043664550781276,0.015848888,0.03137207,5.438282119801324,21.207727050781276,0.014429821,0.08572388,3.723249997225488,0,0,0
2015-02-25 06:00:00,866.7739,24.881616210937523,0.015880229,0.036865234,16.45270507276617,23.030053710937523,0.015803935,0.027198792,6.282231778522629,21.147241210937523,0.014438274,0.0791626,3.7776846579375705,0,0,0
2015-02-25 07:00:00,965.2999,25.577355957031276,0.015713612,0.035003662,19.44998998175905,25.046105957031276,0.015545765,0.022468567,10.899960453066695,22.030480957031276,0.01447765,0.07324219,4.243311315231154,0,0,0
2015-02-25 08:00:00,1155.1639,26.666223144531276,0.015402762,0.032226562,21.26266741005524,27.705285644531276,0.0147313755,0.015296936,13.361278390310886,23.939660644531276,0.014121024,0.051452637,4.275637267950665,0,0,0
2015-02-25 09:00:00,1309.6809,27.679498291015648,0.015377717,0.024986267,20.50686212083577,29.976373291015648,0.013889985,0.008190155,12.672005330084634,26.023248291015648,0.013340669,0.04298401,3.5688943636634365,0,0,0
2015-02-25 10:00:00,1386.2732,28.723931884765648,0.015300408,0.01689148,19.372396592984035,31.989556884765648,0.013244286,0.0039691925,11.332589240237178,27.802056884765648,0.012721673,0.039031982,2.632689401708899,0,0,0
2015-02-25 11:00:00,1431.0174,29.670831298828148,0.015116641,0.014629364,18.389770301268,33.56145629882815,0.01305289,0.0021247864,9.78267492865656,29.295831298828148,0.012412021,0.038009644,1.678225915953928,0,0,0
2015-02-25 12:00:00,1426.9765,30.397302246093773,0.014872029,0.011390686,17.5578675461616,34.63167724609377,0.013121083,0.00269413,8.19174724343901,30.272302246093773,0.012819722,0.035888672,1.3745636447021814,0,0,0
2015-02-25 13:00:00,1456.2336,30.839227294921898,0.0146041345,0.007953644,16.59951998464724,35.3861022949219,0.0126128625,0.014205933,6.9049040906075065,30.823602294921898,0.013101144,0.034805298,2.192404466415892,0,0,0
2015-02-25 14:00:00,1463.23,31.023583984375023,0.014336475,0.0052318573,15.87720551316341,35.42983398437502,0.0126694525,0.049697876,5.740769386033175,30.867333984375023,0.013394245,0.0640564,3.3012748336580144,0,0,0
2015-02-25 15:00:00,1419.0915,30.910607910156276,0.014145205,0.0035190582,15.879982003458814,34.84810791015627,0.012779543,0.085632324,4.994829709011258,30.113732910156276,0.013725588,0.10128784,4.3519568152669255,0,0,0
2015-02-25 16:00:00,1348.1231,30.415612792968773,0.014164009,0.0025844574,15.886167620142796,33.50936279296877,0.012828865,0.09832764,4.058722639634866,28.884362792968773,0.013946571,0.1177063,5.220864107366508,0,0,0
2015-02-25 17:00:00,1229.5872,29.485406494140648,0.014396891,0.0021648407,15.999623666152154,31.922906494140648,0.013187632,0.111206055,2.9891569259253714,27.407281494140648,0.014332041,0.1451416,5.47976387434078,0,0,0
2015-02-25 18:00:00,1160.5602,28.221948242187523,0.014839722,0.0020303726,16.069123898299082,29.503198242187523,0.015289856,0.1104126,2.545573791243589,25.893823242187523,0.0147939455,0.16937256,4.975950690828575,0,0,0
2015-02-25 19:00:00,1199.2117,27.257409667968773,0.015287384,0.0023708344,17.082813661191995,28.507409667968773,0.015798554,0.09967041,2.350754833738588,24.858972167968773,0.01521872,0.18054199,4.418367931029533,0,0,0
2015-02-25 20:00:00,1165.7389,26.603173828125023,0.015629075,0.0023565292,16.7578777315164,27.868798828125023,0.016189836,0.08456421,2.139244271378929,24.189111328125023,0.015529893,0.19055176,3.8576642106433856,0,0,0
2015-02-25 21:00:00,1126.0939,26.197473144531276,0.015838476,0.0020561218,14.721948236822982,27.322473144531276,0.016319128,0.0664978,2.042967809381506,23.705285644531276,0.015754553,0.1975708,3.41988565805932,0,0,0
2015-02-25 22:00:00,1067.2751,25.832299804687523,0.016006054,0.0016341209,13.618380047419986,26.699487304687523,0.016089978,0.036697388,2.142501240466192,23.332299804687523,0.015891613,0.19238281,3.0653135368943536,0,0,0
2015-02-25 23:00:00,1004.8256,25.490625000000023,0.01615874,0.0019164085,13.342627351870355,25.967187500000023,0.015685717,0.022727966,2.700795104256369,23.006250000000023,0.015945116,0.1795044,2.8404020014186524,0,0,0
2015-02-26 00:00:00,945.6614,25.173730468750023,0.016288972,0.0026187897,12.97715051723124,25.290917968750023,0.015518403,0.021217346,3.483943577901902,22.728417968750023,0.015915131,0.16534424,2.7592369710371485,0,0,0
2015-02-26 01:00:00,917.2635,24.897393798828148,0.016396584,0.0029115677,12.310624962567664,24.686456298828148,0.015397133,0.01965332,4.291657910137441,22.483331298828148,0.015847268,0.14123535,2.822892679110215,0,0,0
2015-02-26 02:00:00,896.4195,24.681085205078148,0.016496826,0.0052833557,11.755019361706376,24.142022705078148,0.0152684925,0.015640259,4.80996218660524,22.290460205078148,0.015726257,0.10821533,2.960716473626093,0,0,0
2015-02-26 03:00:00,874.6707,24.572351074218773,0.016581366,0.011291504,11.812555977824951,23.650476074218773,0.015120338,0.009399414,5.074480605207608,22.119226074218773,0.015520881,0.07940674,3.143346735607821,0,0,0
2015-02-26 04:00:00,870.7484,24.525048828125023,0.016650563,0.013088226,11.2682406445239,23.196923828125023,0.014960652,0.004377365,5.061046391652688,21.923486328125023,0.015250569,0.06958008,3.2049260668625688,0,0,0
2015-02-26 05:00:00,879.1055,24.472467041015648,0.016712176,0.012256622,10.310812694882742,22.784967041015648,0.014801013,0.0021448135,4.958640914267163,21.722467041015648,0.0149497865,0.068481445,3.187888927293327,0,0,0
2015-02-26 06:00:00,909.2972,24.581994628906276,0.016788106,0.012084961,9.858118733262774,22.597619628906276,0.014690023,0.0014753342,5.459880509798214,21.550744628906276,0.0146823935,0.07009888,3.2348589593131507,0,0,0
2015-02-26 07:00:00,981.8721,25.632714843750023,0.016741788,0.014823914,12.902823666994095,24.140527343750023,0.014418637,0.0014204979,8.429366929797173,22.148339843750023,0.014426267,0.06439209,3.674870048872291,0,0,0
2015-02-26 08:00:00,1181.1543,26.7790466308594,0.016519647,0.024131775,14.085840200891074,26.8806091308594,0.013532739,0.0017333031,10.24724241053483,23.7477966308594,0.013849359,0.054473877,3.810770877137532,0,0,0
2015-02-26 09:00:00,1312.9393,27.918359375000023,0.016457764,0.022567749,13.297279825469415,29.433984375000023,0.012761322,0.0021152496,9.367118757566775,25.746484375000023,0.013394562,0.045791626,3.248128821829683,0,0,0
2015-02-26 10:00:00,1407.9375,29.056237792968773,0.016281437,0.018661499,12.35238195144028,31.853112792968773,0.011860203,0.0022630692,8.073307689097863,27.696862792968773,0.013244938,0.048828125,2.316224148107327,0,0,0
2015-02-26 11:00:00,1448.2243,30.0519958496094,0.016006097,0.014160156,11.664298592878117,33.8801208496094,0.011096582,0.0022087097,6.987940345496432,29.3801208496094,0.013209924,0.051712036,1.8707671795925005,0,0,0
2015-02-26 12:00:00,1454.6757,30.860498046875023,0.015723327,0.012928009,11.446197984624533,35.32924804687502,0.010832885,0.0018692017,6.0279101960872215,30.501123046875023,0.013526062,0.059936523,2.44674256065004,0,0,0
2015-02-26 13:00:00,1482.0875,31.474145507812523,0.015486535,0.017578125,11.65489764430049,36.06789550781252,0.011294182,0.0014848709,5.205625421947912,30.989770507812523,0.01402932,0.081329346,3.28866225174487,0,0,0
2015-02-26 14:00:00,1481.6147,31.813562011718773,0.015348747,0.018089294,12.239022218133156,36.29793701171877,0.011400536,0.0011219978,4.7522191916978285,30.751062011718773,0.014108971,0.08544922,4.231663341984164,0,0,0
2015-02-26 15:00:00,1452.8641,31.842706298828148,0.015271401,0.016090393,13.209856497528758,35.92083129882815,0.011498665,0.0008018017,4.520750136540128,30.077081298828148,0.0141689535,0.08441162,4.845176673714976,0,0,0
2015-02-26 16:00:00,1367.4552,31.415399169921898,0.015331597,0.016181946,14.603604955967583,34.8372741699219,0.011631341,0.0007276535,4.364829312162895,29.134149169921898,0.0143435905,0.08615112,5.080121613946639,0,0,0
2015-02-26 17:00:00,1271.5511,30.520074462890648,0.015544779,0.013290405,16.004017783203007,32.92632446289065,0.0126952,0.0007712841,3.753262298639046,27.816949462890648,0.014697916,0.08743286,4.837896641283603,0,0,0
2015-02-26 18:00:00,1195.6226,29.123742675781276,0.016017618,0.0070266724,17.64349882654473,29.873742675781276,0.015128793,0.0013136864,3.308648502477803,26.342492675781276,0.0149990935,0.075042725,4.153707032074709,0,0,0
2015-02-26 19:00:00,1229.1,27.853814697265648,0.016612463,0.005941391,20.23626609466533,28.572564697265648,0.015330724,0.004556656,3.190418913011249,25.244439697265648,0.015277319,0.057510376,3.567611901680873,0,0,0
2015-02-26 20:00:00,1199.5511,26.943658447265648,0.016887033,0.005104065,20.89565774445117,27.740533447265648,0.015612924,0.009590149,3.1078361130589798,24.443658447265648,0.015475594,0.047332764,3.195178421303993,0,0,0
2015-02-26 21:00:00,1150.5821,26.536004638671898,0.016994007,0.004047394,19.36008371603024,27.036004638671898,0.015796192,0.013450623,3.1743011831949235,23.809442138671898,0.015590199,0.040603638,3.1062934304469043,0,0,0
2015-02-26 22:00:00,1108.879,26.268365478515648,0.01707066,0.0036334991,18.379497865079475,26.346490478515648,0.015651593,0.016921997,3.4926103251459417,23.393365478515648,0.015643964,0.041397095,3.264565320544443,0,0,0
2015-02-26 23:00:00,1057.4094,26.0541931152344,0.017116945,0.0057048798,18.089415364853213,25.7495056152344,0.015480441,0.019950867,3.975111567533007,23.1557556152344,0.015598697,0.04222107,3.4114820534073185,0,0,0
2015-02-27 00:00:00,1007.2678,25.894067382812523,0.017178398,0.009380341,18.015554040271137,25.206567382812523,0.015358786,0.022628784,4.495201050587056,22.909692382812523,0.015465598,0.04222107,3.485856425711716,0,0,0
2015-02-27 01:00:00,946.4399,25.767633056640648,0.017277932,0.014705658,18.44441287414627,24.752008056640648,0.015309548,0.023666382,4.937324837583492,22.658258056640648,0.015301919,0.038528442,3.509708498074317,0,0,0
2015-02-27 02:00:00,921.4883,25.684381103515648,0.017377682,0.024047852,18.690149693264647,24.371881103515648,0.015352078,0.021606445,5.120730777682983,22.371881103515648,0.0151918605,0.03916931,3.4691047610763723,0,0,0
2015-02-27 03:00:00,908.4987,25.679772949218773,0.01740846,0.030921936,18.93658372531949,24.101647949218773,0.015451522,0.026374817,5.318200931381345,22.086022949218773,0.015138716,0.04095459,3.4646372895083206,0,0,0
2015-02-27 04:00:00,903.0605,25.668359375000023,0.017392948,0.02872467,18.494943651545093,23.863671875000023,0.015630558,0.033721924,4.986993835693245,21.933984375000023,0.0150202075,0.040222168,3.3524295650994125,0,0,0
2015-02-27 05:00:00,917.9332,25.590173339843773,0.017392602,0.017204285,16.792461475023153,23.660485839843773,0.015836205,0.038085938,4.723298120540143,21.746423339843773,0.014924493,0.039093018,3.32711467182749,0,0,0
2015-02-27 06:00:00,930.6109,25.584619140625023,0.017346332,0.013141632,16.005410919777646,23.717431640625023,0.016011188,0.036102295,4.990657999769209,21.615869140625023,0.01484389,0.039367676,3.3245836872107493,0,0,0
2015-02-27 07:00:00,1022.8325,26.361901855468773,0.017177932,0.017196655,19.228710214384872,25.572839355468773,0.016109817,0.03337097,9.068321797352414,22.400964355468773,0.014912003,0.040252686,3.5763695381077247,0,0,0
2015-02-27 08:00:00,1199.3561,27.506433105468773,0.016879937,0.028877258,21.48378273331367,27.959558105468773,0.015849968,0.035217285,11.739064599225738,24.318933105468773,0.014572044,0.034103394,3.717600768929113,0,0,0
2015-02-27 09:00:00,1335.8023,28.660821533203148,0.016757611,0.040542603,21.599926757688323,30.379571533203148,0.015277508,0.03501892,11.433884326199566,26.582696533203148,0.013904217,0.04045105,3.2990610997814125,0,0,0
2015-02-27 10:00:00,1421.6641,29.730981445312523,0.016627777,0.044525146,21.20532911006136,32.52785644531252,0.014739502,0.035858154,10.46780398885655,28.512231445312523,0.013331879,0.06341553,2.5577546072940684,0,0,0
2015-02-27 11:00:00,1453.1152,30.5671325683594,0.016528456,0.04093933,21.069318663992053,34.2233825683594,0.0145257395,0.035736084,9.514043847621927,29.9421325683594,0.013224928,0.0630188,1.5219247696275844,0,0,0
2015-02-27 12:00:00,1461.6209,31.198510742187523,0.016383272,0.036987305,21.16010500789901,35.33913574218752,0.014468293,0.04298401,8.938929917983097,30.823510742187523,0.013804535,0.06304932,0.3780466546319933,0,0,0
2015-02-27 13:00:00,1492.9365,31.527062988281276,0.016169718,0.035629272,21.2631556818545,35.93331298828127,0.0139152305,0.06454468,8.855409966514754,31.214562988281276,0.014105965,0.06448364,0.1387774763175118,0,0,0
2015-02-27 14:00:00,1483.8517,31.492639160156276,0.015978374,0.028457642,21.318498385512196,35.82076416015627,0.013617076,0.09609985,8.71907143277197,31.180139160156276,0.01407484,0.072509766,0.5280717326280555,0,0,0
2015-02-27 15:00:00,1439.0632,31.139672851562523,0.01582507,0.017662048,21.381951480655214,35.12404785156252,0.013585843,0.1237793,8.383279275688277,30.670922851562523,0.014035977,0.07254028,1.0062720444438469,0,0,0
2015-02-27 16:00:00,1366.4436,30.392724609375023,0.015801573,0.008037567,21.77534079914584,34.03334960937502,0.013764525,0.13641357,8.05099502479552,29.658349609375023,0.014248991,0.06484985,1.1496922734320367,0,0,0
2015-02-27 17:00:00,1249.5016,29.1796813964844,0.015976904,0.0045490265,22.59960460485755,32.4921813964844,0.014122961,0.09408569,7.2524144170972,28.2890563964844,0.014657019,0.05444336,0.9225302872686834,0,0,0
2015-02-27 18:00:00,1209.2918,27.857843017578148,0.016290119,0.002998352,22.856965106545445,30.232843017578148,0.015084675,0.06921387,4.02762354059253,26.545343017578148,0.0154547,0.049606323,0.946756704891448,0,0,0
2015-02-27 19:00:00,1252.9119,27.030328369140648,0.016604029,0.005596161,22.36642724869338,28.842828369140648,0.015390956,0.06845093,3.5133555907667,25.202203369140648,0.015673243,0.086639404,1.1296226561997846,0,0,0
2015-02-27 20:00:00,1180.0675,26.677667236328148,0.01680237,0.012073517,20.862808837798884,27.896417236328148,0.015471042,0.06008911,4.311178771260375,24.240167236328148,0.01581055,0.09841919,1.430951554611973,0,0,0
2015-02-27 21:00:00,1166.2989,26.521508789062523,0.016901625,0.017097473,19.43549108985437,27.068383789062523,0.015570295,0.04762268,5.433872417705839,23.615258789062523,0.015871657,0.08654785,1.7541973567401257,0,0,0
2015-02-27 22:00:00,1106.3358,26.4059997558594,0.017031532,0.020523071,18.638817281242787,26.2653747558594,0.015848976,0.040985107,6.358656571130997,23.1872497558594,0.015833717,0.07711792,2.4598870613178123,0,0,0
2015-02-27 23:00:00,1103.5443,26.302117919921898,0.017169226,0.021720886,18.31045908728956,25.684930419921898,0.016139258,0.036727905,7.120264234247416,22.809930419921898,0.015773047,0.07345581,3.363825341851291,0,0,0
2015-02-28 00:00:00,1065.8837,26.143090820312523,0.017299188,0.024909973,18.35506095425121,25.166528320312523,0.016376032,0.030471802,6.863304116086696,22.541528320312523,0.015780939,0.076812744,3.704776150508749,0,0,0
2015-02-28 01:00:00,965.3089,25.985131835937523,0.017352706,0.031196594,18.75910421058776,24.735131835937523,0.016460067,0.02758789,6.862543900146148,22.399194335937523,0.015811568,0.09396362,3.89772755367825,0,0,0
2015-02-28 02:00:00,929.9877,25.853601074218773,0.01731456,0.03656006,19.094386329349096,24.408288574218773,0.01645244,0.021438599,6.908783894361353,22.353601074218773,0.015842088,0.115753174,4.097308794533013,0,0,0
2015-02-28 03:00:00,896.7364,25.758203125000023,0.017276503,0.03616333,19.10070413619705,24.172265625000023,0.016406752,0.015377045,6.990931473256588,22.281640625000023,0.015872695,0.12524414,4.291423370477182,0,0,0
2015-02-28 04:00:00,885.454,25.658563232421898,0.017291842,0.03779602,19.03231317265845,23.963250732421898,0.016376315,0.016975403,7.005568480204513,22.213250732421898,0.015910922,0.1111145,4.506139058137598,0,0,0
2015-02-28 05:00:00,894.0852,25.623498535156276,0.017375762,0.050613403,18.75131289348808,23.810998535156276,0.016376311,0.018630981,7.142739316077479,22.123498535156276,0.015918547,0.09838867,4.748639453987947,0,0,0
2015-02-28 06:00:00,881.927,25.689782714843773,0.017505221,0.055221558,19.057813684973727,23.924157714843773,0.016406588,0.0207901,8.2213343513225,22.072595214843773,0.015925936,0.08718872,4.973447250658665,0,0,0
2015-02-28 07:00:00,939.5976,26.369989013671898,0.017489575,0.050338745,22.76149425515687,25.784051513671898,0.016436718,0.025917053,12.43874826886105,22.549676513671898,0.016108654,0.08364868,5.762829507604387,0,0,0
2015-02-28 08:00:00,1122.1967,27.537713623046898,0.017145803,0.07305908,26.92479179960633,28.443963623046898,0.015879324,0.026100159,16.44166969006693,23.568963623046898,0.016260793,0.08508301,6.510004900389906,0,0,0
2015-02-28 09:00:00,1222.2865,28.727746582031276,0.016870748,0.07385254,28.537718185813837,30.727746582031276,0.015196095,0.019187927,17.326483090817558,25.602746582031276,0.015749227,0.087249756,6.89987690027972,0,0,0
2015-02-28 10:00:00,1294.7379,29.803857421875023,0.016771283,0.06227112,28.97624959810162,32.75698242187502,0.01466557,0.013019562,17.040365294718345,27.756982421875023,0.015027966,0.07867432,6.575150465603408,0,0,0
2015-02-28 11:00:00,1309.804,30.526940917968773,0.016771207,0.059768677,28.621278116729105,34.21444091796877,0.0144671295,0.01064682,15.83150775758323,29.167565917968773,0.014856229,0.061019897,5.466791222866853,0,0,0
2015-02-28 12:00:00,1278.6183,31.004022216796898,0.016847529,0.07531738,27.988264883543717,35.1602722167969,0.014497676,0.0181427,14.766014224780694,29.957147216796898,0.014932551,0.05583191,4.316287028189483,0,0,0
2015-02-28 13:00:00,1247.0756,31.217980957031276,0.01691602,0.09454346,27.110282585672177,35.62423095703127,0.014558538,0.044036865,14.217459601902805,30.311730957031276,0.014833196,0.052139282,3.693697391658198,0,0,0
2015-02-28 14:00:00,1239.9563,31.177392578125023,0.01692324,0.1126709,26.26299695684545,35.53676757812502,0.014664939,0.08291626,13.858711026187574,30.302392578125023,0.014661124,0.05836487,3.384081942479276,0,0,0
2015-02-28 15:00:00,1218.3895,30.812310791015648,0.016930722,0.115448,25.43971450501518,34.84356079101565,0.014779233,0.10357666,13.624413590717142,29.890435791015648,0.014615201,0.058776855,3.3533456009879936,0,0,0
2015-02-28 16:00:00,1186.3397,30.1223083496094,0.01696892,0.10165405,25.200438468388278,33.5910583496094,0.014893725,0.094573975,13.787337771695103,29.0285583496094,0.014599993,0.05960083,3.729051212391848,0,0,0
2015-02-28 17:00:00,1147.6253,29.0725036621094,0.017083216,0.07513428,25.598070763372785,31.7600036621094,0.015095759,0.06442261,13.84097544126755,27.6818786621094,0.014737178,0.06460571,4.257547612621211,0,0,0
2015-02-28 18:00:00,1156.4353,27.881005859375023,0.017342534,0.04951477,26.17807085009545,29.490380859375023,0.015587773,0.05229187,12.606332223195691,25.756005859375023,0.015522923,0.08731079,4.662590946404809,0,0,0
2015-02-28 19:00:00,1152.2403,27.140924072265648,0.01763226,0.033599854,26.82419018265189,27.687799072265648,0.01612927,0.061843872,13.382558471620362,24.297174072265648,0.015862241,0.11102295,5.763885146215161,0,0,0
2015-02-28 20:00:00,1127.8577,26.786584472656276,0.017792096,0.024307251,27.048430076070552,26.458459472656276,0.016678205,0.0725708,13.83632316237101,23.403771972656276,0.015907636,0.10183716,6.434697571163421,0,0,0
2015-02-28 21:00:00,1080.1708,26.583764648437523,0.017844947,0.020713806,27.21816855228912,25.865014648437523,0.017013343,0.071777344,13.41542738283107,22.825952148437523,0.016113074,0.10247803,6.189060361226672,0,0,0
2015-02-28 22:00:00,1043.3217,26.477563476562523,0.017798873,0.022010803,26.941721466729263,25.602563476562523,0.017142745,0.068115234,11.897631292450347,22.586938476562523,0.016211959,0.11273193,5.990344919453998,0,0,0
2015-02-28 23:00:00,1012.1292,26.373254394531276,0.017714893,0.031059265,26.305708639130707,25.513879394531276,0.017287647,0.06967163,10.347813250861607,22.552941894531276,0.016333973,0.1305542,5.359181723265312,0,0,0
2015-03-01 00:00:00,987.4749,26.253961181640648,0.017631173,0.051330566,25.71428967721091,25.519586181640648,0.017478585,0.114471436,9.88875822411934,22.597711181640648,0.016479135,0.14959717,4.178812611504796,0,0,0
2015-03-01 01:00:00,959.3752,26.137353515625023,0.017532412,0.050048828,26.30124472801932,25.527978515625023,0.017639223,0.12387085,10.328299553531572,22.723291015625023,0.016586367,0.15350342,3.4376330180007546,0,0,0
2015-03-01 02:00:00,950.2269,26.003564453125023,0.017418094,0.03543091,27.943040295869068,25.378564453125023,0.017685123,0.088653564,11.13929096040614,22.894189453125023,0.016685672,0.16461182,3.3000586634536844,0,0,0
2015-03-01 03:00:00,934.0014,25.859155273437523,0.017349368,0.025123596,29.5331282884815,25.124780273437523,0.017593509,0.07507324,11.941241967865295,22.999780273437523,0.016800052,0.16778564,3.590922259184789,0,0,0
2015-03-01 04:00:00,921.6899,25.740441894531276,0.01731182,0.027122498,29.37379732827238,24.818566894531276,0.017380485,0.0725708,12.075854594631132,23.013879394531276,0.016800651,0.19104004,4.080742126457248,0,0,0
2015-03-01 05:00:00,914.7934,25.683953857421898,0.017304722,0.032943726,27.69981083443842,24.629266357421898,0.017228428,0.06062317,11.65059347974067,22.926141357421898,0.016671482,0.19818115,4.507636914197054,0,0,0
2015-03-01 06:00:00,888.3938,25.730737304687523,0.017327473,0.030822754,26.23747186391193,24.590112304687523,0.01722829,0.046401978,11.382474840296824,22.855737304687523,0.016579792,0.18054199,4.875878158117282,0,0,0
2015-03-01 07:00:00,865.1266,26.394738769531276,0.01725099,0.037719727,28.25602361414993,25.550988769531276,0.017594313,0.052505493,13.049746649025789,23.207238769531276,0.01675508,0.1671753,5.245048880408412,0,0,0
2015-03-01 08:00:00,941.8521,27.474023437500023,0.01677013,0.06729126,32.29504944269105,27.224023437500023,0.017464405,0.05996704,15.963340179150885,24.059960937500023,0.016968494,0.15899658,5.544619070440413,0,0,0
2015-03-01 09:00:00,987.451,28.612634277343773,0.016441863,0.072906494,33.551069489898765,29.581384277343773,0.016457122,0.037200928,18.85280252766078,25.800134277343773,0.016434234,0.13232422,5.746772722886788,0,0,0
2015-03-01 10:00:00,1021.7926,29.520562744140648,0.016365413,0.07778931,33.542803447027765,31.614312744140648,0.015854243,0.020088196,19.47165523693391,27.723687744140648,0.015591028,0.1071167,5.719438915343677,0,0,0
2015-03-01 11:00:00,1055.4467,30.2717224121094,0.016388215,0.08166504,32.37433523313042,33.1310974121094,0.015510836,0.014808655,19.01219966132047,28.9904724121094,0.015163698,0.08670044,5.417340284668086,0,0,0
2015-03-01 12:00:00,1066.3254,30.553369140625023,0.016380597,0.08258057,30.917181005046825,34.08461914062502,0.015369702,0.016113281,18.169405086269744,29.568994140625023,0.015224744,0.0897522,4.888191486428863,0,0,0
2015-03-01 13:00:00,1083.3517,30.5756774902344,0.016319595,0.08190918,30.05111502357535,34.5600524902344,0.015274367,0.027923584,17.4967312446653,29.7319274902344,0.015068374,0.08920288,4.845290825680622,0,0,0
2015-03-01 14:00:00,1078.9879,30.289422607421898,0.016189761,0.06814575,29.62998950516473,34.3206726074219,0.015251346,0.047286987,17.328892575213825,29.570672607421898,0.014949985,0.08352661,5.105530623489364,0,0,0
2015-03-01 15:00:00,1073.2706,29.691430664062523,0.015968336,0.037506104,29.55644460974205,33.41018066406252,0.015312208,0.054336548,17.564628256000308,29.035180664062523,0.0148124825,0.07901001,5.660881437676312,0,0,0
2015-03-01 16:00:00,1063.4001,28.967126464843773,0.015628785,0.009742737,29.430185322309285,31.623376464843773,0.015312165,0.04522705,18.096190583862143,28.060876464843773,0.014652222,0.06732178,6.417555332160776,0,0,0
2015-03-01 17:00:00,1054.7252,27.987817382812523,0.015362007,0.0018434525,29.280083688084808,29.550317382812523,0.015167457,0.02911377,18.442634340396555,26.534692382812523,0.014660102,0.057724,7.036324292046713,0,0,0
2015-03-01 18:00:00,1077.679,26.931542968750023,0.015457222,0.0008895397,28.165671861525563,27.244042968750023,0.015224526,0.022918701,16.784000980213527,24.540917968750023,0.014946053,0.06098938,7.444885259580588,0,0,0
2015-03-01 19:00:00,1086.6037,26.391717529296898,0.016052008,0.0055770874,27.24442162207677,25.938592529296898,0.015475987,0.021835327,15.95193682065216,23.360467529296898,0.015170812,0.07910156,7.177786224302526,0,0,0
2015-03-01 20:00:00,1099.6208,26.263391113281276,0.016692793,0.013023376,26.8027643970037,25.513391113281276,0.015590346,0.017311096,15.67039119736072,23.044641113281276,0.014999068,0.08093262,6.985568327887605,0,0,0
2015-03-01 21:00:00,1085.5989,26.244531250000023,0.016960004,0.01914978,27.029430981065,25.307031250000023,0.015510418,0.012706757,15.4490651560791,22.869531250000023,0.014995434,0.06845093,6.789705910697441,0,0,0
2015-03-01 22:00:00,1048.2313,26.250054931640648,0.016899088,0.026412964,27.89400294670209,25.101617431640648,0.015293101,0.007888794,15.010961266017672,22.820367431640648,0.014904002,0.049835205,6.659196056609336,0,0,0
2015-03-01 23:00:00,997.7258,26.202539062500023,0.016655296,0.043914795,27.820502546475986,24.921289062500023,0.015011161,0.033798218,14.292130808656834,22.702539062500023,0.014671653,0.034835815,6.498849147738094,0,0,0
2015-03-02 00:00:00,956.1538,26.011437988281276,0.016510978,0.034942627,26.16733604530671,24.831750488281276,0.0149202505,0.057052612,13.48433035302755,22.472375488281276,0.014508263,0.033493042,6.300673857481406,0,0,1
2015-03-02 01:00:00,909.9694,25.817712402343773,0.016328765,0.028923035,25.931556948088424,24.677087402343773,0.015146209,0.061843872,12.458002501382913,22.216149902343773,0.014444305,0.05079651,6.002080318296135,0,0,1
2015-03-02 02:00:00,858.9583,25.667810058593773,0.015886907,0.021636963,26.348463664426166,24.574060058593773,0.01553214,0.04878235,12.29059080909146,22.074060058593773,0.014486913,0.075286865,5.729374595984138,0,0,1
2015-03-02 03:00:00,851.0059,25.518395996093773,0.015413919,0.014041901,26.851761948724644,24.487145996093773,0.015848795,0.043701172,12.278864253453426,22.104333496093773,0.014635721,0.09249878,5.505246212725815,0,0,1
2015-03-02 04:00:00,854.8579,25.394128417968773,0.015097245,0.008560181,26.781688822797783,24.308190917968773,0.01597081,0.03753662,12.048859842264545,22.230065917968773,0.014826401,0.08148193,5.213093412363277,0,0,1
2015-03-02 05:00:00,872.4046,25.276452636718773,0.014948286,0.004257202,25.745675349354038,24.221765136718773,0.015932478,0.027687073,12.339122575080108,22.370202636718773,0.015032209,0.079589844,5.209180584570945,0,0,1
2015-03-02 06:00:00,891.4508,25.235528564453148,0.014764915,0.0022506714,25.45502453202081,24.212091064453148,0.01571096,0.027114868,12.795118515700064,22.454278564453148,0.015096794,0.08544922,5.604169529721499,0,0,1
2015-03-02 07:00:00,1027.3528,25.9912048339844,0.01437168,0.00065016747,28.6516552831397,25.6865173339844,0.015229987,0.016616821,16.13552385281875,23.2724548339844,0.015218543,0.069244385,6.407685409881771,0,0,1
2015-03-02 08:00:00,1197.5061,27.135949707031276,0.014127216,0.0011372566,31.358730199368672,27.885949707031276,0.014195881,0.007129669,19.7489557690346,24.909387207031276,0.014764271,0.048355103,7.2160175016829555,0,0,1
2015-03-02 09:00:00,1306.5471,28.338952636718773,0.014516052,0.018722534,30.98609411598133,29.995202636718773,0.013272461,0.003651619,21.10082576636424,26.542077636718773,0.014012512,0.030815125,7.77870702163713,0,0,1
2015-03-02 10:00:00,1372.1466,29.390985107421898,0.015233177,0.07324219,29.90091455394148,31.734735107421898,0.012688774,0.00360775,21.76071231517634,27.797235107421898,0.013257164,0.02872467,8.154363164026964,0,0,1
2015-03-02 11:00:00,1413.3268,30.100061035156276,0.015862681,0.12683105,29.462768253081133,33.00631103515627,0.01233027,0.0038223267,21.93199036882166,28.521936035156276,0.012810922,0.020698547,8.295501409072852,0,0,1
2015-03-02 12:00:00,1423.2565,30.647515869140648,0.016083797,0.13458252,29.721778236883807,33.74126586914065,0.011944851,0.0031700134,21.60956399897013,28.788140869140648,0.012372097,0.013309479,8.2705334044171,0,0,1
2015-03-02 13:00:00,1451.9682,30.868280029296898,0.016053319,0.106658936,30.017762563787752,33.7276550292969,0.011681676,0.0023441315,21.049595583838755,28.774530029296898,0.011929631,0.009273529,8.13772305653122,0,0,1
2015-03-02 14:00:00,1468.8801,30.760705566406276,0.015946297,0.08062744,29.923902999159804,33.15133056640627,0.0116051715,0.0018801689,20.4810126227137,28.416955566406276,0.01155558,0.0059986115,8.134731218977361,0,0,1
2015-03-02 15:00:00,1437.172,30.330712890625023,0.015869608,0.054260254,29.7403290642784,32.17446289062502,0.011677256,0.0031499863,19.83006348569464,27.768212890625023,0.011326304,0.0032453537,8.288546534954689,0,0,1
2015-03-02 16:00:00,1336.5159,29.455194091796898,0.015861828,0.050430298,29.824235234523933,30.783319091796898,0.0120356865,0.009601593,18.95008230870874,26.814569091796898,0.011185009,0.0017762184,8.486909893572923,0,0,1
2015-03-02 17:00:00,1226.7151,28.263787841796898,0.015892519,0.058395386,29.974049689442307,29.060662841796898,0.012669099,0.019432068,17.707829363424533,25.513787841796898,0.011307252,0.001493454,8.494069397838867,0,0,1
2015-03-02 18:00:00,1214.35,27.175866699218773,0.016015043,0.04574585,29.150566982820795,27.378991699218773,0.013371458,0.027114868,15.078370950066606,24.050866699218773,0.011677733,0.0035943985,7.918201377549066,0,0,1
2015-03-02 19:00:00,1214.3563,26.607263183593773,0.016167788,0.029457092,28.234273074145023,26.482263183593773,0.014031556,0.028945923,13.763935432103043,23.130700683593773,0.0120898755,0.008522034,7.108516812686393,0,0,1
2015-03-02 20:00:00,1170.49,26.294366455078148,0.016182845,0.016990662,27.786501871939493,26.028741455078148,0.01479811,0.039382935,13.33784294795806,22.739678955078148,0.012459701,0.014404297,6.731132536051828,0,0,1
2015-03-02 21:00:00,1134.3468,26.107965087890648,0.016060654,0.015415192,27.603058587478834,25.732965087890648,0.015473191,0.05381775,13.16608837805333,22.615777587890648,0.012951676,0.02848053,6.684915408938112,0,0,1
2015-03-02 22:00:00,1093.3789,25.968164062500023,0.015915863,0.015140533,27.640094162246477,25.522851562500023,0.015862457,0.05496216,13.434598353592984,22.600976562500023,0.013627045,0.06555176,6.615348395690305,0,0,1
2015-03-02 23:00:00,1047.0085,25.856347656250023,0.015710382,0.017959595,28.48558537609417,25.340722656250023,0.016046075,0.051116943,13.710126177918754,22.692285156250023,0.014321832,0.08706665,6.306158162290434,0,0,1
2015-03-03 00:00:00,992.3122,25.738671875000023,0.015501292,0.016044617,28.93515971992514,25.137109375000023,0.016115459,0.041931152,13.814776710917544,22.855859375000023,0.014780315,0.08721924,5.9084136487544265,0,0,1
2015-03-03 01:00:00,914.746,25.579370117187523,0.0153646255,0.017036438,28.64632902743468,24.923120117187523,0.01611612,0.03187561,13.669785297887165,22.946557617187523,0.015009859,0.08401489,5.892084977525804,0,0,1
2015-03-03 02:00:00,900.6859,25.4421325683594,0.015300208,0.021217346,27.82478135837911,24.7233825683594,0.016025001,0.032730103,13.784878149645936,22.9108825683594,0.014911109,0.08898926,6.150670587219361,0,0,1
2015-03-03 03:00:00,877.4103,25.314843750000023,0.01539669,0.021881104,26.523374597219224,24.432031250000023,0.015698051,0.053344727,13.442495937194268,22.674218750000023,0.014526939,0.100738525,6.599302211634269,0,0,1
2015-03-03 04:00:00,865.8946,25.161035156250023,0.015633795,0.024124146,24.99846804388252,24.051660156250023,0.015244696,0.05050659,12.877752130669576,22.340722656250023,0.0142338015,0.09341431,6.861640401065206,0,0,1
2015-03-03 05:00:00,888.2777,25.0317321777344,0.015905615,0.029525757,23.505198477544283,23.7192321777344,0.014967199,0.0410614,12.398318484335434,22.0395446777344,0.013990637,0.089538574,6.94606054064473,0,0,1
2015-03-03 06:00:00,893.043,25.024926757812523,0.016150286,0.037857056,22.30461122195801,23.587426757812523,0.014746478,0.036758423,12.294107449197446,21.868676757812523,0.013796618,0.081848145,6.891598454437268,0,0,1
2015-03-03 07:00:00,1033.3871,25.820367431640648,0.016142767,0.061523438,25.806189499883672,25.242242431640648,0.01457874,0.028961182,15.514522831887929,22.507867431640648,0.013659398,0.07498169,7.2590139403524,0,0,1
2015-03-03 08:00:00,1204.6198,26.965173339843773,0.015729723,0.07739258,29.329879846440573,27.605798339843773,0.0140627,0.020256042,18.746818382405337,23.988610839843773,0.013253984,0.063446045,7.563948684526385,0,0,1
2015-03-03 09:00:00,1324.4906,28.186364746093773,0.015420049,0.07901001,30.225388381015108,29.795739746093773,0.013280004,0.018341064,19.873567234434336,25.655114746093773,0.012799352,0.052856445,7.557850526686819,0,0,1
2015-03-03 10:00:00,1403.2292,29.299188232421898,0.015297305,0.08416748,30.410179822967745,31.689813232421898,0.012672793,0.020721436,20.224459601539824,27.142938232421898,0.01239432,0.04319763,7.519393033429394,0,0,1
2015-03-03 11:00:00,1405.3644,30.136041259765648,0.015177637,0.08929443,30.5596050440646,33.15166625976565,0.01243487,0.020401001,20.10141901729301,28.292291259765648,0.012160212,0.035079956,7.303995862560625,0,0,1
2015-03-03 12:00:00,1417.0581,30.561578369140648,0.015065697,0.08682251,30.908485684431184,34.10845336914065,0.012418297,0.01650238,19.67768707733149,28.983453369140648,0.012116936,0.039108276,6.905423611872005,0,0,1
2015-03-03 13:00:00,1445.6757,30.694238281250023,0.014999268,0.07235718,31.35441174288217,34.55361328125002,0.012409088,0.011959076,19.32368134296701,29.162988281250023,0.012393829,0.039871216,6.465435100880773,0,0,1
2015-03-03 14:00:00,1462.7069,30.527673339843773,0.014910624,0.04499817,31.54288340739229,34.32454833984377,0.012453959,0.010696411,19.167513782301725,28.965173339843773,0.012537883,0.041397095,6.434409448161831,0,0,1
2015-03-03 15:00:00,1411.2968,30.112237548828148,0.014799085,0.018791199,31.326784143686957,33.36223754882815,0.012582746,0.011463165,19.26927628492886,28.409112548828148,0.012598005,0.041412354,6.705067890002748,0,0,1
2015-03-03 16:00:00,1342.5382,29.384332275390648,0.0147031415,0.005760193,31.001373693732308,31.790582275390648,0.01276909,0.012332916,19.35583784177603,27.493707275390648,0.012597429,0.03904724,7.179790051613049,0,0,1
2015-03-03 17:00:00,1195.1681,28.238244628906276,0.014710822,0.001244545,30.23455323348628,29.769494628906276,0.012975135,0.016456604,18.693660816220937,26.144494628906276,0.012566962,0.03656006,7.731133154045469,0,0,1
2015-03-03 18:00:00,1174.1041,27.013391113281276,0.014905241,0.00049066544,28.72877201184544,27.591516113281276,0.013398436,0.033050537,15.685780328973392,24.450891113281276,0.012933043,0.04574585,7.550135165387769,0,0,1
2015-03-03 19:00:00,1186.4435,26.357781982421898,0.015168492,0.0020189285,27.73328406745252,26.201531982421898,0.014027897,0.050323486,13.78873346920646,23.264031982421898,0.013593022,0.06338501,6.863160048463833,0,0,1
2015-03-03 20:00:00,1153.4786,26.081719970703148,0.015275604,0.0042591095,26.849948341703534,25.472344970703148,0.0145775145,0.044891357,13.009895578562032,22.730157470703148,0.014039642,0.07165527,6.2441305508501,0,0,1
2015-03-03 21:00:00,1118.9913,25.933435058593773,0.015260927,0.0047779083,26.15946300830376,25.074060058593773,0.014810793,0.036346436,12.616756740905316,22.488122558593773,0.014330141,0.06838989,5.900248415614956,0,0,1
2015-03-03 22:00:00,1052.2139,25.778375244140648,0.015200688,0.0051116943,26.063460034588832,24.770562744140648,0.014815403,0.029296875,12.597095154655666,22.340875244140648,0.014456822,0.06851196,5.927602307527972,0,0,1
2015-03-03 23:00:00,1031.754,25.601342773437523,0.015178838,0.0057907104,26.183688670012945,24.460717773437523,0.014728704,0.024002075,12.523138380756018,22.156030273437523,0.014518895,0.06802368,6.096519502866215,0,0,1
2015-03-04 00:00:00,982.1355,25.427514648437523,0.015241148,0.0063056946,26.24165931944645,24.161889648437523,0.014691832,0.023704529,12.504995595999109,21.966577148437523,0.014375212,0.06362915,6.29333355917095,0,0,1
2015-03-04 01:00:00,894.2492,25.294732666015648,0.015367975,0.010715485,26.543170839462466,23.904107666015648,0.014688959,0.019309998,12.768309087324871,21.755670166015648,0.014204493,0.0652771,6.512358923498775,0,0,1
2015-03-04 02:00:00,872.3284,25.271020507812523,0.0154566895,0.014511108,26.796334519877377,23.646020507812523,0.014659418,0.015953064,12.556254386996027,21.552270507812523,0.014026178,0.06536865,6.716168420957517,0,0,1
2015-03-04 03:00:00,864.0272,25.2861267089844,0.015568113,0.016616821,26.80885157378209,23.4580017089844,0.014530515,0.011837006,12.39649306512615,21.3955017089844,0.013950681,0.06970215,6.733537282152611,0,0,1
2015-03-04 04:00:00,864.4674,25.3149353027344,0.015713498,0.016693115,25.90186243614796,23.2602478027344,0.014385982,0.0063381195,11.904372948895563,21.3071228027344,0.013932033,0.072143555,6.713334484548511,0,0,1
2015-03-04 05:00:00,873.4879,25.360620117187523,0.015850585,0.014865875,24.4253217787226,23.079370117187523,0.014256042,0.0035715103,11.38421206194088,21.290307617187523,0.014008087,0.07498169,6.634849251800392,0,0,1
2015-03-04 06:00:00,885.7501,25.443200683593773,0.016055364,0.012737274,23.12634455550639,22.841638183593773,0.01415946,0.0031166077,10.211084850039065,21.365075683593773,0.014117498,0.0796814,6.487650398760186,0,0,1
2015-03-04 07:00:00,991.3248,26.194177246093773,0.016153378,0.011753082,24.76932938827224,24.936364746093773,0.014020962,0.0024614334,13.95278218735684,22.342614746093773,0.014184994,0.079071045,6.848405917053714,0,0,1
2015-03-04 08:00:00,1186.1571,27.390527343750023,0.016053548,0.009353638,25.609899394989515,27.874902343750023,0.013402334,0.0016951561,17.28750889709641,24.242089843750023,0.013871542,0.067840576,7.086843841696858,0,0,1
2015-03-04 09:00:00,1300.8204,28.643762207031276,0.016045738,0.006629944,23.70210909573107,30.268762207031276,0.012772728,0.0009989738,16.714390476443448,26.221887207031276,0.013383079,0.057006836,6.75656960266934,0,0,1
2015-03-04 10:00:00,1375.352,29.8383728027344,0.015930943,0.004922867,21.14309034093737,32.4164978027344,0.012341312,0.00068473816,15.133898739328412,27.9008728027344,0.012852482,0.050430298,5.989295403589434,0,0,1
2015-03-04 11:00:00,1430.4616,30.857995605468773,0.015606278,0.009147644,19.07428060352453,34.04549560546877,0.0123065645,0.00097465515,13.264570063508526,29.217370605468773,0.012703293,0.041900635,4.8787312474869,0,0,1
2015-03-04 12:00:00,1418.472,31.623895263671898,0.015288961,0.016670227,17.826606718736244,35.1238952636719,0.012382162,0.0016198158,11.798060894708255,30.030145263671898,0.013194692,0.037139893,3.449105627812146,0,0,1
2015-03-04 13:00:00,1448.4687,32.06362304687502,0.015090164,0.021911621,17.687612847820777,35.68862304687502,0.012385543,0.0018730164,11.034812702063816,30.626123046875023,0.013117965,0.04750061,2.617036303351852,0,0,1
2015-03-04 14:00:00,1473.3694,32.14385375976565,0.015078508,0.022743225,18.63354081713374,35.81572875976565,0.012370073,0.0023975372,10.887269101064964,30.721978759765648,0.013037645,0.048736572,2.161425524236631,0,0,1
2015-03-04 15:00:00,1373.4132,31.8217712402344,0.015188628,0.02670288,20.073165881977623,35.3842712402344,0.012503081,0.0051555634,11.052960064072362,30.3530212402344,0.013258391,0.048110962,1.986829252241357,0,0,1
2015-03-04 16:00:00,1367.4426,31.020532226562523,0.015409552,0.022636414,21.73852712125105,34.33303222656252,0.01277741,0.0070152283,11.504915981259485,29.551782226562523,0.0134449825,0.048324585,2.2586120773622174,0,0,1
2015-03-04 17:00:00,1210.323,29.718713378906276,0.01572987,0.013683319,23.411540193532726,32.54683837890627,0.013151134,0.01663208,11.97305800075337,28.296838378906276,0.013551678,0.04095459,2.8495666877210954,0,0,1
2015-03-04 18:00:00,1196.0936,28.138024902343773,0.016180253,0.009643555,24.05029992057337,29.950524902343773,0.013910507,0.02217102,11.001686015530808,26.450524902343773,0.0141546475,0.03904724,3.4249804892993625,0,0,1
2015-03-04 19:00:00,1226.1349,27.139703369140648,0.016577378,0.0031547546,23.36967287121114,27.952203369140648,0.014650955,0.02999115,12.77761245561619,25.045953369140648,0.014162674,0.04812622,5.192343962909487,0,0,1
2015-03-04 20:00:00,1177.6462,26.682275390625023,0.016791277,0.0020456314,21.68487999472772,26.572900390625023,0.015292101,0.027618408,13.753940076019893,23.940087890625023,0.0146130845,0.040252686,6.425607796504888,0,0,1
2015-03-04 21:00:00,1152.8966,26.472802734375023,0.016898826,0.004289627,20.368458452505564,25.691552734375023,0.015853599,0.024307251,13.56592363451959,23.238427734375023,0.014812186,0.033218384,6.635642538572978,0,0,1
2015-03-04 22:00:00,1088.8577,26.309228515625023,0.016892415,0.010547638,20.95950052437904,25.192041015625023,0.016152363,0.02293396,12.837874044375418,22.770166015625023,0.014878254,0.040756226,6.624536508145601,0,0,1
2015-03-04 23:00:00,1012.3104,26.170007324218773,0.01680972,0.020088196,22.467099358592492,24.912194824218773,0.016237516,0.024208069,12.423424873830209,22.420007324218773,0.014978667,0.06008911,6.403887777847505,0,0,1
2015-03-05 00:00:00,965.0731,26.003137207031276,0.01679588,0.028587341,23.1531535758698,24.729699707031276,0.016246563,0.025428772,11.899443393801048,22.221887207031276,0.0151174115,0.068603516,6.130814311094935,0,0,1
2015-03-05 01:00:00,930.5253,25.8356872558594,0.016858388,0.04005432,23.0343567565175,24.5388122558594,0.01620226,0.023239136,11.653093122222336,22.1325622558594,0.0152524,0.07751465,5.882123136822343,0,0,1
2015-03-05 02:00:00,902.5818,25.691979980468773,0.017012214,0.037216187,22.47100707706749,24.340417480468773,0.016104316,0.020843506,11.360939507922993,22.012292480468773,0.015318489,0.0770874,5.648585167691771,0,0,1
2015-03-05 03:00:00,875.0965,25.5678649902344,0.017103672,0.03565979,21.97260562494168,24.1850524902344,0.01598978,0.022994995,11.17259927858744,21.8569274902344,0.01529932,0.072143555,5.607892442050004,0,0,1
2015-03-05 04:00:00,866.1241,25.5002380371094,0.017103741,0.027931213,20.93634828047358,23.9768005371094,0.015898297,0.02745819,10.283298076484702,21.7033630371094,0.015219281,0.0675354,5.540538558672938,0,0,1
2015-03-05 05:00:00,896.0456,25.464746093750023,0.017119333,0.017951965,19.320894361373124,23.753808593750023,0.015913889,0.028915405,9.507779511870156,21.636621093750023,0.015124246,0.06619263,5.745223736900796,0,0,1
2015-03-05 06:00:00,894.3319,25.540002441406276,0.017127324,0.007972717,18.763266424883287,23.688439941406276,0.015982915,0.030143738,9.279218638673814,21.602502441406276,0.015124608,0.068603516,5.437103593780604,0,0,1
2015-03-05 07:00:00,1018.9576,26.329614257812523,0.01701964,0.004415512,21.39920709870169,25.642114257812523,0.015974414,0.032806396,13.41208679757274,22.610864257812523,0.015112292,0.07165527,6.031814172477772,0,0,1
2015-03-05 08:00:00,1246.6374,27.571618652343773,0.016705584,0.0037603378,22.69431437402828,28.399743652343773,0.015519213,0.03492737,15.730590893801928,24.743493652343773,0.014855456,0.0602417,6.305379042579872,0,0,1
2015-03-05 09:00:00,1341.6871,28.871118164062523,0.016483279,0.003273964,21.56172107118905,31.042993164062523,0.014793368,0.033462524,15.030126210670732,27.121118164062523,0.0142707545,0.050308228,5.5426328477437234,0,0,1
2015-03-05 10:00:00,1411.9338,30.019067382812523,0.01634502,0.0026626587,19.695498933072408,33.23781738281252,0.014422412,0.027770996,12.942142084989134,29.050317382812523,0.013770099,0.03538513,4.01276292741616,0,0,1
2015-03-05 11:00:00,1470.4103,30.965936279296898,0.01610769,0.0029945374,17.70260983639224,34.8096862792969,0.01433004,0.019233704,10.944256381394728,30.419061279296898,0.013849388,0.030937195,2.079410275984749,0,0,1
2015-03-05 12:00:00,1464.6158,31.759179687500023,0.015748365,0.0020141602,15.8745227459634,35.96230468750002,0.013867719,0.012111664,9.768893320273328,31.399804687500023,0.013722761,0.0238266,0.9730503432902328,0,0,1
2015-03-05 13:00:00,1496.2933,32.31697998046877,0.015450164,0.0023069382,14.616640395543593,36.72322998046877,0.013264342,0.0074748993,9.04368548050586,31.973229980468773,0.013691588,0.026123047,0.3765169646403968,0,0,1
2015-03-05 14:00:00,1515.469,32.57308349609377,0.015235959,0.0018601418,14.098109942434643,36.90120849609377,0.012908993,0.012779236,8.62374965726888,32.10433349609377,0.013477383,0.024780273,1.0138371221544829,0,0,1
2015-03-05 15:00:00,1477.1051,32.45797119140627,0.015124823,0.0015006065,14.37515805364876,36.39547119140627,0.01289704,0.020812988,8.48452484167148,31.645471191406276,0.0134578,0.041885376,2.217530805853314,0,0,1
2015-03-05 16:00:00,1421.0151,31.959527587890648,0.015204585,0.0018177032,15.91390751489332,35.28765258789065,0.01294247,0.030807495,8.682190945015716,30.568902587890648,0.013846553,0.05418396,2.8253138275025225,0,0,1
2015-03-05 17:00:00,1281.9234,30.867242431640648,0.015582088,0.0027303696,17.860308553971468,33.60161743164065,0.013030056,0.023330688,8.492008379299147,28.882867431640648,0.014601711,0.05229187,2.619782030051212,0,0,1
2015-03-05 18:00:00,1257.8515,29.262719726562523,0.016280308,0.0027093887,20.268107138857037,30.903344726562523,0.0136062065,0.015449524,5.781714402800166,27.012719726562523,0.015246526,0.04397583,2.0059766814967417,0,0,1
2015-03-05 19:00:00,1229.9295,27.904229736328148,0.016929135,0.0032758713,22.920037311303894,29.060479736328148,0.0141482195,0.009571075,5.42182783210751,25.638604736328148,0.015372737,0.054611206,1.8804667011245069,0,0,1
2015-03-05 20:00:00,1202.5149,27.078332519531276,0.017166298,0.008010864,23.44712087692201,27.781457519531276,0.014534158,0.009338379,6.055251255886218,24.687707519531276,0.015548867,0.059692383,1.9978161595282835,0,0,1
2015-03-05 21:00:00,1168.2964,26.751123046875023,0.01718254,0.008049011,22.781462672618417,26.797998046875023,0.01453514,0.0077705383,6.649856496997816,24.055810546875023,0.01566429,0.0670166,2.4268783609394986,0,0,1
2015-03-05 22:00:00,1117.8072,26.566278076171898,0.017244883,0.010559082,22.31477605414582,26.081903076171898,0.014647075,0.0132369995,7.59178604160534,23.652215576171898,0.015570232,0.070739746,3.0698215004660305,0,0,1
2015-03-05 23:00:00,1041.6257,26.396417236328148,0.017353266,0.013755798,22.37722017834557,25.474542236328148,0.015156,0.022987366,7.365035517154368,23.294854736328148,0.015434473,0.06790161,3.6628343891693618,0,0,1
2015-03-06 00:00:00,1006.4544,26.283013916015648,0.017293109,0.023200989,23.113412861928825,25.001763916015648,0.015660418,0.034713745,7.074165880078354,22.962701416015648,0.0153705,0.066223145,4.113722181895532,0,0,1
2015-03-06 01:00:00,975.4831,26.178277587890648,0.0171631,0.03025055,23.90971057214108,24.678277587890648,0.016064467,0.039474487,7.184486126133619,22.678277587890648,0.015358748,0.068603516,4.359770312689975,0,0,1
2015-03-06 02:00:00,943.3219,26.092126464843773,0.017040737,0.029830933,23.925301232429657,24.498376464843773,0.016354091,0.045898438,7.341136414701264,22.482751464843773,0.015358456,0.08068848,4.672294227391995,0,0,1
2015-03-06 03:00:00,929.4078,26.0112243652344,0.016971782,0.018333435,23.78560365864718,24.3784118652344,0.016521648,0.05189514,7.5870123918642545,22.3627868652344,0.015365794,0.09375,4.86307906206214,0,0,1
2015-03-06 04:00:00,920.9117,25.873681640625023,0.017032498,0.010112762,22.55559793419242,24.248681640625023,0.016574735,0.05491638,7.831461282058282,22.295556640625023,0.015395993,0.099487305,4.950336444864975,0,0,1
2015-03-06 05:00:00,943.443,25.752404785156276,0.017055003,0.010688782,21.377997322744008,24.033654785156276,0.016559092,0.054748535,7.631397967579413,22.260217285156276,0.015426126,0.10873413,4.986037092848976,0,0,1
2015-03-06 06:00:00,939.2197,25.735772705078148,0.01705457,0.009952545,21.00236140462097,24.032647705078148,0.016520513,0.051498413,7.971688796335755,22.267022705078148,0.015460027,0.112457275,5.142210300502807,0,0,1
2015-03-06 07:00:00,1105.9066,26.417871093750023,0.01690127,0.01625061,24.382269386273396,26.152246093750023,0.016351953,0.051132202,13.030837993009078,23.253808593750023,0.0154783875,0.10873413,5.840495972409822,0,0,1
2015-03-06 08:00:00,1289.988,27.579064941406276,0.016473392,0.03340149,28.19457605023249,28.766564941406276,0.015672306,0.0513916,16.472838250417386,25.321252441406276,0.015210727,0.09793091,6.183162375637647,0,0,1
2015-03-06 09:00:00,1371.2867,28.837548828125023,0.016236551,0.03541565,29.64008571844023,31.087548828125023,0.01491285,0.045822144,17.393915572699417,27.321923828125023,0.01460386,0.08657837,6.310781164043931,0,0,1
2015-03-06 10:00:00,1447.1353,29.975213623046898,0.016022922,0.03147888,30.524143936187784,33.0064636230469,0.014180424,0.03514099,17.61793796038782,28.897088623046898,0.014130833,0.08126831,6.03433886872295,0,0,1
2015-03-06 11:00:00,1475.8031,30.857141113281276,0.015900915,0.021400452,30.7794621149548,34.37276611328127,0.013821905,0.029510498,17.31478683847187,29.872766113281276,0.014241521,0.072784424,5.344724225030323,0,0,1
2015-03-06 12:00:00,1472.7251,31.369287109375023,0.015915934,0.026069641,30.74241492530236,35.30678710937502,0.0136538185,0.028198242,17.13390763108198,30.416162109375023,0.0141955055,0.08255005,5.123839813658811,0,0,1
2015-03-06 13:00:00,1507.0866,31.576135253906276,0.015900565,0.010055542,30.44584349277136,35.65426025390627,0.013604117,0.028404236,17.13443421168013,30.576135253906276,0.014168692,0.088897705,5.193177020144898,0,0,1
2015-03-06 14:00:00,1502.8095,31.451104736328148,0.015869796,0.022735596,30.228446911569023,35.41985473632815,0.013569534,0.032424927,17.195180998545897,30.419854736328148,0.014122665,0.098236084,5.434961818360918,0,0,1
2015-03-06 15:00:00,1450.0026,30.824792480468773,0.015884988,0.028526306,30.180254613814768,34.41854248046877,0.013680092,0.041229248,17.345254368878358,29.871667480468773,0.014050118,0.10473633,5.749929092633447,0,0,1
2015-03-06 16:00:00,1386.4955,29.792047119140648,0.015892783,0.027770996,30.30560921597142,32.80767211914065,0.014019767,0.049362183,17.465397133930235,28.948297119140648,0.014084617,0.09716797,6.336340126575119,0,0,1
2015-03-06 17:00:00,1269.1947,28.5727478027344,0.01588507,0.030601501,30.11469846232173,30.7446228027344,0.014492706,0.04345703,17.184128300321042,27.6508728027344,0.014202789,0.073791504,6.986321569988363,0,0,1
2015-03-06 18:00:00,1265.9394,27.438500976562523,0.015984291,0.027267456,29.109774114111733,28.594750976562523,0.015076392,0.03413391,15.258043363028774,25.938500976562523,0.014622443,0.08340454,7.147624009168392,0,0,1
2015-03-06 19:00:00,1262.3875,26.854425048828148,0.016098673,0.020370483,28.594316432658022,27.276300048828148,0.015717203,0.028160095,13.79036115631252,24.557550048828148,0.0151411835,0.10168457,7.120821416170413,0,0,1
2015-03-06 20:00:00,1212.278,26.588708496093773,0.016045498,0.022476196,28.868493838845097,26.510583496093773,0.016236233,0.02986908,13.41601561931322,23.588708496093773,0.015808986,0.109313965,6.800604226811869,0,0,1
2015-03-06 21:00:00,1180.6186,26.431787109375023,0.015832346,0.022697449,29.311499349924507,26.072412109375023,0.016465586,0.058166504,13.390605354784306,23.181787109375023,0.016190927,0.12301636,6.836262534125342,0,0,1
2015-03-06 22:00:00,1152.0621,26.302941894531276,0.015733855,0.020851135,28.833905479913916,25.662316894531276,0.016519682,0.0718689,13.543471116881332,23.045129394531276,0.016351836,0.13104248,7.012457161022851,0,0,1
2015-03-06 23:00:00,1096.5263,26.161553955078148,0.01574234,0.021659851,27.677550854240383,25.286553955078148,0.016512908,0.06365967,13.552547876878286,22.911553955078148,0.016322173,0.12231445,7.092234310946185,0,0,1
2015-03-07 00:00:00,1020.879,26.021813964843773,0.01578897,0.024093628,26.647664793381608,24.959313964843773,0.016475616,0.05633545,13.450655363204689,22.748376464843773,0.016193328,0.118927,7.051711049323032,0,0,1
2015-03-07 01:00:00,988.1577,25.909387207031276,0.01588096,0.02533722,25.77679361342791,24.682824707031276,0.016407387,0.040237427,13.08539474737312,22.557824707031276,0.016041176,0.10852051,6.989161088889025,0,0,1
2015-03-07 02:00:00,940.5114,25.793084716796898,0.016003335,0.026824951,24.931194427191134,24.433709716796898,0.01632377,0.019706726,12.419641824616273,22.402459716796898,0.015927041,0.099731445,6.786602875660174,0,0,1
2015-03-07 03:00:00,919.5828,25.744592285156276,0.01604919,0.0332489,24.441879103325142,24.205529785156276,0.016232295,0.007976532,11.492432939202237,22.275842285156276,0.01579742,0.0977478,6.679268387344945,0,0,1
2015-03-07 04:00:00,912.2181,25.672875976562523,0.01611759,0.027008057,23.76053199866061,24.001000976562523,0.016140478,0.010322571,10.872928437865369,22.141625976562523,0.015675085,0.09680176,6.457730881022673,0,0,1
2015-03-07 05:00:00,918.0791,25.596154785156276,0.016200857,0.025871277,23.63341193712916,23.838342285156276,0.01604064,0.0178833,10.375520109445306,22.018029785156276,0.015582876,0.09564209,6.186455211862356,0,0,1
2015-03-07 06:00:00,914.9858,25.606469726562523,0.01623045,0.027107239,23.67023188140192,23.879907226562523,0.016032085,0.014636993,10.484294611570071,21.973657226562523,0.015555248,0.094696045,6.018808525014816,0,0,1
2015-03-07 07:00:00,954.866,26.251794433593773,0.016076861,0.028434753,26.67475551503911,25.595544433593773,0.016122637,0.024711609,13.692372346888607,22.603356933593773,0.015695391,0.097717285,6.325805238874022,0,0,1
2015-03-07 08:00:00,1089.3893,27.334893798828148,0.015641127,0.03503418,29.23868358315369,28.256768798828148,0.015549573,0.028030396,17.78781253328352,24.069268798828148,0.015568647,0.09899902,6.7479979025448005,0,0,1
2015-03-07 09:00:00,1224.1594,28.598840332031276,0.0153887095,0.028907776,29.739647497924068,30.708215332031276,0.014854652,0.022079468,18.72640879160948,26.098840332031276,0.015041572,0.09036255,7.079068209221849,0,0,1
2015-03-07 10:00:00,1287.2553,29.640069580078148,0.01527759,0.021697998,30.7968509203673,32.71819458007815,0.014377321,0.015365601,18.965212985591997,27.890069580078148,0.014590944,0.07873535,7.129354218587872,0,0,1
2015-03-07 11:00:00,1230.0793,30.333154296875023,0.01520856,0.025001526,32.18731923113681,34.09877929687502,0.014060336,0.01292038,19.32661181361948,28.973779296875023,0.014567691,0.07992554,6.594821962118169,0,0,1
2015-03-07 12:00:00,1206.0205,30.688165283203148,0.015276959,0.028503418,33.23651719779696,34.89129028320315,0.013857892,0.01102066,19.629780484262977,29.531915283203148,0.014555981,0.066833496,6.425294740202516,0,0,1
2015-03-07 13:00:00,1212.7089,30.692834472656276,0.0153492335,0.03553772,33.933701229037226,35.05220947265627,0.013644064,0.010910034,20.24593465051804,29.708459472656276,0.014407003,0.067108154,6.625555353459833,0,0,1
2015-03-07 14:00:00,1211.4849,30.355065917968773,0.015387282,0.043930054,34.48182207289512,34.48006591796877,0.013426527,0.012580872,20.984329480358294,29.401940917968773,0.01427339,0.07583618,6.984384782003427,0,0,1
2015-03-07 15:00:00,1190.6017,29.657403564453148,0.015344969,0.0499115,34.96078489840997,33.25115356445315,0.013395659,0.015830994,21.796160522564307,28.766778564453148,0.014196745,0.07827759,7.4433913906012465,0,0,1
2015-03-07 16:00:00,1123.6338,28.780297851562523,0.015245512,0.044570923,34.37062859278662,31.655297851562523,0.013544157,0.01727295,21.783789544945492,27.795922851562523,0.01419647,0.07107544,7.657609498439498,0,0,1
2015-03-07 17:00:00,1093.3915,27.7741638183594,0.015157693,0.035247803,32.72893180803373,29.8366638183594,0.01368522,0.017211914,20.59203091150912,26.2897888183594,0.014520639,0.08227539,7.512107094948889,0,0,1
2015-03-07 18:00:00,1100.5848,26.819665527343773,0.015161766,0.022712708,30.99492078947926,27.850915527343773,0.014032615,0.017715454,17.636687759524268,24.460290527343773,0.01497866,0.11465454,7.077182344229353,0,0,1
2015-03-07 19:00:00,1155.6653,26.303491210937523,0.015246377,0.014732361,29.92982698675405,26.569116210937523,0.014559732,0.0311203,15.869926889175437,23.319116210937523,0.015299783,0.13104248,6.9597739617046805,0,0,1
2015-03-07 20:00:00,1132.9094,26.060754394531276,0.015304003,0.016036987,29.26682114730535,25.873254394531276,0.014911089,0.056121826,15.627614712865478,22.763879394531276,0.015319262,0.13226318,7.402945066481896,0,0,1
2015-03-07 21:00:00,1094.8182,25.900354003906276,0.015392503,0.018051147,28.82230733981277,25.400354003906276,0.015129289,0.046310425,15.71410206932661,22.392541503906276,0.015281877,0.12799072,7.731283428641035,0,0,1
2015-03-07 22:00:00,1058.3002,25.737390136718773,0.0155613115,0.020133972,28.654057943354093,25.096765136718773,0.015343874,0.023017883,16.25595043922739,22.213952636718773,0.015305727,0.125,8.008956801815373,0,0,1
2015-03-07 23:00:00,1016.05,25.574121093750023,0.01577971,0.02305603,29.14819931305122,24.917871093750023,0.015524125,0.019630432,16.754002981549267,22.245996093750023,0.015356278,0.12454224,8.272222669419389,0,0,1
2015-03-08 00:00:00,973.3619,25.394982910156276,0.016001763,0.02659607,29.327326049653013,24.769982910156276,0.015402855,0.019798279,17.531695400842718,22.355920410156276,0.015410485,0.12219238,8.514029398248416,0,0,1
2015-03-08 01:00:00,943.3611,25.265252685546898,0.016109088,0.023078918,30.00356558400862,24.577752685546898,0.0151516,0.009883881,18.069191432272596,22.444940185546898,0.015426259,0.11264038,8.845326123735036,0,0,1
2015-03-08 02:00:00,917.5305,25.171289062500023,0.016185252,0.016944885,30.288945483556525,24.397851562500023,0.014926403,0.0036907196,18.51612103765932,22.429101562500023,0.015315502,0.09939575,9.34539722020906,0,0,1
2015-03-08 03:00:00,888.3137,25.137414550781276,0.016253896,0.015144348,30.721025495101937,24.238977050781276,0.01473946,0.0014805794,18.71157843206803,22.324914550781276,0.015071339,0.079193115,9.80527980811759,0,0,1
2015-03-08 04:00:00,866.3492,25.129663085937523,0.016284313,0.017753601,30.153805620654307,24.129663085937523,0.014655436,0.0023088455,18.318779311844832,22.098413085937523,0.014788951,0.07107544,9.856204384146087,0,0,1
2015-03-08 05:00:00,872.7952,25.158288574218773,0.016299242,0.020088196,28.97280633766909,24.072351074218773,0.014666552,0.0050239563,17.663737143177862,21.931726074218773,0.014613146,0.06716919,9.565729435148416,0,0,1
2015-03-08 06:00:00,853.004,25.256158447265648,0.016283803,0.022903442,28.585960004432245,24.146783447265648,0.014765552,0.008346558,17.05660169664486,21.920220947265648,0.014494709,0.07058716,9.18511984375759,0,0,1
2015-03-08 07:00:00,849.4585,25.942102050781276,0.016153973,0.032943726,31.193089644226244,25.676477050781276,0.014876049,0.015853882,18.91388802486906,22.574914550781276,0.014494579,0.0664978,9.267087138765644,0,0,1
2015-03-08 08:00:00,911.9325,27.220666503906276,0.015779762,0.04550171,33.82324181700682,27.955041503906276,0.014593392,0.020820618,21.635375618403625,24.048791503906276,0.014250069,0.06286621,9.543897562441302,0,0,1
2015-03-08 09:00:00,948.9916,28.520776367187523,0.015588442,0.050750732,33.728720830869335,30.223901367187523,0.014188448,0.014087677,22.12880044656966,25.833276367187523,0.0138413105,0.055618286,9.376312261673988,0,0,1
2015-03-08 10:00:00,981.9938,29.494958496093773,0.01555358,0.047332764,33.00543345716448,32.15120849609377,0.013852225,0.009254456,21.84170188896117,27.432458496093773,0.013486014,0.042800903,8.916572823669407,0,0,1
2015-03-08 11:00:00,1020.2824,30.206140136718773,0.01553037,0.04399109,31.67973520341661,33.59676513671877,0.013611577,0.0065174103,21.146253797838927,28.362390136718773,0.01338651,0.041030884,8.329234968868748,0,0,1
2015-03-08 12:00:00,1046.6897,30.619226074218773,0.015556874,0.042877197,30.34428622965301,34.57235107421877,0.013477864,0.0060367584,20.2506365866737,28.837976074218773,0.01345879,0.04978943,7.758085106615186,0,0,1
2015-03-08 13:00:00,1041.8133,30.812463378906276,0.015549121,0.040496826,29.46842088727938,35.03121337890627,0.013470111,0.0054130554,19.686130114171,29.031213378906276,0.013618885,0.061676025,7.361257036917962,0,0,1
2015-03-08 14:00:00,1033.1481,30.670831298828148,0.0155303385,0.038482666,29.182640475579884,34.93645629882815,0.0135772135,0.0061588287,19.529675647485703,28.936456298828148,0.013802281,0.07537842,7.213093582136461,0,0,1
2015-03-08 15:00:00,1015.8367,30.166314697265648,0.015503462,0.03744507,29.49680524693125,34.02568969726565,0.013760146,0.0066947937,19.864941302312875,28.463189697265648,0.013931807,0.07745361,7.416528203578978,0,0,1
2015-03-08 16:00:00,1007.2228,29.247521972656276,0.015495634,0.037597656,30.09158469137645,32.43502197265627,0.013897276,0.007123947,20.303834690151515,27.622521972656276,0.013985014,0.078430176,7.909720691133358,0,0,1
2015-03-08 17:00:00,996.2682,27.988214111328148,0.015564439,0.041915894,30.19745474693785,30.347589111328148,0.0140194865,0.007566452,20.35881651550771,26.222589111328148,0.014072892,0.08441162,8.566245776968215,0,0,1
2015-03-08 18:00:00,1027.6268,26.773614501953148,0.015748093,0.041885376,29.38703514260424,28.070489501953148,0.014367172,0.008052826,18.641218254324773,24.257989501953148,0.014458724,0.10870361,8.539081870403464,0,0,1
2015-03-08 19:00:00,1073.6699,26.168542480468773,0.015968958,0.03627014,28.72814818976479,26.668542480468773,0.014885583,0.0093688965,16.821474682620632,22.965417480468773,0.014881768,0.12426758,8.089150601416232,0,0,1
2015-03-08 20:00:00,1071.4559,25.921655273437523,0.015999183,0.026802063,28.452198778942293,25.968530273437523,0.015316352,0.014877319,15.873328356100556,22.491967773437523,0.015056953,0.1104126,8.00220234597103,0,0,1
2015-03-08 21:00:00,1073.9758,25.7861267089844,0.01590743,0.015830994,28.279590474877068,25.5986267089844,0.015552662,0.012271881,15.589484000876174,22.3564392089844,0.015117787,0.10317993,8.069954652339772,0,0,1
2015-03-08 22:00:00,1025.4757,25.647821044921898,0.01577002,0.017906189,28.180162310596483,25.366571044921898,0.015754761,0.006624222,15.721128147790724,22.366571044921898,0.015194001,0.09780884,8.059829667139727,0,0,1
2015-03-08 23:00:00,987.4492,25.571343994140648,0.015621202,0.025901794,28.073012107521745,25.196343994140648,0.015930193,0.012756348,16.040298638738676,22.407281494140648,0.015266435,0.09744263,8.001713488181656,0,0,1
2015-03-09 00:00:00,947.6318,25.520379638671898,0.015480112,0.02809906,28.38430367418513,25.176629638671898,0.016044687,0.046203613,16.266045029023818,22.411004638671898,0.015277933,0.09988403,7.894250414429029,0,0,1
2015-03-09 01:00:00,883.7726,25.4775329589844,0.015453515,0.036209106,28.660021881499794,25.2275329589844,0.015991388,0.074523926,16.508010917081336,22.3994079589844,0.01532763,0.096588135,7.761947479487118,0,0,1
2015-03-09 02:00:00,898.1869,25.431176757812523,0.015514528,0.04421997,29.19595141627624,25.196801757812523,0.015854036,0.09017944,16.58781408660813,22.392114257812523,0.015373385,0.09429932,7.511058558644496,0,0,1
2015-03-09 03:00:00,889.0924,25.416650390625023,0.015648017,0.042785645,29.462951154333748,25.088525390625023,0.015709052,0.078308105,16.450651857394686,22.338525390625023,0.015369544,0.106048584,7.289688493642961,0,0,1
2015-03-09 04:00:00,880.7158,25.382287597656276,0.015785296,0.037078857,29.03711990324437,24.983850097656276,0.015583116,0.07128906,16.060456279957,22.257287597656276,0.015297013,0.12081909,7.13678499238038,0,0,1
2015-03-09 05:00:00,896.293,25.396173095703148,0.015869172,0.033813477,28.150601433787955,24.927423095703148,0.015434297,0.071624756,15.60001936691256,22.185235595703148,0.01520923,0.10827637,7.119449646070928,0,0,1
2015-03-09 06:00:00,891.6371,25.485772705078148,0.015899673,0.027359009,27.558865752112677,24.985772705078148,0.015274064,0.04878235,15.44436110025021,22.149835205078148,0.015155808,0.088775635,7.216518479280157,0,0,1
2015-03-09 07:00:00,1008.4603,26.137872314453148,0.015754718,0.017684937,29.33600131068293,26.137872314453148,0.015216846,0.0150642395,17.338103731475886,22.645684814453148,0.0151100345,0.07434082,7.741354361627875,0,0,1
2015-03-09 08:00:00,1258.1496,27.236047363281276,0.015632553,0.010150909,30.494087841916944,28.329797363281276,0.014797134,0.017425537,19.85160158552085,23.986047363281276,0.014861984,0.052749634,8.103938099073996,0,0,1
2015-03-09 09:00:00,1384.2228,28.4882751464844,0.01564773,0.021995544,29.020886222825848,30.6445251464844,0.014240106,0.01399231,19.618969173124658,25.8789001464844,0.014339288,0.035064697,7.805719948602795,0,0,1
2015-03-09 10:00:00,1454.7503,29.5039001464844,0.015731553,0.048110962,27.01308795336748,32.6601501464844,0.014068345,0.009181976,18.19713513808937,27.6757751464844,0.013908127,0.02445221,6.886826719410298,0,0,1
2015-03-09 11:00:00,1490.6735,30.132928466796898,0.015853584,0.05480957,25.419793113989105,34.1798034667969,0.013995826,0.0061531067,16.68399174191644,28.945428466796898,0.01407212,0.025398254,5.381249489601457,0,0,1
2015-03-09 12:00:00,1476.3025,30.575646972656276,0.01595295,0.050979614,24.17670135034128,35.21627197265627,0.013904458,0.008415222,15.59242428451584,29.763146972656276,0.0140227135,0.030670166,4.318443051152506,0,0,1
2015-03-09 13:00:00,1500.608,30.822808837890648,0.01597602,0.05355835,22.977130964576087,35.63530883789065,0.0137673095,0.018478394,14.895691923452832,30.213433837890648,0.013870306,0.036834717,3.7168341566131406,0,0,1
2015-03-09 14:00:00,1496.134,30.873712158203148,0.015930224,0.0524292,22.338362030661305,35.38933715820315,0.013679553,0.01815033,14.679163712216,30.233087158203148,0.013793994,0.042678833,3.533160709866677,0,0,1
2015-03-09 15:00:00,1456.9111,30.503564453125023,0.015892157,0.055526733,22.57760432736578,34.64418945312502,0.013664373,0.015716553,14.856269206675377,29.816064453125023,0.013797888,0.053527832,3.66272872887592,0,0,1
2015-03-09 16:00:00,1396.84,29.643212890625023,0.015922774,0.05067444,23.638116127509345,33.17446289062502,0.013778915,0.015342712,15.313621022820383,28.877587890625023,0.013797988,0.06939697,4.298129963663244,0,0,1
2015-03-09 17:00:00,1276.3804,28.378747558593773,0.0159762,0.04977417,24.99459944109333,30.941247558593773,0.0140154455,0.02192688,15.63705263664265,27.441247558593773,0.014023075,0.0640564,5.246157466135083,0,0,1
2015-03-09 18:00:00,1236.0603,27.0578552246094,0.016021661,0.0440979,25.42918126656254,28.3703552246094,0.014385157,0.03250122,15.084746805354095,25.5578552246094,0.014797145,0.056350708,5.755748674760464,0,0,1
2015-03-09 19:00:00,1228.1053,26.295373535156276,0.016051902,0.031074524,24.982371629049037,26.842248535156276,0.014861717,0.043548584,14.826055469219288,24.201623535156276,0.015025749,0.058685303,6.357622413671779,0,0,1
2015-03-09 20:00:00,1171.088,26.039849853515648,0.016066879,0.025611877,23.963354133104858,26.055474853515648,0.01536116,0.04824829,14.42768211354248,23.602349853515648,0.015078872,0.067840576,6.225144745396308,0,0,1
2015-03-09 21:00:00,1134.0431,25.944696044921898,0.016081782,0.021858215,23.60298046106694,25.694696044921898,0.015746089,0.045837402,13.943950892035309,23.280633544921898,0.015147181,0.08691406,6.102336161038202,0,0,1
2015-03-09 22:00:00,1103.3732,25.883020019531276,0.016073937,0.018196106,23.51674380903706,25.679895019531276,0.015944237,0.052612305,13.542540700709417,23.093957519531276,0.015204186,0.10308838,5.866832402807068,0,0,1
2015-03-09 23:00:00,1038.2764,25.804223632812523,0.016104504,0.012256622,22.86756218731295,25.726098632812523,0.016051099,0.05366516,13.347509584768185,23.046411132812523,0.015250012,0.11727905,5.5757468916422495,0,0,1
2015-03-10 00:00:00,935.3784,25.721063232421898,0.016157478,0.012836456,22.25238109406427,25.705438232421898,0.016058296,0.056045532,13.304480917867352,23.025750732421898,0.015280099,0.15826416,5.355003473617325,0,0,1
2015-03-10 01:00:00,923.6083,25.632653808593773,0.016248733,0.013050079,21.95353192738959,25.601403808593773,0.015920669,0.055892944,12.96482089977084,23.015466308593773,0.015253096,0.1739502,5.37072907852937,0,0,1
2015-03-10 02:00:00,904.9587,25.585534667968773,0.016301874,0.015678406,22.08139406530275,25.460534667968773,0.015798334,0.040618896,12.49592396922799,22.968347167968773,0.015199427,0.1685791,5.252247269445197,0,0,1
2015-03-10 03:00:00,902.7271,25.543847656250023,0.016393231,0.019294739,22.070423990315746,25.325097656250023,0.01577525,0.028053284,11.822024968381152,22.926660156250023,0.01514964,0.16070557,4.999287819687025,0,0,1
2015-03-10 04:00:00,903.2964,25.506280517578148,0.016644888,0.022773743,21.348522740877726,25.225030517578148,0.015759878,0.01676941,10.995461016431609,22.896905517578148,0.015061788,0.15026855,4.864568006775896,0,0,1
2015-03-10 05:00:00,930.5081,25.455224609375023,0.016873747,0.025604248,20.18236079037222,25.064599609375023,0.015736967,0.01210022,10.11417512163564,22.853662109375023,0.014996915,0.122161865,4.868615791322082,0,0,1
2015-03-10 06:00:00,934.0236,25.505822753906276,0.017072158,0.022521973,19.165484422572145,25.052697753906276,0.015714126,0.012699127,9.849853053666994,22.841760253906276,0.015000776,0.10321045,4.844970204878801,0,0,1
2015-03-10 07:00:00,1056.6712,26.211572265625023,0.017064633,0.021408081,20.781481187036416,26.602197265625023,0.015637936,0.016052246,12.908012048914877,23.430322265625023,0.015008511,0.08560181,5.148424859501744,0,0,1
2015-03-10 08:00:00,1275.4709,27.435205078125023,0.016858622,0.020256042,22.17339330656314,28.966455078125023,0.015237377,0.018867493,15.051912671592346,24.841455078125023,0.014802502,0.06518555,5.393439694846264,0,0,1
2015-03-10 09:00:00,1354.5037,28.800744628906276,0.016683333,0.016815186,21.571764993200603,31.347619628906276,0.014901869,0.018814087,14.509046986553178,26.738244628906276,0.0144669935,0.058685303,5.307159658580341,0,0,1
2015-03-10 10:00:00,1407.7297,29.979516601562523,0.016553598,0.014572144,20.3770853484939,33.44826660156252,0.014821724,0.019805908,13.249950814785626,28.620141601562523,0.014360146,0.058547974,4.588857993380341,0,0,1
2015-03-10 11:00:00,1436.8196,30.962304687500023,0.016439391,0.01599884,18.5399843471424,35.10292968750002,0.014764738,0.030532837,12.167505496297975,30.009179687500023,0.014715147,0.059143066,3.196197290265636,0,0,1
2015-03-10 12:00:00,1458.7687,31.728662109375023,0.016340597,0.034439087,16.524305163389247,36.05678710937502,0.014620168,0.06417847,11.291018483231346,31.056787109375023,0.0145019125,0.06838989,2.34446813033806,0,0,1
2015-03-10 13:00:00,1520.0709,32.20980224609377,0.016287826,0.05883789,15.334184223836196,36.35042724609377,0.014445327,0.114227295,10.591901348484388,31.444177246093773,0.014590286,0.080078125,1.7041548535777746,0,0,1
2015-03-10 14:00:00,1515.8634,32.33437500000002,0.016265495,0.08514404,15.046692646383342,36.16250000000002,0.01438485,0.14520264,10.22721416498237,31.365625000000023,0.014834984,0.09225464,1.2722151650531957,0,0,1
2015-03-10 15:00:00,1478.1546,31.978784179687523,0.016303202,0.086883545,15.732643023934491,35.52565917968752,0.0144454455,0.13128662,10.49250458352546,30.666284179687523,0.015071056,0.075042725,1.2053081709586455,0,0,1
2015-03-10 16:00:00,1417.3595,31.292810058593773,0.016439918,0.05822754,17.368530359900717,34.51156005859377,0.014635566,0.086639404,11.350747797190277,29.777185058593773,0.015364173,0.06838989,1.5105208934032173,0,0,1
2015-03-10 17:00:00,1292.468,30.127343750000023,0.016683595,0.040603638,19.26111253894211,32.87734375000002,0.014963167,0.06123352,12.435093626399215,28.517968750000023,0.015668886,0.07757568,1.961900665708367,0,0,1
2015-03-10 18:00:00,1261.1574,28.602655029296898,0.016980883,0.038909912,21.27421436047107,30.508905029296898,0.015317674,0.053863525,12.729924236590568,26.883905029296898,0.015866991,0.09387207,2.2524489617360546,0,0,1
2015-03-10 19:00:00,1254.0928,27.408410644531276,0.017225275,0.03892517,22.960910492498577,28.470910644531276,0.015691767,0.05445862,13.427850874494624,25.658410644531276,0.015798578,0.09378052,3.621703173270093,0,0,1
2015-03-10 20:00:00,1238.2045,26.715875244140648,0.017309735,0.036071777,23.17664682407299,27.309625244140648,0.015951702,0.05003357,13.960642932416322,24.840875244140648,0.015928814,0.07913208,4.975058590721281,0,0,1
2015-03-10 21:00:00,1214.889,26.430047607421898,0.017295372,0.02986908,22.65285650771188,26.758172607421898,0.016143333,0.044677734,13.441291411889557,24.250360107421898,0.016044151,0.06311035,5.37631744917188,0,0,1
2015-03-10 22:00:00,1124.1296,26.300500488281276,0.017281096,0.020713806,22.36257089483155,26.441125488281276,0.016281646,0.037582397,12.659188623687832,23.823937988281276,0.016075652,0.056274414,5.156959634672839,0,0,1
2015-03-10 23:00:00,1059.745,26.174890136718773,0.017221196,0.019340515,22.439330803179743,26.253015136718773,0.01642011,0.030914307,11.713417810328307,23.487390136718773,0.016069157,0.065338135,4.839145433788688,0,0,1
2015-03-11 00:00:00,984.058,26.066522216796898,0.0170927,0.021339417,22.576053957241367,26.129022216796898,0.016627306,0.02999115,10.92382250273635,23.214959716796898,0.016100878,0.0743103,4.528523151592501,0,0,1
2015-03-11 01:00:00,962.8839,25.948083496093773,0.017063204,0.021514893,22.6036567362797,26.034020996093773,0.016880099,0.027320862,10.331425394275964,22.971520996093773,0.016140047,0.091156006,4.328637105343702,0,0,1
2015-03-11 02:00:00,919.4813,25.8371520996094,0.017109292,0.025062561,22.988947951249823,25.9465270996094,0.017071145,0.022621155,10.185504037242133,22.7902770996094,0.01613273,0.10562134,4.353734123733317,0,0,1
2015-03-11 03:00:00,908.6431,25.738946533203148,0.017155066,0.028160095,23.6092434900788,25.824884033203148,0.01710929,0.023918152,10.257327420342277,22.707696533203148,0.016170874,0.11074829,4.467713805954507,0,0,1
2015-03-11 04:00:00,905.999,25.695458984375023,0.017162338,0.026115417,23.408269976046597,25.656396484375023,0.017025009,0.020462036,9.939206292836836,22.726708984375023,0.016208664,0.12088013,4.29675719387513,0,0,1
2015-03-11 05:00:00,928.3784,25.658593750000023,0.017238265,0.0178833,22.485636284333346,25.517968750000023,0.016955977,0.013290405,9.112008992847963,22.783593750000023,0.016208297,0.14074707,3.867701825705692,0,0,1
2015-03-11 06:00:00,945.0044,25.691186523437523,0.017305702,0.016197205,21.835713004771744,25.566186523437523,0.016916603,0.0113220215,8.687435179544035,22.902124023437523,0.016214699,0.1408081,3.574827652891679,0,0,1
2015-03-11 07:00:00,1047.3626,26.314477539062523,0.017213296,0.01651001,23.063772235297492,27.189477539062523,0.016702127,0.02067566,11.718012691649143,23.541040039062523,0.016351175,0.115478516,3.807864954308898,0,0,1
2015-03-11 08:00:00,1249.5345,27.505090332031276,0.017045332,0.008659363,23.054063100448328,29.505090332031276,0.01606114,0.016578674,13.698886230192365,25.091027832031276,0.016251875,0.09341431,4.171609426896445,0,0,1
2015-03-11 09:00:00,1352.709,28.855676269531276,0.016892856,0.005842209,21.73724441597427,31.855676269531276,0.01571793,0.009780884,12.992411120905125,27.340051269531276,0.015893405,0.08627319,3.9815302919325095,0,0,1
2015-03-11 10:00:00,1465.6554,30.103417968750023,0.016778436,0.0016875267,20.547727094379983,33.93154296875002,0.015592064,0.010406494,11.848888741067382,29.244042968750023,0.015992608,0.08377075,2.8751934616676844,0,0,1
2015-03-11 11:00:00,1523.0527,31.123254394531276,0.016671367,0.0010285378,19.429781504220728,35.46700439453127,0.015458293,0.03390503,11.167221639326664,30.560754394531276,0.01612968,0.08694458,1.963880467685316,0,0,1
2015-03-11 12:00:00,1521.5065,31.923883056640648,0.0165642,0.0010604858,18.645701099573294,36.42388305664065,0.015244315,0.062332153,11.009148112505615,31.158258056640648,0.015999625,0.10110474,1.5153579980113083,0,0,1
2015-03-11 13:00:00,1529.8357,32.41512451171877,0.016502561,0.010398865,18.489948994146857,36.88387451171877,0.015037717,0.078186035,11.30351620546358,31.180749511718773,0.015960874,0.110809326,1.200310604309476,0,0,1
2015-03-11 14:00:00,1520.5639,32.4661804199219,0.016533293,0.023544312,18.854078253382426,36.7005554199219,0.014950194,0.08456421,11.8009608120028,30.997430419921898,0.015991606,0.10458374,1.0756140186252414,0,0,1
2015-03-11 15:00:00,1483.6265,32.12468872070315,0.01657937,0.034240723,19.573797780970164,35.84343872070315,0.014942864,0.075531006,12.308502366220983,30.359063720703148,0.016014794,0.0965271,1.309284268060224,0,0,1
2015-03-11 16:00:00,1402.8763,31.340386962890648,0.016632443,0.022659302,21.12282644432488,34.55913696289065,0.015091306,0.044937134,12.967603817949438,29.527886962890648,0.015983945,0.077941895,1.776286002511691,0,0,1
2015-03-11 17:00:00,1274.8719,29.963494873046898,0.016799973,0.019226074,23.312101687385628,32.6509948730469,0.015316057,0.029502869,13.46244685340528,28.338494873046898,0.016059922,0.06869507,2.2754860746476844,0,0,1
2015-03-11 18:00:00,1246.1528,28.244531250000023,0.017066946,0.022720337,25.14266264951709,30.260156250000023,0.015602103,0.01953888,13.17351880659844,26.760156250000023,0.01639556,0.076690674,2.4543630530035268,0,0,1
2015-03-11 19:00:00,1260.3929,27.087182617187523,0.017311318,0.028556824,25.668730632810902,28.415307617187523,0.016044838,0.012908936,13.292046261013828,25.634057617187523,0.016502602,0.084747314,3.2129146174778564,0,0,1
2015-03-11 20:00:00,1201.7233,26.580651855468773,0.017395863,0.029426575,25.260719498560626,27.440026855468773,0.016495595,0.017974854,13.006692202601808,25.002526855468773,0.016236195,0.081726074,4.52434354414678,0,0,1
2015-03-11 21:00:00,1161.4997,26.412438964843773,0.017404296,0.021453857,24.757870951926897,26.974938964843773,0.01684735,0.033432007,12.587075116620822,24.459313964843773,0.016275145,0.077941895,5.224515357652906,0,0,1
2015-03-11 22:00:00,1092.6652,26.284570312500023,0.017320022,0.025787354,25.274363849908827,26.597070312500023,0.017037734,0.033081055,12.426330034692606,24.018945312500023,0.016389236,0.09112549,4.98355546007578,0,0,1
2015-03-11 23:00:00,1042.1876,26.104577636718773,0.01728167,0.02658844,25.80510611462224,26.292077636718773,0.017197747,0.029914856,11.825131708746389,23.674890136718773,0.016472954,0.10095215,4.709558596003394,0,0,1
2015-03-12 00:00:00,990.7821,25.886285400390648,0.017334918,0.025604248,25.61825588891717,26.105035400390648,0.017319659,0.022331238,11.453287923572598,23.425347900390648,0.016488055,0.10812378,4.5447454377448455,0,0,1
2015-03-12 01:00:00,956.0346,25.679528808593773,0.017365243,0.023117065,25.332763373672528,25.913903808593773,0.017311838,0.028373718,11.524586608489782,23.249841308593773,0.016480234,0.11532593,4.423252336028313,0,0,1
2015-03-12 02:00:00,933.9292,25.543908691406276,0.017250666,0.027915955,26.00513301945166,25.747033691406276,0.017258296,0.020133972,11.69165533767191,23.168908691406276,0.016518245,0.12225342,4.233151748597498,0,0,1
2015-03-12 03:00:00,931.9151,25.447381591796898,0.017128387,0.027282715,26.991073964006485,25.619256591796898,0.017158905,0.02696991,11.899818348499902,23.150506591796898,0.016540924,0.121795654,4.064638576135418,0,0,1
2015-03-12 04:00:00,930.6284,25.461938476562523,0.017044205,0.019691467,26.59884051327032,25.493188476562523,0.01698317,0.042373657,11.576159333076976,23.172875976562523,0.016555924,0.114990234,3.850346140968814,0,0,1
2015-03-12 05:00:00,923.6243,25.536950683593773,0.016875649,0.016296387,25.846469494914825,25.411950683593773,0.016814614,0.051452637,11.037657280186918,23.177575683593773,0.016570473,0.11505127,3.617104475415629,0,0,1
2015-03-12 06:00:00,947.3327,25.6616149902344,0.016692128,0.01626587,25.171548967860645,25.4584899902344,0.016699757,0.05293274,11.123248050200054,23.1928649902344,0.016577687,0.11923218,3.718680283349749,0,0,1
2015-03-12 07:00:00,1064.1216,26.358483886718773,0.016524084,0.015777588,26.20812207774141,26.999108886718773,0.016501196,0.04623413,13.914014115932158,23.788171386718773,0.01670719,0.11639404,4.444442328108178,0,0,1
2015-03-12 08:00:00,1287.7142,27.582421875000023,0.016264629,0.02002716,26.14882171485353,29.394921875000023,0.015898418,0.033843994,15.916945500086827,25.160546875000023,0.016462993,0.10702515,5.049442388890154,0,0,1
2015-03-12 09:00:00,1388.6773,28.892175292968773,0.016142506,0.038345337,24.07075808223165,31.751550292968773,0.015356679,0.019577026,15.46280585366589,27.251550292968773,0.015791554,0.08761597,5.080637522590626,0,0,1
2015-03-12 10:00:00,1472.2431,29.974786376953148,0.016066076,0.039245605,22.41681926613904,33.66228637695315,0.015058996,0.01020813,14.749786147814143,29.037286376953148,0.015669348,0.07904053,4.153253419841051,0,0,1
2015-03-12 11:00:00,1500.8263,30.859246826171898,0.016005069,0.033203125,21.51737240146846,35.1873718261719,0.014807254,0.0075244904,14.559323310637478,30.327996826171898,0.015314609,0.073638916,3.306232003810198,0,0,1
2015-03-12 12:00:00,1462.7765,31.535577392578148,0.01596704,0.0055599213,21.36430936397452,36.25432739257815,0.014597563,0.009521484,14.732696262815008,31.207452392578148,0.014979033,0.07070923,2.8757076487181368,0,0,1
2015-03-12 13:00:00,1518.346,32.00786743164065,0.015860379,0.00019586086,22.127198521925703,36.72661743164065,0.014490903,0.016731262,15.169310396497048,31.539117431640648,0.014849485,0.07254028,2.831248984431407,0,0,1
2015-03-12 14:00:00,1518.8085,32.00283203125002,0.015791943,0.00050473213,23.348292338562004,36.54970703125002,0.014407209,0.02153778,15.623853610289052,31.346582031250023,0.014853529,0.0692749,2.9701376328222744,0,0,1
2015-03-12 15:00:00,1500.4894,31.468286132812523,0.015815271,0.0007414818,24.565599682160023,35.65578613281252,0.014327538,0.02267456,16.06805320128108,30.702661132812523,0.014922631,0.06713867,3.3107200331512385,0,0,1
2015-03-12 16:00:00,1389.9202,30.3793884277344,0.01595296,0.004304886,25.60142817089797,33.9418884277344,0.014415637,0.023605347,16.49635921191507,29.6762634277344,0.014995471,0.061431885,3.869240000419613,0,0,1
2015-03-12 17:00:00,1283.0658,28.913842773437523,0.016113494,0.021453857,26.11896346881987,31.570092773437523,0.014644834,0.023750305,16.682781219238727,28.195092773437523,0.015194151,0.05583191,4.553682578773883,0,0,1
2015-03-12 18:00:00,1276.5069,27.553735351562523,0.016242385,0.036209106,25.97129605919082,28.991235351562523,0.015075088,0.022003174,15.718988023173004,26.256860351562523,0.015769362,0.06384277,5.022372244790352,0,0,1
2015-03-12 19:00:00,1266.0551,26.854028320312523,0.01634108,0.029037476,25.280600016269734,27.541528320312523,0.015654435,0.032165527,14.925467417696463,24.807153320312523,0.016157975,0.08068848,5.431703484921457,0,0,1
2015-03-12 20:00:00,1210.3756,26.577569580078148,0.016348653,0.027694702,24.66593166321623,26.796319580078148,0.016066365,0.047027588,14.719404220134154,24.108819580078148,0.01613503,0.08425903,5.48942891762101,0,0,1
2015-03-12 21:00:00,1184.5691,26.438623046875023,0.016310966,0.025871277,24.393666117565715,26.329248046875023,0.016204154,0.040634155,14.266034150288483,23.587060546875023,0.016219413,0.085357666,5.586003711228003,0,0,1
2015-03-12 22:00:00,1131.6794,26.277703857421898,0.01641094,0.024925232,24.039542467584138,26.105828857421898,0.016258352,0.026283264,13.550256795666847,23.207391357421898,0.016189687,0.08538818,5.7341387608067205,0,0,1
2015-03-12 23:00:00,1082.7155,26.130456542968773,0.016526122,0.033569336,23.93491514427965,25.927331542968773,0.016327757,0.0148124695,12.835742346498444,22.896081542968773,0.0160531,0.0809021,5.842069679249558,0,0,1
2015-03-13 00:00:00,1003.2691,26.002099609375023,0.016633026,0.033996582,23.775180794302237,25.752099609375023,0.016404144,0.008190155,12.21472172123847,22.619287109375023,0.015908234,0.077178955,5.797755958266209,0,0,1
2015-03-13 01:00:00,955.0175,25.8222595214844,0.016793301,0.031570435,23.006030809622096,25.5878845214844,0.01642709,0.0061969757,11.657903146793997,22.4081970214844,0.015763333,0.07598877,5.928212687920178,0,0,1
2015-03-13 02:00:00,934.4766,25.678765869140648,0.016839106,0.0357666,22.303579410960378,25.413140869140648,0.01641186,0.009086609,11.190787163832194,22.264703369140648,0.015606958,0.08169556,6.021980602247099,0,0,1
2015-03-13 03:00:00,917.3479,25.555383300781276,0.016869629,0.03640747,21.557554502492387,25.227258300781276,0.016305054,0.023345947,10.655747445077765,22.164758300781276,0.015503966,0.084350586,5.908046776082093,0,0,1
2015-03-13 04:00:00,903.4429,25.466912841796898,0.016861934,0.037338257,21.74641841469964,25.052850341796898,0.016098995,0.032684326,10.452575702005335,22.107537841796898,0.015458126,0.077697754,5.587281344442971,0,0,1
2015-03-13 05:00:00,943.3801,25.3947692871094,0.01681578,0.03303528,21.671559244838363,24.8635192871094,0.015946029,0.027633667,10.277037213929136,22.0822692871094,0.015438674,0.07449341,5.389005626755519,0,0,1
2015-03-13 06:00:00,953.6717,25.426812744140648,0.016769677,0.0263443,21.98632637261808,24.809625244140648,0.015899926,0.020729065,10.450668240586564,22.098687744140648,0.015445978,0.07525635,5.423737518795551,0,0,1
2015-03-13 07:00:00,1081.4632,26.090264892578148,0.016471902,0.035308838,26.21508189571088,26.434014892578148,0.015800515,0.020469666,14.330568966694228,22.793389892578148,0.01549534,0.07217407,6.002614405382627,0,0,1
2015-03-13 08:00:00,1256.7364,27.251885986328148,0.01599878,0.03807068,29.921183453170453,28.767510986328148,0.015174805,0.027427673,17.72068000091487,24.447198486328148,0.015167176,0.063934326,6.416330578742271,0,0,1
2015-03-13 09:00:00,1353.8281,28.498742675781276,0.015654702,0.024726868,31.52977457214549,31.045617675781276,0.014582772,0.02294159,18.49574154891704,26.467492675781276,0.014681954,0.0579834,6.422512870350999,0,0,1
2015-03-13 10:00:00,1422.6555,29.550073242187523,0.01534892,0.0051574707,32.7246642443027,33.06569824218752,0.014280804,0.015552521,18.47112319183036,28.143823242187523,0.0143303955,0.05102539,6.202877232290053,0,0,1
2015-03-13 11:00:00,1461.1953,30.294030761718773,0.015131042,0.000995636,33.382166924924384,34.49715576171877,0.014085815,0.012649536,18.384291934730754,29.215905761718773,0.014375732,0.047042847,5.586735205825471,0,0,1
2015-03-13 12:00:00,1454.1062,30.6962829589844,0.015077253,0.0005095005,33.64301108438748,35.3212829589844,0.013997694,0.013095856,18.52352019666009,29.7275329589844,0.014203687,0.0491333,5.48550872822068,0,0,1
2015-03-13 13:00:00,1455.4213,30.770227050781276,0.015172247,0.00091314316,33.543151283784816,35.55147705078127,0.0138104,0.012981415,18.860551263998985,29.754602050781276,0.014039282,0.0488739,5.658982433603933,0,0,1
2015-03-13 14:00:00,1489.7841,30.494775390625023,0.015301579,0.0060482025,33.00383966476004,35.01040039062502,0.013623112,0.009586334,19.1926472651745,29.401025390625023,0.013932102,0.049224854,6.036514448201843,0,0,1
2015-03-13 15:00:00,1451.6365,29.877099609375023,0.01534321,0.011039734,32.1257650915094,33.61147460937502,0.013592264,0.005104065,19.563376297016625,28.752099609375023,0.0138211455,0.04600525,6.5964569465309575,0,0,1
2015-03-13 16:00:00,1371.092,29.005151367187523,0.01530101,0.011394501,30.468179021092286,31.817651367187523,0.0135767665,0.0031032562,19.48076366298473,27.802026367187523,0.0137026515,0.0398407,7.086577001143757,0,0,1
2015-03-13 17:00:00,1258.5987,27.939874267578148,0.015243712,0.013973236,28.741415901745505,29.846124267578148,0.013511839,0.0019264221,18.666430683460867,26.564874267578148,0.013740721,0.03541565,7.271710625509143,0,0,1
2015-03-13 18:00:00,1195.6209,26.892388916015648,0.015274356,0.019752502,27.49928706684176,27.954888916015648,0.013584445,0.0015134811,16.255199232097876,25.111138916015648,0.0139086945,0.03768921,7.070039440298613,0,0,1
2015-03-13 19:00:00,1238.0092,26.334527587890648,0.015351019,0.023208618,26.843059201039438,26.881402587890648,0.013939581,0.0032215118,14.1172162077738,23.990777587890648,0.014233313,0.047088623,6.707982935629552,0,0,1
2015-03-13 20:00:00,1199.7166,26.115197753906276,0.015340136,0.023269653,26.2642562780086,26.287072753906276,0.014382647,0.0090408325,13.220872294723916,23.365197753906276,0.014546679,0.0448761,6.298863499173926,0,0,1
2015-03-13 21:00:00,1159.9964,26.029321289062523,0.015333355,0.02079773,25.85325608544747,25.919946289062523,0.014669598,0.009609222,12.747830284853794,22.998071289062523,0.014700116,0.03489685,6.169714038967433,0,0,1
2015-03-13 22:00:00,1115.424,25.934655761718773,0.015326811,0.01889801,25.251448836353152,25.700280761718773,0.01483853,0.01171875,12.420329466057256,22.754968261718773,0.014769865,0.028862,6.090000705812911,0,0,1
2015-03-13 23:00:00,1064.3534,25.819238281250023,0.015311627,0.021499634,24.50214383457567,25.506738281250023,0.0149110835,0.014427185,11.86930451024342,22.545800781250023,0.014804272,0.029647827,6.026421935519423,0,0,1
2015-03-14 00:00:00,988.4669,25.708947753906276,0.015322984,0.03011322,23.655325820991468,25.302697753906276,0.014949144,0.01391983,11.523867503894447,22.365197753906276,0.014804185,0.032958984,5.946012221676981,0,0,1
2015-03-14 01:00:00,956.1678,25.596093750000023,0.015486853,0.035751343,22.24581050906166,25.064843750000023,0.014929907,0.007930756,11.152766082195916,22.236718750000023,0.014735358,0.037719727,5.884155975981825,0,0,1
2015-03-14 02:00:00,919.2604,25.4291931152344,0.015845297,0.032730103,20.995484395227333,24.8041931152344,0.014853476,0.0017309189,10.88789970636528,22.1166931152344,0.014655111,0.03831482,5.954780735235877,0,0,1
2015-03-14 03:00:00,919.7223,25.260308837890648,0.01619611,0.02294159,20.599801012578077,24.494683837890648,0.014754154,0.00052928925,10.762942825405116,22.033746337890648,0.014635898,0.03593445,6.141712606077944,0,0,1
2015-03-14 04:00:00,901.147,25.0947204589844,0.016409574,0.018600464,20.20294276038021,24.2665954589844,0.014647184,0.00077056885,10.588810380464723,21.9775329589844,0.014563261,0.03616333,5.872554026388065,0,0,1
2015-03-14 05:00:00,903.5648,24.970422363281276,0.016508602,0.020980835,19.62494932131693,24.056359863281276,0.014544032,0.0012874603,9.285740657223991,21.868859863281276,0.014467738,0.039031982,5.054189039884749,0,0,1
2015-03-14 06:00:00,894.1289,25.0112243652344,0.016508477,0.022270203,18.97428051937747,24.0424743652344,0.014467613,0.0039539337,8.216600413439002,21.7768493652344,0.01444091,0.0446167,4.891524130950336,0,0,1
2015-03-14 07:00:00,940.9222,25.686608886718773,0.016279338,0.033416748,21.18561480481988,25.889733886718773,0.014387248,0.008998871,12.556245527935989,22.569421386718773,0.014436839,0.047836304,6.112007336567176,0,0,1
2015-03-14 08:00:00,1049.4427,26.8920837402344,0.015874546,0.036956787,22.36958566976844,28.1889587402344,0.014157932,0.011116028,15.863304085338156,24.2514587402344,0.014119785,0.043655396,6.880074981236508,0,0,1
2015-03-14 09:00:00,1129.5567,28.185479736328148,0.01563007,0.040161133,21.974018582766814,30.419854736328148,0.013829534,0.012176514,15.911018095212256,26.091729736328148,0.013654058,0.036117554,6.472115717472267,0,0,1
2015-03-14 10:00:00,1207.1346,29.348779296875023,0.015461988,0.033172607,22.172794642661195,32.66127929687502,0.013688154,0.014644623,14.56335764180852,27.708154296875023,0.013238019,0.039367676,5.645225995982387,0,0,1
2015-03-14 11:00:00,1222.7921,30.342065429687523,0.015343612,0.02973938,21.87537590357824,34.45144042968752,0.013768142,0.015594482,12.729889283758826,28.732690429687523,0.01316542,0.041610718,4.513469336210624,0,0,1
2015-03-14 12:00:00,1207.2149,31.026147460937523,0.0153130125,0.031227112,21.07463860795849,35.71364746093752,0.0136879515,0.014122009,11.555098896866156,29.276147460937523,0.013584955,0.04750061,3.3643167402313763,0,0,1
2015-03-14 13:00:00,1183.1889,31.382409667968773,0.01532413,0.044036865,20.51222912262589,36.52303466796877,0.013317599,0.017326355,10.953370189670524,29.413659667968773,0.01356174,0.04951477,2.914674565975808,0,0,1
2015-03-14 14:00:00,1164.5524,31.4343200683594,0.015358228,0.06829834,20.271238861993613,36.7624450683594,0.012924451,0.024299622,10.697834294839938,29.1218200683594,0.013469953,0.057922363,2.877939696668313,0,0,1
2015-03-14 15:00:00,1141.4084,30.965966796875023,0.015468736,0.09628296,20.549669872890068,36.35659179687502,0.012703081,0.031211853,10.685023741706887,28.622216796875023,0.013366838,0.05467224,2.963501797068775,0,0,1
2015-03-14 16:00:00,1114.5877,30.015161132812523,0.015667,0.078552246,22.36103546310908,35.04641113281252,0.012779276,0.0395813,11.026025716595592,27.983911132812523,0.013347666,0.057754517,3.523722705336157,0,0,1
2015-03-14 17:00:00,1117.7582,28.6025329589844,0.01594158,0.073913574,24.80751451655844,33.0712829589844,0.013156853,0.035110474,11.841450642049962,26.8994079589844,0.013656578,0.058792114,4.504332707273896,0,0,1
2015-03-14 18:00:00,1159.7299,27.128106689453148,0.016162891,0.07702637,26.268307720112382,30.299981689453148,0.013946552,0.037765503,12.063859887824728,25.393731689453148,0.014232654,0.057800293,5.213712767982752,0,0,1
2015-03-14 19:00:00,1205.8606,26.323876953125023,0.016308077,0.06265259,25.824598181110588,28.073876953125023,0.0145838335,0.044555664,13.271068081219289,24.214501953125023,0.014385469,0.057052612,6.305667181086615,0,0,1
2015-03-14 20:00:00,1180.0649,26.069970703125023,0.016384812,0.048110962,24.739805584253887,26.601220703125023,0.0148551185,0.05180359,14.576088206789548,23.429345703125023,0.014343949,0.05647278,7.09166791163552,0,0,1
2015-03-14 21:00:00,1145.0408,25.934350585937523,0.016400749,0.038253784,24.80305802964768,25.856225585937523,0.0151457125,0.04170227,14.176902425351232,22.934350585937523,0.01448577,0.062347412,6.789092881252145,0,0,1
2015-03-14 22:00:00,1061.7452,25.747338867187523,0.01640154,0.027313232,24.912502633729638,25.403588867187523,0.015440237,0.023376465,13.34894339848503,22.653588867187523,0.014555227,0.07702637,6.416456266974862,0,0,1
2015-03-14 23:00:00,1016.4492,25.549645996093773,0.016348485,0.025375366,24.561237182769155,25.127770996093773,0.01559699,0.010932922,12.461665798416982,22.479333496093773,0.01464713,0.0809021,5.754225732204172,0,0,1
2015-03-15 00:00:00,969.0896,25.400048828125023,0.016226333,0.026916504,24.2971382999198,24.946923828125023,0.015661757,0.0069618225,11.624353324377273,22.314111328125023,0.0147157125,0.078430176,5.215451608270414,0,0,1
2015-03-15 01:00:00,940.5959,25.271691894531276,0.016188065,0.022460938,23.65601653977849,24.771691894531276,0.015699783,0.00838089,10.614501548704084,22.131066894531276,0.014765183,0.075927734,5.087682727278429,0,0,1
2015-03-15 02:00:00,917.0595,25.160943603515648,0.016195547,0.021057129,22.80856652196953,24.660943603515648,0.015753042,0.013900757,10.142776143539264,21.965631103515648,0.014799368,0.0713501,5.028645346147806,0,0,1
2015-03-15 03:00:00,891.3671,25.110009765625023,0.016225899,0.02342987,21.832325632073253,24.547509765625023,0.015813911,0.021697998,9.177610943652857,21.828759765625023,0.014833534,0.069000244,4.996453942743106,0,0,1
2015-03-15 04:00:00,879.8839,25.094873046875023,0.016309677,0.023742676,19.62650862222424,24.454248046875023,0.015874801,0.022773743,8.172475442508128,21.727685546875023,0.014890609,0.07055664,4.875538476401913,0,0,1
2015-03-15 05:00:00,870.9538,25.106011962890648,0.016446905,0.021972656,17.1072544972332,24.324761962890648,0.015958624,0.01878357,7.432727191428277,21.660699462890648,0.014962988,0.06997681,4.804130827126837,0,0,1
2015-03-15 06:00:00,820.5032,25.153833007812523,0.016629916,0.018959045,15.494315432763734,24.294458007812523,0.016042452,0.02078247,7.610576653506709,21.692895507812523,0.015027744,0.073272705,4.796474622487719,0,0,1
2015-03-15 07:00:00,820.6248,25.865167236328148,0.01656114,0.020980835,17.424835607117178,26.068292236328148,0.015973676,0.025390625,11.729571839150193,22.630792236328148,0.015081038,0.07272339,5.14526311930046,0,0,1
2015-03-15 08:00:00,891.9641,27.077539062500023,0.01622532,0.02609253,18.96275135695975,28.686914062500023,0.015408974,0.035720825,13.85071613649982,24.702539062500023,0.014852028,0.062026978,5.084119790113346,0,0,1
2015-03-15 09:00:00,953.7979,28.442041015625023,0.015904777,0.022232056,19.238479107485094,31.238916015625023,0.01484429,0.0365448,12.651180136896368,27.035791015625023,0.014359823,0.06478882,4.47352109158755,0,0,1
2015-03-15 10:00:00,976.5388,29.641473388671898,0.015668208,0.02053833,19.55332536050604,33.5008483886719,0.014699276,0.031707764,10.63715598136204,29.000848388671898,0.014115627,0.07385254,3.101485939137911,0,0,1
2015-03-15 11:00:00,1038.9064,30.582543945312523,0.015481252,0.016677856,19.69621305519973,35.27004394531252,0.014428396,0.028434753,9.16293315201875,30.395043945312523,0.014329214,0.06826782,1.3763711863492556,0,0,1
2015-03-15 12:00:00,1063.2476,31.274194335937523,0.015305724,0.01877594,19.75672024894611,36.49294433593752,0.0137874745,0.047729492,8.211347859705842,31.367944335937523,0.014363494,0.062347412,0.3877720031988433,0,0,1
2015-03-15 13:00:00,1065.0721,31.625512695312523,0.015172147,0.02254486,20.20644485846928,37.03176269531252,0.013474607,0.08154297,7.636504397766969,31.938012695312523,0.01387515,0.06704712,0.6870900553144506,0,0,1
2015-03-15 14:00:00,1053.9984,31.612084960937523,0.015088137,0.02721405,20.907228860562316,36.90895996093752,0.013455447,0.11099243,7.482428252860437,31.752709960937523,0.013600405,0.08734131,2.074175455967003,0,0,1
2015-03-15 15:00:00,1044.2449,31.208917236328148,0.015099483,0.02357483,21.938347339404924,35.80266723632815,0.013691859,0.11529541,7.542876464026341,30.865167236328148,0.0140657,0.09289551,2.7984949153971868,0,0,1
2015-03-15 16:00:00,1026.9718,30.232934570312523,0.015225261,0.013511658,23.659550280130176,34.62355957031252,0.013928264,0.105407715,8.158309865832713,29.357934570312523,0.014839977,0.10336304,2.7284758037482035,0,0,1
2015-03-15 17:00:00,1001.4387,28.769982910156276,0.0154616935,0.0151023865,25.426508873921826,33.14498291015627,0.014122735,0.08081055,8.547721840366492,27.863732910156276,0.0154616935,0.09866333,2.387916385830559,0,0,1
2015-03-15 18:00:00,1030.7354,27.3005310058594,0.015736327,0.02797699,26.15235700615796,31.2224060058594,0.014271483,0.063964844,7.698973535264561,26.4724060058594,0.0155989975,0.097717285,2.219940250984536,0,0,1
2015-03-15 19:00:00,1098.6313,26.444726562500023,0.016011013,0.036712646,25.60738776418768,29.679101562500023,0.014752162,0.06945801,7.999211196158169,25.272851562500023,0.015881313,0.11148071,2.319746968101792,0,0,1
2015-03-15 20:00:00,1115.5419,26.129968261718773,0.016209444,0.035705566,24.81225413625827,28.317468261718773,0.015278658,0.07925415,9.953176146754624,24.301843261718773,0.01627048,0.14160156,2.1984841543098983,0,0,1
2015-03-15 21:00:00,1102.2622,25.990167236328148,0.016339226,0.033828735,24.78124038215056,27.177667236328148,0.015381736,0.08502197,11.579148981319474,23.787042236328148,0.016308708,0.14709473,2.3760951287993124,0,0,1
2015-03-15 22:00:00,1058.1149,25.808496093750023,0.016392702,0.03340149,25.132805530190204,26.433496093750023,0.015568728,0.084472656,11.805263024469395,23.417871093750023,0.01617908,0.15020752,3.310741849035898,0,0,1
2015-03-15 23:00:00,1002.9537,25.610650634765648,0.016369827,0.029281616,25.243859080272344,25.907525634765648,0.015812881,0.07406616,11.484459960623234,23.095025634765648,0.01608754,0.14782715,4.085290125952869,0,0,1
2015-03-16 00:00:00,958.7125,25.413293457031276,0.016301038,0.02620697,25.33950415026022,25.522668457031276,0.01589668,0.05630493,11.374940916473872,22.835168457031276,0.016049268,0.14465332,4.385379337444889,0,0,1
2015-03-16 01:00:00,923.5317,25.2761169433594,0.016209356,0.022354126,25.05488635620337,25.2604919433594,0.01590418,0.037384033,11.408112119244102,22.6198669433594,0.015995733,0.14453125,4.6717003198328575,0,0,1
2015-03-16 02:00:00,896.5712,25.150476074218773,0.016155818,0.017486572,24.50603167342494,25.072351074218773,0.01588116,0.036376953,11.702675498815063,22.431726074218773,0.015904048,0.1439209,5.111638656471474,0,0,1
2015-03-16 03:00:00,870.4412,25.074395751953148,0.016132785,0.017723083,24.00428897681051,24.918145751953148,0.015766574,0.041015625,12.05597365850192,22.246270751953148,0.015797092,0.14050293,5.467966458237973,0,0,1
2015-03-16 04:00:00,874.0112,25.080194091796898,0.016117392,0.019897461,22.40731189461988,24.783319091796898,0.015690146,0.030158997,11.46268385611776,22.111444091796898,0.015674887,0.12762451,5.469227598425253,0,0,1
2015-03-16 05:00:00,897.8584,25.1096130371094,0.016201146,0.021064758,19.92892492446644,24.6877380371094,0.015659459,0.03163147,10.552222082061231,22.0314880371094,0.015575536,0.10571289,5.3498078391957975,0,0,1
2015-03-16 06:00:00,913.1295,25.180810546875023,0.016368818,0.023582458,17.912371233672292,24.712060546875023,0.015636396,0.035369873,10.1823540357678,21.985498046875023,0.0154876225,0.09567261,5.321882361487036,0,0,1
2015-03-16 07:00:00,1053.1604,25.866571044921898,0.016307639,0.03881836,19.32638990134092,25.913446044921898,0.0155332545,0.033355713,12.571208920851229,22.366571044921898,0.015537069,0.09017944,5.619420022870031,0,0,1
2015-03-16 08:00:00,1266.6678,26.920312500000023,0.015941365,0.081726074,20.699887748082187,27.904687500000023,0.015029653,0.040985107,15.11216504504344,23.279687500000023,0.015479787,0.08432007,6.065260645964954,0,0,1
2015-03-16 09:00:00,1371.1041,28.043847656250023,0.015681967,0.10296631,20.39957090936309,30.059472656250023,0.014388785,0.035949707,15.564851514265492,25.121972656250023,0.014819846,0.07608032,6.317413541913977,0,0,1
2015-03-16 10:00:00,1470.4104,29.162622070312523,0.015483614,0.12423706,21.570785220395063,32.11574707031252,0.013965365,0.032928467,15.592455991212246,26.975122070312523,0.014182802,0.08920288,6.332889807714199,0,0,1
2015-03-16 11:00:00,1492.418,30.105676269531276,0.015281459,0.13641357,23.60246728187526,33.79317626953127,0.013786098,0.03791809,15.385693302891635,28.246301269531276,0.014003536,0.08929443,5.767256908676029,0,0,1
2015-03-16 12:00:00,1479.6275,30.682733154296898,0.015094592,0.1472168,25.48541621828719,34.8077331542969,0.013767078,0.045455933,15.469629680242758,28.901483154296898,0.014217212,0.08416748,5.002228654082193,0,0,1
2015-03-16 13:00:00,1499.1948,30.737939453125023,0.014953475,0.13342285,27.466718441565643,35.31606445312502,0.013812881,0.04812622,15.909445005048177,29.253564453125023,0.014205795,0.07357788,4.849734922420917,0,0,1
2015-03-16 14:00:00,1517.5775,30.283135986328148,0.014835218,0.09362793,29.254003820023563,35.12688598632815,0.013885358,0.054260254,16.351751251224854,29.298760986328148,0.014190534,0.06478882,4.880583895709142,0,0,1
2015-03-16 15:00:00,1503.7103,29.5319763183594,0.014716973,0.064453125,30.43809365196867,34.0632263183594,0.013965477,0.056747437,16.753848799155403,28.9538513183594,0.014156212,0.061691284,5.1298688249380975,0,0,1
2015-03-16 16:00:00,1422.3779,28.582604980468773,0.0146521665,0.04852295,30.23280846232337,32.33260498046877,0.014099035,0.06384277,17.08339969578701,28.223229980468773,0.0141486265,0.065093994,5.47184500519937,0,0,1
2015-03-16 17:00:00,1262.6904,27.598352050781276,0.014663727,0.040740967,29.24156973616098,30.129602050781276,0.014209778,0.07052612,16.969528210746244,26.895227050781276,0.01430896,0.07385254,5.979196570274016,0,0,1
2015-03-16 18:00:00,1233.3427,26.7800231933594,0.014747808,0.037017822,28.19682303855832,27.9831481933594,0.014316747,0.06314087,16.063758927819894,25.1550231933594,0.014709661,0.06729126,6.2715555015577,0,0,1
2015-03-16 19:00:00,1242.4208,26.331719970703148,0.014896742,0.027175903,27.337228731293,26.644219970703148,0.014541975,0.07272339,14.949071655028217,23.925469970703148,0.014793745,0.071258545,6.649534016968578,0,0,1
2015-03-16 20:00:00,1225.1746,26.125207519531276,0.014946535,0.027793884,26.72900163115417,25.906457519531276,0.014767244,0.07223511,13.750112304228873,23.359582519531276,0.01476343,0.071502686,6.79177441969817,0,0,1
2015-03-16 21:00:00,1163.5134,25.9467712402344,0.014878008,0.025550842,26.17314789348612,25.5248962402344,0.01491234,0.054000854,13.384338056792568,22.9780212402344,0.014721605,0.068237305,6.902917377877681,0,0,1
2015-03-16 22:00:00,1103.6149,25.787225341796898,0.01475586,0.02873993,25.453360992517855,25.255975341796898,0.015003815,0.06311035,13.350614057841518,22.709100341796898,0.01469101,0.06390381,6.82104458055523,0,0,1
2015-03-16 23:00:00,1056.3971,25.652551269531276,0.014610949,0.022331238,24.77621846825932,24.996301269531276,0.015026751,0.062042236,13.267601253108062,22.543176269531276,0.014622393,0.061172485,6.821124986842024,0,0,1
2015-03-17 00:00:00,998.3663,25.508843994140648,0.014592037,0.01878357,23.877883791294945,24.696343994140648,0.0150345415,0.054138184,13.020656718203234,22.376031494140648,0.014538631,0.05860901,6.786737641573583,0,0,1
2015-03-17 01:00:00,964.6423,25.386773681640648,0.014614995,0.019371033,22.875458419458845,24.433648681640648,0.015076573,0.051742554,12.60152426083008,22.238336181640648,0.014473851,0.054718018,6.72050662617328,0,0,1
2015-03-17 02:00:00,925.4548,25.263757324218773,0.014695016,0.020889282,21.652821994312493,24.185632324218773,0.015084115,0.053985596,12.108662283713482,22.107507324218773,0.014412728,0.055770874,6.626312681461874,0,0,1
2015-03-17 03:00:00,911.4469,25.147302246093773,0.014786445,0.024215698,20.31510773525265,23.991052246093773,0.015057288,0.041290283,11.646289316348271,22.006677246093773,0.014382087,0.057403564,6.479887713413126,0,0,1
2015-03-17 04:00:00,908.1614,25.041955566406276,0.0149427,0.024543762,19.2293741833148,23.776330566406276,0.015026623,0.027297974,10.808952435772351,21.916955566406276,0.014347607,0.055923462,6.131021701867042,0,0,1
2015-03-17 05:00:00,924.3389,24.944238281250023,0.015110412,0.019569397,18.209939795305,23.553613281250023,0.014992156,0.02192688,9.733949849012268,21.827050781250023,0.014290252,0.057510376,5.8334590934639445,0,0,1
2015-03-17 06:00:00,931.6386,24.9584899902344,0.015205671,0.014175415,18.07585457328885,23.5053649902344,0.014877607,0.023910522,9.254273317270098,21.7788024902344,0.014194776,0.055160522,5.8647622109524296,0,0,1
2015-03-17 07:00:00,1036.4109,25.760644531250023,0.0150720915,0.017120361,21.132336192067605,25.510644531250023,0.014496072,0.014308929,13.672916483768894,22.588769531250023,0.014030679,0.048583984,6.44556910888326,0,0,1
2015-03-17 08:00:00,1211.9531,26.968316650390648,0.014702062,0.034072876,22.987041425253665,28.140191650390648,0.013561468,0.0066184998,17.34928488013413,24.296441650390648,0.013477544,0.03327942,6.965109279019013,0,0,1
2015-03-17 09:00:00,1305.9658,28.180047607421898,0.014480805,0.03904724,23.05209011440347,30.414422607421898,0.012794709,0.0035276413,17.906008260802782,26.133172607421898,0.012813782,0.024177551,6.885759477800587,0,0,1
2015-03-17 10:00:00,1378.4568,29.185601806640648,0.014415935,0.058746338,22.933292545607618,32.40435180664065,0.012325481,0.002902031,17.474833396805067,27.748101806640648,0.012264445,0.019126892,6.5078159701371305,0,0,1
2015-03-17 11:00:00,1401.8369,29.928125000000023,0.014438792,0.07217407,22.641607606782944,33.94375000000002,0.012146159,0.0022640228,16.428701824926513,28.896875000000023,0.012199565,0.014125824,5.672391212869435,0,0,1
2015-03-17 12:00:00,1382.6206,30.4518981933594,0.014446381,0.08395386,22.384542881411843,34.9518981933594,0.012088898,0.001598835,15.415871712198848,29.6393981933594,0.012226227,0.013813019,4.856353039918703,0,0,1
2015-03-17 13:00:00,1399.3587,30.719171142578148,0.014392919,0.09811401,22.15824448059715,35.40667114257815,0.012008733,0.0011119843,14.851801814961004,30.031671142578148,0.012119359,0.015625,4.38439385429782,0,0,1
2015-03-17 14:00:00,1425.3616,30.628076171875023,0.014305126,0.10342407,22.17904358544873,35.23745117187502,0.011989605,0.00097084045,14.620743446077414,30.096826171875023,0.011871349,0.016647339,4.168658922107002,0,0,1
2015-03-17 15:00:00,1403.5514,30.178674316406276,0.0142631065,0.10336304,22.600346182813396,34.28804931640627,0.012149764,0.00096416473,14.820258858462491,29.709924316406276,0.011722518,0.018714905,4.275558856775363,0,0,1
2015-03-17 16:00:00,1332.1691,29.2875915527344,0.014282145,0.08276367,23.89511424926342,32.6938415527344,0.012393869,0.001226902,15.411457466451198,28.8344665527344,0.011707224,0.014141083,4.953761700162275,0,0,1
2015-03-17 17:00:00,1202.2091,28.058435058593773,0.014369964,0.06248474,25.21663487296444,30.495935058593773,0.0126457205,0.0022211075,15.928410379009842,27.402185058593773,0.011943816,0.008739471,5.960073185925807,0,0,1
2015-03-17 18:00:00,1187.3009,26.820336914062523,0.0145112565,0.056762695,25.38722855889093,28.054711914062523,0.012909084,0.0037975311,15.647231333008143,25.539086914062523,0.012382655,0.0053157806,6.511835327203329,0,0,1
2015-03-17 19:00:00,1177.1212,26.152917480468773,0.014675512,0.041870117,24.721232060218917,26.652917480468773,0.013229742,0.005092621,15.054037613275518,24.137292480468773,0.012333288,0.0026350021,7.046836825180689,0,0,1
2015-03-17 20:00:00,1144.0711,25.872338867187523,0.014851276,0.029975891,23.63862644136033,25.684838867187523,0.013546649,0.0044517517,13.818036044141277,23.200463867187523,0.012642566,0.0017361641,6.761445831661826,0,0,1
2015-03-17 21:00:00,1100.7929,25.728936767578148,0.014996377,0.023750305,22.941843894812493,25.010186767578148,0.013779488,0.003288269,13.068834590774925,22.494561767578148,0.012905923,0.0016970634,6.642020777600052,0,0,1
2015-03-17 22:00:00,1047.3003,25.607629394531276,0.015076508,0.02444458,22.89047060261496,24.623254394531276,0.01390921,0.0026836395,12.906170136802697,21.967004394531276,0.0131271975,0.009735107,6.869636726936207,0,0,1
2015-03-17 23:00:00,993.0295,25.470635986328148,0.015095638,0.025665283,22.66001159506061,24.314385986328148,0.013958858,0.0027656555,12.238487489035853,21.619073486328148,0.013359951,0.018051147,6.844531163613064,0,0,1
2015-03-18 00:00:00,938.1305,25.326257324218773,0.015034718,0.027877808,22.348372145389654,24.013757324218773,0.013974233,0.0040073395,11.555414966640944,21.373132324218773,0.013489766,0.025268555,6.557921629427824,0,0,1
2015-03-18 01:00:00,902.2231,25.196984863281276,0.014950811,0.025741577,21.800140884364144,23.806359863281276,0.013966619,0.008514404,11.169730973244093,21.189172363281276,0.01351267,0.028518677,6.421316250070763,0,0,1
2015-03-18 02:00:00,866.159,25.061364746093773,0.014836203,0.025794983,21.51874862436007,23.717614746093773,0.013939749,0.011425018,10.803563674437568,21.076989746093773,0.013497245,0.032928467,6.393702209831019,0,0,1
2015-03-18 03:00:00,859.7497,24.962518310546898,0.014752262,0.017173767,20.96980813916891,23.696893310546898,0.013924473,0.014854431,10.437303881601538,21.025018310546898,0.013447636,0.03729248,6.116805871042981,0,0,1
2015-03-18 04:00:00,865.3405,24.862268066406276,0.014702895,0.009609222,19.31890222593748,23.596643066406276,0.013932326,0.018844604,9.685751366092196,21.018518066406276,0.013421156,0.043121338,5.764146747423254,0,0,1
2015-03-18 05:00:00,896.948,24.7868591308594,0.014676406,0.010700226,17.373141691878697,23.4118591308594,0.0139401695,0.018974304,8.37959414516716,21.0134216308594,0.013429,0.042755127,5.354946637568944,0,0,1
2015-03-18 06:00:00,897.5648,24.811151123046898,0.014687764,0.026016235,15.521484773145524,23.217401123046898,0.013974416,0.019752502,7.475661406073174,20.990838623046898,0.013451803,0.03704834,4.860643039123957,0,0,1
2015-03-18 07:00:00,1026.2429,25.498010253906276,0.014458905,0.040725708,17.720468666647196,25.107385253906276,0.013940106,0.024360657,12.052111162940983,21.529260253906276,0.013470898,0.029632568,5.034868286516256,0,0,1
2015-03-18 08:00:00,1193.87,26.490319824218773,0.014195475,0.046875,19.90550724673953,27.490319824218773,0.013489756,0.029785156,14.868577745938303,23.154382324218773,0.013176951,0.022209167,5.375838969203108,0,0,1
2015-03-18 09:00:00,1296.8956,27.547906494140648,0.014061646,0.040100098,20.481993836860784,29.454156494140648,0.012905792,0.034805298,14.258977146354288,25.407281494140648,0.012459473,0.022499084,5.11492357705936,0,0,1
2015-03-18 10:00:00,1395.8315,28.550256347656276,0.013958368,0.04071045,20.139781835410474,31.112756347656276,0.012413416,0.03416443,12.795359521356238,27.581506347656276,0.011413965,0.023757935,4.252625468991668,0,0,1
2015-03-18 11:00:00,1426.5431,29.376428222656276,0.013874203,0.03993225,19.6879049205011,32.56392822265627,0.012275845,0.028671265,11.15682361314212,29.142053222656276,0.010650784,0.026374817,3.203617259835492,0,0,1
2015-03-18 12:00:00,1427.2609,30.069543457031276,0.013801605,0.038757324,19.61492174415429,33.91329345703127,0.012191803,0.024482727,10.047670703661316,29.835168457031276,0.0112304995,0.021743774,1.7654509575059751,0,0,1
2015-03-18 13:00:00,1458.799,30.4802185058594,0.013732975,0.05177307,19.513617095152565,34.8083435058594,0.011875218,0.017440796,9.50657763396202,30.4645935058594,0.011444157,0.018287659,0.789908404774471,0,0,1
2015-03-18 14:00:00,1451.6312,30.510888671875023,0.013660687,0.07852173,19.045143625804958,35.27651367187502,0.011341351,0.011108398,9.189872665768396,30.807763671875023,0.011287945,0.017333984,0.4923912934326074,0,0,1
2015-03-18 15:00:00,1415.7654,30.126885986328148,0.013657021,0.1010437,18.799536370587003,35.06438598632815,0.01108973,0.008880615,9.021159171077572,30.564385986328148,0.010986733,0.02155304,1.2432693161199302,0,0,1
2015-03-18 16:00:00,1362.9973,29.298242187500023,0.013737286,0.08850098,19.18329508777897,34.17324218750002,0.011143292,0.010639191,8.889777285314583,29.595117187500023,0.011307324,0.033355713,2.135222737756308,0,0,1
2015-03-18 17:00:00,1224.8247,28.279412841796898,0.013913023,0.070251465,19.71996138005992,32.6075378417969,0.011422026,0.019821167,8.81079278520294,28.060662841796898,0.012181151,0.031814575,2.5640681069712032,0,0,1
2015-03-18 18:00:00,1191.6592,27.223779296875023,0.014160911,0.054153442,19.805853723983724,30.270654296875023,0.012093345,0.020736694,7.8256134426499875,26.317529296875023,0.013085166,0.030578613,2.522433299268773,0,0,1
2015-03-18 19:00:00,1205.2424,26.504052734375023,0.014462284,0.045211792,19.436489474900306,28.394677734375023,0.013024143,0.022224426,8.372292092795435,25.160302734375023,0.013619236,0.035629272,2.613889795448001,0,0,1
2015-03-18 20:00:00,1146.1104,26.068780517578148,0.01475227,0.04121399,18.69446609946753,27.006280517578148,0.01374519,0.015716553,9.822624478462844,24.303155517578148,0.014130474,0.03831482,2.411797222495653,0,0,1
2015-03-18 21:00:00,1093.2554,25.795922851562523,0.015026616,0.03933716,18.08780145295075,26.108422851562523,0.013920354,0.008266449,10.110972032766568,23.655297851562523,0.013969945,0.037384033,2.2487671335446557,0,0,1
2015-03-18 22:00:00,1050.6826,25.561120605468773,0.015323958,0.03678894,17.73479045149388,25.326745605468773,0.014255843,0.0051174164,9.134003085154896,23.092370605468773,0.014286361,0.03665161,2.6898033721844827,0,0,1
2015-03-18 23:00:00,986.7094,25.339196777343773,0.015598539,0.043685913,16.948068613388404,24.620446777343773,0.014644865,0.003929138,8.10709185085492,22.659509277343773,0.014419798,0.035964966,3.038980758862151,0,0,1
2015-03-19 00:00:00,958.4364,25.174707031250023,0.015758783,0.07574463,15.693653918556686,24.049707031250023,0.0149424365,0.0051403046,7.487931742503767,22.315332031250023,0.014412194,0.03604126,3.12726330087846,0,0,1
2015-03-19 01:00:00,916.4458,25.029595947265648,0.015797036,0.105895996,14.868113896928918,23.576470947265648,0.015144723,0.008693695,7.163757325706004,22.029595947265648,0.014404671,0.03918457,3.250119494662272,0,0,1
2015-03-19 02:00:00,868.8648,24.945672607421898,0.015759053,0.115722656,14.260705432109129,23.195672607421898,0.015251699,0.01399231,6.799597750715347,21.820672607421898,0.014393392,0.044815063,3.3426913487537924,0,0,1
2015-03-19 03:00:00,841.5712,24.865289306640648,0.015697986,0.09875488,14.019783559480777,22.912164306640648,0.015308888,0.01965332,6.315832298685746,21.677789306640648,0.014378102,0.05079651,3.3365348792051592,0,0,1
2015-03-19 04:00:00,851.6552,24.791833496093773,0.015636915,0.081848145,13.508779798813512,22.682458496093773,0.015305036,0.024459839,5.848529073215886,21.541833496093773,0.01430177,0.05140686,3.290165678392035,0,0,1
2015-03-19 05:00:00,848.4193,24.723107910156276,0.015636967,0.05303955,12.196683589245556,22.504357910156276,0.015270757,0.027801514,5.731700434399023,21.379357910156276,0.014175938,0.052093506,3.2550158587302347,0,0,1
2015-03-19 06:00:00,860.5555,24.691430664062523,0.015667632,0.04032898,11.464584650234505,22.644555664062523,0.015244201,0.030227661,6.552188501853282,21.246118164062523,0.014076903,0.05279541,3.2397843479867547,0,0,1
2015-03-19 07:00:00,990.3259,25.380822753906276,0.015534333,0.033569336,13.71776062197958,24.974572753906276,0.01488202,0.030670166,10.29202446154739,22.240197753906276,0.013974122,0.05505371,3.621078390440726,0,0,1
2015-03-19 08:00:00,1173.083,26.485498046875023,0.015168321,0.045196533,14.829924729426942,27.938623046875023,0.013875139,0.030586243,11.407138637259058,24.344873046875023,0.013425005,0.059417725,3.360352622500105,0,0,1
2015-03-19 09:00:00,1284.6024,27.774194335937523,0.014619068,0.0435791,15.07192105407449,30.539819335937523,0.012948231,0.027542114,10.443819560122366,26.461694335937523,0.012723164,0.066467285,2.533726053374112,0,0,1
2015-03-19 10:00:00,1345.4315,28.999658203125023,0.014073601,0.04763794,14.506342943543803,32.76528320312502,0.012536278,0.032836914,8.823818856103195,28.312158203125023,0.0121014025,0.10015869,1.3659193555350726,0,0,1
2015-03-19 11:00:00,1367.0221,29.982202148437523,0.013779862,0.08087158,13.743310190113933,34.37282714843752,0.012494309,0.05303955,7.350198750825433,29.575952148437523,0.012482865,0.14508057,0.6008784129988396,0,0,1
2015-03-19 12:00:00,1360.1419,30.672235107421898,0.013703476,0.10775757,13.532806056106669,35.3597351074219,0.012101303,0.080963135,6.760053243483836,29.890985107421898,0.01257814,0.16864014,1.6363662463947637,0,0,1
2015-03-19 13:00:00,1391.8222,31.002404785156276,0.013733922,0.11276245,13.913482910970464,35.47115478515627,0.012074528,0.16455078,6.530995212677588,29.830529785156276,0.01292902,0.18395996,2.4759790564808326,0,0,1
2015-03-19 14:00:00,1374.8698,31.208428955078148,0.013749172,0.12423706,14.58313286925092,34.63030395507815,0.0122309225,0.19555664,6.309317755474896,29.505303955078148,0.013264705,0.19708252,3.0252342527499985,0,0,1
2015-03-19 15:00:00,1338.1886,31.072839355468773,0.013745338,0.11883545,15.366908271087317,33.79158935546877,0.012356788,0.20605469,5.93374025828219,28.900964355468773,0.013505012,0.21801758,3.2690877502884037,0,0,1
2015-03-19 16:00:00,1272.0072,30.489160156250023,0.0138673065,0.101867676,16.70759197971815,32.89541015625002,0.012394833,0.15283203,5.286743174829514,27.989160156250023,0.013695645,0.23510742,3.2170367642366093,0,0,1
2015-03-19 17:00:00,1189.2335,29.387139892578148,0.014126583,0.097961426,17.796474339075342,32.02776489257815,0.0122802695,0.06350708,4.5235671330194265,26.871514892578148,0.013493343,0.23431396,3.109854987587563,0,0,1
2015-03-19 18:00:00,1185.5673,28.063439941406276,0.014496553,0.0859375,18.486226017447805,29.860314941406276,0.012551057,0.02822876,1.840305864163764,25.641564941406276,0.013577211,0.18804932,2.690431807224664,0,0,1
2015-03-19 19:00:00,1197.2789,27.019403076171898,0.014893165,0.061462402,18.756230703036977,28.331903076171898,0.012508979,0.012687683,1.233686127444143,24.660028076171898,0.0137602,0.12438965,2.288331459148368,0,0,1
2015-03-19 20:00:00,1149.9494,26.2487731933594,0.015186729,0.04902649,18.069270777974243,27.3737731933594,0.012424888,0.005918503,0.9666892529320836,23.9050231933594,0.013866844,0.09286499,2.1070830138300973,0,0,1
2015-03-19 21:00:00,1120.7994,25.796228027343773,0.015358209,0.039398193,16.795308166384103,26.499353027343773,0.01225686,0.0033168793,1.202814632363336,23.249353027343773,0.013870477,0.07312012,2.195534992278844,0,0,1
2015-03-19 22:00:00,1064.519,25.587518310546898,0.015438219,0.030479431,15.461552480347471,25.681268310546898,0.01220717,0.0023384094,1.9439793994129932,22.743768310546898,0.013820787,0.07086182,2.604440217159357,0,0,1
2015-03-19 23:00:00,990.1057,25.470056152343773,0.015495337,0.025543213,14.758046883478228,24.954431152343773,0.012378729,0.0017428398,2.929650834731503,22.305993652343773,0.013793982,0.072906494,3.0943720382956714,0,0,1
2015-03-20 00:00:00,934.7845,25.328942871093773,0.01554873,0.022949219,14.890988188694523,24.282067871093773,0.012699151,0.001663208,3.93544403895964,21.946130371093773,0.01378634,0.07199097,3.647142611297553,0,0,1
2015-03-20 01:00:00,915.3764,25.1799255371094,0.015606092,0.02053833,15.243297567374947,23.6955505371094,0.013065504,0.0023384094,4.6705390719515165,21.7111755371094,0.013778852,0.06906128,4.162540270636332,0,0,1
2015-03-20 02:00:00,902.8995,25.0280700683594,0.015644347,0.018722534,14.917793197857485,23.2311950683594,0.013366972,0.0060100555,5.0314967105630695,21.5827575683594,0.013756071,0.060653687,4.499319139471108,0,0,1
2015-03-20 03:00:00,840.3328,24.8762145996094,0.015659403,0.018440247,13.88358815582508,22.8605895996094,0.013645244,0.013317108,5.001284710821562,21.5090270996094,0.013732982,0.05088806,4.4631463424242845,0,0,1
2015-03-20 04:00:00,829.8066,24.745324707031276,0.015659234,0.020683289,12.746355033906385,22.651574707031276,0.013992211,0.024360657,4.995509372204888,21.479699707031276,0.013740441,0.056777954,4.23549964749692,0,0,1
2015-03-20 05:00:00,858.0517,24.631494140625023,0.015681982,0.023040771,11.366627281620408,22.662744140625023,0.014400243,0.037368774,4.985702592318388,21.498681640625023,0.013778447,0.069488525,3.9503522546851686,0,0,1
2015-03-20 06:00:00,871.2969,24.676446533203148,0.015697155,0.025009155,10.972712813299832,23.051446533203148,0.014773998,0.04675293,5.770196180000164,21.598321533203148,0.013839398,0.06542969,3.896320771647595,0,0,1
2015-03-20 07:00:00,978.1005,25.566369628906276,0.015411003,0.035339355,14.22318296710762,25.175744628906276,0.01488076,0.047943115,9.363199775732824,22.425744628906276,0.013908012,0.057296753,4.177814642735649,0,0,1
2015-03-20 08:00:00,1194.0404,26.630334472656276,0.015006611,0.046829224,15.096466267382148,27.770959472656276,0.014190266,0.044921875,10.561186188920306,24.286584472656276,0.013507435,0.03503418,4.068680596528784,0,0,1
2015-03-20 09:00:00,1310.8441,27.825769042968773,0.01477389,0.041168213,14.570891964432382,30.232019042968773,0.013629481,0.04940796,10.06124120574692,26.482019042968773,0.012614772,0.03037262,3.502796038547169,0,0,1
2015-03-20 10:00:00,1358.9381,29.033898925781276,0.014541179,0.05747986,13.93274034458123,32.44014892578127,0.013354808,0.057037354,8.891256113295624,28.502648925781276,0.012145549,0.054260254,2.335880419183637,0,0,1
2015-03-20 11:00:00,1384.8624,30.045678710937523,0.014358075,0.07366943,13.527439764675137,34.04567871093752,0.013450177,0.07861328,7.382736746263138,29.905053710937523,0.0126300175,0.08270264,0.6128649660651048,0,0,1
2015-03-20 12:00:00,1360.319,30.828942871093773,0.014205491,0.076934814,13.698447285671836,35.31331787109377,0.012946641,0.12030029,6.569816634872296,30.782067871093773,0.012729203,0.123687744,0.5941900492318849,0,0,1
2015-03-20 13:00:00,1375.9523,31.370385742187523,0.014037666,0.08758545,14.48717869557828,35.82351074218752,0.0126948925,0.17626953,6.197838985009731,30.995385742187523,0.012546119,0.16278076,1.90324322563478,0,0,1
2015-03-20 14:00:00,1376.5825,31.503869628906276,0.013938511,0.105163574,15.890819447095716,35.31636962890627,0.012862766,0.21832275,6.338791791190992,30.285119628906276,0.01306876,0.18518066,3.0598297778635875,0,0,1
2015-03-20 15:00:00,1344.7173,31.268884277343773,0.013957593,0.10458374,17.42953486493286,34.28450927734377,0.013072583,0.22906494,6.700895377725295,29.315759277343773,0.013595196,0.22497559,3.612913027584716,0,0,1
2015-03-20 16:00:00,1276.2859,30.635644531250023,0.014030131,0.12088013,18.669101528131332,33.16689453125002,0.013171824,0.22045898,6.828809492427088,28.135644531250023,0.013934763,0.2668457,3.7318955519555432,0,0,1
2015-03-20 17:00:00,1177.3824,29.546014404296898,0.014270575,0.108184814,19.422717410267836,31.921014404296898,0.013198645,0.17633057,6.370736660004516,26.905389404296898,0.013904364,0.29248047,3.9005267227718585,0,0,1
2015-03-20 18:00:00,1165.4305,28.086877441406276,0.01480858,0.085510254,20.331039623693023,30.399377441406276,0.013187334,0.10974121,4.271908616085102,25.711877441406276,0.014076158,0.29589844,3.623261141217237,0,0,1
2015-03-20 19:00:00,1203.0196,26.854272460937523,0.015369486,0.07910156,20.94255422322163,29.104272460937523,0.013038706,0.07675171,2.18213669535454,24.823022460937523,0.014328074,0.2541504,3.147635089862792,0,0,1
2015-03-20 20:00:00,1152.0752,26.143273925781276,0.015712965,0.07446289,20.0959017091279,27.940148925781276,0.013160934,0.059692383,1.474641389410858,24.237023925781276,0.014518966,0.1930542,2.7400595522068296,0,0,1
2015-03-20 21:00:00,1084.5445,25.893853759765648,0.015835201,0.074523926,17.95320608255189,27.018853759765648,0.013267911,0.04333496,1.5873747648567442,23.784478759765648,0.014625943,0.1222229,2.50006369795713,0,0,1
2015-03-20 22:00:00,1049.3466,25.785516357421898,0.015881121,0.074798584,15.89963395759008,26.363641357421898,0.01337105,0.025398254,1.9279177722827432,23.348016357421898,0.014725268,0.10168457,2.1752753017748483,0,0,1
2015-03-20 23:00:00,1005.3567,25.710656738281276,0.015904129,0.085357666,14.524639499412393,25.773156738281276,0.013493239,0.015476227,2.3406529219913845,22.960656738281276,0.014774977,0.08709717,2.089394382543234,0,0,1
2015-03-21 00:00:00,944.1203,25.611352539062523,0.015949983,0.08114624,13.810670923154175,25.189477539062523,0.013565796,0.011161804,2.8586788893555184,22.626977539062523,0.0147369085,0.07745361,2.436887761033941,0,0,1
2015-03-21 01:00:00,913.1382,25.4829040527344,0.016011022,0.07611084,13.64143320737128,24.6391540527344,0.013645911,0.010734558,3.5978963189064164,22.3500915527344,0.014618658,0.06716919,2.980349710669569,0,0,1
2015-03-21 02:00:00,885.1664,25.3964782714844,0.016049128,0.0708313,13.978535710216812,24.1308532714844,0.013752679,0.014339447,4.277510939583538,22.1230407714844,0.014496545,0.052093506,3.482104995354022,0,0,1
2015-03-21 03:00:00,851.9578,25.2936950683594,0.016087214,0.06323242,14.329078117792871,23.9186950683594,0.013870874,0.025314331,4.816711612126527,21.8718200683594,0.014328638,0.04084778,3.87127983931662,0,0,1
2015-03-21 04:00:00,841.3961,25.198663330078148,0.016125295,0.05253601,14.178724399110717,23.792413330078148,0.014046285,0.03565979,5.262588840921714,21.573663330078148,0.014145467,0.032928467,4.1726433138637,0,0,1
2015-03-21 05:00:00,835.9301,25.107812500000023,0.016087074,0.04307556,13.6281274800341,23.545312500000023,0.014282723,0.036102295,5.362442635182684,21.295312500000023,0.014008065,0.027404785,4.411366969411904,0,0,1
2015-03-21 06:00:00,839.8746,25.169488525390648,0.015942032,0.033966064,13.29565545161048,23.403863525390648,0.014526779,0.035202026,5.949341530788376,21.106988525390648,0.013939315,0.026756287,4.647865334567465,0,0,1
2015-03-21 07:00:00,900.191,26.056604003906276,0.015495639,0.03630066,16.266976568261335,25.447229003906276,0.014503818,0.039245605,9.974440583339073,22.048791503906276,0.013882022,0.026634216,5.324563494777023,0,0,1
2015-03-21 08:00:00,1019.8727,27.2675720214844,0.014995866,0.028007507,17.41331969205625,28.1581970214844,0.014004045,0.041366577,11.399855201203149,24.1269470214844,0.0135081345,0.022918701,5.3676248883597175,0,0,1
2015-03-21 09:00:00,1106.0978,28.493096923828148,0.014629636,0.014316559,17.052325880422558,30.696221923828148,0.013443265,0.04269409,11.01290840837824,26.461846923828148,0.012653623,0.01738739,4.920384086410358,0,0,1
2015-03-21 10:00:00,1179.1035,29.627832031250023,0.01419476,0.0074005127,16.411091138419643,32.94033203125002,0.013012203,0.043060303,10.202798033261246,28.487207031250023,0.011692318,0.017227173,3.976685314267977,0,0,1
2015-03-21 11:00:00,1191.6974,30.607385253906276,0.013630183,0.0041103363,15.94938286331804,34.56051025390627,0.013008388,0.04486084,8.940516394735878,30.013635253906276,0.011665614,0.015136719,2.561843017467831,0,0,1
2015-03-21 12:00:00,1164.4997,31.373010253906276,0.013107551,0.00248909,15.85859508742728,35.76363525390627,0.012588752,0.05317688,8.343031084613854,31.044885253906276,0.012062324,0.011501312,1.224260881839475,0,0,1
2015-03-21 13:00:00,1158.0649,31.829980468750023,0.012767979,0.0018100739,16.09630585932358,36.42373046875002,0.012134739,0.09008789,7.972129884097224,31.736230468750023,0.011947819,0.012104034,0.5472727291128024,0,0,1
2015-03-21 14:00:00,1137.7754,31.963403320312523,0.012615278,0.0016999245,16.743648953362513,36.36965332031252,0.012004927,0.11911011,7.853581276149371,31.869653320312523,0.011703566,0.033294678,0.528955909730463,0,0,1
2015-03-21 15:00:00,1102.3873,31.671228027343773,0.012645661,0.0020008087,17.605789480798283,35.31185302734377,0.012111603,0.12219238,8.031894082689462,31.389978027343773,0.011505066,0.068878174,1.2260106224055716,0,0,1
2015-03-21 16:00:00,1072.0762,30.956628417968773,0.012832418,0.0030260086,18.880888513250767,34.17537841796877,0.01230599,0.11306763,8.698561753402617,30.331628417968773,0.011619344,0.0826416,1.8690474053458823,0,0,1
2015-03-21 17:00:00,1051.3182,29.707482910156276,0.013240407,0.004716873,20.56918851372804,32.61373291015627,0.0125690205,0.08267212,9.22850993303396,28.691857910156276,0.012275289,0.08996582,1.591254971804347,0,0,1
2015-03-21 18:00:00,1111.6803,28.074029541015648,0.013884927,0.00818634,22.26662440191282,30.636529541015648,0.012862588,0.047180176,8.737278423856107,26.808404541015648,0.013194467,0.08312988,1.1968893309250668,0,0,1
2015-03-21 19:00:00,1150.7115,26.770349121093773,0.01452948,0.008060455,23.37966434391188,29.020349121093773,0.0131333005,0.030479431,9.19943341708132,25.489099121093773,0.013541473,0.07421875,0.7007186529978372,0,0,1
2015-03-21 20:00:00,1115.7223,26.023217773437523,0.014868886,0.00843811,22.46567670110722,27.663842773437523,0.01337734,0.019294739,10.82508492733808,24.695092773437523,0.013331563,0.05445862,1.1076232291137398,0,0,1
2015-03-21 21:00:00,1065.2404,25.701684570312523,0.014948943,0.008659363,21.065467758508607,26.592309570312523,0.013632872,0.01291275,11.626486544161663,24.061059570312523,0.013377287,0.041992188,2.057178696890685,0,0,1
2015-03-21 22:00:00,1034.1183,25.524224853515648,0.014891721,0.008102417,20.153458223266146,25.789849853515648,0.014132597,0.011688232,10.607717864069134,23.555474853515648,0.013449766,0.031173706,3.106798460529251,0,0,1
2015-03-21 23:00:00,987.9298,25.353295898437523,0.0148116425,0.0062179565,19.349768135988192,25.103295898437523,0.014598019,0.015262604,9.208926195302698,23.025170898437523,0.013625272,0.031044006,3.8164240794707305,0,0,1
2015-03-22 00:00:00,941.5338,25.1457458496094,0.014781154,0.0054531097,18.5551696730113,24.5363708496094,0.014922298,0.014125824,8.172158221557446,22.5363708496094,0.013793147,0.036834717,4.350944942574032,0,0,1
2015-03-22 01:00:00,903.6511,24.965844726562523,0.014785003,0.0053310394,17.699700976933244,24.059594726562523,0.015120696,0.010421753,7.419746343590369,22.200219726562523,0.013899993,0.040115356,4.695550368594461,0,0,1
2015-03-22 02:00:00,873.02,24.799432373046898,0.014777392,0.006128311,16.875971163460814,23.627557373046898,0.0152466,0.008342743,6.914638507190353,21.971307373046898,0.013930529,0.039108276,4.805903255817637,0,0,1
2015-03-22 03:00:00,850.0954,24.746392822265648,0.014704929,0.010807037,16.298042404481027,23.277642822265648,0.015326724,0.007352829,6.666530731086852,21.777642822265648,0.013900028,0.034866333,4.902883333337248,0,0,1
2015-03-22 04:00:00,803.2487,24.6782165527344,0.014670611,0.016242981,14.917291937710504,22.9438415527344,0.015353442,0.010814667,6.300608142383336,21.5532165527344,0.013888598,0.03152466,4.784125937389425,0,0,1
2015-03-22 05:00:00,802.0349,24.605187988281276,0.014720178,0.020843506,13.193355136240992,22.620812988281276,0.015364862,0.010570526,5.93973505296235,21.370812988281276,0.013873315,0.028182983,4.541566202761572,0,0,1
2015-03-22 06:00:00,763.7878,24.730401611328148,0.014807861,0.023674011,13.043534933381734,22.714776611328148,0.015383881,0.00819397,6.631580338083566,21.246026611328148,0.013846558,0.0260849,4.454571221264716,0,0,1
2015-03-22 07:00:00,783.2367,25.499688720703148,0.01474679,0.03239441,15.084392024588356,25.077813720703148,0.015032892,0.005838394,10.70808243711172,22.187188720703148,0.013735895,0.022621155,4.838391758540491,0,0,1
2015-03-22 08:00:00,843.4193,26.491418457031276,0.014659024,0.026237488,14.854016125073558,27.928918457031276,0.013831235,0.0043849945,11.97923102762375,24.225793457031276,0.013140774,0.017974854,4.495370142530343,0,0,1
2015-03-22 09:00:00,886.1834,27.725732421875023,0.014552179,0.019065857,14.311121407959934,30.569482421875023,0.012549463,0.0046577454,11.301473491101431,26.647607421875023,0.012293878,0.018600464,3.5510545923757406,0,0,1
2015-03-22 10:00:00,945.4028,29.040124511718773,0.014151591,0.017028809,14.49984657995681,32.99324951171877,0.01177122,0.0051517487,10.324052877143677,28.868249511718773,0.011565226,0.018180847,2.370798739788196,0,0,1
2015-03-22 11:00:00,980.852,30.209283447265648,0.013613626,0.013050079,14.903365084185502,34.75615844726565,0.011828348,0.011959076,8.88942239951077,30.490533447265648,0.011549875,0.027656555,1.2480331806989668,0,0,1
2015-03-22 12:00:00,1003.3834,31.067803955078148,0.013140481,0.008880615,15.285945585611938,35.70842895507815,0.0117099695,0.023880005,8.122695027807612,31.395928955078148,0.012068551,0.05709839,1.549436750670238,0,0,1
2015-03-22 13:00:00,1009.7935,31.606225585937523,0.01280085,0.0057468414,15.859928523283829,36.21560058593752,0.011488594,0.052124023,7.940311660799586,31.543725585937523,0.012274422,0.08401489,2.636591891479525,0,0,1
2015-03-22 14:00:00,1011.2358,31.780450439453148,0.012667218,0.004255295,16.77604678849011,35.87420043945315,0.011595288,0.08810425,7.94531522227553,31.155450439453148,0.012785474,0.10269165,3.643346606477907,0,0,1
2015-03-22 15:00:00,1003.5718,31.555017089843773,0.012789184,0.0040721893,17.96828543047542,35.24251708984377,0.011778289,0.10443115,8.018875908402038,30.320642089843773,0.013254577,0.13336182,4.488998679249468,0,0,1
2015-03-22 16:00:00,983.6755,30.827905273437523,0.013143875,0.0049114227,19.532872612286013,34.23415527343752,0.011984207,0.11175537,7.981318572249413,29.187280273437523,0.0136626735,0.16082764,5.017948498032463,0,0,1
2015-03-22 17:00:00,961.6139,29.533380126953148,0.013628296,0.008796692,21.48180936385299,32.84588012695315,0.012216858,0.10101318,7.603341517440536,27.861505126953148,0.013910583,0.17834473,5.461267142763341,0,0,1
2015-03-22 18:00:00,1004.6773,27.863977050781276,0.014135615,0.015014648,23.079897925086712,31.020227050781276,0.0125410715,0.07620239,6.14108596119912,26.410852050781276,0.014288203,0.17681885,5.282781955254976,0,0,1
2015-03-22 19:00:00,1067.7517,26.606988525390648,0.01455904,0.01637268,23.51118370642669,29.560113525390648,0.012903461,0.051193237,5.68730448292459,25.310113525390648,0.014711628,0.15289307,4.728610702749976,0,0,1
2015-03-22 20:00:00,1060.1366,25.897912597656276,0.014776505,0.015930176,22.225713406452925,28.397912597656276,0.013159073,0.02923584,6.367874426734611,24.585412597656276,0.014910019,0.119506836,4.109770136064675,0,0,1
2015-03-22 21:00:00,1022.5359,25.568688964843773,0.01486428,0.013126373,20.718181553287923,27.349938964843773,0.013136222,0.020401001,6.485826009528695,23.990563964843773,0.01498635,0.09942627,3.616887276303829,0,0,1
2015-03-22 22:00:00,984.3151,25.364770507812523,0.014875733,0.009624481,19.74875925536753,26.427270507812523,0.013204896,0.014579773,6.548159467383054,23.505395507812523,0.014971101,0.08187866,3.33399969275095,0,0,1
2015-03-22 23:00:00,938.842,25.148522949218773,0.014875713,0.008342743,19.111403786737043,25.586022949218773,0.013449016,0.012802124,6.791487113903902,23.101647949218773,0.014852825,0.07122803,3.277301518346608,0,0,1
2015-03-23 00:00:00,915.9231,24.957299804687523,0.014833714,0.010356903,18.82663569544189,24.894799804687523,0.0137923015,0.016036987,6.995344872961061,22.738549804687523,0.0147001995,0.06668091,3.2927775458487814,0,0,1
2015-03-23 01:00:00,887.6003,24.794885253906276,0.014795527,0.010082245,18.69889850330271,24.248010253906276,0.014181361,0.02015686,6.980168747050797,22.451135253906276,0.014482722,0.065093994,3.439583860443894,0,0,1
2015-03-23 02:00:00,860.8694,24.608911132812523,0.014795485,0.010734558,18.361896336177995,23.687036132812523,0.01454753,0.023269653,6.900218578691245,22.187036132812523,0.014318648,0.059173584,3.6413137912367866,0,0,1
2015-03-23 03:00:00,845.2951,24.507928466796898,0.01483357,0.014209747,18.327271774217657,23.257928466796898,0.014852644,0.021980286,6.944603750241174,21.945428466796898,0.01420796,0.052825928,3.822954057030763,0,0,1
2015-03-23 04:00:00,835.195,24.474053955078148,0.014913594,0.01852417,17.48850262312424,22.895928955078148,0.015073812,0.018257141,6.47339125277651,21.724053955078148,0.01414684,0.04977417,3.718959044663575,0,0,1
2015-03-23 05:00:00,854.8725,24.447717285156276,0.015039424,0.023475647,15.731753695657083,22.635217285156276,0.015207271,0.018180847,6.011909433653517,21.525842285156276,0.014104824,0.045837402,3.5873781429423084,0,0,1
2015-03-23 06:00:00,854.4786,24.570153808593773,0.015176721,0.027740479,14.705950564129775,22.742028808593773,0.015275903,0.0134887695,6.414502764703106,21.429528808593773,0.014070459,0.040237427,3.4916265131812207,0,0,1
2015-03-23 07:00:00,986.0884,25.383935546875023,0.015119497,0.030197144,15.79767286328932,24.962060546875023,0.015027944,0.00925827,9.645743950470187,22.399560546875023,0.013990346,0.032226562,3.663475877859701,0,0,1
2015-03-23 08:00:00,1167.2876,26.575860595703148,0.015058501,0.024772644,14.312514819008433,27.794610595703148,0.014032347,0.007703781,10.09462545938596,24.528985595703148,0.013528807,0.018539429,3.281649982596616,0,0,1
2015-03-23 09:00:00,1277.451,27.839685058593773,0.014921098,0.016464233,12.535824530818884,30.480310058593773,0.012674241,0.009857178,8.80296388911327,26.886560058593773,0.012864976,0.010467529,2.3143170388690346,0,0,1
2015-03-23 10:00:00,1364.5476,29.108728027343773,0.014554933,0.0141944885,12.296066176147685,32.96810302734377,0.011529878,0.008552551,7.632742905860761,29.093103027343773,0.012247041,0.011734009,1.000174266412746,0,0,1
2015-03-23 11:00:00,1401.5323,30.260583496093773,0.014093366,0.010936737,12.911812825119029,34.90120849609377,0.011201826,0.0055389404,6.39763701744976,30.682458496093773,0.012250868,0.018867493,0.5339374005320833,0,0,1
2015-03-23 12:00:00,1392.3695,31.169244384765648,0.013696693,0.0074882507,13.74474497858608,36.29424438476565,0.011137031,0.0033521652,5.26458534368495,31.497369384765648,0.012357734,0.057617188,2.0236373131087757,0,0,1
2015-03-23 13:00:00,1417.0795,31.764367675781276,0.013445213,0.005344391,14.829533848294584,37.13936767578127,0.011213616,0.012817383,4.6620791472856205,31.436242675781276,0.013059929,0.10345459,3.235363499060666,0,0,1
2015-03-23 14:00:00,1417.3854,31.982720947265648,0.013323411,0.00582695,16.135165366409083,37.20147094726565,0.011614427,0.037582397,4.60425086771523,30.810845947265648,0.013483629,0.12799072,4.078134092123485,0,0,1
2015-03-23 15:00:00,1381.3006,31.852990722656276,0.013269893,0.0038757324,17.63117658457165,36.29049072265627,0.011839381,0.06286621,4.854041910601211,29.915490722656276,0.0138420975,0.1506958,4.448319492845001,0,0,1
2015-03-23 16:00:00,1316.4993,31.188439941406276,0.01329644,0.0020275116,19.027391369140783,35.14156494140627,0.011968926,0.06777954,4.979445046446547,28.907189941406276,0.014063194,0.1506958,4.598119322241943,0,0,1
2015-03-23 17:00:00,1205.3658,29.923364257812523,0.01343748,0.002049446,20.06888734478851,33.75148925781252,0.012087077,0.05996704,4.686151417336103,27.767114257812523,0.014101237,0.13439941,4.804935373750916,0,0,1
2015-03-23 18:00:00,1186.6856,28.289941406250023,0.013807436,0.0023441315,20.93419105732556,31.633691406250023,0.012388369,0.044769287,2.723563842994406,26.414941406250023,0.014372012,0.110076904,4.536341255975087,0,0,1
2015-03-23 19:00:00,1210.2966,26.956750488281276,0.014288093,0.0029525757,21.29129723075968,29.972375488281276,0.012663032,0.013561249,2.1895597493516443,25.159875488281276,0.014860298,0.09838867,3.945667711036129,0,0,1
2015-03-23 20:00:00,1152.3657,26.143579101562523,0.014650583,0.0037631989,20.395778982254363,28.690454101562523,0.012815714,0.002210617,1.9170811033688484,24.331079101562523,0.014967203,0.084350586,3.233519625130978,0,0,1
2015-03-23 21:00:00,1127.59,25.751153564453148,0.014860531,0.004184723,19.211063892744548,27.782403564453148,0.012903592,9.864569e-05,2.272499089004787,23.844903564453148,0.01494064,0.055541992,2.859966069400359,0,0,1
2015-03-23 22:00:00,1060.1087,25.528497314453148,0.014936977,0.0045204163,18.618678306602902,27.028497314453148,0.013109737,5.4314733e-05,3.323859480955288,23.403497314453148,0.015036159,0.028503418,2.8906470303082585,0,0,1
2015-03-23 23:00:00,988.7534,25.410302734375023,0.014967694,0.006690979,18.484054993465715,26.285302734375023,0.0133731505,0.00023454428,4.168250673692917,22.988427734375023,0.015116467,0.042160034,3.069997262860299,0,0,1
2015-03-24 00:00:00,945.1831,25.262536621093773,0.015002266,0.008605957,18.42105041988044,25.543786621093773,0.013632789,0.0006735325,4.772526814548783,22.668786621093773,0.015112892,0.056549072,3.2711476126810566,0,0,1
2015-03-24 01:00:00,895.662,25.119042968750023,0.01504441,0.009521484,18.290963390041536,24.884667968750023,0.013854224,0.0039920807,5.200152200525516,22.447167968750023,0.014994819,0.06414795,3.5710276762617057,0,0,1
2015-03-24 02:00:00,889.8316,25.019372558593773,0.015078873,0.0090065,17.629688980033507,24.300622558593773,0.01405272,0.011062622,5.292474233125824,22.269372558593773,0.014861436,0.06573486,3.7815615262417337,0,0,1
2015-03-24 03:00:00,873.5685,24.922021484375023,0.015097985,0.007539749,16.42358977652148,23.812646484375023,0.014251122,0.016143799,5.171431198209775,22.109521484375023,0.014735589,0.06637573,3.7660584133072903,0,0,1
2015-03-24 04:00:00,875.7246,24.830010986328148,0.0150902225,0.008609772,15.477846402133824,23.423760986328148,0.014476056,0.015640259,5.199788837546976,22.001885986328148,0.014563794,0.065979004,3.658001266099681,0,0,1
2015-03-24 05:00:00,917.1686,24.728234863281276,0.01507467,0.01228714,14.680219522024997,23.118859863281276,0.0147199035,0.015678406,5.431584306443464,21.915734863281276,0.014414728,0.0625,3.5812340980696016,0,0,1
2015-03-24 06:00:00,903.1155,24.861688232421898,0.0150477225,0.013473511,14.825366031444505,23.267938232421898,0.014944726,0.021369934,6.533223435716747,21.846063232421898,0.014330559,0.055618286,3.512992129348812,0,0,1
2015-03-24 07:00:00,1006.2459,25.860498046875023,0.0147119025,0.014274597,18.527337078983617,25.547998046875023,0.014956043,0.026107788,11.083041128642432,22.782373046875023,0.014200733,0.04411316,3.9410422821912894,0,0,1
2015-03-24 08:00:00,1177.9037,27.023492431640648,0.014406511,0.013301849,19.229608141734666,28.273492431640648,0.014078447,0.021324158,12.982816143450869,24.804742431640648,0.013613054,0.02557373,3.74224182981422,0,0,1
2015-03-24 09:00:00,1268.9926,28.218438720703148,0.014238476,0.009422302,18.40376868421864,30.796563720703148,0.012872814,0.013954163,12.686647577824331,27.077813720703148,0.01273167,0.020637512,2.988249841861598,0,0,1
2015-03-24 10:00:00,1341.4274,29.378991699218773,0.013975132,0.0066013336,17.423063659351993,33.01961669921877,0.01186179,0.007364273,11.942528966174214,29.113366699218773,0.012010563,0.020469666,1.8973641985520395,0,0,1
2015-03-24 11:00:00,1373.6092,30.433709716796898,0.013700421,0.014381409,16.62234865084986,34.7462097167969,0.011720593,0.0038175583,10.728106388972623,30.589959716796898,0.012350018,0.011974335,0.514552087324233,0,0,1
2015-03-24 12:00:00,1386.6464,31.203027343750023,0.013627932,0.024986267,16.470959384679386,35.99990234375002,0.011670993,0.0023870468,10.07179164869739,31.687402343750023,0.012350009,0.00850296,0.4859575951275793,0,0,1
2015-03-24 13:00:00,1425.1008,31.596948242187523,0.013643212,0.018287659,17.03182112717848,36.84694824218752,0.01140017,0.0016684532,9.819477643417454,32.40944824218752,0.011884636,0.012863159,1.662996071825188,0,0,1
2015-03-24 14:00:00,1429.6861,31.751733398437523,0.013666136,0.0114097595,18.016626994712457,37.15798339843752,0.011175139,0.001294136,9.68943752675876,32.25173339843752,0.012170775,0.031692505,2.8822633992582736,0,0,1
2015-03-24 15:00:00,1392.5249,31.571740722656276,0.013708146,0.0072402954,19.1172530696541,36.80611572265627,0.011049302,0.00096035004,9.558416414661956,31.556115722656276,0.0127353985,0.029129028,3.640785518922215,0,0,1
2015-03-24 16:00:00,1332.5613,30.960229492187523,0.013826455,0.0063705444,20.444256247792207,35.78835449218752,0.011083688,0.005094528,9.15270772173603,30.397729492187523,0.013166512,0.02179718,3.867751756597789,0,0,1
2015-03-24 17:00:00,1222.4122,29.714135742187523,0.014085839,0.006504059,21.92380958030953,33.99538574218752,0.011259148,0.005296707,8.437857414304927,28.979760742187523,0.0135327075,0.011367798,3.733399260029664,0,0,1
2015-03-24 18:00:00,1195.1659,28.114831542968773,0.014455848,0.0069274902,23.21931572903915,31.396081542968773,0.011629158,0.0048103333,6.569346064591942,27.286706542968773,0.013826423,0.003417015,3.638180376112102,0,0,1
2015-03-24 19:00:00,1230.3078,26.915551757812523,0.014844995,0.010643005,23.51823532023874,29.478051757812523,0.012018304,0.0031900406,6.611411364528611,25.821801757812523,0.0141202025,0.0022916794,3.208209954568841,0,0,1
2015-03-24 20:00:00,1207.8215,26.257745361328148,0.015138842,0.016662598,22.268207416032336,27.882745361328148,0.0129797235,0.0006902218,7.551632468469502,24.773370361328148,0.014448382,0.0012097359,2.2044439677391554,0,0,1
2015-03-24 21:00:00,1167.0952,26.034692382812523,0.015348836,0.018409729,20.84630212718624,26.675317382812523,0.013357564,0.0004401207,7.867150279982709,23.940942382812523,0.014646932,0.007692337,1.8802194922231423,0,0,1
2015-03-24 22:00:00,1093.6217,25.9252868652344,0.0154940635,0.019691467,20.856817390604903,25.8315368652344,0.013334945,0.00029802322,8.18772155927859,23.3784118652344,0.014601424,0.018692017,2.5772252957822155,0,0,1
2015-03-24 23:00:00,1018.213,25.768365478515648,0.015585961,0.024375916,21.656764781828095,25.143365478515648,0.013667168,0.001499176,8.48013459350729,22.955865478515648,0.014483513,0.025436401,3.4762058855239037,0,0,1
2015-03-25 00:00:00,935.9597,25.601281738281276,0.015624378,0.02695465,22.411231140881128,24.507531738281276,0.014064167,0.004760742,8.377410172926018,22.585656738281276,0.014327381,0.02746582,4.092780001504668,0,0,1
2015-03-25 01:00:00,918.6665,25.443078613281276,0.01563593,0.024490356,22.28821962128691,23.896203613281276,0.014487706,0.0048770905,7.719637281563891,22.239953613281276,0.014216863,0.028015137,4.396026366757851,0,0,1
2015-03-25 02:00:00,873.2456,25.326593017578148,0.015582612,0.020729065,20.931020350547637,23.435968017578148,0.014865449,0.0040073395,7.105383408984478,21.967218017578148,0.014098695,0.030708313,4.490210489721433,0,0,1
2015-03-25 03:00:00,839.3974,25.232965087890648,0.01547572,0.022460938,20.041179781238576,23.154840087890648,0.015128583,0.011592865,6.689430240608667,21.701715087890648,0.0140223205,0.03564453,4.380846113235054,0,0,1
2015-03-25 04:00:00,845.9102,25.169885253906276,0.015296276,0.023277283,19.801508065793563,22.935510253906276,0.015250499,0.024108887,6.395351408488945,21.435510253906276,0.013995464,0.045333862,4.078965367515501,0,0,1
2015-03-25 05:00:00,860.2472,25.136437988281276,0.01512055,0.017311096,19.198699048790147,22.714562988281276,0.015273138,0.033950806,6.200789422876567,21.269250488281276,0.013972326,0.04345703,3.9894459917749314,0,0,1
2015-03-25 06:00:00,889.6709,25.235498046875023,0.015013586,0.012882233,19.19814732672944,22.813623046875023,0.015257726,0.033569336,6.895028437942383,21.204248046875023,0.013983618,0.03892517,4.152343814307972,0,0,1
2015-03-25 07:00:00,989.9719,26.061456298828148,0.014830151,0.010379791,21.306613464925626,25.045831298828148,0.015001812,0.031692505,11.30499442800986,22.264581298828148,0.013918438,0.031044006,4.9865291195444446,0,0,1
2015-03-25 08:00:00,1184.1907,27.179223632812523,0.014780311,0.006296158,20.8647874386105,27.897973632812523,0.014116554,0.02884674,12.925518876955207,24.429223632812523,0.013426093,0.018440247,5.012086633394748,0,0,1
2015-03-25 09:00:00,1303.725,28.442407226562523,0.014761053,0.0033550262,19.268337229249397,30.598657226562523,0.013044439,0.021865845,12.14551257870826,26.754907226562523,0.012792669,0.010593414,4.189719451761974,0,0,1
2015-03-25 10:00:00,1367.8438,29.7111755371094,0.014623636,0.002828598,18.207435790868885,33.0549255371094,0.012216562,0.013515472,10.809408095508472,28.9455505371094,0.0121898595,0.010673523,2.68465607917914,0,0,1
2015-03-25 11:00:00,1412.9663,30.826440429687523,0.014440526,0.003189087,17.82290398257451,34.87331542968752,0.012201299,0.007965088,9.18345752454393,30.576440429687523,0.012662877,0.017044067,0.8279232146380631,0,0,1
2015-03-25 12:00:00,1416.0049,31.637261962890648,0.014299353,0.0032043457,18.000146254898983,36.26226196289065,0.011808355,0.005109787,8.33422118174811,31.762261962890648,0.012647589,0.01865387,0.5121515095222705,0,0,1
2015-03-25 13:00:00,1446.1188,32.12703857421877,0.014196343,0.0064907074,18.590326488597142,37.14266357421877,0.011442131,0.0033721924,7.87250610099355,32.51766357421877,0.012197441,0.02419281,1.9246212722971148,0,0,1
2015-03-25 14:00:00,1448.9364,32.19478759765627,0.014223048,0.0075244904,19.56408007983297,37.31978759765627,0.011415431,0.0025491714,7.674192658249636,32.42916259765627,0.01256747,0.032821655,3.3140103909335923,0,0,1
2015-03-25 15:00:00,1413.7994,31.837060546875023,0.014371873,0.0092048645,20.60334783219784,36.85268554687502,0.011526109,0.0036506653,7.542416827862579,31.727685546875023,0.013044358,0.043304443,4.25433878063186,0,0,1
2015-03-25 16:00:00,1385.5501,31.004479980468773,0.014593153,0.012084961,21.617296541557295,35.73885498046877,0.01173213,0.011177063,7.331498991111234,30.566979980468773,0.01337245,0.039520264,4.615664015639281,0,0,1
2015-03-25 17:00:00,1223.0715,29.6935974121094,0.014864038,0.019439697,22.48297023984296,33.9904724121094,0.012109826,0.012939453,6.711365187209412,29.0060974121094,0.0136700375,0.029815674,4.71872479766785,0,0,1
2015-03-25 18:00:00,1171.9053,28.1403747558594,0.015154021,0.030075073,22.94484123143462,31.4684997558594,0.012605803,0.018692017,4.302211709435504,27.2028747558594,0.013963835,0.030212402,4.6694759677718265,0,0,1
2015-03-25 19:00:00,1226.756,27.079003906250023,0.015413474,0.034179688,22.55974343661251,29.625878906250023,0.013040733,0.013412476,3.105971993606863,25.844628906250023,0.0144407265,0.026771545,3.891690483810004,0,0,1
2015-03-25 20:00:00,1174.2915,26.519738769531276,0.015459421,0.037216187,21.30572707859688,28.394738769531276,0.013216379,0.0060138702,2.7261944891356125,24.957238769531276,0.014650705,0.015262604,2.915219549217795,0,0,1
2015-03-25 21:00:00,1134.5182,26.307458496093773,0.015398356,0.03262329,20.319749262306555,27.369958496093773,0.013277384,0.0056533813,2.7919394649239013,24.244958496093773,0.014818522,0.017486572,2.1254351989301097,0,0,1
2015-03-25 22:00:00,1076.6113,26.203088378906276,0.01527617,0.03555298,20.309426961052548,26.546838378906276,0.013403154,0.004184723,3.7445664370543184,23.624963378906276,0.014925218,0.024246216,2.0053208668495466,0,0,1
2015-03-25 23:00:00,991.1982,26.054101562500023,0.015234178,0.027290344,20.11322092266152,25.788476562500023,0.013609117,0.0031795502,4.94458267973542,23.100976562500023,0.014925187,0.030815125,2.4195742333855645,0,0,1
2015-03-26 00:00:00,925.7593,25.849084472656276,0.015173162,0.029899597,19.82806141944593,25.099084472656276,0.013792242,0.0046901703,5.513976790685446,22.708459472656276,0.014745916,0.030960083,2.8901367039011023,0,0,1
2015-03-26 01:00:00,877.8648,25.6210876464844,0.015070207,0.033477783,19.70495926452778,24.4648376464844,0.0139601305,0.009346008,5.744067842242267,22.3085876464844,0.014551409,0.028411865,3.193108984413683,0,0,1
2015-03-26 02:00:00,858.9189,25.424432373046898,0.014952106,0.035736084,19.372260060170245,23.877557373046898,0.014116688,0.0148124695,5.731055106839776,21.924432373046898,0.014372272,0.025466919,3.4066527564243168,0,0,1
2015-03-26 03:00:00,853.705,25.2790466308594,0.0148111805,0.03388977,19.00958937537092,23.3259216308594,0.014322899,0.017707825,5.719416765209131,21.5602966308594,0.014242791,0.026519775,3.561820252468501,0,0,1
2015-03-26 04:00:00,858.9341,25.150781250000023,0.014754226,0.02544403,18.347157337665337,22.916406250000023,0.01457875,0.015678406,5.617119204725428,21.267968750000023,0.014120987,0.029792786,3.627639950997716,0,0,1
2015-03-26 05:00:00,876.4691,25.0595642089844,0.014792649,0.01499939,17.606101174990005,22.6689392089844,0.014838425,0.018348694,5.601539485357402,21.0439392089844,0.014037339,0.031166077,3.780959073058845,0,0,1
2015-03-26 06:00:00,876.6585,25.084313964843773,0.014872991,0.014175415,16.77500279251735,22.896813964843773,0.015052281,0.026313782,6.353104993166666,20.974938964843773,0.01400324,0.031829834,4.015032302517477,0,0,1
2015-03-26 07:00:00,990.5631,25.847955322265648,0.014781653,0.020713806,18.620524987380566,25.363580322265648,0.015105902,0.028335571,11.029247975863356,22.121392822265648,0.013972937,0.02748108,4.759256324615981,0,0,1
2015-03-26 08:00:00,1168.8721,26.991632080078148,0.014705502,0.021965027,18.901262077699545,28.038507080078148,0.014564359,0.03326416,13.00026882187126,24.397882080078148,0.013496243,0.022583008,4.8301410680511365,0,0,1
2015-03-26 09:00:00,1266.5084,28.217675781250023,0.014694158,0.029800415,18.28419815470847,30.405175781250023,0.013965551,0.037902832,12.807628873481612,26.764550781250023,0.012786809,0.022224426,4.230463657534591,0,0,1
2015-03-26 10:00:00,1368.5358,29.371545410156276,0.014587444,0.039779663,17.773439594780097,32.52779541015627,0.013336224,0.034194946,12.071949828269252,28.871545410156276,0.012100262,0.01864624,3.051726784217262,0,0,1
2015-03-26 11:00:00,1396.7636,30.3776794433594,0.014411915,0.04612732,17.64001199527255,34.2683044433594,0.01309203,0.022628784,10.763911414556963,30.4401794433594,0.012355793,0.017921448,1.563139460365982,0,0,1
2015-03-26 12:00:00,1367.0684,31.151635742187523,0.014255315,0.035690308,17.991188868223517,35.54226074218752,0.01274088,0.014144897,9.955015358101129,31.495385742187523,0.012725621,0.01537323,0.516012242296727,0,0,1
2015-03-26 13:00:00,1394.9663,31.630212402343773,0.014079793,0.019592285,18.52792878879441,36.36458740234377,0.0120236715,0.0099105835,9.40861681591901,32.31771240234377,0.012035116,0.015319824,1.3249050394254198,0,0,1
2015-03-26 14:00:00,1404.6808,31.791772460937523,0.013930853,0.016563416,19.14230274853581,36.60427246093752,0.011558112,0.015602112,8.67722628386775,32.32302246093752,0.012057837,0.024284363,2.9474720937558065,0,0,1
2015-03-26 15:00:00,1374.4194,31.538720703125023,0.013865872,0.019729614,19.64841956851816,36.11684570312502,0.0116075715,0.039871216,7.842568674075655,31.601220703125023,0.01269476,0.03538513,4.177838679612633,0,0,1
2015-03-26 16:00:00,1315.2397,30.765435791015648,0.013888655,0.011039734,20.39507965887832,34.64043579101565,0.0120080095,0.0640564,6.780707434822004,30.359185791015648,0.013163863,0.033187866,4.809611425109816,0,0,1
2015-03-26 17:00:00,1211.3759,29.578912353515648,0.014014451,0.005203247,20.95425634005293,33.11016235351565,0.012286393,0.063446045,5.577063164183501,28.860162353515648,0.01345369,0.026016235,5.234837636971105,0,0,1
2015-03-26 18:00:00,1197.2514,28.240930175781276,0.014228034,0.003750801,20.86361925746604,31.240930175781276,0.012492347,0.066589355,3.1595025735788176,27.037805175781276,0.013869452,0.02645111,5.177150544843858,0,0,1
2015-03-26 19:00:00,1228.6185,27.342370605468773,0.014430296,0.0032634735,20.28137583924269,29.873620605468773,0.01254965,0.055725098,1.964086174651513,25.686120605468773,0.014529478,0.02734375,4.42329459867404,0,0,1
2015-03-26 20:00:00,1202.2566,26.849145507812523,0.01454507,0.0026216507,19.19724406490421,28.880395507812523,0.012733089,0.025253296,2.671709766298098,24.896020507812523,0.014693843,0.020736694,3.50837698899485,0,0,1
2015-03-26 21:00:00,1144.5585,26.5978942871094,0.014587295,0.001801014,18.331443039052957,27.9103942871094,0.012905014,0.005624771,2.7495776788505326,24.2385192871094,0.014797104,0.015216827,2.766819768905441,0,0,1
2015-03-26 22:00:00,1095.4688,26.397637939453148,0.014682751,0.0010800362,17.499307987154715,26.975762939453148,0.013175946,0.004627228,3.363229597273224,23.632012939453148,0.014923077,0.019630432,2.565179400946317,0,0,1
2015-03-26 23:00:00,1000.2897,26.235711669921898,0.014873508,0.00060868263,15.869842777735355,26.282586669921898,0.013496403,0.0038795471,4.140759143887653,23.079461669921898,0.01503754,0.026756287,2.6765155848251223,0,0,1
2015-03-27 00:00:00,943.2607,26.088159179687523,0.015049003,0.00038087368,14.450756647171843,25.666284179687523,0.013767265,0.0029306412,4.790542673497221,22.603784179687523,0.015045188,0.030693054,2.797628176414337,0,0,1
2015-03-27 01:00:00,910.5847,25.947839355468773,0.015174913,0.0003323555,14.482315823743535,25.150964355468773,0.014007616,0.0023412704,5.678721494105622,22.213464355468773,0.01496892,0.033493042,2.8367214916219154,0,0,1
2015-03-27 02:00:00,885.8539,25.813439941406276,0.015285487,0.00023269653,14.909528954661928,24.641564941406276,0.014232631,0.0020418167,6.346084378695915,21.922814941406276,0.0148544265,0.033843994,2.9858315872739483,0,0,1
2015-03-27 03:00:00,851.7346,25.694055175781276,0.01536556,0.00029957294,14.444048744324354,24.147180175781276,0.014461476,0.0013356209,6.300462978244883,21.686242675781276,0.014759023,0.03062439,3.1976629007821598,0,0,1
2015-03-27 04:00:00,852.0432,25.528283691406276,0.015472247,0.00054836273,12.552575370715765,23.715783691406276,0.014690234,0.0009484291,5.750622810136984,21.481408691406276,0.014655902,0.026123047,3.323908517707909,0,0,1
2015-03-27 05:00:00,883.0531,25.373498535156276,0.015651362,0.0009508133,10.798295840279575,23.357873535156276,0.014903681,0.0018258095,5.3383008941195165,21.326623535156276,0.014533656,0.025749207,3.394036204035393,0,0,1
2015-03-27 06:00:00,890.8465,25.412805175781276,0.015857257,0.0032901764,10.599699160067496,23.365930175781276,0.015094317,0.0016365051,5.753885008234722,21.342492675781276,0.01442293,0.023406982,3.3884710785136867,0,0,1
2015-03-27 07:00:00,1023.0784,26.3100524902344,0.015796177,0.0066814423,13.921237112516971,25.5600524902344,0.015021793,0.0017380714,9.212979891944835,22.4116149902344,0.014293185,0.015556335,3.634528041251244,0,0,1
2015-03-27 08:00:00,1197.7052,27.400109863281276,0.01565118,0.008010864,14.569574587547482,28.431359863281276,0.014193965,0.0022239685,10.07242085122535,24.681359863281276,0.013663722,0.0026054382,3.201898050666444,0,0,1
2015-03-27 09:00:00,1302.6455,28.548730468750023,0.015548051,0.007780075,13.854027233521602,31.158105468750023,0.013049425,0.0019636154,9.190575022011926,27.267480468750023,0.012648881,0.0006854534,2.2983315252149894,0,0,1
2015-03-27 10:00:00,1379.5479,29.770135498046898,0.015341951,0.008270264,13.280807983223603,33.6920104980469,0.011985017,0.0015583038,8.178646891073857,29.598260498046898,0.011702729,0.0008664131,1.1915378255262743,0,0,1
2015-03-27 11:00:00,1413.9362,30.8876892089844,0.015132056,0.009185791,13.039918043663052,35.5908142089844,0.011912451,0.0013432503,7.105309481018045,31.2939392089844,0.011786566,0.0010552406,0.7484612439237783,0,0,1
2015-03-27 12:00:00,1417.6231,31.789422607421898,0.0150098745,0.012031555,13.309798739750942,37.0394226074219,0.011431688,0.0011267662,6.5450995947222985,32.4300476074219,0.011889452,0.0012965202,1.9688116990366888,0,0,1
2015-03-27 13:00:00,1459.7357,32.37761840820315,0.014979271,0.023033142,14.030159932296923,37.79949340820315,0.011588005,0.005996704,5.926396999567644,32.79949340820315,0.012591271,0.012866974,3.3337356640879743,0,0,1
2015-03-27 14:00:00,1449.2914,32.56401977539065,0.015040249,0.052322388,15.129925047997029,37.45464477539065,0.012080044,0.04347229,5.360590081116185,32.56401977539065,0.013087124,0.033691406,4.609238788208534,0,0,1
2015-03-27 15:00:00,1439.954,32.21779785156252,0.015215698,0.07992554,16.517718009451126,36.92092285156252,0.012484374,0.06777954,4.9341399220765805,31.795922851562523,0.013556304,0.04550171,5.485382832578442,0,0,1
2015-03-27 16:00:00,1367.5972,31.292779541015648,0.015471276,0.07839966,17.98224832669187,35.49590454101565,0.01270562,0.098236084,4.25160231061674,30.433404541015648,0.013953026,0.06323242,6.112744884617226,0,0,1
2015-03-27 17:00:00,1229.8978,30.036462402343773,0.015726792,0.06604004,19.277289109914964,33.95833740234377,0.012861954,0.11001587,3.544216561258117,28.833337402343773,0.014403092,0.06756592,6.1428142995385855,0,0,1
2015-03-27 18:00:00,1212.9351,28.610437011718773,0.015940348,0.056991577,20.100737122641423,32.00106201171877,0.0130182905,0.09384155,2.434365966153308,27.188562011718773,0.014849345,0.070007324,5.6546052275862895,0,0,1
2015-03-27 19:00:00,1249.3045,27.568383789062523,0.016039506,0.04309082,20.455992073090368,30.599633789062523,0.01321663,0.06359863,2.825955043823901,25.990258789062523,0.015207902,0.066711426,5.093135151644083,0,0,1
2015-03-27 20:00:00,1191.1207,27.033715820312523,0.016009046,0.031417847,19.70701773878377,29.689965820312523,0.013418867,0.04159546,3.3187385946821366,25.189965820312523,0.015505507,0.07208252,4.623162835701087,0,0,1
2015-03-27 21:00:00,1140.7297,26.794519042968773,0.015940404,0.02331543,18.399587618311607,28.825769042968773,0.01359055,0.0231781,3.669985000205505,24.607019042968773,0.015532231,0.06668091,4.219056324328082,0,0,1
2015-03-27 22:00:00,1110.1755,26.639093017578148,0.015902264,0.020553589,18.03950057325915,28.107843017578148,0.013750774,0.019309998,4.13471242345172,24.139093017578148,0.015578014,0.053024292,3.6792437048882367,0,0,1
2015-03-27 23:00:00,1060.1454,26.469812011718773,0.015909897,0.020011902,18.597207653497996,27.235437011718773,0.013872849,0.017341614,4.51683578151147,23.672937011718773,0.015642868,0.03364563,3.319406554370745,0,0,1
2015-03-28 00:00:00,987.5672,26.324609375000023,0.015986178,0.019882202,18.992817784109103,26.543359375000023,0.013941501,0.0129470825,5.02533861414314,23.246484375000023,0.015574192,0.028160095,3.1739273707439635,0,0,1
2015-03-28 01:00:00,952.1359,26.1655212402344,0.016092956,0.020843506,19.164720213311025,25.9467712402344,0.014006318,0.007352829,5.8581907006269525,22.8530212402344,0.015398682,0.029022217,3.1557175109684965,0,0,1
2015-03-28 02:00:00,935.9638,26.055047607421898,0.016230209,0.020729065,19.2081054982915,25.430047607421898,0.014059646,0.0038347244,6.560316156235398,22.523797607421898,0.015165908,0.02973175,3.126228760803873,0,0,1
2015-03-28 03:00:00,923.0242,25.938317871093773,0.016375076,0.022346497,18.569050025121083,24.860192871093773,0.014128218,0.0030212402,6.823471300562464,22.250817871093773,0.014936934,0.029937744,3.1767877651787857,0,0,1
2015-03-28 04:00:00,911.0038,25.871972656250023,0.016573349,0.026359558,17.217098564252673,24.371972656250023,0.014303604,0.004163742,6.8521997915291575,22.028222656250023,0.014776627,0.028762817,3.326137996194169,0,0,1
2015-03-28 05:00:00,899.4949,25.810205078125023,0.016794518,0.028953552,15.302581569315253,24.028955078125023,0.014570549,0.005306244,6.83077750007224,21.857080078125023,0.014692619,0.027511597,3.486838985680375,0,0,1
2015-03-28 06:00:00,876.261,25.8779235839844,0.016985182,0.026443481,14.692925381775206,24.0185485839844,0.014913802,0.005924225,7.306941340543963,21.7841735839844,0.014673476,0.025657654,3.763955394318416,0,0,1
2015-03-28 07:00:00,965.4603,26.709558105468773,0.016885955,0.03074646,18.14029659949841,25.975183105468773,0.015096861,0.009731293,10.718936534626447,22.772058105468773,0.014642912,0.016525269,4.653045401523229,0,0,1
2015-03-28 08:00:00,1074.7604,27.932763671875023,0.016412916,0.0395813,20.15148153987575,28.807763671875023,0.014486493,0.011550903,12.278469165727092,24.885888671875023,0.013944806,0.006685257,4.974795090945899,0,0,1
2015-03-28 09:00:00,1174.7895,29.211724853515648,0.016077228,0.03201294,20.352501807738143,31.414849853515648,0.013639636,0.009712219,11.669708771589834,27.133599853515648,0.013017841,0.004995346,4.5648302455730425,0,0,1
2015-03-28 10:00:00,1268.6193,30.3891540527344,0.01583312,0.021385193,19.893212446164213,33.6860290527344,0.013181907,0.0074653625,10.54203697629728,29.1547790527344,0.012418968,0.010040283,3.6157711754530735,0,0,1
2015-03-28 11:00:00,1279.3492,31.381005859375023,0.015623298,0.0134010315,19.593189075964737,35.31850585937502,0.01332685,0.006948471,9.61430079305718,30.381005859375023,0.013136115,0.016601562,2.0694007702798096,0,0,1
2015-03-28 12:00:00,1240.2844,32.07412109375002,0.015466867,0.012634277,19.86208465698872,36.35537109375002,0.013059793,0.00869751,9.480799809771272,30.949121093750023,0.013517557,0.022125244,1.1748856757732478,0,0,1
2015-03-28 13:00:00,1233.6964,32.37819824218752,0.01538673,0.016571045,20.48780291684238,36.59694824218752,0.012930065,0.010097504,9.132948248697073,31.143823242187523,0.013494641,0.029258728,0.5896711617406366,0,0,1
2015-03-28 14:00:00,1199.7587,32.28261718750002,0.015379073,0.024795532,21.36355959260528,36.51699218750002,0.013033034,0.024238586,8.530163290377157,31.032617187500023,0.013391616,0.031341553,0.1950308660346947,0,0,1
2015-03-28 15:00:00,1154.6322,31.782617187500023,0.015455345,0.025848389,22.37640492381324,35.89199218750002,0.013330558,0.06591797,8.047142369837541,30.673242187500023,0.013334373,0.02632904,0.3352772834287913,0,0,1
2015-03-28 16:00:00,1108.7827,30.785943603515648,0.015665144,0.020622253,23.649746038190315,34.67656860351565,0.013624282,0.08981323,7.924108788472855,29.973443603515648,0.013353438,0.025047302,0.6638186013606067,0,0,1
2015-03-28 17:00:00,1065.9765,29.368341064453148,0.01597796,0.036834717,23.258503516775185,33.14959106445315,0.013921839,0.07873535,7.8993261798370495,28.696466064453148,0.013681513,0.019226074,0.7084025266922145,0,0,1
2015-03-28 18:00:00,1098.6186,28.091180419921898,0.016237369,0.06762695,21.71417122373299,31.325555419921898,0.01433765,0.07241821,7.355642807370349,26.981805419921898,0.014314761,0.030975342,0.6761528303350173,0,0,1
2015-03-28 19:00:00,1160.0407,27.420617675781276,0.016420469,0.046554565,20.4393563699633,29.920617675781276,0.014677152,0.074920654,7.318643424856836,25.576867675781276,0.014989957,0.043823242,0.4237981022691588,0,0,1
2015-03-28 20:00:00,1143.3914,27.112939453125023,0.016512047,0.03640747,20.52267465928597,28.847314453125023,0.0149747245,0.06637573,7.253298420868794,24.753564453125023,0.015192162,0.050827026,0.4060467062822184,0,0,1
2015-03-28 21:00:00,1099.3129,26.909265136718773,0.016573139,0.036590576,21.62793070255704,27.987390136718773,0.015161701,0.048797607,7.541626122578201,24.221765136718773,0.015260883,0.05368042,0.8897834134431776,0,0,1
2015-03-28 22:00:00,1049.1683,26.755578613281276,0.016626619,0.04875183,21.919029559073174,27.302453613281276,0.0152075505,0.042617798,8.124560694629151,23.755578613281276,0.015424988,0.052993774,1.2307596963503973,0,0,1
2015-03-28 23:00:00,1015.4806,26.576135253906276,0.016664818,0.06286621,21.388532029294677,26.732385253906276,0.0152457515,0.04423523,8.039516076284984,23.388635253906276,0.015482263,0.050994873,1.898983380990732,0,0,1
2015-03-29 00:00:00,981.8261,26.379022216796898,0.016702984,0.0680542,21.231678740243463,26.254022216796898,0.015352581,0.048095703,6.527444947038703,23.066522216796898,0.0154555775,0.053253174,2.8008341432309383,0,0,1
2015-03-29 01:00:00,941.4762,26.113214111328148,0.01677927,0.0743103,20.790685754340625,25.831964111328148,0.015489901,0.04988098,5.405493231049582,22.706964111328148,0.015421237,0.05154419,3.388016814049407,0,0,1
2015-03-29 02:00:00,919.9664,25.908715820312523,0.01683264,0.08654785,20.253863156897264,25.502465820312523,0.015657714,0.043319702,5.041268650874552,22.408715820312523,0.015409759,0.054107666,3.543588689129918,0,0,1
2015-03-29 03:00:00,910.4498,25.753106689453148,0.016878372,0.0920105,20.01509133692839,25.268731689453148,0.015833145,0.04272461,4.950881168656837,22.143731689453148,0.01532579,0.06808472,3.846969343031044,0,0,1
2015-03-29 04:00:00,894.7325,25.659570312500023,0.016916474,0.08099365,18.913745568325165,25.065820312500023,0.016000947,0.04283142,4.802746189842879,21.940820312500023,0.015249452,0.07949829,4.027213462993957,0,0,1
2015-03-29 05:00:00,883.4682,25.664758300781276,0.016931701,0.07336426,17.35768061213566,24.883508300781276,0.016138244,0.043533325,4.786632210192195,21.789758300781276,0.01518457,0.08792114,4.0528998483726095,0,0,1
2015-03-29 06:00:00,853.8883,25.790643310546898,0.0169545,0.07348633,16.491799498041253,25.056268310546898,0.016237337,0.056427002,5.6597244230654855,21.743768310546898,0.015150148,0.09359741,3.998678427768501,0,0,1
2015-03-29 07:00:00,863.9703,26.600213623046898,0.016740791,0.0904541,18.529955268390022,26.881463623046898,0.016092293,0.07006836,9.9343457322651,22.428338623046898,0.015336984,0.1010437,4.181936240226012,0,0,1
2015-03-29 08:00:00,906.4165,27.719659423828148,0.016405025,0.10144043,18.9748257233227,29.235284423828148,0.015558163,0.091033936,11.856694843672363,24.079034423828148,0.015359798,0.1184082,4.170119060490745,0,0,1
2015-03-29 09:00:00,930.7174,28.872827148437523,0.016153192,0.109954834,18.82677290269598,31.513452148437523,0.014917229,0.11193848,11.75615853452009,26.779077148437523,0.014753197,0.12695312,3.8131203568834673,0,0,1
2015-03-29 10:00:00,984.0593,29.792993164062523,0.016061595,0.11627197,19.46833204087123,33.43361816406252,0.014623453,0.13964844,10.907667777261617,28.902368164062523,0.014577677,0.13146973,2.540845232212442,0,0,1
2015-03-29 11:00:00,1004.2858,30.503259277343773,0.015985275,0.11917114,20.265911107451764,34.65950927734377,0.014432694,0.1616211,10.26182995187416,30.112634277343773,0.014806534,0.14733887,1.2362353408492066,0,0,1
2015-03-29 12:00:00,1003.9677,30.991418457031276,0.015916571,0.14300537,20.33272288088776,35.41329345703127,0.014081702,0.17938232,10.10594459312858,30.694543457031276,0.014646277,0.18981934,0.5860614081022009,0,0,1
2015-03-29 13:00:00,996.9283,31.212182617187523,0.015855487,0.16131592,19.920818078581057,35.49343261718752,0.013898549,0.18914795,9.959048327285348,30.680932617187523,0.014478383,0.22381592,0.7285765708813993,0,0,1
2015-03-29 14:00:00,989.9269,31.132958984375023,0.015824925,0.1774292,19.601179834783604,35.13295898437502,0.013776432,0.21557617,9.442713516887595,30.257958984375023,0.014382969,0.2598877,1.4319447742580589,0,0,1
2015-03-29 15:00:00,983.3942,30.783258056640648,0.015870659,0.17211914,19.46129781725601,34.15825805664065,0.013852684,0.24157715,8.59121288010143,29.470758056640648,0.014516441,0.27734375,1.9917045384827217,0,0,1
2015-03-29 16:00:00,977.3754,30.079797363281276,0.015924027,0.18920898,19.81139254101192,32.90792236328127,0.014085343,0.2456665,7.896545321153625,28.423547363281276,0.01482158,0.2709961,2.143256997676716,0,0,1
2015-03-29 17:00:00,968.7851,28.935601806640648,0.016061328,0.19592285,20.565323288795053,31.654351806640648,0.014222643,0.21655273,7.436448582293153,27.123101806640648,0.015187762,0.21582031,2.015304720960153,0,0,1
2015-03-29 18:00:00,1029.7531,27.776025390625023,0.016236788,0.18237305,21.005383657008625,30.432275390625023,0.014249331,0.14257812,6.489518794131221,25.682275390625023,0.015679842,0.17382812,1.8249615808910928,0,0,1
2015-03-29 19:00:00,1098.2831,26.964685058593773,0.016427536,0.17419434,20.82776717797943,29.417810058593773,0.014058608,0.09555054,5.498817372187931,24.620935058593773,0.015763778,0.16003418,1.9060369341234864,0,0,1
2015-03-29 20:00:00,1106.2874,26.574151611328148,0.01652675,0.14483643,20.39392699557349,28.433526611328148,0.014146378,0.08178711,5.496648207556962,24.027276611328148,0.015786698,0.16033936,2.0675619914990966,0,0,1
2015-03-29 21:00:00,1088.9079,26.418115234375023,0.016549684,0.11880493,20.056467770124996,27.683740234375023,0.014295199,0.07080078,6.493046254124725,23.589990234375023,0.015916444,0.15716553,2.170569000576234,0,0,1
2015-03-29 22:00:00,1045.0052,26.297998046875023,0.016549738,0.09750366,19.51206777559453,27.047998046875023,0.014421137,0.059890747,7.160799337873363,23.297998046875023,0.015863093,0.13824463,2.1015659284031925,0,0,1
2015-03-29 23:00:00,996.5759,26.1630798339844,0.016549781,0.08792114,18.806216117242656,26.4599548339844,0.01455851,0.056900024,7.266554076812827,23.0849548339844,0.015718177,0.12210083,2.1869296349402587,0,0,1
2015-03-30 00:00:00,960.3395,26.037316894531276,0.016519291,0.08105469,18.473493105251254,25.974816894531276,0.014726383,0.056137085,6.511885624642661,22.881066894531276,0.0155732455,0.11456299,2.3904293384141884,0,0,1
2015-03-30 01:00:00,926.1955,25.922235107421898,0.016504034,0.06555176,17.96255328781729,25.594110107421898,0.014955268,0.05683899,6.16951170511617,22.703485107421898,0.015447364,0.10324097,2.658860209000784,0,0,1
2015-03-30 02:00:00,899.4581,25.803125000000023,0.016519267,0.05873108,17.6574378662226,25.256250000000023,0.015218455,0.06236267,6.023075467521836,22.537500000000023,0.015313823,0.093688965,2.868819202261601,0,0,1
2015-03-30 03:00:00,886.7343,25.722100830078148,0.016526846,0.053634644,17.652185934719977,24.893975830078148,0.015481619,0.06744385,5.558439385099666,22.393975830078148,0.015180258,0.091278076,3.02526885169914,0,0,1
2015-03-30 04:00:00,875.0629,25.676721191406276,0.016595468,0.04727173,17.333855998644335,24.614221191406276,0.015733346,0.06289673,5.15457527845598,22.254846191406276,0.015073405,0.08999634,3.1140027979799614,0,0,1
2015-03-30 05:00:00,901.8525,25.651910400390648,0.016748019,0.04347229,16.493719452327007,24.620660400390648,0.01596219,0.05783081,5.504148267916881,22.151910400390648,0.015012331,0.090423584,3.163084199344903,0,0,1
2015-03-30 06:00:00,917.0189,25.729821777343773,0.016900552,0.046310425,15.753069594849007,24.792321777343773,0.016137613,0.05366516,6.095740960812568,22.136071777343773,0.0149970185,0.088378906,3.1727525927041818,0,0,1
2015-03-30 07:00:00,1034.2693,26.388085937500023,0.016831826,0.07095337,17.241260869060028,26.388085937500023,0.016213845,0.043304443,9.82621495546236,22.903710937500023,0.015046547,0.09277344,3.5322823397889103,0,0,1
2015-03-30 08:00:00,1214.711,27.381890869140648,0.016587647,0.07888794,18.35365087794024,28.960015869140648,0.01577893,0.05857849,12.537557207397292,24.647515869140648,0.014855773,0.10580444,3.688110345017175,0,0,1
2015-03-30 09:00:00,1305.7556,28.560021972656276,0.016442671,0.07424927,18.39423782681664,31.372521972656276,0.015065566,0.061645508,12.579809687983705,26.810021972656276,0.014371291,0.10848999,3.561423996503861,0,0,1
2015-03-30 10:00:00,1387.9061,29.559869384765648,0.016358742,0.067840576,18.572342472268453,33.52861938476565,0.0147451265,0.054901123,11.346782487068213,28.716119384765648,0.014172922,0.088531494,2.5603085167322006,0,0,1
2015-03-30 11:00:00,1401.5831,30.193658447265648,0.016251933,0.07217407,18.86384524938575,35.30303344726565,0.014497172,0.05293274,10.180593227046735,30.303033447265648,0.014241587,0.09625244,1.6006795200177135,0,0,1
2015-03-30 12:00:00,1420.4643,30.483422851562523,0.016137494,0.08081055,19.295431507561275,36.53029785156252,0.013970745,0.072052,9.795512635630654,31.186547851562523,0.014130962,0.13085938,1.6864965125465468,0,0,1
2015-03-30 13:00:00,1458.3822,30.580926513671898,0.016061142,0.095703125,20.099758818588587,36.9715515136719,0.013593034,0.10650635,9.728712335361944,31.315301513671898,0.014191941,0.16375732,2.3780585100500957,0,0,1
2015-03-30 14:00:00,1467.291,30.494470214843773,0.015977146,0.10897827,21.09724424183427,36.71322021484377,0.0135281095,0.14642334,9.688944503885097,30.947595214843773,0.01446271,0.1862793,3.0989262228619143,0,0,1
2015-03-30 15:00:00,1394.5253,30.134210205078148,0.015877897,0.11859131,22.1000509408217,35.61858520507815,0.013642484,0.17327881,9.544800802063614,30.071710205078148,0.014783079,0.2062378,3.4020210808600364,0,0,1
2015-03-30 16:00:00,1333.2067,29.335900878906276,0.015915982,0.11074829,23.310798467562464,34.41402587890627,0.013848416,0.17755127,9.235914221734117,28.882775878906276,0.0150843775,0.20977783,3.3732437905073707,0,0,1
2015-03-30 17:00:00,1177.8816,28.321588134765648,0.016030382,0.10333252,24.20064935995229,33.02471313476565,0.014023851,0.15490723,8.648506811841157,27.602838134765648,0.015347551,0.18377686,3.057595093902233,0,0,1
2015-03-30 18:00:00,1169.4879,27.418298339843773,0.016190587,0.073638916,23.86322760214546,31.418298339843773,0.014317571,0.108428955,7.057301518469735,26.355798339843773,0.015584051,0.16412354,2.6871741838121936,0,0,1
2015-03-30 19:00:00,1195.6854,26.899224853515648,0.01632031,0.04798889,22.99667566573057,30.008599853515648,0.014813504,0.103027344,5.2183058534863385,25.305474853515648,0.015809141,0.17340088,2.604631220364584,0,0,1
2015-03-30 20:00:00,1168.6867,26.659387207031276,0.016373783,0.032333374,22.29228954360012,28.987512207031276,0.014886051,0.11355591,4.435630604446265,24.409387207031276,0.016236454,0.18890381,2.188870975848171,0,0,1
2015-03-30 21:00:00,1129.4792,26.512109375000023,0.016404398,0.024665833,21.997873279774293,28.168359375000023,0.014992959,0.11425781,4.67475982293857,23.871484375000023,0.016427286,0.19213867,1.838547513122196,0,0,1
2015-03-30 22:00:00,1083.3071,26.370874023437523,0.01644256,0.026298523,21.547520017312536,27.464624023437523,0.015244746,0.10348511,5.545045651797429,23.558374023437523,0.016495965,0.19134521,1.7640929855537208,0,0,1
2015-03-30 23:00:00,1019.8874,26.216882324218773,0.016442617,0.027374268,19.988280020947293,26.857507324218773,0.015473685,0.101501465,5.9347321750850925,23.357507324218773,0.016503653,0.18835449,1.9206833620200927,0,0,1
2015-03-31 00:00:00,973.3559,26.082452392578148,0.01642744,0.024978638,18.68413362629465,26.348077392578148,0.015695019,0.100982666,6.457714134148314,23.238702392578148,0.016488476,0.19195557,1.9565937654257288,0,0,1
2015-03-31 01:00:00,932.1806,25.9597106933594,0.016396925,0.024932861,17.936337002258675,25.9128356933594,0.015908644,0.100982666,7.328308295782005,23.1472106933594,0.01645033,0.19110107,2.1145862446531605,0,0,1
2015-03-31 02:00:00,907.264,25.865502929687523,0.016328253,0.020202637,17.680929222716518,25.490502929687523,0.016091742,0.0892334,7.569031628409946,23.068627929687523,0.016381659,0.20202637,2.142500248956833,0,0,1
2015-03-31 03:00:00,892.6505,25.752404785156276,0.01629773,0.02041626,17.58998201665344,25.127404785156276,0.016190918,0.065460205,7.740078995767276,22.955529785156276,0.016259583,0.20568848,2.342236510839838,0,0,1
2015-03-31 04:00:00,886.9087,25.628930664062523,0.016366296,0.028007507,17.367433734337425,24.800805664062523,0.016198449,0.040023804,7.754346330198762,22.800805664062523,0.016084008,0.19506836,2.6496287463701984,0,0,1
2015-03-31 05:00:00,910.3104,25.545007324218773,0.01648063,0.038146973,17.40190127278381,24.513757324218773,0.016160196,0.026168823,7.819169682278527,22.623132324218773,0.015893167,0.18206787,2.9528341095571986,0,0,1
2015-03-31 06:00:00,924.2632,25.565637207031276,0.01661789,0.045059204,17.466448689816268,24.440637207031276,0.016076203,0.01587677,8.622449998807392,22.471887207031276,0.01574814,0.17358398,3.292210475731019,0,0,1
2015-03-31 07:00:00,1030.693,26.110131835937523,0.016549183,0.053878784,20.015947811909435,26.157006835937523,0.0155611755,0.009239197,12.70443658905857,22.891381835937523,0.015778614,0.14361572,4.066609655564296,0,0,1
2015-03-31 08:00:00,1219.7402,27.006951904296898,0.016228717,0.07736206,21.650401630156203,28.553826904296898,0.014580767,0.0064258575,14.851413174058608,24.225701904296898,0.015423815,0.11026001,4.623512036959372,0,0,1
2015-03-31 09:00:00,1307.6465,28.017144775390648,0.016045582,0.093048096,21.186482881421487,30.876519775390648,0.013646137,0.0055980682,14.591155908615043,26.407769775390648,0.014607441,0.07510376,4.648940857889966,0,0,1
2015-03-31 10:00:00,1240.6085,28.919213867187523,0.015969254,0.093048096,21.2087921480664,32.99733886718752,0.013070083,0.005186081,14.12859793151812,28.372338867187523,0.01399324,0.050689697,4.157368522946156,0,0,1
2015-03-31 11:00:00,1403.8103,29.666650390625023,0.015931064,0.08679199,22.07957038959017,34.60415039062502,0.013031893,0.0047950745,13.730921434127271,29.807275390625023,0.01396268,0.04058838,3.067117492218847,0,0,1
2015-03-31 12:00:00,1387.8308,30.129846191406276,0.015847098,0.08267212,23.2365047543352,35.64547119140627,0.012967002,0.0047473907,13.97940704790918,30.739221191406276,0.013535392,0.03137207,2.48021994572954,0,0,1
2015-03-31 13:00:00,1411.4042,30.348413085937523,0.015755503,0.085235596,24.51857467615911,36.06716308593752,0.012978402,0.0067634583,14.497334349702715,31.114038085937523,0.0133751305,0.03869629,2.295145328632605,0,0,1
2015-03-31 14:00:00,1428.1359,30.251611328125023,0.015656276,0.082611084,25.765593257257585,35.93911132812502,0.013119502,0.011413574,15.012512420471287,30.970361328125023,0.013363643,0.04399109,2.394045359862984,0,0,1
2015-03-31 15:00:00,1400.2094,29.913598632812523,0.015549422,0.07394409,26.882236160179826,35.13234863281252,0.0133788595,0.020065308,15.56148269453601,30.444848632812523,0.013329268,0.045013428,2.742323980603031,0,0,1
2015-03-31 16:00:00,1341.7308,29.368035888671898,0.015408241,0.057403564,26.865341696554992,33.6024108886719,0.013603889,0.026351929,15.763306669547577,29.571160888671898,0.013348305,0.044952393,3.144652377810703,0,0,1
2015-03-31 17:00:00,1222.3111,28.480126953125023,0.015289951,0.041122437,26.049664386483705,31.636376953125023,0.013718296,0.028656006,15.568615756380662,28.245751953125023,0.013523746,0.040618896,3.6412036877878,0,0,1
2015-03-31 18:00:00,1202.3234,27.436608886718773,0.015324252,0.0289917,24.31966977346989,29.420983886718773,0.013874667,0.02532196,14.5865920698733,26.530358886718773,0.013935702,0.036209106,4.17099052740177,0,0,1
2015-03-31 19:00:00,1217.4215,26.777154541015648,0.0155493,0.023651123,22.452967811623584,27.808404541015648,0.014149306,0.020950317,14.009283045327187,25.074029541015648,0.014279006,0.038772583,4.319851846538686,0,0,1
2015-03-31 20:00:00,1170.2154,26.4623962402344,0.015747672,0.018844604,21.02749477467593,26.8530212402344,0.014507894,0.0153923035,13.135719638913162,24.1655212402344,0.014706259,0.03868103,4.40689763930179,0,0,1
2015-03-31 21:00:00,1130.1986,26.295861816406276,0.015854495,0.014060974,20.08821910812492,26.170861816406276,0.0149237085,0.012741089,11.233120026718668,23.623986816406276,0.014889376,0.04197693,4.506232142313839,0,0,1
2015-03-31 22:00:00,1088.4628,26.139306640625023,0.01587742,0.010025024,20.148753852268797,25.623681640625023,0.015282327,0.011299133,10.210970465468977,23.264306640625023,0.014958078,0.042755127,4.6861698796425575,0,0,1
2015-03-31 23:00:00,1001.5987,25.918756103515648,0.01582407,0.009902954,20.38668469471672,25.184381103515648,0.015446414,0.0071582794,9.612908125250742,22.950006103515648,0.014973392,0.046340942,4.862358169644609,0,0,1
2015-04-01 00:00:00,959.2299,25.7189880371094,0.01572495,0.019241333,20.487934428666065,24.8283630371094,0.015457921,0.0038967133,9.043714863590932,22.7189880371094,0.01496201,0.048553467,4.982337746741727,0,0,1
2015-04-01 01:00:00,929.5181,25.569970703125023,0.015663974,0.022094727,20.717111298671043,24.491845703125023,0.015377873,0.0036306381,8.63471567680928,22.569970703125023,0.014870518,0.04876709,5.14111115449696,0,0,1
2015-04-01 02:00:00,905.6969,25.415612792968773,0.015656393,0.019966125,20.821106750797973,24.181237792968773,0.01525585,0.0043315887,8.449196726522961,22.321862792968773,0.014759939,0.050872803,5.219665498210398,0,0,1
2015-04-01 03:00:00,884.3004,25.2556091308594,0.015599196,0.028205872,20.70800294833856,23.9274841308594,0.015126173,0.0036010742,8.635724387827269,22.0993591308594,0.014656966,0.051864624,5.31351538076245,0,0,1
2015-04-01 04:00:00,876.5189,25.122125244140648,0.015557232,0.027236938,20.219792532832795,23.684625244140648,0.015004101,0.0030784607,8.732478480930938,21.919000244140648,0.014538708,0.047912598,5.379719894803578,0,0,1
2015-04-01 05:00:00,894.1926,25.040826416015648,0.015511404,0.02482605,19.903042063313425,23.462701416015648,0.014874349,0.002439499,8.651956696337134,21.743951416015648,0.014462362,0.044189453,5.43621128990371,0,0,1
2015-04-01 06:00:00,892.3279,25.107293701171898,0.0154808415,0.02457428,19.62386919979354,23.576043701171898,0.014733161,0.0024719238,9.629052998691582,21.685418701171898,0.014458503,0.038330078,5.454937712176519,0,0,1
2015-04-01 07:00:00,1024.0359,26.009362792968773,0.015282494,0.030227661,22.3007031659169,25.712487792968773,0.01432119,0.0052108765,14.192639519854204,22.649987792968773,0.014325005,0.025787354,5.950545047190432,0,0,1
2015-04-01 08:00:00,1182.8732,27.167749023437523,0.015023159,0.044128418,23.325212542678635,28.417749023437523,0.013493465,0.005302429,16.90294731668778,24.745874023437523,0.013756679,0.01361084,6.129790106037857,0,0,1
2015-04-01 09:00:00,1283.5396,28.337091064453148,0.015046063,0.049331665,22.13598868899372,30.805841064453148,0.012711468,0.0038280487,16.3333152822797,26.962091064453148,0.0128755,0.009025574,5.513479714039846,0,0,1
2015-04-01 10:00:00,1374.3409,29.501824951171898,0.015183438,0.043792725,20.669839663831837,32.9861999511719,0.012082089,0.0023403168,15.232884662679108,28.908074951171898,0.011960018,0.00680542,4.270856977940059,0,0,1
2015-04-01 11:00:00,1389.0735,30.510888671875023,0.01524074,0.04144287,19.802971079467312,34.79213867187502,0.011845659,0.0011539459,13.866207953959904,30.417138671875023,0.011834215,0.0049209595,2.67744158256339,0,0,1
2015-04-01 12:00:00,1363.0934,31.220361328125023,0.015256044,0.03125,19.55577395509853,36.01723632812502,0.011807558,0.0005707741,12.580599590379896,31.454736328125023,0.012032625,0.0030975342,1.3026027401328204,0,0,1
2015-04-01 13:00:00,1403.699,31.670617675781276,0.015210289,0.01725769,19.41932155724428,36.74874267578127,0.011651176,0.0007054806,11.808512859464924,32.12374267578127,0.011983055,0.0012059212,0.4713125546319655,0,0,1
2015-04-01 14:00:00,1439.7172,31.831689453125023,0.015088254,0.008213043,19.39667838851086,36.98793945312502,0.011429959,0.00075149536,11.309054718584118,32.45668945312502,0.011616879,0.0007953644,0.4595302251410705,0,0,1
2015-04-01 15:00:00,1403.2178,31.6298767089844,0.014958572,0.0067386627,19.5856071409614,36.6298767089844,0.011220168,0.00065279007,10.990736115701724,32.2080017089844,0.011273574,0.0012440681,1.5629963262005937,0,0,1
2015-04-01 16:00:00,1347.0709,30.928491210937523,0.014928095,0.006345749,19.96941907164758,35.53786621093752,0.011185877,0.0015568733,10.83949059813246,31.084741210937523,0.011616938,0.0022068024,2.5641077236392613,0,0,1
2015-04-01 17:00:00,1225.667,29.8444763183594,0.015046367,0.0065898895,20.590218186336383,33.5163513183594,0.011513958,0.0038938522,10.946196953859618,29.2819763183594,0.012570629,0.0030031204,2.725222130567424,0,0,1
2015-04-01 18:00:00,1205.8311,28.595880126953148,0.015210341,0.0098724365,20.87584163956405,30.877130126953148,0.012162398,0.0038490295,10.461891008926925,27.361505126953148,0.013444136,0.0045261383,2.339221079005167,0,0,1
2015-04-01 19:00:00,1240.2876,27.694848632812523,0.015416271,0.01399231,20.843542622188025,28.819848632812523,0.01284898,0.002298355,10.916045063366102,26.022973632812523,0.013516552,0.010746002,1.912446178352136,0,0,1
2015-04-01 20:00:00,1195.718,27.197290039062523,0.0155611625,0.014911652,19.79782945700099,27.416040039062523,0.013180791,0.00049448013,11.288496694568812,25.119165039062523,0.013749181,0.010604858,1.6893087421087385,0,0,1
2015-04-01 21:00:00,1168.5574,26.896997070312523,0.015694609,0.0131111145,18.31069196192519,26.365747070312523,0.013390533,0.0002552271,10.909058018201316,24.459497070312523,0.013920776,0.008930206,1.9619887627621044,0,0,1
2015-04-01 22:00:00,1103.1086,26.6850524902344,0.015862385,0.010177612,18.119543528080825,25.5131774902344,0.013859669,0.000111579895,10.50514870975478,23.9506774902344,0.01397411,0.0052261353,2.5966013023937924,0,0,1
2015-04-01 23:00:00,1047.3897,26.499383544921898,0.015984429,0.011703491,18.98377538115556,24.827508544921898,0.014233483,6.723404e-05,9.774151664273765,23.405633544921898,0.014046563,0.0047893524,3.269233069820371,0,0,1
2015-04-02 00:00:00,975.5774,26.294213867187523,0.016091235,0.015247345,19.70048030519488,24.325463867187523,0.0144471,0.00034880638,8.96174912120404,22.856713867187523,0.0141190365,0.005125046,3.9703688796543,8,1,1
2015-04-02 01:00:00,934.6032,26.108728027343773,0.01621331,0.022514343,19.903369323122096,23.952478027343773,0.014561547,0.0033388138,8.204780357531337,22.374353027343773,0.014138116,0.008144379,4.586332743312369,8,1,1
2015-04-02 02:00:00,912.1926,25.972802734375023,0.016282009,0.036880493,19.371569725322903,23.582177734375023,0.014637874,0.0066814423,7.372066956818847,22.035302734375023,0.014111446,0.011894226,4.932556559436104,8,1,1
2015-04-02 03:00:00,882.1132,25.840356445312523,0.016343093,0.054016113,18.50958834049715,23.309106445312523,0.014733291,0.0070610046,6.920205312119696,21.762231445312523,0.014069534,0.015312195,5.076261203944193,8,1,1
2015-04-02 04:00:00,884.0783,25.729455566406276,0.016388884,0.05203247,17.33083175996431,23.088830566406276,0.014821044,0.011711121,6.722195158799744,21.557580566406276,0.014000884,0.016235352,5.107335335518038,8,1,1
2015-04-02 05:00:00,899.9787,25.670617675781276,0.016434677,0.035125732,15.789014353124267,22.936242675781276,0.01487828,0.012462616,6.616708629804991,21.358117675781276,0.013974197,0.01712799,4.986685578816976,8,1,1
2015-04-02 06:00:00,906.1151,25.769403076171898,0.01648047,0.02433014,15.782049039950866,23.191278076171898,0.014939332,0.014369965,7.60616945021897,21.269403076171898,0.014012361,0.020462036,4.882704483180235,8,1,1
2015-04-02 07:00:00,1008.1633,26.554833984375023,0.01636606,0.030776978,19.080101105044253,25.664208984375023,0.0148707,0.012889862,12.283952451205856,22.257958984375023,0.014039096,0.018310547,5.375367057154842,8,1,1
2015-04-02 08:00:00,1088.9258,27.757287597656276,0.01609129,0.03125,21.03254088023856,28.679162597656276,0.014222089,0.010818481,14.739106767730089,24.460412597656276,0.013714734,0.0077114105,5.417585824692371,8,1,1
2015-04-02 09:00:00,1170.9882,29.068750000000023,0.01591571,0.031402588,21.41975192912089,31.287500000000023,0.013501007,0.009502411,14.235990701173431,26.943750000000023,0.012791473,0.004760742,4.866027762440837,8,1,1
2015-04-02 10:00:00,1226.0102,30.1948181152344,0.01583936,0.041412354,21.62886445724697,33.6323181152344,0.013127111,0.008197784,13.297616759431476,29.1791931152344,0.011696599,0.00566864,3.8906395160450207,8,1,1
2015-04-02 11:00:00,1286.2184,30.977807617187523,0.015808828,0.06674194,22.06889399479096,35.38405761718752,0.013394125,0.008361816,12.156500031319649,30.821557617187523,0.011730917,0.006263733,2.540674821428485,8,1,1
2015-04-02 12:00:00,1217.8204,31.440942382812523,0.01579356,0.09487915,22.826558676372123,36.53469238281252,0.013527629,0.018760681,11.747131490989686,31.847192382812523,0.0120589705,0.0068683624,1.45381501827331,8,1,1
2015-04-02 13:00:00,1207.0833,31.590936279296898,0.015770655,0.12478638,23.604328288787286,36.9659362792969,0.0134360595,0.08068848,11.599949994472716,32.4034362792969,0.012280206,0.007144928,0.6685822570626021,8,1,1
2015-04-02 14:00:00,1192.5055,31.307489013671898,0.015755374,0.12634277,24.320628247930262,36.2606140136719,0.013466557,0.13549805,11.227506076604692,32.5106140136719,0.012230595,0.016105652,0.3254075280661447,8,1,1
2015-04-02 15:00:00,1163.2025,30.750451660156276,0.015740102,0.10345459,24.878923361687477,35.09420166015627,0.013672535,0.16400146,10.886382445693622,32.09420166015627,0.012070362,0.023735046,1.3040138204828051,8,1,1
2015-04-02 16:00:00,1119.9411,30.003930664062523,0.01565617,0.06866455,25.31794667962364,33.84768066406252,0.013889966,0.16949463,10.7524354668716,31.035180664062523,0.012287793,0.040634155,2.237281366673797,8,1,1
2015-04-02 17:00:00,1068.3042,28.970849609375023,0.015606578,0.043701172,25.24090362769096,32.36147460937502,0.014099773,0.13464355,10.567864076016043,29.392724609375023,0.012989696,0.032546997,2.464272494369493,8,1,1
2015-04-02 18:00:00,1091.603,27.8796325683594,0.015694324,0.036697388,24.55247562768859,30.5983825683594,0.01437444,0.096954346,9.813921184278508,27.4108825683594,0.013901417,0.038024902,2.272555940524952,8,1,1
2015-04-02 19:00:00,1133.672,27.223168945312523,0.015900318,0.033859253,24.083927046729475,29.051293945312523,0.01461095,0.092315674,9.548758832555652,25.879418945312523,0.0144392885,0.061187744,2.130501201118108,8,1,1
2015-04-02 20:00:00,1092.4726,26.902978515625023,0.01607581,0.031799316,23.74708064397239,27.840478515625023,0.014546118,0.088409424,10.672436959032892,24.934228515625023,0.014572821,0.07003784,2.096248064534995,8,1,1
2015-04-02 21:00:00,1066.0434,26.6957946777344,0.016182678,0.033462524,23.776385784977787,26.8832946777344,0.014729278,0.07614136,11.240952416520086,24.2895446777344,0.014801757,0.06539917,1.9819188802980736,8,1,1
2015-04-02 22:00:00,1020.5809,26.540612792968773,0.016236179,0.04058838,24.0689762743762,26.306237792968773,0.015129916,0.06417847,10.918049516136865,23.853112792968773,0.01488959,0.056549072,2.357946421647884,8,1,1
2015-04-02 23:00:00,971.0757,26.371179199218773,0.016274458,0.04386902,24.05861555497064,25.855554199218773,0.015526777,0.05708313,10.668158704197245,23.511804199218773,0.015004164,0.06439209,2.9254378357891824,8,1,1
2015-04-03 00:00:00,937.3273,26.185968017578148,0.016289866,0.039535522,23.24096275659672,25.482843017578148,0.015824473,0.060546875,10.310300235909226,23.185968017578148,0.015034831,0.073638916,3.6485609928117992,9,1,1
2015-04-03 01:00:00,904.4957,26.008386230468773,0.016289948,0.04196167,22.21270586303732,25.180261230468773,0.015977142,0.07003784,10.021823237029412,22.867761230468773,0.015053986,0.084869385,4.147003256935181,9,1,1
2015-04-03 02:00:00,872.0601,25.845819091796898,0.016328141,0.04232788,21.850069540860268,25.080194091796898,0.016000077,0.09790039,10.15362013351868,22.611444091796898,0.015042588,0.09249878,4.220104213801823,9,1,1
2015-04-03 03:00:00,865.9019,25.712213134765648,0.01638155,0.04499817,21.96391326056842,25.055963134765648,0.015992451,0.095825195,10.46301150148349,22.415338134765648,0.0150349615,0.09725952,4.295733038061089,9,1,1
2015-04-03 04:00:00,849.9299,25.584436035156276,0.016480723,0.047943115,21.171181319355597,24.990686035156276,0.015961925,0.053207397,10.452997827141203,22.271936035156276,0.015012065,0.09338379,4.382382739207108,9,1,1
2015-04-03 05:00:00,844.5787,25.526757812500023,0.01659517,0.04324341,19.96322760071109,24.761132812500023,0.015916154,0.026535034,9.914998709120212,22.167382812500023,0.014996811,0.084472656,4.527591005671364,9,1,1
2015-04-03 06:00:00,807.1442,25.661218261718773,0.01669439,0.036224365,19.23764198652372,24.848718261718773,0.015878044,0.022163391,10.473354295903464,22.145593261718773,0.014996848,0.08099365,4.785332747462475,9,1,1
2015-04-03 07:00:00,836.2366,26.541619873046898,0.016518964,0.057540894,22.61770178333689,26.588494873046898,0.015656842,0.019081116,13.99567883970199,23.150994873046898,0.014939679,0.07501221,5.380243112821573,9,1,1
2015-04-03 08:00:00,851.3578,27.8161560058594,0.016198574,0.04849243,24.73977860668548,29.0974060058594,0.014882503,0.01902771,16.042929031178005,25.2692810058594,0.014569698,0.05647278,5.50915403999463,9,1,1
2015-04-03 09:00:00,904.225,29.099694824218773,0.016007831,0.049087524,24.462764623552747,31.521569824218773,0.014153888,0.017723083,15.426709918393165,27.505944824218773,0.013921192,0.044006348,5.085237178841276,9,1,1
2015-04-03 10:00:00,882.1762,30.204370117187523,0.015878158,0.043426514,23.45371852909037,33.59499511718752,0.013680893,0.0160141,14.197955916591397,29.407495117187523,0.013413864,0.042938232,4.132817749712373,9,1,1
2015-04-03 11:00:00,895.7512,31.021051025390648,0.015718007,0.037979126,22.722751498639976,35.11480102539065,0.013719105,0.014762878,12.964297516692463,30.786676025390648,0.013680958,0.045715332,2.6343852467184923,9,1,1
2015-04-03 12:00:00,910.7464,31.598016357421898,0.015534978,0.047851562,22.642262654281456,36.0823913574219,0.013780218,0.036483765,12.547659636745776,31.801141357421898,0.013661962,0.047958374,1.6691752159914168,9,1,1
2015-04-03 13:00:00,938.9869,31.827722167968773,0.015378675,0.045776367,23.378400840401643,36.34334716796877,0.013791761,0.08886719,12.670582704700688,32.23397216796877,0.013921461,0.052993774,1.0287754401471685,9,1,1
2015-04-03 14:00:00,944.4254,31.743218994140648,0.015222395,0.030670166,24.60770251013183,36.05571899414065,0.013845289,0.1352539,13.00140583359747,32.11821899414065,0.013948286,0.07879639,0.6294071889334031,9,1,1
2015-04-03 15:00:00,950.4192,31.293115234375023,0.015046891,0.0211792,25.95336574711488,34.85561523437502,0.014001664,0.16082764,13.235261255560076,31.339990234375023,0.0140054785,0.1010437,0.286607065458631,9,1,1
2015-04-03 16:00:00,943.5911,30.403955078125023,0.0149667375,0.019065857,27.58699087304898,33.62270507812502,0.014219057,0.15875244,13.711905614859676,30.247705078125023,0.013990175,0.104766846,0.4412788582002142,9,1,1
2015-04-03 17:00:00,918.4742,29.039605712890648,0.015123093,0.019874573,28.667954048998137,32.00835571289065,0.0143677825,0.1350708,14.299562567576094,28.867730712890648,0.013997757,0.08886719,0.8995528719769842,9,1,1
2015-04-03 18:00:00,962.0682,27.693505859375023,0.015397753,0.033218384,28.56848964267917,29.943505859375023,0.014558519,0.11621094,14.4802529404609,27.209130859375023,0.014272417,0.060791016,1.1755849143317083,9,1,1
2015-04-03 19:00:00,1036.4713,26.9794860839844,0.0156190125,0.037582397,28.144194914714845,28.1826110839844,0.0149132935,0.098724365,15.394591503862673,25.7763610839844,0.014600488,0.08389282,1.497824130252897,9,1,1
2015-04-03 20:00:00,1036.0913,26.680047607421898,0.015687656,0.037597656,27.800223436075168,26.930047607421898,0.015359592,0.089019775,15.669299564835026,24.914422607421898,0.014711093,0.10247803,2.234521352603184,9,1,1
2015-04-03 21:00:00,1019.6752,26.520928955078148,0.015733398,0.036453247,27.3850163944593,26.255303955078148,0.015756287,0.084198,14.405160074771302,24.224053955078148,0.014764464,0.09979248,3.3752323070684285,9,1,1
2015-04-03 22:00:00,1003.0428,26.387963867187523,0.015817296,0.037338257,26.42971585869008,25.934838867187523,0.015977513,0.07766724,13.124927123821116,23.716088867187523,0.014817845,0.08627319,4.3835769720985285,9,1,1
2015-04-03 23:00:00,973.6255,26.276208496093773,0.015962273,0.037902832,25.237058475254173,25.713708496093773,0.01600805,0.06661987,12.362337771316522,23.291833496093773,0.014905602,0.080078125,4.719711668534461,9,1,1
2015-04-04 00:00:00,938.5279,26.1074157714844,0.016206468,0.038772583,24.374204126129463,25.4667907714844,0.015992844,0.06964111,11.78783190877861,22.9667907714844,0.014909471,0.088134766,4.831500107384734,10,1,1
2015-04-04 01:00:00,903.948,25.927606201171898,0.016343888,0.04386902,24.59631952805484,25.193231201171898,0.015962418,0.06713867,11.51347757469641,22.708856201171898,0.01488286,0.10592651,4.964760689629637,10,1,1
2015-04-04 02:00:00,880.3097,25.795037841796898,0.016321102,0.04386902,24.680313493663487,24.935662841796898,0.015932003,0.053482056,11.423441767701553,22.529412841796898,0.014871518,0.111572266,5.041829749798396,10,1,1
2015-04-04 03:00:00,862.3062,25.698205566406276,0.01619913,0.04032898,24.58535557730058,24.713830566406276,0.015939731,0.046066284,11.253899470667866,22.416955566406276,0.01489832,0.110443115,5.064774574467589,10,1,1
2015-04-04 04:00:00,851.4747,25.6022888183594,0.016061762,0.035339355,24.531806547229724,24.5710388183594,0.015947321,0.04852295,11.312596239555234,22.3522888183594,0.0149898315,0.10458374,5.161262589280159,10,1,1
2015-04-04 05:00:00,836.5309,25.589624023437523,0.015985366,0.023147583,24.29494271104601,24.464624023437523,0.015985366,0.050582886,11.336369810793071,22.323999023437523,0.015111799,0.09838867,5.33800453106376,10,1,1
2015-04-04 06:00:00,800.8946,25.726220703125023,0.015931826,0.019607544,24.491302241776506,24.601220703125023,0.016023379,0.05508423,11.91733768379005,22.335595703125023,0.015199404,0.09240723,5.526998581316183,10,1,1
2015-04-04 07:00:00,853.8988,26.469323730468773,0.015786791,0.024513245,28.22927962937692,26.375573730468773,0.015962267,0.05027771,15.597309526104976,23.234948730468773,0.015199329,0.08206177,6.075726020663014,10,1,1
2015-04-04 08:00:00,936.3087,27.566033935546898,0.015573151,0.04786682,31.680740195210184,28.925408935546898,0.015283234,0.05696106,18.88172705008848,25.191033935546898,0.014821656,0.08151245,6.5553350953929606,10,1,1
2015-04-04 09:00:00,983.6321,28.736199951171898,0.015477809,0.054519653,33.035654511363035,31.220574951171898,0.01452032,0.048965454,19.81952231931487,27.392449951171898,0.014287624,0.08544922,6.497157023860528,10,1,1
2015-04-04 10:00:00,1027.1954,29.8784118652344,0.01545116,0.05833435,32.778856468712945,33.1440368652344,0.013910023,0.03578186,19.276480603776548,29.2377868652344,0.014085499,0.07495117,5.626838810774786,10,1,1
2015-04-04 11:00:00,1039.5997,30.703240966796898,0.015435873,0.049057007,31.73424586845958,34.6563659667969,0.013589559,0.027046204,18.04100782264771,30.562615966796898,0.014154134,0.07058716,4.465870637324419,10,1,1
2015-04-04 12:00:00,1047.6535,31.202294921875023,0.015443401,0.042541504,30.868720242412007,35.62416992187502,0.01337965,0.021240234,16.92103949093002,31.483544921875023,0.013921337,0.06826782,3.8076789240835303,10,1,1
2015-04-04 13:00:00,1046.9112,31.402612304687523,0.0154281035,0.034317017,30.19856636737134,36.02761230468752,0.013295688,0.018463135,16.414087553154964,31.949487304687523,0.013707675,0.06311035,3.443189017960432,10,1,1
2015-04-04 14:00:00,1051.7551,31.320184326171898,0.015401396,0.02017212,29.51496649278655,35.8826843261719,0.013257536,0.018447876,16.400379697544594,31.945184326171898,0.013635191,0.08166504,3.2764298833769394,10,1,1
2015-04-04 15:00:00,1074.6481,30.912225341796898,0.015382277,0.0105781555,28.954745553001544,35.1622253417969,0.013402449,0.019821167,16.742346036857292,31.443475341796898,0.013730513,0.09265137,3.379075184033344,10,1,1
2015-04-04 16:00:00,1022.6697,30.151300048828148,0.015435624,0.007865906,29.269108279257345,33.65130004882815,0.013680863,0.025024414,17.59838512121245,30.588800048828148,0.013829636,0.09741211,3.829366592539952,10,1,1
2015-04-04 17:00:00,983.8658,28.966210937500023,0.015584345,0.008369446,29.943555359515333,31.653710937500023,0.01388299,0.024963379,18.33607239578096,29.169335937500023,0.013970728,0.08340454,4.768622312423675,10,1,1
2015-04-04 18:00:00,1019.4827,27.768090820312523,0.015801743,0.014827728,29.548622122460085,29.408715820312523,0.014188125,0.025650024,17.603076665897607,27.377465820312523,0.014340713,0.09075928,5.6355641460570505,10,1,1
2015-04-04 19:00:00,1080.144,27.110559082031276,0.016022965,0.01752472,29.06906345996467,27.829309082031276,0.014745042,0.041107178,16.510005344919115,25.844934082031276,0.015103623,0.11065674,5.8715844960039005,10,1,1
2015-04-04 20:00:00,1076.8079,26.8059020996094,0.016183188,0.015838623,28.72232491011456,26.8371520996094,0.015340141,0.04763794,15.447410618353215,25.0402770996094,0.015198997,0.12615967,5.832926469328602,10,1,1
2015-04-04 21:00:00,1050.8917,26.6384216308594,0.016221382,0.019012451,28.77181142313357,26.3727966308594,0.0157331,0.041503906,14.549484464026392,24.5290466308594,0.0153554445,0.1282959,5.55688433121106,10,1,1
2015-04-04 22:00:00,1007.9923,26.518273925781276,0.01616806,0.019226074,27.52973498952996,26.080773925781276,0.015878143,0.041534424,13.696897559176753,24.158898925781276,0.015382232,0.12261963,5.409675322712812,10,1,1
2015-04-04 23:00:00,956.9116,26.392480468750023,0.016091889,0.019500732,26.166480169259337,25.814355468750023,0.015916413,0.03819275,12.777976150373412,23.829980468750023,0.015348023,0.117492676,5.208865011111297,10,1,1
2015-04-05 00:00:00,910.4899,26.293847656250023,0.015954703,0.021087646,25.98416108319192,25.559472656250023,0.015901297,0.032485962,12.322374453424557,23.559472656250023,0.015313835,0.10449219,5.063486384618607,11,1,1
2015-04-05 01:00:00,892.0855,26.186151123046898,0.015832772,0.023712158,25.70188779317217,25.279901123046898,0.015901437,0.037109375,11.479158971729689,23.295526123046898,0.015272013,0.10180664,5.016441173280408,11,1,1
2015-04-05 02:00:00,860.8098,26.035058593750023,0.015870944,0.029037476,24.863997277101348,25.050683593750023,0.015878573,0.035461426,10.921405485482182,23.081933593750023,0.015233889,0.09829712,4.899468389205729,11,1,1
2015-04-05 03:00:00,835.4947,25.908654785156276,0.015939495,0.030082703,23.71043946398285,24.877404785156276,0.015832683,0.03152466,10.654160581449506,22.908654785156276,0.015187999,0.09664917,4.777818449177489,11,1,1
2015-04-05 04:00:00,824.1823,25.7873474121094,0.01606139,0.02532196,22.3508275230873,24.6935974121094,0.01581725,0.026153564,10.332641374943927,22.7873474121094,0.015138234,0.09851074,4.704543709434216,11,1,1
2015-04-05 05:00:00,821.4527,25.687585449218773,0.016122328,0.020446777,21.53081035812945,24.406335449218773,0.015832411,0.029945374,9.527439748132595,22.734460449218773,0.01514195,0.08932495,4.675400760629131,11,1,1
2015-04-05 06:00:00,783.8076,25.833154296875023,0.016000185,0.01789093,22.34128432363485,24.473779296875023,0.015832338,0.035690308,10.468488788135764,22.739404296875023,0.015160953,0.08227539,4.764513085896471,11,1,1
2015-04-05 07:00:00,806.578,26.638330078125023,0.015679691,0.022216797,26.33391431851636,26.497705078125023,0.015633915,0.04005432,14.827442584237756,23.685205078125023,0.015099857,0.07614136,5.365563068687888,11,1,1
2015-04-05 08:00:00,854.6979,27.7172790527344,0.015237134,0.020713806,30.38005817259593,29.1079040527344,0.014874738,0.04272461,18.217015530711706,25.5766540527344,0.014611524,0.066986084,5.91785298270122,11,1,1
2015-04-05 09:00:00,896.7278,28.845422363281276,0.015095941,0.006002426,31.92929721669353,31.454797363281276,0.014168969,0.037322998,18.80252486785352,27.611047363281276,0.013962976,0.059814453,6.006510644947585,11,1,1
2015-04-05 10:00:00,963.6703,29.930078125000023,0.015023438,0.0017280579,32.63351821717157,33.50820312500002,0.013695924,0.026817322,18.566049909135643,29.273828125000023,0.0134327095,0.05441284,5.8407181684922005,11,1,1
2015-04-05 11:00:00,987.9237,30.699792480468773,0.014928064,0.0009367466,32.66720566077842,35.13729248046877,0.013390741,0.018928528,17.9128266309412,30.387292480468773,0.013512812,0.051940918,5.156155183787322,11,1,1
2015-04-05 12:00:00,1007.0713,31.120507812500023,0.014836482,0.00074219704,32.103846695625904,36.18300781250002,0.013180903,0.012866974,17.325985174530953,31.058007812500023,0.013505152,0.047027588,4.751429942877743,11,1,1
2015-04-05 13:00:00,1002.5527,31.286767578125023,0.014733439,0.00063705444,30.79439630436031,36.63051757812502,0.013081675,0.008842468,16.911960012946228,31.271142578125023,0.013566142,0.053771973,4.63596978865778,11,1,1
2015-04-05 14:00:00,1051.5066,31.1918884277344,0.014668545,0.00058174133,29.18838631634084,36.5356384277344,0.012974819,0.006591797,16.435848802373798,31.0981384277344,0.013615688,0.05267334,4.7856541354500735,11,1,1
2015-04-05 15:00:00,1032.0383,30.859307861328148,0.014626545,0.0005373955,27.92546779749597,35.78118286132815,0.0129938545,0.00844574,16.14446964587206,30.562432861328148,0.0135355415,0.05003357,5.208916619356861,11,1,1
2015-04-05 16:00:00,1013.7028,30.129418945312523,0.01471807,0.0005404949,27.69004360803082,34.28566894531252,0.013112082,0.007545471,16.36628223182641,29.582543945312523,0.013413443,0.046051025,5.895907518259356,11,1,1
2015-04-05 17:00:00,993.1771,28.952233886718773,0.014954565,0.00066518784,27.90679120503337,32.13973388671877,0.013363836,0.0061073303,16.882552509132996,28.077233886718773,0.013417242,0.038711548,6.772212597397949,11,1,1
2015-04-05 18:00:00,1009.8013,27.636743164062523,0.015240665,0.0030899048,27.22075585946406,29.652368164062523,0.013638492,0.005744934,16.98813806813368,26.261743164062523,0.01346683,0.03416443,7.566304978228116,11,1,1
2015-04-05 19:00:00,1082.6707,26.861535644531276,0.015503892,0.010696411,26.845847481082416,27.752160644531276,0.014065751,0.010112762,17.321970647540592,24.767785644531276,0.013722428,0.041000366,8.402091106622759,11,1,1
2015-04-05 20:00:00,1078.4988,26.502313232421898,0.0155840255,0.014469147,26.788410117548533,26.627313232421898,0.01452354,0.011009216,16.674690538820492,23.846063232421898,0.014187846,0.04371643,8.309805701012161,11,1,1
2015-04-05 21:00:00,1066.6416,26.308648681640648,0.015610786,0.015258789,26.748239996222328,26.011773681640648,0.014840217,0.012237549,15.65650507370808,23.261773681640648,0.014477821,0.043548584,7.7942207053565395,11,1,1
2015-04-05 22:00:00,1029.7995,26.187219238281276,0.01559183,0.016647339,26.90673528253573,25.702844238281276,0.0149433315,0.0184021,14.920762301036865,22.984094238281276,0.014668673,0.04852295,7.398349861504102,11,1,1
2015-04-05 23:00:00,974.9921,26.052178955078148,0.0155576365,0.01815033,26.89784997906141,25.442803955078148,0.014954914,0.012763977,14.455729315616932,22.802178955078148,0.014794697,0.049041748,7.129348584307845,11,1,1
2015-04-06 00:00:00,924.6028,25.912072753906276,0.015500556,0.019584656,26.5840804339652,25.193322753906276,0.015023719,0.00551033,13.94420483718092,22.615197753906276,0.014844428,0.0499115,6.920981293929557,0,0,1
2015-04-06 01:00:00,888.349,25.750634765625023,0.015512103,0.021942139,25.949342293756036,24.953759765625023,0.015180225,0.0032901764,13.313061941402331,22.469384765625023,0.014848346,0.055419922,6.61178033442384,0,0,1
2015-04-06 02:00:00,880.4164,25.577355957031276,0.015680002,0.027053833,24.23451156725302,24.717980957031276,0.015287089,0.007980347,12.70932474907273,22.374230957031276,0.0148293255,0.060928345,6.220001337106444,0,0,1
2015-04-06 03:00:00,874.9738,25.443688964843773,0.015832605,0.017860413,22.733939589902665,24.521813964843773,0.01532525,0.0073871613,12.216786758089336,22.303063964843773,0.014848413,0.06390381,5.907746043786166,0,0,1
2015-04-06 04:00:00,874.505,25.368859863281276,0.015954638,0.01662445,21.782335876806236,24.368859863281276,0.015344285,0.011508942,11.738920882635233,22.259484863281276,0.014894151,0.06680298,5.519694153149387,0,0,1
2015-04-06 05:00:00,875.3995,25.310449218750023,0.01610717,0.014732361,21.069723425789384,24.232324218750023,0.0153366,0.018081665,11.31427864718526,22.201074218750023,0.014970389,0.072784424,5.273465331957805,0,0,1
2015-04-06 06:00:00,876.0873,25.398278808593773,0.016244443,0.012142181,22.013600726445443,24.335778808593773,0.015302214,0.017486572,11.760128217504208,22.288903808593773,0.015039,0.077545166,5.289862409363551,0,0,1
2015-04-06 07:00:00,1012.2785,26.272546386718773,0.016168077,0.017433167,26.14272174094377,26.241296386718773,0.015027482,0.018119812,15.433870833218878,23.397546386718773,0.014981706,0.07745361,5.960838086260421,0,0,1
2015-04-06 08:00:00,1205.5386,27.593560791015648,0.015847608,0.021575928,28.218052316956605,28.937310791015648,0.014142439,0.010807037,18.026130554044727,25.406060791015648,0.014535353,0.07098389,6.444244194134994,0,0,1
2015-04-06 09:00:00,1324.8311,28.923120117187523,0.015702588,0.01953125,27.954584980126835,31.485620117187523,0.0132573685,0.005792618,17.696178424591025,27.579370117187523,0.013894423,0.054626465,6.178759195890843,0,0,1
2015-04-06 10:00:00,1436.4897,30.026300048828148,0.01561864,0.019226074,27.004147935776544,33.68255004882815,0.0127270995,0.0033950806,16.72027332246777,29.354425048828148,0.013440448,0.04057312,5.503145275695985,0,0,1
2015-04-06 11:00:00,1442.2448,30.848901367187523,0.015549971,0.024780273,25.69966793810586,35.34890136718752,0.012616469,0.0032806396,15.660420126705477,30.583276367187523,0.013535811,0.036102295,4.449252447280343,0,0,1
2015-04-06 12:00:00,1450.1545,31.389123535156276,0.015515657,0.03996277,24.746368252719808,36.40474853515627,0.01258597,0.003932953,15.176713291841995,31.373498535156276,0.013459535,0.04159546,3.951394182740599,0,0,1
2015-04-06 13:00:00,1492.5554,31.557702636718773,0.015549982,0.060791016,24.589221211837668,36.88582763671877,0.0126202945,0.0041942596,15.03670828773276,31.604577636718773,0.013409937,0.041748047,3.9459496217461263,0,0,1
2015-04-06 14:00:00,1489.3785,31.451013183593773,0.015576675,0.08242798,24.90606214885636,36.77913818359377,0.012761428,0.0066337585,15.157515159421925,31.544763183593773,0.013379409,0.052459717,4.290875041257896,0,0,1
2015-04-06 15:00:00,1440.9534,31.023950195312523,0.015607158,0.087646484,25.412154417976566,35.96145019531252,0.012975017,0.01309967,15.718367631330308,31.023950195312523,0.01336793,0.06994629,4.877145735145771,0,0,1
2015-04-06 16:00:00,1371.1544,30.235406494140648,0.0156567,0.08078003,26.136091652449384,34.31353149414065,0.013215294,0.017349243,16.662087254373724,30.110406494140648,0.013421288,0.06576538,5.798644315196875,0,0,1
2015-04-06 17:00:00,1226.3747,29.057183837890648,0.015763443,0.06576538,26.763372278229905,32.05718383789065,0.013444108,0.012722015,17.763872512095347,28.682183837890648,0.013501328,0.05189514,7.067376259799021,0,0,1
2015-04-06 18:00:00,1185.2848,27.804589843750023,0.015915968,0.04876709,26.281501396872823,29.445214843750023,0.013714887,0.007785797,18.0203036429409,26.820214843750023,0.013760664,0.042160034,8.096583981218066,0,0,1
2015-04-06 19:00:00,1237.548,27.087548828125023,0.016129551,0.031311035,25.564048914908376,27.665673828125023,0.01424509,0.017280579,17.792609731559065,25.306298828125023,0.014096317,0.04916382,8.870501523123059,0,0,1
2015-04-06 20:00:00,1203.4771,26.761987304687523,0.01630502,0.02368927,25.31155857624326,26.636987304687523,0.014821103,0.027793884,16.955477047381972,24.340112304687523,0.014473965,0.056518555,8.940319050977788,0,0,1
2015-04-06 21:00:00,1190.027,26.594018554687523,0.016396593,0.024246216,25.29632491005518,26.172143554687523,0.015229296,0.026115417,16.109829772390835,23.734643554687523,0.014664721,0.066467285,8.80502686842502,0,0,1
2015-04-06 22:00:00,1117.1772,26.457147216796898,0.016442424,0.022415161,25.798931578758623,25.941522216796898,0.015446788,0.018333435,15.541134353535105,23.394647216796898,0.014779216,0.072265625,8.628863257270387,0,0,1
2015-04-06 23:00:00,1055.9837,26.275354003906276,0.016473036,0.024536133,26.42836621226167,25.681604003906276,0.015591842,0.0210495,15.191164922388891,23.150354003906276,0.014825088,0.06185913,8.345286997984871,0,0,1
2015-04-07 00:00:00,1004.3304,26.1022888183594,0.016526548,0.02659607,26.23967448288514,25.4147888183594,0.015672056,0.018722534,15.05968350871998,22.8679138183594,0.014813749,0.06088257,8.080831353126113,0,0,1
2015-04-07 01:00:00,964.0799,25.887109375000023,0.016663924,0.027183533,25.55892935216392,25.199609375000023,0.01569499,0.022666931,14.95566957067215,22.668359375000023,0.014848127,0.06640625,7.871889077568112,0,0,1
2015-04-07 02:00:00,936.9188,25.691979980468773,0.016847,0.026626587,24.99365988941933,25.035729980468773,0.015679702,0.024223328,14.905362775777686,22.535729980468773,0.014886245,0.07086182,7.673829874808913,0,0,1
2015-04-07 03:00:00,917.1429,25.589990234375023,0.016930886,0.028961182,25.32472068278608,24.902490234375023,0.015679665,0.022964478,14.877756153863666,22.496240234375023,0.01492054,0.070373535,7.5231101619063585,0,0,1
2015-04-07 04:00:00,924.2788,25.549340820312523,0.016991869,0.027069092,25.352762900124358,24.783715820312523,0.015702501,0.02103424,14.718257169794626,22.486840820312523,0.014874712,0.06930542,7.389169696006902,0,0,1
2015-04-07 05:00:00,952.4334,25.561944580078148,0.017060425,0.019996643,25.16844752328641,24.733819580078148,0.015702393,0.021118164,14.674911077642642,22.468194580078148,0.014836458,0.07043457,7.274545572776713,0,0,1
2015-04-07 06:00:00,939.2289,25.706933593750023,0.017144276,0.01701355,25.34493819945088,24.863183593750023,0.015671803,0.026306152,14.828074412123929,22.550683593750023,0.014866901,0.06903076,7.181996175779314,0,0,1
2015-04-07 07:00:00,1067.9057,26.557946777343773,0.017045049,0.03239441,29.059417049181857,26.604821777343773,0.015484838,0.030838013,17.655036117011168,23.557946777343773,0.014843969,0.069885254,7.651636464729549,0,0,1
2015-04-07 08:00:00,1254.0408,27.872766113281276,0.016694065,0.04257202,32.03411572546525,29.107141113281276,0.014859196,0.022140503,19.9731056814288,25.560266113281276,0.014515873,0.054016113,7.758752200097296,0,0,1
2015-04-07 09:00:00,1366.6591,29.199609375000023,0.016472787,0.03857422,32.48234165714119,31.574609375000023,0.014309854,0.01373291,19.919277473123103,27.637109375000023,0.013947458,0.042053223,7.220617909711527,0,0,1
2015-04-07 10:00:00,1441.2183,30.277490234375023,0.016343119,0.036010742,31.28963763516356,33.69936523437502,0.013951303,0.010250092,18.62843337396524,29.339990234375023,0.013581278,0.03715515,6.092426736208797,0,0,1
2015-04-07 11:00:00,1461.1665,31.057641601562523,0.016335584,0.038238525,29.290283633519685,35.35451660156252,0.013913252,0.010772705,16.994574158898043,30.588891601562523,0.013653853,0.031677246,4.724494798082324,0,0,1
2015-04-07 12:00:00,1465.6976,31.599420166015648,0.016320568,0.047424316,27.70493272179416,36.50567016601565,0.014012677,0.012809753,16.04454834946379,31.458795166015648,0.013554913,0.034957886,3.954800380872753,0,0,1
2015-04-07 13:00:00,1487.0149,31.820916748046898,0.01629031,0.06838989,26.82908857744676,36.9459167480469,0.014070157,0.036590576,15.656681903660871,31.836541748046898,0.013383511,0.039398193,3.704678567387283,0,0,1
2015-04-07 14:00:00,1488.6398,31.673303222656276,0.016229393,0.09173584,26.55300803520711,36.82955322265627,0.014142753,0.050430298,15.899220400717322,31.845178222656276,0.013234855,0.04147339,3.761258322800683,0,0,1
2015-04-07 15:00:00,1441.2233,31.133203125000023,0.016191345,0.110809326,26.48086650571606,35.86757812500002,0.014303069,0.05482483,16.50655387416711,31.398828125000023,0.013124327,0.04408264,4.091348904289198,0,0,1
2015-04-07 16:00:00,1378.9596,30.110223388671898,0.01626005,0.11578369,27.31728129631269,34.1570983886719,0.014531992,0.052856445,17.710322354020008,30.469598388671898,0.013120554,0.050872803,4.902207216101703,0,0,1
2015-04-07 17:00:00,1236.0978,28.865350341796898,0.016374491,0.11413574,28.072136843200223,31.755975341796898,0.014753244,0.06466675,18.898590689294902,28.990350341796898,0.013318918,0.045410156,6.044359374070996,0,0,1
2015-04-07 18:00:00,1225.0682,27.767663574218773,0.016527086,0.0887146,27.715233414279734,29.080163574218773,0.014924913,0.055664062,18.875703944538213,26.986413574218773,0.013902574,0.039245605,6.800319793137704,0,0,1
2015-04-07 19:00:00,1267.2581,27.176721191406276,0.016687313,0.054763794,27.21409320364146,27.379846191406276,0.0151576195,0.06594849,17.702961715928353,25.426721191406276,0.014284054,0.040008545,7.085923809807958,0,0,1
2015-04-07 20:00:00,1235.7605,26.8906188964844,0.016733099,0.041244507,27.11986211961113,26.6093688964844,0.015371252,0.079956055,16.57822035493312,24.5781188964844,0.014375616,0.04878235,7.090622568277183,0,0,1
2015-04-07 21:00:00,1190.5042,26.760644531250023,0.016603433,0.031555176,27.33945124691463,26.338769531250023,0.015512428,0.08706665,15.795311495325915,24.010644531250023,0.014528236,0.056991577,7.025411198755322,0,0,1
2015-04-07 22:00:00,1125.4331,26.645410156250023,0.016450882,0.022163391,27.55735522775068,26.161035156250023,0.015623092,0.0904541,15.3587432514088,23.598535156250023,0.014524459,0.06591797,7.112602466455242,0,0,1
2015-04-07 23:00:00,1049.4412,26.470849609375023,0.016428024,0.021560669,27.501593559563595,25.986474609375023,0.015749007,0.08618164,15.161573736794924,23.236474609375023,0.014497787,0.063446045,7.122124157807562,0,0,1
2015-04-08 00:00:00,989.5485,26.269433593750023,0.016466193,0.023674011,27.040310789500435,25.785058593750023,0.015825324,0.07562256,14.862471735921796,22.894433593750023,0.014539771,0.06137085,6.893473233488703,0,0,1
2015-04-08 01:00:00,947.9388,26.105249023437523,0.016580643,0.02746582,26.62168305703196,25.558374023437523,0.015840592,0.063964844,14.578354568881744,22.636499023437523,0.0146351475,0.0718689,6.659411119768562,0,0,1
2015-04-08 02:00:00,940.1385,25.980157470703148,0.016672213,0.03466797,26.500716888519616,25.355157470703148,0.015840609,0.054092407,14.10497885923211,22.480157470703148,0.01474579,0.08520508,6.480853015068115,0,0,1
2015-04-08 03:00:00,913.746,25.917901611328148,0.016695127,0.04269409,26.513424783033702,25.199151611328148,0.015833005,0.042144775,14.005201185552558,22.386651611328148,0.014864071,0.0874939,6.294469094889849,0,0,1
2015-04-08 04:00:00,912.4933,25.8779235839844,0.016809601,0.046447754,25.35919521077673,25.1279235839844,0.015833039,0.032699585,13.679479838069016,22.3935485839844,0.0150052495,0.09613037,6.067750292544256,0,0,1
2015-04-08 05:00:00,934.3269,25.8684020996094,0.01702322,0.03755188,23.262003068161693,25.1027770996094,0.015802518,0.03289795,13.204045386743992,22.4621520996094,0.015161649,0.097473145,5.991061342493623,0,0,1
2015-04-08 06:00:00,931.3683,25.978143310546898,0.017229129,0.02999115,21.38413289161773,25.290643310546898,0.015756655,0.03955078,13.361912947660212,22.603143310546898,0.015256931,0.09875488,6.0914277801779,0,0,1
2015-04-08 07:00:00,1059.9631,26.725427246093773,0.017122231,0.040664673,23.84491880019495,26.928552246093773,0.015607797,0.044052124,16.323475059333884,23.662927246093773,0.015211068,0.09170532,6.62343260163533,0,0,1
2015-04-08 08:00:00,1243.4145,27.916406250000023,0.016748317,0.0448761,25.76534477419248,29.416406250000023,0.015046963,0.04324341,18.946869201508267,25.666406250000023,0.014764675,0.07833862,7.033563999111834,0,0,1
2015-04-08 09:00:00,1345.7388,29.035455322265648,0.016557531,0.040786743,25.57474987992841,31.785455322265648,0.014604406,0.04333496,19.251193985013835,27.707330322265648,0.01417716,0.06448364,6.910677708627215,0,0,1
2015-04-08 10:00:00,1439.2769,30.018975830078148,0.016412508,0.038330078,26.392456953789225,33.72210083007815,0.0144250505,0.042282104,18.950458635804157,29.362725830078148,0.014039766,0.0617218,6.214543175085358,0,0,1
2015-04-08 11:00:00,1459.4389,30.762841796875023,0.016343758,0.036087036,27.652607413720386,35.12221679687502,0.014466927,0.037368774,18.438449351551935,30.450341796875023,0.014203713,0.0675354,5.412390322377907,0,0,1
2015-04-08 12:00:00,1448.3378,31.223016357421898,0.016366592,0.041290283,28.055819702247856,36.0823913574219,0.014566055,0.034179688,18.052591627052472,31.113641357421898,0.014279952,0.06918335,4.940982216474705,0,0,1
2015-04-08 13:00:00,1491.8672,31.333612060546898,0.01641235,0.045013428,27.991259654853508,36.2867370605469,0.014649958,0.04611206,17.749557481004544,31.427362060546898,0.014287562,0.06594849,4.7461852204727215,0,0,1
2015-04-08 14:00:00,1500.0558,31.161004638671898,0.016465737,0.053451538,27.94264220975013,35.8172546386719,0.014691902,0.05404663,17.85982206010336,31.411004638671898,0.014230324,0.06488037,4.844585942152045,0,0,1
2015-04-08 15:00:00,1467.2785,30.607690429687523,0.016503867,0.05430603,28.086056827806317,34.76394042968752,0.014726217,0.049224854,18.157821609314897,30.888940429687523,0.014192159,0.06576538,5.20039343812715,0,0,1
2015-04-08 16:00:00,1381.6939,29.781671142578148,0.016526747,0.046569824,27.53508242515639,33.29729614257815,0.01478343,0.037460327,18.260542734526613,29.969171142578148,0.014192152,0.062683105,5.774163628987219,0,0,1
2015-04-08 17:00:00,1257.7154,28.772607421875023,0.016610678,0.044052124,26.302758783612536,31.350732421875023,0.014855918,0.023895264,18.01497363035383,28.647607421875023,0.014325675,0.056411743,6.3646120953781455,0,0,1
2015-04-08 18:00:00,1221.8567,27.802087402343773,0.016809048,0.0385437,24.94740511256804,29.395837402343773,0.015050474,0.01789093,17.018103916149972,26.895837402343773,0.0147872595,0.062423706,6.536637024968681,0,0,1
2015-04-08 19:00:00,1254.2277,27.193505859375023,0.017076017,0.033737183,23.691705841057114,28.021630859375023,0.015477658,0.01563263,16.14942131777253,25.506005859375023,0.015248776,0.08590698,6.301654108064062,0,0,1
2015-04-08 20:00:00,1220.1162,26.893365478515648,0.017289551,0.028083801,22.616077652497328,27.221490478515648,0.015954407,0.021209717,15.111075617679973,24.721490478515648,0.01523343,0.10507202,6.214176226623857,0,0,1
2015-04-08 21:00:00,1184.8718,26.734735107421898,0.017373424,0.025177002,22.17095841624188,26.797235107421898,0.016267162,0.038223267,14.199481857947482,24.172235107421898,0.015397411,0.11444092,5.951613337308927,0,0,1
2015-04-08 22:00:00,1131.9951,26.579858398437523,0.017403925,0.026390076,22.289710164091836,26.548608398437523,0.016312921,0.038009644,14.104981926139386,23.814233398437523,0.015523279,0.11959839,5.766568675154951,0,0,1
2015-04-08 23:00:00,1063.7908,26.402673339843773,0.017449707,0.03579712,22.20641407453722,26.324548339843773,0.016244262,0.030677795,14.199914018612448,23.496423339843773,0.015622468,0.123687744,5.647334808730091,0,0,1
2015-04-09 00:00:00,1005.2896,26.254235839843773,0.017495502,0.04083252,21.97656077808383,26.066735839843773,0.016244281,0.02229309,13.935044374918832,23.191735839843773,0.015679706,0.11468506,5.64205185191801,0,0,1
2015-04-09 01:00:00,966.433,26.155725097656276,0.017510762,0.046554565,22.13760672683018,25.780725097656276,0.016312947,0.01651001,13.729401029787088,22.921350097656276,0.015694967,0.108306885,5.7614728165203495,0,0,1
2015-04-09 02:00:00,928.1064,26.080102539062523,0.01752598,0.04914856,22.12180429946588,25.580102539062523,0.016373942,0.013736725,13.56888386059856,22.720727539062523,0.015679667,0.097839355,5.930142452593921,0,0,1
2015-04-09 03:00:00,907.4839,26.035607910156276,0.017502999,0.048553467,21.88863811747308,25.426232910156276,0.016419625,0.010620117,13.17286344573052,22.566857910156276,0.015702462,0.08065796,6.100274470673734,0,0,1
2015-04-09 04:00:00,892.4246,26.025079345703148,0.017480021,0.04286194,21.226380686790364,25.321954345703148,0.016411906,0.020210266,12.777033037532128,22.478204345703148,0.015671855,0.07321167,6.170471980684825,0,0,1
2015-04-09 05:00:00,901.5218,26.049523925781276,0.01749522,0.033096313,20.336769058043977,25.252648925781276,0.016327923,0.022262573,12.354434482873003,22.408898925781276,0.01561076,0.07281494,6.1671613415785975,0,0,1
2015-04-09 06:00:00,907.7575,26.121453857421898,0.017533321,0.020935059,19.87841942504209,25.355828857421898,0.016320247,0.015609741,12.682868492507607,22.433953857421898,0.015584011,0.0743103,6.152405775356986,0,0,1
2015-04-09 07:00:00,1059.5441,26.670007324218773,0.017472245,0.021026611,22.48985843218682,26.982507324218773,0.016289689,0.016601562,15.73964669127959,23.341882324218773,0.015530564,0.07366943,6.677251097604387,0,0,1
2015-04-09 08:00:00,1249.7044,27.757226562500023,0.017189918,0.024169922,24.847287483999136,29.475976562500023,0.01577085,0.020721436,17.997275184385554,25.319726562500023,0.015122353,0.07107544,7.034050736141015,0,0,1
2015-04-09 09:00:00,1343.1212,29.025262451171898,0.016999144,0.026618958,24.70878292950549,31.962762451171898,0.015068906,0.017410278,17.58007817273775,27.603387451171898,0.0145882545,0.07281494,6.654126024530163,0,0,1
2015-04-09 10:00:00,1418.4833,30.141290283203148,0.016884673,0.028938293,23.10126149089489,34.20379028320315,0.014611115,0.016197205,16.07656988424969,29.485040283203148,0.014283051,0.065216064,5.441807365448443,0,0,1
2015-04-09 11:00:00,1428.1189,31.021508789062523,0.01679311,0.0418396,21.15337159898825,35.94338378906252,0.014363147,0.016586304,14.658023113693147,30.755883789062523,0.014523365,0.05961609,3.7841318545364,0,0,1
2015-04-09 12:00:00,1410.4517,31.641259765625023,0.016716808,0.05393982,19.730065870837283,37.09438476562502,0.014172405,0.018104553,13.99615659000685,31.563134765625023,0.014511913,0.06588745,3.0896438815631115,0,0,1
2015-04-09 13:00:00,1423.0691,32.00982055664065,0.0166634,0.06460571,19.161816585171408,37.65044555664065,0.014092295,0.023925781,13.813831015965356,31.916070556640648,0.014389842,0.06918335,2.776948353109581,0,0,1
2015-04-09 14:00:00,1430.4913,32.1101013183594,0.016617632,0.06524658,19.39117408632827,37.5319763183594,0.014157152,0.04776001,13.954186137517947,31.7663513183594,0.0141609665,0.08312988,2.5940747859706628,0,0,1
2015-04-09 15:00:00,1394.3859,31.829461669921898,0.016648162,0.05784607,20.161217729030724,36.7982116699219,0.0142868655,0.06881714,14.18337067996232,31.032586669921898,0.014260163,0.08547974,2.505110007171969,0,0,1
2015-04-09 16:00:00,1334.2666,31.113916015625023,0.016777879,0.050613403,21.349738490627093,35.36391601562502,0.014462357,0.077301025,14.406157035610434,29.754541015625023,0.014775163,0.09152222,2.8657316148533085,0,0,1
2015-04-09 17:00:00,1222.7794,29.985528564453148,0.016976258,0.052215576,22.613297997812936,33.29802856445315,0.014771362,0.05241394,14.650477076759657,28.391778564453148,0.015278717,0.10055542,3.280657770389628,0,0,1
2015-04-09 18:00:00,1219.5801,28.613671875000023,0.017228002,0.054656982,23.80238166240375,30.910546875000023,0.015190953,0.04496765,14.724937524322977,26.926171875000023,0.0155800525,0.111450195,3.5823086676712284,0,0,1
2015-04-09 19:00:00,1266.2207,27.625451660156276,0.017495014,0.052230835,24.300914492883383,28.875451660156276,0.015679218,0.03605652,15.292296321423624,25.750451660156276,0.015572405,0.11630249,4.161938583041856,0,0,1
2015-04-09 20:00:00,1223.6035,27.174371337890648,0.017678095,0.04185486,23.859517857811515,27.721246337890648,0.016045405,0.02949524,15.242228864948997,25.033746337890648,0.015648676,0.10592651,5.019305934494968,0,0,1
2015-04-09 21:00:00,1190.5832,27.015710449218773,0.017769659,0.034835815,23.63955187997305,27.062585449218773,0.016297186,0.03527832,13.936622160906111,24.500085449218773,0.015763128,0.09170532,5.407294115440634,0,0,1
2015-04-09 22:00:00,1147.1615,26.886254882812523,0.017739192,0.03579712,24.35852124766705,26.667504882812523,0.016404048,0.03152466,12.875112025690196,24.073754882812523,0.015885249,0.087768555,5.257290415810632,0,0,1
2015-04-09 23:00:00,1108.7001,26.697473144531276,0.017579049,0.04411316,25.6017168661428,26.416223144531276,0.016472787,0.025596619,11.997923175385854,23.728723144531276,0.015961617,0.09313965,5.1585528859552525,0,0,1
2015-04-10 00:00:00,939.1068,26.475793457031276,0.017502833,0.040237427,25.982327825907547,26.225793457031276,0.01654153,0.039215088,11.436116299337066,23.460168457031276,0.015984584,0.104156494,5.305707999541985,0,0,1
2015-04-10 01:00:00,906.8377,26.280664062500023,0.01747232,0.039382935,25.981499154972635,26.077539062500023,0.01657968,0.053619385,11.279566555217626,23.249414062500023,0.01606851,0.11871338,5.3148154959319465,0,0,1
2015-04-10 02:00:00,893.3401,26.129663085937523,0.01745707,0.042770386,25.37449342118648,25.910913085937523,0.016556801,0.045898438,11.37529621786569,23.098413085937523,0.016152443,0.12567139,5.32244987138083,0,0,1
2015-04-10 03:00:00,859.5431,26.039392089843773,0.017495241,0.045532227,24.683815760494703,25.726892089843773,0.016541567,0.031814575,11.715195105340806,22.976892089843773,0.016221132,0.11816406,5.350541595425634,0,0,1
2015-04-10 04:00:00,862.4415,26.016961669921898,0.01763245,0.044128418,22.073054752202967,25.563836669921898,0.016571965,0.020881653,11.254604526453829,22.876336669921898,0.016221013,0.11746216,5.3562493875118165,0,0,1
2015-04-10 05:00:00,870.4868,26.002282714843773,0.017807838,0.039642334,18.539278354859054,25.408532714843773,0.016617652,0.024665833,10.440703101324164,22.799157714843773,0.016167518,0.11758423,5.202510917098522,0,0,1
2015-04-10 06:00:00,874.4665,26.118981933593773,0.017960392,0.03173828,16.22896275729704,25.447106933593773,0.016617619,0.03553772,10.12064970019237,22.822106933593773,0.016121708,0.1171875,5.0298857892457605,0,0,1
2015-04-10 07:00:00,941.3908,26.928002929687523,0.0178612,0.033294678,18.044851423684044,27.099877929687523,0.016381098,0.041168213,12.648386717441678,23.553002929687523,0.01610644,0.10961914,5.202841723179743,0,0,1
2015-04-10 08:00:00,1048.2608,28.1520935058594,0.017586533,0.040130615,19.09366588118234,29.4333435058594,0.015770737,0.043045044,13.705207636866684,25.3395935058594,0.015747849,0.09454346,5.18081321945978,0,0,1
2015-04-10 09:00:00,1153.5647,29.452569580078148,0.017426306,0.043930054,18.317549298546663,31.890069580078148,0.015297705,0.041015625,12.743746868917054,27.686944580078148,0.015141303,0.096466064,4.573821707155855,0,0,1
2015-04-10 10:00:00,1259.8689,30.617089843750023,0.0172966,0.04168701,17.17014693946594,34.24208984375002,0.015045928,0.038467407,11.207734754572728,29.695214843750023,0.014790343,0.0836792,3.4167292534903164,0,0,1
2015-04-10 11:00:00,1284.3466,31.586694335937523,0.017159274,0.043899536,15.812363628055715,36.02419433593752,0.014862825,0.033828735,9.910747970700552,31.117944335937523,0.015179445,0.07620239,1.9134928538396088,0,0,1
2015-04-10 12:00:00,1284.7915,32.25985107421877,0.016983803,0.052261353,14.899908918063948,37.44735107421877,0.014397438,0.03744507,9.482912786597424,32.22860107421877,0.014866645,0.080200195,1.3665646914297278,0,0,1
2015-04-10 13:00:00,1356.5185,32.67366943359377,0.016846495,0.0622406,14.918891768626915,38.28304443359377,0.013886291,0.0521698,9.308392484972734,32.79866943359377,0.014668304,0.08416748,1.0023830415037087,0,0,1
2015-04-10 14:00:00,1362.6845,32.8380065917969,0.016762635,0.07897949,15.840536292274182,38.4630065917969,0.013630768,0.09240723,9.106555271202756,32.9005065917969,0.01455774,0.098968506,0.7313544418869801,0,0,1
2015-04-10 15:00:00,1286.6858,32.60683593750002,0.016777966,0.09094238,17.047342114504108,37.91933593750002,0.013707135,0.111572266,9.356071589724024,32.29433593750002,0.01464555,0.10632324,0.540774479635998,0,0,1
2015-04-10 16:00:00,1214.4254,31.9245544433594,0.016839022,0.09307861,18.659286911270467,36.4401794433594,0.014023774,0.13421631,9.988762377808976,31.2683044433594,0.014943116,0.10519409,0.7377260354744329,0,0,1
2015-04-10 17:00:00,1085.4418,30.7363220214844,0.017083181,0.063568115,20.73621126830241,34.6738220214844,0.014603627,0.1274414,10.897179173829034,29.8456970214844,0.015324605,0.09881592,1.1014403190219555,0,0,1
2015-04-10 18:00:00,1042.5213,29.265832519531276,0.017403632,0.050582886,22.48643658569017,32.50020751953127,0.015400916,0.09661865,11.454499725646851,28.015832519531276,0.015778571,0.09020996,1.233351246708007,0,0,1
2015-04-10 19:00:00,1018.2774,28.074151611328148,0.017693501,0.040985107,23.636174115254796,30.480401611328148,0.016144734,0.096954346,12.191465700952447,26.574151611328148,0.015984517,0.11526489,1.4715073946495791,0,0,1
2015-04-10 20:00:00,990.7625,27.399102783203148,0.01784604,0.039733887,23.38400308633654,28.774102783203148,0.016549043,0.0987854,13.491839269264805,25.914727783203148,0.015915804,0.10256958,2.2530813575359065,0,0,1
2015-04-10 21:00:00,969.0273,27.187463378906276,0.017899415,0.03475952,23.053507679062506,27.749963378906276,0.0167016,0.08679199,14.157091872085108,25.328088378906276,0.015915772,0.101867676,2.640163131138689,0,0,1
2015-04-10 22:00:00,927.4042,27.110498046875023,0.017891772,0.032852173,23.23510154588648,27.188623046875023,0.016930468,0.07376099,13.476776441915955,24.954248046875023,0.016014941,0.102874756,2.588710004422958,0,0,1
2015-04-10 23:00:00,913.9804,26.991967773437523,0.017861256,0.028198242,23.674687564967527,26.804467773437523,0.017136464,0.066589355,12.62308937043172,24.632592773437523,0.016037831,0.1088562,3.720595463193832,0,0,1
2015-04-11 00:00:00,1031.2448,26.806420898437523,0.01777733,0.028419495,24.089868022324403,26.572045898437523,0.017197495,0.0664978,11.873729771188126,24.306420898437523,0.01613701,0.12112427,4.282005452797138,0,0,1
2015-04-11 01:00:00,977.9724,26.605645751953148,0.017701032,0.030654907,24.04614822092502,26.418145751953148,0.017189862,0.06427002,11.303831656010358,24.074395751953148,0.016251447,0.12484741,4.2368660106527,0,0,1
2015-04-11 02:00:00,951.4417,26.479302978515648,0.017655227,0.032333374,23.64696871987342,26.276177978515648,0.017182205,0.06338501,10.546685154541375,23.916802978515648,0.016335342,0.12780762,4.1747047685411225,0,0,1
2015-04-11 03:00:00,916.3444,26.422479248046898,0.01764758,0.032318115,22.72373816886622,26.141229248046898,0.017174557,0.06414795,9.60445522401695,23.797479248046898,0.016396359,0.13690186,4.045196736647501,0,0,1
2015-04-11 04:00:00,901.1855,26.394799804687523,0.017700996,0.02986908,20.546806766759328,25.988549804687523,0.017166939,0.06323242,8.380556136730346,23.691674804687523,0.016404,0.13897705,3.7554698343356754,0,0,1
2015-04-11 05:00:00,905.4997,26.361627197265648,0.017838309,0.026268005,17.885736572864598,25.721002197265648,0.017159292,0.058532715,6.863165901269945,23.596002197265648,0.016396353,0.12713623,3.40768274954886,0,0,1
2015-04-11 06:00:00,877.1565,26.416589355468773,0.017968034,0.020210266,16.175937329451056,25.729089355468773,0.017174577,0.055541992,7.12939149140512,23.588464355468773,0.01639638,0.11911011,3.302094410457544,0,0,1
2015-04-11 07:00:00,929.5631,27.1494079589844,0.01790706,0.025016785,17.266750157766868,27.5087829589844,0.016961016,0.05419922,11.167993589295568,24.3525329589844,0.016381182,0.11331177,3.5532282912406363,0,0,1
2015-04-11 08:00:00,1036.5039,28.362145996093773,0.0177622,0.033340454,17.33147002450886,29.862145996093773,0.016366022,0.046951294,12.60703517149967,26.034020996093773,0.01612951,0.104766846,3.778978206950225,0,0,1
2015-04-11 09:00:00,1094.2692,29.652917480468773,0.017609619,0.03616333,16.377490669286264,32.37166748046877,0.015793823,0.040008545,11.564079719471875,27.949792480468773,0.015656494,0.10473633,3.3531848059561984,0,0,1
2015-04-11 10:00:00,1163.9087,30.881555175781276,0.017350215,0.04135132,15.814276973708656,34.66280517578127,0.01553442,0.03277588,9.86742594306242,29.819055175781276,0.015416164,0.09008789,2.3603134936291847,0,0,1
2015-04-11 11:00:00,1181.7648,31.936730957031276,0.01708318,0.051696777,15.19377962625017,36.46798095703127,0.015294086,0.030975342,8.592621907492333,31.405480957031276,0.015442859,0.08642578,1.3343896994573985,0,0,1
2015-04-11 12:00:00,1176.792,32.67681274414065,0.01687719,0.06567383,14.7424296047787,37.87993774414065,0.014588371,0.0423584,7.747913488264493,32.56743774414065,0.015275016,0.0927124,0.6050086211149879,0,0,1
2015-04-11 13:00:00,1164.2067,33.1647888183594,0.01668647,0.075805664,14.830504781372497,38.6022888183594,0.014061958,0.08731079,6.744712131654812,33.3054138183594,0.014828712,0.10650635,0.2116213062251863,0,0,1
2015-04-11 14:00:00,1178.3016,33.21975097656252,0.016564425,0.07354736,15.4114310012202,38.46975097656252,0.014111574,0.13775635,5.771348715490044,33.45412597656252,0.014519746,0.12478638,1.2806262754375313,0,0,1
2015-04-11 15:00:00,1123.1499,32.93074951171877,0.01652629,0.06790161,15.933740250460364,37.58699951171877,0.014481612,0.18878174,4.619583923875637,32.68074951171877,0.01469142,0.14703369,2.594056918817547,0,0,1
2015-04-11 16:00:00,1059.5715,32.31173095703127,0.016656008,0.06085205,16.881099239553226,35.92110595703127,0.01479825,0.20245361,3.8711780724450153,31.249230957031276,0.015282717,0.15771484,3.0874471652185984,0,0,1
2015-04-11 17:00:00,1012.7405,31.122003173828148,0.016953573,0.040542603,18.699692985747934,34.30950317382815,0.015179739,0.2144165,3.6886653468243824,29.575128173828148,0.015946493,0.16143799,2.907522703034578,0,0,1
2015-04-11 18:00:00,1089.4907,29.6081481933594,0.01735032,0.033554077,20.293961680171503,32.6237731933594,0.015553596,0.21533203,3.140614409927049,27.8581481933594,0.016549233,0.1463623,2.571764693090563,0,0,1
2015-04-11 19:00:00,1125.1666,28.389581298828148,0.017701285,0.03730774,21.06931162458765,31.327081298828148,0.015938895,0.19854736,3.3804459692952444,26.608331298828148,0.016869681,0.14086914,2.31549507116371,0,0,1
2015-04-11 20:00:00,1113.0693,27.599755859375023,0.017930131,0.041229248,20.588101537702737,30.349755859375023,0.01619063,0.16577148,4.630808820830656,25.787255859375023,0.016839128,0.16040039,1.9715071091645884,0,0,1
2015-04-11 21:00:00,1095.949,27.286981201171898,0.018044526,0.035888672,19.470904314056117,29.615106201171898,0.016320283,0.106658936,6.4638293583176925,25.130731201171898,0.016923005,0.17315674,1.2830225903744024,0,0,1
2015-04-11 22:00:00,1075.7602,27.151696777343773,0.01810553,0.029037476,19.03990835985201,29.026696777343773,0.016373657,0.08093262,7.925961553441379,24.636071777343773,0.016900085,0.16827393,1.6392709583131244,0,0,1
2015-04-11 23:00:00,1036.2736,27.034539794921898,0.018158924,0.028495789,19.485330551198075,28.378289794921898,0.016366016,0.07495117,8.695252603082956,24.237664794921898,0.016793262,0.15124512,2.407801489090049,0,0,1
2015-04-12 00:00:00,999.6481,26.892175292968773,0.018189425,0.02936554,19.666741218210078,27.720300292968773,0.016373629,0.06951904,9.082972179080867,23.876550292968773,0.016625399,0.12756348,3.1737874231164187,0,0,1
2015-04-12 01:00:00,969.4673,26.745568847656276,0.018204676,0.033935547,19.514668484803355,27.151818847656276,0.016427027,0.06442261,8.851866935753781,23.589318847656276,0.01651858,0.113464355,3.791556537132696,0,0,1
2015-04-12 02:00:00,933.9571,26.577294921875023,0.018235216,0.03251648,19.13218370942561,26.764794921875023,0.016587267,0.061294556,8.620427918400448,23.374169921875023,0.016434679,0.1081543,4.140444974620495,0,0,1
2015-04-12 03:00:00,905.1648,26.467095947265648,0.018220017,0.030548096,19.41706262973348,26.482720947265648,0.016831467,0.052078247,8.808408435030996,23.217095947265648,0.01640422,0.10543823,4.050385266099141,0,0,1
2015-04-12 04:00:00,885.1188,26.393090820312523,0.018189555,0.02418518,18.870692172553955,26.252465820312523,0.017075663,0.055923462,8.510077742726907,23.174340820312523,0.016396647,0.10482788,3.585807277334483,0,0,1
2015-04-12 05:00:00,892.8168,26.351770019531276,0.018174384,0.019325256,17.089933705120398,26.070520019531276,0.017251227,0.055358887,7.703266273425635,23.164270019531276,0.016442511,0.111083984,3.115713978743205,0,0,1
2015-04-12 06:00:00,845.6063,26.454309082031276,0.018105792,0.018486023,16.12327335073373,26.063684082031276,0.01737337,0.05781555,7.159523702048744,23.219934082031276,0.016534137,0.11633301,3.0133717031553813,0,0,1
2015-04-12 07:00:00,871.8835,27.100000000000023,0.017976152,0.029022217,16.20061415461823,27.787500000000023,0.017220842,0.05859375,10.649648096422563,23.912500000000023,0.016785966,0.12182617,3.414929357331417,0,0,1
2015-04-12 08:00:00,918.2652,28.117150878906276,0.017815996,0.044036865,15.269442032548262,30.179650878906276,0.01664107,0.05706787,11.988426101122704,25.679650878906276,0.01662581,0.12298584,3.871703839155773,0,0,1
2015-04-12 09:00:00,936.6894,29.216455078125023,0.017655859,0.053970337,13.937157361390526,32.56020507812502,0.016076574,0.05491638,11.029514680700908,28.044580078125023,0.016053686,0.12283325,3.4875980117315293,0,0,1
2015-04-12 10:00:00,991.1953,30.290673828125023,0.017343152,0.06817627,13.19770401146792,34.77504882812502,0.01572572,0.05278015,9.582418793757912,29.962548828125023,0.015847791,0.12634277,2.138370326691713,0,0,1
2015-04-12 11:00:00,1045.5536,31.239160156250023,0.017022816,0.08358765,12.912937046863874,36.42666015625002,0.015050618,0.04408264,8.73924518232619,31.223535156250023,0.015809743,0.13061523,1.1692778287931775,0,0,1
2015-04-12 12:00:00,1066.3945,31.975122070312523,0.016809233,0.094329834,12.938084650512538,37.69387207031252,0.014299162,0.04473877,8.284874837755277,32.08449707031252,0.01551605,0.13787842,0.4810201393201849,0,0,1
2015-04-12 13:00:00,1071.9622,32.40541992187502,0.016649129,0.09841919,13.205503668866156,38.34291992187502,0.013891103,0.059402466,7.8068144008601585,32.60854492187502,0.01512325,0.14727783,0.4338850527466723,0,0,1
2015-04-12 14:00:00,1066.602,32.58883056640627,0.016557692,0.09307861,13.771116880112972,38.40133056640627,0.013902662,0.09637451,7.184398174207031,32.66695556640627,0.014913557,0.15447998,1.3531541693452895,0,0,1
2015-04-12 15:00:00,1032.1716,32.51934204101565,0.016542474,0.0819397,14.622500819367472,37.37871704101565,0.014123956,0.11853027,6.623779676795272,31.988092041015648,0.0150471125,0.14550781,2.3784258698512524,0,0,1
2015-04-12 16:00:00,1032.0852,31.964624023437523,0.01673322,0.05795288,16.186132981008967,36.18337402343752,0.0144177,0.12136841,6.572421211475623,30.870874023437523,0.015375189,0.13812256,2.829419687574224,0,0,1
2015-04-12 17:00:00,1021.7866,30.906152343750023,0.017084183,0.039489746,17.97273256646751,34.71865234375002,0.014780107,0.11871338,6.508478281097853,29.359277343750023,0.01586348,0.10443115,2.917515760442926,0,0,1
2015-04-12 18:00:00,1077.4457,29.513635253906276,0.01748851,0.037902832,19.50450816934953,33.01363525390627,0.015226394,0.1060791,5.814081166459638,27.638635253906276,0.016420394,0.084625244,2.9415214364040567,0,0,1
2015-04-12 19:00:00,1145.2602,28.351953125000023,0.01786999,0.040267944,20.611213209933847,31.648828125000023,0.015665095,0.09686279,5.175542123013767,26.242578125000023,0.016840022,0.1055603,3.04473714154328,0,0,1
2015-04-12 20:00:00,1134.9968,27.607934570312523,0.018144656,0.046188354,20.389118074704893,30.639184570312523,0.015924502,0.09249878,4.956818531423225,25.389184570312523,0.016977359,0.12243652,3.155817259781241,0,0,1
2015-04-12 21:00:00,1119.3475,27.304711914062523,0.01825909,0.04071045,19.402942992683965,29.882836914062523,0.015932124,0.08605957,4.906826307137512,24.773461914062523,0.017129939,0.12945557,2.925160168884108,0,0,1
2015-04-12 22:00:00,1076.2066,27.170343017578148,0.018335355,0.0317688,18.290118717164965,29.217218017578148,0.016038908,0.08758545,4.522288077783809,24.357843017578148,0.01714517,0.1234436,2.7110827439505623,0,0,1
2015-04-12 23:00:00,1035.0964,27.088220214843773,0.018411694,0.028060913,17.621550500827748,28.635095214843773,0.01619154,0.08444214,4.329156741344148,24.025720214843773,0.017129956,0.11764526,2.640362228772257,0,0,1
2015-04-13 00:00:00,981.4015,27.0036560058594,0.018434647,0.030944824,17.713771622049467,28.1130310058594,0.016298417,0.078552246,4.405836493385952,23.7380310058594,0.017091874,0.12133789,2.610561367042064,0,0,1
2015-04-13 01:00:00,939.8367,26.893945312500023,0.018434744,0.037719727,18.12310245657093,27.643945312500023,0.016382437,0.06893921,4.427673928513292,23.518945312500023,0.017030936,0.13134766,2.661522301628647,0,0,1
2015-04-13 02:00:00,900.9927,26.777001953125023,0.018411815,0.041885376,18.66065336009658,27.214501953125023,0.016473949,0.06417847,4.5694705316687205,23.402001953125023,0.017000377,0.1362915,2.6384215204951635,0,0,1
2015-04-13 03:00:00,876.0171,26.670343017578148,0.018366016,0.04673767,19.117459307298414,26.873468017578148,0.016588368,0.06744385,4.821708364815148,23.342218017578148,0.017007984,0.13580322,2.4523257086881047,0,0,1
2015-04-13 04:00:00,862.959,26.572839355468773,0.018320283,0.046585083,18.53254240987534,26.588464355468773,0.016702851,0.068573,4.629982024913854,23.338464355468773,0.017023286,0.13653564,2.090202141664557,0,0,1
2015-04-13 05:00:00,883.0783,26.493310546875023,0.018297488,0.042785645,17.074061989886083,26.383935546875023,0.016817385,0.06478882,4.267081244761547,23.352685546875023,0.017053897,0.1404419,1.7116971124685645,0,0,1
2015-04-13 06:00:00,862.7205,26.541284179687523,0.018274542,0.04081726,15.883407774060634,26.478784179687523,0.016954657,0.06707764,5.042071974464943,23.447534179687523,0.017130133,0.14630127,1.3912120522930151,0,0,1
2015-04-13 07:00:00,1066.8016,27.179498291015648,0.018068457,0.049697876,16.201075708914413,27.945123291015648,0.016924048,0.07684326,8.582019759714372,24.132623291015648,0.017427588,0.15063477,1.6764502005105066,0,0,1
2015-04-13 08:00:00,1272.7354,28.227990722656276,0.01787773,0.058624268,14.695017285461748,29.868615722656276,0.01661125,0.090911865,9.375265572410344,25.571740722656276,0.017351301,0.14471436,2.735496127235155,0,0,1
2015-04-13 09:00:00,1391.0733,29.388574218750023,0.017656459,0.061309814,12.326600967020328,31.685449218750023,0.016206874,0.09918213,8.357545734797299,27.732324218750023,0.016565455,0.14001465,2.601786967723345,0,0,1
2015-04-13 10:00:00,1453.8902,30.516076660156276,0.01726722,0.06427002,10.86728877839668,33.28170166015627,0.015794747,0.1015625,7.364041986564363,29.453576660156276,0.01626014,0.14147949,1.3860813440381112,0,0,1
2015-04-13 11:00:00,1500.9233,31.497583007812523,0.016824672,0.0718689,10.27043738870324,34.35695800781252,0.015432308,0.11746216,6.243555509270249,30.622583007812523,0.016191432,0.14758301,0.7232897828069137,0,0,1
2015-04-13 12:00:00,1492.4783,32.21535644531252,0.016481286,0.08016968,10.163977101089642,35.10598144531252,0.015233881,0.13366699,5.323685701460692,31.449731445312523,0.015657311,0.1651001,0.7114145518655732,0,0,1
2015-04-13 13:00:00,1473.5297,32.61940917968752,0.016206525,0.07727051,10.552225010263776,35.19753417968752,0.015107892,0.15411377,4.508132833275441,31.869409179687523,0.015168928,0.18273926,1.585264640099206,0,0,1
2015-04-13 14:00:00,1494.7858,32.84151611328127,0.015992777,0.075805664,11.183231307434625,34.88839111328127,0.014978068,0.16027832,3.690843079250408,31.622766113281276,0.015130656,0.18902588,2.6913634931603507,0,0,1
2015-04-13 15:00:00,1420.9628,32.66115722656252,0.01587061,0.07519531,11.9262965235269,34.37990722656252,0.01492075,0.17108154,3.025124069696058,30.911157226562523,0.015462437,0.18395996,3.234742065830349,0,0,1
2015-04-13 16:00:00,1372.1382,32.05245361328127,0.016061269,0.073028564,12.719454485153928,33.44307861328127,0.014947377,0.16125488,2.28076171875,29.833703613281276,0.015855275,0.16967773,3.472107543848696,0,0,1
2015-04-13 17:00:00,1264.2654,30.971276855468773,0.016518978,0.06359863,13.873905728465706,32.45565185546877,0.015202908,0.12927246,1.7671239097749976,28.502526855468773,0.01625195,0.14019775,3.5995349822116305,0,0,1
2015-04-13 18:00:00,1257.4847,29.712762451171898,0.01706063,0.047683716,15.33608953057603,31.134637451171898,0.015626304,0.09515381,1.317635690046249,27.087762451171898,0.016526572,0.11804199,3.658964094617085,0,0,1
2015-04-13 19:00:00,1280.1578,28.596826171875023,0.017564142,0.04624939,16.97234447534418,30.128076171875023,0.016137445,0.08242798,1.7673208839003685,25.893701171875023,0.01708349,0.11517334,3.2332654293703564,0,0,1
2015-04-13 20:00:00,1238.6671,27.726647949218773,0.017937955,0.069244385,17.445544389412696,29.382897949218773,0.01697665,0.09591675,1.633747300493831,25.023522949218773,0.01749545,0.12823486,2.604132328468272,0,0,1
2015-04-13 21:00:00,1178.9736,27.142236328125023,0.01815919,0.089782715,16.238995729410263,28.782861328125023,0.01741151,0.10534668,0.9952395737309576,24.454736328125023,0.017670909,0.13580322,2.1160410417027093,0,0,1
2015-04-13 22:00:00,1125.5875,26.925805664062523,0.018159177,0.09020996,14.81612096639072,28.238305664062523,0.017648008,0.11074829,0.6349720346401614,24.082055664062523,0.017693784,0.14105225,1.904508521892443,0,0,1
2015-04-13 23:00:00,1037.8419,26.8642517089844,0.018075252,0.07736206,14.223257264448725,27.7080017089844,0.017869258,0.11328125,1.4936783522018473,23.8330017089844,0.017609859,0.14196777,1.8652166370127616,0,0,1
2015-04-14 00:00:00,994.6279,26.813043212890648,0.01802948,0.060531616,14.582060706422832,27.172418212890648,0.018113403,0.11291504,2.4238036213019685,23.625543212890648,0.017472534,0.1408081,2.123102972698516,0,0,1
2015-04-14 01:00:00,959.629,26.710473632812523,0.018098144,0.044815063,15.512123141448717,26.694848632812523,0.018227844,0.107543945,3.277210063549278,23.476098632812523,0.017319946,0.14556885,2.4602802728698183,0,0,1
2015-04-14 02:00:00,927.6498,26.646936035156276,0.01818202,0.037322998,15.85311443163826,26.287561035156276,0.018227797,0.09185791,4.056218713483955,23.334436035156276,0.01718257,0.1619873,2.71930241727482,0,0,1
2015-04-14 03:00:00,906.8743,26.6235290527344,0.018273512,0.038772583,15.534023681056778,25.9047790527344,0.018136183,0.082336426,4.681108814346286,23.2329040527344,0.017090956,0.16577148,2.973532739618443,0,0,1
2015-04-14 04:00:00,881.3231,26.595971679687523,0.018395524,0.049102783,14.675436618424891,25.595971679687523,0.018059831,0.073394775,4.853779002851336,23.158471679687523,0.017006975,0.17279053,3.0784586924039443,0,0,1
2015-04-14 05:00:00,890.9737,26.524804687500023,0.01856334,0.059829712,13.679596842798189,25.399804687500023,0.0180598,0.06738281,4.59260600890202,23.087304687500023,0.016945908,0.17108154,3.11612948022796,0,0,1
2015-04-14 06:00:00,901.0748,26.538903808593773,0.01867776,0.077301025,13.765984899035685,25.413903808593773,0.018105555,0.060653687,4.968617557703843,23.070153808593773,0.016938258,0.16442871,3.0652630093538566,0,0,1
2015-04-14 07:00:00,1053.9011,27.139428710937523,0.018471757,0.10317993,15.525352673049284,26.405053710937523,0.018242875,0.06150818,7.678166450137086,23.467553710937523,0.017113725,0.1515503,3.067047852860839,0,0,1
2015-04-14 08:00:00,1247.1527,28.061791992187523,0.018158948,0.12307739,16.649072074807908,28.608666992187523,0.017602002,0.07382202,10.452045360970416,24.389916992187523,0.017273938,0.14086914,3.282648483892523,0,0,1
2015-04-14 09:00:00,1365.3242,29.032861328125023,0.017968217,0.13043213,16.38570848532092,30.876611328125023,0.01667885,0.095214844,10.446116361878152,26.470361328125023,0.016640702,0.13446045,3.183703564955618,0,0,1
2015-04-14 10:00:00,1414.559,29.812615966796898,0.017815642,0.14355469,15.467091974352078,32.5938659667969,0.016190581,0.110076904,8.924962994154177,28.890740966796898,0.01606851,0.121795654,2.1708153490235587,0,0,1
2015-04-14 11:00:00,1441.3584,30.386163330078148,0.017693596,0.15704346,14.34814730390957,33.87053833007815,0.016045647,0.12640381,6.93621608916267,30.479913330078148,0.01612194,0.12445068,0.8541975175511991,0,0,1
2015-04-14 12:00:00,1418.4831,30.694238281250023,0.01763259,0.17077637,13.011286328796691,34.63173828125002,0.015763389,0.16265869,5.055815441568781,31.662988281250023,0.015416252,0.16271973,1.050429852236577,0,0,1
2015-04-14 13:00:00,1431.0831,30.857873535156276,0.017548699,0.1821289,11.7234987643966,34.74849853515627,0.01564135,0.2197876,3.273637558097397,31.982873535156276,0.015217918,0.21539307,2.646249668876328,0,0,1
2015-04-14 14:00:00,1417.9949,30.854852294921898,0.017426666,0.17883301,10.791276651254757,34.4017272949219,0.0155917965,0.26367188,1.6283277777040497,31.339227294921898,0.015641388,0.2477417,3.821942801821544,0,0,1
2015-04-14 15:00:00,1369.8599,30.656518554687523,0.017365674,0.14886475,10.465940635753352,33.53151855468752,0.015664319,0.25549316,0.3524446596675644,30.015893554687523,0.016122082,0.27929688,4.320539891361998,0,0,1
2015-04-14 16:00:00,1337.9251,30.254541015625023,0.017411506,0.11077881,10.89109247197701,32.48891601562502,0.016068732,0.2442627,1.5727552766506758,28.645166015625023,0.016434943,0.29748535,4.506590061345503,0,0,1
2015-04-14 17:00:00,1228.6738,29.622277832031276,0.017526023,0.074523926,11.606013173289286,31.481652832031276,0.017403953,0.21643066,2.295499540827062,27.341027832031276,0.016770713,0.26965332,4.279518269496875,0,0,1
2015-04-14 18:00:00,1234.3041,28.768457031250023,0.017816031,0.046020508,12.336456365997735,30.518457031250023,0.018067801,0.19708252,2.323056294531333,26.127832031250023,0.017289603,0.22943115,3.5288467925820126,0,0,1
2015-04-14 19:00:00,1269.3872,28.000115966796898,0.018090807,0.030555725,13.838386916603152,29.765740966796898,0.01831206,0.17681885,2.248817800843045,25.187615966796898,0.017816149,0.19970703,2.880013512937316,0,0,1
2015-04-14 20:00:00,1230.2302,27.390679931640648,0.018319802,0.021110535,15.220675029848636,29.156304931640648,0.01834269,0.13885498,2.2696988572754733,24.578179931640648,0.01810618,0.1854248,2.441777859413752,0,0,1
2015-04-14 21:00:00,1190.2742,26.933862304687523,0.018426778,0.019332886,16.00269867072719,28.496362304687523,0.018968465,0.10308838,2.403098615444474,24.261987304687523,0.018182637,0.17437744,1.9927904073906235,0,0,1
2015-04-14 22:00:00,1130.7483,26.598596191406276,0.018503314,0.027648926,16.39016801078851,27.957971191406276,0.019258624,0.08843994,2.318568597365757,24.067346191406276,0.01817525,0.16619873,1.8574646530279464,0,0,1
2015-04-14 23:00:00,1053.4911,26.3713317871094,0.018549358,0.042419434,16.233650353774216,27.4807067871094,0.019228375,0.09185791,2.218324378654965,23.8869567871094,0.018076336,0.15991211,2.028078885722385,0,0,1
2015-04-15 00:00:00,1005.5188,26.210015869140648,0.018618194,0.05895996,15.371662562934777,27.053765869140648,0.01918277,0.10888672,2.2445831420295974,23.725640869140648,0.017946808,0.15454102,2.148125809687933,0,0,1
2015-04-15 01:00:00,951.0065,26.077722167968773,0.018656524,0.07543945,14.116280705303636,26.671472167968773,0.019114288,0.122528076,2.5715104188835944,23.593347167968773,0.017771514,0.1531372,2.1107594638744684,0,0,1
2015-04-15 02:00:00,936.0111,25.987908935546898,0.018694777,0.08453369,12.7666319312942,26.284783935546898,0.018954176,0.12677002,3.2454697168183584,23.456658935546898,0.017573256,0.15411377,2.0405557150419065,0,0,1
2015-04-15 03:00:00,909.6979,25.905206298828148,0.018755961,0.09536743,11.716278547982546,25.889581298828148,0.018839885,0.119781494,3.58202358498788,23.358331298828148,0.01738267,0.15631104,2.00435567534278,0,0,1
2015-04-15 04:00:00,913.9144,25.831964111328148,0.018855121,0.099090576,10.187438702545172,25.566339111328148,0.018725421,0.11682129,3.858838666336508,23.285089111328148,0.01722243,0.15893555,1.9756338478573303,0,0,1
2015-04-15 05:00:00,929.7759,25.803338623046898,0.018931437,0.09725952,9.04256167668409,25.303338623046898,0.018611003,0.10839844,4.073836561876991,23.240838623046898,0.017115641,0.16278076,2.023609924039694,0,0,1
2015-04-15 06:00:00,930.8377,25.972955322265648,0.018938927,0.09753418,9.541578856040546,25.269830322265648,0.018557457,0.10031128,4.63625804383091,23.254205322265648,0.017107872,0.16418457,2.1602823716607578,0,0,1
2015-04-15 07:00:00,1079.064,26.611016845703148,0.018732775,0.108428955,12.264431022699217,26.001641845703148,0.018618334,0.089263916,6.53250900180341,23.657891845703148,0.017313708,0.16333008,2.5642803427370144,0,0,1
2015-04-15 08:00:00,1279.5456,27.434716796875023,0.01857243,0.13006592,13.76548973268174,27.778466796875023,0.018046001,0.08596802,8.648486804356411,24.403466796875023,0.01755009,0.15789795,3.101054899635737,0,0,1
2015-04-15 09:00:00,1357.647,28.178430175781276,0.018457955,0.15252686,13.840652181220134,30.147180175781276,0.017160958,0.09500122,8.533681294181548,25.850305175781276,0.017069405,0.16223145,3.1461214983663472,0,0,1
2015-04-15 10:00:00,1455.4373,28.713159179687523,0.018397039,0.17590332,13.521021535981106,31.931909179687523,0.016688054,0.10223389,6.918712039005998,27.681909179687523,0.016314214,0.15960693,2.066856762644383,0,0,1
2015-04-15 11:00:00,1482.2215,29.115991210937523,0.018336132,0.1965332,13.323829613793198,33.19411621093752,0.016428784,0.121520996,4.890010220335595,28.990991210937523,0.016276196,0.16662598,0.5371820382644453,0,0,1
2015-04-15 12:00:00,1437.7205,29.447167968750023,0.018290233,0.20788574,12.997702099108816,33.93154296875002,0.016222667,0.15985107,2.94478532601317,30.040917968750023,0.015955638,0.19525146,0.729642704521941,0,0,1
2015-04-15 13:00:00,1434.6225,29.647485351562523,0.01821387,0.20428467,12.750260222528304,33.97561035156252,0.016260745,0.19384766,1.607841580408762,30.366235351562523,0.016108157,0.22717285,1.7995687564201477,0,0,1
2015-04-15 14:00:00,1434.1727,29.731072998046898,0.018114693,0.20159912,12.552090924314786,33.6060729980469,0.016367562,0.22961426,1.7113715303232742,29.981072998046898,0.01640571,0.2545166,2.74445270585564,0,0,1
2015-04-15 15:00:00,1375.9954,29.584649658203148,0.018038455,0.20013428,12.363358004797288,32.72527465820315,0.01660413,0.2387085,1.630888642373986,29.178399658203148,0.016764347,0.2878418,3.3805979270930058,0,0,1
2015-04-15 16:00:00,1289.0688,29.238244628906276,0.017985174,0.1697998,12.633028501458089,31.722619628906276,0.017054388,0.2355957,1.3350548327897158,28.128869628906276,0.0170315,0.29858398,3.715696727166242,0,0,1
2015-04-15 17:00:00,1190.8074,28.794030761718773,0.01800057,0.13000488,12.82827042491413,30.372155761718773,0.018305745,0.24645996,0.8455784155538882,26.856530761718773,0.017382588,0.29187012,3.7934754474972103,0,0,1
2015-04-15 18:00:00,1199.2163,28.103967285156276,0.018275343,0.096466064,11.89735703810672,28.978967285156276,0.018900953,0.26330566,0.69146996156072,25.510217285156276,0.018199049,0.2952881,3.056900881866534,0,0,1
2015-04-15 19:00:00,1239.4153,27.516931152343773,0.018489085,0.07022095,12.172579320624472,28.063806152343773,0.019145213,0.25976562,0.7640793991560337,24.641931152343773,0.018351756,0.28466797,2.378516483040472,0,0,1
2015-04-15 20:00:00,1212.4159,27.058282470703148,0.018718071,0.058059692,12.758634215298866,27.464532470703148,0.019221611,0.23260498,1.3134078401079736,24.261407470703148,0.018145867,0.28796387,1.7275556312745497,0,0,1
2015-04-15 21:00:00,1177.941,26.705163574218773,0.018908914,0.064697266,13.181393253855717,26.986413574218773,0.019305643,0.20629883,1.9008953206068688,24.033288574218773,0.018046793,0.2783203,1.3875208234513157,0,0,1
2015-04-15 22:00:00,1116.454,26.492333984375023,0.019076861,0.08364868,13.591068869486929,26.586083984375023,0.019374408,0.20788574,2.23055142598491,23.851708984375023,0.017978229,0.27124023,1.56198004883371,0,0,1
2015-04-15 23:00:00,1058.6397,26.338769531250023,0.01914558,0.12210083,13.720618277095303,26.182519531250023,0.019305797,0.20306396,2.5518446252992564,23.713769531250023,0.01788673,0.2578125,1.8541488199410945,0,0,1
