datetime,nat_demand,T2M_toc,QV2M_toc,TQL_toc,W2M_toc,T2M_san,QV2M_san,TQL_san,W2M_san,T2M_dav,QV2M_dav,TQL_dav,W2M_dav,Holiday_ID,holiday,school
2016-12-15 00:00:00,1069.8981,25.962518310546898,0.019261058,0.016212463,12.708559867132246,23.954705810546898,0.017887767,0.06472778,3.4612785498535814,22.400018310546898,0.017178234,0.11590576,3.16350947315431,0,0,1
2016-12-15 01:00:00,1030.0313,25.888970947265648,0.019131847,0.011890411,14.056024925292338,23.693658447265648,0.01771278,0.0640564,3.4178373495947567,22.217095947265648,0.016980357,0.123046875,3.0675651360570386,0,0,1
2016-12-15 02:00:00,990.2387,25.802117919921898,0.018881235,0.007062912,15.33615400382072,23.497430419921898,0.01755372,0.05757141,3.4521396801957525,22.098992919921898,0.016851816,0.14038086,2.947759582503956,0,0,1
2016-12-15 03:00:00,968.0724,25.703637695312523,0.01860794,0.004995346,16.305615802215296,23.359887695312523,0.017433014,0.04600525,3.574588868035768,22.055200195312523,0.016792145,0.16711426,2.85123513712473,0,0,1
2016-12-15 04:00:00,964.5803,25.609490966796898,0.018395755,0.0044555664,16.171739724298348,23.281365966796898,0.017350528,0.044403076,3.634309970474012,22.062615966796898,0.016763065,0.18060303,2.6428943304442822,0,0,1
2016-12-15 05:00:00,983.8652,25.527917480468773,0.018267263,0.005531311,15.41883388043408,23.348229980468773,0.017344106,0.055923462,3.628942069378859,22.129479980468773,0.016771901,0.1852417,2.366276229858111,0,0,1
2016-12-15 06:00:00,1003.3744,25.530084228515648,0.018245975,0.006345749,14.48025208691093,23.381646728515648,0.017345706,0.06478882,3.663391533361249,22.217584228515648,0.01678876,0.19226074,2.1047202670598844,0,0,1
2016-12-15 07:00:00,1126.1418,26.309899902343773,0.018666422,0.0072689056,15.228474187732196,24.434899902343773,0.017880594,0.07019043,5.478536461775215,22.567712402343773,0.017003214,0.2010498,1.799140683334438,0,0,1
2016-12-15 08:00:00,1270.8711,27.350244140625023,0.018559122,0.010559082,18.573621490791805,25.443994140625023,0.01820817,0.06326294,6.941811882536462,23.225244140625023,0.017254496,0.19848633,1.4837121997572082,0,0,1
2016-12-15 09:00:00,1360.7993,28.158532714843773,0.0184594,0.018318176,20.269768792872405,26.705407714843773,0.018405994,0.046875,8.867558302062553,24.056970214843773,0.017261585,0.16552734,1.527138811884402,0,0,1
2016-12-15 10:00:00,1431.2761,28.8041931152344,0.018673036,0.026779175,20.511702488210087,27.9291931152344,0.018421266,0.031311035,10.553397982847752,24.9760681152344,0.017025087,0.12890625,1.7375870977842145,0,0,1
2016-12-15 11:00:00,1475.4048,29.327294921875023,0.018902678,0.039276123,20.54665878866756,28.827294921875023,0.01836862,0.021026611,11.110295032116996,25.671044921875023,0.016827483,0.09118652,1.6741454029615874,0,0,1
2016-12-15 12:00:00,1472.533,29.610253906250023,0.018979559,0.054855347,20.3827436277104,29.289941406250023,0.018239507,0.015953064,10.892382705683826,26.055566406250023,0.016767034,0.062805176,1.5594011323684744,0,0,1
2016-12-15 13:00:00,1484.2027,29.730249023437523,0.01898754,0.064208984,19.83052470518639,29.339624023437523,0.018209342,0.019424438,9.98040489675024,26.183374023437523,0.016782645,0.057998657,1.5309240064242395,0,0,1
2016-12-15 14:00:00,1483.9745,29.6491638183594,0.018857928,0.060806274,18.856217161964903,29.1726013183594,0.018293353,0.024963379,8.963255718723172,26.0632263183594,0.016721698,0.049606323,1.3790565611959726,0,0,1
2016-12-15 15:00:00,1456.6037,29.488946533203148,0.018773664,0.05192566,18.163122631934076,28.809259033203148,0.018476117,0.022087097,7.86668641632101,25.731134033203148,0.016728986,0.043945312,1.2791584472309336,0,0,1
2016-12-15 16:00:00,1380.4653,29.120233154296898,0.018779997,0.038742065,17.49990691241983,28.151483154296898,0.018657926,0.022666931,7.007472956670211,25.174920654296898,0.016926054,0.06506348,1.093508528075695,0,0,1
2016-12-15 17:00:00,1285.7424,28.329858398437523,0.019160759,0.0263443,16.29254723291954,27.032983398437523,0.018992912,0.038619995,5.289782092504534,24.415795898437523,0.017070305,0.06729126,1.0612016846135497,0,0,1
2016-12-15 18:00:00,1356.4381,27.3574157714844,0.019465052,0.015239716,14.761610782467692,25.7011657714844,0.018656336,0.05128479,3.986414143869203,23.5996032714844,0.016733728,0.06265259,1.2810422663806935,0,0,1
2016-12-15 19:00:00,1349.6154,26.969171142578148,0.019464277,0.016357422,15.235521411192282,25.242608642578148,0.018228315,0.05633545,4.078359305129284,23.101983642578148,0.01639726,0.055770874,2.043953694683153,0,0,1
2016-12-15 20:00:00,1326.7922,26.7517028808594,0.019395811,0.017906189,15.495314902755185,24.8845153808594,0.018098814,0.06138611,3.4750321530837414,22.7360778808594,0.016344054,0.066223145,2.3991110943683576,0,0,1
2016-12-15 21:00:00,1284.6129,26.578637695312523,0.019351149,0.018737793,15.113832567402891,24.625512695312523,0.018008376,0.064971924,2.814801380813713,22.508325195312523,0.016329909,0.09347534,2.3709561102194434,0,0,1
2016-12-15 22:00:00,1209.8398,26.405725097656276,0.019314585,0.019256592,14.645160383425306,24.429162597656276,0.017918406,0.06854248,2.6041685176588474,22.382287597656276,0.016415415,0.13018799,2.199029497097092,0,0,1
2016-12-15 23:00:00,1125.1587,26.232324218750023,0.019346092,0.026679993,13.31092463238718,24.287011718750023,0.017827842,0.07421875,2.372086882645269,22.341699218750023,0.016568992,0.16577148,1.9766349495738844,0,0,1
2016-12-16 00:00:00,1060.0996,26.111962890625023,0.019292852,0.03439331,13.072407079159587,24.135400390625023,0.017736455,0.07513428,2.430439438822472,22.315087890625023,0.016698858,0.19525146,1.7238675712672673,0,0,1
2016-12-16 01:00:00,1015.4224,25.932153320312523,0.019276133,0.042938232,13.192171896735855,23.963403320312523,0.017689219,0.0741272,2.79150448873693,22.283715820312523,0.016766062,0.20672607,1.4865481352417782,0,0,1
2016-12-16 02:00:00,995.9414,25.805444335937523,0.019308534,0.044830322,13.840577616021566,23.774194335937523,0.017660584,0.07241821,3.1994023733575805,22.250756835937523,0.016783204,0.20758057,1.3639914975908136,0,0,1
2016-12-16 03:00:00,961.3128,25.739221191406276,0.019384144,0.05445862,14.001601438209583,23.653283691406276,0.017637013,0.07672119,3.493223919780873,22.215783691406276,0.01679015,0.20550537,1.546949155937356,0,0,1
2016-12-16 04:00:00,959.0573,25.706262207031276,0.019361053,0.076934814,13.463686205955684,23.565637207031276,0.017568145,0.071899414,3.253364650902593,22.229699707031276,0.016812835,0.20550537,1.8522976847454928,0,0,1
2016-12-16 05:00:00,975.8205,25.678643798828148,0.01929946,0.076416016,12.60592190680084,23.467706298828148,0.017460776,0.06576538,2.9462982616590727,22.264581298828148,0.016858054,0.20153809,1.9966975280985613,0,0,1
2016-12-16 06:00:00,973.7238,25.690881347656276,0.019252801,0.08105469,11.893661779336094,23.440881347656276,0.017391229,0.059310913,2.752010837921714,22.276818847656276,0.01687243,0.19989014,1.9695095776792075,0,0,1
2016-12-16 07:00:00,1088.4151000000002,26.308923339843773,0.019511167,0.08331299,12.60492326736549,24.699548339843773,0.018229429,0.051223755,3.632864336197718,22.613610839843773,0.017222349,0.1987915,1.9742658457782525,0,0,1
2016-12-16 08:00:00,1233.7768,27.122949218750023,0.019479934,0.079193115,15.774699870547757,25.974511718750023,0.018800918,0.04650879,4.902034508423757,23.419824218750023,0.017755691,0.19934082,1.90668577622572,0,0,1
2016-12-16 09:00:00,1343.299,27.693048095703148,0.019327218,0.07910156,18.1755745273544,27.372735595703148,0.01918226,0.051940918,6.648970336361374,24.341485595703148,0.018144662,0.21099854,1.7580462735175948,0,0,1
2016-12-16 10:00:00,1436.3631,28.245721435546898,0.019258145,0.08181763,19.14256359761845,28.386346435546898,0.019265775,0.07034302,7.705051033697621,25.417596435546898,0.018266324,0.23529053,1.3499852656514038,0,0,1
2016-12-16 11:00:00,1466.0728,28.707147216796898,0.01918907,0.10021973,18.90474249058299,29.019647216796898,0.019219588,0.1272583,7.698609912785126,26.308709716796898,0.018021774,0.25671387,1.0571566251508102,0,0,1
2016-12-16 12:00:00,1447.9618,28.983789062500023,0.019058663,0.114746094,18.295609744895085,29.421289062500023,0.019279916,0.16693115,7.314413061055164,26.616601562500023,0.017822701,0.26342773,1.1644355227455812,0,0,1
2016-12-16 13:00:00,1457.6233000000002,29.008477783203148,0.018966723,0.10583496,17.646615163634028,29.500665283203148,0.019493151,0.1862793,6.602968502040611,26.555352783203148,0.01787572,0.2685547,1.535483806113557,0,0,1
2016-12-16 14:00:00,1459.8408000000002,28.834130859375023,0.018965831,0.08996582,17.27828364431373,29.341943359375023,0.019538036,0.17871094,5.893606374695676,26.123193359375023,0.018141856,0.27575684,1.935640817589284,0,0,1
2016-12-16 15:00:00,1438.611,28.554711914062523,0.019086793,0.07131958,16.895733844481413,29.078149414062523,0.019720033,0.15136719,5.058819920966483,25.601586914062523,0.018529847,0.27331543,2.2434362229289,0,0,1
2016-12-16 16:00:00,1381.9634,28.135125732421898,0.019430315,0.055496216,15.435160886409816,28.596063232421898,0.019788897,0.15557861,3.975515943907617,24.994500732421898,0.018758928,0.27038574,2.6466818116360886,0,0,1
2016-12-16 17:00:00,1299.7255,27.520715332031276,0.019758858,0.04814148,13.2787799690725,27.630090332031276,0.019964851,0.13769531,2.688776914070808,24.426965332031276,0.018698372,0.27770996,3.258120287070936,0,0,1
2016-12-16 18:00:00,1354.3939,26.913629150390648,0.019706178,0.05229187,12.4990995403208,26.546441650390648,0.019767214,0.12554932,1.5814602851512236,23.765191650390648,0.018454958,0.25341797,3.3371474261985115,0,0,1
2016-12-16 19:00:00,1350.0257,26.599877929687523,0.01960781,0.05091858,12.645362015833102,26.279565429687523,0.019264488,0.11993408,1.852103543966905,23.365502929687523,0.01823452,0.2434082,3.227918626036139,0,0,1
2016-12-16 20:00:00,1326.2586,26.428887939453148,0.01948678,0.0473938,13.020529520544136,25.999200439453148,0.019074792,0.11462402,2.4416856392870825,23.132012939453148,0.018075341,0.23895264,3.0279293599424126,0,0,1
2016-12-16 21:00:00,1264.9366,26.318383789062523,0.019327207,0.04373169,13.604783322124002,25.709008789062523,0.018938107,0.12258911,2.88895588621881,23.005883789062523,0.017953916,0.22735596,2.837626243505336,0,0,1
2016-12-16 22:00:00,1208.6805,26.189233398437523,0.019112993,0.034683228,14.458159015641725,25.345483398437523,0.018845964,0.12719727,2.983073587316235,22.915795898437523,0.017823625,0.23571777,2.712781977609781,0,0,1
2016-12-16 23:00:00,1123.5994,26.028466796875023,0.018852925,0.02923584,15.1882486794633,25.028466796875023,0.018707966,0.13348389,2.8289661720332653,22.880029296875023,0.017716145,0.23199463,2.5715267905142025,0,0,1
2016-12-17 00:00:00,1061.5697,25.882196044921898,0.018516537,0.028045654,16.20921063844518,24.733758544921898,0.018539425,0.13623047,2.577210009418655,22.757196044921898,0.017547604,0.22729492,2.443274328274823,0,0,0
2016-12-17 01:00:00,1012.2265,25.707910156250023,0.018149745,0.028083801,17.172265993757247,24.371972656250023,0.018309962,0.13739014,2.464567217178944,22.582910156250023,0.017356288,0.2345581,2.4108359987323515,0,0,0
2016-12-17 02:00:00,979.8798,25.507226562500023,0.017882168,0.026176453,17.580790344803876,23.944726562500023,0.018034756,0.12414551,2.649767807918756,22.374414062500023,0.017119229,0.23431396,2.4425870484348184,0,0,0
2016-12-17 03:00:00,954.1129,25.317071533203148,0.017797757,0.022598267,16.19452727383689,23.567071533203148,0.017729092,0.11895752,3.1054400886796483,22.192071533203148,0.016897488,0.23413086,2.5009638339802023,0,0,0
2016-12-17 04:00:00,930.6066,25.189294433593773,0.017774582,0.02394867,14.69200340284666,23.298669433593773,0.01743126,0.108795166,3.48521870478253,22.072106933593773,0.016721725,0.22351074,2.601536221758119,0,0,0
2016-12-17 05:00:00,932.772,25.112359619140648,0.01778936,0.031936646,13.438782250549547,23.057672119140648,0.01715612,0.09597778,3.687405058074973,22.002984619140648,0.016583916,0.20379639,2.5063988524870524,0,0,0
2016-12-17 06:00:00,940.9454,25.156396484375023,0.01794181,0.039657593,13.28283010476461,22.890771484375023,0.016949989,0.07736206,3.9663378784947,21.929833984375023,0.01643119,0.18695068,2.325301670684431,0,0,0
2016-12-17 07:00:00,958.1613,25.927911376953148,0.018506043,0.040023804,15.092617023665806,23.990411376953148,0.017445557,0.05970764,6.604190458461454,22.154473876953148,0.0165224,0.16326904,2.302825786144844,0,0,0
2016-12-17 08:00:00,1132.7147,26.844445800781276,0.018681291,0.037139893,17.79110158459171,25.211633300781276,0.017735247,0.046447754,7.863929771365879,22.781945800781276,0.016628984,0.13848877,2.5216452908749765,0,0,0
2016-12-17 09:00:00,1228.0285,27.473748779296898,0.018581975,0.052719116,18.90714303320897,26.606561279296898,0.017704595,0.039230347,9.761788844192372,23.770623779296898,0.016544927,0.10656738,2.552394897957291,0,0,0
2016-12-17 10:00:00,1304.7862,28.094934082031276,0.01848316,0.05154419,18.803896682776763,27.719934082031276,0.017560003,0.040496826,10.591166763653916,25.126184082031276,0.016133307,0.088653564,2.3160176148955363,0,0,0
2016-12-17 11:00:00,1319.7572,28.728051757812523,0.018429035,0.05253601,17.583177633213865,28.274926757812523,0.017475361,0.042770386,10.303305471434657,26.181176757812523,0.01598,0.07727051,1.636977519334803,0,0,0
2016-12-17 12:00:00,1296.1939,29.1166931152344,0.01834456,0.055114746,15.227742907362678,28.5854431152344,0.017535845,0.041427612,9.528192456720715,26.7260681152344,0.016132036,0.07284546,1.151867250363655,0,0,0
2016-12-17 13:00:00,1268.1066,29.288659667968773,0.018245107,0.05055237,13.36655882096643,28.702722167968773,0.017642384,0.043411255,8.571618626258603,27.062097167968773,0.015994435,0.060546875,0.8201241772965437,0,0,0
2016-12-17 14:00:00,1255.8883,29.328576660156276,0.018214254,0.038711548,12.768850667279388,28.562951660156276,0.017848043,0.044555664,7.32299033448528,27.109826660156276,0.015940694,0.06451416,0.5721796553160985,0,0,0
2016-12-17 15:00:00,1243.6653,29.219873046875023,0.018305233,0.030708313,12.657617113662972,28.204248046875023,0.018114498,0.041931152,6.275279345126797,26.837060546875023,0.015978267,0.07809448,0.228685335083113,0,0,0
2016-12-17 16:00:00,1219.1996,28.834741210937523,0.018732348,0.028190613,12.364489610676197,27.615991210937523,0.018121997,0.04283142,6.122250480878952,26.280053710937523,0.016237536,0.06175232,0.4185747473783129,0,0,0
2016-12-17 17:00:00,1193.7239,28.085473632812523,0.019373506,0.022567749,11.694078032450989,26.538598632812523,0.018496126,0.05215454,4.759797436306935,25.382348632812523,0.016878694,0.07571411,1.08028952711252,0,0,0
2016-12-17 18:00:00,1259.2,27.231530761718773,0.019473298,0.01676178,11.740052668958596,25.411218261718773,0.018214447,0.060531616,3.9493755764484666,24.278405761718773,0.017413361,0.12136841,1.118346427605364,0,0,0
2016-12-17 19:00:00,1290.7502,26.767633056640648,0.01942127,0.014560699,12.3936931014378,25.002008056640648,0.01804035,0.06500244,4.036944900949328,23.525445556640648,0.01753681,0.13110352,1.1052879482192408,0,0,0
2016-12-17 20:00:00,1255.2179,26.503686523437523,0.019321643,0.014854431,12.781311309592793,24.691186523437523,0.01796361,0.06719971,3.9763480797537194,23.245874023437523,0.017025195,0.1296997,1.306997131157713,0,0,0
2016-12-17 21:00:00,1216.3618,26.313989257812523,0.01919946,0.013309479,12.429665083849994,24.423364257812523,0.017871946,0.06430054,3.782980762695964,23.056176757812523,0.016910642,0.12185669,1.3347897307217815,0,0,0
2016-12-17 22:00:00,1152.5842,26.150231933593773,0.019046348,0.010784149,12.465106908016132,24.181481933593773,0.017787497,0.05885315,3.678351497239443,22.876794433593773,0.01686434,0.11975098,1.267575287191215,0,0,0
2016-12-17 23:00:00,1102.7222000000002,25.981896972656276,0.018939627,0.0074043274,12.765205328216746,23.958459472656276,0.017680777,0.056793213,3.683895470083696,22.653771972656276,0.016780509,0.12454224,1.3071686667322002,0,0,0
2016-12-18 00:00:00,1034.3008,25.797448730468773,0.018855784,0.0065250397,12.788745915637175,23.781823730468773,0.017581675,0.05293274,3.702806684116159,22.477136230468773,0.01663563,0.13128662,1.4549552343305248,0,0,0
2016-12-18 01:00:00,998.3984,25.623223876953148,0.018741073,0.010723114,12.675585328079483,23.607598876953148,0.01751274,0.057174683,3.705859609181471,22.341973876953148,0.016475143,0.13586426,1.6163183912070511,0,0,0
2016-12-18 02:00:00,968.5269,25.465203857421898,0.018634606,0.015472412,12.654609268649407,23.496453857421898,0.017467309,0.055923462,3.816529127971613,22.254266357421898,0.016353417,0.13574219,1.8656244249199216,0,0,0
2016-12-18 03:00:00,944.5431,25.362084960937523,0.018557774,0.020561218,12.379035319518826,23.283959960937523,0.017375218,0.051086426,4.048017588856146,22.166772460937523,0.016253697,0.13513184,2.130341206878014,0,0,0
2016-12-18 04:00:00,911.7629,25.280938720703148,0.01845791,0.022460938,11.342475817030078,23.070001220703148,0.017260095,0.04902649,4.026677306984324,22.070001220703148,0.016153833,0.13293457,2.226937285351725,0,0,0
2016-12-18 05:00:00,905.1965,25.195458984375023,0.018373976,0.020812988,10.44728527672717,22.882958984375023,0.017145643,0.0466156,3.877454875926973,21.968896484375023,0.016062269,0.1338501,2.226242119476918,0,0,0
2016-12-18 06:00:00,860.6671,25.187585449218773,0.018373417,0.015678406,10.196656834860638,22.757897949218773,0.017038273,0.039108276,3.780543694223344,21.882897949218773,0.015985416,0.13623047,2.1774733390884022,0,0,0
2016-12-18 07:00:00,880.2950999999999,26.281365966796898,0.01893747,0.011756897,12.36357243806969,24.328240966796898,0.017701508,0.036193848,5.874223558779328,22.343865966796898,0.016152741,0.13775635,2.0225785082467094,0,0,0
2016-12-18 08:00:00,951.3564,27.402124023437523,0.019052453,0.018188477,15.883221017787996,26.144311523437523,0.018228479,0.036087036,7.266932090088163,23.581811523437523,0.016214319,0.12860107,1.8456342760596387,0,0,0
2016-12-18 09:00:00,1031.1702,28.225915527343773,0.019029401,0.033111572,17.064498992191133,27.725915527343773,0.018487714,0.034423828,8.524778086886723,25.085290527343773,0.01626756,0.125,1.607987868640459,0,0,0
2016-12-18 10:00:00,1085.8063,28.894067382812523,0.019021004,0.05355835,17.705945429150034,28.886254882812523,0.018471688,0.03617859,8.635964471599934,26.284692382812523,0.01654908,0.12615967,1.1350053375807634,0,0,0
2016-12-18 11:00:00,1141.9925,29.351098632812523,0.01897455,0.070007324,17.9700620784547,29.772973632812523,0.018432863,0.052383423,8.30478250529941,27.194848632812523,0.016372927,0.13519287,0.998970330132826,0,0,0
2016-12-18 12:00:00,1151.2361,29.631127929687523,0.018866725,0.08129883,17.71842215098477,30.256127929687523,0.01868362,0.08276367,7.386442745868155,27.803002929687523,0.01615066,0.15319824,1.1345678874820766,0,0,0
2016-12-18 13:00:00,1152.1991,29.711145019531276,0.01862156,0.08139038,17.332322195833868,30.398645019531276,0.018713113,0.12762451,6.916429753976181,28.031457519531276,0.016134378,0.15844727,1.3158739755952098,0,0,0
2016-12-18 14:00:00,1153.8273,29.761743164062523,0.018536942,0.06564331,16.95443243626397,30.324243164062523,0.018651383,0.15289307,6.74718508199988,27.855493164062523,0.016232865,0.15533447,1.7488268871187964,0,0,0
2016-12-18 15:00:00,1143.4377000000002,29.681024169921898,0.018414497,0.053497314,16.816753235749456,30.009149169921898,0.018612862,0.15447998,6.409854061947041,27.321649169921898,0.016507149,0.14648438,2.1279020957330883,0,0,0
2016-12-18 16:00:00,1123.4938,29.381738281250023,0.01831526,0.028160095,16.551739475078712,29.381738281250023,0.01893324,0.14642334,5.082028375107277,26.592675781250023,0.01691908,0.1211853,2.1927636496723912,0,0,0
2016-12-18 17:00:00,1102.8419,28.580590820312523,0.018773213,0.0096588135,15.376699928651815,28.299340820312523,0.019131795,0.12454224,4.2911069106201,25.564965820312523,0.017483845,0.12908936,2.1221498538899444,0,0,0
2016-12-18 18:00:00,1188.1643,27.397058105468773,0.019207975,0.0038003922,14.00204720924068,26.459558105468773,0.019253751,0.10272217,2.3853784412058765,24.342370605468773,0.01788046,0.13891602,2.047122845968807,0,0,0
2016-12-18 19:00:00,1210.4956,26.797448730468773,0.019200455,0.0017137527,14.981019088245077,25.805261230468773,0.018590104,0.08673096,2.699966954982719,23.609948730468773,0.017468583,0.13494873,2.157031390374223,0,0,0
2016-12-18 20:00:00,1187.5566,26.431359863281276,0.019116767,0.0007226467,15.148497282227964,25.275109863281276,0.018346198,0.067596436,3.117721062220113,23.181359863281276,0.017346747,0.13684082,2.1809351543562028,0,0,0
2016-12-18 21:00:00,1174.3162,26.164270019531276,0.018963533,0.00032937527,14.890494326551504,24.773645019531276,0.01811667,0.049591064,3.418413182601132,22.914270019531276,0.017285066,0.13378906,2.2211750328280617,0,0,0
2016-12-18 22:00:00,1141.1816,25.944543457031276,0.018802823,0.0005083084,15.059390512724814,24.296105957031276,0.017894926,0.033615112,3.749035573921324,22.741418457031276,0.017139615,0.12677002,2.164969109629799,0,0,0
2016-12-18 23:00:00,1072.683,25.775842285156276,0.018657424,0.0020198822,15.342108551297787,23.861779785156276,0.017680861,0.0260849,4.035057732264802,22.588342285156276,0.016925551,0.118896484,2.0042612504218678,0,0,0
2016-12-19 00:00:00,1031.577,25.6596618652344,0.018535113,0.0044612885,15.92574865476797,23.4721618652344,0.017474627,0.021003723,4.314779677529189,22.4877868652344,0.0166888,0.11508179,1.9039932337548535,0,0,0
2016-12-19 01:00:00,985.6025,25.594354248046898,0.018466434,0.006702423,16.77648514428415,23.172479248046898,0.017291507,0.020332336,4.691866807525218,22.336541748046898,0.016475162,0.110961914,1.9330513488177536,0,0,0
2016-12-19 02:00:00,952.5889,25.539422607421898,0.018557485,0.009506226,16.8418840100161,22.875360107421898,0.01710027,0.021781921,5.068136510634821,22.180047607421898,0.016299184,0.10983276,2.005624199353252,0,0,0
2016-12-19 03:00:00,918.3495,25.5353942871094,0.01862582,0.017318726,17.04118197895164,22.6213317871094,0.016916836,0.022842407,5.461743796095662,22.0588317871094,0.016146267,0.11303711,2.1040523666711186,0,0,0
2016-12-19 04:00:00,919.8547,25.499108886718773,0.018656187,0.031570435,16.264732729489246,22.413171386718773,0.016756468,0.024032593,5.430909860581128,21.967858886718773,0.015985899,0.11856079,2.1022022824868496,0,0,0
2016-12-19 05:00:00,920.8001,25.444665527343773,0.018770253,0.036697388,15.114198105589328,22.241540527343773,0.016611135,0.025550842,5.155302059081847,21.921228027343773,0.015855825,0.12585449,2.11061243000981,0,0,0
2016-12-19 06:00:00,938.4452,25.419396972656276,0.018868871,0.033828735,14.619628389282768,22.200646972656276,0.016519018,0.024620056,5.0184911164701775,21.919396972656276,0.015786596,0.12976074,2.1433179080678992,0,0,0
2016-12-19 07:00:00,1105.1398,26.295007324218773,0.019280406,0.028808594,17.304951906134637,23.779382324218773,0.017060252,0.024131775,7.599631104802204,22.427819824218773,0.015969248,0.12713623,2.349049480443258,0,0,0
2016-12-19 08:00:00,1283.0742,27.331140136718773,0.019257147,0.043258667,21.642879649019747,25.713952636718773,0.017777044,0.029769897,9.378487656930684,23.628015136718773,0.016174871,0.11437988,2.960750130635743,0,0,0
2016-12-19 09:00:00,1381.2206,28.1718688964844,0.019096758,0.043884277,23.343553039455227,27.4687438964844,0.018341448,0.033599854,11.6585599174231,25.0781188964844,0.016334917,0.12005615,3.301239383482554,0,0,0
2016-12-19 10:00:00,1455.7579999999998,28.8767028808594,0.019005174,0.05329895,24.212718616418343,28.6735778808594,0.018608445,0.03778076,12.716521526689975,26.2985778808594,0.016510362,0.13122559,3.05910412969622,0,0,0
2016-12-19 11:00:00,1494.6971999999998,29.401635742187523,0.018974615,0.062301636,24.74758888291096,29.526635742187523,0.018760992,0.04257202,13.125652676294273,27.042260742187523,0.016998602,0.13378906,2.361986267909121,0,0,0
2016-12-19 12:00:00,1487.7195,29.653771972656276,0.018867694,0.07095337,24.51473924367842,30.060021972656276,0.018936358,0.04827881,12.615121650245325,27.497521972656276,0.017006122,0.1338501,2.0242077231244853,0,0,0
2016-12-19 13:00:00,1505.4326,29.821191406250023,0.01883705,0.09939575,24.09474162751449,30.305566406250023,0.019020155,0.06686401,11.807694334958562,27.602441406250023,0.01694496,0.12982178,1.9182668021579987,0,0,0
2016-12-19 14:00:00,1520.2136,29.7187438964844,0.018714845,0.09817505,23.90375687827141,30.2187438964844,0.01891321,0.11791992,11.305597360477954,27.4062438964844,0.016876161,0.11343384,2.1112177009889908,0,0,0
2016-12-19 15:00:00,1487.2811,29.441705322265648,0.01863085,0.09814453,24.16444634000426,29.816705322265648,0.018928396,0.10571289,10.980248067586288,26.957330322265648,0.016815053,0.08502197,2.7261937807522787,0,0,0
2016-12-19 16:00:00,1426.8026,28.726892089843773,0.01855454,0.08300781,24.33250186422794,29.023767089843773,0.019103857,0.07925415,10.32260540033264,26.133142089843773,0.016883703,0.07577515,3.310559267814193,0,0,0
2016-12-19 17:00:00,1300.4762,27.765283203125023,0.018623209,0.05039978,23.61490611655178,27.687158203125023,0.019203043,0.08404541,8.650741642375802,25.062158203125023,0.016914224,0.09686279,3.387464775099376,0,0,0
2016-12-19 18:00:00,1326.6857,26.7900329589844,0.018760588,0.022491455,21.70503712216612,25.9931579589844,0.018569853,0.086120605,7.620226467101362,23.9384704589844,0.016700651,0.11279297,3.670868930073945,0,0,0
2016-12-19 19:00:00,1359.8673,26.400292968750023,0.018714802,0.013694763,22.15145626748968,25.275292968750023,0.018096821,0.07489014,8.225729374880947,23.322167968750023,0.01634969,0.11151123,4.287741776035944,0,0,0
2016-12-19 20:00:00,1326.7833,26.1723571777344,0.018409526,0.011405945,23.245350782636358,24.7973571777344,0.017837321,0.06976318,8.10076786216375,23.0551696777344,0.015991008,0.11425781,4.203956974321141,0,0,0
2016-12-19 21:00:00,1278.7327,25.977807617187523,0.018256802,0.010543823,23.28577396796399,24.430932617187523,0.017608304,0.066986084,7.837470738114483,22.930932617187523,0.01589169,0.11035156,3.690686732332261,0,0,0
2016-12-19 22:00:00,1230.252,25.773706054687523,0.0182794,0.0124053955,21.716549194361725,24.133081054687523,0.01738676,0.06539917,7.476362378542335,22.820581054687523,0.015815105,0.13287354,3.28680949918914,0,0,0
2016-12-19 23:00:00,1156.8457,25.683801269531276,0.018225567,0.010719299,21.43031570921167,23.840051269531276,0.017172711,0.055862427,7.052758655152405,22.621301269531276,0.015768902,0.14813232,3.1579824395298504,0,0,0
2016-12-20 00:00:00,1093.3669,25.656945800781276,0.018103246,0.008430481,21.573550242562288,23.547570800781276,0.016943578,0.04586792,6.844946477108137,22.446008300781276,0.015761022,0.15661621,3.2322271762077186,0,0,0
2016-12-20 01:00:00,1040.9749,25.601892089843773,0.01805782,0.015037537,20.949173678396413,23.133142089843773,0.016745564,0.041641235,6.405879970377626,22.305017089843773,0.01577663,0.16210938,3.3848082119859453,0,0,0
2016-12-20 02:00:00,997.1502,25.556054687500023,0.018127136,0.030403137,20.192512393525856,22.766992187500023,0.01657074,0.037094116,6.283559382628181,22.220117187500023,0.01581543,0.16955566,3.4825765989359168,0,0,0
2016-12-20 03:00:00,969.1594,25.381799316406276,0.018264689,0.054885864,18.067060596258244,22.545861816406276,0.016441263,0.0320282,6.4596416534617225,22.225549316406276,0.01586143,0.1743164,3.545576006602793,0,0,0
2016-12-20 04:00:00,969.7061,25.259912109375023,0.018264104,0.068878174,17.090964248981418,22.392724609375023,0.016379643,0.03413391,6.521081392325171,22.244287109375023,0.015891362,0.1762085,3.581447096588761,0,0,0
2016-12-20 05:00:00,953.7868,25.165856933593773,0.018255744,0.071014404,16.644548255609127,22.275231933593773,0.016340766,0.040512085,6.5261506217107685,22.228356933593773,0.015875373,0.17443848,3.591067676795604,0,0,0
2016-12-20 06:00:00,970.213,25.178247070312523,0.018247692,0.070251465,17.13165036456988,22.256372070312523,0.01637086,0.040786743,6.46027494453671,22.162622070312523,0.015821544,0.16802979,3.5957951665615706,0,0,0
2016-12-20 07:00:00,1102.2968,26.053796386718773,0.01849909,0.065216064,20.831418766193053,23.920983886718773,0.017049504,0.04093933,9.018581358667248,22.569421386718773,0.015996648,0.15777588,3.6115914413323695,0,0,0
2016-12-20 08:00:00,1288.4019999999998,27.077111816406276,0.01813264,0.07043457,27.172668401926497,25.842736816406276,0.01788087,0.03994751,10.442147227496037,23.616174316406276,0.016072704,0.14880371,3.63285498022038,0,0,0
2016-12-20 09:00:00,1361.5114,27.831140136718773,0.017773874,0.06561279,29.72989440098552,27.565515136718773,0.018414743,0.057617188,12.303475554154195,24.831140136718773,0.016080149,0.15332031,3.4213304060162546,0,0,0
2016-12-20 10:00:00,1438.3855,28.377404785156276,0.017697431,0.057144165,29.994247739540626,28.721154785156276,0.018536665,0.11038208,12.933508481153908,26.018029785156276,0.016217329,0.15966797,2.8581651523221345,0,0,0
2016-12-20 11:00:00,1467.4962,28.805200195312523,0.01772038,0.074035645,29.29501606602382,29.445825195312523,0.01848332,0.1430664,13.208538588283853,26.852075195312523,0.016530195,0.17736816,1.8139649830711588,0,0,0
2016-12-20 12:00:00,1466.6463,29.019311523437523,0.01771302,0.09954834,28.04268687175508,29.816186523437523,0.018437812,0.1585083,13.041158693473497,27.284936523437523,0.016774604,0.19604492,1.2938172447309606,0,0,0
2016-12-20 13:00:00,1492.3728,29.069116210937523,0.017621757,0.1133728,26.701698403506768,29.897241210937523,0.018316032,0.14776611,12.81812447407806,27.319116210937523,0.016782524,0.19854736,1.165830669206889,0,0,0
2016-12-20 14:00:00,1497.5935,29.045373535156276,0.017514853,0.10397339,25.75789204662421,29.732873535156276,0.01805654,0.11010742,12.63352598649001,27.107873535156276,0.01666799,0.1675415,1.2815470337230976,0,0,0
2016-12-20 15:00:00,1465.0776,28.865563964843773,0.017399827,0.07330322,25.33599300410202,29.318688964843773,0.01785759,0.074798584,12.148984739483184,26.631188964843773,0.016446153,0.1348877,1.5110334182479763,0,0,0
2016-12-20 16:00:00,1388.9459,28.328027343750023,0.01734644,0.039489746,24.66497157415565,28.562402343750023,0.017895756,0.05630493,10.679389590703645,25.859277343750023,0.016232548,0.11123657,1.642388606801259,0,0,0
2016-12-20 17:00:00,1284.5371,27.378564453125023,0.017483883,0.018981934,22.44404847369673,27.175439453125023,0.018208675,0.056533813,7.736598712645172,24.753564453125023,0.01639288,0.115448,1.587498913411647,0,0,0
2016-12-20 18:00:00,1345.3103999999998,26.332116699218773,0.017758384,0.008201599,18.784079453893284,25.175866699218773,0.01781942,0.059417725,5.383825014334432,23.535241699218773,0.016354576,0.1270752,1.659815209398408,0,0,0
2016-12-20 19:00:00,1363.2859,25.947412109375023,0.017796269,0.0089530945,17.222496092119354,24.384912109375023,0.01739954,0.058166504,5.101233052807686,22.884912109375023,0.016125431,0.11502075,2.0034489159979514,0,0,0
2016-12-20 20:00:00,1328.4873,25.773156738281276,0.017719787,0.014907837,15.823449688945638,23.804406738281276,0.017101806,0.055389404,4.678860703222909,22.491906738281276,0.016026061,0.10977173,2.097582822398944,0,0,0
2016-12-20 21:00:00,1268.9194,25.641198730468773,0.017704299,0.028907776,14.187027542381148,23.359948730468773,0.016781142,0.04751587,4.502174595877681,22.203698730468773,0.01592665,0.10964966,2.0072709275662137,0,0,0
2016-12-20 22:00:00,1214.5868,25.528588867187523,0.017780343,0.03605652,12.966450020778913,23.005151367187523,0.01655201,0.03579712,4.517490746510269,21.973901367187523,0.01581196,0.11175537,1.9424864093201983,0,0,0
2016-12-20 23:00:00,1146.0877,25.406518554687523,0.017894588,0.036499023,11.80024545705214,22.664331054687523,0.016406856,0.025482178,4.455125411609251,21.758081054687523,0.015659176,0.11477661,1.9291523698753497,0,0,0
2016-12-21 00:00:00,1069.6265,25.264093017578148,0.01791779,0.03807068,10.871526186995158,22.373468017578148,0.01626984,0.01750946,4.4488449440686,21.553155517578148,0.0155069,0.109375,1.9397120442964773,0,0,0
2016-12-21 01:00:00,1033.5730999999998,25.117974853515648,0.017834384,0.0471344,10.28947705244029,22.094537353515648,0.016140658,0.012954712,4.536050227568331,21.344537353515648,0.015343387,0.10336304,2.004360685520426,0,0,0
2016-12-21 02:00:00,999.3128,24.945428466796898,0.01773576,0.05290222,10.084056008243538,21.851678466796898,0.016003888,0.012268066,4.610293162823832,21.140740966796898,0.01516084,0.095825195,2.118646767726083,0,0,0
2016-12-21 03:00:00,966.6157,24.789636230468773,0.01764447,0.06283569,10.195633750326696,21.649011230468773,0.015874451,0.014644623,4.537414783276577,20.969323730468773,0.015004699,0.092926025,2.228425936285756,0,0,0
2016-12-21 04:00:00,967.5224,24.704797363281276,0.017605782,0.07199097,10.158761460814237,21.501672363281276,0.01574421,0.019104004,4.293006039597204,20.829797363281276,0.014878273,0.094451904,2.390455190574109,0,0,0
2016-12-21 05:00:00,985.5251,24.649987792968773,0.017559271,0.07763672,9.969060072904698,21.415612792968773,0.01562522,0.023223877,3.9940938882121935,20.665612792968773,0.014774543,0.10165405,2.5877200157500293,0,0,0
2016-12-21 06:00:00,990.8484,24.6821228027344,0.017566752,0.082214355,9.589869136613546,21.4477478027344,0.015556407,0.024963379,3.74591926558176,20.5336853027344,0.014671397,0.109802246,2.66605110295762,0,0,0
2016-12-21 07:00:00,1107.008,25.844567871093773,0.0180627,0.09259033,11.461416305182494,23.469567871093773,0.016460527,0.024139404,4.962971372341562,21.094567871093773,0.014934648,0.11929321,2.561161616575114,0,0,0
2016-12-21 08:00:00,1265.2298,26.879998779296898,0.017986463,0.121520996,14.51159210913786,25.504998779296898,0.017055677,0.025032043,5.643379214453861,22.528436279296898,0.015407728,0.13861084,2.354864178403702,0,0,0
2016-12-21 09:00:00,1349.553,27.415429687500023,0.017894965,0.14715576,15.998507372851371,27.306054687500023,0.017498236,0.029075623,6.616306543359052,24.399804687500023,0.015758734,0.14978027,1.9170484646325772,0,0,0
2016-12-21 10:00:00,1423.0929,27.9641052246094,0.017902749,0.1630249,16.743957504575764,28.4797302246094,0.017811196,0.052947998,6.31273763983578,25.9328552246094,0.015888589,0.19732666,1.3847877825644317,0,0,0
2016-12-21 11:00:00,1460.0425,28.469018554687523,0.017864585,0.16314697,17.22195856845538,29.344018554687523,0.01792562,0.10797119,5.8554399286315375,26.750268554687523,0.016231894,0.21203613,0.4358869815595792,0,0,0
2016-12-21 12:00:00,1465.5105,28.891198730468773,0.017841602,0.16687012,17.318933628723588,29.844323730468773,0.017833972,0.16125488,5.357740987465663,27.250573730468773,0.016147876,0.2210083,0.3544299450921594,0,0,0
2016-12-21 13:00:00,1470.7491,29.145898437500023,0.017734757,0.16320801,17.38953790192203,30.099023437500023,0.017734757,0.20263672,4.938069201145599,27.333398437500023,0.016025772,0.22741699,0.7670392458404341,0,0,0
2016-12-21 14:00:00,1482.1963,29.232843017578148,0.017521206,0.1541748,17.398508100019534,30.076593017578148,0.017658535,0.2388916,4.730312303874608,27.154718017578148,0.01608688,0.25756836,1.2825781065597015,0,0,0
2016-12-21 15:00:00,1439.3392,29.142297363281276,0.017307425,0.11639404,17.242590598340847,29.798547363281276,0.017810965,0.2232666,4.180554695650325,26.486047363281276,0.01636138,0.26257324,1.6909633763225742,0,0,0
2016-12-21 16:00:00,1372.3717,28.852197265625023,0.017223353,0.08963013,17.181707147016557,29.117822265625023,0.01839828,0.26171875,2.651578148979446,25.680322265625023,0.016704554,0.2779541,1.7504442373185531,0,0,0
2016-12-21 17:00:00,1274.4734,28.001885986328148,0.017688679,0.063323975,15.731283871201615,27.830010986328148,0.018405842,0.26733398,2.5764737587585738,24.751885986328148,0.017276691,0.2841797,1.637475112551195,0,0,0
2016-12-21 18:00:00,1317.5093,26.889916992187523,0.018253252,0.041427612,13.155363525100288,26.296166992187523,0.01864998,0.2626953,1.7403207653450112,23.905541992187523,0.01726906,0.29541016,1.6207948737333595,0,0,0
2016-12-21 19:00:00,1334.2374,26.320733642578148,0.018337293,0.034561157,12.502303962474963,25.633233642578148,0.018177075,0.24761963,2.5665471119305,23.289483642578148,0.017055554,0.27868652,1.4481006045338451,0,0,0
2016-12-21 20:00:00,1258.4652,25.972253417968773,0.018299393,0.03288269,11.921893366528284,25.003503417968773,0.017902665,0.22338867,3.010870873704373,22.784753417968773,0.016788773,0.24621582,1.5907757595841654,0,0,0
2016-12-21 21:00:00,1213.8536,25.719903564453148,0.01823105,0.031661987,11.32458830836706,24.469903564453148,0.017758027,0.1776123,3.2791064034288264,22.430841064453148,0.016605988,0.21166992,1.7518788769148663,0,0,0
2016-12-21 22:00:00,1169.9784000000002,25.513848876953148,0.018139835,0.037017822,11.000676567772114,24.029473876953148,0.017521854,0.13104248,3.7217656424572856,22.232598876953148,0.016430851,0.1831665,2.005310466064449,0,0,0
2016-12-21 23:00:00,1102.375,25.325524902343773,0.018071368,0.047927856,10.801766823251937,23.638024902343773,0.0173008,0.10153198,4.021721534201906,22.091149902343773,0.01628609,0.17028809,2.190428170192157,0,0,0
2016-12-22 00:00:00,1033.2259,25.216394042968773,0.018010465,0.06933594,10.7744110229676,23.286706542968773,0.017110197,0.08886719,4.115559765552906,21.950769042968773,0.016133634,0.16796875,2.213800326205564,0,0,0
2016-12-22 01:00:00,982.7508,25.202752685546898,0.017972581,0.09814453,11.17398697530637,23.015252685546898,0.016950242,0.07354736,4.192056664790035,21.812127685546898,0.01598131,0.17138672,2.274754552910208,0,0,0
2016-12-22 02:00:00,937.9158,25.203668212890648,0.017927166,0.14129639,11.454621114604812,22.805230712890648,0.01685905,0.05708313,4.283183306479885,21.688043212890648,0.015829083,0.16906738,2.378729199365148,0,0,0
2016-12-22 03:00:00,927.8297,25.178857421875023,0.017889258,0.16168213,11.846414240815246,22.655419921875023,0.016798254,0.047027588,4.413637391811623,21.631982421875023,0.015730139,0.16906738,2.385811535221265,0,0,0
2016-12-22 04:00:00,932.9126,25.110040283203148,0.017881585,0.16564941,11.777025765296807,22.570977783203148,0.016760064,0.046875,4.373461521487487,21.656915283203148,0.01567669,0.17382812,2.1430223503460346,0,0,0
2016-12-22 05:00:00,937.9617,25.017907714843773,0.017873805,0.17974854,11.17450296205494,22.494470214843773,0.016714137,0.049865723,4.3022039886378085,21.721032714843773,0.01566891,0.17193604,1.8089136553412832,0,0,0
2016-12-22 06:00:00,945.5204,24.976831054687523,0.01787376,0.17614746,10.411780888705549,22.531518554687523,0.016729351,0.061569214,4.346078808813831,21.781518554687523,0.015638348,0.18457031,1.5354160770361645,0,0,0
2016-12-22 07:00:00,1049.506,25.943383789062523,0.018316235,0.17315674,11.939564573696677,24.209008789062523,0.017423596,0.07406616,6.828968311320641,22.224633789062523,0.015935864,0.18762207,1.506170180489112,0,0,0
2016-12-22 08:00:00,1212.1017,26.726892089843773,0.018232256,0.2006836,14.339572863741472,25.945642089843773,0.017972857,0.10153198,8.449148453461039,23.226892089843773,0.016141802,0.19696045,2.083755861032684,0,0,0
2016-12-22 09:00:00,1319.0885,27.224694824218773,0.018033687,0.2364502,15.532911324942136,27.396569824218773,0.018056575,0.12258911,10.427844530814502,24.591882324218773,0.016004268,0.20465088,2.5667671179828067,0,0,0
2016-12-22 10:00:00,1392.0730999999998,27.673730468750023,0.01793428,0.25061035,15.528512043312356,28.392480468750023,0.01791902,0.14746094,10.792270755626182,25.814355468750023,0.015737014,0.20123291,2.3682822447556564,0,0,0
2016-12-22 11:00:00,1439.0565,28.035913085937523,0.01778165,0.24188232,14.905315510949675,29.176538085937523,0.017804539,0.16326904,10.457047943113311,26.567163085937523,0.015721714,0.19232178,1.536012518477836,0,0,0
2016-12-22 12:00:00,1382.8106,28.313500976562523,0.017659623,0.23187256,13.987199369988986,29.657250976562523,0.017674882,0.22277832,9.86226934010957,26.938500976562523,0.015904862,0.18890381,0.975448747216244,0,0,0
2016-12-22 13:00:00,1382.8885,28.461694335937523,0.01746906,0.21600342,13.125828761501865,29.774194335937523,0.017636906,0.25012207,9.239228045926971,27.039819335937523,0.01595081,0.1864624,0.7096899257804906,0,0,0
2016-12-22 14:00:00,1375.1192,28.472497558593773,0.01721751,0.19256592,12.327788582624647,29.659997558593773,0.017766826,0.2611084,8.736386836447586,26.894372558593773,0.015836589,0.18237305,0.42049874890841,0,0,0
2016-12-22 15:00:00,1326.2998,28.369775390625023,0.0169354,0.16174316,11.688007135659298,29.182275390625023,0.01783567,0.2442627,8.09200960867175,26.432275390625023,0.015890174,0.17199707,0.3193229896650271,0,0,0
2016-12-22 16:00:00,1275.8215,28.138269042968773,0.016721757,0.11932373,11.955882896454792,28.575769042968773,0.018003495,0.21264648,7.422812815955148,25.732019042968773,0.016134294,0.15264893,0.1028141519702212,0,0,0
2016-12-22 17:00:00,1203.0772000000002,27.588525390625023,0.01694296,0.0703125,11.656065158554526,27.432275390625023,0.018171292,0.16900635,5.731299606657674,24.744775390625023,0.016576748,0.16314697,0.3774757178183222,0,0,0
2016-12-22 18:00:00,1260.0249,26.660119628906276,0.017652474,0.039642334,9.606612086126692,25.628869628906276,0.018140756,0.12554932,3.791156174944824,23.535119628906276,0.016775094,0.16809082,0.5251488747003653,0,0,0
2016-12-22 19:00:00,1277.86,26.1957946777344,0.017644808,0.02180481,9.56461851102032,24.9145446777344,0.017835543,0.10202026,3.663543984625095,22.8676696777344,0.01634781,0.14788818,1.020549013611136,0,0,0
2016-12-22 20:00:00,1256.0715,25.846002197265648,0.017522676,0.01190567,9.581510715707353,24.392877197265648,0.01759134,0.088409424,3.533406338897165,22.478814697265648,0.016103609,0.116485596,1.4080087726032542,0,0,0
2016-12-22 21:00:00,1202.5138,25.568688964843773,0.017377788,0.0073108673,9.436780347859129,23.935876464843773,0.017324382,0.07397461,3.317161490239123,22.217126464843773,0.015912944,0.09329224,1.6667254371612623,0,0,0
2016-12-22 22:00:00,1124.7539,25.358178710937523,0.017263649,0.007429123,9.756688837204967,23.576928710937523,0.017111061,0.06567383,3.279274717600285,21.990991210937523,0.015775917,0.0921936,1.9844603488619883,0,0,0
2016-12-22 23:00:00,1064.9421,25.176477050781276,0.017187927,0.011066437,10.269547423258944,23.270227050781276,0.016959045,0.06613159,3.3335943150078435,21.778039550781276,0.015654419,0.099365234,2.3867986957253047,0,0,0
2016-12-23 00:00:00,1007.4571,25.010461425781276,0.017127817,0.012264252,10.657435548226394,23.010461425781276,0.016799754,0.06906128,3.3575087291408066,21.549523925781276,0.0155142015,0.09158325,2.753696597945567,0,0,0
2016-12-23 01:00:00,965.6308,24.851892089843773,0.017052632,0.012832642,10.927998970489678,22.789392089843773,0.016625386,0.060409546,3.458922119269651,21.312829589843773,0.015389424,0.07333374,2.9936736445554986,0,0,0
2016-12-23 02:00:00,940.3455,24.696740722656276,0.016954176,0.0119895935,11.061284299097416,22.587365722656276,0.016443007,0.04522705,3.46024642761368,21.095178222656276,0.01526045,0.053848267,3.206189285506561,0,0,0
2016-12-23 03:00:00,922.8732,24.575463867187523,0.016870508,0.010158539,11.22111391627287,22.528588867187523,0.016328821,0.031661987,3.580710229590076,20.911401367187523,0.015165338,0.04798889,3.487153780579572,0,0,0
2016-12-23 04:00:00,912.1659,24.455224609375023,0.01676398,0.009975433,10.682103193837758,22.869287109375023,0.016351992,0.019607544,3.0940620958524283,20.783349609375023,0.015119845,0.14630127,3.851632735596611,0,0,0
2016-12-23 05:00:00,924.1141,24.344445800781276,0.016649667,0.010787964,9.655986466746736,22.571008300781276,0.016283456,0.1517334,3.707248649694161,20.742883300781276,0.015154307,0.14318848,4.207539854625905,0,0,0
2016-12-23 06:00:00,942.3157,24.324792480468773,0.016618654,0.008895874,8.898696220997419,22.949792480468773,0.016740724,0.29003906,4.114172454535266,20.801354980468773,0.015336915,0.1796875,4.433734374920845,0,0,0
2016-12-23 07:00:00,1038.7491,25.484155273437523,0.017190969,0.007631302,9.84726876282974,23.820092773437523,0.01742748,0.35864258,5.46440663179878,21.187280273437523,0.015703237,0.2310791,4.723593638795725,0,0,0
2016-12-23 08:00:00,1198.0868,26.456933593750023,0.01708354,0.028770447,11.25751049348773,24.535058593750023,0.01796092,0.41479492,6.185617306124321,21.980371093750023,0.016267195,0.23144531,4.894277031241573,0,0,0
2016-12-23 09:00:00,1304.3072000000002,26.977990722656276,0.017114833,0.04547119,10.78558455664391,25.649865722656276,0.018381312,0.46325684,4.699777750076696,23.149865722656276,0.016885951,0.21209717,5.114486797014768,0,0,0
2016-12-23 10:00:00,1385.0429,27.546319580078148,0.017191514,0.04333496,9.993372307774145,26.811944580078148,0.018618211,0.4534912,3.046104958281989,24.499444580078148,0.01700078,0.20770264,5.116705349870181,0,0,0
2016-12-23 11:00:00,1416.9534,28.094873046875023,0.017313575,0.05050659,9.101155997829409,27.047998046875023,0.01814518,0.39978027,2.7508322271440933,25.571435546875023,0.0166193,0.2411499,4.746026692234602,0,0,0
2016-12-23 12:00:00,1406.6982,28.516870117187523,0.017344113,0.054733276,8.01264541660653,27.438745117187523,0.018183347,0.3609619,2.8329653059602,26.063745117187523,0.016520139,0.26965332,4.458179677769406,0,0,0
2016-12-23 13:00:00,1394.0025,28.805474853515648,0.017221292,0.057174683,7.213773808642454,27.758599853515648,0.018098673,0.36791992,3.0840736404265665,26.274224853515648,0.016527018,0.2803955,4.276954685858584,0,0,0
2016-12-23 14:00:00,1366.4921,28.924188232421898,0.017044898,0.07019043,7.03513325384047,27.861688232421898,0.018105384,0.36901855,3.02354978840812,26.096063232421898,0.016663428,0.2800293,4.248594630633667,0,0,0
2016-12-23 15:00:00,1338.1258,28.877221679687523,0.016830916,0.0748291,7.8020935036797106,27.736596679687523,0.01816606,0.36828613,2.8656562728589807,25.752221679687523,0.016853804,0.28015137,4.292607997631007,0,0,0
2016-12-23 16:00:00,1238.3122,28.642388916015648,0.016709207,0.0625,9.78751041806423,27.361138916015648,0.018288491,0.36120605,2.357175357953716,25.236138916015648,0.017029641,0.2833252,4.124879980942201,0,0,0
2016-12-23 17:00:00,1180.537,28.014611816406276,0.017029688,0.044387817,11.147088379738593,26.670861816406276,0.018662378,0.35217285,1.616837870079722,24.483361816406276,0.01737301,0.2709961,3.739916603872131,0,0,0
2016-12-23 18:00:00,1254.2797,27.104302978515648,0.017883979,0.024978638,10.402528829500255,25.541802978515648,0.01850959,0.32836914,1.1526634734843848,23.666802978515648,0.017655097,0.2796631,3.1900529219683014,0,0,0
2016-12-23 19:00:00,1269.5058,26.601739501953148,0.017929144,0.01752472,11.217446553370976,25.132989501953148,0.018127508,0.29333496,0.6435043796910451,23.234552001953148,0.017494269,0.2689209,2.8338837960270644,0,0,0
2016-12-23 20:00:00,1239.8572,26.236657714843773,0.01784479,0.014144897,12.092457632164496,24.736657714843773,0.017882938,0.26220703,0.4839626057973071,22.963220214843773,0.01735651,0.26940918,2.4777425656099843,0,0,0
2016-12-23 21:00:00,1207.9592,25.943688964843773,0.017745385,0.010890961,12.654213703374998,24.295251464843773,0.017569909,0.24206543,0.4917300305377177,22.795251464843773,0.017226586,0.2779541,2.188971376666724,0,0,0
2016-12-23 22:00:00,1143.5593,25.691766357421898,0.01766894,0.0076293945,12.573319606861162,23.824578857421898,0.017317988,0.22064209,0.5705686234475599,22.668328857421898,0.017096736,0.2791748,2.1005021823162537,0,0,0
2016-12-23 23:00:00,1067.5105999999998,25.468286132812523,0.017607903,0.007200241,12.097440843053208,23.374536132812523,0.017096734,0.19372559,0.8319687983755698,22.522973632812523,0.016936516,0.27075195,2.1874362761888824,0,0,0
2016-12-24 00:00:00,1004.7836,25.297326660156276,0.017562203,0.0099487305,11.692399534683297,23.023889160156276,0.016883187,0.1675415,1.240050522521036,22.336389160156276,0.0167306,0.2498169,2.123680040263599,20,1,0
2016-12-24 01:00:00,961.0579,25.1569763183594,0.017592432,0.014221191,11.449665241261986,22.7819763183594,0.016699793,0.13519287,1.911242015215684,22.1335388183594,0.016501429,0.2244873,2.104464162688619,20,1,0
2016-12-24 02:00:00,928.2662,25.025689697265648,0.01762261,0.024757385,11.269663723224856,22.580377197265648,0.016554495,0.11721802,2.620133335491728,21.861627197265648,0.01624932,0.19616699,2.1392672009602944,20,1,0
2016-12-24 03:00:00,910.37,24.942712402343773,0.017660446,0.037353516,10.926092495622596,22.388024902343773,0.016416855,0.102874756,3.1870289533034266,21.583337402343773,0.015997238,0.16778564,2.186923276897675,20,1,0
2016-12-24 04:00:00,898.9409,24.939752197265648,0.01759157,0.046951294,10.71680488398416,22.205377197265648,0.016286943,0.08666992,3.463946155457785,21.369439697265648,0.015760515,0.13745117,2.2562057554181223,20,1,0
2016-12-24 05:00:00,905.7008,24.955010986328148,0.017568579,0.056045532,10.262831985735303,22.048760986328148,0.016126623,0.07244873,3.522824110954247,21.181573486328148,0.015546788,0.106933594,2.239421045381988,20,1,0
2016-12-24 06:00:00,893.7597000000001,25.019616699218773,0.0176296,0.06314087,9.961072264713362,21.949304199218773,0.01598928,0.05227661,3.4913904455599303,21.089929199218773,0.01540563,0.086120605,2.1562001230856747,20,1,0
2016-12-24 07:00:00,945.9415,26.029595947265648,0.018087372,0.06869507,12.22150387065158,23.584283447265648,0.016889557,0.047454834,5.488183398260253,21.615533447265648,0.01584433,0.07965088,2.076308079411893,20,1,0
2016-12-24 08:00:00,1060.3049,26.930261230468773,0.01811783,0.09988403,15.2879902995751,25.117761230468773,0.017385408,0.05053711,6.025189215510384,22.484948730468773,0.016279146,0.08694458,1.9675608613175315,20,1,0
2016-12-24 09:00:00,1159.3886,27.579064941406276,0.018239817,0.12719727,16.457087113081666,26.704064941406276,0.017492136,0.044891357,6.495257287688946,23.547814941406276,0.016248545,0.07815552,1.611747461859265,20,1,0
2016-12-24 10:00:00,1215.1083999999998,28.214196777343773,0.018384727,0.14990234,16.397468967050695,28.026696777343773,0.01759127,0.04324341,5.6462633993426,25.370446777343773,0.015512259,0.08380127,0.8486276213352175,20,1,0
2016-12-24 11:00:00,1229.386,28.815362548828148,0.01841518,0.15911865,15.865485506945376,29.065362548828148,0.017705645,0.050842285,4.056824084832055,26.596612548828148,0.015447345,0.0970459,0.2841590673300068,20,1,0
2016-12-24 12:00:00,1215.3586,29.300225830078148,0.01837692,0.16033936,15.222100884788528,29.722100830078148,0.017728422,0.087371826,2.177445667784658,27.222100830078148,0.01585159,0.108062744,1.2991474923453528,20,1,0
2016-12-24 13:00:00,1201.796,29.663232421875023,0.01831573,0.16564941,14.372959402123756,29.991357421875023,0.01769012,0.13635254,0.4419093679392694,27.413232421875023,0.016148983,0.13543701,2.109388183552552,20,1,0
2016-12-24 14:00:00,1187.7631,29.792291259765648,0.018285038,0.16711426,13.496421187010196,29.886041259765648,0.01762891,0.1784668,1.3879822769201573,27.245416259765648,0.016392948,0.16345215,2.874676495470974,20,1,0
2016-12-24 15:00:00,1198.1501,29.732141113281276,0.018216232,0.15008545,13.168760718081929,29.700891113281276,0.017644027,0.19744873,2.9218973577123397,26.700891113281276,0.016629318,0.15856934,3.7283126464074297,20,1,0
2016-12-24 16:00:00,1179.4492,29.341943359375023,0.01813224,0.12860107,14.299377598589082,29.076318359375023,0.017659217,0.19006348,3.664508097217685,25.732568359375023,0.017071754,0.14935303,4.273544063599367,20,1,0
2016-12-24 17:00:00,1154.0807000000002,28.498834228515648,0.018513625,0.09237671,14.775293151735656,28.186334228515648,0.018231338,0.19116211,4.023263608859819,24.655084228515648,0.01756758,0.17858887,3.975307251193804,20,1,0
2016-12-24 18:00:00,1227.7596,27.389001464843773,0.019100916,0.058425903,14.031295848338234,26.607751464843773,0.018902551,0.20281982,3.908501528853456,23.670251464843773,0.017704736,0.20770264,3.368348892197372,20,1,0
2016-12-24 19:00:00,1244.5671,26.756127929687523,0.01927626,0.048461914,14.716542305570307,25.740502929687523,0.018864272,0.21234131,3.885357151479071,23.170190429687523,0.017399428,0.22875977,2.7273343228406968,20,1,0
2016-12-24 20:00:00,1211.1528999999998,26.362207031250023,0.019321999,0.05328369,14.724132549855124,25.221582031250023,0.018612465,0.2084961,3.6712714685390986,22.862207031250023,0.01717051,0.22650146,2.042766264295508,20,1,0
2016-12-24 21:00:00,1157.3103,26.141412353515648,0.019283816,0.058761597,14.63040427493536,24.860162353515648,0.018383548,0.17578125,3.5848678968343166,22.657037353515648,0.01696448,0.20050049,1.700973755679441,20,1,0
2016-12-24 22:00:00,1103.1098,25.998376464843773,0.019176966,0.05909729,14.72867642735619,24.529626464843773,0.018131739,0.13311768,3.5036027594449104,22.428063964843773,0.016781336,0.18041992,1.751886262670345,20,1,0
2016-12-24 23:00:00,1055.9683,25.867395019531276,0.019092904,0.04937744,14.47591454971952,24.187707519531276,0.017849313,0.1109314,3.449133959167588,22.281457519531276,0.016651498,0.17260742,1.9588595319162407,20,1,0
2016-12-25 00:00:00,1025.0634,25.741845703125023,0.018978424,0.03678894,13.690270331133055,23.944970703125023,0.017666169,0.10598755,3.5236324944852035,22.109033203125023,0.016529389,0.17468262,2.2081807212158697,21,1,0
2016-12-25 01:00:00,996.6433,25.631921386718773,0.018879391,0.040100098,12.926854645055938,23.710046386718773,0.017528988,0.105773926,3.61862621194476,21.928796386718773,0.016399838,0.17218018,2.424750067425629,21,1,0
2016-12-25 02:00:00,976.5932,25.555261230468773,0.018810555,0.052642822,12.6886192512108,23.555261230468773,0.017399117,0.10482788,3.660408284599826,21.727136230468773,0.016269967,0.16967773,2.631414929292906,21,1,0
2016-12-25 03:00:00,948.7136,25.485070800781276,0.018757012,0.07424927,12.573053701560502,23.477258300781276,0.017284539,0.10040283,3.508669266432748,21.563195800781276,0.0161325,0.1661377,2.711062656118968,21,1,0
2016-12-25 04:00:00,913.4734,25.370568847656276,0.018696006,0.08416748,11.460524460540388,23.472131347656276,0.017200645,0.09301758,3.394453593288759,21.503381347656276,0.016056236,0.15881348,2.7364766912542766,21,1,0
2016-12-25 05:00:00,903.2121,25.250390625000023,0.018635172,0.08041382,9.932997625767165,23.500390625000023,0.01714744,0.09954834,3.423741364149586,21.445703125000023,0.015964884,0.15618896,2.786709448411463,21,1,0
2016-12-25 06:00:00,870.1656,25.228601074218773,0.01863506,0.08016968,9.054906634097431,23.556726074218773,0.01713207,0.107055664,3.535289255580189,21.384851074218773,0.015888479,0.15197754,2.804466584837475,21,1,0
2016-12-25 07:00:00,864.6353,26.184045410156276,0.01900864,0.09197998,11.505852187126424,24.949670410156276,0.018062595,0.104522705,4.370299795416654,22.035607910156276,0.01623917,0.1494751,2.9851113702135343,21,1,0
2016-12-25 08:00:00,915.1757,27.057977294921898,0.01897809,0.121673584,14.595740337041082,26.417352294921898,0.018283814,0.12719727,4.923950193799369,23.276727294921898,0.016666383,0.15759277,3.354705715263248,21,1,0
2016-12-25 09:00:00,943.4096,27.784478759765648,0.018894434,0.1451416,16.12752112263491,27.628228759765648,0.018329859,0.16589355,4.61259043535105,24.815728759765648,0.016605616,0.16156006,3.525487216799149,21,1,0
2016-12-25 10:00:00,968.0778,28.433923339843773,0.018856488,0.1751709,16.035116721175395,28.574548339843773,0.018375836,0.20037842,3.964095579617533,26.293298339843773,0.01643797,0.15924072,3.580639037099588,21,1,0
2016-12-25 11:00:00,974.182,28.964501953125023,0.018833734,0.19488525,15.163934353931108,29.292626953125023,0.018398859,0.21801758,3.6001190881105427,27.277001953125023,0.016476251,0.1776123,3.5538334847223485,21,1,0
2016-12-25 12:00:00,962.2238,29.381036376953148,0.018795634,0.21099854,14.096405122943109,29.896661376953148,0.0184752,0.22894287,4.074625868677521,27.802911376953148,0.01670518,0.2163086,3.548283320394462,21,1,0
2016-12-25 13:00:00,957.8748,29.610559082031276,0.018711677,0.22631836,12.860916440592192,30.188684082031276,0.018475166,0.25732422,5.402887144749682,27.907434082031276,0.016712775,0.24212646,4.25607862757711,21,1,0
2016-12-25 14:00:00,940.4765,29.524743652343773,0.018673293,0.23120117,11.945714557235954,29.743493652343773,0.01858174,0.2803955,7.042353683755488,27.618493652343773,0.016781203,0.2520752,5.014564313589662,21,1,0
2016-12-25 15:00:00,916.2278,29.3185974121094,0.018588983,0.22705078,11.86683374637323,28.8654724121094,0.018817864,0.31933594,8.04268817428897,26.8185974121094,0.017009698,0.2623291,5.325255761250298,21,1,0
2016-12-25 16:00:00,905.6317,28.9162536621094,0.018588834,0.18835449,13.09010807491068,27.9006286621094,0.018970303,0.34521484,8.063952151088445,25.8850036621094,0.017223172,0.2800293,5.09413273970663,21,1,0
2016-12-25 17:00:00,914.5974,28.201867675781276,0.018939927,0.14630127,13.584939999411027,26.889367675781276,0.019267991,0.35229492,7.01127550990673,24.967492675781276,0.017421678,0.27514648,4.56817828774801,21,1,0
2016-12-25 18:00:00,997.6856,27.306512451171898,0.019390209,0.11325073,13.156558060108791,25.900262451171898,0.019397838,0.33239746,5.931933814808132,24.103387451171898,0.017627819,0.26342773,3.94902896776005,21,1,0
2016-12-25 19:00:00,1043.4769,26.790093994140648,0.01948943,0.104766846,13.866519922311417,25.493218994140648,0.019321583,0.2758789,5.601166028153331,23.571343994140648,0.017788075,0.24108887,3.941632810343751,21,1,0
2016-12-25 20:00:00,1059.8533,26.423608398437523,0.019474344,0.09524536,13.927216216171214,25.236108398437523,0.019207316,0.22906494,5.269902232962478,23.212670898437523,0.01777299,0.2109375,4.273490197451307,21,1,0
2016-12-25 21:00:00,1055.3439,26.188775634765648,0.019352216,0.07293701,13.453617984897036,24.970025634765648,0.018986005,0.20092773,5.037105804240931,22.915338134765648,0.017574567,0.18615723,4.555501918838795,21,1,0
2016-12-25 22:00:00,1026.0104,26.012963867187523,0.019207183,0.054107666,13.30852183903378,24.645776367187523,0.018726531,0.18231201,4.824210164545119,22.630151367187523,0.0173685,0.17767334,4.432104356022607,21,1,0
2016-12-25 23:00:00,990.9485,25.870416259765648,0.019069854,0.042388916,13.500725993662602,24.362603759765648,0.018520538,0.16326904,4.646564635922114,22.432916259765648,0.017170135,0.1751709,4.166343811242539,21,1,0
2016-12-26 00:00:00,949.8112,25.763940429687523,0.018940164,0.033081055,13.937596769125246,24.123315429687523,0.018337442,0.13934326,4.6198265503860485,22.318627929687523,0.017032815,0.1762085,3.9961308864087295,21,1,0
2016-12-26 01:00:00,920.3102,25.642602539062523,0.018909661,0.03791809,13.906528739964514,23.939477539062523,0.01816961,0.111694336,4.59664641329974,22.205102539062523,0.01691076,0.17980957,3.927489716864224,21,1,0
2016-12-26 02:00:00,889.4272,25.564569091796898,0.018871576,0.04322815,14.426594970957447,23.783319091796898,0.018009454,0.11029053,4.464404967366479,22.088006591796898,0.01680401,0.18103027,3.890563074561302,21,1,0
2016-12-26 03:00:00,881.9524,25.518823242187523,0.018825853,0.048309326,15.112292630498018,23.628198242187523,0.01784929,0.11227417,4.132118076184686,22.034448242187523,0.01672014,0.18414307,3.722919062076617,21,1,0
2016-12-26 04:00:00,860.3218,25.493096923828148,0.018810563,0.055480957,14.193714975291163,23.547784423828148,0.017689042,0.1031189,3.860696123235969,22.000909423828148,0.016651444,0.18945312,3.4934990016465752,21,1,0
2016-12-26 05:00:00,874.7655,25.456140136718773,0.018787643,0.059829712,13.161620594871652,23.534265136718773,0.01756694,0.106048584,3.729935641717887,21.948327636718773,0.016575119,0.18811035,3.281608553233501,21,1,0
2016-12-26 06:00:00,857.9901,25.462121582031276,0.018764764,0.05593872,13.367079398488954,23.524621582031276,0.017490655,0.0975647,3.673954912398047,21.899621582031276,0.016506463,0.18237305,3.1481709074452646,21,1,0
2016-12-26 07:00:00,857.6895,26.114801025390648,0.018970802,0.044265747,16.423274453854237,25.036676025390648,0.01849778,0.08911133,4.473074870812721,22.325738525390648,0.016811684,0.1828003,3.25823480078229,21,1,0
2016-12-26 08:00:00,922.3344,26.797662353515648,0.018780148,0.034729004,20.22039217333716,26.500787353515648,0.018566525,0.08862305,5.567254715352334,23.203912353515648,0.017277157,0.18103027,3.4094847720033097,21,1,0
2016-12-26 09:00:00,973.9407,27.335351562500023,0.018528452,0.02910614,22.34053525278344,27.507226562500023,0.018513193,0.100860596,5.814521989142292,24.304101562500023,0.017506113,0.17529297,3.3016272087634264,21,1,0
2016-12-26 10:00:00,1040.7568,27.869165039062523,0.018475331,0.03517151,23.26709364068437,28.556665039062523,0.018727101,0.1194458,5.541590541613121,25.853540039062523,0.017246999,0.16729736,3.0045286425226525,21,1,0
2016-12-26 11:00:00,1083.9104,28.290307617187523,0.018482959,0.043548584,23.615902615044003,29.368432617187523,0.018910205,0.13641357,5.129327597470535,26.962182617187523,0.017437732,0.17016602,2.3182888014479444,21,1,0
2016-12-26 12:00:00,1095.0675,28.578576660156276,0.018528765,0.05696106,23.72110231819824,30.047326660156276,0.019169634,0.14361572,4.923934976280126,27.578576660156276,0.017491167,0.1876831,2.218386884177195,21,1,0
2016-12-26 13:00:00,1127.3306,28.7141052246094,0.01857463,0.06600952,23.72961144284743,30.4172302246094,0.01932994,0.15692139,4.942568350103697,27.6516052246094,0.017628586,0.19250488,2.6062907867533425,21,1,0
2016-12-26 14:00:00,1079.3274,28.6616149902344,0.018597372,0.060165405,24.03177362990148,30.2241149902344,0.019436605,0.17437744,5.139755678270322,27.3178649902344,0.017811544,0.21160889,3.0212901877972604,21,1,0
2016-12-26 15:00:00,1081.1354,28.392602539062523,0.018688777,0.048934937,23.88434382357641,29.689477539062523,0.019550899,0.19195557,5.209147367212312,26.611352539062523,0.018002132,0.21569824,3.318714736492506,21,1,0
2016-12-26 16:00:00,1069.3804,27.913446044921898,0.018879332,0.04067993,22.40497744980716,28.991571044921898,0.019764341,0.21459961,4.573426485716314,25.819696044921898,0.018085875,0.22973633,3.551452114069719,21,1,0
2016-12-26 17:00:00,1059.5779,27.261315917968773,0.019130979,0.035125732,19.41272480300856,27.855065917968773,0.01962689,0.20385742,4.636473973537175,24.870690917968773,0.01811627,0.246521,3.6529160308460233,21,1,0
2016-12-26 18:00:00,1143.1373,26.607263183593773,0.019352304,0.02772522,16.496544271464575,26.310388183593773,0.019604074,0.18371582,3.728360093051565,23.841638183593773,0.018001901,0.23529053,3.4147547221311365,21,1,0
2016-12-26 19:00:00,1170.0152,26.337854003906276,0.01940589,0.02822113,15.32655417696532,25.665979003906276,0.019199897,0.15362549,3.714342249764913,23.181604003906276,0.017674018,0.20031738,3.622026721057453,21,1,0
2016-12-26 20:00:00,1161.383,26.182885742187523,0.01937553,0.031677246,14.668185188982353,25.229760742187523,0.018894877,0.12817383,3.680545406559481,22.807885742187523,0.017368998,0.18652344,3.811725312618448,21,1,0
2016-12-26 21:00:00,1126.107,26.037652587890648,0.019352557,0.03807068,14.063669336148845,24.881402587890648,0.018597247,0.096954346,3.7190325743440296,22.545465087890648,0.01716292,0.17547607,3.901960496382817,21,1,0
2016-12-26 22:00:00,1095.9373,25.932153320312523,0.019268304,0.05517578,15.053531858375722,24.557153320312523,0.01832226,0.081604004,4.034923721216444,22.361840820312523,0.017010003,0.1809082,3.7666382296228615,21,1,0
2016-12-26 23:00:00,1034.942,25.864465332031276,0.019115338,0.06741333,17.046348811769047,24.255090332031276,0.018047223,0.088378906,4.46397115996489,22.176965332031276,0.016841779,0.19067383,3.5539063009856213,21,1,0
2016-12-27 00:00:00,972.2043,25.795983886718773,0.018947093,0.06832886,18.635067670129683,24.022546386718773,0.01784846,0.09182739,4.514309771173609,22.045983886718773,0.016696421,0.19836426,3.556423087843815,0,0,0
2016-12-27 01:00:00,933.4029,25.692651367187523,0.018832315,0.0647583,19.04174015267492,23.817651367187523,0.017703164,0.09667969,4.231659325954766,21.966088867187523,0.01661979,0.21142578,3.5690643786702725,0,0,0
2016-12-27 02:00:00,913.2991,25.586389160156276,0.018732963,0.05458069,19.325981883066877,23.648889160156276,0.017558036,0.0965271,4.169992724350545,21.953576660156276,0.016589103,0.2296753,3.345817745136007,0,0,0
2016-12-27 03:00:00,890.5564,25.526971435546898,0.018671967,0.041641235,20.33616494812538,23.495721435546898,0.017420746,0.09063721,4.489851953151492,21.964471435546898,0.016558625,0.24060059,2.836876297349753,0,0,0
2016-12-27 04:00:00,869.2197,25.489648437500023,0.018641694,0.028625488,20.416850457227078,23.349023437500023,0.017283661,0.086242676,4.699881791596515,21.974023437500023,0.016490204,0.246521,2.2813766162171203,0,0,0
2016-12-27 05:00:00,896.8722,25.474664306640648,0.01854288,0.021392822,20.093922439238703,23.193414306640648,0.017139072,0.09387207,4.93275716978355,21.982476806640648,0.016353244,0.24511719,1.969931166409667,0,0,0
2016-12-27 06:00:00,939.5863,25.453332519531276,0.018375305,0.01259613,19.442572792194586,23.125207519531276,0.01704779,0.088775635,5.208776030176758,21.984582519531276,0.016223816,0.24121094,2.011960581641717,0,0,0
2016-12-27 07:00:00,1020.1553,26.067559814453148,0.018467227,0.0086250305,20.879493107397867,24.270684814453148,0.017620364,0.07797241,7.780672247705895,22.348809814453148,0.01641492,0.23278809,2.3213349187844807,0,0,0
2016-12-27 08:00:00,1215.8294,27.032556152343773,0.018085996,0.014701843,24.464049925748828,25.657556152343773,0.01814703,0.06765747,9.835194524287074,23.126306152343773,0.016758481,0.21862793,2.989653062882275,0,0,0
2016-12-27 09:00:00,1303.3294,27.758325195312523,0.017933711,0.031028748,24.68148230653209,27.070825195312523,0.018231258,0.05796814,12.666901279752908,24.117700195312523,0.016896114,0.20465088,3.436648415246618,0,0,0
2016-12-27 10:00:00,1376.0042,28.397363281250023,0.018155325,0.033432007,25.594061961525952,28.178613281250023,0.01821636,0.046707153,13.57403800464198,25.522363281250023,0.01671337,0.18457031,3.598491638809928,0,0,0
2016-12-27 11:00:00,1406.7549,28.837518310546898,0.018308096,0.046569824,27.09705639156937,29.071893310546898,0.018292837,0.036697388,13.748679424333304,26.509393310546898,0.016713552,0.16534424,3.4175993494579684,0,0,0
2016-12-27 12:00:00,1403.5202000000002,28.951959228515648,0.018361695,0.08239746,27.249723447743754,29.670709228515648,0.018369325,0.031448364,13.662783076223509,26.905084228515648,0.016942628,0.16558838,3.039670804294476,0,0,0
2016-12-27 13:00:00,1425.697,28.8176208496094,0.018331539,0.13708496,26.935025580595685,29.9426208496094,0.018400203,0.03981018,13.462123684949812,26.9738708496094,0.016874325,0.14074707,3.2486912219552555,0,0,0
2016-12-27 14:00:00,1432.8307000000002,28.580010986328148,0.018255651,0.16638184,26.23870603162182,29.830010986328148,0.018316686,0.061935425,13.29613093265557,26.720635986328148,0.016714513,0.12573242,3.703002989485253,0,0,0
2016-12-27 15:00:00,1380.0468999999998,28.251306152343773,0.018217983,0.14813232,25.75368256244811,29.423181152343773,0.018233242,0.063934326,13.15995270949566,26.235681152343773,0.016570034,0.109375,4.271410951336544,0,0,0
2016-12-27 16:00:00,1308.8726,27.7802673339844,0.018149924,0.10922241,25.05074030530336,28.6552673339844,0.018249106,0.0574646,12.020622100472714,25.4833923339844,0.016494345,0.09371948,4.717245987450276,0,0,0
2016-12-27 17:00:00,1215.9821000000002,27.069421386718773,0.018158067,0.07272339,22.207258945072795,27.303796386718773,0.018341172,0.063568115,9.40906410273778,24.366296386718773,0.016517747,0.09786987,4.804328117514049,0,0,0
2016-12-27 18:00:00,1273.2536,26.357690429687523,0.0183188,0.061065674,18.09965918625794,25.513940429687523,0.017967848,0.09164429,7.136803176455672,23.185815429687523,0.016266493,0.1187439,5.164852775550842,0,0,0
2016-12-27 19:00:00,1297.235,26.042321777343773,0.018334605,0.058273315,16.466768681960506,24.815759277343773,0.017602183,0.10180664,7.554952974911559,22.581384277343773,0.01599238,0.12536621,5.452807758361375,0,0,0
2016-12-27 20:00:00,1247.6087,25.871301269531276,0.018350447,0.043014526,16.05808429508412,24.402551269531276,0.017335737,0.10519409,7.997110736766648,22.394738769531276,0.0159243,0.13226318,5.106164538860122,0,0,0
2016-12-27 21:00:00,1211.0439,25.749932861328148,0.018380439,0.033996582,16.350781455307228,24.109307861328148,0.017167365,0.106536865,8.004671277951793,22.335870361328148,0.015900886,0.1430664,4.717376990238303,0,0,0
2016-12-27 22:00:00,1151.9638,25.644128417968773,0.018410584,0.03112793,16.58035840722719,23.831628417968773,0.017022034,0.08605957,7.796094033799099,22.269128417968773,0.015862366,0.14581299,4.6505342422732365,0,0,0
2016-12-27 23:00:00,1080.7314,25.548028564453148,0.018455975,0.029663086,15.855490576481651,23.594903564453148,0.016891949,0.06958008,7.636728960191385,22.196466064453148,0.015800945,0.13677979,4.6997450414453175,0,0,0
2016-12-28 00:00:00,1039.0066,25.462365722656276,0.018440599,0.028816223,14.630864678237929,23.415490722656276,0.016807908,0.058670044,7.636168957990679,22.126428222656276,0.015724534,0.13244629,4.73973695387273,0,0,0
2016-12-28 01:00:00,980.5388,25.358758544921898,0.018402228,0.025344849,13.93961006374454,23.304071044921898,0.01674665,0.053100586,8.04622730440972,22.038446044921898,0.015670905,0.13049316,4.576330566780706,0,0,0
2016-12-28 02:00:00,956.0958,25.233483886718773,0.018318046,0.022773743,14.166089990584483,23.241296386718773,0.016685355,0.059127808,8.454942176661728,21.967858886718773,0.015594352,0.13519287,4.618357888226099,0,0,0
2016-12-28 03:00:00,952.0542,25.1779724121094,0.01830259,0.020469666,14.713925954835934,23.1623474121094,0.016608864,0.061920166,8.407575107208357,21.9357849121094,0.015536933,0.14123535,4.711740417380048,0,0,0
2016-12-28 04:00:00,938.3748,25.131677246093773,0.018348277,0.017921448,14.812974026978033,23.061364746093773,0.01653248,0.062423706,8.015610737035008,21.920739746093773,0.015529214,0.14959717,4.614039671182916,0,0,0
2016-12-28 05:00:00,941.9088,25.085961914062523,0.018401584,0.014984131,14.655299330341704,22.867211914062523,0.016448459,0.056777954,7.311686121324382,21.929711914062523,0.015567264,0.14776611,4.474571019927825,0,0,0
2016-12-28 06:00:00,976.1162,25.106622314453148,0.018470105,0.016113281,14.365270935966391,22.645684814453148,0.016417798,0.054855347,6.6032499721271325,21.973809814453148,0.015624341,0.14489746,4.240213588697037,0,0,0
2016-12-28 07:00:00,1056.4913,26.078027343750023,0.018843783,0.021011353,17.35099384198748,24.085839843750023,0.017035617,0.05229187,9.096639096376828,22.515527343750023,0.015906466,0.13909912,4.056701456347585,0,0,0
2016-12-28 08:00:00,1226.786,27.148461914062523,0.01875183,0.027061462,21.715341459150487,25.835961914062523,0.017714232,0.04901123,11.139455727613926,23.656274414062523,0.016119689,0.13024902,4.069488746624695,0,0,0
2016-12-28 09:00:00,1318.1815,28.001641845703148,0.018629322,0.02910614,22.48236332698593,27.392266845703148,0.01814104,0.042434692,13.038962122563383,25.001641845703148,0.016172657,0.12664795,3.8923978512100335,0,0,0
2016-12-28 10:00:00,1403.9369,28.742730712890648,0.018606106,0.030548096,21.40459980238349,28.586480712890648,0.018415371,0.039001465,13.061629907568395,26.180230712890648,0.016179958,0.12646484,3.562035821489306,0,0,0
2016-12-28 11:00:00,1438.5282,29.392633056640648,0.018613575,0.028678894,19.79084989491326,29.533258056640648,0.018567799,0.039016724,12.468997589177178,27.002008056640648,0.01653838,0.1295166,2.876537568638564,0,0,0
2016-12-28 12:00:00,1444.5315,29.912805175781276,0.01858285,0.028938293,18.053711671757505,30.147180175781276,0.018659145,0.060562134,11.469902073010612,27.428430175781276,0.016881496,0.13995361,2.2459600991995954,0,0,0
2016-12-28 13:00:00,1469.1203999999998,30.170831298828148,0.01850636,0.024604797,16.729792981551398,30.436456298828148,0.018735241,0.08734131,10.310019721263002,27.592706298828148,0.016873669,0.15142822,1.8999312564058717,0,0,0
2016-12-28 14:00:00,1473.2145,30.2482849121094,0.018323146,0.023239136,16.137507640030144,30.4357849121094,0.018742763,0.10379028,9.325672941496908,27.4514099121094,0.01688882,0.15539551,1.623562648087255,0,0,0
2016-12-28 15:00:00,1427.8741,30.091577148437523,0.018162675,0.019721985,16.755906906514063,30.122827148437523,0.01874251,0.14508057,8.62553130793914,26.935327148437523,0.016941972,0.15441895,1.4627789891509173,0,0,0
2016-12-28 16:00:00,1355.7379999999998,29.606164550781276,0.018101482,0.0116539,18.311930535220963,29.418664550781276,0.018963603,0.12774658,7.728542856164118,26.184289550781276,0.017079143,0.15570068,1.5188240668991817,0,0,0
2016-12-28 17:00:00,1258.1453,28.486779785156276,0.01845246,0.0077209473,18.97902528790418,28.143029785156276,0.019314582,0.101135254,5.836523849262108,25.252404785156276,0.017102057,0.18530273,1.474311857209544,0,0,0
2016-12-28 18:00:00,1301.7972,27.121667480468773,0.018841755,0.006788254,18.44646594928325,26.277917480468773,0.019055378,0.101867676,4.167491332779117,24.074792480468773,0.0170107,0.18695068,1.8625036495608216,0,0,0
2016-12-28 19:00:00,1329.5196,26.452661132812523,0.018742744,0.010234833,19.082706279641734,25.562036132812523,0.018429939,0.10131836,4.896239443337399,23.421411132812523,0.016423408,0.1829834,2.807715366829584,0,0,0
2016-12-28 20:00:00,1297.3599,26.117608642578148,0.018346146,0.011146545,18.53397355288875,24.992608642578148,0.018086746,0.09146118,5.349595576892118,23.055108642578148,0.01627095,0.17626953,3.558569412231968,0,0,0
2016-12-28 21:00:00,1241.2835,25.855981445312523,0.017995324,0.009635925,18.20108633467264,24.496606445312523,0.01779696,0.07562256,5.386008064465129,22.809106445312523,0.016187157,0.17028809,3.821592114288806,0,0,0
2016-12-28 22:00:00,1184.9576,25.644403076171898,0.017804794,0.0077648163,18.708524537783823,24.089715576171898,0.017514877,0.056884766,5.4537157603309705,22.628778076171898,0.016156845,0.16705322,3.688769217130527,0,0,0
2016-12-28 23:00:00,1128.4455,25.479272460937523,0.017667888,0.007637024,19.81929158289105,23.737084960937523,0.017294047,0.045578003,5.688156854615558,22.494897460937523,0.01611912,0.16851807,3.5420879281027706,0,0,0
2016-12-29 00:00:00,1058.5042999999998,25.304650878906276,0.017652657,0.0059833527,19.77281639495185,23.382775878906276,0.017126229,0.038772583,5.889097407665926,22.367150878906276,0.016042855,0.16436768,3.46018324923495,0,0,0
2016-12-29 01:00:00,1012.211,25.181573486328148,0.017575966,0.00705719,19.246772539151287,23.056573486328148,0.016965615,0.03694153,6.15069821743936,22.228448486328148,0.015958535,0.15411377,3.3849968294047126,0,0,0
2016-12-29 02:00:00,986.0949,25.074273681640648,0.017484156,0.008220673,18.65643976623023,22.769586181640648,0.01679751,0.03327942,6.508342263593747,22.089898681640648,0.015843837,0.14355469,3.5787341123302223,0,0,0
2016-12-29 03:00:00,954.4288,24.978295898437523,0.017453514,0.006095886,17.491212009423297,22.501733398437523,0.016599022,0.02897644,6.946605229255554,21.947045898437523,0.015698753,0.13342285,3.841361696684317,0,0,0
2016-12-29 04:00:00,943.322,24.884484863281276,0.017422937,0.006872177,16.721852917372356,22.236047363281276,0.016362451,0.027534485,7.026138620652596,21.798547363281276,0.015568994,0.12332153,3.848447759245232,0,0,0
2016-12-29 05:00:00,957.6467,24.890588378906276,0.017377127,0.012886047,16.53885940881153,21.976525878906276,0.016141165,0.026771545,6.986625188068606,21.664025878906276,0.015450705,0.108062744,3.864793737121448,0,0,0
2016-12-29 06:00:00,969.3399,24.915979003906276,0.017377175,0.017410278,16.282711216818672,21.806604003906276,0.015965737,0.024307251,6.839025201100955,21.564416503906276,0.01536683,0.09387207,3.780581903626649,0,0,0
2016-12-29 07:00:00,1064.0489,25.744348144531276,0.017636815,0.017227173,18.83999525325254,23.345910644531276,0.016393224,0.024284363,9.503571949075766,22.017785644531276,0.015531102,0.09030151,3.820308748021068,0,0,0
2016-12-29 08:00:00,1237.7791,26.683557128906276,0.01742364,0.019515991,22.985880012121367,25.199182128906276,0.017011652,0.028533936,11.162772064481754,23.183557128906276,0.01565362,0.08053589,4.150576861630412,0,0,0
2016-12-29 09:00:00,1346.8819,27.4802185058594,0.017225418,0.02771759,25.093111760252054,26.8708435058594,0.017225418,0.033187866,13.15522776494605,24.5270935058594,0.015550767,0.07800293,4.188718917854303,0,0,0
2016-12-29 10:00:00,1406.2256,28.2192321777344,0.017172042,0.024032593,26.0831627567389,28.0473571777344,0.017294113,0.03152466,13.720879958824888,25.6879821777344,0.015386764,0.08810425,4.158723778190534,0,0,0
2016-12-29 11:00:00,1429.7938,28.845605468750023,0.017271219,0.01889801,26.498610596131087,28.908105468750023,0.017355142,0.027381897,13.862617584362743,26.501855468750023,0.015260873,0.08291626,4.141615712385195,0,0,0
2016-12-29 12:00:00,1434.3449999999998,29.193414306640648,0.017354624,0.031585693,26.57316452965505,29.490289306640648,0.017392771,0.025993347,13.66903754037838,26.927789306640648,0.015470163,0.087524414,3.857080653915197,0,0,0
2016-12-29 13:00:00,1446.1598,29.298760986328148,0.017407713,0.032211304,26.86976617141365,29.767510986328148,0.017377196,0.032409668,13.337012636527511,27.017510986328148,0.015603361,0.08444214,3.708762767372488,0,0,0
2016-12-29 14:00:00,1459.5324999999998,29.170312500000023,0.017422859,0.051116943,27.119516666122603,29.701562500000023,0.017300788,0.04824829,13.00421038596543,26.873437500000023,0.015519324,0.08062744,3.8095146873342194,0,0,0
2016-12-29 15:00:00,1434.0615,28.800927734375023,0.01735425,0.057998657,27.058133827024584,29.300927734375023,0.01723218,0.04837036,12.592503033944924,26.457177734375023,0.015488862,0.07272339,3.9552242160518745,0,0,0
2016-12-29 16:00:00,1352.2728,28.166223144531276,0.01732381,0.050079346,26.674757368419726,28.478723144531276,0.017262775,0.042678833,11.668678732165532,25.791223144531276,0.0155614205,0.067352295,4.114021680653312,0,0,0
2016-12-29 17:00:00,1253.2599,27.234338378906276,0.017529706,0.033172607,24.6307126245777,26.953088378906276,0.017407635,0.04827881,9.441177718679922,24.718713378906276,0.015820721,0.07821655,4.063996353403092,0,0,0
2016-12-29 18:00:00,1272.8353,26.302789306640648,0.0179261,0.018249512,20.836565742075354,24.927789306640648,0.01704109,0.041305542,7.341619595201024,23.474664306640648,0.015774611,0.09719849,4.363961505643192,0,0,0
2016-12-29 19:00:00,1318.6835,25.880029296875023,0.01813951,0.021957397,18.93871201064292,24.020654296875023,0.016682295,0.028015137,7.060264355084155,22.747216796875023,0.015751509,0.095062256,4.728205383787345,0,0,0
2016-12-29 20:00:00,1283.2868999999998,25.6118103027344,0.018177442,0.02796936,18.39738688779785,23.4243103027344,0.0163235,0.01852417,7.034963277302041,22.3305603027344,0.015720777,0.097351074,4.622538384731559,0,0,0
2016-12-29 21:00:00,1233.6136,25.413751220703148,0.018146724,0.02155304,18.44033351836552,22.968438720703148,0.016018122,0.010787964,7.009016311998798,22.101251220703148,0.015621394,0.10195923,4.411316187106125,0,0,0
2016-12-29 22:00:00,1196.6261,25.286187744140648,0.018085618,0.015792847,18.92585577094462,22.614312744140648,0.015758652,0.008918762,6.895491121988015,21.919000244140648,0.015483994,0.10223389,4.343007426287833,0,0,0
2016-12-29 23:00:00,1124.6362,25.147607421875023,0.018032111,0.016914368,18.017514672144365,22.288232421875023,0.015560187,0.011558533,6.713250025611446,21.733544921875023,0.0153198615,0.093688965,4.452827395483104,0,0,0
2016-12-30 00:00:00,1061.1684,25.057244873046898,0.017948058,0.022865295,17.00952240772981,21.986932373046898,0.015430356,0.01586914,6.67385016835418,21.502557373046898,0.015159513,0.08343506,4.747824228794885,0,0,0
2016-12-30 01:00:00,1010.3461,24.951104736328148,0.01787937,0.032791138,16.640779323668212,21.763604736328148,0.015369299,0.022651672,6.858640642415375,21.294854736328148,0.015029791,0.07046509,5.02369588753971,0,0,0
2016-12-30 02:00:00,968.2299,24.833642578125023,0.017803159,0.034423828,17.02016347338193,21.591455078125023,0.015357938,0.032958984,7.108572451053033,21.130517578125023,0.014896359,0.06341553,5.15014914509627,0,0,0
2016-12-30 03:00:00,925.9195,24.790063476562523,0.017826203,0.031570435,18.01464431144753,21.501000976562523,0.0154115,0.039215088,7.476940135447287,21.008813476562523,0.014770631,0.06503296,5.169948301517981,0,0,0
2016-12-30 04:00:00,932.664,24.697229003906276,0.017849244,0.028511047,17.484120358819304,21.415979003906276,0.015461243,0.03895569,7.461701010098925,20.931604003906276,0.01467923,0.07107544,5.195570720938362,0,0,0
2016-12-30 05:00:00,926.9598,24.600061035156276,0.017803354,0.026542664,16.400113668280458,21.295373535156276,0.015480204,0.044937134,7.22420861685005,20.889123535156276,0.0146486,0.068847656,5.27943321263674,0,0,0
2016-12-30 06:00:00,972.508,24.558679199218773,0.01775,0.02924347,15.525274655773632,21.261804199218773,0.015480256,0.044418335,6.945732683788546,20.832116699218773,0.014637208,0.066223145,5.424858003507127,0,0,0
2016-12-30 07:00:00,1069.026,25.546472167968773,0.017963715,0.028518677,18.38946382472154,23.085534667968773,0.016094513,0.042037964,9.544457322085952,21.327722167968773,0.014847107,0.067230225,5.667099445122756,0,0,0
2016-12-30 08:00:00,1230.7379,26.649194335937523,0.017818736,0.053771973,23.316325782027334,25.102319335937523,0.016811656,0.04710388,11.542885350269778,22.664819335937523,0.014999674,0.0619812,5.810001904590709,0,0,0
2016-12-30 09:00:00,1315.3446,27.502160644531276,0.017704166,0.075042725,25.831953195765188,26.845910644531276,0.017124332,0.04940796,13.936906835139126,24.111535644531276,0.015094914,0.05934143,5.41285815034099,0,0,0
2016-12-30 10:00:00,1380.4456,28.146020507812523,0.017619988,0.086364746,27.248707435120032,28.021020507812523,0.017177483,0.050216675,14.42662238611934,25.317895507812523,0.015094659,0.06323242,5.288061850706916,0,0,0
2016-12-30 11:00:00,1412.0857,28.692285156250023,0.017589241,0.08892822,27.97573123415968,28.801660156250023,0.017200142,0.051742554,14.148537048629978,26.207910156250023,0.015060097,0.07168579,5.260283203043416,0,0,0
2016-12-30 12:00:00,1408.092,28.932214355468773,0.017566163,0.10131836,27.553660193583656,29.275964355468773,0.01722284,0.05404663,13.689411738416538,26.697839355468773,0.015159088,0.07687378,4.917924143230613,0,0,0
2016-12-30 13:00:00,1382.0002,28.931207275390648,0.017566072,0.111572266,26.7191570692675,29.431207275390648,0.017268525,0.0466156,13.366231484753058,26.743707275390648,0.0154908765,0.08087158,4.478933845087676,0,0,0
2016-12-30 14:00:00,1395.9450000000002,28.846368408203148,0.01754315,0.11550903,25.967096419036668,29.330743408203148,0.017230345,0.06199646,12.955651488329735,26.549493408203148,0.015490843,0.08538818,4.486052355596411,0,0,0
2016-12-30 15:00:00,1365.379,28.664666748046898,0.017443957,0.11328125,25.25098678020373,28.914666748046898,0.017222704,0.06738281,12.133652943464362,26.102166748046898,0.015490831,0.10095215,4.570769001390095,0,0,0
2016-12-30 16:00:00,1294.4571999999998,28.277612304687523,0.017436344,0.095581055,24.61942663025561,28.152612304687523,0.017512638,0.05368042,10.679482755672716,25.418237304687523,0.015544254,0.109069824,4.68026053510407,0,0,0
2016-12-30 17:00:00,1207.4912,27.437646484375023,0.017703317,0.0697937,23.07992684284959,26.843896484375023,0.017993234,0.0370636,8.177141591506409,24.437646484375023,0.015795968,0.111846924,4.456345219818667,0,0,0
2016-12-30 18:00:00,1266.5178999999998,26.422509765625023,0.018168712,0.058776855,20.49236310923612,25.110009765625023,0.017718578,0.030639648,6.580246834226892,23.391259765625023,0.01604774,0.104522705,4.3242835956456505,0,0,0
2016-12-30 19:00:00,1290.6838,25.974206542968773,0.018428171,0.05848694,19.891141551128516,24.489831542968773,0.017489756,0.029777527,6.661251284612961,22.958581542968773,0.0161775,0.10583496,4.414800948497674,0,0,0
2016-12-30 20:00:00,1246.5905,25.803491210937523,0.018550234,0.068237305,20.33631628116792,24.131616210937523,0.017382937,0.030319214,6.583263382680893,22.756616210937523,0.01633008,0.10787964,4.385899824164779,0,0,0
2016-12-30 21:00:00,1218.3999,25.747399902343773,0.018603466,0.08300781,20.750481525027503,23.872399902343773,0.017314099,0.035110474,6.181018166972521,22.684899902343773,0.016444348,0.11239624,4.305608055423614,0,0,0
2016-12-30 22:00:00,1170.1554999999998,25.697961425781276,0.018641865,0.100982666,20.570874514611635,23.682336425781276,0.017291462,0.039489746,5.73434702687106,22.690148925781276,0.016475117,0.13134766,3.991185571166639,0,0,0
2016-12-30 23:00:00,1103.5141999999998,25.616265869140648,0.018634332,0.10702515,20.32608752279629,23.553765869140648,0.017299188,0.04298401,5.376746177030256,22.686578369140648,0.016452326,0.14678955,3.662129296820813,0,0,0
2016-12-31 00:00:00,1057.7639,25.535546875000023,0.01859617,0.10116577,20.344826800419376,23.433984375000023,0.017283915,0.058288574,5.26944106378996,22.644921875000023,0.016406534,0.15368652,3.500523718751523,22,1,0
2016-12-31 01:00:00,1009.406,25.453088378906276,0.018558001,0.10021973,19.789592712744955,23.320275878906276,0.017253375,0.054840088,5.334383753013469,22.546838378906276,0.016368365,0.16436768,3.4410938577531143,22,1,0
2016-12-31 02:00:00,964.0572,25.385614013671898,0.018573314,0.107421875,18.97088583270017,23.159051513671898,0.017207652,0.045196533,5.419600771738119,22.440301513671898,0.016337901,0.1765747,3.566077060778246,22,1,0
2016-12-31 03:00:00,961.3164,25.358178710937523,0.018573327,0.107940674,18.39232272988897,22.951928710937523,0.017139,0.041290283,5.686789955838975,22.334741210937523,0.01627688,0.18804932,3.730605348652551,22,1,0
2016-12-31 04:00:00,924.5819,25.305200195312523,0.018550346,0.09246826,17.775233631771552,22.852075195312523,0.01710839,0.037231445,5.829316533170633,22.266137695312523,0.01622338,0.19519043,3.7435168797125287,22,1,0
2016-12-31 05:00:00,931.0335,25.253106689453148,0.018481586,0.07141113,17.83204085945798,22.737481689453148,0.01704726,0.03605652,5.754727518241338,22.221856689453148,0.01616225,0.20703125,3.566647911616656,22,1,0
2016-12-31 06:00:00,915.1968,25.255517578125023,0.018412866,0.054611206,17.711949029616544,22.661767578125023,0.01696328,0.04676819,5.55648813155757,22.208642578125023,0.016124047,0.21057129,3.3877976965917296,22,1,0
2016-12-31 07:00:00,951.9302,25.963403320312523,0.018573128,0.06135559,20.51949216515409,24.236840820312523,0.017520271,0.06665039,7.752316636885093,22.541528320312523,0.016360603,0.21350098,3.4666856881377863,22,1,0
2016-12-31 08:00:00,1059.8479,26.8681579589844,0.018435838,0.08480835,24.640015188930835,25.8994079589844,0.017932298,0.0670166,10.090562773814211,23.3369079589844,0.01665056,0.20922852,3.853408869846657,22,1,0
2016-12-31 09:00:00,1179.6939,27.661096191406276,0.018283311,0.09805298,26.283010006280374,27.286096191406276,0.01803917,0.060531616,12.493305568223173,24.457971191406276,0.01678795,0.19470215,4.310710369789638,22,1,0
2016-12-31 10:00:00,1225.1317,28.3552185058594,0.018252824,0.122680664,26.378242057664387,28.3395935058594,0.018130753,0.05770874,13.485742746166098,25.7770935058594,0.01665828,0.19329834,4.318046996206757,22,1,0
2016-12-31 11:00:00,1239.4052,28.909448242187523,0.018290982,0.1239624,26.14136673335004,29.128198242187523,0.01817654,0.06008911,13.719494024795036,26.784448242187523,0.016490445,0.1852417,3.828858617125543,22,1,0
2016-12-31 12:00:00,1228.4871,29.315698242187523,0.018382557,0.1126709,25.335933488956663,29.643823242187523,0.018184192,0.065826416,13.344556285789333,27.221948242187523,0.016810901,0.18743896,2.890844375121545,22,1,0
2016-12-31 13:00:00,1210.0313,29.495446777343773,0.01845122,0.104888916,24.228002063405373,29.886071777343773,0.01819945,0.07211304,12.725864211678594,27.370446777343773,0.016734606,0.18579102,2.5278980950190544,22,1,0
2016-12-31 14:00:00,1208.4302,29.453698730468773,0.018504608,0.098968506,23.29876383502426,29.875573730468773,0.018214691,0.07952881,12.123585789586386,27.250573730468773,0.016566742,0.1743164,2.5681034527466764,22,1,0
2016-12-31 15:00:00,1198.3337,29.240747070312523,0.018519899,0.08392334,22.421720273856387,29.381372070312523,0.018352052,0.0942688,11.01281245261423,26.865747070312523,0.016520998,0.15167236,2.865053061148717,22,1,0
2016-12-31 16:00:00,1180.8611,28.715112304687523,0.018596219,0.057907104,21.92919839920376,28.558862304687523,0.018809842,0.09942627,9.257414684391854,26.152612304687523,0.016803311,0.13543701,3.147510048544965,22,1,0
2016-12-31 17:00:00,1145.8488,27.797692871093773,0.018840348,0.03843689,21.123636250012723,27.344567871093773,0.019168412,0.10205078,6.979601664940852,25.016442871093773,0.017161882,0.15863037,3.0999637693933644,22,1,0
2016-12-31 18:00:00,1221.615,26.843621826171898,0.019114971,0.026878357,20.28382672744432,25.968621826171898,0.01875639,0.09265137,5.806967581927644,23.859246826171898,0.016932964,0.16906738,3.609781495030415,22,1,0
2016-12-31 19:00:00,1276.4201,26.3857360839844,0.019237073,0.022575378,20.87410566595646,25.3701110839844,0.01839784,0.07537842,5.641375455942647,23.2451110839844,0.01675752,0.17578125,4.163255612635691,22,1,0
2016-12-31 20:00:00,1242.6597,26.193780517578148,0.019282784,0.020774841,21.756787228985434,24.943780517578148,0.018176522,0.07015991,5.087670884320314,22.943780517578148,0.016749825,0.19384766,4.019907735648295,22,1,0
2016-12-31 21:00:00,1190.168,26.090783691406276,0.019229325,0.017318726,21.817233436086426,24.700158691406276,0.017985733,0.07122803,5.458426727583056,22.793908691406276,0.016826065,0.22229004,3.5165411403966327,22,1,0
2016-12-31 22:00:00,1136.4916,25.974023437500023,0.01916058,0.0144844055,21.23181612272348,24.505273437500023,0.01790173,0.07034302,5.407881516371932,22.708398437500023,0.01689465,0.23248291,3.332227554173571,22,1,0
2016-12-31 23:00:00,1094.681,25.875146484375023,0.019023206,0.017059326,21.56508675890142,24.281396484375023,0.017825391,0.0617218,5.2532455221734455,22.632958984375023,0.016909864,0.22253418,3.127927573087504,22,1,0
2017-01-01 00:00:00,964.6733,25.782922363281276,0.018939286,0.016899109,20.698975380127138,24.048547363281276,0.017726213,0.05126953,5.2399523799858185,22.564172363281276,0.01687935,0.2076416,2.90915884327408,1,1,0
2017-01-01 01:00:00,949.9126,25.681542968750023,0.018931672,0.01838684,19.81458584464546,23.869042968750023,0.017642304,0.04676819,5.402387282057527,22.486230468750023,0.01681833,0.18902588,2.7070102760195995,1,1,0
2017-01-01 02:00:00,925.9892,25.6108337402344,0.019000351,0.019454956,18.96819623110534,23.7123962402344,0.017566025,0.04220581,5.64285137334877,22.4155212402344,0.01674205,0.17810059,2.598378079045195,1,1,0
2017-01-01 03:00:00,905.5966,25.552117919921898,0.019053778,0.021072388,18.483181697864403,23.583367919921898,0.017474493,0.036193848,5.9209335472579765,22.348992919921898,0.016665777,0.16912842,2.467231209907099,1,1,0
2017-01-01 04:00:00,874.1451,25.549829101562523,0.01906135,0.03251648,17.811094465517,23.463891601562523,0.017375253,0.03552246,5.707315639170024,22.307641601562523,0.016597055,0.15881348,2.2180349847323653,1,1,0
2017-01-01 05:00:00,865.8661,25.537866210937523,0.019023057,0.039642334,16.76036158497138,23.428491210937523,0.017321702,0.04638672,5.371764560383069,22.311303710937523,0.016512986,0.15216064,1.9820666919346728,1,1,0
2017-01-01 06:00:00,835.9966,25.571099853515648,0.018977305,0.04710388,16.389090384471345,23.453912353515648,0.017298838,0.05281067,5.077375453621664,22.336724853515648,0.016444346,0.15588379,1.7920772894419108,1,1,0
2017-01-01 07:00:00,797.2743999999999,26.210412597656276,0.019183412,0.052261353,18.261591819411816,24.569787597656276,0.017794862,0.04588318,6.680432678417921,22.686975097656276,0.016658083,0.15759277,1.6664465790709333,1,1,0
2017-01-01 08:00:00,858.0247999999999,27.115808105468773,0.019091949,0.061035156,21.574926319195413,25.912683105468773,0.01818405,0.052230835,7.915836241953456,23.482995605468773,0.016833648,0.15447998,1.7727456269947963,1,1,0
2017-01-01 09:00:00,879.679,27.979333496093773,0.018878343,0.06524658,23.0254436238946,27.166833496093773,0.01841295,0.05519104,9.404185162887895,24.651208496093773,0.016879441,0.14855957,1.7361974883738196,1,1,0
2017-01-01 10:00:00,915.8262,28.664453125000023,0.018847816,0.07980347,23.13827763615463,28.117578125000023,0.018504493,0.056915283,9.525264309797851,25.961328125000023,0.016749732,0.15002441,1.3709709229839562,1,1,0
2017-01-01 11:00:00,939.563,29.170739746093773,0.01890119,0.094573975,22.630494021199684,28.842614746093773,0.018557867,0.06817627,8.73778023331794,26.858239746093773,0.017039618,0.17175293,0.8387769628815792,1,1,0
2017-01-01 12:00:00,931.5308,29.462548828125023,0.018931676,0.10623169,21.60074156441886,29.384423828125023,0.018588353,0.09259033,7.670163631956702,27.337548828125023,0.016795445,0.1854248,1.1649822360022843,1,1,0
2017-01-01 13:00:00,927.4373,29.577325439453148,0.018939279,0.11553955,20.476755322680443,29.639825439453148,0.01855781,0.12860107,6.577809065165872,27.436700439453148,0.017016672,0.19659424,1.828797999995182,1,1,0
2017-01-01 14:00:00,936.3952,29.568292236328148,0.018931633,0.11477661,19.80587057302136,29.740167236328148,0.01858068,0.16802979,5.776668277893605,27.099542236328148,0.017398125,0.20947266,2.351558799360538,1,1,0
2017-01-01 15:00:00,916.218,29.382226562500023,0.018870598,0.10800171,19.676743015505444,29.569726562500023,0.018702751,0.15686035,5.116369880410703,26.366601562500023,0.017886406,0.2142334,2.6447366861761368,1,1,0
2017-01-01 16:00:00,892.524,28.837731933593773,0.018801993,0.09283447,19.90305324115656,29.009606933593773,0.01920635,0.1529541,4.22121662509637,25.634606933593773,0.018092459,0.2234497,2.9518377495813546,1,1,0
2017-01-01 17:00:00,887.8322000000001,27.919732666015648,0.0189013,0.053482056,19.474955018839964,27.872857666015648,0.019328546,0.15679932,3.970787356825316,24.888482666015648,0.018245172,0.22808838,3.022859512794837,1,1,0
2017-01-01 18:00:00,965.0166,26.941094970703148,0.019061562,0.02633667,18.162722506016724,26.394219970703148,0.019313332,0.13677979,2.9919714118081324,24.128594970703148,0.018344399,0.22479248,2.6167539559725563,1,1,0
2017-01-01 19:00:00,1028.275,26.4497009277344,0.019092115,0.014060974,17.72568921039175,25.8403259277344,0.01903108,0.10592651,2.916287754695767,23.6215759277344,0.01801637,0.21295166,2.285630049664722,1,1,0
2017-01-01 20:00:00,1026.6621,26.209375000000023,0.01900062,0.009918213,17.6573300710163,25.459375000000023,0.018825144,0.0921936,2.8089150736523187,23.256250000000023,0.017703623,0.2010498,2.2211003462096066,1,1,0
2017-01-01 21:00:00,1009.3236,26.035546875000023,0.018848086,0.009677887,17.640903209996168,25.113671875000023,0.018588686,0.08502197,2.790974373642733,23.012109375000023,0.017474795,0.19439697,2.235251353806253,1,1,0
2017-01-01 22:00:00,982.8913,25.869897460937523,0.018718455,0.009883881,17.60970772131876,24.791772460937523,0.018382762,0.08529663,2.888488719155482,22.885522460937523,0.017352793,0.19488525,2.2534708908330523,1,1,0
2017-01-01 23:00:00,960.4623,25.720483398437523,0.018657526,0.011985779,17.903925655957213,24.493920898437523,0.018192133,0.08898926,3.015965996472145,22.829858398437523,0.017276606,0.19036865,2.2052338429451463,1,1,0
2017-01-02 00:00:00,964.8634,25.589013671875023,0.018650038,0.010894775,18.040995491118192,24.221826171875023,0.01799391,0.09628296,3.3167976067604785,22.745263671875023,0.017169936,0.18475342,2.16089607248708,1,1,0
2017-01-02 01:00:00,952.8188,25.491052246093773,0.018566262,0.009239197,18.75597634247736,23.967614746093773,0.017810952,0.10031128,3.81905063875462,22.670739746093773,0.017063271,0.18273926,2.2352543776998006,1,1,0
2017-01-02 02:00:00,936.1321,25.384576416015648,0.018505394,0.0060253143,19.310022761895997,23.751763916015648,0.017658532,0.098724365,4.4035595930495335,22.572076416015648,0.01692611,0.18676758,2.3727639805336973,1,1,0
2017-01-02 03:00:00,920.3838,25.352960205078148,0.018299585,0.008979797,20.41523528311734,23.571710205078148,0.017513758,0.09033203,4.976184169215988,22.477960205078148,0.016796594,0.17852783,2.5222195329689145,1,1,0
2017-01-02 04:00:00,909.457,25.311151123046898,0.018139677,0.006542206,20.168187394406043,23.381463623046898,0.01735385,0.07281494,5.41983965309255,22.397088623046898,0.016667204,0.1685791,2.636237797932718,1,1,0
2017-01-02 05:00:00,898.5690999999999,25.260888671875023,0.017956993,0.0027513504,19.30506100091433,23.245263671875023,0.017216941,0.050201416,5.851693128444316,22.339013671875023,0.016537925,0.1583252,2.7346169065008787,1,1,0
2017-01-02 06:00:00,881.7752,25.206475830078148,0.017774321,0.0029125214,18.91009034149845,23.198663330078148,0.017133452,0.03727722,6.234854883066873,22.315850830078148,0.016423918,0.15100098,2.891683307640132,1,1,0
2017-01-02 07:00:00,904.3295,25.965234375000023,0.017911457,0.0024585724,21.919063391619183,24.371484375000023,0.017537616,0.024726868,9.374014401316746,22.598046875000023,0.016561054,0.15216064,3.1872842917662547,1,1,0
2017-01-02 08:00:00,955.2364,26.944879150390648,0.0178118,0.0011358261,26.03787034568441,25.866754150390648,0.017964387,0.013076782,12.097643132459792,23.335504150390648,0.01691916,0.137146,3.509787511996134,1,1,0
2017-01-02 09:00:00,990.5939,27.795434570312523,0.018009696,0.00081300735,26.78145715123721,27.264184570312523,0.018002067,0.006340027,14.028675483071314,24.389184570312523,0.01695684,0.09793091,3.852327005214191,1,1,0
2017-01-02 10:00:00,1065.5111000000002,28.647973632812523,0.018276662,0.000800848,25.646487025573887,28.413598632812523,0.01792571,0.0028333664,13.40956387623513,25.882348632812523,0.016628712,0.06704712,3.5322064534090294,1,1,0
2017-01-02 11:00:00,1119.6494,29.396875000000023,0.018558715,0.0009889603,23.61390852919928,29.350000000000023,0.017955992,0.0014429092,12.254869183107113,26.975000000000023,0.016689513,0.045455933,2.776491970353595,1,1,0
2017-01-02 12:00:00,1143.1253000000002,29.957482910156276,0.018840961,0.0014100075,21.145324449952287,30.035607910156276,0.01810091,0.00080370903,11.180682996656712,27.473107910156276,0.0170862,0.040222168,2.000437736291681,1,1,0
2017-01-02 13:00:00,1171.2335,30.239038085937523,0.018986333,0.010486603,18.862513833012446,30.379663085937523,0.018353093,0.001270771,10.113579374408014,27.629663085937523,0.017033208,0.035202026,1.7540333704769864,1,1,0
2017-01-02 14:00:00,1145.8279,30.286462402343773,0.018917885,0.035980225,17.450564583550527,30.380212402343773,0.018460121,0.0034646988,9.530388624947532,27.505212402343773,0.016888466,0.04096985,1.7150545391274594,1,1,0
2017-01-02 15:00:00,1129.9388,30.092736816406276,0.01870438,0.055389404,16.880095422122498,30.030236816406276,0.01845261,0.00806427,9.140649000869931,27.045861816406276,0.016797032,0.041152954,1.686119964879417,1,1,0
2017-01-02 16:00:00,1098.6378000000002,29.551660156250023,0.018575182,0.056045532,17.691376036695885,29.286035156250023,0.018544665,0.01027298,8.64550624391082,26.348535156250023,0.016820421,0.03475952,1.826270750581948,1,1,0
2017-01-02 17:00:00,1088.2342,28.456231689453148,0.018705394,0.03744507,18.47752835081246,27.878106689453148,0.018857982,0.0116119385,7.27348912860973,25.378106689453148,0.016912486,0.030899048,2.2156548459042984,1,1,0
2017-01-02 18:00:00,1149.7126999999998,27.127740478515648,0.018888967,0.020378113,18.2079170697407,25.971490478515648,0.018415945,0.01966095,6.378266195690325,24.158990478515648,0.01696636,0.036514282,3.006882407116454,1,1,0
2017-01-02 19:00:00,1170.5975999999998,26.4011169433594,0.018721282,0.01342392,18.529399642812145,25.1198669433594,0.01787442,0.03277588,7.394545364487322,23.3854919433594,0.016546905,0.044067383,4.2525241088183785,1,1,0
2017-01-02 20:00:00,1184.2071,26.010949707031276,0.018316979,0.010028839,17.88237922353555,24.510949707031276,0.017531151,0.045394897,7.415266558331098,22.925012207031276,0.016333336,0.04385376,4.767954536778085,1,1,0
2017-01-02 21:00:00,1167.1543,25.763330078125023,0.017896932,0.0058631897,16.96887851729647,24.052392578125023,0.01728658,0.04852295,7.031101463274814,22.622705078125023,0.016302388,0.053222656,4.617948579752225,1,1,0
2017-01-02 22:00:00,1129.2938,25.517724609375023,0.017614115,0.002316475,16.24480194055596,23.759912109375023,0.017156351,0.05456543,6.654492393870517,22.423974609375023,0.0162866,0.06695557,4.463243092447768,1,1,0
2017-01-02 23:00:00,1059.4063,25.327661132812523,0.017430607,0.0021619797,16.30616685722563,23.585473632812523,0.017125431,0.054763794,6.55660905027585,22.288598632812523,0.016225163,0.0821228,4.300124075674169,1,1,0
2017-01-03 00:00:00,1030.4213,25.196008300781276,0.017346425,0.0031166077,16.508781315853327,23.414758300781276,0.01714806,0.053771973,6.675204036037363,22.188195800781276,0.016118092,0.09460449,4.0563006029073145,0,0,0
2017-01-03 01:00:00,981.1273,25.1013122558594,0.017331125,0.004705429,16.827549987999824,23.2106872558594,0.017117502,0.05731201,6.863575810389819,22.0856872558594,0.015995981,0.100738525,3.829309100690247,0,0,0
2017-01-03 02:00:00,932.7757,25.033471679687523,0.017377013,0.006465912,16.688127895929444,22.978784179687523,0.017026061,0.048431396,7.027531902684577,21.978784179687523,0.015858764,0.0960083,3.634538030534837,0,0,0
2017-01-03 03:00:00,931.5024,25.024682617187523,0.017468741,0.007827759,16.182442878611724,22.743432617187523,0.016896537,0.035308838,7.096603650407121,21.907495117187523,0.015736869,0.08306885,3.409535182752894,0,0,0
2017-01-03 04:00:00,927.4018,25.013085937500023,0.017590916,0.0076522827,14.794159370821236,22.513085937500023,0.016736424,0.020431519,6.698334990905623,21.856835937500023,0.015611087,0.07595825,3.168016816137939,0,0,0
2017-01-03 05:00:00,933.8066,25.028161621093773,0.017651979,0.007286072,13.630328850141082,22.293786621093773,0.016576234,0.012321472,6.204149850891294,21.770349121093773,0.01550049,0.071624756,3.0158208959329507,0,0,0
2017-01-03 06:00:00,980.3584,25.090905761718773,0.017712973,0.0066051483,13.128747477004096,22.184655761718773,0.016431235,0.008934021,5.83772971703954,21.669030761718773,0.015408895,0.06967163,3.055792595271306,0,0,0
2017-01-03 07:00:00,1077.6081,26.111718750000023,0.018025517,0.005718231,15.92378350466734,23.752343750000023,0.016881108,0.0069561005,8.293368316813748,22.135156250000023,0.015587925,0.06451416,3.2812137710751066,0,0,0
2017-01-03 08:00:00,1267.502,27.1723571777344,0.017949406,0.0040569305,18.7964803282288,25.6723571777344,0.017316166,0.005519867,9.988921994993769,23.3754821777344,0.015660588,0.053878784,3.699593599012135,0,0,0
2017-01-03 09:00:00,1375.4747,28.056817626953148,0.018140243,0.004453659,18.46936462928734,27.353692626953148,0.017590927,0.00944519,11.078306165324904,24.838067626953148,0.015698837,0.04890442,3.682773457491362,0,0,0
2017-01-03 10:00:00,1453.6237,28.771661376953148,0.01826222,0.022117615,17.769664572070745,28.662286376953148,0.017812086,0.013889313,10.630787285317304,26.177911376953148,0.015698744,0.05189514,3.1526386789529037,0,0,0
2017-01-03 11:00:00,1487.6845,29.279992675781276,0.01830029,0.05041504,17.67941784068545,29.686242675781276,0.017995114,0.020118713,10.200499152143529,27.201867675781276,0.015912289,0.06059265,2.111119273934004,0,0,0
2017-01-03 12:00:00,1488.3714,29.533471679687523,0.01825439,0.07888794,18.28795212182213,30.330346679687523,0.018239131,0.049819946,9.7624494211838,27.845971679687523,0.016286006,0.06896973,1.0380021884900656,0,0,0
2017-01-03 13:00:00,1503.7892,29.602441406250023,0.018162759,0.1010437,19.50341187192631,30.555566406250023,0.018582376,0.09320068,9.122168603859032,28.133691406250023,0.01663688,0.07791138,0.5442898832452222,0,0,0
2017-01-03 14:00:00,1518.4931,29.500268554687523,0.018078849,0.10134888,20.673308703471328,30.469018554687523,0.018734977,0.11584473,9.050400450050509,28.172143554687523,0.016629264,0.08694458,0.1904470711623072,0,0,0
2017-01-03 15:00:00,1486.6695,29.311181640625023,0.017964408,0.06704712,21.225766958661318,30.014306640625023,0.018788382,0.11102295,8.884649007773634,27.779931640625023,0.016583487,0.09915161,0.7114021325615382,0,0,0
2017-01-03 16:00:00,1409.2397999999998,28.816308593750023,0.01794153,0.034072876,20.87832574906293,29.347558593750023,0.01895624,0.087249756,8.23639961730888,27.097558593750023,0.016728457,0.10748291,1.150742390708785,0,0,0
2017-01-03 17:00:00,1276.073,27.904443359375023,0.018071216,0.017829895,19.493462531883186,28.107568359375023,0.019307178,0.08505249,6.414413166752179,26.045068359375023,0.017148059,0.11694336,1.4882292730912074,0,0,0
2017-01-03 18:00:00,1288.5679,26.719598388671898,0.018368714,0.008758545,16.48747840862581,26.250848388671898,0.01892566,0.090911865,5.12366070623268,24.797723388671898,0.017895691,0.12890625,1.5688435940729972,0,0,0
2017-01-03 19:00:00,1321.7225,26.0876403808594,0.018322786,0.0077228546,15.171594861761042,25.4470153808594,0.018353304,0.078063965,5.592461061781214,24.0407653808594,0.017544588,0.1121521,1.8225340225434887,0,0,0
2017-01-03 20:00:00,1288.8491,25.780053710937523,0.018070942,0.010932922,14.266570854459472,24.780053710937523,0.01796413,0.059570312,5.234672952399137,23.444116210937523,0.01709438,0.08694458,2.267016475228919,0,0,0
2017-01-03 21:00:00,1244.5185,25.644403076171898,0.017796313,0.012252808,14.046300777117091,24.261590576171898,0.017628467,0.048828125,5.009229309286036,22.972528076171898,0.016941821,0.074920654,2.521294202894626,0,0,0
2017-01-03 22:00:00,1186.4034,25.493280029296898,0.017598072,0.010093689,14.485409171211629,23.876092529296898,0.017308155,0.044555664,5.1443769552602285,22.618280029296898,0.01673595,0.0642395,2.569381368968348,0,0,0
2017-01-03 23:00:00,1101.5507,25.341638183593773,0.017422711,0.009227753,14.881219956625229,23.568200683593773,0.017109906,0.043624878,5.246291163884952,22.388513183593773,0.01643852,0.052963257,2.58503615791223,0,0,0
2017-01-04 00:00:00,1037.963,25.171777343750023,0.01739999,0.011188507,14.894360123918604,23.304589843750023,0.016965115,0.038864136,5.219763172959777,22.148339843750023,0.016164029,0.04849243,2.69167173540644,0,0,0
2017-01-04 01:00:00,984.4352,25.042810058593773,0.017354427,0.014839172,14.828354474976209,23.019372558593773,0.016797481,0.03277588,5.046600551642476,21.972497558593773,0.01592773,0.04736328,2.8399476556252377,0,0,0
2017-01-04 02:00:00,958.2073,25.014459228515648,0.017247736,0.01941681,14.915499691343916,22.717584228515648,0.016599238,0.02873993,4.960676591395098,21.764459228515648,0.015714228,0.04512024,2.8398655093276384,0,0,0
2017-01-04 03:00:00,942.2119,24.9802185058594,0.017148634,0.016845703,14.835815868873448,22.4255310058594,0.016385695,0.025291443,5.021102099473279,21.5739685058594,0.015531203,0.044418335,2.8384317825933456,0,0,0
2017-01-04 04:00:00,909.6487,24.8754821777344,0.017041937,0.014415741,14.401678750412334,22.1411071777344,0.016172186,0.02103424,5.124930906993053,21.3989196777344,0.015344396,0.045135498,2.967972450023091,0,0,0
2017-01-04 05:00:00,923.6442,24.736230468750023,0.01694287,0.014537811,13.561647269869663,21.861230468750023,0.015989196,0.019622803,5.314996882067221,21.197167968750023,0.015161407,0.04269409,3.234651079419668,0,0,0
2017-01-04 06:00:00,934.4093,24.677331542968773,0.016912231,0.015983582,12.671199666758984,21.700769042968773,0.015851745,0.023872375,5.458995042056886,21.005456542968773,0.014951478,0.039093018,3.5394983126866264,0,0,0
2017-01-04 07:00:00,1040.7001,25.690393066406276,0.017263131,0.016319275,14.560115326225556,23.518518066406276,0.016408639,0.022666931,8.188148745394711,21.463830566406276,0.015004831,0.032730103,3.8141700013734887,0,0,0
2017-01-04 08:00:00,1239.2672,26.734338378906276,0.017110333,0.015853882,17.417389092802015,25.406213378906276,0.016919598,0.023101807,10.166415540584971,22.757775878906276,0.015004621,0.022521973,4.068354785200543,0,0,0
2017-01-04 09:00:00,1332.3548,27.545129394531276,0.01719422,0.016868591,18.38961840782856,26.998254394531276,0.017125556,0.021972656,11.697919279094256,24.326379394531276,0.015023658,0.014011383,3.918182397648049,0,0,0
2017-01-04 10:00:00,1407.0171,28.284539794921898,0.017407943,0.014415741,18.64484598159089,28.190789794921898,0.017079879,0.018798828,11.56639876994439,25.690789794921898,0.014936018,0.012084961,3.535916744479741,0,0,0
2017-01-04 11:00:00,1444.9778,28.948907470703148,0.017598381,0.015224457,18.979977355236056,29.152032470703148,0.017125359,0.0138549805,11.073778451068524,26.761407470703148,0.014909021,0.015792847,2.9705906592755214,0,0,0
2017-01-04 12:00:00,1449.3652,29.443078613281276,0.017697278,0.020446777,19.324338211236267,29.802453613281276,0.017247144,0.009735107,10.523034970203742,27.474328613281276,0.015194836,0.022018433,2.164921207756195,0,0,0
2017-01-04 13:00:00,1463.4323,29.655786132812523,0.01767415,0.031555176,19.376663077565357,30.140161132812523,0.017353715,0.0069026947,9.960025911871972,27.796411132812523,0.015690507,0.02544403,1.3776494509700192,0,0,0
2017-01-04 14:00:00,1471.9835,29.632775878906276,0.017559519,0.039108276,19.018053460380088,30.085900878906276,0.017574778,0.005367279,9.002805196371218,27.773400878906276,0.015987864,0.029975891,1.237709097102996,0,0,0
2017-01-04 15:00:00,1445.4857,29.419213867187523,0.017338108,0.03668213,18.315022890418746,29.731713867187523,0.017681431,0.008399963,8.007822837264671,27.450463867187523,0.016216587,0.03224182,1.2881642461403484,0,0,0
2017-01-04 16:00:00,1375.7109,28.933129882812523,0.017147258,0.033966064,18.07559474109056,29.011254882812523,0.017704204,0.017044067,7.166733709805377,26.776879882812523,0.016422465,0.032440186,1.3515051319096856,0,0,0
2017-01-04 17:00:00,1252.9889,28.006372070312523,0.017276881,0.031021118,17.418997712935216,27.600122070312523,0.017765163,0.016098022,6.246713131080744,25.693872070312523,0.016880153,0.04296875,1.36844630595508,0,0,0
2017-01-04 18:00:00,1264.3818,26.722985839843773,0.017757416,0.01776886,15.492226946574212,25.363610839843773,0.01732254,0.014904022,5.302587888601679,24.410485839843773,0.017375946,0.066467285,1.1081512229256565,0,0,0
2017-01-04 19:00:00,1297.6431,26.065545654296898,0.01780312,0.011081696,15.084208485767157,24.440545654296898,0.016857075,0.018600464,6.082573810698696,23.659295654296898,0.016841816,0.073791504,1.0806702763089049,0,0,0
2017-01-04 20:00:00,1267.403,25.706719970703148,0.017627575,0.0074005127,14.707034704929876,23.667657470703148,0.016521312,0.017738342,6.482768649865255,22.995782470703148,0.016689159,0.06707764,1.4929450927009829,0,0,0
2017-01-04 21:00:00,1233.1341,25.435998535156276,0.017497847,0.0048675537,14.305719632258189,23.021936035156276,0.01620085,0.018218994,6.559859035419526,22.529748535156276,0.016521284,0.05697632,2.065048730658554,0,0,0
2017-01-04 22:00:00,1165.0416,25.206201171875023,0.017436843,0.003750801,14.456786054476366,22.526513671875023,0.015918594,0.021659851,6.711896696630197,22.284326171875023,0.016315322,0.045684814,2.682989129998833,0,0,0
2017-01-04 23:00:00,1098.4604,25.039697265625023,0.017444534,0.0071144104,14.605922051838254,22.149072265625023,0.015781326,0.023872375,6.560482652400378,22.110009765625023,0.01599495,0.034835815,3.2774242004777654,0,0,0
2017-01-05 00:00:00,1032.8674,24.920922851562523,0.01742938,0.011089325,14.698816773420036,21.905297851562523,0.015728025,0.026367188,6.187475280712341,21.834985351562523,0.01566699,0.030586243,3.5217829369847338,0,0,0
2017-01-05 01:00:00,980.2703,24.811791992187523,0.017399028,0.017051697,15.20223406385478,21.796166992187523,0.01574345,0.031982422,5.941656915015537,21.507104492187523,0.015339091,0.032943726,3.554209830919038,0,0,0
2017-01-05 02:00:00,971.0822,24.768884277343773,0.017307756,0.022468567,16.00637461514357,21.729821777343773,0.015812395,0.035491943,5.751883753826159,21.214196777343773,0.015053269,0.045928955,3.539579935205066,0,0,0
2017-01-05 03:00:00,932.114,24.761529541015648,0.017178478,0.026054382,16.878339513310028,21.659967041015648,0.01588911,0.05126953,5.666017321612983,20.995904541015648,0.01488203,0.06613159,3.513298314557613,0,0,0
2017-01-05 04:00:00,917.614,24.733697509765648,0.017110359,0.027770996,17.34026854838408,21.546197509765648,0.015889656,0.058181763,5.424012392215582,20.944635009765648,0.014768136,0.07614136,3.401459505469563,0,0,0
2017-01-05 05:00:00,944.7807,24.639733886718773,0.017103365,0.026885986,17.17525266769659,21.366296386718773,0.015798738,0.053634644,5.129816421436459,20.913171386718773,0.014688662,0.08950806,3.165160332004031,0,0,0
2017-01-05 06:00:00,976.6765,24.606805419921898,0.017080968,0.025779724,16.60626224837535,21.208367919921898,0.01566953,0.049057007,4.813115642852069,20.919305419921898,0.014639561,0.1053772,2.866789158895057,0,0,0
2017-01-05 07:00:00,1047.9918,25.519464111328148,0.017287102,0.023963928,18.436310914052974,23.214776611328148,0.016379204,0.04248047,6.568821601223368,21.535089111328148,0.01483425,0.10501099,2.637296274642561,0,0,0
2017-01-05 08:00:00,1235.1517,26.605920410156276,0.017058382,0.030891418,21.519617046933707,25.262170410156276,0.016982088,0.045913696,8.546617421064372,22.926232910156276,0.014964114,0.09152222,2.6341028527705594,0,0,0
2017-01-05 09:00:00,1333.8797,27.4929138183594,0.017111849,0.032577515,21.53825670928813,26.9616638183594,0.017256808,0.04333496,10.618570377656043,24.5554138183594,0.015070986,0.09341431,2.478199338820179,0,0,0
2017-01-05 10:00:00,1404.4836,28.303308105468773,0.01714236,0.031295776,20.75406333756191,28.162683105468773,0.017287318,0.032470703,11.06876595666684,25.897058105468773,0.015128199,0.10040283,2.120983529783668,0,0,0
2017-01-05 11:00:00,1445.6040999999998,29.016870117187523,0.017043091,0.037017822,20.149367261469965,29.094995117187523,0.017218567,0.022872925,10.96136244610152,26.844995117187523,0.015231109,0.094940186,1.8483534264167485,0,0,0
2017-01-05 12:00:00,1459.9635999999998,29.550378417968773,0.01701247,0.02267456,19.992352015186235,29.753503417968773,0.017165057,0.015792847,10.84443640039837,27.378503417968773,0.015528551,0.0932312,1.4747069989156345,0,0,0
2017-01-05 13:00:00,1468.1269,29.866418457031276,0.016981913,0.017501831,20.35162609455035,30.053918457031276,0.0171345,0.011035919,10.809317765493804,27.585168457031276,0.015784098,0.06958008,1.152471161603596,0,0,0
2017-01-05 14:00:00,1464.8767,29.924707031250023,0.016920948,0.015777588,20.922660844558138,30.034082031250023,0.017172718,0.008739471,10.660073000316194,27.487207031250023,0.015799427,0.056015015,0.8927328534061988,0,0,0
2017-01-05 15:00:00,1462.63,29.705682373046898,0.016844785,0.01448822,21.39428791570128,29.674432373046898,0.017218625,0.008659363,10.232953548114596,27.033807373046898,0.01589111,0.04272461,0.6001460910802348,0,0,0
2017-01-05 16:00:00,1383.988,29.080499267578148,0.016814103,0.016410828,21.35067862296496,28.971124267578148,0.017401567,0.008220673,9.040018337028608,26.346124267578148,0.016028276,0.038009644,0.4444864703051343,0,0,0
2017-01-05 17:00:00,1274.3817,28.0180603027344,0.017019836,0.021408081,19.47008861268837,27.5493103027344,0.017912475,0.010375977,6.5622672165047495,25.3305603027344,0.016424743,0.029518127,0.5690294174117899,0,0,0
2017-01-05 18:00:00,1274.9865,26.722131347656276,0.017546088,0.01675415,15.944501621499738,25.315881347656276,0.01751557,0.019927979,5.062765343388008,24.065881347656276,0.016645819,0.040863037,1.1079843890832484,0,0,0
2017-01-05 19:00:00,1313.5113,26.083154296875023,0.017706238,0.011184692,14.338372153617197,24.473779296875023,0.017095886,0.02809906,5.52914382404744,23.294091796875023,0.01630243,0.03366089,1.7139629067320956,0,0,0
2017-01-05 20:00:00,1263.6644,25.686639404296898,0.017630035,0.008846283,13.133176094572656,23.850701904296898,0.016798431,0.028495789,5.978650054766207,22.741326904296898,0.016096527,0.0235672,2.1524778326401703,0,0,0
2017-01-05 21:00:00,1234.0066000000002,25.416314697265648,0.017492546,0.0076141357,12.495159377676428,23.338189697265648,0.01655413,0.027122498,6.112226739871852,22.299127197265648,0.015898002,0.018585205,2.5676425913557304,0,0,0
2017-01-05 22:00:00,1177.5269,25.185449218750023,0.017401045,0.009670258,12.828454445849596,22.919824218750023,0.016363448,0.024169922,6.218930459016016,21.896386718750023,0.015745467,0.020744324,3.0121843148863805,0,0,0
2017-01-05 23:00:00,1101.0433999999998,25.056817626953148,0.017378287,0.014671326,13.568654772451998,22.556817626953148,0.016287284,0.023635864,6.143561477329939,21.619317626953148,0.015604453,0.029937744,3.521788968894589,0,0,0
2017-01-06 00:00:00,1047.7144,25.004174804687523,0.017340146,0.02885437,14.270214624214402,22.230737304687523,0.016226254,0.03048706,5.767257444442805,21.441674804687523,0.015455685,0.04710388,3.918751138933372,0,0,0
2017-01-06 01:00:00,1005.6226,24.934838867187523,0.017149426,0.054275513,14.943608936902828,21.981713867187523,0.016149975,0.034057617,5.535333141442832,21.294213867187523,0.01531837,0.06607056,4.063842957582493,0,0,0
2017-01-06 02:00:00,960.4896,24.821649169921898,0.017111368,0.048233032,14.977351431685213,21.782586669921898,0.01607377,0.034317017,5.4186106416410444,21.227899169921898,0.0152078355,0.084472656,3.980016688019544,0,0,0
2017-01-06 03:00:00,921.8941,24.729150390625023,0.017150003,0.038497925,15.12296918870496,21.635400390625023,0.016036112,0.039154053,5.3780999510567975,21.213525390625023,0.01510914,0.099487305,3.7372195467135914,0,0,0
2017-01-06 04:00:00,910.6888,24.6811462402344,0.017142424,0.03262329,15.530976049206169,21.5170837402344,0.016005645,0.03904724,5.342059283574191,21.2045837402344,0.015017638,0.10797119,3.333809812028531,0,0,0
2017-01-06 05:00:00,933.7412,24.612145996093773,0.01710424,0.030334473,15.797183874715836,21.416833496093773,0.01597509,0.03744507,5.357754540317654,21.198083496093773,0.014948935,0.11038208,2.9470785529829,0,0,0
2017-01-06 06:00:00,973.0281,24.5493103027344,0.017088791,0.024864197,15.773530831818972,21.3852478027344,0.015929123,0.033493042,5.366532182291859,21.1899353027344,0.014895341,0.111450195,2.6918324436200995,0,0,0
2017-01-06 07:00:00,1054.0277,25.481378173828148,0.017409058,0.022621155,18.77862989991466,23.450128173828148,0.01663086,0.033813477,7.772638616101906,21.754815673828148,0.015124054,0.110687256,2.618757771409915,0,0,0
2017-01-06 08:00:00,1233.0628000000002,26.611535644531276,0.017309742,0.023338318,22.614995562502155,25.392785644531276,0.017096119,0.037887573,9.56160554180674,23.127160644531276,0.015299396,0.107940674,2.6826115012481826,0,0,0
2017-01-06 09:00:00,1328.0408,27.563287353515648,0.017164698,0.02722931,23.076685685800097,27.000787353515648,0.017225733,0.036331177,10.802632964573274,24.719537353515648,0.01537942,0.09744263,2.3643528076146816,0,0,0
2017-01-06 10:00:00,1408.4696,28.376184082031276,0.017141793,0.026901245,21.539329772552843,28.235559082031276,0.017340157,0.031433105,10.340683699827723,26.094934082031276,0.0153069245,0.08242798,1.6137677332511733,0,0,0
2017-01-06 11:00:00,1444.3903,29.053674316406276,0.01717236,0.026512146,19.72165919104066,29.256799316406276,0.01743176,0.026870728,9.422136044657972,27.131799316406276,0.01536801,0.07733154,0.7974924051885797,0,0,0
2017-01-06 12:00:00,1444.8698000000002,29.521875000000023,0.017164819,0.0315094,18.29811316596797,29.975000000000023,0.017447107,0.03251648,8.485137736563107,27.818750000000023,0.015387171,0.08590698,1.2708686920104018,0,0,0
2017-01-06 13:00:00,1466.34,29.679498291015648,0.017050512,0.030914307,17.29433313068355,30.351373291015648,0.017355688,0.039520264,7.684635160741916,28.023248291015648,0.015631445,0.09234619,2.015725737427472,0,0,0
2017-01-06 14:00:00,1458.3674999999998,29.844049072265648,0.017104087,0.01903534,16.68301532961836,30.406549072265648,0.017363487,0.035583496,6.867755440931758,27.797174072265648,0.016028343,0.107666016,2.52422785425271,0,0,0
2017-01-06 15:00:00,1421.7913,29.787469482421898,0.01716524,0.014919281,16.324507047211952,30.131219482421898,0.017584857,0.034225464,6.156516135412799,27.287469482421898,0.016364153,0.096221924,2.812168880044502,0,0,0
2017-01-06 16:00:00,1336.9415,29.373132324218773,0.017150063,0.01815033,16.630906245346463,29.498132324218773,0.017996926,0.03451538,5.288115315448174,26.435632324218773,0.01667704,0.09402466,2.843822288851976,0,0,0
2017-01-06 17:00:00,1231.2009,28.4196716308594,0.017523997,0.02584076,16.03528320975927,28.0915466308594,0.018088572,0.027786255,4.897458217144684,25.4196716308594,0.016738169,0.10220337,2.9225731538830595,0,0,0
2017-01-06 18:00:00,1239.0195,27.237023925781276,0.018264081,0.024612427,14.41914639765177,25.987023925781276,0.01766136,0.029541016,3.8955651376923983,24.408898925781276,0.016974714,0.10360718,2.734613375491228,0,0,0
2017-01-06 19:00:00,1281.2712,26.659967041015648,0.01853101,0.019119263,14.120955847355686,25.316217041015648,0.017287418,0.030342102,4.603735435394441,23.839654541015648,0.017203495,0.104034424,2.4581626725092507,0,0,0
2017-01-06 20:00:00,1245.9087000000002,26.349145507812523,0.018614909,0.017730713,13.290720692677343,24.755395507812523,0.017195841,0.029754639,5.081186672815496,23.458520507812523,0.017119547,0.11001587,2.258946969416702,0,0,0
2017-01-06 21:00:00,1199.9601,26.141687011718773,0.018614972,0.017059326,12.420476244212884,24.227624511718773,0.017157758,0.026016235,5.159621966508814,23.180749511718773,0.016959393,0.10580444,2.1218589928181943,0,0,0
2017-01-06 22:00:00,1142.1908,25.973992919921898,0.018576961,0.013660431,12.256358717417248,23.817742919921898,0.017051082,0.020851135,5.246264954682659,22.927117919921898,0.016753536,0.111206055,2.0464082141967865,0,0,0
2017-01-06 23:00:00,1072.6364999999998,25.802575683593773,0.018531326,0.011394501,12.410149278503708,23.482263183593773,0.016913895,0.01663971,5.450184610722337,22.716638183593773,0.01658583,0.11621094,1.9921877369600045,0,0,0
2017-01-07 00:00:00,1007.5369,25.639123535156276,0.018478015,0.01001358,12.71803182237954,23.170373535156276,0.016814807,0.015094757,5.517445272875152,22.521936035156276,0.016448596,0.10812378,2.116618027340988,0,0,0
2017-01-07 01:00:00,971.402,25.5441833496094,0.018462872,0.011756897,13.632581542411476,22.8801208496094,0.01672337,0.019470215,5.377696899895303,22.3176208496094,0.016326642,0.09686279,2.503992954603771,0,0,0
2017-01-07 02:00:00,943.128,25.480920410156276,0.018417206,0.018875122,14.435899426801996,22.660607910156276,0.016631927,0.027801514,5.143203776803101,22.105920410156276,0.016204681,0.08883667,2.8349977711260075,0,0,0
2017-01-07 03:00:00,911.728,25.427819824218773,0.01837118,0.018226624,14.503392116106328,22.545007324218773,0.016555384,0.037231445,4.93931018337434,21.998132324218773,0.016082361,0.08648682,2.921825446866319,0,0,0
2017-01-07 04:00:00,894.8696000000001,25.368127441406276,0.018317573,0.017105103,13.411329740610247,22.493127441406276,0.016478889,0.041809082,4.653071631848634,21.915002441406276,0.015982978,0.091278076,2.879818778892958,0,0,0
2017-01-07 05:00:00,912.9216,25.351647949218773,0.018202977,0.020553589,12.496700382372037,22.476647949218773,0.016425328,0.040420532,4.540144706049993,21.820397949218773,0.015868383,0.09881592,2.740222778730809,0,0,0
2017-01-07 06:00:00,911.7026,25.391564941406276,0.018119093,0.028373718,11.74256958117142,22.438439941406276,0.016371962,0.038711548,4.345335432566155,21.829064941406276,0.01575398,0.1038208,2.5517834765679868,0,0,0
2017-01-07 07:00:00,955.3049,25.934930419921898,0.018393854,0.0320282,11.62202350534909,24.098992919921898,0.017012933,0.03883362,6.154569491368545,22.239617919921898,0.015876153,0.10116577,2.5237840793570285,0,0,0
2017-01-07 08:00:00,1093.321,26.762261962890648,0.01835595,0.034088135,13.32289267189106,25.965386962890648,0.017402276,0.03816223,7.6329594827359,23.137261962890648,0.015861139,0.08963013,2.880415143848092,0,0,0
2017-01-07 09:00:00,1207.5341,27.303918457031276,0.018211378,0.038253784,14.693457007559788,27.553918457031276,0.017662061,0.034851074,9.02434299433993,24.366418457031276,0.015640272,0.066589355,3.1483925941615727,0,0,0
2017-01-07 10:00:00,1270.8463000000002,27.782769775390648,0.018188914,0.039657593,15.25820942024044,28.735894775390648,0.01773115,0.035003662,8.669616431493026,25.751519775390648,0.015327891,0.05506897,3.002017358553091,0,0,0
2017-01-07 11:00:00,1302.2421000000002,28.3112731933594,0.01818174,0.045791626,15.071676679362724,29.7175231933594,0.017807899,0.037261963,7.574614970175787,26.8425231933594,0.015133797,0.044387817,2.600224496245985,0,0,0
2017-01-07 12:00:00,1275.0404,28.819360351562523,0.018197251,0.04597473,15.023931196792567,30.428735351562523,0.017853929,0.039001465,6.698022687279547,27.506860351562523,0.015359116,0.042404175,2.124305678984862,0,0,0
2017-01-07 13:00:00,1254.5051,29.182519531250023,0.018296897,0.044891357,14.99627828585339,30.823144531250023,0.017915428,0.04336548,6.179462775425635,27.760644531250023,0.01574868,0.047180176,1.967739881508631,0,0,0
2017-01-07 14:00:00,1242.6368,29.386895751953148,0.01838144,0.045913696,14.975799936572148,30.840020751953148,0.018144928,0.05558777,5.8718286696185205,27.730645751953148,0.015955292,0.05722046,2.1640487978945586,0,0,0
2017-01-07 15:00:00,1218.5422,29.424829101562523,0.018389797,0.042663574,15.220335598227008,30.534204101562523,0.018183803,0.048828125,5.714435127757223,27.331079101562523,0.016253566,0.05859375,2.365128390192276,0,0,0
2017-01-07 16:00:00,1202.6033,29.0309997558594,0.018313356,0.031921387,15.54767498530666,29.9372497558594,0.018526979,0.044662476,4.90710573545278,26.5934997558594,0.016703553,0.04458618,2.3619040963812705,0,0,0
2017-01-07 17:00:00,1143.446,28.139764404296898,0.018648604,0.028038025,14.659183308542037,28.639764404296898,0.018663863,0.046203613,4.209939469380283,25.639764404296898,0.01706169,0.07434082,2.2654248895075524,0,0,0
2017-01-07 18:00:00,1202.5885999999998,27.228173828125023,0.019075276,0.028533936,13.155773615605009,26.540673828125023,0.018419148,0.04675293,2.6628921649800263,24.423486328125023,0.01714504,0.08053589,2.2342267959634463,0,0,0
2017-01-07 19:00:00,1211.686,26.7343688964844,0.01929625,0.02319336,12.363102579425778,25.7265563964844,0.017976364,0.04032898,2.863955361817576,23.5624938964844,0.017160019,0.08276367,1.977779575217903,0,0,0
2017-01-07 20:00:00,1203.7387,26.419519042968773,0.019372286,0.014572144,11.913748734341734,25.099206542968773,0.017648043,0.029594421,3.3764314667547706,23.146081542968773,0.016991915,0.072631836,1.7674014703139074,0,0,0
2017-01-07 21:00:00,1165.1348,26.135888671875023,0.019288413,0.015647888,11.835522695392228,24.534326171875023,0.017419212,0.022460938,3.717633807218343,22.901513671875023,0.016793601,0.062301636,1.772711202308532,0,0,0
2017-01-07 22:00:00,1123.5285,25.952539062500023,0.019220805,0.022834778,12.011152235116194,24.038476562500023,0.017244792,0.017997742,3.833345755404925,22.733789062500023,0.01662681,0.06021118,1.9722045236190384,0,0,0
2017-01-07 23:00:00,1069.9938,25.810937500000023,0.01917664,0.026756287,12.366231801355,23.670312500000023,0.017055668,0.018943787,3.917360977695512,22.600000000000023,0.01652924,0.06845093,2.145664523499889,0,0,0
2017-01-08 00:00:00,1027.3666,25.692590332031276,0.019154394,0.030982971,12.876883513813436,23.387902832031276,0.01694187,0.02658081,4.148048677488073,22.426965332031276,0.01643833,0.07974243,2.329322439408808,0,0,0
2017-01-08 01:00:00,990.8607,25.571160888671898,0.019131381,0.03755188,13.459032535558151,23.180535888671898,0.016850192,0.0337677,4.420315665024467,22.282098388671898,0.016346652,0.09378052,2.5842886858437053,0,0,0
2017-01-08 02:00:00,945.8253,25.494958496093773,0.019062793,0.041015625,14.227734809349512,23.151208496093773,0.01681975,0.038619995,4.299490796479136,22.159020996093773,0.016285693,0.10958862,2.7693388956308254,0,0,0
2017-01-08 03:00:00,941.3436,25.448999023437523,0.018994609,0.04270935,14.852395159292437,22.941186523437523,0.016682902,0.044052124,4.056323265037065,22.089624023437523,0.016248027,0.12841797,2.8937216475150334,0,0,0
2017-01-08 04:00:00,901.8382,25.413537597656276,0.018970868,0.04647827,15.33033742634091,22.905725097656276,0.016659161,0.04928589,3.979512801902128,22.061975097656276,0.016262433,0.14379883,3.004951548764939,0,0,0
2017-01-08 05:00:00,894.1457,25.384820556640648,0.018932087,0.058761597,15.32484447406553,23.002008056640648,0.01675008,0.05883789,3.864544284894045,22.087945556640648,0.016322834,0.1473999,3.0262379721930763,0,0,0
2017-01-08 06:00:00,869.5459,25.388146972656276,0.018939849,0.0776062,14.720178386602468,23.153771972656276,0.016887542,0.07244873,3.777673411298984,22.169396972656276,0.01641452,0.15203857,3.0008122202956704,0,0,0
2017-01-08 07:00:00,875.6386,26.228082275390648,0.019160789,0.091033936,17.850621162954535,24.470269775390648,0.017680686,0.084991455,5.058896575229465,22.735894775390648,0.01686434,0.16491699,3.0329324076560624,0,0,0
2017-01-08 08:00:00,930.7721,27.134606933593773,0.01895414,0.11160278,22.546329986266265,25.517419433593773,0.01806913,0.08880615,6.954485646362983,23.587731933593773,0.017397743,0.1828003,3.0028697354914837,0,0,0
2017-01-08 09:00:00,975.2218,27.895288085937523,0.018602472,0.12756348,25.93734157284071,26.770288085937523,0.018442255,0.09512329,9.983070481734872,24.520288085937523,0.017793756,0.18499756,2.9809071757578463,0,0,0
2017-01-08 10:00:00,1029.2382,28.291894531250023,0.018282104,0.11694336,27.26920904542137,27.729394531250023,0.01847284,0.091918945,12.38954234758167,25.830957031250023,0.017595459,0.17681885,3.628339397394396,0,0,0
2017-01-08 11:00:00,1082.0611,28.592309570312523,0.018091675,0.08380127,27.9706138629127,28.373559570312523,0.01841211,0.07937622,13.254255942833778,27.029809570312523,0.017321106,0.17120361,3.90247815699699,0,0,0
2017-01-08 12:00:00,1082.177,29.021386718750023,0.018045373,0.07772827,28.51375695936086,29.005761718750023,0.018442102,0.06842041,13.605988816368423,27.622949218750023,0.017114587,0.17089844,3.62359307708938,0,0,0
2017-01-08 13:00:00,1102.7472,29.282983398437523,0.018014647,0.09564209,29.009509401956244,29.486108398437523,0.01847241,0.07507324,13.785256512634817,27.829858398437523,0.016992308,0.18011475,3.216751368466542,0,0,0
2017-01-08 14:00:00,1089.8956,29.1174255371094,0.017892333,0.103302,29.64602973177727,29.3986755371094,0.018365355,0.07144165,13.606741855406742,27.6486755371094,0.017030211,0.18127441,2.9465090511279457,0,0,0
2017-01-08 15:00:00,1079.2701,28.564294433593773,0.017869236,0.09051514,29.89941156631212,29.001794433593773,0.018288853,0.05784607,13.08602709857386,27.204919433593773,0.016999485,0.17822266,3.078627186972956,0,0,0
2017-01-08 16:00:00,1052.4816,27.742456054687523,0.018006314,0.090270996,29.907980394198564,28.461206054687523,0.018242825,0.056900024,12.724516086333017,26.429956054687523,0.017060269,0.1795044,3.222284517800471,0,0,0
2017-01-08 17:00:00,1047.7686,26.942041015625023,0.018257566,0.08654785,28.63195536106208,27.223291015625023,0.018158384,0.055786133,11.009310898173268,25.317041015625023,0.017334409,0.17346191,3.1612426399335334,0,0,0
2017-01-08 18:00:00,1091.9554,26.346643066406276,0.01844796,0.10055542,26.30397485205569,25.674768066406276,0.017868126,0.060455322,9.260353784909068,24.252893066406276,0.017227257,0.19213867,3.247654094608152,0,0,0
2017-01-08 19:00:00,1142.2116,26.092645263671898,0.018508611,0.09121704,25.041015804758796,25.139520263671898,0.017715154,0.06933594,8.956041059698906,23.733270263671898,0.016837774,0.19641113,3.788929675104269,0,0,0
2017-01-08 20:00:00,1131.7012,25.945092773437523,0.018478425,0.06915283,24.448969644940437,24.804467773437523,0.017578157,0.07684326,8.988069179375634,23.468530273437523,0.016792329,0.19293213,3.727024519008335,0,0,0
2017-01-08 21:00:00,1120.8142,25.847619628906276,0.018425986,0.059890747,24.3036486111742,24.464807128906276,0.017479941,0.0826416,8.722174581031789,23.331994628906276,0.016800925,0.2006836,3.5088641045325693,0,0,0
2017-01-08 22:00:00,1097.264,25.781030273437523,0.018343292,0.057022095,25.02399253989496,24.226342773437523,0.017420135,0.08068848,8.676112707711845,23.241967773437523,0.016779266,0.20422363,3.6263458857832913,0,0,0
2017-01-08 23:00:00,1051.2948,25.7368103027344,0.018184543,0.05897522,25.165252380378863,24.0883728027344,0.017383456,0.081970215,9.13199649085881,23.1274353027344,0.016742587,0.20489502,3.852415634904944,0,0,0
2017-01-09 00:00:00,998.3698000000002,25.684686279296898,0.018003052,0.05680847,24.84994258758851,23.997186279296898,0.017354554,0.0859375,9.93068824941432,23.028436279296898,0.016675537,0.19030762,4.06414081009652,2,1,0
2017-01-09 01:00:00,976.5263,25.554162597656276,0.017873663,0.051452637,24.08155086199693,23.874475097656276,0.017248053,0.076690674,10.666449123389445,22.851037597656276,0.01653089,0.18908691,4.3834932665542015,2,1,0
2017-01-09 02:00:00,931.7746,25.423242187500023,0.017819649,0.047561646,23.801378431392894,23.696679687500023,0.017026192,0.06341553,11.09620975013954,22.610742187500023,0.016316658,0.18029785,4.9267981794989,2,1,0
2017-01-09 03:00:00,895.1899,25.359887695312523,0.017704703,0.04434204,24.417535977907804,23.500512695312523,0.016712882,0.049713135,11.61123815277379,22.328637695312523,0.016026236,0.15527344,5.57846941229283,2,1,0
2017-01-09 04:00:00,912.702,25.336022949218773,0.017536612,0.034500122,24.43175038010462,23.328210449218773,0.01642272,0.04109192,11.857976425994176,22.046960449218773,0.015713187,0.13647461,6.149240930745275,2,1,0
2017-01-09 05:00:00,876.0242000000001,25.306726074218773,0.017346257,0.03173828,24.37866701683212,23.166101074218773,0.016201848,0.032989502,11.939259708784244,21.845788574218773,0.015511387,0.12149048,6.556468140325069,2,1,0
2017-01-09 06:00:00,890.0717,25.397271728515648,0.01697234,0.039245605,26.768713051117828,23.108209228515648,0.016056813,0.029022217,12.412559688920163,21.725396728515648,0.015381612,0.111206055,6.796334880546479,2,1,0
2017-01-09 07:00:00,870.3679000000001,25.921899414062523,0.016888196,0.035308838,29.23217474433271,24.070336914062523,0.016361767,0.023765564,14.701883903766356,22.039086914062523,0.015480571,0.11035156,7.072834645967571,2,1,0
2017-01-09 08:00:00,940.1379,26.749871826171898,0.016567668,0.03504944,32.296408797887025,25.585809326171898,0.016880473,0.023742676,16.489821606487123,22.960809326171898,0.015644511,0.106292725,7.323164596014307,2,1,0
2017-01-09 09:00:00,1002.8169,27.434869384765648,0.016277198,0.023490906,34.575852839942726,27.020806884765648,0.016918067,0.018669128,18.66377402554116,24.153619384765648,0.015563849,0.10140991,7.452047847428339,2,1,0
2017-01-09 10:00:00,954.6403,27.998559570312523,0.016230958,0.010902405,35.05716662311182,28.021997070312523,0.016688721,0.009586334,20.090636962089597,25.201684570312523,0.015483278,0.097961426,7.44409249620402,2,1,0
2017-01-09 11:00:00,1056.8762000000002,28.458398437500023,0.016284153,0.005674362,35.19908640282799,28.692773437500023,0.016467258,0.006259918,20.762489534727948,25.934960937500023,0.015425846,0.09692383,7.510487951891855,2,1,0
2017-01-09 12:00:00,1071.5847,28.7070251464844,0.01639094,0.0052452087,35.39798857583357,29.1132751464844,0.01639094,0.005844116,20.820031101522385,26.2695251464844,0.015311382,0.09954834,7.741112477395954,2,1,0
2017-01-09 13:00:00,1081.6852,28.776147460937523,0.016459912,0.004989624,35.64409228325594,29.276147460937523,0.016292065,0.0048656464,20.50577119304904,26.260522460937523,0.015227766,0.10952759,8.049397909263783,2,1,0
2017-01-09 14:00:00,1071.7037,28.700128173828148,0.01642193,0.004611969,35.92087740567803,29.137628173828148,0.016139643,0.006088257,20.00782742488949,25.981378173828148,0.015147821,0.10992432,8.331375196679518,2,1,0
2017-01-09 15:00:00,1055.4847,28.451196289062523,0.016399257,0.008071899,35.986878559647224,28.669946289062523,0.016033046,0.016677856,19.246062290668423,25.498071289062523,0.0151442215,0.10391235,8.407868378571749,2,1,0
2017-01-09 16:00:00,1043.0902,27.907586669921898,0.016514285,0.01714325,35.246757871181394,27.829461669921898,0.016140444,0.032791138,17.632793738913367,24.798211669921898,0.015274508,0.1031189,8.060188111034005,2,1,0
2017-01-09 17:00:00,1020.5692,27.055078125000023,0.016698092,0.03515625,32.98917136343521,26.539453125000023,0.016400546,0.049728394,14.72292710433395,23.836328125000023,0.015557498,0.12963867,7.272726116527118,2,1,0
2017-01-09 18:00:00,1025.7069,26.274987792968773,0.017002134,0.047851562,29.52907860320564,24.962487792968773,0.016384153,0.06524658,12.344820711078468,22.845300292968773,0.01565936,0.15466309,6.6388787340896105,2,1,0
2017-01-09 19:00:00,1105.1976000000002,26.0053649902344,0.017115863,0.050842285,28.62623167894648,24.3725524902344,0.01640633,0.067108154,12.034148703413514,22.4038024902344,0.01565102,0.15441895,6.484697775287327,2,1,0
2017-01-09 20:00:00,1132.8376,25.860681152343773,0.017139088,0.04714966,27.555135934294025,24.071618652343773,0.016421925,0.074920654,12.063934165016065,22.235681152343773,0.015674245,0.14874268,6.328464834625056,2,1,0
2017-01-09 21:00:00,1110.4343,25.698205566406276,0.017148262,0.033294678,26.13595356683311,23.838830566406276,0.01642347,0.07949829,11.86139104420987,22.135705566406276,0.01566053,0.14569092,6.209141673603203,2,1,0
2017-01-09 22:00:00,1074.5775999999998,25.533563232421898,0.017187543,0.024658203,26.015379855263923,23.682000732421898,0.016394086,0.07635498,12.308873395149227,22.033563232421898,0.015612073,0.14056396,6.203386062009875,2,1,0
2017-01-09 23:00:00,1018.041,25.377984619140648,0.017210318,0.03919983,26.76757535171912,23.526422119140648,0.01629479,0.066345215,12.741747835714516,21.917047119140648,0.0155013325,0.12530518,6.388820495276246,2,1,0
2017-01-10 00:00:00,955.3804,25.1955505371094,0.01732315,0.053848267,25.86332606475501,23.3596130371094,0.016140593,0.059295654,13.05256354047079,21.7814880371094,0.015339508,0.10714722,6.650554608041608,0,0,0
2017-01-10 01:00:00,933.5363,25.057580566406276,0.0174666,0.06915283,25.431958351948328,23.206018066406276,0.015994126,0.057800293,13.11165623309293,21.643518066406276,0.015185411,0.09631348,6.876771663924958,0,0,0
2017-01-10 02:00:00,891.2764000000001,24.987512207031276,0.017504033,0.07858276,25.46999440978296,23.081262207031276,0.015932377,0.060058594,13.137587225975595,21.542199707031276,0.015108402,0.098236084,6.869158132019381,0,0,0
2017-01-10 03:00:00,893.5034,24.949060058593773,0.01747325,0.08615112,25.94340598940422,23.019372558593773,0.015916854,0.06704712,13.191618651356713,21.511560058593773,0.015131026,0.11340332,6.729211151007505,0,0,0
2017-01-10 04:00:00,881.6479,24.890405273437523,0.017465264,0.08709717,24.900486658694923,22.960717773437523,0.015885979,0.070251465,12.878875966752386,21.546655273437523,0.015214592,0.12841797,6.513123246315234,0,0,0
2017-01-10 05:00:00,910.581,24.831109619140648,0.017456934,0.08444214,23.27125154953297,22.862359619140648,0.015847132,0.07965088,12.1661391832805,21.581109619140648,0.015297815,0.12695312,6.2397904496586944,0,0,0
2017-01-10 06:00:00,938.226,24.807977294921898,0.017448539,0.07922363,22.08302617772337,22.823602294921898,0.015831107,0.08804321,11.55014975314469,21.604852294921898,0.015350455,0.13165283,5.957954487883194,0,0,0
2017-01-10 07:00:00,1049.8904,25.565759277343773,0.017554732,0.06854248,24.09455901335095,23.925134277343773,0.016272994,0.08795166,13.054043478840606,22.073571777343773,0.015613051,0.13708496,5.891823812472606,0,0,0
2017-01-10 08:00:00,1226.4397,26.644403076171898,0.017165244,0.078948975,29.522824690980624,25.550653076171898,0.016898215,0.07678223,14.4826537774336,23.050653076171898,0.015906394,0.13879395,5.925339025141618,0,0,0
2017-01-10 09:00:00,1331.2965,27.451348876953148,0.016852245,0.07376099,32.16234556384172,26.982598876953148,0.017187938,0.07003784,15.95886361113438,24.209161376953148,0.015974864,0.13787842,5.809550367543297,0,0,0
2017-01-10 10:00:00,1423.5682,28.105523681640648,0.016768266,0.07394409,32.901822117956335,28.089898681640648,0.017309953,0.06817627,16.750533165488346,25.410211181640648,0.015997697,0.12084961,5.608509519321538,0,0,0
2017-01-10 11:00:00,1454.0733,28.638055419921898,0.01672249,0.0753479,33.05370208735608,28.903680419921898,0.017416764,0.078704834,17.155018046188093,26.317742919921898,0.01595192,0.12155151,5.458666740116205,0,0,0
2017-01-10 12:00:00,1444.0323999999998,28.906762695312523,0.016600322,0.075683594,32.849900671403766,29.406762695312523,0.017462444,0.095947266,17.08883366657843,26.813012695312523,0.015936565,0.1317749,5.371197083523038,0,0,0
2017-01-10 13:00:00,1439.9912,29.006951904296898,0.016478464,0.064941406,32.40309891186022,29.647576904296898,0.017485544,0.106414795,16.628553940506787,26.866326904296898,0.016066477,0.1237793,5.317349980528806,0,0,0
2017-01-10 14:00:00,1449.8179,28.902978515625023,0.016334016,0.058654785,32.10147661752323,29.559228515625023,0.017516572,0.12677002,16.087587583076715,26.621728515625023,0.015990693,0.11932373,5.625811556445891,0,0,0
2017-01-10 15:00:00,1401.4814,28.573205566406276,0.016113171,0.046920776,32.067549458471014,29.182580566406276,0.017463574,0.12817383,15.444473137283811,26.135705566406276,0.015838513,0.119262695,6.079721269241701,0,0,0
2017-01-10 16:00:00,1335.9242,27.9299255371094,0.015945256,0.034835815,32.0483171756188,28.4455505371094,0.01739484,0.103881836,14.28598735341262,25.3830505371094,0.01577741,0.12289429,6.347389865203737,0,0,0
2017-01-10 17:00:00,1216.0084,26.963464355468773,0.015990932,0.024307251,30.36439105097424,27.057214355468773,0.0172803,0.084625244,12.223647640762058,24.252526855468773,0.015960414,0.1418457,6.151838483716582,0,0,0
2017-01-10 18:00:00,1217.535,26.061212158203148,0.016395213,0.01436615,26.6104528095722,25.240899658203148,0.016921641,0.08050537,10.427975500290936,23.061212158203148,0.016013743,0.16937256,5.783202056420874,0,0,0
2017-01-10 19:00:00,1245.7142,25.699578857421898,0.016730776,0.010463715,25.578699858957048,24.457391357421898,0.016601076,0.06768799,11.178169487152005,22.527703857421898,0.015967837,0.17034912,6.001273563643067,0,0,0
2017-01-10 20:00:00,1204.9988,25.530847167968773,0.016860629,0.012519836,25.489566239160425,23.952722167968773,0.01634183,0.058258057,11.662526258825444,22.327722167968773,0.015945101,0.15576172,5.981345455161363,0,0,0
2017-01-10 21:00:00,1172.9433,25.428857421875023,0.016808465,0.018035889,26.038618428369105,23.546044921875023,0.016098931,0.03968811,11.609938382717123,22.194482421875023,0.01587005,0.14086914,5.902858174373667,0,0,0
2017-01-10 22:00:00,1110.59,25.342980957031276,0.016688667,0.026771545,25.949760480006876,23.163293457031276,0.015948616,0.026748657,10.850404040992355,22.053918457031276,0.01577314,0.12487793,5.738759250454769,0,0,0
2017-01-10 23:00:00,1046.385,25.294061279296898,0.016637327,0.020507812,25.630137894788227,22.879998779296898,0.015859129,0.017166138,10.136268753559408,21.903436279296898,0.015668394,0.11657715,5.506705029117681,0,0,0
2017-01-11 00:00:00,989.1982,25.206597900390648,0.016591808,0.012203217,25.25444220718979,22.690972900390648,0.01581361,0.02130127,9.627874604027056,21.745660400390648,0.015558025,0.11117554,5.270238189671004,0,0,0
2017-01-11 01:00:00,944.9562,25.105584716796898,0.016484417,0.0107040405,25.044022483095425,22.589959716796898,0.015751995,0.028259277,9.439336591459448,21.589959716796898,0.015431561,0.1109314,5.081513671790546,0,0,0
2017-01-11 02:00:00,915.1431,25.0114685058594,0.01639258,0.011592865,24.90273010729697,22.5036560058594,0.015675416,0.03262329,9.204934828412012,21.4567810058594,0.01532828,0.11480713,4.904542742072861,0,0,0
2017-01-11 03:00:00,889.9164000000001,24.9265075683594,0.016285982,0.014080048,24.72241993586695,22.4030700683594,0.015603152,0.031936646,8.917021921751843,21.3405700683594,0.015225497,0.11654663,4.8503643646229815,0,0,0
2017-01-11 04:00:00,886.628,24.825982666015648,0.016225317,0.01865387,23.690173079509343,22.255670166015648,0.015542486,0.039001465,8.356486805746728,21.232232666015648,0.015130498,0.11679077,4.751171600008086,0,0,0
2017-01-11 05:00:00,887.9922,24.691857910156276,0.016332721,0.02494812,21.579726432360257,22.059045410156276,0.015459155,0.037963867,7.811113143505823,21.137170410156276,0.015043353,0.11904907,4.718800592214429,0,0,0
2017-01-11 06:00:00,936.9707,24.674096679687523,0.016455552,0.032836914,20.102162372935684,21.767846679687523,0.015353104,0.03189087,6.878489667765599,21.103784179687523,0.015021225,0.11608887,4.707655215872416,0,0,0
2017-01-11 07:00:00,1009.695,25.409570312500023,0.016692353,0.02885437,21.0543452256502,23.198632812500023,0.015883638,0.025909424,9.11500989468739,21.628320312500023,0.015334321,0.11190796,4.707725445600538,0,0,0
2017-01-11 08:00:00,1207.7949,26.4172302246094,0.016516715,0.022499084,23.978348082339043,25.0891052246094,0.016486198,0.02154541,10.858099871741237,22.7062927246094,0.015730888,0.109375,4.729582607894428,0,0,0
2017-01-11 09:00:00,1309.5318,27.274987792968773,0.016127586,0.031280518,25.97904628632979,26.774987792968773,0.016676903,0.021110535,13.362750498722685,24.118737792968773,0.015753746,0.093811035,4.539656197726287,0,0,0
2017-01-11 10:00:00,1375.0931,28.015832519531276,0.016012955,0.025352478,27.0276155771126,27.859582519531276,0.01659279,0.017295837,14.77663233691002,25.414270019531276,0.015482713,0.08178711,4.441332176214835,0,0,0
2017-01-11 11:00:00,1413.8516,28.677514648437523,0.01602017,0.008033752,27.905821260616797,28.646264648437523,0.016546598,0.014743805,15.14665079393585,26.247827148437523,0.015264859,0.080596924,4.412061052399722,0,0,0
2017-01-11 12:00:00,1420.7171,29.162500000000023,0.016050389,0.0012164116,28.31930362427141,29.209375000000023,0.01655393,0.011837006,14.73139419452724,26.693750000000023,0.01507764,0.08706665,4.311997545245149,0,0,0
2017-01-11 13:00:00,1441.3595,29.342919921875023,0.015973743,0.0007722378,28.609385549646472,29.530419921875023,0.01651543,0.008609772,14.164354086818692,26.827294921875023,0.014928517,0.08300781,4.305417336627822,0,0,0
2017-01-11 14:00:00,1449.1123,29.183740234375023,0.015797682,0.0012741089,28.867452595196852,29.543115234375023,0.016484328,0.010257721,13.758975941010744,26.636865234375023,0.014794418,0.0741272,4.652105494627362,0,0,0
2017-01-11 15:00:00,1414.8906,28.713189697265648,0.015690489,0.0023908615,28.962434839563084,29.166314697265648,0.016400022,0.016090393,13.539775084482716,26.135064697265648,0.014614744,0.059143066,5.313723560124791,0,0,0
2017-01-11 16:00:00,1340.6270000000002,27.915063476562523,0.015850438,0.005990982,28.290048916107963,28.399438476562523,0.016338719,0.014793396,12.63026482818658,25.399438476562523,0.0146182915,0.041885376,5.841139259782535,0,0,0
2017-01-11 17:00:00,1212.496,26.882012939453148,0.01616318,0.016998291,26.12224257231442,26.866387939453148,0.016422579,0.014736176,10.24231534620581,24.319512939453148,0.014881441,0.049743652,5.813889309139432,0,0,0
2017-01-11 18:00:00,1208.0210000000002,25.904229736328148,0.01657537,0.0342865,22.291961315834023,24.638604736328148,0.016148124,0.014751434,7.663102496855914,22.982354736328148,0.015163931,0.06265259,5.405520383078528,0,0,0
2017-01-11 19:00:00,1244.8132,25.541772460937523,0.016674971,0.037994385,21.46970973905556,23.643334960937523,0.015896773,0.021636963,6.963089377970666,22.283959960937523,0.015351272,0.07437134,5.163312933881312,0,0,0
2017-01-11 20:00:00,1219.5331,25.297174072265648,0.016652469,0.044631958,21.05041407814412,23.039361572265648,0.015660647,0.028526306,6.760462777363051,22.039361572265648,0.015508059,0.09616089,4.637162348955849,0,0,0
2017-01-11 21:00:00,1188.5211,25.087457275390648,0.016538372,0.047348022,20.713477747601697,22.626519775390648,0.015535108,0.03440857,6.503549451784138,22.009332275390648,0.015607587,0.11557007,4.246429702958471,0,0,0
2017-01-11 22:00:00,1120.377,24.908410644531276,0.016447008,0.028373718,20.69925960377644,22.361535644531276,0.015546738,0.041534424,6.632483963125592,22.041223144531276,0.015714586,0.1317749,4.057314371315628,0,0,0
2017-01-11 23:00:00,1055.8233,24.708764648437523,0.016416669,0.018051147,20.465094213727863,22.146264648437523,0.015668988,0.054260254,7.063181983630799,22.091577148437523,0.015844464,0.1383667,4.01013745783422,0,0,0
2017-01-12 00:00:00,1003.1792,24.502038574218773,0.016523983,0.012283325,19.792385509834883,21.884851074218773,0.015745785,0.052230835,7.453925093405199,22.080163574218773,0.015890744,0.14129639,4.152389020269305,0,0,0
2017-01-12 01:00:00,952.6504,24.3002868652344,0.016683279,0.014251709,18.542002176856805,21.5580993652344,0.015706716,0.043167114,7.696424203883453,21.9799743652344,0.015828786,0.14117432,4.4050647975905735,0,0,0
2017-01-12 02:00:00,927.8941,24.254663085937523,0.01682794,0.023223877,18.231937698612665,21.231225585937523,0.015515682,0.034194946,7.932572534555937,21.809350585937523,0.015653012,0.13195801,4.713998903244467,0,0,0
2017-01-12 03:00:00,901.1465,24.333673095703148,0.016950037,0.02594757,18.75497797688854,21.005548095703148,0.01529446,0.024429321,8.191686891651766,21.528985595703148,0.015363124,0.1194458,5.136661990240115,0,0,0
2017-01-12 04:00:00,907.0964,24.289270019531276,0.017018648,0.023170471,18.286210414763573,20.789270019531276,0.015076967,0.028839111,7.814801433478791,21.273645019531276,0.015088411,0.11148071,5.220468448797496,0,0,0
2017-01-12 05:00:00,926.2174,24.1860290527344,0.017071942,0.01738739,16.9279077824062,20.6079040527344,0.0149471555,0.028945923,7.232129839204244,21.0922790527344,0.014924267,0.108947754,4.995196228296932,0,0,0
2017-01-12 06:00:00,947.192,24.188073730468773,0.017086325,0.0122413635,15.94653242439574,20.602136230468773,0.014919576,0.023864746,6.881012881816464,21.047448730468773,0.014889059,0.104278564,4.686311971031329,0,0,0
2017-01-12 07:00:00,1044.5811,25.302087402343773,0.017330404,0.010692596,18.94498909195611,22.544274902343773,0.015552755,0.024932861,9.780207791607571,21.630212402343773,0.015136953,0.11300659,4.601651641552215,0,0,0
2017-01-12 08:00:00,1205.4282,26.500573730468773,0.017155418,0.022827148,22.44007877927609,24.680261230468773,0.016323814,0.029251099,11.830415578396575,22.813073730468773,0.015312919,0.11453247,4.916638484593889,0,0,0
2017-01-12 09:00:00,1302.3776,27.484582519531276,0.016942004,0.03189087,23.28133728748318,26.547082519531276,0.016720751,0.025543213,13.922369486956867,24.226770019531276,0.015305499,0.10626221,4.932966228091889,0,0,0
2017-01-12 10:00:00,1389.1771,28.340112304687523,0.0168809,0.046310425,23.25102442299586,27.871362304687523,0.016858011,0.02305603,14.142804886362214,25.543237304687523,0.015259653,0.09490967,4.788133472733395,0,0,0
2017-01-12 11:00:00,1414.1829,29.048608398437523,0.016811857,0.052200317,23.209020912856243,28.829858398437523,0.016888151,0.021842957,13.737137677427697,26.517358398437523,0.015141019,0.104034424,4.509625402148187,0,0,0
2017-01-12 12:00:00,1430.8187999999998,29.507165527343773,0.016753193,0.05026245,22.94491125798308,29.507165527343773,0.016890522,0.023117065,12.979400876270583,27.038415527343773,0.015120503,0.095184326,4.112749928123877,0,0,0
2017-01-12 13:00:00,1451.3029,29.753869628906276,0.016654534,0.05455017,22.46929533358993,29.878869628906276,0.016860528,0.02508545,12.2555736333722,27.191369628906276,0.015258355,0.10067749,3.648109152679243,0,0,0
2017-01-12 14:00:00,1467.9341000000002,29.715783691406276,0.016608842,0.05303955,22.44143917262598,29.950158691406276,0.0168835,0.033493042,11.64966996670944,27.012658691406276,0.015529282,0.106292725,3.320332398837432,0,0,0
2017-01-12 15:00:00,1441.0456,29.441613769531276,0.016577786,0.048416138,23.0157419485318,29.660363769531276,0.016936367,0.038131714,11.103670657723749,26.597863769531276,0.0156241115,0.10598755,3.5393531770890583,0,0,0
2017-01-12 16:00:00,1364.5987,28.761315917968773,0.016615415,0.03868103,23.783586384799964,28.980065917968773,0.017195249,0.038757324,10.438858590706063,25.901940917968773,0.015722776,0.10437012,4.149625715359843,0,0,0
2017-01-12 17:00:00,1251.0284,27.656121826171898,0.016874528,0.020347595,23.351566721206545,27.546746826171898,0.017812943,0.041915894,8.257990598318928,24.796746826171898,0.015852189,0.11520386,4.653226852583223,0,0,0
2017-01-12 18:00:00,1266.4946,26.465112304687523,0.017294187,0.013263702,21.60734471380171,25.402612304687523,0.017484922,0.03643799,6.823399525880243,23.488549804687523,0.01598956,0.124420166,5.036998453091173,0,0,0
2017-01-12 19:00:00,1279.1888,25.893518066406276,0.017523235,0.011650085,21.18168934771367,24.541955566406276,0.017118877,0.052520752,7.222355944186182,22.768518066406276,0.015867656,0.12677002,5.80721872910568,0,0,0
2017-01-12 20:00:00,1247.2188,25.587243652343773,0.017584478,0.0136528015,21.67118055225235,23.938806152343773,0.016859686,0.059036255,7.43534033955177,22.352868652343773,0.015844977,0.13079834,5.83269735447975,0,0,0
2017-01-12 21:00:00,1222.9782,25.341333007812523,0.01764456,0.016464233,21.87778380724168,23.489770507812523,0.016606962,0.05860901,7.69572079143701,22.146020507812523,0.015897429,0.13421631,5.506923579780056,0,0,0
2017-01-12 22:00:00,1140.4367,25.158044433593773,0.017666496,0.018013,22.09985408130649,23.142419433593773,0.016461052,0.05218506,8.094511079684839,22.056481933593773,0.015942253,0.13641357,5.146460444530464,0,0,0
2017-01-12 23:00:00,1095.3721,25.048242187500023,0.01763546,0.020195007,22.14780133014936,22.829492187500023,0.016346091,0.04849243,8.178606088413751,21.970117187500023,0.015918845,0.13745117,5.040314547396258,0,0,0
2017-01-13 00:00:00,1023.5523,24.969445800781276,0.017597074,0.02280426,22.02286501007426,22.500695800781276,0.016239041,0.05050659,8.166789308003382,21.883508300781276,0.015865201,0.12677002,5.193843369729183,0,0,0
2017-01-13 01:00:00,978.1523,24.909448242187523,0.017565824,0.028038025,22.132163664157,22.237573242187523,0.016146757,0.042007446,8.27743846081227,21.800073242187523,0.015818693,0.13433838,5.113004910409063,0,0,0
2017-01-13 02:00:00,965.269,24.892724609375023,0.017504392,0.034851074,23.289813913574022,22.009912109375023,0.016062437,0.045959473,8.435053722524824,21.736474609375023,0.015787778,0.12921143,5.084697429466059,0,0,0
2017-01-13 03:00:00,938.238,24.872338867187523,0.017450774,0.036972046,24.031725285347903,21.809838867187523,0.015963042,0.05050659,8.42661394909573,21.700463867187523,0.015757049,0.13238525,5.00367464838367,0,0,0
2017-01-13 04:00:00,930.6655,24.836145019531276,0.017442808,0.030570984,23.27820381707357,21.617395019531276,0.015886411,0.044403076,7.776680905094294,21.672082519531276,0.015710935,0.12225342,4.794154124029975,0,0,0
2017-01-13 05:00:00,937.6342,24.804589843750023,0.017465537,0.028282166,21.981333911465512,21.476464843750023,0.015832847,0.043319702,7.330874788092578,21.663964843750023,0.015649742,0.12094116,4.488659492670133,0,0,0
2017-01-13 06:00:00,972.0353,24.793298339843773,0.017496036,0.024536133,21.026594270731923,21.504235839843773,0.01581757,0.039871216,7.267877674977579,21.676110839843773,0.01563065,0.11883545,4.1839155724105295,0,0,0
2017-01-13 07:00:00,1069.6841000000002,25.5212341308594,0.017702097,0.020233154,23.052169466014337,23.2399841308594,0.01639747,0.040481567,10.301499348369774,22.1774841308594,0.015962595,0.11395264,4.093075370819714,0,0,0
2017-01-13 08:00:00,1229.6627,26.596887207031276,0.017480442,0.035186768,27.582203775041084,25.229699707031276,0.017030308,0.043945312,12.535616001959538,23.143762207031276,0.016320774,0.13354492,4.25904837550366,0,0,0
2017-01-13 09:00:00,1340.0398,27.518762207031276,0.017281812,0.054885864,29.706887296248848,26.940637207031276,0.017213147,0.041397095,14.856161885206848,24.432824707031276,0.016358655,0.13171387,4.434922617997355,0,0,0
2017-01-13 10:00:00,1406.2522,28.261834716796898,0.01724356,0.082336426,29.959622424691503,28.214959716796898,0.01738089,0.03300476,15.151826593552798,25.793084716796898,0.016015228,0.11187744,4.441625932479261,0,0,0
2017-01-13 11:00:00,1429.024,28.784265136718773,0.017205695,0.11199951,29.615995590630057,29.190515136718773,0.017587164,0.03163147,14.940607974998798,26.784265136718773,0.015855292,0.103302,3.965947174620752,0,0,0
2017-01-13 12:00:00,1432.4004,29.041772460937523,0.017191542,0.12176514,29.45141272791378,29.854272460937523,0.01771797,0.048980713,14.333671781107435,27.323022460937523,0.016031874,0.09854126,3.1649044290007007,0,0,0
2017-01-13 13:00:00,1469.583,29.193200683593773,0.01714598,0.13421631,29.3430262740224,30.130700683593773,0.017847884,0.064575195,13.683800217674063,27.365075683593773,0.016543258,0.10379028,2.4819350010524364,0,0,0
2017-01-13 14:00:00,1466.8495,29.069238281250023,0.017039005,0.13391113,29.555626657857754,30.069238281250023,0.017946903,0.07998657,13.2886983767079,27.100488281250023,0.0167262,0.11569214,2.3529285546483174,0,0,0
2017-01-13 15:00:00,1448.6453,28.624963378906276,0.016901344,0.119903564,30.09417384339378,29.671838378906276,0.0179542,0.08938599,13.005382215961664,26.609338378906276,0.016672462,0.1338501,2.7255597038469017,0,0,0
2017-01-13 16:00:00,1360.7968,27.852380371093773,0.016794406,0.106933594,30.50962192537457,28.789880371093773,0.017976962,0.07046509,12.401753750730176,25.891442871093773,0.01661893,0.15057373,3.578964742546013,0,0,0
2017-01-13 17:00:00,1243.8708,26.913659667968773,0.016778681,0.067474365,29.76842260475016,27.398034667968773,0.017991755,0.05581665,10.755897692641026,24.788659667968773,0.01692364,0.1459961,4.071363560724013,0,0,0
2017-01-13 18:00:00,1244.8822,26.030480957031276,0.016900305,0.030891418,27.08723243542504,25.585168457031276,0.017541174,0.046279907,9.367740206666166,23.678918457031276,0.016526464,0.14050293,4.658232477059647,0,0,0
2017-01-13 19:00:00,1275.8495,25.623864746093773,0.01695347,0.015861511,25.85386226879588,24.795739746093773,0.017144205,0.052093506,9.924309240945291,23.022302246093773,0.016381266,0.1348877,5.007674625301954,0,0,0
2017-01-13 20:00:00,1228.1132,25.3762145996094,0.016877133,0.011505127,25.44652700653541,24.2902770996094,0.016877133,0.060653687,9.67189330855749,22.6730895996094,0.016259152,0.12365723,4.815266584342948,0,0,0
2017-01-13 21:00:00,1198.6831,25.153375244140648,0.016862081,0.012706757,24.30526676322728,23.926812744140648,0.016686605,0.05859375,9.7928559480066,22.450250244140648,0.016099142,0.116760254,4.551978928032827,0,0,0
2017-01-13 22:00:00,1140.7334,24.9370056152344,0.01683968,0.015575409,23.201223288545822,23.6479431152344,0.016549762,0.052627563,10.213858132420812,22.2963806152344,0.01595467,0.11743164,4.480097340735422,0,0,0
2017-01-13 23:00:00,1090.2393,24.748376464843773,0.01678699,0.014411926,22.453480841060767,23.435876464843773,0.01642078,0.045059204,10.743326068922666,22.123376464843773,0.015833316,0.13977051,4.631396963899688,0,0,0
2017-01-14 00:00:00,1026.2553,24.620050048828148,0.016665744,0.011058807,22.99798163804442,23.237237548828148,0.016246127,0.052139282,11.176735311863,21.940362548828148,0.01569681,0.15771484,4.973678050933695,0,0,0
2017-01-14 01:00:00,963.5582,24.575585937500023,0.016376616,0.0125312805,24.625420104185377,23.036523437500023,0.015995147,0.06329346,11.794125986094896,21.747460937500023,0.015514496,0.16027832,5.441239811199594,0,0,0
2017-01-14 02:00:00,944.7958,24.559106445312523,0.016133267,0.015529633,25.777625029246536,22.887231445312523,0.015835721,0.050201416,12.49459901017431,21.590356445312523,0.015355069,0.1439209,5.893269776797035,0,0,0
2017-01-14 03:00:00,923.1621,24.569879150390648,0.01582897,0.01802063,27.478429961684125,22.757379150390648,0.015729789,0.052474976,12.869941111609975,21.468316650390648,0.01521862,0.12823486,6.228516837664511,0,0,0
2017-01-14 04:00:00,914.0768,24.448266601562523,0.015768932,0.013179779,26.09192190452584,22.635766601562523,0.015597272,0.05229187,12.821224580501363,21.346704101562523,0.015089917,0.12835693,6.447222533037225,0,0,0
2017-01-14 05:00:00,915.7525,24.331597900390648,0.015731908,0.0103302,24.72524041192996,22.495660400390648,0.015518286,0.040908813,12.47541413928922,21.245660400390648,0.015014746,0.12402344,6.455028091121333,0,0,0
2017-01-14 06:00:00,912.631,24.262048339843773,0.015761578,0.008934021,23.61814981602966,22.387048339843773,0.015429701,0.050048828,12.130345023359483,21.207360839843773,0.015006269,0.109375,6.084456141420138,0,0,0
2017-01-14 07:00:00,953.5567,25.022363281250023,0.015906055,0.011795044,25.789599429240912,23.405175781250023,0.015639026,0.048614502,14.093691189594594,21.686425781250023,0.015177447,0.0982666,5.961633727285099,0,0,0
2017-01-14 08:00:00,1105.1414,26.140588378906276,0.015284164,0.01750946,31.144721667469447,24.953088378906276,0.015951736,0.046905518,15.917003738003126,22.710900878906276,0.015280349,0.112854004,6.274777576410407,0,0,0
2017-01-14 09:00:00,1186.3557,26.965722656250023,0.015002188,0.022895813,33.58296065837602,26.348535156250023,0.015967308,0.039230347,17.708353534761763,23.903222656250023,0.015135703,0.10787964,6.520466564779864,0,0,0
2017-01-14 10:00:00,1235.9398,27.547631835937523,0.015048741,0.032089233,33.38459565138749,27.360131835937523,0.015868902,0.025939941,18.19015970504973,24.953881835937523,0.014911412,0.09881592,6.404870081707341,0,0,0
2017-01-14 11:00:00,1257.1412,28.166955566406276,0.0152251115,0.024108887,32.57994616087791,28.120080566406276,0.015877426,0.01556015,17.89135585468155,25.682580566406276,0.014725386,0.09802246,6.2092295060873,0,0,0
2017-01-14 12:00:00,1236.3808,28.533135986328148,0.015382078,0.024803162,31.750322340883407,28.665948486328148,0.015870359,0.010921478,17.36038264964766,26.095635986328148,0.014603879,0.09753418,6.035344714138659,0,0,0
2017-01-14 13:00:00,1225.8171,28.670770263671898,0.015450949,0.022514343,31.034508597317167,28.928582763671898,0.015779013,0.011810303,16.872172614700055,26.225457763671898,0.014478201,0.08657837,6.015497886999148,0,0,0
2017-01-14 14:00:00,1213.5814,28.545068359375023,0.015424275,0.02355194,30.550380733134133,28.888818359375023,0.01563027,0.012207031,16.42393970986443,26.060693359375023,0.014367604,0.07382202,6.13409217963719,0,0,0
2017-01-14 15:00:00,1163.4853,28.185815429687523,0.015317489,0.020851135,30.38371457020989,28.474877929687523,0.015424301,0.010005951,15.875824481850248,25.529565429687523,0.014241745,0.05996704,6.513052795730333,0,0,0
2017-01-14 16:00:00,1142.819,27.500390625000023,0.015222033,0.02230072,30.31271446042047,27.601953125000023,0.015302141,0.008991241,14.748520785368456,24.750390625000023,0.014165361,0.05445862,6.9674853791410944,0,0,0
2017-01-14 17:00:00,1109.5833,26.489190673828148,0.015275282,0.01939392,28.793391137011724,26.043878173828148,0.015324873,0.014568329,12.62705127934588,23.606378173828148,0.014207167,0.05192566,7.11841793206825,0,0,0
2017-01-14 18:00:00,1144.7777,25.466760253906276,0.015592224,0.009449005,25.299946105658385,23.951135253906276,0.015115387,0.02986908,10.412275889390244,22.279260253906276,0.014276153,0.06137085,6.93366305258059,0,0,0
2017-01-14 19:00:00,1181.8458999999998,24.991174316406276,0.015893543,0.008327484,23.718785665734053,23.108361816406276,0.014955129,0.03286743,10.45133583255339,21.569299316406276,0.014253224,0.070495605,6.7492686829175375,0,0,0
2017-01-14 20:00:00,1155.4926,24.728967285156276,0.015962167,0.008201599,23.686506152880984,22.572717285156276,0.014874978,0.03236389,9.857303134965694,21.314904785156276,0.0143142175,0.07043457,6.239117445155669,0,0,0
2017-01-14 21:00:00,1102.187,24.600549316406276,0.015809473,0.011127472,23.556159818724137,22.045861816406276,0.014829096,0.029556274,8.821391440424263,21.280236816406276,0.014398036,0.07272339,5.891745408254542,0,0,0
2017-01-14 22:00:00,1071.6743,24.545312500000023,0.015591892,0.01826477,23.49789153034949,21.701562500000023,0.014756474,0.02332306,8.617614423425435,21.271875000000023,0.01448563,0.07394409,5.839199660080831,0,0,0
2017-01-14 23:00:00,1034.8398,24.504663085937523,0.015508072,0.021202087,23.570914652981223,21.442163085937523,0.014699357,0.019569397,8.515993290487776,21.254663085937523,0.014516251,0.074035645,5.884348167808,0,0,0
2017-01-15 00:00:00,998.1093,24.397790527343773,0.015603676,0.021568298,22.565140324432463,21.186853027343773,0.014653817,0.021408081,8.388693802721631,21.194665527343773,0.014455453,0.0753479,5.926316967199386,0,0,0
2017-01-15 01:00:00,952.2085,24.281213378906276,0.015638592,0.024505615,21.90473514733744,20.999963378906276,0.014604809,0.02079773,8.354000161304066,21.078088378906276,0.01433778,0.076660156,5.923372745386376,0,0,0
2017-01-15 02:00:00,929.3848,24.186853027343773,0.015666092,0.020889282,21.432732093806493,20.835290527343773,0.01454457,0.019760132,8.282805412043338,20.952478027343773,0.014201247,0.07788086,5.821399171706507,0,0,0
2017-01-15 03:00:00,888.1661,24.097039794921898,0.015780807,0.01952362,20.274893146802476,20.706414794921898,0.014468551,0.014671326,8.30804746308817,20.823602294921898,0.014052749,0.07266235,5.814722593583638,0,0,0
2017-01-15 04:00:00,883.5578,23.991418457031276,0.015948702,0.027816772,18.940392410418657,20.530480957031276,0.014350344,0.012561798,7.917409174849572,20.725793457031276,0.013953616,0.06643677,5.693679778988206,0,0,0
2017-01-15 05:00:00,872.9739000000001,23.863916015625023,0.016076181,0.04071045,17.8731000410708,20.324853515625023,0.014180277,0.015892029,7.5064533850870845,20.629541015625023,0.013871286,0.05973816,5.592924600579607,0,0,0
2017-01-15 06:00:00,833.2027999999999,23.822351074218773,0.016204668,0.039733887,16.816709873130097,20.220788574218773,0.014053178,0.01638794,7.13832830910599,20.556726074218773,0.013828111,0.052734375,5.356338802923514,0,0,0
2017-01-15 07:00:00,853.1278,24.796960449218773,0.016410533,0.06439209,19.68263339683189,22.156335449218773,0.014587107,0.016967773,9.625877229422423,21.109460449218773,0.013969126,0.050231934,5.318003966818855,0,0,0
2017-01-15 08:00:00,904.4076,25.909326171875023,0.0160598,0.08731079,24.30862782216799,24.315576171875023,0.015201493,0.026870728,11.056462886091268,22.432763671875023,0.014003678,0.052490234,5.456716898968713,0,0,0
2017-01-15 09:00:00,953.9514,26.684350585937523,0.015762215,0.11871338,25.91900342932828,26.137475585937523,0.015350228,0.040390015,13.388888913722234,23.715600585937523,0.013923531,0.05067444,5.404171190968278,0,0,0
2017-01-15 10:00:00,1022.8771,27.378717041015648,0.015579007,0.12506104,26.26273247290463,27.230279541015648,0.015369198,0.03767395,14.340306773076623,24.738092041015648,0.013740323,0.05479431,5.507988995260577,0,0,0
2017-01-15 11:00:00,1060.0725,28.029412841796898,0.01544137,0.11294556,26.27291553479062,28.068475341796898,0.015407038,0.035614014,14.623331673173276,25.466912841796898,0.013629389,0.064331055,5.577323832959255,0,0,0
2017-01-15 12:00:00,1067.369,28.527307128906276,0.015330486,0.09899902,26.11054758503601,28.628869628906276,0.0154372975,0.04576111,14.426970211462343,25.933557128906276,0.01357954,0.063201904,5.561799028784164,0,0,0
2017-01-15 13:00:00,1074.7739,28.842889404296898,0.015238998,0.07687378,25.94959949338693,28.866326904296898,0.015444992,0.05331421,13.91208373729738,26.147576904296898,0.013488052,0.059005737,5.418883494280438,0,0,0
2017-01-15 14:00:00,1077.9775,28.900567626953148,0.015128521,0.06239319,25.7761741096967,28.814630126953148,0.015406994,0.06375122,13.304008986799792,26.103692626953148,0.013442425,0.062332153,5.142717126575185,0,0,0
2017-01-15 15:00:00,1074.3669,28.631890869140648,0.014994815,0.05596924,25.64299188544336,28.444390869140648,0.015349582,0.056411743,12.676618375670335,25.795953369140648,0.013510898,0.072143555,4.979209859280275,0,0,0
2017-01-15 16:00:00,1061.3014,27.913903808593773,0.0150251305,0.050704956,25.17132309974581,27.718591308593773,0.015425674,0.047058105,11.661625417807498,25.109216308593773,0.013689986,0.057922363,5.138078420335333,0,0,0
2017-01-15 17:00:00,1055.596,26.804956054687523,0.015383725,0.034683228,23.650432739169915,26.258081054687523,0.015860561,0.046203613,8.846039419218755,23.984643554687523,0.014166837,0.06399536,5.10991951656974,0,0,0
2017-01-15 18:00:00,1079.2222000000002,25.692651367187523,0.016005645,0.023719788,20.258523596755825,23.895776367187523,0.015708098,0.04348755,6.7287007554583935,22.645776367187523,0.014514097,0.08157349,5.178681498743641,0,0,0
2017-01-15 19:00:00,1132.9783,25.150354003906276,0.016402643,0.02130127,17.306578118715414,22.986291503906276,0.015380305,0.034469604,7.061000439269859,21.853479003906276,0.014678401,0.07858276,5.528233678772696,0,0,0
2017-01-15 20:00:00,1118.7583,24.759606933593773,0.01663205,0.017112732,15.084110160480003,22.329919433593773,0.015102357,0.028663635,7.309533089521957,21.408044433593773,0.014736146,0.0765686,5.505501582606841,0,0,0
2017-01-15 21:00:00,1097.3316,24.473413085937523,0.016655311,0.012107849,14.465250857169393,21.824975585937523,0.01498066,0.028541565,7.388016720433256,21.137475585937523,0.014713631,0.07458496,5.1616298616497405,0,0,0
2017-01-15 22:00:00,1072.8599000000002,24.289666748046898,0.016533311,0.00850296,14.793762531927914,21.422479248046898,0.014950212,0.02898407,7.269491772839143,20.938104248046898,0.014633592,0.078186035,4.882973110639762,0,0,0
2017-01-15 23:00:00,1017.8607,24.1767517089844,0.016372377,0.0070648193,15.621044255126014,21.1064392089844,0.014911347,0.026947021,7.130325415248855,20.7705017089844,0.01455658,0.08782959,4.7083338406092725,0,0,0
2017-01-16 00:00:00,972.8997,24.076745605468773,0.016142903,0.0069732666,16.32456685962286,20.857995605468773,0.014880237,0.029785156,7.174368893716878,20.654870605468773,0.014456806,0.09768677,4.6620668859507335,0,0,0
2017-01-16 01:00:00,946.8597,23.938287353515648,0.015914233,0.0062351227,16.201041378882223,20.664849853515648,0.014857561,0.02823639,7.412000199912368,20.532037353515648,0.014365465,0.1071167,4.643759206606132,0,0,0
2017-01-16 02:00:00,906.0238,23.800134277343773,0.015801637,0.005771637,15.807189870021618,20.464196777343773,0.014809816,0.036758423,7.6521965463684305,20.440759277343773,0.014264314,0.11691284,4.6850806439602914,0,0,0
2017-01-16 03:00:00,878.9011,23.691461181640648,0.01577916,0.0069351196,15.597230283909283,20.285211181640648,0.014711045,0.039749146,7.903912379454849,20.386773681640648,0.014180802,0.11831665,4.77030915536023,0,0,0
2017-01-16 04:00:00,871.9942,23.563623046875023,0.015809389,0.008907318,14.466128335479215,20.133935546875023,0.014581057,0.035720825,7.842919318602631,20.321435546875023,0.0140737025,0.10543823,4.933227890838119,0,0,0
2017-01-16 05:00:00,915.7157,23.456170654296898,0.015847143,0.009056091,13.330202317415973,19.878045654296898,0.014450963,0.03152466,7.523437089296134,20.213983154296898,0.013993199,0.08325195,5.122281610572602,0,0,0
2017-01-16 06:00:00,932.3914,23.437097167968773,0.015930688,0.011833191,12.562584064259314,19.765222167968773,0.014351404,0.024925232,7.286161861936965,20.101159667968773,0.013950861,0.067596436,5.054909929101299,0,0,0
2017-01-16 07:00:00,996.9164,24.646569824218773,0.016350063,0.013763428,14.683001814934276,21.896569824218773,0.0148508875,0.020568848,10.08830049309542,20.693444824218773,0.014087948,0.0496521,5.466312183346577,0,0,0
2017-01-16 08:00:00,1191.9112,26.105340576171898,0.01608286,0.019927979,19.02802598826936,24.191278076171898,0.015430548,0.017868042,12.24001082475969,22.113153076171898,0.014087775,0.037979126,5.860197569214876,0,0,0
2017-01-16 09:00:00,1308.8295,27.076257324218773,0.015930044,0.026306152,20.85396800533133,26.107507324218773,0.015575278,0.018859863,14.101717483133786,23.615319824218773,0.014015066,0.034301758,5.818090917381113,0,0,0
2017-01-16 10:00:00,1334.927,27.868554687500023,0.015929874,0.028167725,21.19656349975672,27.368554687500023,0.015468296,0.018600464,14.116339805328847,24.845117187500023,0.013919529,0.041244507,5.6173991920787065,0,0,0
2017-01-16 11:00:00,1397.5357,28.581750488281276,0.015960433,0.02986908,20.905438736711893,28.300500488281276,0.01543019,0.017425537,14.04698621797079,25.784875488281276,0.013927199,0.050811768,5.374891654408567,0,0,0
2017-01-16 12:00:00,1416.6081,29.082299804687523,0.015983552,0.037216187,20.06288982262196,28.941674804687523,0.015510528,0.02103424,13.802916392778917,26.379174804687523,0.013935058,0.05104065,5.144798585380274,0,0,0
2017-01-16 13:00:00,1433.3132,29.280694580078148,0.01598355,0.053359985,19.53929596771753,29.280694580078148,0.015628783,0.025848389,13.117625107863809,26.624444580078148,0.0139350565,0.05368042,5.010241753690128,0,0,0
2017-01-16 14:00:00,1451.6599,29.289270019531276,0.015983252,0.046157837,19.659294527732296,29.273645019531276,0.015807776,0.029792786,12.426287265464993,26.539270019531276,0.013976721,0.05833435,4.832235834328592,0,0,0
2017-01-16 15:00:00,1421.0763000000002,29.111932373046898,0.015998196,0.038391113,19.96942340413839,28.924432373046898,0.01595242,0.034317017,11.892844438582893,26.158807373046898,0.01406796,0.06460571,4.7908530701696135,0,0,0
2017-01-16 16:00:00,1346.6671,28.608697509765648,0.016028091,0.025024414,20.44663079075277,28.186822509765648,0.016081497,0.03703308,11.165882359380534,25.514947509765648,0.014204667,0.06500244,4.867936660153921,0,0,0
2017-01-16 17:00:00,1236.3297,27.596551513671898,0.01623361,0.021148682,20.469899776867496,26.752801513671898,0.016569303,0.036453247,8.586470549734905,24.463739013671898,0.014555143,0.07336426,4.762275636449271,0,0,0
2017-01-16 18:00:00,1225.5444,26.361047363281276,0.016668102,0.027931213,18.96533029113276,24.423547363281276,0.016355297,0.036727905,6.617735917426029,23.111047363281276,0.014909525,0.08456421,4.697758428216369,0,0,0
2017-01-16 19:00:00,1258.8062,25.759423828125023,0.016812745,0.034591675,18.99008052284561,23.603173828125023,0.016042177,0.031661987,6.986739953593391,22.345361328125023,0.015107575,0.08905029,5.042527435636613,0,0,0
2017-01-16 20:00:00,1226.5214,25.458764648437523,0.016804846,0.030464172,18.581918997322287,23.060327148437523,0.015858801,0.030075073,7.248503910787532,21.990014648437523,0.015248449,0.09939575,5.131425025175898,0,0,0
2017-01-16 21:00:00,1177.8455,25.211511230468773,0.016774198,0.01928711,17.70988966525671,22.625573730468773,0.015698453,0.02721405,7.278479021502711,21.852136230468773,0.015355131,0.106292725,4.899682809333689,0,0,0
2017-01-16 22:00:00,1132.605,24.979089355468773,0.01673607,0.013763428,17.107152627497886,22.205651855468773,0.015637437,0.023536682,7.108190797880104,21.744714355468773,0.015336076,0.11291504,4.477983268842837,0,0,0
2017-01-16 23:00:00,1062.6288,24.781396484375023,0.016713087,0.011592865,16.752411662467857,21.843896484375023,0.015549604,0.022094727,6.91404504599227,21.593896484375023,0.0152139105,0.11074829,4.159428076401852,0,0,0
2017-01-17 00:00:00,982.2281,24.6091247558594,0.016659467,0.013339996,16.580100483883204,21.4997497558594,0.015412061,0.020355225,6.50818226728903,21.4372497558594,0.015095441,0.105285645,3.912655097885392,0,0,0
2017-01-17 01:00:00,954.7682,24.461145019531276,0.01658293,0.013587952,16.622608892824516,21.195520019531276,0.015316452,0.018478394,6.398018798542935,21.250207519531276,0.014980759,0.10079956,4.086626754014065,0,0,0
2017-01-17 02:00:00,925.5132,24.353784179687523,0.01651404,0.012989044,16.33447679422617,20.978784179687523,0.015266634,0.01714325,6.8757725174108,21.049096679687523,0.01486609,0.09954834,4.654807485088517,0,0,0
2017-01-17 03:00:00,897.2185999999999,24.282830810546898,0.01646052,0.012794495,15.716912877624283,20.853143310546898,0.015232187,0.016082764,7.706164995824517,20.884393310546898,0.014751535,0.08987427,5.3484760787869705,0,0,0
2017-01-17 04:00:00,897.5595000000001,24.191186523437523,0.01642243,0.0121154785,15.03047240468535,20.730249023437523,0.015197913,0.01676178,8.419163302533198,20.753686523437523,0.014656226,0.08416748,5.47063840861177,0,0,0
2017-01-17 05:00:00,908.4882,24.074853515625023,0.01638493,0.011180878,14.506728901121871,20.574853515625023,0.015156598,0.018478394,8.454150928566015,20.621728515625023,0.01456532,0.07696533,5.075073953850766,0,0,0
2017-01-17 06:00:00,937.7362,24.045739746093773,0.016362386,0.011936188,14.38753198641644,20.522302246093773,0.015114981,0.017295837,7.931574908155483,20.537927246093773,0.0145008145,0.074523926,4.740983088226828,0,0,0
2017-01-17 07:00:00,1030.393,24.970758056640648,0.016560376,0.009685516,17.22191407308782,22.345758056640648,0.015579999,0.016288757,10.137068003376427,21.166070556640648,0.0146721015,0.078948975,4.769422483211595,0,0,0
2017-01-17 08:00:00,1217.1641,26.112145996093773,0.016300816,0.006509781,21.358393785756032,24.393395996093773,0.016155858,0.017211914,11.4540195522711,22.674645996093773,0.0148092685,0.08181763,5.003787500191872,0,0,0
2017-01-17 09:00:00,1298.1364,27.073846435546898,0.016224295,0.0077209473,23.19973483756233,26.308221435546898,0.01628533,0.018592834,13.231310521826629,24.308221435546898,0.014896781,0.08294678,4.9253661585982265,0,0,0
2017-01-17 10:00:00,1384.283,27.961328125000023,0.01626966,0.007390976,23.62114400730556,27.664453125000023,0.016208624,0.01977539,13.370760773132686,25.680078125000023,0.014839147,0.07833862,4.57271500104412,0,0,0
2017-01-17 11:00:00,1421.6714,28.719659423828148,0.016277269,0.010131836,23.094020475834892,28.704034423828148,0.016185716,0.019470215,12.765513220756407,26.704034423828148,0.01474376,0.07159424,3.994359230532054,0,0,0
2017-01-17 12:00:00,1436.4793,29.233819580078148,0.016307248,0.0135650635,21.6278712700494,29.452569580078148,0.01627673,0.017555237,11.997325160411329,27.311944580078148,0.014766111,0.08270264,3.283538700271279,0,0,0
2017-01-17 13:00:00,1448.9294,29.459863281250023,0.016260669,0.023200989,19.88594503503727,29.866113281250023,0.01635985,0.017677307,11.370344358679771,27.459863281250023,0.015364216,0.08596802,2.534170525859523,0,0,0
2017-01-17 14:00:00,1465.1373,29.504754638671898,0.016221883,0.030014038,18.69604615215829,29.879754638671898,0.016404988,0.018875122,10.896189536307306,27.348504638671898,0.015493276,0.09295654,2.219769738344255,0,0,0
2017-01-17 15:00:00,1432.9347,29.286096191406276,0.016129933,0.035324097,18.42491267893996,29.536096191406276,0.016381703,0.01940918,10.541780800986835,26.942346191406276,0.015489064,0.095581055,2.379311311559324,0,0,0
2017-01-17 16:00:00,1361.0679,28.717675781250023,0.016122097,0.031677246,19.10948424213716,28.733300781250023,0.016541714,0.022735596,9.70523350901974,26.327050781250023,0.015374416,0.08502197,2.822474515477188,0,0,0
2017-01-17 17:00:00,1241.4081,27.689721679687523,0.016381608,0.025970459,19.731671986796535,27.095971679687523,0.017091142,0.030807495,7.322759948471577,25.267846679687523,0.015374527,0.09875488,3.2246451071706645,0,0,0
2017-01-17 18:00:00,1230.8492,26.447534179687523,0.016839825,0.021202087,19.429335580912763,24.900659179687523,0.016717754,0.04220581,6.211292838818117,23.822534179687523,0.015622936,0.10397339,3.716294794053262,0,0,0
2017-01-17 19:00:00,1250.7698,25.748071289062523,0.017122649,0.007795334,19.802013641614717,24.037133789062523,0.016313933,0.046691895,6.85867398027492,22.826196289062523,0.015421294,0.0819397,4.77868772178259,0,0,0
2017-01-17 20:00:00,1216.8457999999998,25.271691894531276,0.017222293,0.004348755,18.24553015748074,23.349816894531276,0.016039737,0.04322815,7.169804101286874,22.232629394531276,0.015383609,0.0741272,4.984463551849812,0,0,0
2017-01-17 21:00:00,1178.3583,24.983331298828148,0.01705479,0.009654999,17.132654592723064,22.795831298828148,0.0158112,0.03855896,7.118861322646122,21.920831298828148,0.015322917,0.07324219,4.769446939758899,0,0,0
2017-01-17 22:00:00,1161.9854,24.800073242187523,0.016833847,0.015167236,17.14096895663897,22.425073242187523,0.015681809,0.03366089,7.063013557059207,21.682885742187523,0.0152698215,0.07614136,4.458351906473327,0,0,0
2017-01-17 23:00:00,1091.0454,24.672692871093773,0.016635671,0.016021729,18.06440063191773,22.157067871093773,0.0155980745,0.033065796,7.054803907885105,21.516442871093773,0.01521279,0.08807373,4.109168429096138,0,0,0
2017-01-18 00:00:00,1009.4887,24.579522705078148,0.016437916,0.016784668,19.201411719874475,21.899835205078148,0.015522389,0.027709961,7.063822624118081,21.415460205078148,0.015144734,0.093048096,3.9367085124566095,0,0,0
2017-01-18 01:00:00,978.5459,24.431573486328148,0.01625507,0.017578125,19.319918790847986,21.650323486328148,0.015453983,0.023147583,7.173828146270079,21.361260986328148,0.0150458105,0.10534668,3.965489032118861,0,0,0
2017-01-18 02:00:00,934.6131,24.270471191406276,0.01618633,0.01902008,18.69189674121328,21.403283691406276,0.0153547255,0.022766113,7.204401339902007,21.254846191406276,0.014957997,0.10827637,4.073837320352313,0,0,0
2017-01-18 03:00:00,935.034,24.108850097656276,0.01628549,0.019485474,17.792431205862,21.163537597656276,0.015221189,0.027420044,7.229802678371552,21.132287597656276,0.014854978,0.102874756,4.256154312200905,0,0,0
2017-01-18 04:00:00,924.5656,24.002008056640648,0.016338728,0.01752472,16.824944560397494,20.939508056640648,0.015125655,0.026390076,7.182612667826587,20.994195556640648,0.014748,0.0965271,4.404938360555869,0,0,0
2017-01-18 05:00:00,942.4186,23.878503417968773,0.016346248,0.019599915,15.736221826352224,20.776940917968773,0.015075954,0.028770447,7.194851107140332,20.878503417968773,0.01468304,0.0970459,4.536714167368423,0,0,0
2017-01-18 06:00:00,982.8915,23.855340576171898,0.016399514,0.024276733,15.532001011457664,20.745965576171898,0.0150567405,0.0365448,7.300580260325283,20.824090576171898,0.014671456,0.08786011,4.699617656414786,0,0,0
2017-01-18 07:00:00,1092.85,24.838037109375023,0.016613165,0.024421692,19.01485248886617,22.650537109375023,0.015594641,0.030838013,10.575172974815384,21.455224609375023,0.014869848,0.082336426,5.009057053097693,0,0,0
2017-01-18 08:00:00,1194.2676,25.9418884277344,0.016323544,0.027893066,23.13118072227281,24.7700134277344,0.016186215,0.029518127,12.933313053809975,22.8872009277344,0.014980772,0.07745361,5.443494914721303,0,0,0
2017-01-18 09:00:00,1281.6195,26.912713623046898,0.0161483,0.028129578,24.564963721262718,26.553338623046898,0.016308518,0.038589478,14.945583882876496,24.389276123046898,0.014885636,0.08969116,5.767235745848557,0,0,0
2017-01-18 10:00:00,1367.0500000000002,27.867822265625023,0.016095214,0.020454407,24.269667958934136,27.758447265625023,0.01625543,0.03904724,15.134257259537106,25.570947265625023,0.014729552,0.09011841,5.707203840274016,0,0,0
2017-01-18 11:00:00,1414.3549,28.654962158203148,0.016004192,0.01253891,23.381421504733865,28.686212158203148,0.016240703,0.034500122,14.8449029671468,26.420587158203148,0.014619457,0.08224487,5.490265579053534,0,0,0
2017-01-18 12:00:00,1426.7428000000002,29.180566406250023,0.016096627,0.008468628,22.156826536266497,29.321191406250023,0.016218698,0.03692627,14.312464732830458,26.899316406250023,0.014555489,0.071777344,5.282958007541631,0,0,0
2017-01-18 13:00:00,1462.7567,29.4145446777344,0.01606724,0.011219025,21.17722156315048,29.6332946777344,0.016181681,0.035873413,13.630053641646828,27.0551696777344,0.014583323,0.06175232,5.038872782129923,0,0,0
2017-01-18 14:00:00,1477.5258,29.449792480468773,0.015976667,0.005262375,20.673443818021106,29.621667480468773,0.016159773,0.028274536,12.888215559621871,26.887292480468773,0.014641523,0.047225952,4.862715610931095,0,0,0
2017-01-18 15:00:00,1441.6199,29.248223876953148,0.015817579,0.0041275024,20.87732053730513,29.295098876953148,0.016122755,0.021636963,12.255669943755164,26.451348876953148,0.01448625,0.03236389,4.9936959580038405,0,0,0
2017-01-18 16:00:00,1363.2813,28.580712890625023,0.01579596,0.002527237,21.877621104127872,28.486962890625023,0.01615454,0.014595032,11.477621340067662,25.736962890625023,0.0143807065,0.016738892,5.4297268890489,0,0,0
2017-01-18 17:00:00,1242.1696,27.411645507812523,0.015965149,0.0029973984,21.96576904562244,26.927270507812523,0.01645343,0.012817383,9.106513197216811,24.630395507812523,0.01442401,0.0103263855,5.753491096514225,0,0,0
2017-01-18 18:00:00,1237.4669,26.071008300781276,0.016355837,0.01348114,19.630616623244137,24.531945800781276,0.016218508,0.016914368,6.784987752927271,23.149133300781276,0.014627778,0.008346558,5.583600028581453,0,0,0
2017-01-18 19:00:00,1258.2152,25.528771972656276,0.016494596,0.027862549,17.929805376450755,23.544396972656276,0.015899504,0.014781952,6.805412808467415,22.177209472656276,0.014762725,0.00825119,5.622289843942096,0,0,0
2017-01-18 20:00:00,1249.4868,25.287194824218773,0.01646257,0.027862549,16.10613907053076,22.857507324218773,0.015646225,0.014858246,6.720814436877891,21.630944824218773,0.014833694,0.017585754,5.294657014971694,0,0,0
2017-01-18 21:00:00,1205.4834,25.074426269531276,0.016500026,0.025360107,14.62493154656456,22.386926269531276,0.015473872,0.01776123,6.565801711974836,21.347863769531276,0.01487115,0.04272461,4.914408049692439,0,0,0
2017-01-18 22:00:00,1151.1099000000002,24.8583923339844,0.01653704,0.026138306,13.825568437530864,21.9521423339844,0.015407889,0.02029419,6.191991528305646,21.2177673339844,0.014900534,0.059677124,4.480895765022283,0,0,0
2017-01-18 23:00:00,1095.2988,24.665246582031276,0.016544238,0.023612976,13.500756204406487,21.602746582031276,0.01533498,0.023651123,6.043971612885094,21.110559082031276,0.014938251,0.07080078,4.250012583994468,0,0,0
2017-01-19 00:00:00,1020.9496,24.487023925781276,0.016544754,0.022727966,13.61742025941347,21.299523925781276,0.015278274,0.02696228,6.065661054972779,21.002648925781276,0.014923507,0.08169556,4.205114071236572,0,0,0
2017-01-19 01:00:00,971.9681,24.333306884765648,0.016529806,0.023216248,13.981449240030967,21.067681884765648,0.015240439,0.02721405,6.192980749128971,20.848931884765648,0.014855155,0.08395386,4.223417522963211,0,0,0
2017-01-19 02:00:00,944.7272,24.1791931152344,0.016537046,0.03224182,14.169773555176542,20.8588806152344,0.015213347,0.024337769,6.279248502316596,20.6791931152344,0.014767027,0.0803833,4.183148733881327,0,0,0
2017-01-19 03:00:00,905.7844,24.038720703125023,0.016529204,0.039505005,14.246645112890834,20.702783203125023,0.015205503,0.022254944,6.363003975744233,20.515283203125023,0.0146752605,0.07977295,4.059529156654053,0,0,0
2017-01-19 04:00:00,912.4651,23.921685791015648,0.016528955,0.041778564,13.833435354814087,20.570123291015648,0.015189996,0.025169373,6.295655959950834,20.366998291015648,0.014552942,0.08013916,3.9112248496895576,0,0,0
2017-01-19 05:00:00,925.7554,23.739343261718773,0.01655843,0.033325195,12.921630786216303,20.450280761718773,0.015127918,0.035339355,6.203019698856309,20.254968261718773,0.014368793,0.08380127,3.8893266979701897,0,0,0
2017-01-19 06:00:00,922.1859,23.6264587402344,0.016580235,0.02758789,12.624122797640718,20.4545837402344,0.01507343,0.034118652,6.092245926910695,20.2514587402344,0.014234196,0.084472656,3.843702928208343,0,0,0
2017-01-19 07:00:00,1047.0938,24.769860839843773,0.0169152,0.022216797,15.896354746868266,22.582360839843773,0.015671609,0.029685974,8.80113565312966,20.972985839843773,0.014389872,0.084228516,3.7466254958563945,0,0,0
2017-01-19 08:00:00,1207.7133,26.002008056640648,0.016769676,0.036453247,19.8393182335894,24.814508056640648,0.01622036,0.028205872,10.880148843420317,22.541070556640648,0.014473228,0.07852173,3.5529271777801936,0,0,0
2017-01-19 09:00:00,1293.7707,27.078637695312523,0.016586393,0.043273926,21.02690463153788,26.633325195312523,0.016395658,0.033996582,12.09533754796326,24.375512695312523,0.01461801,0.07385254,2.993565267386252,0,0,0
2017-01-19 10:00:00,1383.8591,28.030603027343773,0.016433995,0.04273987,20.309697770950788,27.952478027343773,0.016395848,0.030273438,11.470620250743533,25.874353027343773,0.014595311,0.06958008,2.2573381447037586,0,0,0
2017-01-19 11:00:00,1431.8552000000002,28.812921142578148,0.016372833,0.037017822,18.200005239968014,28.984796142578148,0.016372833,0.028457642,10.242140973507023,26.961358642578148,0.014427338,0.078063965,1.4753343978966482,0,0,0
2017-01-19 12:00:00,1414.1706,29.289025878906276,0.016342113,0.031600952,15.612989974140676,29.679650878906276,0.016319225,0.04196167,8.979280310765,27.585900878906276,0.014606425,0.08581543,1.087449067666015,0,0,0
2017-01-19 13:00:00,1452.9809,29.524499511718773,0.016280688,0.02733612,13.42532861403308,30.008874511718773,0.016227283,0.05090332,7.854067551639271,27.743249511718773,0.014976062,0.09576416,1.5236955230525446,0,0,0
2017-01-19 14:00:00,1467.8142,29.608270263671898,0.01616514,0.03590393,12.177778913060092,30.061395263671898,0.01627958,0.06790161,6.92819135373439,27.616082763671898,0.015024545,0.088256836,2.158976984951788,0,0,0
2017-01-19 15:00:00,1438.6212,29.460778808593773,0.016019803,0.0513916,11.87993776478505,29.804528808593773,0.016363125,0.08416748,6.3421358567395725,27.187341308593773,0.01523016,0.08468628,2.631395407530287,0,0,0
2017-01-19 16:00:00,1347.3426,29.066308593750023,0.015900744,0.056350708,12.704538252365198,29.144433593750023,0.016816271,0.08178711,5.415198395705919,26.370996093750023,0.015549793,0.0763855,2.880549768188444,0,0,0
2017-01-19 17:00:00,1250.7793,28.203302001953148,0.016124586,0.050628662,14.276649259571048,27.828302001953148,0.017009595,0.04269409,5.1861072591803525,25.351739501953148,0.015743116,0.09799194,3.1998115946023358,0,0,0
2017-01-19 18:00:00,1253.7386,26.866601562500023,0.016781222,0.046157837,14.978533926144449,25.515039062500023,0.016765963,0.036254883,3.877969433463844,24.132226562500023,0.016125094,0.12982178,3.496178589883652,0,0,0
2017-01-19 19:00:00,1287.5295,26.044274902343773,0.017123481,0.03942871,15.87835057261107,24.638024902343773,0.016360542,0.037704468,4.324260372798918,23.403649902343773,0.01639106,0.14361572,3.722321644462661,0,0,0
2017-01-19 20:00:00,1253.8774,25.5639587402344,0.017281862,0.030792236,15.20423882257274,23.9467712402344,0.016221376,0.035598755,4.743098990057026,23.0014587402344,0.016358705,0.17193604,3.656406763090684,0,0,0
2017-01-19 21:00:00,1217.7564,25.222375488281276,0.01723523,0.022651672,13.782592508748383,23.347375488281276,0.01611371,0.028770447,4.978028635935034,22.667687988281276,0.016304445,0.18170166,3.4582270508639463,0,0,0
2017-01-19 22:00:00,1155.5202,24.921228027343773,0.017060222,0.016273499,12.47491777962478,22.850915527343773,0.015969219,0.024894714,4.904103606322879,22.374353027343773,0.016228618,0.20477295,3.182382024719428,0,0,0
2017-01-19 23:00:00,1089.7661,24.663262939453148,0.016863147,0.01309967,11.520481049507463,22.413262939453148,0.015863696,0.023162842,4.74692749838211,22.132012939453148,0.016153613,0.20465088,2.964151429173004,0,0,0
2017-01-20 00:00:00,1028.4263,24.429010009765648,0.016689267,0.015708923,10.81102190267313,22.007135009765648,0.01576611,0.021720886,4.681944730619029,21.952447509765648,0.01602551,0.19763184,3.070175153848927,0,0,0
2017-01-20 01:00:00,980.7308,24.214807128906276,0.016542898,0.02129364,10.235990174014889,21.613244628906276,0.015665518,0.02142334,4.677172094011196,21.808557128906276,0.015909659,0.17327881,3.303323511313712,0,0,0
2017-01-20 02:00:00,945.5144,24.038415527343773,0.016388489,0.025169373,9.857304702283091,21.272790527343773,0.015556884,0.023216248,4.638013347581852,21.671228027343773,0.015778137,0.1418457,3.418444367020089,0,0,0
2017-01-20 03:00:00,922.8969,23.889184570312523,0.016230077,0.0262146,9.760189600650667,21.014184570312523,0.015451877,0.025985718,4.442766162753832,21.615747070312523,0.015619724,0.12017822,3.188290056040277,0,0,0
2017-01-20 04:00:00,915.9998,23.737908935546898,0.016133687,0.02494049,9.838770992473297,20.855096435546898,0.015347858,0.029212952,4.11573713493086,21.534783935546898,0.015431781,0.10699463,2.7187870628198416,0,0,0
2017-01-20 05:00:00,929.8302,23.579003906250023,0.016110063,0.021507263,9.979729952168691,20.758691406250023,0.015225053,0.030326843,3.892514741020736,21.438378906250023,0.01525557,0.10021973,2.253949551753132,0,0,0
2017-01-20 06:00:00,957.5761,23.514337158203148,0.016162591,0.019302368,9.824645698507211,20.819024658203148,0.015132623,0.03125,3.685509939327042,21.365899658203148,0.015094476,0.09988403,1.9095797290084064,0,0,0
2017-01-20 07:00:00,1047.4882,24.826318359375023,0.016550902,0.019584656,11.859922248366752,23.029443359375023,0.015917663,0.032577515,5.285333554831486,21.943505859375023,0.015204315,0.0977478,1.7990492813396015,0,0,0
2017-01-20 08:00:00,1204.9338,26.189721679687523,0.016138515,0.03869629,14.568169706710435,25.236596679687523,0.016283473,0.03527832,5.971085179677261,23.517846679687523,0.015051325,0.115234375,1.8171558354407824,0,0,0
2017-01-20 09:00:00,1297.9586,27.020135498046898,0.016038807,0.059295654,14.22141970343846,26.957635498046898,0.016420277,0.041107178,5.667337708103592,24.949822998046898,0.01487151,0.14752197,2.0004899628818142,0,0,0
2017-01-20 10:00:00,1378.2712,27.773126220703148,0.015923979,0.06239319,13.47204013794925,28.218438720703148,0.016427519,0.06411743,4.266927727272498,26.109063720703148,0.01483679,0.15722656,2.3647501447770125,0,0,0
2017-01-20 11:00:00,1425.3365,28.539453125000023,0.01593157,0.057724,12.490335833247036,29.133203125000023,0.016396964,0.103637695,2.5935375264477147,26.953515625000023,0.015042746,0.16418457,3.126343410885547,0,0,0
2017-01-20 12:00:00,1415.1772,29.053186035156276,0.016290458,0.06454468,10.5481815596959,29.818811035156276,0.016450675,0.13171387,2.3521685719707244,27.279748535156276,0.015371115,0.184021,4.16732951245163,0,0,0
2017-01-20 13:00:00,1467.8490000000002,29.365747070312523,0.016412737,0.065338135,8.66245790941986,30.131372070312523,0.01650429,0.15289307,3.86383681635106,27.248559570312523,0.015638353,0.19750977,5.009129996683001,0,0,0
2017-01-20 14:00:00,1449.0097,29.633691406250023,0.016313704,0.05708313,7.538109962493292,30.118066406250023,0.016550215,0.15759277,5.649702898164152,27.055566406250023,0.015840681,0.21008301,5.59141118943648,0,0,0
2017-01-20 15:00:00,1422.7728,29.756738281250023,0.01609912,0.047958374,7.686894164985397,29.491113281250023,0.0167171,0.1293335,7.18464912465693,26.420800781250023,0.016030455,0.22399902,5.716526787532203,0,0,0
2017-01-20 16:00:00,1355.6147,29.599725341796898,0.015915021,0.03479004,8.797576384151794,28.630975341796898,0.017280683,0.12219238,7.373766779837663,25.677850341796898,0.016151533,0.21508789,5.555386965206917,0,0,0
2017-01-20 17:00:00,1233.8214,28.915979003906276,0.01616627,0.021705627,9.76010254008725,27.392541503906276,0.017516673,0.14544678,7.017759910583837,24.892541503906276,0.016227305,0.19537354,5.218588882974439,0,0,0
2017-01-20 18:00:00,1240.8518,27.631433105468773,0.016990177,0.017807007,10.229866485171904,25.686120605468773,0.01796674,0.15795898,5.300552943913538,24.006433105468773,0.016295902,0.17559814,4.616823840076671,0,0,0
2017-01-20 19:00:00,1256.6846,26.703179931640648,0.017243387,0.012413025,12.027282485533314,25.140679931640648,0.017868998,0.17370605,5.084426089958001,23.468804931640648,0.016304972,0.14215088,4.469726622241643,0,0,0
2017-01-20 20:00:00,1228.3874,25.9914489746094,0.017322307,0.00819397,12.92515742134134,24.8273864746094,0.01780296,0.18078613,4.917738635775078,23.0773864746094,0.016299969,0.11450195,4.365076011703766,0,0,0
2017-01-20 21:00:00,1179.5335,25.476983642578148,0.017306807,0.00554657,12.946185359500644,24.617608642578148,0.017718794,0.17907715,4.893038046777224,22.695733642578148,0.016299726,0.096069336,4.383414317544504,0,0,0
2017-01-20 22:00:00,1155.0607,25.101159667968773,0.017207155,0.004053116,12.50811797551121,24.429284667968773,0.017611513,0.17199707,4.878649545701198,22.358972167968773,0.016207704,0.08932495,4.3483634237873945,0,0,0
2017-01-20 23:00:00,1084.3066,24.798364257812523,0.016985416,0.003211975,11.818689435927748,24.243676757812523,0.017519474,0.15692139,4.775284579919177,22.079614257812523,0.016092777,0.07980347,4.3211625775980345,0,0,0
2017-01-21 00:00:00,1019.5612,24.541040039062523,0.016687455,0.002609253,11.542034602905078,24.033227539062523,0.01738173,0.13922119,4.655948599462826,21.822290039062523,0.015977921,0.07208252,4.290974415375912,0,0,0
2017-01-21 01:00:00,965.452,24.293725585937523,0.016450714,0.002658844,11.412863490989668,23.840600585937523,0.017228913,0.1303711,4.48461067882975,21.551538085937523,0.015863251,0.07092285,4.129904435832491,0,0,0
2017-01-21 02:00:00,937.7912,24.081445312500023,0.01625175,0.003850937,11.276026717507172,23.675195312500023,0.017113872,0.123565674,4.3779244027753625,21.331445312500023,0.01574058,0.073516846,3.972430294666464,0,0,0
2017-01-21 03:00:00,905.2404,23.916345214843773,0.016091071,0.00500679,11.305737839670847,23.517907714843773,0.01699134,0.11373901,4.336007891109367,21.142907714843773,0.015629493,0.074523926,3.799716953979452,0,0,0
2017-01-21 04:00:00,896.5106,23.775262451171898,0.0159462,0.005422592,10.887425762497154,23.408074951171898,0.016869357,0.095581055,4.337673843373944,21.033074951171898,0.015503695,0.073272705,3.9149667172825904,0,0,0
2017-01-21 05:00:00,895.8996,23.6542907714844,0.015771085,0.005760193,9.96861311576401,23.2949157714844,0.016747648,0.08618164,4.357101300329498,20.9433532714844,0.015374357,0.075531006,4.085522885703037,0,0,0
2017-01-21 06:00:00,890.5384,23.643914794921898,0.015656613,0.006040573,8.863818988652614,23.307977294921898,0.016686581,0.09106445,4.380744545767141,20.823602294921898,0.0152446255,0.07369995,4.1243025797038,0,0,0
2017-01-21 07:00:00,945.0323,24.928887939453148,0.015816825,0.006046295,10.53369958297164,24.975762939453148,0.017319815,0.103881836,5.896653493532627,21.514825439453148,0.015343803,0.072753906,3.746451064204236,0,0,0
2017-01-21 08:00:00,1090.2952,26.057244873046898,0.015596083,0.0065135956,12.268146076000637,26.338494873046898,0.017327955,0.12976074,7.31686449529308,23.322869873046898,0.015451125,0.07284546,3.498731493640296,0,0,0
2017-01-21 09:00:00,1195.2476,27.064782714843773,0.015616171,0.008327484,11.783309881105156,27.369470214843773,0.017412893,0.17102051,7.615983077855906,25.002282714843773,0.015341513,0.08181763,3.358295490786856,0,0,0
2017-01-21 10:00:00,1255.4035,27.913507080078148,0.015632072,0.013198853,10.230760506471231,28.257257080078148,0.017535606,0.20733643,7.845490364226815,26.265069580078148,0.015250603,0.08370972,3.4353422182682487,0,0,0
2017-01-21 11:00:00,1274.3145,28.554467773437523,0.0154947685,0.015640259,8.380664533609632,28.765405273437523,0.017528003,0.2475586,8.191321753856048,27.163842773437523,0.015197222,0.083740234,3.7439887733291153,0,0,0
2017-01-21 12:00:00,1237.7433999999998,28.985162353515648,0.0156053305,0.014564514,6.143679669463688,29.383599853515648,0.017550826,0.272583,8.832819086136817,27.711724853515648,0.015178084,0.09295654,4.223378747326065,0,0,0
2017-01-21 13:00:00,1228.2896,29.249322509765648,0.015696617,0.012863159,3.881296572198505,29.577447509765648,0.017527672,0.26916504,9.428532658286702,27.858697509765648,0.01521978,0.10342407,4.831430557647281,0,0,0
2017-01-21 14:00:00,1236.7355,29.4428649902344,0.015356522,0.010360718,2.014542566680544,28.9897399902344,0.017542344,0.28222656,9.811885158446811,27.5991149902344,0.015299302,0.12298584,5.39275761356376,0,0,0
2017-01-21 15:00:00,1197.3589,29.552117919921898,0.014684585,0.007946014,0.693942995548004,28.348992919921898,0.017633345,0.28479004,10.012965982287724,27.052117919921898,0.015462783,0.13696289,5.737375325363025,0,0,0
2017-01-21 16:00:00,1170.3924,29.476403808593773,0.014348524,0.006286621,1.1188651755520322,27.570153808593773,0.017663496,0.2796631,9.362908046575225,26.124841308593773,0.015809553,0.13421631,5.62969085413748,0,0,0
2017-01-21 17:00:00,1150.3353,29.0268493652344,0.014657121,0.004995346,1.9007052292303144,26.5815368652344,0.017800432,0.27941895,7.87002947209231,25.1127868652344,0.016259294,0.144104,5.25478076698911,0,0,0
2017-01-21 18:00:00,1179.7438,28.273156738281276,0.015492179,0.0033397675,2.592702826104165,25.320031738281276,0.018013695,0.2944336,5.883883430908164,23.960656738281276,0.016121605,0.1486206,4.790339332618396,0,0,0
2017-01-21 19:00:00,1230.9449,27.462945556640648,0.016237127,0.0021419525,3.0243328809081578,24.884820556640648,0.017938482,0.3104248,5.36922727512837,23.220758056640648,0.01619135,0.1472168,4.553750942250023,0,0,0
2017-01-21 20:00:00,1203.0265,26.837670898437523,0.0164669,0.0012516975,3.139297614779484,24.564233398437523,0.017847821,0.3187256,5.060971143657229,22.697045898437523,0.01623039,0.1453247,4.386778258601957,0,0,0
2017-01-21 21:00:00,1159.9842,26.324517822265648,0.016559087,0.0006763935,2.870094567644894,24.324517822265648,0.017726384,0.3128662,4.90994728681622,22.324517822265648,0.0161471,0.14343262,4.366360075333298,0,0,0
2017-01-21 22:00:00,1121.4333,25.9230895996094,0.016438363,0.00036013126,2.6149713499348755,24.1184020996094,0.017598031,0.3017578,4.725777153408138,22.0246520996094,0.016011117,0.14300537,4.253189263569535,0,0,0
2017-01-21 23:00:00,1066.7178,25.601770019531276,0.016239656,0.00020062923,2.59463932463552,23.937707519531276,0.017467989,0.29138184,4.5665482169241,21.773645019531276,0.015873445,0.13531494,4.144031131925699,0,0,0
2017-01-22 00:00:00,1010.3134,25.300683593750023,0.01608513,0.00014895201,2.7533074845662413,23.769433593750023,0.017359238,0.28234863,4.599644325852481,21.511621093750023,0.015741806,0.12426758,4.155463544968187,0,0,0
2017-01-22 01:00:00,969.0728,24.993066406250023,0.01598482,0.0004041195,3.0819987781975247,23.610253906250023,0.0172513,0.27233887,4.7435536822681845,21.289941406250023,0.015599537,0.114593506,4.156029368115988,0,0,0
2017-01-22 02:00:00,928.6791,24.7080017089844,0.015892752,0.0012745857,3.490472351397496,23.4814392089844,0.017159231,0.25280762,4.910043413782187,21.1220642089844,0.015431173,0.102996826,4.154937245414927,0,0,0
2017-01-22 03:00:00,902.3082,24.464379882812523,0.015823884,0.0035820007,3.918945300332513,23.378442382812523,0.017075105,0.22698975,4.962146681115544,20.956567382812523,0.015244051,0.08935547,4.0628045798345465,0,0,0
2017-01-22 04:00:00,890.8271,24.294000244140648,0.015801135,0.005754471,4.352916101836805,23.309625244140648,0.01699895,0.19342041,4.9559016332585895,20.801812744140648,0.015042012,0.0730896,3.885716795319461,0,0,0
2017-01-22 05:00:00,882.3353000000001,24.170373535156276,0.015785903,0.0067863464,4.723620295039751,23.240686035156276,0.016907424,0.16375732,4.898951535061691,20.646936035156276,0.014839858,0.061416626,3.709914399467917,0,0,0
2017-01-22 06:00:00,831.0769,24.121026611328148,0.015839074,0.0079193115,4.949828335646416,23.238214111328148,0.016846154,0.13983154,4.840207180759244,20.519464111328148,0.014656519,0.05001831,3.5412371854486286,0,0,0
2017-01-22 07:00:00,849.5595999999999,25.027642822265648,0.016060239,0.01002121,6.523808679676764,24.340142822265648,0.017532712,0.11691284,7.106776589884837,21.176080322265648,0.014892942,0.039123535,3.1410208381464404,0,0,0
2017-01-22 08:00:00,908.1661,25.918542480468773,0.015968684,0.015945435,7.8571749122263,25.285729980468773,0.017807368,0.10317993,8.113445566613628,22.363854980468773,0.015118007,0.03251648,2.981264251099119,0,0,0
2017-01-22 09:00:00,969.254,26.788476562500023,0.016045025,0.018447876,7.663815757209278,26.374414062500023,0.01760905,0.13739014,8.742062653578213,23.811914062500023,0.015121868,0.03012085,2.9783912771815,0,0,0
2017-01-22 10:00:00,1038.807,27.672265625000023,0.015999319,0.018371582,6.967044551158836,27.445703125000023,0.017395498,0.16363525,9.185485506884891,25.430078125000023,0.015011312,0.035980225,3.168071556822052,0,0,0
2017-01-22 11:00:00,1076.4322,28.411065673828148,0.01594573,0.024238586,6.245556544235367,28.153253173828148,0.017303763,0.17608643,9.45696100258529,26.668878173828148,0.015129386,0.060256958,3.553943469309048,0,0,0
2017-01-22 12:00:00,1077.6619,28.914178466796898,0.015991602,0.03967285,5.47105494464609,28.796990966796898,0.017387781,0.18572998,9.63962257849396,27.461053466796898,0.015262995,0.0786438,4.029331492406129,0,0,0
2017-01-22 13:00:00,1091.0273,29.182336425781276,0.01601445,0.05444336,4.63339485818279,28.682336425781276,0.01739537,0.15545654,9.75126581044768,27.776086425781276,0.01536595,0.101745605,4.647864171165846,0,0,0
2017-01-22 14:00:00,1093.995,29.230523681640648,0.016075542,0.06695557,3.7552363648164215,28.378961181640648,0.017525127,0.15441895,10.063122690967106,27.597711181640648,0.015518596,0.12310791,5.342247842167295,0,0,0
2017-01-22 15:00:00,1091.6574,29.230126953125023,0.015530204,0.058441162,2.873758140708408,27.831689453125023,0.01753292,0.17694092,10.04574541591134,26.925439453125023,0.015732383,0.14837646,5.76441852134994,0,0,0
2017-01-22 16:00:00,1084.2179,29.069421386718773,0.015366335,0.04208374,2.430215514480788,27.108483886718773,0.01757886,0.20257568,9.28228631909684,25.889733886718773,0.015900394,0.17211914,5.730859391641035,0,0,0
2017-01-22 17:00:00,1079.9303,28.644708251953148,0.015522385,0.027664185,3.526519959023743,26.160333251953148,0.017830277,0.21655273,7.609953415837113,24.800958251953148,0.016090775,0.19836426,5.338259797881491,0,0,0
2017-01-22 18:00:00,1110.2237,27.857843017578148,0.016288819,0.016395569,4.019662528605116,25.006280517578148,0.017814698,0.24523926,5.870225568528252,23.725030517578148,0.016319336,0.2210083,4.710370112170374,0,0,0
2017-01-22 19:00:00,1167.0841,27.184716796875023,0.016815832,0.01096344,4.361155484750619,24.583154296875023,0.01759403,0.24493408,5.774684818138591,23.137841796875023,0.016251257,0.21551514,4.436139274756719,0,0,0
2017-01-22 20:00:00,1162.9753999999998,26.609429931640648,0.016824996,0.0073051453,4.87357184985341,24.367242431640648,0.017381942,0.24310303,5.690364061183056,22.843804931640648,0.016123092,0.19232178,4.354785615043607,0,0,0
2017-01-22 21:00:00,1165.9048,26.123651123046898,0.016748872,0.0054340363,5.32525866242921,24.209588623046898,0.017214265,0.23291016,5.566596984807862,22.584588623046898,0.015940156,0.1661377,4.323246484637576,0,0,0
2017-01-22 22:00:00,1123.466,25.7246032714844,0.01661888,0.004671097,5.758062518422708,24.0449157714844,0.017046126,0.22521973,5.553050713157623,22.3261657714844,0.0157415,0.13446045,4.138429172054957,0,0,0
2017-01-22 23:00:00,1064.2167,25.355859375000023,0.01655705,0.004085541,6.293316374825943,23.879296875000023,0.016892744,0.20489502,5.512672919850446,22.051171875000023,0.015572859,0.095947266,3.8832566754438407,0,0,0
2017-01-23 00:00:00,1000.9413,25.030175781250023,0.016555898,0.0038013458,6.646327184745865,23.694238281250023,0.016754262,0.17254639,5.211737981848557,21.733300781250023,0.015407675,0.07815552,3.7237516346723303,0,0,0
2017-01-23 01:00:00,959.4785,24.768884277343773,0.016539916,0.0052013397,6.7200456883375965,23.448571777343773,0.016585693,0.11779785,4.900896313491864,21.472009277343773,0.015277252,0.075408936,3.665329069011822,0,0,0
2017-01-23 02:00:00,912.8236,24.606011962890648,0.016524356,0.008773804,6.636707400828105,23.215386962890648,0.016425174,0.08956909,4.832851731652642,21.277886962890648,0.015181583,0.08041382,3.602714016213789,0,0,0
2017-01-23 03:00:00,876.386,24.530725097656276,0.01653194,0.012298584,6.357957755712544,23.061975097656276,0.016303059,0.08276367,4.840526999952388,21.124475097656276,0.015097614,0.08560181,3.5051168028324557,0,0,0
2017-01-23 04:00:00,870.0479,24.520684814453148,0.016524682,0.018074036,5.90461778157955,22.942559814453148,0.016196618,0.07650757,4.924433207937092,20.989434814453148,0.015021691,0.08401489,3.3708912444042083,0,0,0
2017-01-23 05:00:00,890.9945,24.536584472656276,0.016525127,0.023857117,5.434375070195695,22.895959472656276,0.016136028,0.06677246,4.848210033965862,20.888146972656276,0.01496873,0.07891846,3.163544269083808,0,0,0
2017-01-23 06:00:00,919.2637,24.624078369140648,0.01658653,0.05758667,4.888583382732589,22.905328369140648,0.016121136,0.04875183,4.689714613570668,20.795953369140648,0.014900434,0.076812744,3.132482786260681,0,0,0
2017-01-23 07:00:00,1023.7705,25.383813476562523,0.01684646,0.07626343,5.268032972749652,24.649438476562523,0.017052453,0.031829834,5.704946279180887,21.571313476562523,0.015137475,0.07199097,2.858426356307966,0,0,0
2017-01-23 08:00:00,1214.2768999999998,26.012353515625023,0.016641136,0.08703613,6.027692337290027,26.121728515625023,0.016946312,0.032424927,7.225687077465718,23.176416015625023,0.015340324,0.07211304,3.041489333814324,0,0,0
2017-01-23 09:00:00,1326.8232,26.676110839843773,0.016603736,0.06970215,6.383009306582778,27.152673339843773,0.016916541,0.029472351,7.60852607017754,24.691735839843773,0.015444068,0.098724365,3.5150598178510832,0,0,0
2017-01-23 10:00:00,1398.4916,27.628442382812523,0.016520623,0.04714966,6.583558132663312,28.112817382812523,0.01706994,0.030517578,7.9906513713450735,26.081567382812523,0.015387659,0.14025879,4.111267723817742,0,0,0
2017-01-23 11:00:00,1444.8193,28.633081054687523,0.016353633,0.04234314,7.095794837415666,28.867456054687523,0.017131831,0.048568726,8.41348376480688,26.765893554687523,0.01520541,0.17840576,4.686603887733504,0,0,0
2017-01-23 12:00:00,1452.8056,29.352136230468773,0.01636872,0.043807983,7.757010865989117,29.188073730468773,0.01713166,0.093566895,9.001817710422424,26.945886230468773,0.015258643,0.20684814,5.290504900340316,0,0,0
2017-01-23 13:00:00,1483.0861,29.778680419921898,0.016292308,0.05038452,8.768572052219275,29.184930419921898,0.01702473,0.17218018,9.806242157621147,26.927117919921898,0.015342449,0.23236084,5.882364246570718,0,0,0
2017-01-23 14:00:00,1491.9052,29.895959472656276,0.016177762,0.05444336,9.901407211167136,28.630334472656276,0.017016996,0.18603516,10.820482667321668,26.442834472656276,0.015433897,0.24389648,6.28620932586552,0,0,0
2017-01-23 15:00:00,1435.993,29.738824462890648,0.015986905,0.068573,11.201481925471295,27.895074462890648,0.016993985,0.20373535,11.438773022456443,25.715386962890648,0.015513881,0.24884033,6.336574193382395,0,0,0
2017-01-23 16:00:00,1379.85,29.3010192871094,0.015780643,0.0675354,12.005133065054627,27.0978942871094,0.016917422,0.20770264,10.976876872166292,24.9728942871094,0.015517428,0.25500488,6.043503556853361,0,0,0
2017-01-23 17:00:00,1248.4558,28.488244628906276,0.015955767,0.03944397,12.307770316940456,26.175744628906276,0.017084917,0.19683838,8.887846271191465,24.128869628906276,0.015547593,0.27172852,5.474946259535321,0,0,0
2017-01-23 18:00:00,1231.0269,27.288110351562523,0.016878646,0.022666931,10.972187900237364,25.061547851562523,0.017237227,0.16540527,6.513325342754563,23.241235351562523,0.015665572,0.27209473,4.6851886391295405,0,0,0
2017-01-23 19:00:00,1270.6811,26.5324645996094,0.0173899,0.01524353,10.16378861594145,24.6418395996094,0.01712287,0.09918213,6.237548057355732,22.7121520996094,0.015726691,0.23297119,4.277067387262056,0,0,0
2017-01-23 20:00:00,1237.7452,26.050744628906276,0.017619397,0.013957977,9.245830408559724,24.277307128906276,0.017039564,0.042663574,5.9773064219912575,22.308557128906276,0.015727308,0.18756104,3.923685964284818,0,0,0
2017-01-23 21:00:00,1191.9937,25.719689941406276,0.01770379,0.015914917,8.302495489351863,23.782189941406276,0.016788263,0.034729004,5.623605112692478,22.040002441406276,0.015590448,0.16015625,3.6030399123878727,0,0,0
2017-01-23 22:00:00,1135.2024,25.4694763183594,0.017718602,0.031044006,7.71805727178395,23.4616638183594,0.016597081,0.023704529,5.299263323563091,21.7976013183594,0.0154183395,0.13330078,3.195604983796242,0,0,0
2017-01-23 23:00:00,1061.4797,25.274499511718773,0.017717928,0.057662964,7.335839125488565,23.196374511718773,0.01642856,0.016906738,4.919966147701755,21.547937011718773,0.015215485,0.12088013,2.889196660344849,0,0,0
2017-01-24 00:00:00,1009.4644,25.146813964843773,0.017732529,0.08798218,7.06763945337707,22.959313964843773,0.016237168,0.012634277,4.559138929231208,21.279626464843773,0.015008835,0.10723877,2.775336002937161,0,0,0
2017-01-24 01:00:00,965.3116,25.003198242187523,0.017731864,0.11004639,6.830994398634956,22.753198242187523,0.01602288,0.009033203,4.310351239471928,21.104760742187523,0.014844139,0.09869385,2.672264986187296,0,0,0
2017-01-24 02:00:00,920.378,24.907250976562523,0.017662834,0.10522461,6.802861781147043,22.579125976562523,0.015786003,0.008243561,4.112442447526325,20.930688476562523,0.014672112,0.078125,2.631934771378813,0,0,0
2017-01-24 03:00:00,899.3647,24.786706542968773,0.01757144,0.089416504,6.978520495511525,22.521081542968773,0.015526763,0.00983429,4.072691861686094,20.747644042968773,0.0144891655,0.059417725,2.740019237422933,0,0,0
2017-01-24 04:00:00,911.6663,24.594628906250023,0.01741971,0.08633423,6.82025632225575,22.500878906250023,0.015294925,0.011703491,4.0526499661767055,20.539941406250023,0.01435651,0.04510498,2.7347409126681046,0,0,0
2017-01-24 05:00:00,918.2958,24.427941894531276,0.017176872,0.07461548,6.126109468832653,22.443566894531276,0.015082604,0.010295868,4.0331578056246205,20.381066894531276,0.014266259,0.03590393,2.638859921636596,0,0,0
2017-01-24 06:00:00,945.8324,24.4418884277344,0.016964799,0.07260132,4.972631598064631,22.4262634277344,0.014962083,0.007854462,3.966172330704775,20.3168884277344,0.014176255,0.029754639,2.5161064341218937,0,0,0
2017-01-24 07:00:00,1014.0373,25.303155517578148,0.016774505,0.097229004,4.473821885585806,24.342218017578148,0.016576141,0.0067253113,3.813609160126716,20.943780517578148,0.01445517,0.022758484,1.887103721248533,0,0,0
2017-01-24 08:00:00,1176.2643,25.840844726562523,0.016370058,0.1373291,2.7829791645088418,26.895532226562523,0.016774416,0.008773804,4.007847386258527,22.293969726562523,0.014813661,0.0122795105,1.4258668672121202,0,0,0
2017-01-24 09:00:00,1294.1871999999998,26.661553955078148,0.016102184,0.13317871,2.5207178346851142,28.083428955078148,0.015457499,0.012680054,4.238922839003085,24.020928955078148,0.014519083,0.0056610107,1.4305331896398714,0,0,0
2017-01-24 10:00:00,1403.5494,27.677575683593773,0.015624851,0.12033081,4.933674768068071,28.646325683593773,0.015395969,0.024650574,4.115634092698882,25.763513183593773,0.014079899,0.018363953,1.5199908591610465,0,0,0
2017-01-24 11:00:00,1414.9685,28.4479919433594,0.0152202975,0.115478516,6.457722507590922,29.4479919433594,0.015399588,0.044189453,4.036347265409502,26.8229919433594,0.0138470065,0.0594635,1.9452285233721416,0,0,0
2017-01-24 12:00:00,1399.769,29.059533691406276,0.014866023,0.10211182,7.797691517123246,29.872033691406276,0.015369563,0.06906128,4.014145258922378,27.309533691406276,0.0137673905,0.092681885,2.4217248587060887,0,0,0
2017-01-24 13:00:00,1436.6912,29.480676269531276,0.014518593,0.09036255,8.874196238052209,29.886926269531276,0.015426491,0.10699463,3.964613895161485,27.433801269531276,0.013889168,0.10800171,2.859588039779144,0,0,0
2017-01-24 14:00:00,1443.5113,29.700463867187523,0.014285026,0.07626343,9.834473796162769,29.716088867187523,0.015570579,0.13189697,3.842034499514415,27.309838867187523,0.014086662,0.11685181,3.291931831849936,0,0,0
2017-01-24 15:00:00,1417.3018,29.701715087890648,0.014124424,0.05683899,10.869038977792895,29.357965087890648,0.015718967,0.1416626,3.503945589897259,26.717340087890648,0.014402897,0.12182617,3.6244544335594138,0,0,0
2017-01-24 16:00:00,1314.5954000000002,29.427117919921898,0.0139338095,0.034973145,12.59998479569744,28.833367919921898,0.01632944,0.12817383,2.937280229504322,25.903680419921898,0.01480356,0.12823486,3.54594353498243,0,0,0
2017-01-24 17:00:00,1204.133,28.652368164062523,0.014199309,0.018455505,13.455068048923865,27.746118164062523,0.016182952,0.10583496,2.8955424679102326,24.832055664062523,0.01525598,0.1239624,3.015135640181993,0,0,0
2017-01-24 18:00:00,1202.9745,27.284875488281276,0.015293361,0.008213043,12.458148339640616,25.292687988281276,0.016578913,0.07070923,1.967142593319659,23.605187988281276,0.015747309,0.1166687,2.16387691542099,0,0,0
2017-01-24 19:00:00,1244.7247,26.320123291015648,0.015907828,0.0031738281,12.915270368025569,24.335748291015648,0.016106192,0.04623413,2.779798735118556,22.835748291015648,0.015785757,0.11581421,1.391192965302387,0,0,0
2017-01-24 20:00:00,1200.894,25.586328125000023,0.01612128,0.0010910034,13.641484851281914,23.672265625000023,0.01574744,0.028320312,3.897225119028596,22.453515625000023,0.015491855,0.106292725,0.503559113630196,0,0,0
2017-01-24 21:00:00,1160.055,25.035424804687523,0.016129363,0.00034332275,13.495046088135396,23.074487304687523,0.015602935,0.01764679,4.702135787804247,22.176049804687523,0.015271056,0.10171509,0.2538473432139355,0,0,0
2017-01-24 22:00:00,1100.3924,24.661553955078148,0.01603877,0.00011497736,13.250329061776592,22.591241455078148,0.015550488,0.010749817,5.466946936997897,21.872491455078148,0.01514613,0.091674805,0.888772569925093,0,0,0
2017-01-24 23:00:00,1032.8976,24.368676757812523,0.016009204,9.351969e-05,13.158333926032748,22.110864257812523,0.015536181,0.0065555573,5.723023135770205,21.571801757812523,0.015013567,0.08416748,1.44328723525875,0,0,0
2017-01-25 00:00:00,977.7759,24.140161132812523,0.01598669,0.0004529953,12.98585551831224,21.671411132812523,0.015452632,0.009162903,5.5254872448140295,21.319848632812523,0.014857539,0.0776062,1.76055534907524,0,0,0
2017-01-25 01:00:00,939.6688,23.938287353515648,0.016001621,0.0014071465,12.646282207602216,21.336724853515648,0.015330235,0.018692017,5.288024746443056,21.086724853515648,0.014712254,0.078552246,1.871377065468746,0,0,0
2017-01-25 02:00:00,901.7816,23.789605712890648,0.015994167,0.0038042068,12.272135457421529,21.055230712890648,0.015204525,0.030220032,4.950856048081553,21.008355712890648,0.014552211,0.08480835,1.913409488067357,0,0,0
2017-01-25 03:00:00,884.195,23.716912841796898,0.015949005,0.009613037,12.130069917004034,20.834100341796898,0.015086885,0.03955078,4.66371442099777,20.896600341796898,0.014377351,0.08969116,1.8646601458308076,0,0,0
2017-01-25 04:00:00,873.2038,23.6977478027344,0.015865397,0.010540009,12.401009266295784,20.7446228027344,0.0150109045,0.05029297,4.537103392867612,20.7993103027344,0.014190745,0.08996582,1.8044630272709163,0,0,0
2017-01-25 05:00:00,890.2302999999999,23.651879882812523,0.01578101,0.007648468,12.806858281759515,20.690942382812523,0.014953219,0.05000305,4.608433601065782,20.730004882812523,0.014037692,0.090423584,1.8185938109355184,0,0,0
2017-01-25 06:00:00,903.8907,23.667749023437523,0.015734525,0.0046195984,13.587034204495149,20.777124023437523,0.014971585,0.04598999,4.744708456683954,20.636499023437523,0.013933987,0.09402466,1.9711633549759704,0,0,0
2017-01-25 07:00:00,1005.7106,24.857812500000023,0.015818045,0.005590439,18.238603050545063,22.873437500000023,0.015924856,0.042282104,7.418585624898468,21.193750000000023,0.014086172,0.09371948,2.333343811238696,0,0,0
2017-01-25 08:00:00,1180.6369,25.877893066406276,0.015566044,0.0048160553,22.30696171089834,24.893518066406276,0.016603641,0.039215088,9.35166492836292,22.581018066406276,0.014124088,0.08129883,2.8283233168392217,0,0,0
2017-01-25 09:00:00,1281.842,26.753869628906276,0.015411862,0.0035686493,23.79619855253687,26.816369628906276,0.01684619,0.047683716,11.904851049703437,24.261682128906276,0.014069089,0.07727051,2.8882901435861648,0,0,0
2017-01-25 10:00:00,1363.8407,27.690698242187523,0.015174475,0.0033769608,24.15936169873761,28.315698242187523,0.016784277,0.05206299,12.602970862965362,25.776635742187523,0.013991918,0.08151245,2.5462030865444465,0,0,0
2017-01-25 11:00:00,1405.0419,28.502557373046898,0.01490072,0.0028123856,23.68810280709727,29.330682373046898,0.016685998,0.05607605,12.28178448860789,26.924432373046898,0.013943231,0.07577515,1.919232120891264,0,0,0
2017-01-25 12:00:00,1392.7333999999998,29.077844238281276,0.014676258,0.0017952919,22.973010207590274,29.984094238281276,0.016587421,0.061264038,11.876835994735703,27.648156738281276,0.0140773505,0.085876465,1.182005313808096,0,0,0
2017-01-25 13:00:00,1407.396,29.391137695312523,0.014486036,0.0010609627,22.226416300046413,30.266137695312523,0.01640483,0.08129883,11.484800574066329,27.836450195312523,0.014665327,0.09564209,0.8268483091445153,0,0,0
2017-01-25 14:00:00,1433.1057999999998,29.467248535156276,0.014303906,0.00069212914,21.5885448598334,30.201623535156276,0.016230328,0.069885254,10.9484024763738,27.764123535156276,0.0145480465,0.10845947,1.1985939580255536,0,0,0
2017-01-25 15:00:00,1397.0477999999998,29.275231933593773,0.014174835,0.0010704994,21.13259236253181,29.775231933593773,0.016085997,0.07080078,10.348730523581482,27.361169433593773,0.01448764,0.09112549,1.6104513306072143,0,0,0
2017-01-25 16:00:00,1321.7845,28.6740661621094,0.014205524,0.001147747,21.05444384715233,28.9240661621094,0.016170094,0.035369873,9.618806537662786,26.4240661621094,0.014945575,0.08746338,1.6423679118411034,0,0,0
2017-01-25 17:00:00,1183.4731,27.558435058593773,0.014518441,0.0010271072,20.334385940738755,27.433435058593773,0.016635597,0.029830933,8.047293654726742,25.284997558593773,0.015643775,0.08016968,1.2668758314795228,0,0,0
2017-01-25 18:00:00,1197.5441,26.136926269531276,0.0150979655,0.001625061,18.295744179068475,25.136926269531276,0.016543737,0.030158997,6.522021646500559,24.129113769531276,0.015521397,0.066467285,0.6353572034893223,0,0,0
2017-01-25 19:00:00,1232.4163,25.332360839843773,0.015452945,0.0020456314,17.53847465607311,24.043298339843773,0.016192995,0.036026,7.18747327185927,23.254235839843773,0.0155559415,0.076538086,0.0331316127339504,0,0,0
2017-01-25 20:00:00,1191.5636000000002,24.881311035156276,0.015597185,0.0016593933,16.48988231832084,23.217248535156276,0.015871843,0.03125,7.520887418290062,22.670373535156276,0.015333971,0.08630371,1.057737198463896,0,0,0
2017-01-25 21:00:00,1132.5367,24.582360839843773,0.015597043,0.001019001,15.522339169908127,22.605798339843773,0.015639005,0.027366638,7.490936479072299,22.215173339843773,0.015093503,0.07296753,2.1821922726328364,0,0,0
2017-01-25 22:00:00,1090.5713999999998,24.336785888671898,0.015490382,0.00054883957,15.170394827143616,22.141473388671898,0.015524714,0.027671814,7.224463958390546,21.821160888671898,0.014971583,0.06484985,2.875350494581498,0,0,0
2017-01-25 23:00:00,1031.7559,24.135278320312523,0.015349596,0.00025820732,15.044804910172688,21.783715820312523,0.015444963,0.028373718,6.793698804955487,21.494653320312523,0.014929979,0.06576538,3.1794306950821123,0,0,0
2017-01-26 00:00:00,963.3785,23.976892089843773,0.015226784,9.098649e-05,14.974736904577927,21.476892089843773,0.015375557,0.027664185,6.334932861454087,21.289392089843773,0.014837685,0.07296753,3.3177960075319906,0,0,0
2017-01-26 01:00:00,939.3596,23.865930175781276,0.015161325,3.3676624e-05,15.173290064593022,21.209680175781276,0.01529484,0.024429321,6.128966888069414,21.217492675781276,0.014711191,0.07839966,3.4585288152637275,0,0,0
2017-01-26 02:00:00,927.0436,23.800408935546898,0.015214247,0.0001732707,15.506949637518876,20.972283935546898,0.015218061,0.019752502,6.144222821099295,21.112908935546898,0.014584822,0.08300781,3.622461769423531,0,0,0
2017-01-26 03:00:00,910.1149,23.787866210937523,0.015366322,0.00033533573,16.02396653007406,20.787866210937523,0.0151374405,0.015296936,6.3526499858205785,20.983178710937523,0.014488942,0.08908081,3.7663504861669024,0,0,0
2017-01-26 04:00:00,895.7276,23.816278076171898,0.015556425,0.0003246069,16.100358852391498,20.636590576171898,0.01504907,0.009254456,6.462457505460883,20.886590576171898,0.014396757,0.090270996,3.838946397304309,0,0,0
2017-01-26 05:00:00,917.8692,23.854882812500023,0.015731437,0.00031673908,16.03555683307497,20.487695312500023,0.014949423,0.008686066,6.531970700741972,20.784570312500023,0.014319998,0.084472656,3.8794185131908985,0,0,0
2017-01-26 06:00:00,945.9747,23.982019042968773,0.015937168,0.00035715103,16.23357726324419,20.466394042968773,0.014853795,0.0047016144,6.613113969015467,20.700769042968773,0.014285405,0.0718689,3.9952127706040215,0,0,0
2017-01-26 07:00:00,1046.895,25.228967285156276,0.016310852,0.0007929802,20.009550843009063,22.518029785156276,0.015280885,0.0021886826,9.707654449782494,21.291467285156276,0.014468354,0.052520752,4.309214692318758,0,0,0
2017-01-26 08:00:00,1213.5957999999998,26.5478454589844,0.01634099,0.002336502,24.300857528814536,24.7353454589844,0.0156123815,0.0009403229,11.70425906789358,22.8056579589844,0.014502305,0.029136658,4.7132437364478665,0,0,0
2017-01-26 09:00:00,1309.2106,27.698419189453148,0.016508572,0.010246277,25.86473004409492,26.557794189453148,0.015635006,0.0004594326,12.703812971453566,24.401544189453148,0.014276974,0.010345459,4.430393882015299,0,0,0
2017-01-26 10:00:00,1389.5596,28.738732910156276,0.016737213,0.026893616,25.76454078553795,27.957482910156276,0.015684357,0.00029432774,12.192831203271243,25.809045410156276,0.0137236025,0.0046844482,3.749338862312857,0,0,0
2017-01-26 11:00:00,1425.9906,29.586755371093773,0.016973412,0.042053223,24.681604492856557,29.102380371093773,0.015890038,0.00027108192,11.483314284561224,26.914880371093773,0.013193047,0.003435135,2.925564447374068,0,0,0
2017-01-26 12:00:00,1401.9294,30.156091308593773,0.017179057,0.06411743,23.205299258925518,29.906091308593773,0.016118571,0.00035727024,10.83963939841163,27.702966308593773,0.013028666,0.0027694702,2.157245535536118,0,0,0
2017-01-26 13:00:00,1446.74,30.370446777343773,0.017285576,0.080444336,22.084893220138557,30.323571777343773,0.016293755,0.0012025833,10.318575580677798,28.065759277343773,0.013451804,0.0021305084,1.4175907759891626,0,0,0
2017-01-26 14:00:00,1457.6974,30.359033203125023,0.017315818,0.078125,21.48362279933216,30.374658203125023,0.016491843,0.0064430237,9.717858421913215,27.968408203125023,0.014481499,0.0016169548,0.7940967215557899,0,0,0
2017-01-26 15:00:00,1440.6271,30.150354003906276,0.01726213,0.059020996,21.31274986679958,30.072229003906276,0.016720442,0.018226624,8.99431037349994,27.665979003906276,0.014755872,0.0012044907,0.5590254426661255,0,0,0
2017-01-26 16:00:00,1359.9192,29.578637695312523,0.017200915,0.04019165,21.93518767861569,29.359887695312523,0.016910998,0.027786255,8.475771235930289,27.047387695312523,0.015068499,0.002152443,0.5162775661322531,0,0,0
2017-01-26 17:00:00,1241.3118,28.530053710937523,0.017254012,0.02229309,22.084284321971403,27.967553710937523,0.017330306,0.030532837,6.842340419303563,26.030053710937523,0.015350478,0.005630493,0.4066202114598989,0,0,0
2017-01-26 18:00:00,1248.8444,27.312615966796898,0.017574359,0.0122795105,20.837873047050653,25.859490966796898,0.017147113,0.03213501,5.620393743874325,24.531365966796898,0.015583086,0.012619019,0.9546115526623592,0,0,0
2017-01-26 19:00:00,1289.7121,26.659814453125023,0.01778022,0.012382507,19.76313463961857,24.972314453125023,0.016834175,0.040908813,6.4632188850934345,23.519189453125023,0.015388405,0.0089149475,2.0704862782222397,0,0,0
2017-01-26 20:00:00,1251.0725,26.338891601562523,0.017764866,0.019927979,18.592173991113043,24.292016601562523,0.01658994,0.044265747,6.955336658329393,22.940454101562523,0.01531583,0.010211945,3.182817097858597,0,0,0
2017-01-26 21:00:00,1211.4489,26.137780761718773,0.017802956,0.021492004,17.373705128233656,23.762780761718773,0.016391518,0.042648315,6.860235722442813,22.559655761718773,0.015327218,0.011310577,3.980426388141702,0,0,0
2017-01-26 22:00:00,1158.7673000000002,25.996606445312523,0.01777236,0.025772095,17.154337191651074,23.371606445312523,0.016276998,0.042419434,6.451843592626327,22.230981445312523,0.015281362,0.01750946,4.041857354034322,0,0,0
2017-01-26 23:00:00,1104.4115,25.8205505371094,0.017711222,0.022827148,17.241002079634494,23.1018005371094,0.016200602,0.044937134,6.031254237672573,21.9143005371094,0.015121043,0.04118347,4.012856483667003,0,0,0
2017-01-27 00:00:00,1036.1486,25.605981445312523,0.017672908,0.020393372,17.40541308159665,22.941918945312523,0.016177546,0.05189514,5.832972820949164,21.691918945312523,0.01498736,0.06225586,4.032570144601378,0,0,0
2017-01-27 01:00:00,1001.5058,25.406884765625023,0.01759652,0.016288757,17.996771103217423,22.813134765625023,0.016192712,0.05770874,5.930382131065332,21.555322265625023,0.014952935,0.07321167,4.069806874916178,0,0,0
2017-01-27 02:00:00,961.9227,25.249902343750023,0.01754278,0.012584686,18.481680415652903,22.695214843750023,0.016245782,0.05709839,6.247038846254972,21.499902343750023,0.015002191,0.08312988,4.130503870174571,0,0,0
2017-01-27 03:00:00,945.865,25.113397216796898,0.017481457,0.021560669,18.918561703488745,22.582147216796898,0.016291272,0.05206299,6.658405808049182,21.519647216796898,0.015085828,0.09289551,4.17246577162557,0,0,0
2017-01-27 04:00:00,939.2446,25.054162597656276,0.017412603,0.021484375,18.702251359999877,22.444787597656276,0.016336858,0.039093018,6.780138025482393,21.577600097656276,0.0151619315,0.09490967,4.064896272975792,0,0,0
2017-01-27 05:00:00,933.9903,25.012384033203148,0.017397076,0.0139808655,17.76703243105753,22.285821533203148,0.01634422,0.022338867,6.659598337381826,21.629571533203148,0.015211253,0.08917236,3.89227401165585,0,0,0
2017-01-27 06:00:00,964.5147,25.042993164062523,0.017427417,0.0077209473,17.095985182217078,22.246118164062523,0.016328784,0.011127472,6.620156183618919,21.667993164062523,0.015249223,0.0803833,3.761028498843117,0,0,0
2017-01-27 07:00:00,1043.0669,25.9968200683594,0.017595246,0.005218506,20.30548124680996,23.9890075683594,0.016733125,0.008972168,9.665073998449666,22.3561950683594,0.015462831,0.06854248,3.935404977668351,0,0,0
2017-01-27 08:00:00,1237.9006000000002,27.124780273437523,0.017488528,0.015647888,23.09482645336684,26.046655273437523,0.017015506,0.008525848,12.132685212930989,23.952905273437523,0.01550107,0.046554565,4.2993199298590765,0,0,0
2017-01-27 09:00:00,1346.4818,28.261071777343773,0.01741952,0.023757935,23.4017915480044,27.761071777343773,0.017015163,0.005458832,13.483681849127713,25.620446777343773,0.015447322,0.031600952,4.121289529931908,0,0,0
2017-01-27 10:00:00,1403.1972,29.304406738281276,0.017373415,0.02520752,22.223660207041657,29.054406738281276,0.017106386,0.0034132004,13.333686239022692,26.976281738281276,0.015317293,0.028465271,3.8082503751460206,0,0,0
2017-01-27 11:00:00,1443.0971,30.113824462890648,0.017403567,0.021728516,20.929422415734507,30.035699462890648,0.017273868,0.0030975342,13.082425263269917,27.926324462890648,0.0155725125,0.029014587,3.3068075319313515,0,0,0
2017-01-27 12:00:00,1437.3409,30.611108398437523,0.017479515,0.02885437,20.518459736086584,30.704858398437523,0.017471885,0.004957199,12.75206843932392,28.423608398437523,0.0160223,0.034301758,2.8106514921460355,0,0,0
2017-01-27 13:00:00,1469.2738000000002,30.877343750000023,0.017441057,0.01952362,21.09840417404611,31.017968750000023,0.01765468,0.0076618195,12.325087832124364,28.596093750000023,0.0161288,0.041793823,2.7426881773242213,0,0,0
2017-01-27 14:00:00,1480.7916,30.880761718750023,0.01734153,0.01675415,22.00547049739049,30.974511718750023,0.017768776,0.010097504,11.859173451999071,28.443261718750023,0.016151344,0.049926758,2.805115458106294,0,0,0
2017-01-27 15:00:00,1461.6697,30.541131591796898,0.01716576,0.011711121,22.792097027032163,30.634881591796898,0.01778374,0.0155181885,11.410782402955874,28.025506591796898,0.01614342,0.056243896,2.975057929941564,0,0,0
2017-01-27 16:00:00,1365.4916,29.753381347656276,0.017020687,0.008804321,23.854500860502423,29.909631347656276,0.017783627,0.02002716,10.723897597202846,27.331506347656276,0.016135678,0.059951782,3.4300712436806404,0,0,0
2017-01-27 17:00:00,1237.6962,28.460748291015648,0.016929112,0.010860443,24.58555666560384,28.476373291015648,0.018020116,0.019081116,8.492661847269984,26.273248291015648,0.016227208,0.060821533,3.887649435133416,0,0,0
2017-01-27 18:00:00,1243.637,27.146875000000023,0.01695968,0.018676758,24.03553494947881,26.381250000000023,0.017890466,0.019371033,6.611137719977905,24.818750000000023,0.016471399,0.07211304,4.1684841751836,0,0,0
2017-01-27 19:00:00,1295.4764,26.5417419433594,0.016936911,0.024406433,23.28434187994641,25.4401794433594,0.017600669,0.018051147,7.172715297165495,23.9167419433594,0.016387595,0.08526611,5.018775101880378,0,0,0
2017-01-27 20:00:00,1254.1979,26.262414550781276,0.016898958,0.020599365,22.02407608432563,24.778039550781276,0.017410127,0.02910614,7.344711534251179,23.403039550781276,0.01624283,0.0869751,5.536938055385377,0,0,0
2017-01-27 21:00:00,1212.2739,26.079614257812523,0.016952606,0.018699646,21.31491052682609,24.267114257812523,0.017204376,0.0308609,7.570296218901803,23.056176757812523,0.016220184,0.09603882,5.463574210895189,0,0,0
2017-01-27 22:00:00,1157.2766,25.941857910156276,0.017036762,0.016166687,20.81278267333376,23.863732910156276,0.017006245,0.029335022,7.51623975749597,22.848107910156276,0.01618227,0.1116333,4.985305004832798,0,0,0
2017-01-27 23:00:00,1108.09,25.837060546875023,0.01705983,0.012630463,20.0165918421346,23.547998046875023,0.016846206,0.02748108,7.385443727545041,22.727685546875023,0.016121414,0.11807251,4.565402523314909,0,0,0
2017-01-28 00:00:00,1057.4988,25.706323242187523,0.017067574,0.010223389,19.65567041946603,23.284448242187523,0.016708992,0.02015686,7.274330643211284,22.620385742187523,0.016014718,0.116241455,4.295966443362322,0,0,0
2017-01-28 01:00:00,1027.3746,25.585351562500023,0.01708301,0.0099983215,19.79021163356938,23.030664062500023,0.01657947,0.01190567,7.147098099095754,22.491601562500023,0.015923342,0.10946655,4.116074772547642,0,0,0
2017-01-28 02:00:00,962.2473,25.495233154296898,0.017068025,0.010463715,20.050857959379854,22.807733154296898,0.016434785,0.006061554,6.965946351310491,22.385858154296898,0.015824433,0.09915161,4.079890575344026,0,0,0
2017-01-28 03:00:00,946.917,25.433465576171898,0.017068429,0.010169983,20.07396261876879,22.605340576171898,0.01629023,0.0023555756,6.871931854887161,22.269403076171898,0.015725655,0.0843811,4.128532984380638,0,0,0
2017-01-28 04:00:00,926.486,25.321099853515648,0.017129816,0.013374329,19.19960867959832,22.430474853515648,0.0161914,0.0013079643,6.870244143616405,22.164849853515648,0.015634455,0.07922363,4.2822617943248495,0,0,0
2017-01-28 05:00:00,931.3426,25.212915039062523,0.017206587,0.017410278,18.52522558159876,22.236352539062523,0.01616136,0.00122118,6.916129309068114,22.048852539062523,0.015551009,0.0736084,4.451792293895879,0,0,0
2017-01-28 06:00:00,923.2189,25.184777832031276,0.017222526,0.023490906,17.929622702088793,22.184777832031276,0.016184928,0.0023145676,7.036608846557285,21.950402832031276,0.015479209,0.067596436,4.5945878179603294,0,0,0
2017-01-28 07:00:00,966.3284,26.001916503906276,0.017002108,0.028648376,21.68498828777677,24.009729003906276,0.01671219,0.009899139,10.362102365629816,22.525354003906276,0.015544893,0.05784607,5.173763890456295,0,0,0
2017-01-28 08:00:00,1100.7521,26.966821289062523,0.01656045,0.023078918,25.480691219038786,26.115258789062523,0.017140284,0.016555786,13.201964856342984,23.943383789062523,0.015450373,0.045272827,5.830307931636009,0,0,0
2017-01-28 09:00:00,1188.092,27.920526123046898,0.016446827,0.023864746,26.81771474639012,27.733026123046898,0.017095326,0.013568878,15.558399927003236,25.467401123046898,0.015237568,0.034118652,6.058878297008164,0,0,0
2017-01-28 10:00:00,1260.8929,28.784844970703148,0.016386563,0.0153541565,27.48092260419461,28.847344970703148,0.016974026,0.009567261,16.14939759255865,26.675469970703148,0.015020902,0.036483765,5.921885606258024,0,0,0
2017-01-28 11:00:00,1274.0909,29.474267578125023,0.016287927,0.015663147,27.742756293010945,29.677392578125023,0.016814355,0.008113861,16.24987363795521,27.552392578125023,0.014971857,0.039916992,5.5569118556112365,0,0,0
2017-01-28 12:00:00,1219.3664,29.9250427246094,0.016227184,0.006587982,27.46975297470312,30.2219177246094,0.016738353,0.007938385,15.999327025565671,27.9875427246094,0.01520866,0.042816162,4.929139762712557,0,0,0
2017-01-28 13:00:00,1223.4855,30.136010742187523,0.016219426,0.0019040108,26.961575441597784,30.432885742187523,0.016608525,0.008213043,15.611304515456624,28.136010742187523,0.015227605,0.0443573,4.691838653736694,0,0,0
2017-01-28 14:00:00,1199.7656000000002,30.081750488281276,0.01614317,0.0012583733,26.878429922843104,30.253625488281276,0.016440716,0.009586334,15.194000073865633,27.972375488281276,0.015052167,0.05644226,4.748410241970444,0,0,0
2017-01-28 15:00:00,1209.2235999999998,29.714135742187523,0.016013524,0.00315094,27.519596610994064,29.698510742187523,0.016211888,0.010097504,15.020947104916884,27.464135742187523,0.014903447,0.050354004,5.099993604768222,0,0,0
2017-01-28 16:00:00,1169.8048,28.872155761718773,0.015914435,0.008731842,28.444886896877826,28.715905761718773,0.015922064,0.010318756,14.73888203205004,26.598718261718773,0.014865392,0.04386902,5.723768160029551,0,0,0
2017-01-28 17:00:00,1137.8246,27.663446044921898,0.015915027,0.017623901,28.28341266333972,27.179071044921898,0.015792957,0.0128593445,13.038648364219792,25.429071044921898,0.014927021,0.042129517,6.284046436524323,0,0,0
2017-01-28 18:00:00,1155.9713,26.529016113281276,0.016045587,0.019577026,26.68384387234551,25.107141113281276,0.015702264,0.016357422,10.510285359001283,24.021203613281276,0.0149698425,0.047286987,6.505258674844202,0,0,0
2017-01-28 19:00:00,1197.1381,26.012170410156276,0.016176358,0.013103485,25.41143458544656,24.230920410156276,0.015558376,0.01373291,10.48529719246696,23.129357910156276,0.015115871,0.05407715,6.5732232075429815,0,0,0
2017-01-28 20:00:00,1162.0104,25.748712158203148,0.0163071,0.007965088,24.601258594601955,23.733087158203148,0.015486942,0.009708405,10.483740528084672,22.678399658203148,0.015166507,0.057174683,6.418437096565896,0,0,0
2017-01-28 21:00:00,1134.5506,25.560266113281276,0.016376182,0.009986877,23.7021518551265,23.450891113281276,0.015426324,0.014446259,10.26843049474648,22.443078613281276,0.015144036,0.05810547,6.348709927571569,0,0,0
2017-01-28 22:00:00,1102.1544,25.428247070312523,0.016345209,0.016807556,22.95957980206737,23.279809570312523,0.015368646,0.012626648,10.082576222225027,22.295434570312523,0.015090173,0.055145264,6.237551524956668,0,0,0
2017-01-28 23:00:00,1053.1312,25.303491210937523,0.016275778,0.020309448,22.214160300283236,22.998803710937523,0.01531066,0.009887695,9.28687695637803,22.147241210937523,0.014997855,0.04597473,5.950178695046959,0,0,0
2017-01-29 00:00:00,1006.2275,25.183557128906276,0.016274942,0.021209717,21.82872257536984,22.581994628906276,0.015199198,0.008529663,8.494421885612722,21.980432128906276,0.014886393,0.03930664,5.76868214014546,0,0,0
2017-01-29 01:00:00,964.5045,25.075769042968773,0.016312927,0.02355957,21.557420342568168,22.317956542968773,0.015027373,0.00765419,8.355668114294062,21.810144042968773,0.014787047,0.033706665,5.622363762127246,0,0,0
2017-01-29 02:00:00,946.8554,24.987451171875023,0.016364908,0.02482605,21.05070060234598,22.104638671875023,0.014873361,0.01014328,8.419711228445436,21.643701171875023,0.014678812,0.036376953,5.544912191922023,0,0,0
2017-01-29 03:00:00,915.007,24.9306579589844,0.016417654,0.025489807,20.322854782575995,21.9462829589844,0.014807853,0.007478714,8.656111305860913,21.5244079589844,0.014571342,0.040145874,5.561130651735435,0,0,0
2017-01-29 04:00:00,896.2936000000001,24.904595947265648,0.016478872,0.017181396,19.545296066512694,21.709283447265648,0.014754628,0.004917145,8.6618750408692,21.451470947265648,0.014529561,0.045654297,5.545929916461771,0,0,0
2017-01-29 05:00:00,896.6449,24.827905273437523,0.01663228,0.008563995,18.65524990449132,21.554467773437523,0.014732561,0.0042209625,8.517847178162866,21.413842773437523,0.014572344,0.04307556,5.456681224653663,0,0,0
2017-01-29 06:00:00,867.4892000000001,24.860711669921898,0.016847126,0.0062503815,18.64239774090965,21.571649169921898,0.0147643015,0.0036344528,8.556814951110253,21.415399169921898,0.0146002695,0.046676636,5.426903273901896,0,0,0
2017-01-29 07:00:00,874.2065,25.788446044921898,0.016938789,0.009357452,22.4404323793258,23.304071044921898,0.015271766,0.0032167435,11.57578243634839,21.983758544921898,0.014711006,0.049804688,5.754286410637039,0,0,0
2017-01-29 08:00:00,907.8165,26.944268798828148,0.016601996,0.015281677,25.81247817511941,25.491143798828148,0.015861945,0.0032405853,13.830058557878758,23.311456298828148,0.01472898,0.048202515,5.959251929834182,0,0,0
2017-01-29 09:00:00,956.8712,28.026727294921898,0.016494378,0.024406433,27.022130212850254,27.307977294921898,0.016036615,0.0039052963,16.152700419278535,24.909539794921898,0.014789209,0.04660034,5.836731373667709,0,0,0
2017-01-29 10:00:00,1017.8719,28.921350097656276,0.016547669,0.033935547,27.280047593508733,28.546350097656276,0.016074646,0.0043315887,16.361888713798137,26.327600097656276,0.014743318,0.047836304,5.381919824468707,0,0,0
2017-01-29 11:00:00,1065.528,29.554040527343773,0.016617082,0.048812866,27.46872260290869,29.444665527343773,0.01614406,0.004442215,16.07141196636977,27.460290527343773,0.01469066,0.049423218,4.719495455235628,0,0,0
2017-01-29 12:00:00,1062.0307,29.890222167968773,0.01664862,0.058120728,27.215809883543564,30.046472167968773,0.016213745,0.004404068,15.69697862454597,28.077722167968773,0.015038819,0.04800415,3.962938673123888,0,0,0
2017-01-29 13:00:00,1068.2749,29.945611572265648,0.0166044,0.06832886,26.6987348964021,30.289361572265648,0.0162153,0.0042324066,15.284060713758482,28.312799072265648,0.015028929,0.06222534,3.5534568812796428,0,0,0
2017-01-29 14:00:00,1076.6362,29.789361572265648,0.01655283,0.066101074,26.35911063793782,30.148736572265648,0.016125584,0.0043468475,15.034444430977306,28.242486572265648,0.0148057,0.07369995,3.5511180030597798,0,0,0
2017-01-29 15:00:00,1093.6158,29.3134704589844,0.016483927,0.06738281,26.7368216023246,29.5634704589844,0.015888834,0.007499695,15.11750962592844,27.7431579589844,0.014649058,0.066223145,3.9186271465701696,0,0,0
2017-01-29 16:00:00,1059.4782,28.548211669921898,0.01639164,0.07131958,27.673059013965727,28.548211669921898,0.0155485915,0.01171875,15.05991412620834,26.915399169921898,0.014690285,0.055786133,4.692422933702696,0,0,0
2017-01-29 17:00:00,1030.3945,27.522424316406276,0.016375713,0.066833496,27.684298409350536,27.006799316406276,0.015322857,0.015800476,13.594246825511506,25.639611816406276,0.015029125,0.052474976,5.393492401443042,0,0,0
2017-01-29 18:00:00,1068.9229,26.580529785156276,0.016597316,0.054763794,26.04736028904549,25.025842285156276,0.015193507,0.022079468,10.90885408196442,24.213342285156276,0.0152011365,0.048690796,5.802467972101246,0,0,0
2017-01-29 19:00:00,1130.039,26.169091796875023,0.01684856,0.045074463,24.451372803137414,24.223779296875023,0.015116689,0.01979065,10.76263276659589,23.294091796875023,0.01510143,0.048812866,6.38236302337512,0,0,0
2017-01-29 20:00:00,1131.3584,25.9438415527344,0.017000727,0.03929138,23.226838024980324,23.8891540527344,0.015097194,0.013591766,11.234439739523566,22.7407165527344,0.015169674,0.06022644,6.75878769099466,0,0,0
2017-01-29 21:00:00,1128.3045000000002,25.7841735839844,0.01706903,0.038726807,22.881913017913845,23.6201110839844,0.01512735,0.0086250305,11.342454568335974,22.3857360839844,0.015138794,0.070129395,6.932641128990918,0,0,0
2017-01-29 22:00:00,1099.5073,25.613488769531276,0.017046189,0.036727905,23.32552411143729,23.418176269531276,0.015115953,0.006706238,11.690290501022249,22.144738769531276,0.0150854355,0.076538086,6.641797707803351,0,0,0
2017-01-29 23:00:00,1044.2753,25.463342285156276,0.016873097,0.033920288,24.39375731858797,23.260217285156276,0.015045857,0.006904602,11.911527919435368,22.010217285156276,0.014927601,0.08377075,6.829527315396404,0,0,0
2017-01-30 00:00:00,972.7114,25.293054199218773,0.016796665,0.02861023,24.86884839234274,23.128991699218773,0.014950352,0.011051178,12.10748175724222,21.910241699218773,0.014877873,0.0859375,6.953722734797277,0,0,0
2017-01-30 01:00:00,943.4473,25.139489746093773,0.01669858,0.033691406,25.166027384674205,22.975427246093773,0.014882784,0.021339417,12.0373310968546,21.866052246093773,0.01480649,0.081207275,7.186258912783484,0,0,0
2017-01-30 02:00:00,913.5817,25.055871582031276,0.016515996,0.025024414,25.274397103111703,22.860559082031276,0.014906193,0.016845703,12.144150406641096,21.813684082031276,0.014749791,0.07470703,7.324998099160842,0,0,0
2017-01-30 03:00:00,899.0378000000001,24.983728027343773,0.016347669,0.016899109,25.3523368164685,22.804040527343773,0.015027783,0.010269165,12.382043228273591,21.780603027343773,0.0146920895,0.06314087,7.416410298006308,0,0,0
2017-01-30 04:00:00,892.0491000000001,24.868432617187523,0.01634722,0.014289856,23.79318379479244,22.743432617187523,0.01513796,0.008728027,12.0981641653548,21.712182617187523,0.01463442,0.060668945,7.245241695187241,0,0,0
2017-01-30 05:00:00,899.6919,24.7846618652344,0.016422948,0.015335083,22.28261477620273,22.7455993652344,0.015175543,0.0115356445,12.010507027296324,21.6752868652344,0.014622412,0.060302734,7.1285473876927785,0,0,0
2017-01-30 06:00:00,940.9427,24.791772460937523,0.0164987,0.016845703,21.779448679101705,22.807397460937523,0.015197887,0.016670227,11.957301660001775,21.651147460937523,0.014621868,0.06704712,7.114768405664907,0,0,0
2017-01-30 07:00:00,1033.0104,25.560327148437523,0.01655266,0.0211792,24.843827166743363,24.068139648437523,0.015537952,0.01990509,14.002427648143872,22.115014648437523,0.014721607,0.07891846,7.246371762271173,0,0,0
2017-01-30 08:00:00,1223.3839999999998,26.652307128906276,0.016254572,0.036132812,28.73758925614469,25.699182128906276,0.01589599,0.02143097,15.867115144775944,23.316369628906276,0.014747767,0.07745361,7.416669854438468,0,0,0
2017-01-30 09:00:00,1329.3439,27.674005126953148,0.015849782,0.06326294,30.02532122310736,27.041192626953148,0.015651418,0.027938843,17.821130002346848,24.759942626953148,0.014640524,0.074920654,7.374632466096854,0,0,0
2017-01-30 10:00:00,1397.2865,28.505456542968773,0.015773058,0.086639404,29.71752301784936,27.958581542968773,0.015239,0.046020508,18.65453966131531,26.021081542968773,0.014472246,0.07116699,7.104437290380687,0,0,0
2017-01-30 11:00:00,1430.0585,29.3156677246094,0.015810907,0.08758545,29.292406909283887,28.5422302246094,0.014990747,0.064086914,18.88366647388876,26.9172302246094,0.014395654,0.0758667,6.837269262015627,0,0,0
2017-01-30 12:00:00,1432.4479,29.829736328125023,0.015939122,0.09057617,29.12716168547087,28.837548828125023,0.014924413,0.0687561,18.68132930265296,27.353173828125023,0.014546758,0.083099365,6.457772508779361,0,0,0
2017-01-30 13:00:00,1469.4792,30.051599121093773,0.016067857,0.11053467,29.02681566813748,29.004724121093773,0.015026444,0.07092285,18.201283939891358,27.450036621093773,0.014557236,0.08267212,6.300106919607503,0,0,0
2017-01-30 14:00:00,1479.3962,29.995263671875023,0.016196772,0.12890625,28.669440547193496,28.995263671875023,0.015208765,0.07107544,17.6128889832816,27.292138671875023,0.01445727,0.077301025,6.299946539515779,0,0,0
2017-01-30 15:00:00,1460.4153,29.539422607421898,0.016295254,0.1340332,28.10625899036714,28.726922607421898,0.015314877,0.06851196,16.74199389980808,26.851922607421898,0.014410794,0.07247925,6.345462577677615,0,0,0
2017-01-30 16:00:00,1373.0892,28.715295410156276,0.016538894,0.13305664,28.25061489279993,28.012170410156276,0.015428818,0.06378174,15.341089432089852,26.152795410156276,0.01432637,0.06439209,6.667099878858704,0,0,0
2017-01-30 17:00:00,1251.0124,27.651055908203148,0.016843762,0.13787842,27.99398125401593,26.744805908203148,0.015668835,0.061279297,12.947738072868685,25.080743408203148,0.014318434,0.06604004,6.961406900011438,0,0,0
2017-01-30 18:00:00,1236.2051,26.675317382812523,0.017294277,0.118255615,26.17346900463001,25.097192382812523,0.015798915,0.07821655,10.446933906154031,23.769067382812523,0.014623988,0.08639526,6.694102430281967,0,0,0
2017-01-30 19:00:00,1259.8228,26.1838317871094,0.01767042,0.111206055,24.672948799562253,24.4103942871094,0.01592329,0.08935547,9.964294080598895,23.0041442871094,0.014885691,0.09869385,6.516226111477477,0,0,0
2017-01-30 20:00:00,1205.1982,25.938195800781276,0.017908476,0.11117554,22.960380809430458,24.055383300781276,0.016024016,0.10900879,9.730540943222504,22.672570800781276,0.015051267,0.10031128,6.199663393050771,0,0,0
2017-01-30 21:00:00,1182.4354,25.774438476562523,0.01803913,0.1194458,22.01372087722454,23.922875976562523,0.016093634,0.13677979,9.840306910403882,22.586938476562523,0.015181921,0.10168457,6.006624846416935,0,0,0
2017-01-30 22:00:00,1129.8385999999998,25.660943603515648,0.018078055,0.1098938,21.12377667558619,23.942193603515648,0.016201224,0.14355469,9.554442010752949,22.590631103515648,0.015224663,0.10681152,5.805832229219196,0,0,0
2017-01-30 23:00:00,1076.2801,25.564782714843773,0.018055204,0.10079956,20.24664767173468,23.939782714843773,0.01633859,0.1177063,9.042763281446785,22.556970214843773,0.015194181,0.11090088,5.590373832472386,0,0,0
2017-01-31 00:00:00,1014.2601,25.506890869140648,0.017939944,0.10736084,20.452558690355147,23.881890869140648,0.016444582,0.09289551,8.875733711109323,22.483453369140648,0.015113253,0.11639404,5.480770299749232,0,0,0
2017-01-31 01:00:00,964.8455,25.474572753906276,0.017794415,0.10971069,20.891878950422377,23.826135253906276,0.016505048,0.06878662,9.1199734029884,22.380822753906276,0.015040204,0.11984253,5.407431257554347,0,0,0
2017-01-31 02:00:00,959.142,25.428399658203148,0.017786326,0.08999634,20.539224826407803,23.811212158203148,0.016542735,0.04345703,9.359265617024374,22.311212158203148,0.015024486,0.12200928,5.418405921862059,0,0,0
2017-01-31 03:00:00,927.7988,25.370080566406276,0.017785886,0.078826904,20.26671246389602,23.737268066406276,0.016549924,0.044708252,9.154908911493024,22.299768066406276,0.015031675,0.120910645,5.530957520074367,0,0,0
2017-01-31 04:00:00,921.8609,25.272302246093773,0.017785477,0.07519531,19.483174433303603,23.561364746093773,0.01647322,0.06939697,8.793902885881138,22.272302246093773,0.014966415,0.13287354,5.522049273864133,0,0,0
2017-01-31 05:00:00,929.4438,25.1804138183594,0.017792758,0.07601929,18.357165093061248,23.4226013183594,0.016396578,0.066711426,8.405008730092414,22.2194763183594,0.014943179,0.13537598,5.1657429039544605,0,0,0
2017-01-31 06:00:00,975.6775,25.135064697265648,0.017883694,0.08746338,16.985471409815858,23.455377197265648,0.01642648,0.07196045,8.30328109416458,22.236627197265648,0.014988339,0.14068604,4.812815188700723,0,0,0
2017-01-31 07:00:00,1069.2286,25.738854980468773,0.01788285,0.10241699,20.41082014470492,25.098229980468773,0.016952064,0.06689453,11.283520434888263,22.770104980468773,0.015174415,0.14404297,4.922257152435347,0,0,0
2017-01-31 08:00:00,1244.3295,26.573083496093773,0.017432358,0.11187744,26.275549821699585,26.612145996093773,0.017249253,0.0904541,13.645535118202927,23.823083496093773,0.015166428,0.12591553,5.364152848338168,0,0,0
2017-01-31 09:00:00,1354.2906,27.360375976562523,0.017012779,0.110687256,29.6153128322223,27.915063476562523,0.017172996,0.093170166,15.56847682668812,25.172875976562523,0.015116873,0.09716797,5.600359452155474,0,0,0
2017-01-31 10:00:00,1437.7702,28.107202148437523,0.01671547,0.10534668,30.95533825220771,28.841577148437523,0.017043535,0.0869751,16.240154854548248,26.466577148437523,0.0150675215,0.07537842,5.483616327483039,0,0,0
2017-01-31 11:00:00,1451.1312,28.907830810546898,0.016547691,0.09094238,30.891439789140517,29.829705810546898,0.017112266,0.07406616,16.484664781961225,27.517205810546898,0.015014183,0.08984375,5.109276088492136,0,0,0
2017-01-31 12:00:00,1431.9922,29.5275817871094,0.016470894,0.079956055,30.283552120792145,30.4963317871094,0.017210945,0.09112549,16.176636442392944,28.0432067871094,0.015418037,0.100738525,4.39620384185569,0,0,0
2017-01-31 13:00:00,1464.0597,29.859887695312523,0.016332792,0.061645508,29.901091468307538,30.641137695312523,0.01724069,0.1104126,15.851470879016883,28.375512695312523,0.015173124,0.098236084,4.054872823901075,0,0,0
2017-01-31 14:00:00,1468.5484,29.941552734375023,0.016156912,0.04081726,29.979102951381503,30.550927734375023,0.017225027,0.11077881,15.767940657412543,28.394677734375023,0.01497054,0.101867676,3.883847835058667,0,0,0
2017-01-31 15:00:00,1443.5352,29.731744384765648,0.016034793,0.022499084,30.22090143097623,30.122369384765648,0.017163943,0.08721924,15.584981731738194,27.981744384765648,0.0149704935,0.09011841,4.000842649394301,0,0,0
2017-01-31 16:00:00,1366.5805,29.040216064453148,0.016126318,0.012290955,30.114261774233004,29.227716064453148,0.01710288,0.079315186,14.443044985802477,27.180841064453148,0.015149755,0.077819824,4.473364125035409,0,0,0
2017-01-31 17:00:00,1252.1986,27.9062438964844,0.01643915,0.0066432953,29.040688324644456,27.8124938964844,0.017163942,0.09640503,11.825893111908591,25.9062438964844,0.015542696,0.09185791,4.81772507035381,0,0,0
2017-01-31 18:00:00,1234.3127000000002,26.811730957031276,0.016904788,0.009307861,26.411952624807544,26.147668457031276,0.017095523,0.1296997,9.351671536605874,24.569543457031276,0.015699344,0.11584473,4.503530376329763,0,0,0
2017-01-31 19:00:00,1281.2344,26.327539062500023,0.017203331,0.02645111,24.80721458583798,25.429101562500023,0.016936302,0.13720703,9.633753268670834,23.749414062500023,0.015543938,0.12005615,4.54259887344171,0,0,0
2017-01-31 20:00:00,1222.828,26.170587158203148,0.01710647,0.038528442,24.40214331546866,24.967462158203148,0.016869958,0.11682129,9.620188715901858,23.209649658203148,0.015607294,0.1237793,4.397214961787292,0,0,0
2017-01-31 21:00:00,1184.775,26.046472167968773,0.017001137,0.03538513,24.44067658132503,24.593347167968773,0.016825661,0.09030151,9.429418439842802,22.944909667968773,0.015650734,0.13165283,4.158529295091274,0,0,0
2017-01-31 22:00:00,1136.2052,25.910699462890648,0.016985117,0.03666687,24.928042254645955,24.324761962890648,0.016756235,0.06686401,9.483151297897676,22.871636962890648,0.015726266,0.1496582,3.934097869299523,0,0,0
2017-01-31 23:00:00,1082.5074,25.756555175781276,0.016982956,0.03970337,25.487754628180333,24.100305175781276,0.01667778,0.05456543,9.755020023014511,22.881555175781276,0.01580803,0.15118408,3.761203486724506,0,0,0
2017-02-01 00:00:00,1026.4253,25.609948730468773,0.017027264,0.0337677,25.99421078126099,23.938073730468773,0.01658476,0.04866028,10.2170994312757,22.852136230468773,0.015859967,0.1383667,3.710656835603547,0,0,0
2017-02-01 01:00:00,971.1855,25.469689941406276,0.017095115,0.03236389,25.55350695167489,23.790002441406276,0.016454246,0.04084778,10.475810388795798,22.782189941406276,0.01590493,0.12683105,3.819197887870419,0,0,0
2017-02-01 02:00:00,962.8638,25.371179199218773,0.017124964,0.028617859,25.70425555549332,23.668054199218773,0.01629336,0.028495789,10.672570138300031,22.722741699218773,0.015881373,0.1293335,4.083640952427714,0,0,0
2017-02-01 03:00:00,932.6165,25.299279785156276,0.017078575,0.034698486,26.113677236152423,23.541467285156276,0.016178306,0.0235672,10.4708350666701,22.611779785156276,0.015789207,0.120788574,4.306220164424038,0,0,0
2017-02-01 04:00:00,915.6257,25.267266845703148,0.01698682,0.033081055,25.283413952988315,23.384454345703148,0.016101811,0.025489807,9.54712196242946,22.454766845703148,0.015666936,0.10900879,4.41251694457175,0,0,0
2017-02-01 05:00:00,932.5725,25.2651306152344,0.016949102,0.029434204,24.151470712932912,23.3354431152344,0.016079351,0.030693054,8.958180887980403,22.2729431152344,0.015564367,0.10101318,4.334722677421825,0,0,0
2017-02-01 06:00:00,968.2551,25.279443359375023,0.016964944,0.025215149,23.185557269946493,23.381005859375023,0.016110452,0.038970947,8.711052273802457,22.131005859375023,0.015488656,0.10211182,4.243490990444097,0,0,0
2017-02-01 07:00:00,1042.7397999999998,25.812951660156276,0.017010972,0.026603699,24.381776664656645,24.602014160156276,0.01640062,0.043014526,11.359066525643046,22.609826660156276,0.015630051,0.10507202,4.545649764949286,0,0,0
2017-02-01 08:00:00,1203.9076,26.736047363281276,0.016674737,0.031227112,28.869230222042315,26.220422363281276,0.016712883,0.046417236,14.292957519126498,23.806359863281276,0.015610437,0.10507202,5.058504282509987,0,0,0
2017-02-01 09:00:00,1334.0693,27.756860351562523,0.016453093,0.0501709,31.505161581855567,27.725610351562523,0.016681975,0.050064087,16.695079421191227,25.397485351562523,0.01542694,0.09295654,5.3926286930862,0,0,0
2017-02-01 10:00:00,1406.0355,28.605676269531276,0.016452657,0.068878174,32.079540085385325,28.808801269531276,0.01653658,0.0471344,17.777126909315307,26.840051269531276,0.015209065,0.07318115,5.260306699100682,0,0,0
2017-02-01 11:00:00,1421.1957,29.270288085937523,0.016537642,0.083740234,31.637271697306943,29.551538085937523,0.016476607,0.048034668,18.157385289847348,27.840600585937523,0.015206312,0.07220459,4.866109834891927,0,0,0
2017-02-01 12:00:00,1431.8342,29.599969482421898,0.01662088,0.09515381,30.79330619304832,30.053094482421898,0.016475921,0.041503906,18.229360101280253,28.349969482421898,0.0154841,0.07385254,4.353142537165888,0,0,0
2017-02-01 13:00:00,1474.9160000000002,29.679528808593773,0.016705329,0.10446167,30.09738861618516,30.288903808593773,0.016461188,0.028305054,18.060803447100163,28.554528808593773,0.015362555,0.07156372,4.3122927673968485,0,0,0
2017-02-01 14:00:00,1458.8148,29.502130126953148,0.01677458,0.10446167,29.97162665824155,30.189630126953148,0.016408369,0.016403198,17.82694921763685,28.424005126953148,0.015202924,0.0708313,4.474895565583176,0,0,0
2017-02-01 15:00:00,1433.2796,29.115075683593773,0.016805626,0.093444824,30.57715283329409,29.693200683593773,0.016241051,0.007965088,17.605340182163122,27.911950683593773,0.015077569,0.07461548,4.893862071891558,0,0,0
2017-02-01 16:00:00,1362.7275,28.376275634765648,0.016821407,0.07040405,31.44562410559894,28.782525634765648,0.015982173,0.0046539307,17.26426971667489,27.032525634765648,0.015112422,0.06814575,5.524342144772292,0,0,0
2017-02-01 17:00:00,1241.918,27.361260986328148,0.016844526,0.05505371,31.28374673945872,27.408135986328148,0.015837446,0.0048770905,15.275601399221904,25.767510986328148,0.015311018,0.0687561,5.975719466047737,0,0,0
2017-02-01 18:00:00,1221.9634,26.467004394531276,0.016996697,0.03125,29.138653753701888,25.638879394531276,0.0158294,0.0178833,12.299764137797888,24.271691894531276,0.015497521,0.09051514,5.91277384537146,0,0,0
2017-02-01 19:00:00,1258.6482,26.041772460937523,0.017103435,0.017723083,27.29498013466501,24.854272460937523,0.015890362,0.031089783,12.062587371667869,23.440209960937523,0.015436414,0.10144043,6.213358221509037,0,0,0
2017-02-01 20:00:00,1229.9109999999998,25.802667236328148,0.017019747,0.012081146,26.730526598742752,24.474542236328148,0.015959261,0.028671265,12.519009319024969,23.060479736328148,0.015421389,0.08694458,6.24179219661666,0,0,0
2017-02-01 21:00:00,1176.918,25.606317138671898,0.0168147,0.009044647,26.87551809547847,24.239129638671898,0.01604413,0.031982422,12.990725316331831,22.871942138671898,0.015403261,0.07260132,6.1595076873282935,0,0,0
2017-02-01 22:00:00,1134.9129,25.459558105468773,0.016572656,0.011051178,27.126862301512045,24.084558105468773,0.016122522,0.034179688,13.116322902519377,22.725183105468773,0.015367212,0.057678223,6.2955742413040445,0,0,0
2017-02-01 23:00:00,1078.1489,25.320947265625023,0.016360281,0.008148193,26.623365514310805,23.922509765625023,0.016169546,0.024032593,12.742256595651105,22.594384765625023,0.015276906,0.05114746,6.333046670081253,0,0,0
2017-02-02 00:00:00,1018.0058,25.143640136718773,0.016277906,0.0099983215,24.7802678024932,23.753015136718773,0.016148206,0.01964569,12.17075660278274,22.432702636718773,0.01507246,0.05178833,6.289514043863722,0,0,0
2017-02-02 01:00:00,980.2689,24.980004882812523,0.016331922,0.014320374,22.87673997608912,23.573754882812523,0.016026746,0.01404953,11.639648245776176,22.237817382812523,0.014916669,0.05015564,6.0639621914059845,0,0,0
2017-02-02 02:00:00,945.5612,24.914025878906276,0.016301427,0.018257141,22.78452341933641,23.374963378906276,0.015836034,0.0073661804,11.496352312172576,22.078088378906276,0.014775547,0.048553467,5.8133947557447545,0,0,0
2017-02-02 03:00:00,930.6791,24.872857666015648,0.016316224,0.020652771,23.264148448360277,23.154107666015648,0.015633393,0.0026044846,11.439984201273647,21.943170166015648,0.0146568315,0.04711914,5.641150611629112,0,0,0
2017-02-02 04:00:00,917.4424,24.850061035156276,0.016361559,0.025360107,23.289824527326772,22.928186035156276,0.01546892,0.00094747543,11.162237819142875,21.795373535156276,0.014591539,0.03741455,5.551985596827752,0,0,0
2017-02-02 05:00:00,928.2133,24.788507080078148,0.016491426,0.026390076,21.996921476501196,22.726007080078148,0.015324128,0.0008444786,10.921664638867409,21.671319580078148,0.014511597,0.030952454,5.526448442286774,0,0,0
2017-02-02 06:00:00,970.7922,24.775842285156276,0.01659937,0.014221191,21.391670745187437,22.643029785156276,0.015180304,0.0010371208,10.734330990630308,21.549279785156276,0.01440592,0.025024414,5.568872346401043,0,0,0
2017-02-02 07:00:00,1052.222,25.606591796875023,0.016503332,0.0078029633,25.70914715023396,24.059716796875023,0.015263556,0.0010428429,13.171278153876605,22.106591796875023,0.014397619,0.025726318,5.972784335432707,0,0,0
2017-02-02 08:00:00,1246.0627,26.7106872558594,0.016135633,0.021118164,30.900522290602648,25.8669372558594,0.015349804,0.0047721863,15.56223403151867,23.4294372558594,0.014155804,0.025413513,6.286774813806303,0,0,0
2017-02-02 09:00:00,1367.7335999999998,27.730889892578148,0.015867636,0.031219482,32.63801127938768,27.371514892578148,0.015364096,0.009342194,17.375024010072213,24.855889892578148,0.013845846,0.022613525,6.381923900742293,0,0,0
2017-02-02 10:00:00,1430.8386,28.624475097656276,0.015677238,0.0342865,31.777499260144992,28.647912597656276,0.015398764,0.006631851,17.368375939853617,26.101037597656276,0.0136173,0.02607727,6.228226618265562,0,0,0
2017-02-02 11:00:00,1461.0008,29.256890869140648,0.01551223,0.030654907,30.04661685731545,29.678765869140648,0.015455009,0.0046138763,16.925590912774126,27.053765869140648,0.0135133285,0.02533722,6.02788302824342,0,0,0
2017-02-02 12:00:00,1462.5662,29.7370544433594,0.015523533,0.03479004,28.30160664557232,30.3308044433594,0.015473942,0.0045833588,16.597557908554865,27.6042419433594,0.013471226,0.023391724,5.845982800850249,0,0,0
2017-02-02 13:00:00,1482.065,29.938165283203148,0.015474882,0.043823242,27.00171106638791,30.563165283203148,0.01543292,0.008426666,16.332711414771374,27.711602783203148,0.013758268,0.024780273,5.55362492309095,0,0,0
2017-02-02 14:00:00,1480.4586,29.817834472656276,0.015255234,0.0499115,26.30081333309717,30.403771972656276,0.0152895665,0.015377045,16.105688608886187,27.481896972656276,0.013824723,0.020614624,5.580912676588923,0,0,0
2017-02-02 15:00:00,1448.2324,29.4460388183594,0.015136032,0.048553467,26.08907294583025,29.7663513183594,0.015029221,0.01979065,15.799836749428575,26.9772888183594,0.013629227,0.018936157,5.89781877640157,0,0,0
2017-02-02 16:00:00,1375.4961999999998,28.749871826171898,0.015118726,0.05130005,26.54179995357117,28.671746826171898,0.014721997,0.02028656,15.551530013294336,26.132684326171898,0.013451703,0.018470764,6.53173015380956,0,0,0
2017-02-02 17:00:00,1254.6553,27.713952636718773,0.015231387,0.049560547,26.421637528501144,27.034265136718773,0.01456,0.019309998,13.649342866946483,24.909265136718773,0.013491885,0.019454956,7.0218024419440495,0,0,0
2017-02-02 18:00:00,1229.7772,26.560205078125023,0.015604104,0.03993225,24.44800406892353,24.693017578125023,0.014715279,0.028121948,9.818967548488065,23.450830078125023,0.0138073815,0.021263123,6.893049637191164,0,0,0
2017-02-02 19:00:00,1274.1382,25.936486816406276,0.01600811,0.03627014,22.84802388467261,23.709924316406276,0.014802666,0.028678894,9.251252459713996,22.545861816406276,0.014135094,0.034561157,6.602213176374566,0,0,0
2017-02-02 20:00:00,1234.7218,25.644128417968773,0.01613841,0.030586243,22.290953315895784,23.222253417968773,0.01495204,0.039855957,8.713874960159174,22.066003417968773,0.014341689,0.044174194,6.253614808534577,0,0,0
2017-02-02 21:00:00,1210.9229,25.492486572265648,0.016124623,0.0357666,21.977747410178004,22.789361572265648,0.015087026,0.04588318,7.722991578574296,21.844049072265648,0.014491933,0.050323486,6.150526405693961,0,0,0
2017-02-02 22:00:00,1161.109,25.404229736328148,0.016141959,0.043762207,21.11511418096052,22.412042236328148,0.015157767,0.04034424,7.292354169714185,21.771417236328148,0.014589377,0.057388306,6.033874162210835,0,0,0
2017-02-02 23:00:00,1096.2121,25.263146972656276,0.016188525,0.041778564,19.919547382406105,22.185021972656276,0.015253924,0.028640747,7.499540940540805,21.747521972656276,0.014708422,0.055786133,5.816863714485701,0,0,0
2017-02-03 00:00:00,1028.8152,25.100366210937523,0.016143722,0.02645874,19.30686123498769,22.030053710937523,0.0153884115,0.030677795,7.922911590834008,21.772241210937523,0.014827651,0.05961609,5.561615413665484,0,0,0
2017-02-03 01:00:00,983.0832,24.929864501953148,0.016014809,0.01676178,19.36674435064304,21.867364501953148,0.015461678,0.036132812,8.159396786552923,21.773614501953148,0.014900917,0.071014404,5.386917288083449,0,0,0
2017-02-03 02:00:00,941.4578,24.779382324218773,0.015922012,0.015140533,19.938634655274267,21.693444824218773,0.01550621,0.029090881,8.088911477547617,21.771569824218773,0.0149301905,0.070892334,5.378169469300418,0,0,0
2017-02-03 03:00:00,924.256,24.698815917968773,0.015895665,0.01700592,20.52245905547368,21.519128417968773,0.01544553,0.038635254,8.016378588136602,21.800378417968773,0.014896214,0.07461548,5.516411090627744,0,0,0
2017-02-03 04:00:00,925.6963,24.646844482421898,0.015940335,0.025726318,21.072991739071156,21.365594482421898,0.015303279,0.034576416,8.064666740783066,21.803094482421898,0.014868404,0.071258545,5.68807618628555,0,0,0
2017-02-03 05:00:00,930.5946,24.568719482421898,0.01614621,0.027137756,20.28992524097069,21.209344482421898,0.015123869,0.035064697,8.181515790032957,21.803094482421898,0.014772917,0.06814575,5.895540129399374,0,0,0
2017-02-03 06:00:00,976.9864,24.562951660156276,0.01639056,0.027244568,19.82984035133352,21.211389160156276,0.015017269,0.026824951,8.437257564876425,21.758264160156276,0.014666317,0.070251465,6.033218647550038,0,0,0
2017-02-03 07:00:00,1064.0199,25.394006347656276,0.016634861,0.02632904,23.278576542703213,23.190881347656276,0.015402714,0.02468872,11.962391284221413,22.347131347656276,0.0146626625,0.071624756,6.464493546972389,0,0,0
2017-02-03 08:00:00,1218.3021,26.532342529296898,0.01663425,0.052856445,27.191771956939533,25.532342529296898,0.015642429,0.025169373,15.054478492889452,23.626092529296898,0.014452242,0.05128479,6.884397197588902,0,0,0
2017-02-03 09:00:00,1325.6948,27.592492675781276,0.016549181,0.07080078,28.233521005606494,27.358117675781276,0.015370441,0.024429321,17.33767957532497,25.053430175781276,0.01411922,0.03503418,6.8990924984777,0,0,0
2017-02-03 10:00:00,1404.9364,28.533624267578148,0.016479803,0.08306885,27.218417394907416,28.650811767578148,0.015213323,0.022628784,16.892522152937968,26.252374267578148,0.013710332,0.033828735,6.630723655873582,0,0,0
2017-02-03 11:00:00,1440.4453,29.226892089843773,0.016463486,0.09121704,25.4774906037824,29.672204589843773,0.015261856,0.020248413,15.92656506763199,27.164392089843773,0.013507095,0.032684326,6.193102488463855,0,0,0
2017-02-03 12:00:00,1451.6251000000002,29.631036376953148,0.016485242,0.09780884,23.838240693481374,30.404473876953148,0.0153599065,0.01889038,14.889205227681284,27.748223876953148,0.013521222,0.042236328,5.64362285889026,0,0,0
2017-02-03 13:00:00,1473.9712000000002,29.812554931640648,0.016507212,0.09844971,22.33327781252816,30.789117431640648,0.015454355,0.019386292,13.858869325171083,27.945367431640648,0.013878885,0.04425049,4.903497446184961,0,0,0
2017-02-03 14:00:00,1493.5054,29.7502380371094,0.016506271,0.09957886,21.21940736451815,30.7814880371094,0.015510635,0.020996094,13.015521786430496,27.8596130371094,0.014041977,0.05760193,4.565483401254876,0,0,0
2017-02-03 15:00:00,1445.8368,29.439782714843773,0.016467368,0.09320068,20.791926988744294,30.392907714843773,0.01555947,0.025558472,12.469303379255637,27.439782714843773,0.014060294,0.056274414,4.693941161711356,0,0,0
2017-02-03 16:00:00,1366.7268,28.826867675781276,0.016465826,0.07827759,21.18671156234898,29.529992675781276,0.015515966,0.032196045,12.036260637315666,26.662805175781276,0.014012976,0.03894043,5.155902886931423,0,0,0
2017-02-03 17:00:00,1248.7441,27.929406738281276,0.016540656,0.058898926,21.375218568989425,27.976281738281276,0.015586982,0.030799866,10.400426210326446,25.577844238281276,0.013935218,0.029151917,5.751009665037818,0,0,0
2017-02-03 18:00:00,1248.7938,26.929071044921898,0.016806584,0.035095215,20.583848373002883,25.788446044921898,0.015627842,0.029930115,8.406236145688805,24.085321044921898,0.014040929,0.03567505,6.218675567334863,0,0,0
2017-02-03 19:00:00,1283.5475,26.342065429687523,0.017134037,0.020057678,19.22716429275837,24.662377929687523,0.015566196,0.04685974,8.756148762087065,23.029565429687523,0.014376011,0.03617859,6.554153060494778,0,0,0
2017-02-03 20:00:00,1250.0757,26.007653808593773,0.017424848,0.01322937,17.18577169932637,23.913903808593773,0.015559461,0.060958862,8.907571884837356,22.406091308593773,0.014643934,0.039627075,6.447397700692961,0,0,0
2017-02-03 21:00:00,1191.6309,25.7497497558594,0.017626049,0.011810303,15.914950528656693,23.4763122558594,0.015630962,0.06997681,8.76738972407709,22.0778747558594,0.014852764,0.068878174,6.103327256468257,0,0,0
2017-02-03 22:00:00,1147.7821,25.607934570312523,0.017674342,0.012641907,16.26275762167738,23.248559570312523,0.015751734,0.078552246,8.493193389641933,21.975122070312523,0.015034571,0.077178955,5.831653112479513,0,0,0
2017-02-03 23:00:00,1087.1746999999998,25.479058837890648,0.01770487,0.011180878,16.000751468177572,23.158746337890648,0.015850928,0.07583618,8.399053275027374,21.955621337890648,0.015110876,0.08010864,5.636580577909545,0,0,0
2017-02-04 00:00:00,1033.9124000000002,25.351373291015648,0.017712679,0.011993408,15.882050628477652,23.085748291015648,0.015896883,0.06585693,8.456440776694484,21.827935791015648,0.015103425,0.06933594,5.7869598301372855,0,0,0
2017-02-04 01:00:00,991.0769,25.241662597656276,0.017675068,0.01613617,15.81096755250257,22.983850097656276,0.015859272,0.05618286,8.45849256193372,21.679162597656276,0.01506963,0.06088257,5.982740086266437,0,0,0
2017-02-04 02:00:00,976.7695,25.126641845703148,0.017649706,0.020980835,15.466846651367373,22.931329345703148,0.01584917,0.04647827,8.613397480083126,21.587579345703148,0.015048083,0.05570984,6.205882035609829,0,0,0
2017-02-04 03:00:00,973.3285,25.041223144531276,0.017625336,0.021247864,15.381895545455022,22.955285644531276,0.01593161,0.03881836,8.913465249115653,21.541223144531276,0.015027528,0.062561035,6.351981155843192,0,0,0
2017-02-04 04:00:00,962.1271,24.950402832031276,0.017617052,0.02103424,16.049436127927176,23.075402832031276,0.016083544,0.051437378,9.554122162981578,21.544152832031276,0.015061205,0.078125,6.4337092554948985,0,0,0
2017-02-04 05:00:00,960.1447,24.8776794433594,0.017624265,0.02319336,17.28755679834928,23.1979919433594,0.016250974,0.05734253,9.95972746556624,21.5964294433594,0.015144711,0.09213257,6.3353808499743085,0,0,0
2017-02-04 06:00:00,962.442,24.915551757812523,0.017676627,0.028305054,18.807433886550623,23.368676757812523,0.016402518,0.0791626,10.324815444589978,21.712426757812523,0.015258109,0.10614014,6.186831795417985,0,0,0
2017-02-04 07:00:00,983.8945,25.806726074218773,0.017767668,0.031600952,24.02068783806715,24.994226074218773,0.016813993,0.080963135,13.807169503105987,22.470788574218773,0.015509366,0.10421753,6.3555071641432805,0,0,0
2017-02-04 08:00:00,1128.8923,26.993951416015648,0.017478345,0.039520264,30.53305881604499,26.806451416015648,0.01702821,0.07733154,17.380064573881338,24.134576416015648,0.015685437,0.09753418,6.936348616448445,0,0,0
2017-02-04 09:00:00,1209.0846,28.080682373046898,0.017174808,0.029830933,32.6755343404449,28.354119873046898,0.016938297,0.06359863,19.13410743627234,26.166619873046898,0.015687076,0.09515381,6.916354476440201,0,0,0
2017-02-04 10:00:00,1324.2092,29.015771484375023,0.016969541,0.015823364,32.60046929331741,29.640771484375023,0.016832212,0.05545044,18.847669907702304,27.734521484375023,0.015500883,0.09350586,6.071561221556961,0,0,0
2017-02-04 11:00:00,1340.9341,29.725061035156276,0.016914845,0.011821747,31.7704399480427,30.693811035156276,0.016830921,0.05355835,17.769790465451052,28.670373535156276,0.0157094,0.08605957,5.1115763942200605,0,0,0
2017-02-04 12:00:00,1292.572,30.104150390625023,0.016928481,0.008922577,30.562084988075657,31.401025390625023,0.016928481,0.050064087,16.723450839566528,29.143212890625023,0.015723037,0.078552246,5.008299333115286,0,0,0
2017-02-04 13:00:00,1270.9674,30.249536132812523,0.017026402,0.019515991,29.21313707785741,31.718286132812523,0.016988255,0.04798889,16.17224413641208,29.233911132812523,0.015584447,0.08468628,5.215582538521032,0,0,0
2017-02-04 14:00:00,1254.6456,30.129693603515648,0.017040875,0.03075409,28.473922620692424,31.614068603515648,0.016888287,0.050720215,16.214782074232257,28.989068603515648,0.015450146,0.091308594,5.697691018089878,0,0,0
2017-02-04 15:00:00,1251.1328,29.805627441406276,0.017009359,0.034866333,28.149509047568497,31.118127441406276,0.016643148,0.042404175,16.57703342306382,28.274377441406276,0.015380483,0.096710205,6.308765798011925,0,0,0
2017-02-04 16:00:00,1211.7798,29.115441894531276,0.01701615,0.031799316,27.86802031713922,30.115441894531276,0.016443945,0.030158997,16.314297870348007,27.365441894531276,0.0153682,0.09039307,6.812910947391534,0,0,0
2017-02-04 17:00:00,1166.7476,28.0100036621094,0.017099353,0.030319214,27.44752436246172,28.5412536621094,0.016351672,0.026161194,14.41830120603564,26.1818786621094,0.01543233,0.08828735,7.00072480400223,0,0,0
2017-02-04 18:00:00,1195.8999,26.843621826171898,0.017381078,0.022033691,26.377268385403102,26.515496826171898,0.016381627,0.02973175,11.687502715574553,24.781121826171898,0.015614872,0.10281372,6.616760464955502,0,0,0
2017-02-04 19:00:00,1240.311,26.212182617187523,0.017685827,0.014205933,24.94302217993541,25.501245117187523,0.016488012,0.036132812,11.428648558492608,23.915307617187523,0.015847143,0.11917114,6.304952691042122,0,0,0
2017-02-04 20:00:00,1210.5126,25.910974121093773,0.017822936,0.0072841644,23.29365895967167,24.996911621093773,0.016594604,0.024765015,11.573833695185384,23.434411621093773,0.016030028,0.120269775,6.109126052662471,0,0,0
2017-02-04 21:00:00,1161.5966,25.721459960937523,0.017823288,0.005750656,22.00965672184989,24.721459960937523,0.016747544,0.030807495,11.674101703074651,23.166772460937523,0.016137192,0.11468506,6.231902971557855,0,0,0
2017-02-04 22:00:00,1131.3559,25.598809814453148,0.017679194,0.008033752,22.376393876799888,24.598809814453148,0.01684759,0.036392212,12.061901366247852,22.997247314453148,0.016199091,0.109802246,6.519735804160678,0,0,0
2017-02-04 23:00:00,1092.9335,25.501733398437523,0.017626781,0.0096206665,23.02614464912317,24.486108398437523,0.016917247,0.036743164,12.412821066584932,22.907983398437523,0.016238231,0.105163574,6.661645556083915,0,0,0
2017-02-05 00:00:00,1033.6953,25.332055664062523,0.017665546,0.012638092,22.368616530602964,24.378930664062523,0.0169789,0.032928467,12.774012673403508,22.832055664062523,0.01623122,0.10836792,6.556699768290558,0,0,0
2017-02-05 01:00:00,982.4692,25.175927734375023,0.017718801,0.014015198,22.31831061091745,24.246240234375023,0.017016897,0.02117157,12.798668422578706,22.769677734375023,0.016208181,0.11755371,6.253697569568422,0,0,0
2017-02-05 02:00:00,950.5997,25.085504150390648,0.017764397,0.017601013,23.091548850085797,24.085504150390648,0.017054863,0.009441376,12.267712862209846,22.702691650390648,0.016185112,0.11999512,5.863248348664767,0,0,0
2017-02-05 03:00:00,932.9183,25.022058105468773,0.017825637,0.019081116,23.448156132220216,23.912683105468773,0.017062698,0.0078315735,11.55324080937738,22.654870605468773,0.016177688,0.117889404,5.497260628728277,0,0,0
2017-02-05 04:00:00,921.3839,24.997949218750023,0.017848987,0.02178955,24.2437510196128,23.755761718750023,0.016994495,0.008354187,10.969583802443378,22.599511718750023,0.01617815,0.11526489,5.266080023691053,0,0,0
2017-02-05 05:00:00,908.6853,25.022363281250023,0.017765025,0.023658752,25.2940890075271,23.655175781250023,0.016925791,0.008602142,10.70706724130899,22.553613281250023,0.016170481,0.118774414,5.241389827159536,0,0,0
2017-02-05 06:00:00,881.5666,25.061242675781276,0.017641922,0.02180481,25.989343354874865,23.678430175781276,0.016901871,0.009952545,10.627715767640012,22.514367675781276,0.01615419,0.12081909,5.227743240892785,0,0,0
2017-02-05 07:00:00,885.8276000000001,25.661798095703148,0.017533472,0.02092743,28.56079036612766,25.161798095703148,0.01718252,0.017242432,13.527452556052452,23.060235595703148,0.016274622,0.12295532,5.756369494462192,0,0,0
2017-02-05 08:00:00,940.4744,26.747033691406276,0.017242972,0.016532898,31.74926037985718,26.997033691406276,0.017296378,0.01902771,16.672018225500647,24.278283691406276,0.016312186,0.11553955,6.411114030936884,0,0,0
2017-02-05 09:00:00,978.874,27.919580078125023,0.01705239,0.013248444,31.74787448286401,28.622705078125023,0.017250754,0.014656067,18.07219880110984,25.935205078125023,0.016098715,0.097839355,6.6942443665099205,0,0,0
2017-02-05 10:00:00,1032.3491,28.922814941406276,0.017128464,0.0102005005,29.827686285406468,29.969689941406276,0.017227646,0.00976181,18.20885243855049,27.407189941406276,0.015861984,0.09164429,6.339803920204715,0,0,0
2017-02-05 11:00:00,1088.6041,29.689965820312523,0.017250905,0.008533478,27.530605948943727,31.018090820312523,0.01717461,0.007024765,17.92114249504302,28.330590820312523,0.015953908,0.0887146,5.376789852480457,0,0,0
2017-02-05 12:00:00,1093.6044000000002,30.155603027343773,0.017457379,0.012634277,25.882419961934342,31.718103027343773,0.017106427,0.0056610107,17.37223958653441,28.811853027343773,0.015908612,0.084350586,4.901312726180542,0,0,0
2017-02-05 13:00:00,1107.4524,30.4186950683594,0.017464818,0.0075702667,25.31266406196832,32.0436950683594,0.01706809,0.0037822723,16.714603439497104,28.8405700683594,0.01567954,0.08282471,5.10506186885874,0,0,0
2017-02-05 14:00:00,1105.6462,30.389916992187523,0.017388713,0.0052833557,25.53649911137457,31.952416992187523,0.017022502,0.0021247864,16.478913083574888,28.546166992187523,0.015431773,0.06689453,5.842519231918865,0,0,0
2017-02-05 15:00:00,1093.3765999999998,29.974877929687523,0.017297177,0.002146721,26.18491310033825,31.443627929687523,0.01686993,0.0013022423,16.688029392717613,27.974877929687523,0.015202907,0.051116943,6.767715552581919,0,0,0
2017-02-05 16:00:00,1079.6843,29.135644531250023,0.017221097,0.0039520264,27.17931301840324,30.370019531250023,0.016580228,0.0014877319,16.998010155402426,27.041894531250023,0.0150467185,0.04826355,7.771035187445845,0,0,0
2017-02-05 17:00:00,1063.3762,27.837609863281276,0.01716742,0.015087128,27.61107685225997,28.650109863281276,0.016351074,0.0024518967,15.969450166585164,25.681359863281276,0.015096038,0.05493164,8.457014785997254,0,0,0
2017-02-05 18:00:00,1108.6488000000002,26.595422363281276,0.017312342,0.029144287,26.74340628385034,26.501672363281276,0.016305262,0.0039711,13.955478355439858,24.056359863281276,0.015469844,0.06686401,8.076073977263363,0,0,0
2017-02-05 19:00:00,1161.6554999999998,26.0141540527344,0.017564332,0.025505066,25.708319288978476,25.4672790527344,0.016473329,0.004386902,14.001713544339292,23.2094665527344,0.015733277,0.085632324,8.005919159747194,0,0,0
2017-02-05 20:00:00,1179.7987,25.794213867187523,0.017777666,0.024291992,24.984254514249823,25.036401367187523,0.01673244,0.004453659,13.793235580469158,22.950463867187523,0.015824541,0.091552734,8.134962159052963,0,0,0
2017-02-05 21:00:00,1180.8025,25.678582763671898,0.017869057,0.026046753,24.824372565416464,24.858270263671898,0.016930642,0.0034742355,13.759924956937688,22.912957763671898,0.015893044,0.08883667,7.952211252419077,0,0,0
2017-02-05 22:00:00,1151.3458999999998,25.570123291015648,0.017922672,0.026039124,24.86172050531449,24.741998291015648,0.01705292,0.0040836334,13.641634798721505,22.913873291015648,0.015939029,0.08959961,7.869069073111037,0,0,0
2017-02-05 23:00:00,1109.7504,25.443688964843773,0.017961197,0.024803162,24.672751429176632,24.615563964843773,0.017083816,0.012111664,13.474254625756728,22.857751464843773,0.015962295,0.086639404,7.670117304376162,0,0,0
2017-02-06 00:00:00,1050.3433,25.310754394531276,0.017999386,0.021141052,23.92274913184918,24.490441894531276,0.017053341,0.020248413,13.273681575154413,22.748254394531276,0.015977597,0.08728027,7.296505428651233,0,0,0
2017-02-06 01:00:00,1008.8842,25.167749023437523,0.018037032,0.01991272,22.536026089881688,24.363061523437523,0.01705284,0.017692566,12.94916604203074,22.620874023437523,0.015992355,0.097229004,6.926009672629079,0,0,0
2017-02-06 02:00:00,988.4218,25.075524902343773,0.01805232,0.021110535,21.63660152692113,24.278649902343773,0.017083388,0.018119812,12.624108111915785,22.552087402343773,0.01605342,0.10232544,6.5652675525913935,0,0,0
2017-02-06 03:00:00,964.0722,25.0285583496094,0.018060086,0.022705078,21.03156066937148,24.2004333496094,0.017045377,0.020629883,12.490414500997888,22.4973083496094,0.01611459,0.10949707,6.276403378099915,0,0,0
2017-02-06 04:00:00,948.584,25.013543701171898,0.018037431,0.019866943,19.751130431454108,24.068231201171898,0.016969316,0.019569397,11.52920260978108,22.458856201171898,0.016145341,0.112213135,5.910940607419509,0,0,0
2017-02-06 05:00:00,964.6629,24.9799743652344,0.017999569,0.01764679,18.305087298570875,23.8705993652344,0.016923824,0.019546509,10.20175496879627,22.4409118652344,0.016191402,0.11141968,5.501080888828538,0,0,0
2017-02-06 06:00:00,1011.1032,25.000085449218773,0.017969491,0.015098572,17.520613731190416,23.812585449218773,0.016901376,0.02445221,9.676663774662286,22.421960449218773,0.01622236,0.11099243,5.174523207219976,0,0,0
2017-02-06 07:00:00,1137.6269000000002,25.834771728515648,0.01793974,0.014076233,21.16489058284472,25.366021728515648,0.01718443,0.024909973,12.59755088982104,22.975396728515648,0.016413862,0.10668945,5.233431748762711,0,0,0
2017-02-06 08:00:00,1326.7407999999998,26.9736267089844,0.017635597,0.03074646,25.424270808473118,27.2548767089844,0.017292274,0.025688171,15.36745116464834,24.1689392089844,0.016514076,0.10644531,5.529738956243263,0,0,0
2017-02-06 09:00:00,1414.0443,28.1135192871094,0.017392738,0.03765869,26.237181684753967,28.9260192871094,0.017026527,0.019889832,16.577701455475516,25.9182067871094,0.016210182,0.0921936,5.831536279256243,0,0,0
2017-02-06 10:00:00,1479.8846,29.078790283203148,0.017280309,0.03161621,25.84326731146879,30.313165283203148,0.016853062,0.011798859,16.759299649921513,27.485040283203148,0.015899388,0.07736206,5.656348923297593,0,0,0
2017-02-06 11:00:00,1501.624,29.796014404296898,0.017236,0.030441284,25.026966693741542,31.405389404296898,0.016808754,0.0068798065,16.52224364038097,28.514764404296898,0.016068703,0.05734253,4.826633206606289,0,0,0
2017-02-06 12:00:00,1508.4449000000002,30.2485290527344,0.017274078,0.026306152,24.17753666978804,32.1235290527344,0.016816314,0.0038404465,15.913831402500987,29.0454040527344,0.016030487,0.047286987,4.493566682814215,0,0,0
2017-02-06 13:00:00,1535.8685,30.491174316406276,0.017295094,0.040115356,23.58030929246105,32.44429931640627,0.01683733,0.0025072098,15.268729713229718,29.209924316406276,0.01584551,0.05180359,4.47751868776035,0,0,0
2017-02-06 14:00:00,1544.0024,30.3630310058594,0.017332176,0.0521698,23.38421873381738,32.3786560058594,0.016737083,0.002465248,14.719714059540316,29.0036560058594,0.015707115,0.052993774,4.603271295588451,0,0,0
2017-02-06 15:00:00,1502.9757,29.915734863281276,0.017323844,0.05706787,23.6042455572127,31.853234863281276,0.016560905,0.003364563,14.37440829709528,28.478234863281276,0.015591972,0.05104065,5.021336709058022,0,0,0
2017-02-06 16:00:00,1417.095,29.133233642578148,0.017292947,0.053237915,24.07927196783525,30.805108642578148,0.01636216,0.0053920746,14.191084972622612,27.633233642578148,0.015542001,0.050628662,5.602182909713126,0,0,0
2017-02-06 17:00:00,1278.6159,27.999566650390648,0.017308632,0.042144775,24.11725719742116,29.140191650390648,0.016339699,0.011856079,12.963115298640586,26.327691650390648,0.015668312,0.055603027,6.065022986133413,0,0,0
2017-02-06 18:00:00,1262.2180999999998,26.889916992187523,0.017455572,0.030952454,23.138845978944254,26.913354492187523,0.016524786,0.03147888,10.39357534182682,24.718041992187523,0.015914435,0.06643677,6.096030898248658,0,0,0
2017-02-06 19:00:00,1320.9778,26.259606933593773,0.017717626,0.019432068,21.58556074080813,25.853356933593773,0.016634252,0.042633057,11.046856822386037,23.728356933593773,0.015955236,0.075927734,6.2791611571647445,0,0,0
2017-02-06 20:00:00,1283.9468000000002,25.949090576171898,0.01788632,0.013549805,19.867401259664035,25.285028076171898,0.016833464,0.032058716,11.132741015395498,23.324090576171898,0.015963713,0.07962036,6.148260251971818,0,0,0
2017-02-06 21:00:00,1243.4949,25.748376464843773,0.01796419,0.012664795,18.449236970335598,24.959313964843773,0.017018145,0.023971558,10.513945468586297,23.131188964843773,0.01595766,0.08181763,6.019732528777137,0,0,0
2017-02-06 22:00:00,1210.1884,25.624078369140648,0.017897012,0.01530838,18.243337942176616,24.780328369140648,0.01717222,0.01802826,10.180875183287569,23.045953369140648,0.015959146,0.08230591,5.756608625044652,0,0,0
2017-02-06 23:00:00,1146.881,25.4833923339844,0.017738039,0.014152527,18.536532795960067,24.7333923339844,0.017295534,0.020553589,9.984946891631967,22.9990173339844,0.015914613,0.08062744,5.46119132700403,0,0,0
2017-02-07 00:00:00,1083.3233,25.316796875000023,0.017669374,0.010665894,18.429588974143165,24.676171875000023,0.01733368,0.02909851,9.709731107184592,22.894921875000023,0.015884096,0.08065796,5.224603774821765,0,0,0
2017-02-07 01:00:00,1041.1779,25.162622070312523,0.017637696,0.009208679,18.570895651077336,24.592309570312523,0.017317262,0.026245117,9.707575830423266,22.811059570312523,0.015890565,0.07952881,5.059291280486153,0,0,0
2017-02-07 02:00:00,1016.2777,25.108209228515648,0.017567966,0.013748169,19.27260558696825,24.498834228515648,0.017247532,0.022392273,10.023334804374535,22.733209228515648,0.015904758,0.090789795,5.004344620453435,0,0,0
2017-02-07 03:00:00,986.3345,25.103601074218773,0.017543819,0.02142334,19.47641590930845,24.408288574218773,0.017177608,0.015247345,10.26299938329691,22.705163574218773,0.015903499,0.102752686,5.092096409037071,0,0,0
2017-02-07 04:00:00,977.265,25.122094726562523,0.017542977,0.015209198,19.201303580853608,24.301782226562523,0.01712336,0.0207901,9.909936080249157,22.692407226562523,0.015902657,0.111694336,5.078935874637803,0,0,0
2017-02-07 05:00:00,995.0533,25.105645751953148,0.017574174,0.012226105,18.795845124529848,24.277520751953148,0.017032487,0.045806885,9.5749674943417,22.660333251953148,0.015888078,0.11236572,4.954314622950253,0,0,0
2017-02-07 06:00:00,1024.0904,25.123864746093773,0.017626762,0.010681152,18.392162793474828,24.381677246093773,0.016947746,0.06951904,9.53169447766128,22.647302246093773,0.015856743,0.10656738,4.989143978305395,0,0,0
2017-02-07 07:00:00,1151.3207,25.851495361328148,0.017649164,0.010978699,21.37810023261337,25.453057861328148,0.01707696,0.06750488,11.951370160708006,23.288995361328148,0.015886774,0.087524414,5.435130383033936,0,0,0
2017-02-07 08:00:00,1297.1892,26.892999267578148,0.01742786,0.021102905,24.603016924199785,26.822686767578148,0.01716846,0.0448761,14.64891289853574,24.705499267578148,0.015695987,0.065704346,5.897970445343509,0,0,0
2017-02-07 09:00:00,1410.5488,28.0180603027344,0.017268145,0.022064209,25.179159538658997,28.5024353027344,0.0169706,0.01928711,16.46974971393459,26.2211853027344,0.01544472,0.053741455,6.005952981358948,0,0,0
2017-02-07 10:00:00,1468.5825000000002,28.989282226562523,0.017146362,0.020309448,24.70659390670238,30.208032226562523,0.01679541,0.01096344,16.759200090060727,27.622094726562523,0.015208496,0.044036865,5.70168968052565,0,0,0
2017-02-07 11:00:00,1507.4915,29.701318359375023,0.017054193,0.014320374,24.1436140064001,31.513818359375023,0.016794793,0.007247925,16.192755796064983,28.607568359375023,0.015440575,0.03970337,4.854494485986933,0,0,0
2017-02-07 12:00:00,1508.8214,30.173486328125023,0.017061058,0.01309967,23.71915772098925,32.31411132812502,0.01692373,0.0046215057,15.365164447652942,29.204736328125023,0.015413109,0.036865234,4.3804306591943405,0,0,0
2017-02-07 13:00:00,1538.6209,30.361596679687523,0.01713721,0.012741089,23.4250544300078,32.70534667968752,0.017007511,0.010818481,14.69152051853328,29.455346679687523,0.015229862,0.039611816,4.1864907372214,0,0,0
2017-02-07 14:00:00,1547.5612,30.287866210937523,0.017183175,0.015434265,23.08934246780759,32.66286621093752,0.016939035,0.013320923,14.21903430025699,29.303491210937523,0.015062203,0.037612915,4.187921786345801,0,0,0
2017-02-07 15:00:00,1518.2358000000002,29.918267822265648,0.017160755,0.016716003,22.79102763263995,32.21514282226565,0.016748767,0.015171051,13.806115412541786,28.793267822265648,0.014913899,0.03236389,4.503279254079429,0,0,0
2017-02-07 16:00:00,1426.2288,29.210748291015648,0.01713831,0.01750946,22.839502346409404,31.148248291015648,0.016535588,0.0118637085,13.507102166247332,27.898248291015648,0.0147999,0.028671265,5.081994174643176,0,0,0
2017-02-07 17:00:00,1280.8392,28.046746826171898,0.017176796,0.024780273,22.90837361191249,29.468621826171898,0.01636045,0.008178711,12.491144256831346,26.570184326171898,0.01486509,0.031196594,5.559253432696055,0,0,0
2017-02-07 18:00:00,1254.3958,26.823327636718773,0.017345466,0.029090881,22.34746402971868,27.221765136718773,0.016254462,0.0065727234,10.523814829155327,24.917077636718773,0.015228309,0.03199768,5.551679491119705,0,0,0
2017-02-07 19:00:00,1309.0700000000002,26.123590087890648,0.017598215,0.027282715,21.357611399622048,25.920465087890648,0.016255442,0.008613586,10.625948501436271,23.803277587890648,0.015210214,0.033843994,5.958325029202879,0,0,0
2017-02-07 20:00:00,1278.9636,25.806481933593773,0.01782112,0.02103424,19.85509469018594,25.189294433593773,0.016402053,0.008636475,10.33744886909211,23.126794433593773,0.015341568,0.037719727,5.974278716919638,0,0,0
2017-02-07 21:00:00,1241.6822000000002,25.612878417968773,0.01795888,0.019226074,18.54308132898467,24.753503417968773,0.01657033,0.006362915,9.768162322717814,22.675378417968773,0.015494585,0.0471344,5.782292891181382,0,0,0
2017-02-07 22:00:00,1208.9232,25.480554199218773,0.018036928,0.017791748,16.66903777587462,24.464929199218773,0.016732302,0.006099701,8.930937950710629,22.378991699218773,0.015641298,0.05229187,5.529560143911254,0,0,0
2017-02-07 23:00:00,1144.4477000000002,25.360192871093773,0.018039588,0.012145996,14.807033733528124,24.164880371093773,0.016857032,0.01071167,7.892294286029255,22.235192871093773,0.01573551,0.053482056,5.247994481269912,0,0,0
2017-02-08 00:00:00,1104.047,25.223260498046898,0.018000005,0.010128021,13.502106464077563,23.848260498046898,0.016909001,0.018249512,7.319599215057296,22.113885498046898,0.015749333,0.05567932,5.167442874232813,0,0,0
2017-02-08 01:00:00,1057.1056,25.084130859375023,0.017943569,0.008293152,12.565929179386512,23.638818359375023,0.016898341,0.017105103,7.318553496474677,21.990380859375023,0.015731044,0.059036255,5.120984203991386,0,0,0
2017-02-08 02:00:00,1019.3294,24.959436035156276,0.017865598,0.007221222,12.420508584929234,23.451623535156276,0.016866148,0.0107421875,7.23846868643918,21.873498535156276,0.01569122,0.065216064,5.130893597323537,0,0,0
2017-02-08 03:00:00,981.5403,24.862939453125023,0.017773872,0.006969452,12.651438538550728,23.284814453125023,0.016835457,0.00696373,7.068097395583696,21.777001953125023,0.015633827,0.06893921,5.242143474456523,0,0,0
2017-02-08 04:00:00,957.8562,24.775506591796898,0.01770577,0.0052280426,13.258083310618058,23.205194091796898,0.01682076,0.0054302216,7.058745774878685,21.705194091796898,0.015565726,0.06781006,5.399214592083255,0,0,0
2017-02-08 05:00:00,977.9198,24.686944580078148,0.017721318,0.0038547516,13.42413359675351,23.186944580078148,0.016828679,0.010917664,7.155236832639752,21.655694580078148,0.015512609,0.06820679,5.483810724426978,0,0,0
2017-02-08 06:00:00,996.998,24.724755859375023,0.01781231,0.005926132,13.84293805705688,23.318505859375023,0.016843377,0.028793335,7.386488761044791,21.623193359375023,0.015500602,0.071777344,5.481751738912955,0,0,0
2017-02-08 07:00:00,1112.5674,25.664392089843773,0.017957218,0.011676788,17.820690987801648,25.140954589843773,0.017102726,0.03968811,11.000928236203777,22.164392089843773,0.01565314,0.0874939,5.787391773637322,0,0,0
2017-02-08 08:00:00,1276.9027,26.897363281250023,0.017637279,0.025428772,22.578544789566337,27.264550781250023,0.017011669,0.03930664,14.612208009907492,23.303613281250023,0.015752818,0.105651855,5.972004408459783,0,0,0
2017-02-08 09:00:00,1398.8094,27.996057128906276,0.017401347,0.028182983,23.1505483871333,29.136682128906276,0.016821513,0.029006958,15.563028217221708,24.863244628906276,0.015642771,0.105285645,5.989283795725679,0,0,0
2017-02-08 10:00:00,1483.8585,28.954644775390648,0.017234368,0.016738892,21.739121825055616,30.782769775390648,0.016768975,0.018302917,14.77264202685536,26.337457275390648,0.0153537225,0.08685303,5.436611423893937,0,0,0
2017-02-08 11:00:00,1518.4359,29.756127929687523,0.017067047,0.009876251,19.939773967536965,32.03737792968752,0.016861053,0.010486603,13.278869789011983,27.646752929687523,0.015491578,0.06765747,4.323371201238817,0,0,0
2017-02-08 12:00:00,1534.0636,30.377496337890648,0.016961554,0.0062446594,18.754715032159247,32.86187133789065,0.016999701,0.006219864,11.956565681274244,28.736871337890648,0.015687445,0.05545044,2.951858161589093,0,0,0
2017-02-08 13:00:00,1550.7682,30.702600097656276,0.016887782,0.0056705475,18.47965198635032,33.32760009765627,0.017070888,0.005464554,11.08542680592328,29.476037597656276,0.015667079,0.048538208,1.936693903681716,0,0,0
2017-02-08 14:00:00,1560.4871,30.762078857421898,0.016791925,0.0042762756,18.948781085506923,33.3714538574219,0.017058954,0.0087890625,10.604979399967286,29.637078857421898,0.01596032,0.04663086,1.3590156632714432,0,0,0
2017-02-08 15:00:00,1518.9785,30.5170837402344,0.016716726,0.00843811,19.86636667131759,33.0483337402344,0.016968496,0.014202118,10.382589431329766,29.3920837402344,0.016304739,0.052520752,1.1646832729761354,0,0,0
2017-02-08 16:00:00,1426.968,29.770532226562523,0.016746406,0.011123657,20.84314414177582,32.19240722656252,0.016967658,0.014644623,10.142863879748434,28.786157226562523,0.01657093,0.054382324,1.160088956788611,0,0,0
2017-02-08 17:00:00,1296.6739,28.540063476562523,0.016874941,0.016792297,21.170283424379438,30.547875976562523,0.017096194,0.017601013,8.92129796288238,27.571313476562523,0.016859682,0.052947998,1.165758899433052,0,0,0
2017-02-08 18:00:00,1264.9279,27.257104492187523,0.017139526,0.016326904,20.6223721692418,28.147729492187523,0.017276855,0.025917053,6.806986770475804,25.952416992187523,0.017200561,0.051864624,1.2464888225632678,0,0,0
2017-02-08 19:00:00,1303.7412,26.508325195312523,0.017519306,0.008155823,19.393154973826903,26.813012695312523,0.017153095,0.034698486,7.698898484349202,24.828637695312523,0.017381977,0.056732178,1.3964264578379928,0,0,0
2017-02-08 20:00:00,1262.3986,26.098962402343773,0.017877156,0.003323555,16.99047405154117,25.872399902343773,0.016984517,0.03315735,8.465089536442326,24.255212402343773,0.017030293,0.057250977,1.8750815488247552,0,0,0
2017-02-08 21:00:00,1233.7654,25.812707519531276,0.018151594,0.006038666,14.577169287653827,25.156457519531276,0.017007185,0.034469604,7.822343047369658,23.859582519531276,0.016785933,0.05317688,2.311192403666767,0,0,0
2017-02-08 22:00:00,1191.2352,25.562860107421898,0.018281423,0.0077438354,14.09071490778764,24.656610107421898,0.017007314,0.040756226,7.577980860017721,23.539422607421898,0.016625844,0.050979614,3.357708542653705,0,0,0
2017-02-08 23:00:00,1120.4437999999998,25.379449462890648,0.018220507,0.010383606,15.2733243981586,24.332574462890648,0.016999803,0.050445557,7.47227754549568,23.293511962890648,0.016511522,0.050125122,3.9490678942927953,0,0,0
2017-02-09 00:00:00,1062.8147,25.2443786621094,0.01805997,0.018318176,16.21689106602027,24.1115661621094,0.016991856,0.060073853,7.390883562593544,22.9709411621094,0.016373875,0.058380127,4.15494505394917,0,0,0
2017-02-09 01:00:00,1018.9637,25.139123535156276,0.017830454,0.015991211,17.191064030336147,23.935998535156276,0.016968332,0.06524658,7.382397728304272,22.685998535156276,0.016266428,0.07421875,4.248446990855181,0,0,0
2017-02-09 02:00:00,994.393,25.020959472656276,0.017578037,0.010192871,17.239066412268432,23.810021972656276,0.016944798,0.058029175,7.474013696622765,22.520959472656276,0.01615134,0.0881958,4.304503096769151,0,0,0
2017-02-09 03:00:00,952.4069,24.871911621093773,0.017394254,0.0077438354,17.108825092832323,23.676599121093773,0.01693649,0.056732178,7.2675515811377,22.426599121093773,0.01605911,0.09164429,4.395451895750752,0,0,0
2017-02-09 04:00:00,946.5813,24.768640136718773,0.017346859,0.006406784,16.336786709006944,23.542077636718773,0.016911983,0.04701233,6.901160457716294,22.370202636718773,0.015973568,0.088531494,4.425191112206016,0,0,0
2017-02-09 05:00:00,950.328,24.7101989746094,0.017376175,0.0061912537,15.237224913719988,23.4211364746094,0.016895523,0.03845215,6.621573527279815,22.3430114746094,0.01593422,0.08816528,4.279614658299876,0,0,0
2017-02-09 06:00:00,982.4947,24.729760742187523,0.01748233,0.0048236847,14.215563473638564,23.440698242187523,0.016925383,0.040985107,6.502105192982715,22.339135742187523,0.015910674,0.09420776,4.174190518146124,0,0,0
2017-02-09 07:00:00,1085.2929,25.511651611328148,0.017581286,0.003929138,16.499785099364033,25.019464111328148,0.017199816,0.048553467,9.779658050175842,22.996026611328148,0.016078295,0.08425903,4.307158431083975,0,0,0
2017-02-09 08:00:00,1277.5057000000002,26.664575195312523,0.017398199,0.0072669983,18.9869119398655,27.000512695312523,0.017154058,0.04386902,13.076385500495476,24.508325195312523,0.016070684,0.06918335,4.363113709924088,0,0,0
2017-02-09 09:00:00,1394.3172000000002,27.816308593750023,0.01726071,0.011329651,19.431328479783826,28.894433593750023,0.016925016,0.029960632,14.328457495971683,26.394433593750023,0.015772978,0.04927063,4.175159565508957,0,0,0
2017-02-09 10:00:00,1474.0686,28.850030517578148,0.01709363,0.015048981,18.87256134649835,30.584405517578148,0.016750308,0.018508911,14.087852927172978,28.021905517578148,0.015495271,0.04144287,3.605172946818356,0,0,0
2017-02-09 11:00:00,1514.0627,29.674218750000023,0.016950788,0.017372131,18.22716119455804,31.971093750000023,0.01668376,0.011619568,13.36088663322822,29.174218750000023,0.015730085,0.035217285,2.49884083195864,0,0,0
2017-02-09 12:00:00,1503.6591,30.278894042968773,0.01680187,0.025016785,18.19876244497984,32.83358154296877,0.016687429,0.007762909,12.582361955012397,29.903894042968773,0.01565746,0.032608032,1.790547052654133,0,0,0
2017-02-09 13:00:00,1539.2416,30.608514404296898,0.01663767,0.02986145,18.816197791169348,33.2647644042969,0.016668187,0.008216858,12.209986298574496,30.155389404296898,0.015821325,0.02418518,1.3885125641039735,0,0,0
2017-02-09 14:00:00,1564.3127,30.598779296875023,0.016501784,0.032958984,19.92915315121812,33.28627929687502,0.016761184,0.010345459,12.060898160369918,30.051904296875023,0.015883803,0.03126526,1.2424529357032676,0,0,0
2017-02-09 15:00:00,1526.7428,30.218957519531276,0.016410869,0.022857666,21.18377935908912,32.89083251953127,0.016822856,0.014560699,11.950270798938773,29.547082519531276,0.01601414,0.03315735,1.2544421339673095,0,0,0
2017-02-09 16:00:00,1428.1229,29.429864501953148,0.01644158,0.008239746,22.509181598307524,31.976739501953148,0.01682305,0.012512207,11.56801221278642,28.726739501953148,0.01618981,0.03326416,1.3919599173669637,0,0,0
2017-02-09 17:00:00,1300.7364,28.313684082031276,0.016509553,0.003045082,23.438247644325266,30.399621582031276,0.016875764,0.01391983,10.27647917187214,27.469934082031276,0.016471406,0.03703308,1.5116614539355513,0,0,0
2017-02-09 18:00:00,1281.909,27.131921386718773,0.016675819,0.002087593,22.89250826830588,28.053796386718773,0.017011512,0.014961243,7.989526797761457,25.827233886718773,0.016462196,0.043914795,1.5629955230802537,0,0,0
2017-02-09 19:00:00,1333.4128,26.466729736328148,0.017016625,0.0024433136,20.885093388694536,26.794854736328148,0.016780114,0.02155304,9.63652596505457,24.755792236328148,0.016299462,0.053359985,3.0617592051861284,0,0,0
2017-02-09 20:00:00,1283.9059000000002,26.130059814453148,0.017413272,0.0028104782,19.23537714438474,25.919122314453148,0.016780032,0.025352478,10.226269676265106,24.090997314453148,0.016360415,0.052871704,4.654710733868563,0,0,0
2017-02-09 21:00:00,1253.1708999999998,25.953149414062523,0.01765895,0.004173279,19.22062569448254,25.390649414062523,0.016819717,0.024749756,10.332461947544784,23.476586914062523,0.016491653,0.0574646,5.043784374701346,0,0,0
2017-02-09 22:00:00,1200.8346,25.789392089843773,0.017827446,0.0057468414,19.61673449577763,25.031579589843773,0.01677459,0.027328491,10.715959486659443,23.047204589843773,0.016530449,0.06893921,5.071455396968884,0,0,0
2017-02-09 23:00:00,1142.7641,25.613244628906276,0.017935542,0.0069904327,19.830108984851147,24.785119628906276,0.016684322,0.032546997,11.152003052753484,22.816369628906276,0.016424922,0.076171875,5.415846271694115,0,0,0
2017-02-10 00:00:00,1091.987,25.4648376464844,0.017889868,0.010635376,20.662205965750456,24.5898376464844,0.016531836,0.03742981,11.49436268503636,22.6289001464844,0.016257178,0.08175659,5.864466108524893,0,0,0
2017-02-10 01:00:00,1056.5112,25.318139648437523,0.017821442,0.01714325,21.352991728029696,24.435327148437523,0.016432893,0.039352417,11.770281522976711,22.419702148437523,0.016074311,0.07833862,6.2247704796819,0,0,0
2017-02-10 02:00:00,1029.8332,25.198754882812523,0.017729094,0.026931763,22.19817183931624,24.339379882812523,0.016416838,0.037017822,12.137851490781054,22.237817382812523,0.015943816,0.077178955,6.6357498706495255,0,0,0
2017-02-10 03:00:00,1001.5513,25.076745605468773,0.017689405,0.03892517,22.87193430884936,24.287683105468773,0.01649159,0.042907715,12.394328333855457,22.100183105468773,0.015843092,0.10018921,7.055105673730542,0,0,0
2017-02-10 04:00:00,992.6234,25.0275817871094,0.017643834,0.052108765,23.051340549899933,24.2619567871094,0.016598606,0.03742981,12.0709408020636,22.1057067871094,0.015889073,0.11364746,6.935512649851312,0,0,0
2017-02-10 05:00:00,1011.958,24.985803222656276,0.017507741,0.06365967,23.53245405908548,24.204553222656276,0.016737172,0.032333374,11.203294650912126,22.204553222656276,0.015997121,0.11160278,6.571471711544336,0,0,0
2017-02-10 06:00:00,1027.8182,24.961755371093773,0.017240157,0.06253052,23.891555341291127,24.266442871093773,0.016843429,0.04046631,11.223413531163498,22.321130371093773,0.016111007,0.11129761,6.482004084627301,0,0,0
2017-02-10 07:00:00,1117.6392,25.726098632812523,0.016842486,0.030792236,27.102741837539327,25.726098632812523,0.017071368,0.03315735,14.56549276223562,22.835473632812523,0.016346576,0.108184814,6.5967738242728045,0,0,0
2017-02-10 08:00:00,1308.5476,26.917260742187523,0.01595685,0.047973633,32.89059573558674,27.565698242187523,0.017009707,0.025535583,18.08087133755437,23.987573242187523,0.016735049,0.09140015,6.818271229244403,0,0,0
2017-02-10 09:00:00,1375.7086,27.971368408203148,0.015617047,0.061965942,35.01544427664206,29.221368408203148,0.016460095,0.015003204,20.03150679925096,25.916680908203148,0.0165135,0.08029175,7.069507102996735,0,0,0
2017-02-10 10:00:00,1452.6555,28.904901123046898,0.015555086,0.0664978,36.33593534992469,30.537713623046898,0.015848817,0.008232117,20.89110275783633,27.639276123046898,0.015833559,0.0715332,6.889645129229362,0,0,0
2017-02-10 11:00:00,1480.731,29.519464111328148,0.015523574,0.07458496,37.5234077822337,31.456964111328148,0.015321395,0.0053100586,21.19786959326264,28.386651611328148,0.015329025,0.06436157,6.834082477102029,0,0,0
2017-02-10 12:00:00,1467.5485,29.772912597656276,0.015469682,0.074645996,38.41635641793333,32.09322509765627,0.01493181,0.002339363,21.02376789560616,28.546350097656276,0.014771593,0.05053711,7.473687914768939,0,0,0
2017-02-10 13:00:00,1496.0074,29.749108886718773,0.015368084,0.0647583,39.181576116619176,32.37410888671877,0.014692883,0.008255005,20.937931519573738,28.342858886718773,0.014254193,0.037460327,8.513483550265692,0,0,0
2017-02-10 14:00:00,1496.6559,29.473229980468773,0.015221546,0.051742554,39.22972628709697,32.15291748046877,0.014649342,0.019309998,21.46635903716557,27.879479980468773,0.013909291,0.029182434,9.419182472957104,0,0,0
2017-02-10 15:00:00,1481.226,28.958581542968773,0.01516327,0.04273987,38.67838411129578,31.380456542968773,0.0146521,0.03541565,22.16746058062921,27.216394042968773,0.013770905,0.032943726,9.987153690144476,0,0,0
2017-02-10 16:00:00,1376.2172,28.263574218750023,0.015223741,0.0342865,37.84893987624832,30.169824218750023,0.014701127,0.04371643,22.29879433148114,26.349511718750023,0.013915299,0.03678894,10.001796496192329,0,0,0
2017-02-10 17:00:00,1246.783,27.286737060546898,0.015200995,0.032180786,36.92129259551767,28.536737060546898,0.014727972,0.041625977,21.246152569899277,25.185174560546898,0.014396094,0.049804688,9.566898689602048,0,0,0
2017-02-10 18:00:00,1230.6693,26.252832031250023,0.015224974,0.025093079,35.09008132468557,26.713769531250023,0.015007536,0.05432129,18.527543879374527,23.838769531250023,0.014935057,0.0758667,8.926673104034831,0,0,0
2017-02-10 19:00:00,1261.1429999999998,25.762872314453148,0.015126541,0.010818481,33.96259264212038,25.708184814453148,0.015439346,0.051757812,17.619509331131336,23.215997314453148,0.01501973,0.08166504,8.591080524666198,0,0,0
2017-02-10 20:00:00,1234.3845,25.5358825683594,0.014685954,0.0024795532,33.6528876280049,25.1921325683594,0.01555189,0.020736694,17.318917928464543,23.1374450683594,0.014682139,0.055282593,8.604311736010002,0,0,0
2017-02-10 21:00:00,1196.5083,25.262963867187523,0.014359877,0.00031995773,33.19586345227063,24.841088867187523,0.015267775,0.009269714,17.003846485077602,22.989526367187523,0.014233992,0.037841797,8.66876172736708,0,0,0
2017-02-10 22:00:00,1153.6445,24.977960205078148,0.014286148,0.0009276867,33.339607397009324,24.493585205078148,0.014713394,0.005399704,16.770258681156655,22.821710205078148,0.013774979,0.030342102,8.630221741657666,0,0,0
2017-02-10 23:00:00,1084.6486,24.7883239746094,0.014235537,0.008518219,33.99850697549085,24.1086364746094,0.014155428,0.002483368,16.170300534769463,22.6164489746094,0.013537447,0.03729248,8.464518264969827,0,0,0
2017-02-11 00:00:00,1078.1030999999998,24.686425781250023,0.014158505,0.0142326355,34.01192891609868,23.756738281250023,0.013834256,0.0012879372,15.7514422818979,22.389550781250023,0.013574856,0.04145813,8.238222656041629,0,0,0
2017-02-11 01:00:00,1004.1115,24.564660644531276,0.014111134,0.01518631,33.65469012967746,23.486535644531276,0.013676259,0.00095915794,15.535876635374969,22.228723144531276,0.013706776,0.04446411,8.129300338086692,0,0,0
2017-02-11 02:00:00,973.1221,24.493035888671898,0.014059785,0.015045166,33.60818054885875,23.227410888671898,0.013605836,0.0014567375,15.490435793553994,22.164910888671898,0.0136859445,0.042907715,8.329770633795716,0,0,0
2017-02-11 03:00:00,957.116,24.448571777343773,0.014050466,0.016906738,33.88746808429427,23.112634277343773,0.013550741,0.0014781952,15.99083876594585,22.081384277343773,0.013585073,0.034591675,8.506099549924317,0,0,0
2017-02-11 04:00:00,932.7315,24.402398681640648,0.014167399,0.02027893,33.106680757681154,23.011773681640648,0.013408274,0.0020923615,15.805338225759805,22.066461181640648,0.0132938335,0.033676147,8.780754667274076,0,0,0
2017-02-11 05:00:00,926.6301,24.384057617187523,0.014273298,0.02520752,31.52429239082437,22.837182617187523,0.0132585885,0.0010170937,15.155983738398946,22.016870117187523,0.013075483,0.023406982,8.830574349962733,0,0,0
2017-02-11 06:00:00,932.8893,24.416650390625023,0.014368249,0.029953003,30.01779879719541,22.736962890625023,0.013170434,0.0013046265,14.749381411237565,21.940087890625023,0.01297207,0.022918701,8.75442757766174,0,0,0
2017-02-11 07:00:00,988.8923,25.084008789062523,0.014402661,0.028129578,30.732243289221348,24.232446289062523,0.013304028,0.0018048286,17.13929313777833,22.380883789062523,0.013025555,0.0283432,8.81996606002817,0,0,0
2017-02-11 08:00:00,1125.4102,26.139978027343773,0.014090309,0.020378113,33.743940862351494,26.233728027343773,0.013342628,0.0010919571,20.274061022745396,23.491540527343773,0.013052711,0.029884338,9.092041106749155,0,0,0
2017-02-11 09:00:00,1213.831,27.250695800781276,0.014003491,0.021903992,34.79828492246309,27.836633300781276,0.013080334,0.001958847,21.99117382210915,24.860070800781276,0.012904858,0.029388428,9.2336945289814,0,0,0
2017-02-11 10:00:00,1271.0531,28.151086425781276,0.014077538,0.019119263,34.567193980104946,29.182336425781276,0.012833946,0.002298355,22.08002604275702,26.049523925781276,0.012486809,0.025733948,9.500669387523974,0,0,0
2017-02-11 11:00:00,1273.5605,28.814050292968773,0.014158041,0.01864624,33.55401494523886,30.314050292968773,0.012685568,0.0019798279,21.64866496632572,26.845300292968773,0.012212546,0.015800476,9.644935702143709,0,0,0
2017-02-11 12:00:00,1237.9408999999998,29.158563232421898,0.014252574,0.023002625,32.27710763445346,31.127313232421898,0.012505443,0.005628586,21.04090724831112,27.307000732421898,0.012192638,0.019966125,9.603430826349229,0,0,0
2017-02-11 13:00:00,1194.5776,29.2653747558594,0.014302209,0.024879456,31.10601318710716,31.4684997558594,0.0124940425,0.0039253235,20.530732281571893,27.4606872558594,0.012173608,0.023719788,9.538508722600357,0,0,0
2017-02-11 14:00:00,1191.4976,29.112145996093773,0.01433172,0.024391174,30.315989228142623,31.299645996093773,0.0125845885,0.0026245117,20.1566782748832,27.221520996093773,0.012184045,0.023353577,9.535712062290475,0,0,0
2017-02-11 15:00:00,1173.4299,28.705926513671898,0.014385195,0.028083801,30.009258031929967,30.549676513671898,0.012695285,0.0025777817,19.98114244648681,26.604364013671898,0.012096377,0.026550293,9.632296048541493,0,0,0
2017-02-11 16:00:00,1134.1134000000002,28.005578613281276,0.014469093,0.034225464,30.100898683635677,29.333703613281276,0.01274485,0.002855301,19.683491779478874,25.693078613281276,0.012172645,0.02482605,9.653392847555637,0,0,0
2017-02-11 17:00:00,1110.3235,26.984887695312523,0.014652578,0.036315918,29.735916892168785,27.680200195312523,0.012863485,0.0036144257,18.161021191961183,24.547387695312523,0.012417166,0.02494812,9.379806092297514,0,0,0
2017-02-11 18:00:00,1153.3029,25.998254394531276,0.015046832,0.030815125,27.76282451496656,25.662316894531276,0.013284442,0.0067329407,14.678445482399871,23.263879394531276,0.012872455,0.023620605,8.45122723668168,0,0,0
2017-02-11 19:00:00,1229.3531,25.457543945312523,0.015652634,0.024902344,24.84430177011091,24.668481445312523,0.013852097,0.01007843,13.654137606798914,22.582543945312523,0.013165452,0.019813538,7.887037308991744,0,0,0
2017-02-11 20:00:00,1181.0375,25.182427978515648,0.016094748,0.034606934,22.828865170238696,24.221490478515648,0.01430184,0.011440277,13.396819901670067,22.283990478515648,0.013168875,0.025146484,7.585530219257939,0,0,0
2017-02-11 21:00:00,1122.2801000000002,24.979394531250023,0.016269393,0.05267334,21.81794722344249,23.885644531250023,0.014568038,0.015594482,12.882046364233965,22.096582031250023,0.013126083,0.022949219,7.27913021550899,0,0,0
2017-02-11 22:00:00,1095.4978,24.8154235839844,0.016375003,0.047698975,21.344379408842805,23.6044860839844,0.014730869,0.030532837,12.53013828892366,21.9482360839844,0.013151584,0.02872467,7.009315640814264,0,0,0
2017-02-11 23:00:00,1036.1639,24.679803466796898,0.016427273,0.050598145,21.59304316069074,23.414178466796898,0.0148060275,0.027008057,12.45688435135046,21.828240966796898,0.013188596,0.04034424,6.72357283980606,0,0,0
2017-02-12 00:00:00,1003.3651,24.537683105468773,0.016457027,0.049804688,21.980957182017697,23.240808105468773,0.014919704,0.027145386,12.231015500494626,21.662683105468773,0.013222164,0.047698975,6.503962309724616,0,0,0
2017-02-12 01:00:00,957.3694,24.4155212402344,0.016456626,0.04084778,22.348835590931976,23.1811462402344,0.01502993,0.034484863,12.240219845760883,21.5092712402344,0.013320945,0.06640625,6.409728485284375,0,0,0
2017-02-12 02:00:00,940.6666,24.337304687500023,0.016426116,0.032318115,22.295505033027048,23.063867187500023,0.015052824,0.043441772,12.063612976908727,21.399804687500023,0.013469725,0.08154297,6.458340916126681,0,0,0
2017-02-12 03:00:00,895.2589,24.276269531250023,0.01637364,0.022102356,22.615245868730348,22.909082031250023,0.014977461,0.046966553,12.136496605928857,21.354394531250023,0.0136194285,0.08102417,6.512045767203861,0,0,0
2017-02-12 04:00:00,894.4171,24.251123046875023,0.016330041,0.019599915,22.72387632103535,22.852685546875023,0.014979638,0.041549683,12.382132066774403,21.360498046875023,0.013705529,0.09240723,6.661083828139602,0,0,0
2017-02-12 05:00:00,881.9138,24.2897888183594,0.016284844,0.020645142,22.51350912811503,22.8132263183594,0.015037438,0.04547119,12.23395170334529,21.4382263183594,0.013793847,0.095947266,7.0458225453942935,0,0,0
2017-02-12 06:00:00,861.7231,24.321923828125023,0.016262425,0.019065857,21.50256037171068,22.884423828125023,0.015133274,0.040039062,12.054249171794282,21.525048828125023,0.013973606,0.0965271,7.138895334652351,0,0,0
2017-02-12 07:00:00,848.5645000000001,25.213708496093773,0.016316457,0.019897461,23.29956909567096,24.549645996093773,0.015435261,0.041519165,14.687043408378347,22.315270996093773,0.014210743,0.09210205,7.358629757997287,0,0,0
2017-02-12 08:00:00,887.1707,26.430322265625023,0.015996909,0.036758423,27.49892750261263,26.774072265625023,0.015447592,0.05305481,17.72907971777329,23.899072265625023,0.014184928,0.09173584,7.653478482339822,0,0,0
2017-02-12 09:00:00,951.5414,27.534967041015648,0.01572225,0.063964844,28.32995245415508,28.659967041015648,0.015115715,0.041625977,18.85724818262188,25.597467041015648,0.013998008,0.08493042,7.559297659810675,0,0,0
2017-02-12 10:00:00,1028.7231,28.502740478515648,0.01554609,0.06210327,27.56575355478186,30.323052978515648,0.014798409,0.028907776,18.285790677081348,27.002740478515648,0.013631112,0.08895874,7.084906185177825,0,0,0
2017-02-12 11:00:00,1067.6171000000002,29.281396484375023,0.015388832,0.05430603,26.081269166172863,31.625146484375023,0.014561043,0.02268219,16.958837153318427,28.156396484375023,0.0134471515,0.085357666,6.339266071619192,0,0,0
2017-02-12 12:00:00,1092.4175,29.793237304687523,0.015275897,0.051818848,24.72017412291006,32.52761230468752,0.014497699,0.021385193,15.51988812750383,28.886987304687523,0.013753833,0.09176636,5.176268944446541,0,0,0
2017-02-12 13:00:00,1096.4417,29.977624511718773,0.015238372,0.055038452,23.929816853531385,32.94637451171877,0.0144716175,0.022895813,14.274479160728022,29.196374511718773,0.014101592,0.0932312,4.345265034536723,0,0,0
2017-02-12 14:00:00,1095.0054,29.847497558593773,0.01523058,0.056991577,23.518303639486877,32.92562255859377,0.014318868,0.021514893,13.539525421029683,29.238122558593773,0.014135762,0.099121094,4.035634886132984,0,0,0
2017-02-12 15:00:00,1086.2792,29.456506347656276,0.015204766,0.05340576,23.42050164836222,32.37838134765627,0.014224389,0.02507019,13.400065140067666,28.831506347656276,0.014090874,0.117370605,4.06171420669962,0,0,0
2017-02-12 16:00:00,1081.5133999999998,28.668969726562523,0.015227047,0.050048828,24.02306078210727,31.247094726562523,0.014326778,0.031028748,13.794948748071306,27.809594726562523,0.014254299,0.122283936,4.531916425434342,0,0,0
2017-02-12 17:00:00,1059.6824,27.496148681640648,0.015341321,0.048171997,24.665136936626546,29.433648681640648,0.014524976,0.039993286,13.50106380085965,26.371148681640648,0.01472334,0.12237549,5.217088000230439,0,0,0
2017-02-12 18:00:00,1123.4842,26.345544433593773,0.015582455,0.031829834,24.077479496843072,27.072106933593773,0.014758481,0.04196167,11.997987559372342,24.837731933593773,0.0149377715,0.11880493,5.800366018519134,0,0,0
2017-02-12 19:00:00,1181.0935,25.718408203125023,0.015891287,0.018104553,22.79272063650305,25.624658203125023,0.015013907,0.03475952,12.405336019446272,23.773095703125023,0.014922354,0.13452148,6.23335853034382,0,0,0
2017-02-12 20:00:00,1181.9598,25.356561279296898,0.016134806,0.0103302,20.882632574982463,24.770623779296898,0.01526887,0.030471802,12.223357950405454,23.145623779296898,0.014925547,0.13439941,6.0502803138549455,0,0,0
2017-02-12 21:00:00,1172.7704,25.116235351562523,0.016209938,0.0067596436,19.008627737603703,24.225610351562523,0.015408851,0.028274536,11.441455054682098,22.749047851562523,0.01485572,0.1282959,5.914063174047394,0,0,0
2017-02-12 22:00:00,1137.9363999999998,24.918634033203148,0.016210403,0.007984161,18.233457510256255,23.856134033203148,0.015451279,0.027328491,10.707450476048043,22.442071533203148,0.014760818,0.122680664,5.7691291097634165,0,0,0
2017-02-12 23:00:00,1088.2067,24.778710937500023,0.016196078,0.013637543,17.895244030499637,23.427148437500023,0.0155170625,0.028022766,9.509841980689304,22.169335937500023,0.014677829,0.12207031,5.675046408039184,0,0,0
2017-02-13 00:00:00,1027.3429,24.6332946777344,0.016188113,0.013687134,17.18971665393523,22.9457946777344,0.015596835,0.028465271,8.684548396095,21.9067321777344,0.014597384,0.12017822,5.6426777882553525,0,0,0
2017-02-13 01:00:00,1000.7103,24.426690673828148,0.016188424,0.011051178,16.201417479490075,22.629815673828148,0.015642922,0.02848816,8.401426916179494,21.684503173828148,0.0145214,0.11593628,5.624302874281868,0,0,0
2017-02-13 02:00:00,959.3968,24.230401611328148,0.016158316,0.01966095,15.822727159474866,22.378839111328148,0.015662406,0.025215149,8.212822811105285,21.527276611328148,0.01447222,0.10671997,5.580077147411973,0,0,0
2017-02-13 03:00:00,935.7783,24.071801757812523,0.0161264,0.029891968,15.574773462892171,22.157739257812523,0.015676266,0.021980286,8.140495163949318,21.431176757812523,0.014394526,0.10253906,5.54742231564756,0,0,0
2017-02-13 04:00:00,918.7516,23.974725341796898,0.016132481,0.03804016,14.996766191943529,21.896600341796898,0.015682347,0.017753601,7.784151482177447,21.334100341796898,0.0143205,0.09979248,5.378911132810284,0,0,0
2017-02-13 05:00:00,941.4622,23.899468994140648,0.016170759,0.04055786,13.95023301452947,21.665093994140648,0.015682478,0.014953613,7.363937087420711,21.251031494140648,0.014297742,0.092803955,5.176568896436208,0,0,0
2017-02-13 06:00:00,960.4119,23.967645263671898,0.016245969,0.040786743,13.112323607793844,21.678582763671898,0.015696652,0.0149002075,7.2993425987733715,21.202020263671898,0.014292844,0.08709717,5.000262419489943,0,0,0
2017-02-13 07:00:00,1086.6795,24.936608886718773,0.01625273,0.04081726,16.220823256441065,23.827233886718773,0.01587889,0.013912201,11.118364020558616,21.913171386718773,0.014307235,0.07833862,5.41003401260825,0,0,0
2017-02-13 08:00:00,1261.5127,26.0505310058594,0.015946701,0.05545044,18.638350444709552,26.5661560058594,0.015549973,0.01979065,14.158264307875804,23.5817810058594,0.014119461,0.06454468,5.76336083591857,0,0,0
2017-02-13 09:00:00,1370.5779,27.004266357421898,0.015854523,0.065093994,18.03776982159155,28.652703857421898,0.014984773,0.024612427,14.357488394282036,25.543328857421898,0.013798402,0.05279541,5.451708037778143,0,0,0
2017-02-13 10:00:00,1433.0342,27.941766357421898,0.0157397,0.0703125,16.97535249009828,30.418328857421898,0.014648696,0.022468567,13.146467098348849,27.262078857421898,0.013298294,0.064208984,4.537212867164073,0,0,0
2017-02-13 11:00:00,1474.6525,28.749353027343773,0.015617388,0.07611084,15.978416228032428,31.843103027343773,0.0146064935,0.024276733,11.321875316715683,28.686853027343773,0.012996691,0.06163025,3.2562112509386023,0,0,0
2017-02-13 12:00:00,1471.7313,29.340142822265648,0.015453084,0.08383179,15.616270119847911,32.74639282226565,0.014648183,0.02935791,9.640210114242995,29.543267822265648,0.013709768,0.0770874,1.716097425859605,0,0,0
2017-02-13 13:00:00,1491.1041,29.732720947265648,0.015250505,0.07824707,15.78146167091956,33.12334594726565,0.014502824,0.045944214,8.772188176298467,29.920220947265648,0.013991655,0.108795166,0.704443393643022,0,0,0
2017-02-13 14:00:00,1490.4949,29.8076110839844,0.015032587,0.08459473,16.11219260526997,33.1826110839844,0.014281091,0.0642395,8.558549160512555,30.0419860839844,0.013911066,0.12060547,0.064488552933789,0,0,0
2017-02-13 15:00:00,1455.924,29.611718750000023,0.014902338,0.07998657,16.477040911439943,32.87734375000002,0.014013514,0.07650757,8.663996936216368,29.533593750000023,0.013799891,0.1293335,0.7306782761623718,0,0,0
2017-02-13 16:00:00,1379.1604,29.019311523437523,0.0148635525,0.08728027,17.187638582537897,31.816186523437523,0.01407391,0.045272827,8.782977307491528,28.488061523437523,0.014176907,0.1675415,1.2751422101540226,0,0,0
2017-02-13 17:00:00,1262.0286,28.010308837890648,0.015015509,0.09213257,17.896590776619476,30.322808837890648,0.014473822,0.029174805,8.10544250748764,26.947808837890648,0.014881995,0.19921875,1.4217655416423662,0,0,0
2017-02-13 18:00:00,1244.5678,26.862023925781276,0.01545747,0.060806274,18.417220234326027,27.690148925781276,0.015159924,0.030029297,5.334993081915105,25.424523925781276,0.015293438,0.23400879,1.2395167043821362,0,0,0
2017-02-13 19:00:00,1286.9442,26.021020507812523,0.015956786,0.046875,18.79509284724922,26.310083007812523,0.015258696,0.02822113,5.673386341852927,24.458520507812523,0.015407469,0.23620605,1.364052023306658,0,0,0
2017-02-13 20:00:00,1246.0025,25.515069580078148,0.016292319,0.040359497,17.730456512305757,25.358819580078148,0.015228017,0.036102295,6.602619396951559,23.686944580078148,0.015758261,0.2210083,1.5081512015414662,0,0,0
2017-02-13 21:00:00,1212.1574,25.217462158203148,0.016476253,0.035827637,15.576756459445434,24.623712158203148,0.015472989,0.04171753,6.510362294043783,23.279962158203148,0.015781978,0.22296143,1.4698843207872778,0,0,0
2017-02-13 22:00:00,1162.7006,25.009881591796898,0.016517181,0.032806396,13.880214210418352,24.072381591796898,0.0157695,0.04386902,6.346573206883925,22.947381591796898,0.0157695,0.19824219,1.85490753873934,0,0,0
2017-02-13 23:00:00,1086.5666,24.811791992187523,0.016535854,0.029647827,12.392670877312472,23.655541992187523,0.016032314,0.046066284,5.782708886080746,22.624291992187523,0.015727138,0.16540527,2.324207213813939,0,0,0
2017-02-14 00:00:00,1064.9041,24.603448486328148,0.016566746,0.026908875,11.167443545821984,23.353448486328148,0.016200535,0.047698975,5.162545683799505,22.376885986328148,0.015719883,0.15435791,2.4336950564537903,0,0,0
2017-02-14 01:00:00,999.0833,24.4038024902344,0.01649815,0.026443481,10.623854617146712,23.1225524902344,0.016284527,0.050369263,4.727565069129046,22.2006774902344,0.015666546,0.14733887,2.3320823809515168,0,0,0
2017-02-14 02:00:00,971.1956,24.211022949218773,0.016360272,0.025756836,10.202899789938895,22.961022949218773,0.016306866,0.05319214,4.473109064227025,22.086022949218773,0.015601146,0.14794922,2.2964502588039184,0,0,0
2017-02-14 03:00:00,939.3135,24.050317382812523,0.01619939,0.026618958,9.558631383699414,22.823754882812523,0.016298572,0.057037354,4.406902372074777,21.980004882812523,0.015520372,0.14459229,2.306852243456428,0,0,0
2017-02-14 04:00:00,932.3911,23.894677734375023,0.016023753,0.02545166,9.38130220300838,22.652490234375023,0.016275523,0.06329346,4.478374493950092,21.855615234375023,0.015421031,0.13916016,2.491187013326543,0,0,0
2017-02-14 05:00:00,956.3555,23.746240234375023,0.015923966,0.023918152,9.29754473362352,22.496240234375023,0.01623677,0.07366943,4.701787989981511,21.730615234375023,0.015336502,0.13568115,2.7781286748082987,0,0,0
2017-02-14 06:00:00,951.7766,23.758233642578148,0.015915684,0.022140503,9.34332193165942,22.492608642578148,0.016197972,0.08047485,4.854944473404794,21.594171142578148,0.015244297,0.13739014,2.875021911205885,0,0,0
2017-02-14 07:00:00,1073.9502,24.978845214843773,0.015869584,0.020584106,13.588655126859988,24.627282714843773,0.016258683,0.082977295,8.621260892339317,22.002282714843773,0.015488114,0.1385498,3.32596241495868,0,0,0
2017-02-14 08:00:00,1229.6356,26.102746582031276,0.015487143,0.040390015,17.210552509311874,26.907434082031276,0.015746541,0.08248901,11.356443396156536,22.907434082031276,0.015708394,0.13189697,3.857376648765728,0,0,0
2017-02-14 09:00:00,1324.7068,27.017694091796898,0.015306746,0.05055237,16.85810922249637,28.783319091796898,0.015260969,0.08502197,11.295793395122494,24.814569091796898,0.015138899,0.12823486,3.790371423905373,0,0,0
2017-02-14 10:00:00,1406.3227,27.919458007812523,0.015199292,0.05680847,14.885934250599911,30.388208007812523,0.014806379,0.089904785,9.800482722479948,27.083520507812523,0.014081586,0.12033081,2.8125428463533213,0,0,0
2017-02-14 11:00:00,1453.4124000000002,28.704309082031276,0.015038895,0.06295776,12.785734601807649,31.657434082031276,0.01466124,0.0942688,7.859034807187581,28.641809082031276,0.01366179,0.10720825,1.281580712971058,0,0,0
2017-02-14 12:00:00,1458.6256,29.303826904296898,0.014841056,0.0786438,11.439387811673289,32.4757019042969,0.014715171,0.11105347,6.511490589485671,29.600701904296898,0.014001823,0.10827637,0.7994410901937778,0,0,0
2017-02-14 13:00:00,1484.0009,29.657983398437523,0.014586639,0.10662842,10.78967478236391,32.97048339843752,0.014491271,0.12054443,6.240089044302393,30.079858398437523,0.013850402,0.12371826,1.8996996943412976,0,0,0
2017-02-14 14:00:00,1485.7289,29.776208496093773,0.014438449,0.12786865,10.998512431042698,33.05745849609377,0.014312564,0.12271118,6.515163610574841,29.729333496093773,0.0142858615,0.14245605,2.813810089161134,0,0,0
2017-02-14 15:00:00,1432.4630000000002,29.620751953125023,0.014403626,0.13800049,12.175031689361754,32.51137695312502,0.014186189,0.12045288,6.771232703378553,28.823876953125023,0.014815614,0.16033936,3.375866778649135,0,0,0
2017-02-14 16:00:00,1346.0667,29.096459960937523,0.014517594,0.12237549,13.586492944367349,31.783959960937523,0.014128495,0.10076904,6.8248482320490425,27.721459960937523,0.015257645,0.16723633,3.668414868412452,0,0,0
2017-02-14 17:00:00,1208.9899,28.273278808593773,0.014795758,0.09762573,14.346812058271048,30.304528808593773,0.014471509,0.09371948,5.330094471393036,26.445153808593773,0.015486218,0.17053223,3.968340654063345,0,0,0
2017-02-14 18:00:00,1191.6713,27.186914062500023,0.015234161,0.06695557,14.879168353066856,28.015039062500023,0.015157867,0.08517456,3.078663067722929,25.046289062500023,0.015737701,0.17279053,3.944295457942508,0,0,0
2017-02-14 19:00:00,1245.3739,26.303613281250023,0.015713869,0.048171997,15.940615245858734,26.834863281250023,0.015328583,0.07254028,3.355298944335568,24.147363281250023,0.01620978,0.17883301,3.4051139883043486,0,0,0
2017-02-14 20:00:00,1187.275,25.707604980468773,0.016048875,0.04005432,15.51807149447749,25.988854980468773,0.015259232,0.053482056,3.530668801609798,23.660729980468773,0.016277757,0.17687988,2.663944690594134,0,0,0
2017-02-14 21:00:00,1170.5044,25.338311767578148,0.016308378,0.033203125,13.524898609056333,25.213311767578148,0.015133451,0.03591919,3.713624263806112,23.330499267578148,0.015972685,0.16802979,2.1701120831949074,0,0,0
2017-02-14 22:00:00,1121.6713,25.0402770996094,0.016507665,0.02748108,10.708519882378194,24.4543395996094,0.015214482,0.025749207,3.7116278577630473,22.9777770996094,0.015843907,0.15881348,1.792515776018126,0,0,0
2017-02-14 23:00:00,1061.3775,24.751824951171898,0.016669258,0.022872925,8.07738121519173,23.806512451171898,0.01528071,0.021888733,3.55891421904892,22.681512451171898,0.015692696,0.1459961,1.6786075708011523,0,0,0
2017-02-15 00:00:00,992.816,24.501245117187523,0.016693631,0.018714905,7.026391265594603,23.305932617187523,0.0152783785,0.016227722,3.7171330066741817,22.391870117187523,0.015564481,0.14874268,1.8139810588209488,0,0,0
2017-02-15 01:00:00,953.3367,24.277612304687523,0.016610945,0.014579773,6.836910879360244,22.816674804687523,0.015260541,0.011665344,4.047424641992112,22.090112304687523,0.015474164,0.15533447,2.230071293413981,0,0,0
2017-02-15 02:00:00,936.6084,24.087243652343773,0.016512584,0.011058807,6.642173595858109,22.430993652343773,0.015230846,0.009338379,4.380995991481888,21.805993652343773,0.015394878,0.14416504,2.699164881299818,0,0,0
2017-02-15 03:00:00,914.5193,23.923669433593773,0.016429296,0.008872986,6.113816925662126,22.142419433593773,0.015220037,0.0077590942,4.271606624408026,21.603356933593773,0.015277257,0.1126709,3.088993008053351,0,0,0
2017-02-15 04:00:00,912.5636,23.795068359375023,0.016353147,0.008075714,5.513804752317559,21.818505859375023,0.015193478,0.006586075,3.9822139417424096,21.443505859375023,0.0151019255,0.083099365,3.3950697972309887,0,0,0
2017-02-15 05:00:00,915.542,23.698815917968773,0.016246522,0.007335663,5.25421241702017,21.566003417968773,0.015208925,0.005964279,4.007587755828499,21.292565917968773,0.014911379,0.08959961,3.385599923832339,0,0,0
2017-02-15 06:00:00,937.6191,23.749383544921898,0.01622439,0.006040573,5.027338833039553,21.616571044921898,0.015274529,0.0058021545,4.337849431982345,21.186883544921898,0.014770989,0.104156494,3.3023961731084563,0,0,0
2017-02-15 07:00:00,1033.8678,24.936669921875023,0.016087554,0.0051078796,7.718828302519078,23.866357421875023,0.01543524,0.008090973,7.595202904628393,21.788232421875023,0.014748595,0.11550903,3.4719114217555966,0,0,0
2017-02-15 08:00:00,1191.1975,26.093560791015648,0.015783023,0.012832642,9.972513241667048,26.484185791015648,0.014867497,0.008476257,9.01869202275982,23.202935791015648,0.01457758,0.10870361,3.35923832673014,0,0,0
2017-02-15 09:00:00,1286.4863,27.142724609375023,0.015638687,0.023452759,10.25717197995467,28.564599609375023,0.014257765,0.00851059,8.45484935046524,24.869287109375023,0.014273024,0.11785889,2.7352839030703024,0,0,0
2017-02-15 10:00:00,1371.5551,28.117456054687523,0.0154518075,0.025543213,9.622910412950638,30.422143554687523,0.013655085,0.009220123,7.060439192967759,26.570581054687523,0.013986964,0.12487793,1.5360330747902764,0,0,0
2017-02-15 11:00:00,1412.3443,28.991662597656276,0.015192376,0.0258255,8.9889935521824,31.929162597656276,0.013277398,0.009082794,5.349277889681938,28.194787597656276,0.013800012,0.14172363,0.8867123621235787,0,0,0
2017-02-15 12:00:00,1436.6807,29.7099548339844,0.014932156,0.026786804,8.877807276356748,32.9755798339844,0.013223171,0.009075165,3.8657002644470375,29.1630798339844,0.014146328,0.15551758,2.224999560666845,0,0,0
2017-02-15 13:00:00,1482.5949,30.198419189453148,0.014689951,0.036376953,9.537962220116931,33.52654418945315,0.013289957,0.011707306,3.0751712658336587,29.589044189453148,0.014262705,0.16693115,3.7000362291366593,0,0,0
2017-02-15 14:00:00,1479.663,30.394555664062523,0.014486354,0.050704956,10.639291973219189,33.50393066406252,0.013353389,0.018753052,2.8735387886951345,29.191430664062523,0.014356654,0.19641113,4.962614614474722,0,0,0
2017-02-15 15:00:00,1473.9642,30.303613281250023,0.014306165,0.062805176,11.850775565347789,33.08486328125002,0.013318159,0.024551392,2.9581273898226472,28.287988281250023,0.014641859,0.21606445,5.400409682945577,0,0,0
2017-02-15 16:00:00,1406.0325,29.844903564453148,0.014271324,0.059432983,12.985648505490756,32.28240356445315,0.013393943,0.03755188,2.7419521289461364,27.298028564453148,0.014870231,0.24127197,5.14503881500995,0,0,0
2017-02-15 17:00:00,1266.0826,28.9609313964844,0.014431068,0.037963867,13.912723377007708,30.8203063964844,0.014053413,0.040481567,2.9073885305722813,26.2421813964844,0.015029975,0.25708008,4.593204929945202,0,0,0
2017-02-15 18:00:00,1252.8745,27.672296142578148,0.014869357,0.018287659,15.028695300460452,28.453546142578148,0.016166354,0.034225464,3.0159839254451777,25.156671142578148,0.015224124,0.27734375,3.711325442304446,0,0,0
2017-02-15 19:00:00,1294.9063,26.509912109375023,0.015323375,0.0100364685,17.0122099975713,27.228662109375023,0.016326642,0.027633667,2.9923360730926705,24.314599609375023,0.015536998,0.28137207,3.0116609821642406,0,0,0
2017-02-15 20:00:00,1266.2793,25.599908447265648,0.015616563,0.0068035126,18.190991354043103,26.232720947265648,0.016612198,0.015815735,2.8428226392518403,23.560845947265648,0.01584163,0.27282715,2.5788247674263,0,0,0
2017-02-15 21:00:00,1209.568,25.034936523437523,0.015827255,0.004930496,17.35215703654162,25.331811523437523,0.016605454,0.0060691833,2.949628492982218,23.097436523437523,0.015934067,0.2475586,2.319593949464662,0,0,0
2017-02-15 22:00:00,1165.3728,24.691949462890648,0.015965568,0.0036811829,15.348719500584313,24.566949462890648,0.016553031,0.005012512,3.320104393754028,22.809136962890648,0.015904533,0.21722412,2.2755134024178214,0,0,0
2017-02-15 23:00:00,1089.7361,24.362664794921898,0.016027914,0.002650261,13.471748392868024,23.964227294921898,0.016432272,0.0059547424,3.865433284658968,22.542352294921898,0.015791403,0.17962646,2.441349789386201,0,0,0
2017-02-16 00:00:00,1032.2794,24.0414978027344,0.016074963,0.00198555,12.122991424625482,23.4086853027344,0.016204663,0.0071105957,4.505724698796003,22.2602478027344,0.015662976,0.15014648,2.724898831650583,0,0,0
2017-02-16 01:00:00,997.9402,23.744165039062523,0.016076677,0.0018262863,11.233924855431011,22.916040039062523,0.015985124,0.012783051,5.124106352513112,21.978540039062523,0.015531175,0.13018799,3.065892465105344,0,0,0
2017-02-16 02:00:00,956.329,23.500543212890648,0.016021166,0.0018019676,10.627340124592765,22.672418212890648,0.015891466,0.029319763,5.890845651718487,21.727105712890648,0.015380298,0.11645508,3.382958222878024,0,0,0
2017-02-16 03:00:00,934.7556,23.298944091796898,0.015920905,0.0018873215,10.212815592452428,22.447381591796898,0.015814094,0.031692505,6.613454577477966,21.509881591796898,0.015234261,0.09741211,3.719685138482754,0,0,0
2017-02-16 04:00:00,928.8391,23.153405761718773,0.01581417,0.0019598007,10.145498658808677,22.231530761718773,0.015730247,0.028320312,7.042491233747103,21.333093261718773,0.015089379,0.08001709,4.007014851751333,0,0,0
2017-02-16 05:00:00,928.4073,23.050683593750023,0.015715523,0.0020217896,10.316008369835856,22.066308593750023,0.015654488,0.020210266,7.1829185280516334,21.183496093750023,0.014960213,0.06430054,4.2967014613393815,0,0,0
2017-02-16 06:00:00,940.6068,23.140588378906276,0.015684472,0.0021543503,10.659270643865822,21.968713378906276,0.015596733,0.014385223,7.161839831221194,21.062463378906276,0.014841423,0.05029297,4.592140575998591,0,0,0
2017-02-16 07:00:00,1060.6479,24.486749267578148,0.015676359,0.0023031235,14.470834367867186,22.861749267578148,0.016019681,0.024162292,9.11970641968668,21.635186767578148,0.014951567,0.044296265,4.929847129014662,0,0,0
2017-02-16 08:00:00,1206.881,25.824670410156276,0.015466218,0.0024118423,17.090474657997202,24.394982910156276,0.01650763,0.036727905,9.88453934008552,23.105920410156276,0.014974122,0.041152954,4.89272813322617,0,0,0
2017-02-16 09:00:00,1305.059,26.9392028808594,0.015419653,0.0025548935,17.359409395006992,26.3376403808594,0.016033819,0.038650513,10.428894018271349,25.3220153808594,0.014420202,0.035125732,4.354451052977668,0,0,0
2017-02-16 10:00:00,1375.8043,27.980065917968773,0.015235712,0.0031223297,16.80372398519173,28.526940917968773,0.014865686,0.034423828,9.673924621433471,27.394128417968773,0.013900568,0.03251648,3.0942351082292987,0,0,0
2017-02-16 11:00:00,1422.1769000000002,28.878503417968773,0.014861458,0.004142761,15.913411224477183,30.284753417968773,0.014201515,0.034622192,8.344412774326294,29.003503417968773,0.013587349,0.04840088,1.5774567652851834,0,0,0
2017-02-16 12:00:00,1424.9096,29.533044433593773,0.014513804,0.0054016113,15.34413289324638,31.204919433593773,0.014265848,0.04269409,6.944442681511549,29.861169433593773,0.013956858,0.0960083,1.0832963877882589,0,0,0
2017-02-16 13:00:00,1440.3501,29.820642089843773,0.014360761,0.009338379,15.150758780938451,31.586267089843773,0.014238691,0.05029297,6.044983267181183,30.086267089843773,0.013971662,0.14520264,2.1996285244123905,0,0,0
2017-02-16 14:00:00,1457.153,29.767480468750023,0.014314593,0.012271881,15.199817596144197,31.517480468750023,0.014337481,0.06365967,5.371344351398111,29.501855468750023,0.014440478,0.19311523,3.231678165128757,0,0,0
2017-02-16 15:00:00,1446.7099,29.440026855468773,0.014268391,0.0086631775,15.355145693466346,31.002526855468773,0.014577381,0.07696533,4.929534358383002,28.627526855468773,0.014707081,0.25402832,4.089803036375074,0,0,0
2017-02-16 16:00:00,1366.7627,28.870172119140648,0.014187689,0.0038118362,15.80329240706886,30.213922119140648,0.015042181,0.067596436,4.353200741209601,27.463922119140648,0.014851446,0.29382324,4.669857105298955,0,0,0
2017-02-16 17:00:00,1251.4718,27.903741455078148,0.014271697,0.0028562546,15.841419513559694,28.794366455078148,0.01567932,0.04508972,4.004217394541538,25.950616455078148,0.015278777,0.33007812,4.375769265254996,0,0,0
2017-02-16 18:00:00,1210.9734999999998,26.590203857421898,0.0148641225,0.0022535324,14.819317278870049,26.480828857421898,0.016740954,0.032073975,2.6747533131874928,24.512078857421898,0.01589409,0.35290527,3.4401821007324527,0,0,0
2017-02-16 19:00:00,1267.9324,25.735772705078148,0.015378649,0.0026025772,14.71529340259026,25.470147705078148,0.016404804,0.032089233,3.104274230390582,23.681085205078148,0.016275104,0.38012695,2.577493691570802,0,0,0
2017-02-16 20:00:00,1237.6391,25.226098632812523,0.015763832,0.002779007,13.996312009880665,24.843286132812523,0.01616056,0.033996582,3.728206355445496,23.312036132812523,0.016374184,0.37731934,1.906812277243373,0,0,0
2017-02-16 21:00:00,1188.3347,24.906671142578148,0.016061764,0.0061206818,12.539622797061249,24.359796142578148,0.015962582,0.042510986,4.416546320925063,23.031671142578148,0.0162525,0.3684082,1.4356786301542994,0,0,0
2017-02-16 22:00:00,1133.998,24.719750976562523,0.016161969,0.003320694,11.67273693165343,23.969750976562523,0.016078046,0.049346924,4.689956247333038,22.766625976562523,0.01615434,0.36413574,1.1514406509840824,0,0,0
2017-02-16 23:00:00,1071.7471,24.473687744140648,0.016178755,0.0025482178,10.869224898595126,23.669000244140648,0.016140608,0.04673767,4.724250189006466,22.559625244140648,0.015965132,0.3540039,1.1554426952465433,0,0,0
2017-02-17 00:00:00,1015.0009,24.225366210937523,0.016172618,0.0035190582,10.262771167959386,23.350366210937523,0.016096324,0.0463562,4.926254556107368,22.358178710937523,0.015783519,0.34558105,1.5715756178615818,0,0,0
2017-02-17 01:00:00,957.7468,24.046655273437523,0.016141891,0.0048713684,9.882667002696268,23.156030273437523,0.015996933,0.07485962,5.235646227979937,22.124780273437523,0.015531539,0.3190918,2.2828246913325883,0,0,0
2017-02-17 02:00:00,927.5252,23.920495605468773,0.016088376,0.008232117,9.64805299556468,23.037683105468773,0.01592053,0.11709595,5.351730523137834,21.857995605468773,0.015306362,0.2548828,2.966340885240903,0,0,0
2017-02-17 03:00:00,905.7025,23.807092285156276,0.016050238,0.0119018555,9.41889313384653,22.978967285156276,0.015836615,0.15435791,5.566402981084567,21.596154785156276,0.015066045,0.20605469,3.511133996738689,0,0,0
2017-02-17 04:00:00,898.9160999999999,23.712487792968773,0.016012339,0.019355774,9.312507070244276,22.892175292968773,0.015714793,0.16748047,5.739400481572829,21.399987792968773,0.014856486,0.16845703,3.909394364343341,0,0,0
2017-02-17 05:00:00,907.1546,23.607141113281276,0.015974665,0.020828247,9.018645427517928,22.802453613281276,0.015616084,0.15985107,5.649054220254398,21.263391113281276,0.014704372,0.12438965,4.28518707792865,0,0,0
2017-02-17 06:00:00,920.324279,23.673913574218773,0.016043857,0.019096375,8.969318850882921,22.791101074218773,0.015547947,0.1404419,5.8549024434028905,21.142663574218773,0.014579014,0.08770752,4.646475360568179,0,0,0
2017-02-17 07:00:00,1030.293509,24.831445312500023,0.016075019,0.0205307,12.642420178267576,23.604882812500023,0.015563849,0.102508545,7.871980535110971,21.698632812500023,0.014572028,0.06985474,4.8855844182845525,0,0,0
2017-02-17 08:00:00,1195.824186,25.863671875000023,0.015839431,0.04284668,15.074990161493991,25.113671875000023,0.015332078,0.07751465,9.96750369517514,23.160546875000023,0.014031266,0.053970337,5.029634530534221,0,0,0
2017-02-17 09:00:00,1302.924697,26.798181152343773,0.015672738,0.03857422,15.37455527057828,26.907556152343773,0.014627512,0.061676025,11.032921883862414,25.095056152343773,0.013357217,0.036499023,4.515577229705826,0,0,0
2017-02-17 10:00:00,1382.036667,27.728631591796898,0.015523241,0.031036377,14.985934567563056,28.509881591796898,0.014203356,0.04685974,10.66866497951212,26.931756591796898,0.012921617,0.031845093,3.3668913900012902,0,0,0
2017-02-17 11:00:00,1421.572959,28.544946289062523,0.015300703,0.033584595,14.297935363469756,29.857446289062523,0.013942671,0.03390503,9.63871155481954,28.482446289062523,0.012660933,0.058929443,1.79413222317812,0,0,0
2017-02-17 12:00:00,1425.2832520000002,29.083154296875023,0.015035771,0.039505005,13.898149172283304,30.864404296875023,0.013921879,0.025993347,8.528048313197255,29.411279296875023,0.012788914,0.100616455,0.3323160868324331,0,0,0
2017-02-17 13:00:00,1461.28605,29.379785156250023,0.014786145,0.047836304,14.099063306496834,31.457910156250023,0.013973614,0.027297974,7.723005581770899,29.567285156250023,0.012985608,0.1270752,1.6127571056234862,0,0,0
2017-02-17 14:00:00,1478.668246,29.423516845703148,0.0145977875,0.06271362,14.899085192151508,31.657891845703148,0.013865366,0.031341553,7.202103402931235,29.251641845703148,0.013510599,0.15136719,2.583639216823222,0,0,0
2017-02-17 15:00:00,1440.0704509999998,29.131494140625023,0.01449383,0.07485962,15.978270032147249,31.303369140625023,0.013753778,0.053329468,6.771628784717179,28.412744140625023,0.013959772,0.20202637,3.1761103633375365,0,0,0
2017-02-17 16:00:00,1385.082,28.490563964843773,0.014523951,0.07531738,17.069650078322834,30.631188964843773,0.013696162,0.05117798,6.553526719513616,27.365563964843773,0.01415774,0.23736572,3.381977574166379,0,0,0
2017-02-17 17:00:00,1255.6428,27.482598876953148,0.0146654425,0.06253052,17.806355693981462,29.216973876953148,0.014142829,0.046707153,5.43690866346119,26.170098876953148,0.013963538,0.26464844,3.41054165579458,0,0,0
2017-02-17 18:00:00,1215.7355,26.238549804687523,0.014923001,0.053253174,18.34583288789544,27.019799804687523,0.014987851,0.03514099,4.124452041297206,24.808862304687523,0.014324093,0.28845215,2.6620951707423237,0,0,0
2017-02-17 19:00:00,1267.9307,25.333276367187523,0.015185751,0.038116455,18.825318060995844,25.927026367187523,0.014869131,0.029663086,5.229261155610947,23.848901367187523,0.01451055,0.30749512,1.799212975105562,0,0,0
2017-02-17 20:00:00,1224.041,24.826318359375023,0.015398726,0.027946472,17.927638669704507,24.927880859375023,0.014757857,0.027915955,5.942785556658117,23.240380859375023,0.01465486,0.3079834,0.8262027296432581,0,0,0
2017-02-17 21:00:00,1170.9159,24.522271728515648,0.015527805,0.0209198,16.129442293253856,23.998834228515648,0.014940342,0.025978088,5.849590903429726,22.795709228515648,0.014787754,0.30395508,0.5498433434565375,0,0,0
2017-02-17 22:00:00,1111.9266,24.2634216308594,0.015611601,0.016166687,14.52207708839978,23.3102966308594,0.0150393965,0.02532196,6.175145274936043,22.4431091308594,0.014978361,0.3100586,1.4016007281036968,0,0,0
2017-02-17 23:00:00,1055.9028,24.012384033203148,0.015680851,0.014041901,13.15579381446334,22.778009033203148,0.01513535,0.025474548,6.432001676089509,22.184259033203148,0.015059056,0.31140137,2.2203788258835764,0,0,0
2017-02-18 00:00:00,979.3423,23.783593750000023,0.01572776,0.014820099,12.26276508009788,22.385156250000023,0.015243294,0.025177002,6.408651944074933,21.978906250000023,0.015064003,0.30578613,2.786516371838553,0,0,0
2017-02-18 01:00:00,957.2658,23.593072509765648,0.015773397,0.016777039,11.766113057139505,22.116510009765648,0.015308005,0.02368927,6.289092758200696,21.804010009765648,0.015029532,0.30029297,3.2116513983128163,0,0,0
2017-02-18 02:00:00,928.9784,23.475457763671898,0.015819496,0.017105103,11.547663147577603,21.811395263671898,0.015293067,0.024917603,6.20176627933692,21.678582763671898,0.014961189,0.29040527,3.5576029719598297,0,0,0
2017-02-18 03:00:00,890.2170000000001,23.439050292968773,0.015805118,0.018341064,11.663976466684971,21.540612792968773,0.015240543,0.027801514,6.230195875930854,21.595300292968773,0.014870517,0.265625,3.791184700876129,0,0,0
2017-02-18 04:00:00,873.566,23.425500488281276,0.01576032,0.018760681,11.437564957231016,21.331750488281276,0.015188114,0.028884888,6.233483694510364,21.527062988281276,0.014768497,0.24420166,3.8432939286760894,0,0,0
2017-02-18 05:00:00,885.3532,23.400689697265648,0.015662469,0.0155181885,11.163713713443768,21.135064697265648,0.015143669,0.029472351,6.320050512667286,21.447564697265648,0.014678276,0.21801758,3.885052750277211,0,0,0
2017-02-18 06:00:00,895.9757,23.483544921875023,0.015526233,0.010093689,11.232860356758362,21.178857421875023,0.015114246,0.028617859,6.683120596996695,21.421044921875023,0.014580188,0.19714355,3.957730165537048,0,0,0
2017-02-18 07:00:00,932.6197,24.7160583496094,0.015210361,0.006860733,15.36651978881106,23.0832458496094,0.015214176,0.028663635,10.406457847375313,22.0051208496094,0.014485569,0.17767334,4.288853034235807,0,0,0
2017-02-18 08:00:00,1079.6328,25.886651611328148,0.01480902,0.004835129,17.935534892086,25.519464111328148,0.014908202,0.028778076,12.40315090877396,23.183526611328148,0.014156707,0.14324951,4.476247355767401,0,0,0
2017-02-18 09:00:00,1180.2408,26.930444335937523,0.01476228,0.003162384,17.196706190325713,27.633569335937523,0.014571545,0.023780823,11.90886249865884,24.594506835937523,0.013686535,0.12719727,4.076341225762249,0,0,0
2017-02-18 10:00:00,1253.09,27.853295898437523,0.01476156,0.0020170212,15.735774913285397,29.564233398437523,0.014364831,0.02003479,10.311347303297882,26.056420898437523,0.0132013485,0.12780762,3.051511744767098,0,0,0
2017-02-18 11:00:00,1283.7524,28.665368652343773,0.01467346,0.0015087128,14.581021523187871,31.118493652343773,0.014280546,0.025382996,8.234015929411703,27.399743652343773,0.012804259,0.13427734,1.5945825960077689,0,0,0
2017-02-18 12:00:00,1252.9871999999998,29.305261230468773,0.0145092225,0.0014519691,13.992034684309983,32.10213623046877,0.014448187,0.044433594,5.992630056180206,28.383386230468773,0.012701056,0.13793945,0.4340707557338026,0,0,0
2017-02-18 13:00:00,1244.2779,29.719689941406276,0.014364372,0.0022830963,13.936486029583756,32.57906494140627,0.014360557,0.08682251,4.506655711032786,28.938439941406276,0.012910972,0.13897705,1.616713465999685,0,0,0
2017-02-18 14:00:00,1215.6077,29.855249023437523,0.014309536,0.0074043274,14.33013341507495,32.62087402343752,0.013905178,0.13214111,3.862768871245229,28.948999023437523,0.013287197,0.15338135,2.880528984960935,0,0,0
2017-02-18 15:00:00,1196.3538999999998,29.696984863281276,0.014334948,0.012893677,15.05026128294983,32.16573486328127,0.014010699,0.13757324,3.7210378786418055,28.384484863281276,0.013644488,0.18334961,3.8126474971068105,0,0,0
2017-02-18 16:00:00,1153.7496999999998,29.188989257812523,0.014482962,0.012550354,15.864031778600951,31.048364257812523,0.014444815,0.14385986,3.631182424733957,27.376489257812523,0.013967978,0.22247314,4.144810053358051,0,0,0
2017-02-18 17:00:00,1116.5468,28.238916015625023,0.014761301,0.010169983,16.260177232965848,29.660791015625023,0.015112253,0.1628418,3.2765111043279966,26.113916015625023,0.014276834,0.25439453,3.935842873774902,0,0,0
2017-02-18 18:00:00,1165.7371,26.986169433593773,0.015249491,0.008190155,16.53018612183953,27.533044433593773,0.01633668,0.16986084,2.035735569247508,24.814294433593773,0.014665842,0.27319336,3.1684972583264672,0,0,0
2017-02-18 19:00:00,1189.9441,26.072412109375023,0.015717851,0.0074806213,17.734950044022252,26.556787109375023,0.016053544,0.1716919,2.610319454111239,23.931787109375023,0.014989244,0.2770996,2.5993172024104614,0,0,0
2017-02-18 20:00:00,1162.2842,25.498254394531276,0.016022537,0.0066928864,17.67675757835375,25.701379394531276,0.015946243,0.14855957,3.692938995402861,23.357629394531276,0.0152214505,0.26489258,2.3165561302032645,0,0,0
2017-02-18 21:00:00,1122.6922,25.157556152343773,0.016136354,0.005990982,16.2846907352811,24.985681152343773,0.015983766,0.1144104,4.824068131663174,22.923181152343773,0.015392488,0.24389648,2.314182187217103,0,0,0
2017-02-18 22:00:00,1079.4918,24.898980712890648,0.016105687,0.0051193237,14.5458575457318,24.391168212890648,0.016006505,0.064971924,5.9405181762787125,22.586480712890648,0.015495336,0.22888184,2.384123724699942,0,0,0
2017-02-18 23:00:00,1029.4581,24.678002929687523,0.016030138,0.004125595,13.49558781047872,23.896752929687523,0.01600725,0.0345459,6.267218122500215,22.334252929687523,0.015549487,0.21020508,2.527523425641722,0,0,0
2017-02-19 00:00:00,975.1555,24.465203857421898,0.015909562,0.0032653809,13.080238457002263,23.418328857421898,0.015947709,0.023788452,5.851270684374991,22.121453857421898,0.015539535,0.20172119,2.738734351095588,0,0,0
2017-02-19 01:00:00,941.9362,24.292626953125023,0.015728747,0.004463196,13.496525126517664,22.894189453125023,0.015843188,0.021759033,5.438185244823777,21.956689453125023,0.015473163,0.19403076,3.016647990750273,0,0,0
2017-02-19 02:00:00,917.1772,24.154199218750023,0.015642809,0.006444931,13.344443753006283,22.513574218750023,0.015722917,0.020576477,5.416543985395812,21.818261718750023,0.015398668,0.18743896,3.2435158441073386,0,0,0
2017-02-19 03:00:00,900.4308,24.052850341796898,0.015626641,0.0064582825,12.996616116784422,22.201287841796898,0.015599937,0.019447327,5.490180596054644,21.701287841796898,0.0153062055,0.1807251,3.43096733805076,0,0,0
2017-02-19 04:00:00,881.3296,23.971337890625023,0.01556922,0.0060653687,12.942922288483487,21.955712890625023,0.015481482,0.018333435,5.783114432260621,21.565087890625023,0.015218268,0.17181396,3.607313713926524,0,0,0
2017-02-19 05:00:00,870.3896,23.914147949218773,0.015470585,0.0043640137,12.920069195588653,21.750085449218773,0.015382847,0.017784119,6.17359666206415,21.437585449218773,0.015142521,0.15527344,3.8445800703732247,0,0,0
2017-02-19 06:00:00,844.7424,23.971002197265648,0.015406402,0.0023441315,12.964317537198871,21.736627197265648,0.015345367,0.017745972,6.918844454981201,21.353814697265648,0.015082153,0.13452148,4.079559031947155,0,0,0
2017-02-19 07:00:00,839.8301,25.218652343750023,0.015161181,0.0011048317,17.90144650885439,23.171777343750023,0.01574483,0.017585754,10.40710036643778,21.882714843750023,0.015138293,0.11709595,4.472156558979672,0,0,0
2017-02-19 08:00:00,914.8122,26.389123535156276,0.014889786,0.0005400181,21.278839517945254,25.412561035156276,0.015698502,0.01776123,12.49006667694302,23.045373535156276,0.014931748,0.09436035,4.619158669692555,0,0,0
2017-02-19 09:00:00,950.0377,27.460473632812523,0.014954139,0.00021523237,21.47224947597698,27.749536132812523,0.015018988,0.014514923,13.12759701566748,24.616723632812523,0.014458228,0.086517334,4.599401474451568,0,0,0
2017-02-19 10:00:00,1017.6829,28.456323242187523,0.015002929,7.778406e-05,20.083260058932822,29.768823242187523,0.01454135,0.010734558,12.024548160050305,26.448510742187523,0.013988219,0.09957886,3.910273562566492,0,0,0
2017-02-19 11:00:00,1052.2824,29.272180175781276,0.014925695,2.6091933e-05,18.53422029051516,31.319055175781276,0.014391637,0.007881165,10.473710680436064,28.194055175781276,0.013560033,0.09701538,2.6176009067442894,0,0,0
2017-02-19 12:00:00,1069.2863,29.852807617187523,0.014768732,8.59797e-06,17.83472300501265,32.27468261718752,0.014429224,0.006532669,9.032658032540173,29.555932617187523,0.013269556,0.11834717,1.1265620211786742,0,0,0
2017-02-19 13:00:00,1092.2244,30.170922851562523,0.014600638,3.194809e-05,17.68372864324793,32.70217285156252,0.01432598,0.009685516,8.185114184161616,29.983422851562523,0.013799552,0.14489746,1.2078067147732023,0,0,0
2017-02-19 14:00:00,1096.9372,30.1769958496094,0.014486135,0.0003055334,17.863524754722896,32.7082458496094,0.014119924,0.017906189,7.687250704561117,29.6144958496094,0.014264883,0.17089844,1.9553712595749195,0,0,0
2017-02-19 15:00:00,1077.7094,29.8271423339844,0.014478549,0.00035762787,18.534602393924693,32.2490173339844,0.013883457,0.026184082,7.5151695954151005,28.8271423339844,0.0145777315,0.1928711,2.453308697279645,0,0,0
2017-02-19 16:00:00,1056.9841,29.074731445312523,0.014551148,0.00014740229,19.35521397095181,31.355981445312523,0.014032349,0.027397156,7.356529107385662,27.887231445312523,0.014711365,0.22827148,2.823882423730528,0,0,0
2017-02-19 17:00:00,1031.8045,27.924951171875023,0.014719197,5.8695674e-05,20.167827048637875,29.924951171875023,0.014761158,0.018920898,6.38760039069608,26.737451171875023,0.014520832,0.27026367,3.245699275867633,0,0,0
2017-02-19 18:00:00,1067.9254999999998,26.629937744140648,0.015032289,2.3514032e-05,20.27260457103996,27.301812744140648,0.015631197,0.012161255,4.414401464359998,25.333062744140648,0.014978883,0.29345703,2.909126580897449,0,0,0
2017-02-19 19:00:00,1121.1532,25.782617187500023,0.015345429,8.620322e-06,19.76409833839841,26.048242187500023,0.015616273,0.008506775,5.114227611138628,24.423242187500023,0.015307282,0.2989502,2.5023612410940124,0,0,0
2017-02-19 20:00:00,1126.8231,25.294732666015648,0.015547869,2.3636967e-06,17.691213256564907,25.154107666015648,0.015399096,0.005876541,6.360408617604529,23.849420166015648,0.015494463,0.26940918,2.1085623129288757,0,0,0
2017-02-19 21:00:00,1115.6877,24.888635253906276,0.015689092,7.67468e-08,15.217178846404384,24.333947753906276,0.015372471,0.003686905,6.553651426724667,23.412072753906276,0.015631871,0.22467041,1.9744786866178323,0,0,0
2017-02-19 22:00:00,1071.5681,24.507287597656276,0.01582634,0.0,13.22749596390404,23.640100097656276,0.015383836,0.002401352,6.2628523310612,23.061975097656276,0.015696641,0.18304443,2.1106590025164818,0,0,0
2017-02-19 23:00:00,1010.2224,24.179254150390648,0.015910085,0.0,11.944449632116172,23.069879150390648,0.015334067,0.0015950203,6.086580555624597,22.780816650390648,0.015688833,0.15045166,2.271408947309772,0,0,0
2017-02-20 00:00:00,965.0393,23.879724121093773,0.015932765,0.0,11.291572358322918,22.582849121093773,0.015284265,0.0012435913,5.752710711861217,22.535974121093773,0.01562759,0.13006592,2.3367536352800062,0,0,0
2017-02-20 01:00:00,926.1713,23.633081054687523,0.015917357,0.0,11.07862747064368,22.219018554687523,0.015242157,0.0014352798,5.50343695671049,22.320581054687523,0.015547332,0.097473145,2.4428364014282797,0,0,0
2017-02-20 02:00:00,894.9239,23.4357849121094,0.015886862,1.1544675e-05,11.042627372741189,21.9279724121094,0.015245994,0.0021038055,5.341509186580121,22.0842224121094,0.015448173,0.06314087,2.697292543977164,0,0,0
2017-02-20 03:00:00,867.9428,23.291467285156276,0.015841285,0.0010466576,11.03137359117646,21.666467285156276,0.015272895,0.0019478798,5.210768542431665,21.853967285156276,0.015330115,0.048171997,3.058555234469241,0,0,0
2017-02-20 04:00:00,864.1439,23.230432128906276,0.015780602,0.0032520294,10.83225164872244,21.425744628906276,0.015280875,0.0012512207,5.116063077202246,21.644494628906276,0.0152160255,0.038894653,3.284903261510869,0,0,0
2017-02-20 05:00:00,884.2076000000001,23.204064941406276,0.015727544,0.0030002594,10.217032897591588,21.180627441406276,0.015273596,0.0007162094,5.05422938916733,21.454064941406276,0.015082861,0.033798218,3.3873546301698982,0,0,0
2017-02-20 06:00:00,905.2924,23.330957031250023,0.015720315,0.0032777786,9.605495596495627,21.166894531250023,0.015270181,0.0009524822,5.113399820023992,21.284082031250023,0.014942117,0.031677246,3.382021428528164,0,0,0
2017-02-20 07:00:00,1013.4403,24.765527343750023,0.015690116,0.0019130707,13.01492542012463,23.460839843750023,0.015377312,0.0030260086,8.498355369781196,22.171777343750023,0.014869957,0.028671265,3.32653847717527,0,0,0
2017-02-20 08:00:00,1225.9822,26.116815185546898,0.015438231,0.0022802353,15.651368239192031,26.288690185546898,0.014969023,0.004140854,10.253020609074548,24.234002685546898,0.014469298,0.016525269,2.94344482783843,0,0,0
2017-02-20 09:00:00,1323.1368,27.249047851562523,0.015499233,0.00063180923,14.824176321579598,28.569360351562523,0.014354824,0.0034446716,9.236031649165657,26.374047851562523,0.013931393,0.009170532,2.0234627610916385,0,0,0
2017-02-20 10:00:00,1412.8043,28.240625000000023,0.01545362,0.00025308132,13.720787627631244,30.553125000000023,0.013733191,0.0023069382,7.475696952249669,28.303125000000023,0.013351722,0.013076782,0.91522282826348,0,0,0
2017-02-20 11:00:00,1449.7301,29.136041259765648,0.015224535,0.0004477501,13.22877040832266,32.16729125976565,0.013389666,0.0013599396,5.698173651981804,29.792291259765648,0.013065416,0.023460388,1.4950399407502384,0,0,0
2017-02-20 12:00:00,1456.187,29.848291015625023,0.014976276,0.00089740753,13.5426899183962,33.28579101562502,0.013435138,0.0008380413,4.390634913314544,30.551416015625023,0.013511432,0.058624268,2.849727979025956,0,0,0
2017-02-20 13:00:00,1491.0648,30.343347167968773,0.014762728,0.0018343925,14.565154184925886,33.87459716796877,0.013629762,0.00060129166,3.84697717427125,30.671472167968773,0.013858644,0.09118652,4.065058750417778,0,0,0
2017-02-20 14:00:00,1492.3659,30.505212402343773,0.014651806,0.0033330917,15.922618425587403,34.03646240234377,0.013522656,0.009086609,3.8317500299979015,30.005212402343773,0.014113934,0.12554932,5.0939198321716646,0,0,0
2017-02-20 15:00:00,1451.4917,30.302850341796898,0.014685724,0.0053653717,17.0808911818703,33.6466003417969,0.013362024,0.05996704,3.9395707707008953,29.287225341796898,0.01447973,0.13690186,5.453902158256146,0,0,0
2017-02-20 16:00:00,1382.5772,29.681848144531276,0.01487972,0.016571045,18.4148410652919,32.47872314453127,0.0134530235,0.06022644,3.880904472561324,28.213098144531276,0.0148263145,0.15454102,5.274345039095439,0,0,0
2017-02-20 17:00:00,1264.7262,28.547692871093773,0.01517667,0.027770996,19.5652020367106,30.969567871093773,0.014028446,0.06442261,3.6824275570209823,27.000817871093773,0.015073673,0.17944336,4.791606323304507,0,0,0
2017-02-20 18:00:00,1218.3816,27.193505859375023,0.0156491,0.030723572,20.508679803088864,28.287255859375023,0.01603057,0.07376099,2.516657768216938,25.724755859375023,0.015336296,0.2041626,4.045847862419234,0,0,0
2017-02-20 19:00:00,1269.8847,26.232263183593773,0.016129259,0.028564453,20.473965327351365,27.169763183593773,0.016007189,0.05870056,1.7869143780495285,24.826013183593773,0.015625719,0.22729492,3.365865667977556,0,0,0
2017-02-20 20:00:00,1250.9867000000002,25.748742675781276,0.016411178,0.026947021,18.246879498977226,26.311242675781276,0.015900008,0.029762268,1.619368487293099,24.225305175781276,0.015808456,0.23754883,2.778498187064705,0,0,0
2017-02-20 21:00:00,1194.6023,25.440484619140648,0.016555842,0.023796082,14.972761676595306,25.409234619140648,0.015716609,0.032058716,2.138082394815209,23.760797119140648,0.015922602,0.2244873,2.490151118782876,0,0,0
2017-02-20 22:00:00,1156.1982,25.135888671875023,0.016647121,0.019546509,12.249091364579357,24.753076171875023,0.015620966,0.036987305,2.890071620449697,23.370263671875023,0.015975734,0.2111206,2.3054337522460893,0,0,0
2017-02-20 23:00:00,1105.8232,24.836694335937523,0.016639253,0.016349792,10.96231519484604,24.141381835937523,0.015521547,0.031074524,3.734371608588941,23.016381835937523,0.015975496,0.1885376,2.3247344449884118,0,0,0
2017-02-21 00:00:00,1043.7363,24.563928222656276,0.016570427,0.014499664,10.728468135476543,23.556115722656276,0.015403128,0.021453857,4.41177565813388,22.727990722656276,0.015883781,0.17315674,2.5255798155687037,0,0,0
2017-02-21 01:00:00,994.6054,24.317956542968773,0.016463583,0.0140686035,10.940664539412806,22.997644042968773,0.015261955,0.012756348,4.872709675285442,22.497644042968773,0.015715903,0.15679932,2.7180999610152843,0,0,0
2017-02-21 02:00:00,967.7914,24.097131347656276,0.016334012,0.015647888,11.03526799583908,22.479943847656276,0.015143828,0.008491516,5.093459108623838,22.300256347656276,0.015506224,0.12762451,2.848746129326662,0,0,0
2017-02-21 03:00:00,939.8236,23.927514648437523,0.016189266,0.01927185,10.920800015834,22.021264648437523,0.015060116,0.005996704,5.274048597404852,22.099389648437523,0.015304256,0.09918213,2.924342198865633,0,0,0
2017-02-21 04:00:00,921.9879,23.788537597656276,0.016028982,0.020225525,10.442622443374704,21.624475097656276,0.01502953,0.0041122437,5.314168385339948,21.905725097656276,0.015109639,0.07598877,3.0355972688384925,0,0,0
2017-02-21 05:00:00,944.5127,23.699182128906276,0.01589077,0.018035889,9.657315970535535,21.261682128906276,0.015055352,0.0025148392,5.234257676361223,21.730432128906276,0.014937096,0.064697266,3.1381979967602613,0,0,0
2017-02-21 06:00:00,947.9251,23.743676757812523,0.015836107,0.016174316,8.677709133361331,21.165551757812523,0.015111313,0.0014457703,5.156613002137022,21.626489257812523,0.014790879,0.05833435,3.237676617138708,0,0,0
2017-02-21 07:00:00,1081.4714,25.028894042968773,0.01557564,0.017616272,11.45154930860374,23.388269042968773,0.015331499,0.0008113384,7.9290793187723745,22.372644042968773,0.014652483,0.04360962,3.565939830685329,0,0,0
2017-02-21 08:00:00,1230.6634,26.151696777343773,0.0153307775,0.016777039,12.527359316524471,26.370446777343773,0.014964567,0.00047373772,9.016671760919603,24.229821777343773,0.014071927,0.023216248,3.265800148679417,0,0,0
2017-02-21 09:00:00,1333.4658,27.172235107421898,0.0155058205,0.014320374,11.715569099543218,28.594110107421898,0.014308006,0.00030601025,7.333383079128889,26.375360107421898,0.013346702,0.017425537,2.165783636054534,0,0,0
2017-02-21 10:00:00,1411.4176,28.159753417968773,0.015467421,0.010597229,11.135776455773042,30.612878417968773,0.013540999,0.00020444393,4.992213805223389,28.394128417968773,0.012720839,0.03378296,0.5462360360436131,0,0,0
2017-02-21 11:00:00,1439.0316,29.041711425781276,0.015261228,0.011478424,11.02574771758966,32.30733642578127,0.012728269,0.00015282631,2.799539228401242,29.729211425781276,0.012507017,0.052841187,1.2885006932266734,0,0,0
2017-02-21 12:00:00,1441.9595,29.718194580078148,0.015009248,0.01876831,11.34066572142601,33.46819458007815,0.0127128,0.00015223026,1.7354500217445543,30.530694580078148,0.012815797,0.070495605,2.909457419239064,0,0,0
2017-02-21 13:00:00,1478.4525,30.167077636718773,0.014799339,0.022209167,12.06126245979348,34.12020263671877,0.012724143,0.0002220869,1.8335764431878223,30.542077636718773,0.013387901,0.11721802,4.223029201810386,0,0,0
2017-02-21 14:00:00,1481.0953,30.348046875000023,0.014604647,0.02494812,12.95865049965531,34.26992187500002,0.012857515,0.024208069,2.3651625207622686,30.098046875000023,0.013918001,0.15570068,5.140789599348815,0,0,0
2017-02-21 15:00:00,1444.8294,30.262536621093773,0.01442922,0.025749207,13.874333777026832,33.51253662109377,0.012960562,0.05343628,2.804707037982522,29.293786621093773,0.014417776,0.18084717,5.574606849937677,0,0,0
2017-02-21 16:00:00,1363.0462,29.820825195312523,0.014303531,0.02734375,14.971668709687531,32.64895019531252,0.013223971,0.06259155,2.991542926414673,28.242700195312523,0.01487955,0.2006836,5.558187559276116,0,0,0
2017-02-21 17:00:00,1265.0887,28.931298828125023,0.014326617,0.01902771,15.546947589340588,31.306298828125023,0.013937518,0.07723999,3.0592800028218883,26.978173828125023,0.015234515,0.22467041,5.10572761468949,0,0,0
2017-02-21 18:00:00,1249.0297,27.658715820312523,0.014559603,0.011493683,15.718262264503757,29.268090820312523,0.015940525,0.063964844,2.636711572255856,25.643090820312523,0.0155399805,0.25500488,4.223416608447566,0,0,0
2017-02-21 19:00:00,1290.879,26.589624023437523,0.014845941,0.0060138702,16.9786293161312,28.370874023437523,0.016093347,0.04408264,1.943688205828404,24.714624023437523,0.01580343,0.27331543,3.351541397988639,0,0,0
2017-02-21 20:00:00,1235.2092,25.821710205078148,0.015044583,0.0030870438,16.581243963200937,27.696710205078148,0.015941037,0.033706665,1.3428944751911338,24.118585205078148,0.015948666,0.28930664,2.624838175553964,0,0,0
2017-02-21 21:00:00,1203.6207,25.318933105468773,0.015208541,0.0015935898,14.692624230787004,27.100183105468773,0.016154587,0.026130676,1.0656587416377354,23.717370605468773,0.016002,0.2998047,2.1406057181499287,0,0,0
2017-02-21 22:00:00,1153.2026,24.922662353515648,0.015345989,0.0008583069,12.479064896836736,26.516412353515648,0.016025005,0.016471863,0.6873757015917705,23.407037353515648,0.016025005,0.3005371,1.6810190105940437,0,0,0
2017-02-21 23:00:00,1070.9707,24.5505310058594,0.015429655,0.0004593134,10.95105506308086,25.7614685058594,0.015925566,0.01638794,1.078891879461823,23.1442810058594,0.016024748,0.28149414,1.2999403013680355,0,0,0
2017-02-22 00:00:00,1009.5216,24.2092224121094,0.015433205,0.00024473667,10.074580885733829,25.0685974121094,0.015993966,0.017959595,1.682403000335358,22.8889099121094,0.015978707,0.26293945,1.1563185455005878,0,0,0
2017-02-22 01:00:00,956.482,23.919274902343773,0.015402135,0.00012624264,9.25750680616738,24.622399902343773,0.01591712,0.016067505,1.877415653523392,22.653649902343773,0.01593238,0.24145508,1.179431810269184,0,0,0
2017-02-22 02:00:00,891.6785,23.681817626953148,0.015348251,6.747246e-05,8.170044739319392,24.392755126953148,0.015817458,0.015041351,1.776598818767584,22.478692626953148,0.015855605,0.22772217,1.2445493276543909,0,0,0
2017-02-22 03:00:00,870.9412,23.508325195312523,0.015267746,4.6521425e-05,7.077040229181727,24.211450195312523,0.01571025,0.014781952,1.54835469999377,22.375512695312523,0.015778914,0.23602295,1.2068296571547472,0,0,0
2017-02-22 04:00:00,867.4696,23.380029296875023,0.015194794,5.531311e-05,6.147091675640244,23.989404296875023,0.015614411,0.018371582,1.5252208823347937,22.294091796875023,0.015740296,0.24603271,1.1855546989371286,0,0,0
2017-02-22 05:00:00,884.4143,23.320031738281276,0.015125397,0.00021058321,5.438185528917144,23.679406738281276,0.015564087,0.023658752,1.8208496165765955,22.241906738281276,0.015731934,0.25463867,1.1775737504884811,0,0,0
2017-02-22 06:00:00,898.51384,23.436944580078148,0.015143799,0.00058054924,4.913672206886839,23.483819580078148,0.015693115,0.032058716,2.0910475470666188,22.202569580078148,0.01576178,0.28198242,1.1444048742106512,0,0,0
2017-02-22 07:00:00,1044.29895,24.706018066406276,0.014952731,0.000998497,7.016249085940572,25.174768066406276,0.01560123,0.038757324,3.814526028969208,22.604455566406276,0.015761448,0.27819824,1.2194508679405909,0,0,0
2017-02-22 08:00:00,1214.462353,26.006860351562523,0.014559617,0.0018610954,8.800936237296241,27.038110351562523,0.015307298,0.06680298,3.091896375740701,23.631860351562523,0.015562883,0.2689209,1.4202848979420737,0,0,0
2017-02-22 09:00:00,1322.317589,26.997277832031276,0.014834198,0.0019845963,7.746203224689716,28.794152832031276,0.015196594,0.110076904,0.8559760650938315,24.856652832031276,0.015280518,0.30395508,2.1167751358304123,0,0,0
2017-02-22 10:00:00,1392.255591,27.913415527343773,0.014795567,0.001955986,6.443019478474359,30.585290527343773,0.015032078,0.1531372,2.0885743831313937,25.804040527343773,0.01513126,0.3215332,3.1878505199907314,0,0,0
2017-02-22 11:00:00,1432.80271,28.810845947265648,0.014310766,0.0016794205,5.25997950705826,31.795220947265648,0.014985967,0.1973877,4.629594434355718,26.326470947265648,0.015104223,0.31384277,4.126269308216645,0,0,0
2017-02-22 12:00:00,1445.579786,29.596795654296898,0.013723426,0.0012412071,3.770747506585777,31.956170654296898,0.015024237,0.22509766,6.980898891488898,26.503045654296898,0.0151730105,0.3095703,4.712473367873809,0,0,0
2017-02-22 13:00:00,1473.2955849999998,30.162255859375023,0.013398625,0.00095272064,2.6489242889540727,31.787255859375023,0.0152869,0.24188232,9.383871254371936,26.552880859375023,0.015233494,0.29492188,5.039926479348318,0,0,0
2017-02-22 14:00:00,1484.1336850000002,30.479150390625023,0.013329973,0.0016489029,2.7482670456260427,31.197900390625023,0.015569201,0.27368164,11.320255179882055,26.494775390625023,0.01526021,0.2861328,5.054656246507296,0,0,0
2017-02-22 15:00:00,1455.6259,30.540887451171898,0.013371801,0.0031461716,3.766568705598686,30.306512451171898,0.015866613,0.30322266,12.246631623205705,26.337762451171898,0.015237188,0.26379395,4.854855847639668,0,0,0
2017-02-22 16:00:00,1378.9457,30.323083496093773,0.0134482905,0.0029392242,5.239118208618874,29.229333496093773,0.016080432,0.31103516,11.995879190526676,26.026208496093773,0.015225939,0.23248291,4.577031700642917,0,0,0
2017-02-22 17:00:00,1241.9388,29.776147460937523,0.013570544,0.0015602112,6.754142634423355,28.026147460937523,0.016179796,0.3005371,10.76331373587634,25.432397460937523,0.015332934,0.19226074,4.173654734714467,0,0,0
2017-02-22 18:00:00,1229.7465,28.799493408203148,0.014131549,0.001139164,7.074784562028804,26.830743408203148,0.016431812,0.27026367,8.218811327339218,24.611993408203148,0.015661243,0.1375122,3.417699930835097,0,0,0
2017-02-22 19:00:00,1273.7686,27.9252868652344,0.014623756,0.00084614754,8.115768343218111,26.1752868652344,0.016752357,0.20654297,6.381830698281132,23.9409118652344,0.016164893,0.115753174,3.231467331563127,0,0,0
2017-02-22 20:00:00,1223.4328,27.115563964843773,0.015078173,0.0005235672,7.853473866581036,25.740563964843773,0.017058002,0.1272583,4.862090150873737,23.615563964843773,0.016211139,0.11727905,3.264369626202397,0,0,0
2017-02-22 21:00:00,1184.5481,26.444909667968773,0.015357054,0.00028073788,6.466573863330352,25.413659667968773,0.01718048,0.060409546,4.113146782657832,23.382409667968773,0.016112365,0.11071777,3.2398029458204065,0,0,0
2017-02-22 22:00:00,1125.3175,25.946130371093773,0.015437341,0.00014328957,5.0298621382884825,25.133630371093773,0.017218806,0.038345337,3.639079885412596,23.118005371093773,0.016066767,0.08831787,3.157702837157764,0,0,0
2017-02-22 23:00:00,1065.5903,25.5532165527344,0.015555894,7.393956e-05,3.953559083287972,24.9204040527344,0.017203843,0.041671753,3.459231862153989,22.8266540527344,0.016044175,0.0730896,3.0954616458705977,0,0,0
2017-02-23 00:00:00,1009.607,25.172448730468773,0.015701082,3.85195e-05,3.376950425190506,24.711511230468773,0.017188814,0.05331421,3.35829434068507,22.524011230468773,0.016044404,0.079559326,3.0419528112419423,0,0,0
2017-02-23 01:00:00,939.3523,24.834436035156276,0.015700936,2.11671e-05,3.381723116282434,24.498498535156276,0.017181039,0.06729126,3.264165637266341,22.279748535156276,0.016051888,0.10067749,2.9129788082935204,0,0,0
2017-02-23 02:00:00,927.0003,24.494409179687523,0.015769789,1.4685094e-05,3.5456139158562823,24.330346679687523,0.017181227,0.070373535,3.157372566243048,22.158471679687523,0.016052077,0.11691284,2.8616418176755944,0,0,0
2017-02-23 03:00:00,908.31,24.179742431640648,0.015770271,1.5355647e-05,3.9941646736745455,24.156304931640648,0.01716645,0.07171631,3.0488040392826643,22.046929931640648,0.016060188,0.13360596,2.887485672556023,0,0,0
2017-02-23 04:00:00,893.5127,23.935021972656276,0.015724843,2.0332634e-05,4.502623079641528,23.989709472656276,0.017121023,0.062561035,3.0154563848762903,21.958459472656276,0.016075796,0.16357422,2.9847244745120483,0,0,0
2017-02-23 05:00:00,910.5792,23.703454589843773,0.015694562,3.1977892e-05,5.17431151744514,23.851892089843773,0.017044965,0.053970337,3.070040541390496,21.922204589843773,0.016068403,0.18151855,3.0839391336631725,0,0,0
2017-02-23 06:00:00,936.184407,23.656549072265648,0.01576353,4.6893954e-05,6.244456153321667,23.945611572265648,0.017052898,0.04966736,3.1829278894106654,21.937799072265648,0.016083965,0.18670654,3.118656994917856,0,0,0
2017-02-23 07:00:00,1047.6552269999995,24.671716308593773,0.015664935,0.0001308322,10.21626530948464,25.945153808593773,0.017015338,0.06604004,5.887446525962622,22.952966308593773,0.016153216,0.2020874,3.4668132550779407,0,0,0
2017-02-23 08:00:00,1202.105947,26.002038574218773,0.015360089,0.00053215027,11.14180048365515,27.627038574218773,0.016687604,0.122924805,7.202572744386799,24.759851074218773,0.015955182,0.2333374,3.742487462391617,0,0,0
2017-02-23 09:00:00,1320.180529,27.394464111328148,0.015433192,0.005279541,10.126945613847262,29.066339111328148,0.01653564,0.1605835,8.269513028809047,26.425714111328148,0.0154675245,0.2640381,4.033761084286899,0,0,0
2017-02-23 10:00:00,1393.916232,28.336572265625023,0.015575132,0.020751953,9.513361150232647,30.320947265625023,0.016330441,0.19396973,9.622160939214057,27.617822265625023,0.015178404,0.28979492,4.613824198376062,0,0,0
2017-02-23 11:00:00,1435.583385,28.986962890625023,0.015644267,0.037719727,8.966822621668548,31.127587890625023,0.016048625,0.24835205,10.854956610130348,28.158837890625023,0.015117839,0.296875,5.203923080685138,0,0,0
2017-02-23 12:00:00,1421.239438,29.520227050781276,0.0155795505,0.039993286,8.402723987866064,31.613977050781276,0.015827507,0.2833252,12.058626548789215,28.363977050781276,0.015152304,0.32128906,5.685076522110839,0,0,0
2017-02-23 13:00:00,1443.5346679999998,29.8654724121094,0.015358044,0.051956177,7.893910270024374,30.8810974121094,0.01584251,0.28320312,13.289836286996024,28.1310974121094,0.015194012,0.35083008,6.112241400180627,0,0,0
2017-02-23 14:00:00,1471.075077,29.9504333496094,0.015143655,0.05656433,7.3147488935945555,30.1066833496094,0.01601722,0.29492188,13.859775384841624,27.5129333496094,0.015273355,0.37268066,6.371172916334479,0,0,0
2017-02-23 15:00:00,1441.3118,29.823083496093773,0.01492235,0.054382324,6.702376095210957,29.338708496093773,0.01609346,0.2886963,13.57239530243669,26.823083496093773,0.0153534105,0.36914062,6.389249713530962,0,0,0
2017-02-23 16:00:00,1357.9565,29.576837158203148,0.014617506,0.047058105,5.897450196758103,28.561212158203148,0.016131941,0.24468994,12.74520108734405,26.123712158203148,0.0154605545,0.3408203,6.132554109803515,0,0,0
2017-02-23 17:00:00,1221.4519,29.113671875000023,0.014315935,0.03730774,5.113055068944743,27.566796875000023,0.016230913,0.18914795,11.25578501162968,25.301171875000023,0.015624376,0.33007812,5.533300308144305,0,0,0
2017-02-23 18:00:00,1234.5096,28.375512695312523,0.014381014,0.025604248,4.633047402201772,26.406762695312523,0.016589724,0.15826416,8.232087237415785,24.438012695312523,0.015864931,0.3187256,4.5757532406445165,0,0,0
2017-02-23 19:00:00,1280.9575,27.738061523437523,0.014389223,0.01802063,4.050040054123223,25.831811523437523,0.016948886,0.14227295,6.493610622169573,23.855249023437523,0.016124912,0.26879883,3.883454401696688,0,0,0
2017-02-23 20:00:00,1241.7939,27.158502197265648,0.014676025,0.013000488,3.134701171212384,25.416314697265648,0.017216614,0.118896484,5.126862588486325,23.439752197265648,0.016339233,0.19604492,3.513618103939068,0,0,0
2017-02-23 21:00:00,1189.7564,26.456658935546898,0.015554017,0.009578705,2.669311932403998,25.073846435546898,0.0173927,0.10131836,4.296259530672585,23.151971435546898,0.016439026,0.13134766,3.335122884233629,0,0,0
2017-02-23 22:00:00,1143.4554,25.908898925781276,0.015882492,0.0070610046,2.070408674201526,24.822961425781276,0.017469406,0.10482788,3.771436183785522,22.908898925781276,0.016462326,0.10787964,3.183690583985527,0,0,0
2017-02-23 23:00:00,1090.1846,25.503076171875023,0.015951194,0.005241394,1.3840626228558126,24.690576171875023,0.01751522,0.115112305,3.573480200335172,22.682763671875023,0.016408958,0.10006714,3.1365043777807435,0,0,0
2017-02-24 00:00:00,1034.8372000000002,25.203240966796898,0.015653264,0.0039863586,1.2524074059940866,24.515740966796898,0.017522465,0.10858154,3.3585012376586216,22.515740966796898,0.016309392,0.10223389,3.2867007992025066,0,0,0
2017-02-24 01:00:00,996.2441,24.8786560058594,0.015691217,0.003148079,1.689819953740327,24.3161560058594,0.017468866,0.10531616,3.1020642176018427,22.3317810058594,0.016240533,0.12121582,3.4122748206325397,0,0,0
2017-02-24 02:00:00,961.9076,24.531182861328148,0.015888674,0.0025587082,2.60967720337587,24.163995361328148,0.017384036,0.11685181,2.9776949432896864,22.195245361328148,0.016170962,0.14855957,3.4208766661922296,0,0,0
2017-02-24 03:00:00,932.1942,24.237390136718773,0.015956726,0.0021076202,3.839900468192026,24.073327636718773,0.017307129,0.12756348,2.940514018997844,22.167077636718773,0.016116943,0.18035889,3.31031390479357,0,0,0
2017-02-24 04:00:00,916.1922,24.021508789062523,0.015987448,0.0019454956,4.87966992817554,23.982446289062523,0.01723867,0.12567139,2.9930127408731173,22.177758789062523,0.01609426,0.2062378,3.2061274856450077,0,0,0
2017-02-24 05:00:00,935.9186,23.869073486328148,0.016011031,0.0019345284,5.6060476923644655,23.908135986328148,0.01716307,0.11013794,3.0555352434196035,22.173760986328148,0.016094955,0.23620605,3.213577170070267,0,0,0
2017-02-24 06:00:00,953.4197,23.897637939453148,0.016073195,0.0017838478,6.179280012466918,24.014825439453148,0.017179457,0.09567261,3.0174038177811977,22.155450439453148,0.016111342,0.2593994,3.3417389899122627,0,0,0
2017-02-24 07:00:00,1052.0774,24.970788574218773,0.015968615,0.0013542175,9.209327149307311,25.822351074218773,0.017227465,0.09692383,5.434586011180157,22.619226074218773,0.01629668,0.27954102,3.4691688903268774,0,0,0
2017-02-24 08:00:00,1199.7888,26.184960937500023,0.01583182,0.0010304451,9.872472813429486,27.403710937500023,0.016861789,0.12289429,6.529756719546853,23.388085937500023,0.016503207,0.28100586,3.2622186999889533,0,0,0
2017-02-24 09:00:00,1294.9171,27.487939453125023,0.015878195,0.00086236,8.627446181008676,28.792626953125023,0.016519064,0.13531494,7.303122649480126,24.409814453125023,0.016488547,0.27368164,3.421462937719155,0,0,0
2017-02-24 10:00:00,1368.1762,28.672204589843773,0.015562119,0.0009407997,7.682740285276838,30.062829589843773,0.016191544,0.14233398,8.554413991239874,25.914392089843773,0.01599318,0.2849121,3.9966572240654825,0,0,0
2017-02-24 11:00:00,1417.7731,29.648339843750023,0.015131237,0.0010538101,7.204087384657156,30.960839843750023,0.016054394,0.17193604,10.023770998537822,27.070214843750023,0.015623333,0.29003906,4.8520888598639775,0,0,0
2017-02-24 12:00:00,1406.4303,30.384149169921898,0.014833058,0.0012259483,7.058291165865072,31.431024169921898,0.016000355,0.20385742,11.541352996052597,27.446649169921898,0.015538777,0.28466797,5.577829900036195,0,0,0
2017-02-24 13:00:00,1421.4993000000002,30.812463378906276,0.014671589,0.0014090538,6.877917796250192,31.515588378906276,0.015930438,0.21569824,12.781858140425932,27.312463378906276,0.015602375,0.25756836,6.073508524595964,0,0,0
2017-02-24 14:00:00,1425.5907,31.023950195312523,0.014517912,0.0017156601,6.450254825614928,31.008325195312523,0.01593698,0.22723389,13.496303510037798,27.102075195312523,0.015639434,0.2234497,6.376688655025036,0,0,0
2017-02-24 15:00:00,1377.0116,31.022668457031276,0.0143415565,0.002008438,5.856285503853866,30.007043457031276,0.016081057,0.22766113,13.624981011893665,26.741418457031276,0.0156767,0.18536377,6.475346076583354,0,0,0
2017-02-24 16:00:00,1311.9405,30.7565856933594,0.014134875,0.0020217896,4.819762887148088,28.9128356933594,0.016194811,0.20806885,12.783280467919194,26.2565856933594,0.015744677,0.17144775,6.212792268014675,0,0,0
2017-02-24 17:00:00,1210.33,30.197167968750023,0.0140350545,0.0016288757,3.640270114350325,27.806542968750023,0.01625521,0.18688965,11.308991876897274,25.494042968750023,0.015835593,0.1461792,5.638965238650396,0,0,0
2017-02-24 18:00:00,1203.0236,29.345513916015648,0.014408476,0.0010604858,3.1280509276866275,26.642388916015648,0.016537078,0.14318848,8.346660169938133,24.454888916015648,0.016064055,0.10650635,4.6794634416083305,0,0,0
2017-02-24 19:00:00,1256.0724,28.413507080078148,0.014984619,0.00057435036,2.6962460170074456,25.976007080078148,0.016979706,0.0887146,6.002770890331932,23.749444580078148,0.016262542,0.124053955,3.9131247560933295,0,0,0
2017-02-24 20:00:00,1231.9608,27.503961181640648,0.015683409,0.00031876564,2.280742667234376,25.410211181640648,0.017285582,0.059188843,4.639148269122559,23.441461181640648,0.016347166,0.16571045,3.5437065121843374,0,0,0
2017-02-24 21:00:00,1179.9607999999998,26.708428955078148,0.016286932,0.00021845102,2.057150440116939,25.052178955078148,0.017377935,0.041870117,4.293034829628206,23.239678955078148,0.016370855,0.18621826,3.3945208395917934,0,0,0
2017-02-24 22:00:00,1141.948,26.079644775390648,0.01689794,0.00018638372,2.0926274242365435,24.704644775390648,0.01738622,0.03742981,4.181186774763713,23.079644775390648,0.016340993,0.18237305,3.24046858260139,0,0,0
2017-02-24 23:00:00,1079.456,25.6618591308594,0.016898846,0.0001975298,2.1642535932981897,24.5368591308594,0.017318463,0.039978027,4.224029289555872,22.9274841308594,0.016288495,0.18109131,3.1644310088138825,0,0,0
2017-02-25 00:00:00,1015.0068,25.336755371093773,0.016716339,0.00021910667,1.638247182598279,24.422692871093773,0.017242767,0.038909912,4.135694830288928,22.758630371093773,0.016228057,0.19250488,3.2036762146596303,3,1,0
2017-02-25 01:00:00,970.9482,25.013757324218773,0.016671427,0.00029587746,0.9822894100730976,24.240319824218773,0.017152078,0.036499023,4.039550078899295,22.599694824218773,0.016152628,0.18847656,3.164537317888638,3,1,0
2017-02-25 02:00:00,944.6846,24.710900878906276,0.016680174,0.00059103966,1.185263694866714,24.054650878906276,0.017054014,0.03492737,3.882866962135336,22.421838378906276,0.016062193,0.18798828,3.051639707089614,3,1,0
2017-02-25 03:00:00,917.8146,24.455895996093773,0.016620148,0.0010175705,2.247315846622497,23.924645996093773,0.01696347,0.030151367,3.609158715047263,22.244958496093773,0.01596402,0.18182373,2.852691132730809,3,1,0
2017-02-25 04:00:00,897.2657,24.257409667968773,0.016543608,0.0016188622,3.305392653532204,23.780847167968773,0.016871672,0.026626587,3.4628437794261595,22.085534667968773,0.015902739,0.16259766,2.673606953693367,3,1,0
2017-02-25 05:00:00,903.2883,24.1079040527344,0.01648206,0.0019721985,4.1926754025257935,23.7016540527344,0.016810125,0.023788452,3.434070953433718,21.9360290527344,0.015848821,0.14331055,2.533882908019377,3,1,0
2017-02-25 06:00:00,881.247656,24.151239013671898,0.01647418,0.0017971992,5.1056546894937584,23.877801513671898,0.01684802,0.021812439,3.182643197097617,21.815301513671898,0.015734129,0.13146973,2.423125722519494,3,1,0
2017-02-25 07:00:00,905.650762,25.308709716796898,0.016252697,0.0023355484,8.352304129292017,26.136834716796898,0.016916454,0.023239136,4.354985701387497,22.707147216796898,0.015665233,0.11984253,2.1716326626389018,3,1,0
2017-02-25 08:00:00,1023.233678,26.572900390625023,0.01602256,0.0043792725,9.036530590695588,27.963525390625023,0.016533729,0.043426514,4.374371238213078,24.635400390625023,0.015431281,0.10620117,1.878479894535037,3,1,0
2017-02-25 09:00:00,1094.652488,27.8395935058594,0.015823185,0.003156662,8.026365516923265,29.6833435058594,0.015914738,0.057891846,3.9523650851016,26.7770935058594,0.015044987,0.11810303,1.947299062428405,3,1,0
2017-02-25 10:00:00,1178.116466,29.083032226562523,0.015151154,0.0015702248,7.318662001474128,31.239282226562523,0.015307557,0.08685303,4.623553304456344,28.708032226562523,0.014723908,0.16174316,2.763246026433422,3,1,0
2017-02-25 11:00:00,1191.946762,30.147515869140648,0.014536698,0.00061273575,6.667788306612203,32.17876586914065,0.015078385,0.12866211,5.87933783909451,30.116265869140648,0.014563401,0.20715332,4.138835695993079,3,1,0
2017-02-25 12:00:00,1196.457617,30.983728027343773,0.014173726,0.0003168583,6.037697773412989,32.73372802734377,0.0150701795,0.16680908,7.3638644963384925,30.546228027343773,0.014703969,0.25317383,5.422868941169479,3,1,0
2017-02-25 13:00:00,1172.7186150000002,31.520318603515648,0.014001527,0.00033986568,5.467558446501123,32.97344360351565,0.015107789,0.20080566,8.796076888473047,30.067193603515648,0.015096345,0.28259277,6.291493094704768,3,1,0
2017-02-25 14:00:00,1147.035789,31.750665283203148,0.013959228,0.00031483173,5.3933872741875,32.56316528320315,0.015191375,0.2241211,9.953864998369314,29.078790283203148,0.015534698,0.33337402,6.618329570266139,3,1,0
2017-02-25 15:00:00,1128.1222,31.679040527343773,0.013985223,0.000279665,6.035885840305237,31.429040527343773,0.015453882,0.23205566,10.755029511351378,27.944665527343773,0.015888756,0.3491211,6.590459864407433,3,1,0
2017-02-25 16:00:00,1102.6998999999998,31.330346679687523,0.014022917,0.000349164,7.543408984272555,30.299096679687523,0.015773863,0.24047852,10.66972553103944,26.939721679687523,0.016117185,0.37646484,6.398364096419613,3,1,0
2017-02-25 17:00:00,1073.0861,30.622949218750023,0.014125874,0.00036501884,9.19178930934546,28.966699218750023,0.016109517,0.25024414,9.783926265323304,25.966699218750023,0.016292622,0.36987305,6.147777769957943,3,1,0
2017-02-25 18:00:00,1116.0220000000002,29.459191894531276,0.0146754235,0.00020444393,9.427703166220097,27.552941894531276,0.016651437,0.25830078,7.963469556769322,25.021691894531276,0.016514108,0.33044434,5.8009546316418215,3,1,0
2017-02-25 19:00:00,1150.0904,28.388635253906276,0.015358136,0.00010201335,10.211924841383452,26.779260253906276,0.017124342,0.258667,6.938220878469859,24.419885253906276,0.016735243,0.29125977,5.546463638740817,3,1,0
2017-02-25 20:00:00,1117.6328,27.482690429687523,0.015880836,4.6744943e-05,11.031543331406766,26.310815429687523,0.017498268,0.2734375,5.68843959215454,24.029565429687523,0.016948951,0.22497559,5.272381534900576,3,1,0
2017-02-25 21:00:00,1054.1572,26.748376464843773,0.016277907,2.3134053e-05,11.269624241384102,26.014001464843773,0.01775038,0.29699707,4.868582789006785,23.678063964843773,0.0171324,0.13372803,5.041923209144663,3,1,0
2017-02-25 22:00:00,981.2784,26.157312011718773,0.016583579,1.0650605e-05,10.369120045244694,25.790124511718773,0.017895835,0.3302002,4.121113899073225,23.469812011718773,0.017521994,0.09765625,5.013310218074618,3,1,0
2017-02-25 23:00:00,956.0673,25.666589355468773,0.016752183,4.8521906e-06,8.955084646773798,25.572839355468773,0.017995775,0.38232422,3.5955041707459894,23.205651855468773,0.017339647,0.104888916,5.408128914205091,3,1,0
2017-02-26 00:00:00,940.2076,25.2570739746094,0.016813882,4.339963e-06,8.146295236693428,25.4758239746094,0.018026955,0.42834473,3.634290415729968,22.9601989746094,0.017286904,0.13580322,5.664082125504793,4,1,0
2017-02-26 01:00:00,909.7011,24.895074462890648,0.016898654,1.835078e-05,7.775345763340815,25.371636962890648,0.018020175,0.4227295,3.13595375775284,22.840386962890648,0.017257236,0.14337158,5.555019026894522,4,1,0
2017-02-26 02:00:00,863.339,24.617120361328148,0.016930116,7.304549e-05,8.162702483722445,25.273370361328148,0.017990602,0.39794922,2.289767714051125,22.820245361328148,0.017220033,0.1453247,5.223906746708178,4,1,0
2017-02-26 03:00:00,849.8833,24.428277587890648,0.016945906,0.0012865067,8.807990633801047,25.147027587890648,0.01791484,0.41833496,1.3897958499573104,22.740777587890648,0.017159529,0.14910889,4.652551148065303,4,1,0
2017-02-26 04:00:00,845.9051000000001,24.415795898437523,0.016839575,0.008693695,9.413432405651072,25.048608398437523,0.017861914,0.39782715,0.7823276548747057,22.587670898437523,0.017091345,0.15686035,4.170197972325469,4,1,0
2017-02-26 05:00:00,839.1871,24.427514648437523,0.016756026,0.010528564,9.520241421275006,24.982202148437523,0.01784703,0.34313965,0.20227246584546,22.443139648437523,0.016984908,0.1795044,3.7878648789907614,4,1,0
2017-02-26 06:00:00,791.9422000000001,24.5947204589844,0.016778465,0.009895325,9.83525358772033,24.9150329589844,0.017747398,0.25073242,0.5930575006583619,22.4228454589844,0.016892906,0.2163086,3.233185630715062,4,1,0
2017-02-26 07:00:00,809.5149,25.665856933593773,0.016640471,0.009727478,13.512733557673798,25.704919433593773,0.017304229,0.17858887,2.0420435824829264,22.751794433593773,0.01689987,0.25671387,3.0399497008554404,4,1,0
2017-02-26 08:00:00,848.1613,26.7477966308594,0.01641089,0.012004852,14.26051432555452,26.9899841308594,0.016723694,0.15161133,2.1818321456787446,23.3102966308594,0.016967835,0.2906494,3.014090293174734,4,1,0
2017-02-26 09:00:00,879.9684,27.841760253906276,0.016311178,0.010662079,13.718344453626312,28.669885253906276,0.016112814,0.16345215,1.5275367868492111,23.919885253906276,0.016623983,0.3154297,2.8965640595600943,4,1,0
2017-02-26 10:00:00,923.3663,29.012139892578148,0.015868435,0.009105682,14.397526147059898,30.277764892578148,0.015364894,0.14923096,1.6074178339187797,24.652764892578148,0.01605917,0.3326416,2.944757388796687,4,1,0
2017-02-26 11:00:00,993.7014,30.086022949218773,0.015234474,0.006307602,15.64061380025823,31.820397949218773,0.014635567,0.11416626,2.114362755406507,25.375085449218773,0.01566935,0.32373047,3.0314569760477856,4,1,0
2017-02-26 12:00:00,991.0433,30.872888183593773,0.014677153,0.0037641525,16.832367534062396,33.09163818359377,0.013898955,0.08416748,2.7560479226285146,26.216638183593773,0.015230284,0.3244629,3.164929690732621,4,1,0
2017-02-26 13:00:00,980.8115,31.365441894531276,0.014299118,0.002281189,17.970295925346676,33.92794189453127,0.013288223,0.066467285,3.3768201497572776,27.084191894531276,0.014745438,0.32128906,3.5318817856317914,4,1,0
2017-02-26 14:00:00,977.9135,31.484246826171898,0.01414988,0.0016355515,19.0869785919621,34.2811218261719,0.012879586,0.061309814,3.91503735491591,27.515496826171898,0.014512276,0.27404785,3.708207023841177,4,1,0
2017-02-26 15:00:00,967.1731,31.236169433593773,0.014225839,0.0015530586,20.075654502071,34.15804443359377,0.012661813,0.051132202,4.183989977625847,27.579919433593773,0.014393685,0.2241211,3.4586094451127667,4,1,0
2017-02-26 16:00:00,941.7619,30.517297363281276,0.014557633,0.0014619827,21.22434844509827,33.42354736328127,0.012532028,0.04751587,4.250681402894837,27.298547363281276,0.014302048,0.15661621,2.929447006730713,4,1,0
2017-02-26 17:00:00,922.9514,29.217706298828148,0.015202403,0.0010743141,22.160933974652476,31.811456298828148,0.013230205,0.033935547,3.5475940019278767,26.623956298828148,0.014325023,0.09585571,2.346826167303364,4,1,0
2017-02-26 18:00:00,989.5234,27.625634765625023,0.016018758,0.0010938644,22.279952175013715,29.078759765625023,0.015583883,0.015640259,2.611464754352099,25.453759765625023,0.014660726,0.04736328,1.8288162685128748,4,1,0
2017-02-26 19:00:00,1059.4791,26.587976074218773,0.0166447,0.0022773743,22.039867829135936,27.509851074218773,0.01554988,0.005947113,2.028205623111617,24.416101074218773,0.014683944,0.03049469,1.2919062371761358,4,1,0
2017-02-26 20:00:00,1035.9689,26.0939880371094,0.016888866,0.009624481,21.064804749759915,26.4689880371094,0.0154698,0.0041389465,1.5724257958375087,23.6799255371094,0.01483656,0.024429321,0.3451829468749552,4,1,0
2017-02-26 21:00:00,1029.8443,25.9289489746094,0.016865978,0.020843506,20.6191475183812,25.6945739746094,0.015374431,0.006795883,1.9305867509890569,23.0930114746094,0.015061626,0.03187561,0.8430012241503968,4,1,0
2017-02-26 22:00:00,1004.1563,25.7934509277344,0.01691937,0.028297424,20.39920859204201,25.0200134277344,0.015195128,0.008670807,2.5919837913006387,22.6762634277344,0.015065428,0.032791138,1.6406738034210289,4,1,0
2017-02-26 23:00:00,965.5728,25.668115234375023,0.017003413,0.037719727,20.062909536014285,24.363427734375023,0.015168543,0.009971619,3.1112154044729503,22.308740234375023,0.0148595525,0.029441833,2.263327798045398,4,1,0
2017-02-27 00:00:00,914.4019,25.511895751953148,0.017080134,0.05467224,19.13618533491885,23.754083251953148,0.015123195,0.012760162,3.647617442990218,21.933770751953148,0.01462347,0.02986145,2.8577966154646712,5,1,0
2017-02-27 01:00:00,876.4844,25.323846435546898,0.01711908,0.07510376,18.764807092786544,23.222283935546898,0.015127808,0.01386261,4.201937262751708,21.605096435546898,0.014418274,0.03224182,3.343640779511841,5,1,0
2017-02-27 02:00:00,852.1812,25.162774658203148,0.017066915,0.07595825,19.140922255344865,22.764337158203148,0.015174824,0.021125793,4.722389044763265,21.303399658203148,0.01434322,0.03866577,3.689745580694738,5,1,0
2017-02-27 03:00:00,819.7903,25.047479248046898,0.01692312,0.05014038,19.6423307871658,22.422479248046898,0.015229395,0.033050537,5.156272039192957,21.086541748046898,0.014352014,0.0552063,3.931318280668671,5,1,0
2017-02-27 04:00:00,805.7515999999999,24.946313476562523,0.016557654,0.021347046,20.1708248313608,22.149438476562523,0.0152949905,0.03994751,5.346795525286262,20.977563476562523,0.014364204,0.0664978,4.122353651642642,5,1,0
2017-02-27 05:00:00,801.5207,24.807550048828148,0.016031874,0.0039958954,20.40812651390659,21.987237548828148,0.015379561,0.044143677,5.471203195582178,20.924737548828148,0.0144297015,0.073516846,4.2451093628615775,5,1,0
2017-02-27 06:00:00,792.481,24.757501220703148,0.015650421,0.0012888908,20.921116622387512,22.187188720703148,0.015501648,0.048721313,5.873557854444513,20.952813720703148,0.014525086,0.080200195,4.331880954512132,5,1,0
2017-02-27 07:00:00,813.2932,25.724633789062523,0.015265148,0.001847744,25.94607944750592,24.654321289062523,0.015726727,0.051345825,10.531245841639572,21.990258789062523,0.0146433525,0.08157349,4.788019087416384,5,1,0
2017-02-27 08:00:00,877.2317,26.905969238281276,0.0149755655,0.0025320053,29.559865042619705,27.273156738281276,0.01561262,0.047332764,14.15847687239667,23.999719238281276,0.014426249,0.07461548,5.066492718713856,5,1,0
2017-02-27 09:00:00,922.9183,28.043298339843773,0.014925784,0.0024309158,30.43622410538089,29.449548339843773,0.015082187,0.043136597,15.186883939328078,26.121423339843773,0.01378519,0.07885742,5.069020154270631,5,1,0
2017-02-27 10:00:00,970.6799,29.069482421875023,0.014905691,0.002699852,30.757866990998217,31.288232421875023,0.01435256,0.034194946,15.458229909929605,27.850732421875023,0.013227224,0.08459473,4.735591896709704,5,1,0
2017-02-27 11:00:00,995.2608,29.889459228515648,0.014893167,0.0028867722,30.456912664495963,32.76445922851565,0.013722055,0.026046753,15.290856804602145,29.217584228515648,0.012951486,0.093170166,4.128923083427133,5,1,0
2017-02-27 12:00:00,1003.9854,30.371514892578148,0.01492275,0.003376007,29.876022022594164,33.71526489257815,0.013335836,0.017700195,15.050167663248626,30.059014892578148,0.013270986,0.08792114,3.158628145682127,5,1,0
2017-02-27 13:00:00,1018.6012,30.526727294921898,0.014979187,0.0039310455,29.461570137897173,34.1361022949219,0.012980286,0.011806488,15.060335958312688,30.401727294921898,0.0137432255,0.08255005,2.4302450755830427,5,1,0
2017-02-27 14:00:00,1021.5118,30.3764587402344,0.014989959,0.0046424866,29.337148943029018,34.0327087402344,0.012777435,0.007892609,15.311757316172924,30.3608337402344,0.013654815,0.06906128,2.401723782069575,5,1,0
2017-02-27 15:00:00,1009.5256,29.954705810546898,0.014852072,0.004961014,29.48935085695926,33.3453308105469,0.012761618,0.004491806,15.661607867602074,29.907830810546898,0.013413931,0.065582275,2.8682485703204,5,1,0
2017-02-27 16:00:00,1002.3674,29.178247070312523,0.014748764,0.0052108765,29.78088074846506,31.975122070312523,0.012959671,0.003066063,16.03939477515963,28.959497070312523,0.013302994,0.04701233,3.8440688805774887,5,1,0
2017-02-27 17:00:00,956.0204,27.975610351562523,0.014832726,0.0071926117,29.578323530930398,29.944360351562523,0.013314476,0.003783226,16.048895510879888,27.538110351562523,0.013489952,0.03300476,4.902173179303523,5,1,0
2017-02-27 18:00:00,972.4196,26.865991210937523,0.0150236385,0.020195007,28.168358180552357,27.522241210937523,0.013932635,0.0060424805,13.90945424263227,25.740991210937523,0.013951709,0.027877808,5.730094528616851,5,1,0
2017-02-27 19:00:00,1069.0748,26.377862548828148,0.01527066,0.027870178,26.793306750401182,26.049737548828148,0.014587829,0.007331848,13.031918752511862,24.377862548828148,0.014286468,0.039718628,6.3709951679173695,5,1,0
2017-02-27 20:00:00,1045.0244,26.211999511718773,0.015449477,0.037002563,25.85164112068734,25.243249511718773,0.01515956,0.008529663,12.868645057046528,23.626062011718773,0.01472087,0.05267334,6.297577392175265,5,1,0
2017-02-27 21:00:00,1026.5781,26.087457275390648,0.015666943,0.039535522,24.98615704391618,24.774957275390648,0.015315991,0.012783051,12.226605830594146,23.220269775390648,0.014877301,0.0630188,6.219491879477904,5,1,0
2017-02-27 22:00:00,980.1097,25.983605957031276,0.015895775,0.035873413,24.422455532327533,24.428918457031276,0.015224388,0.0084114075,11.624556935388624,22.936730957031276,0.014934471,0.073913574,6.1529853181110505,5,1,0
2017-02-27 23:00:00,951.7877,25.7795349121094,0.016186005,0.028579712,23.4112593338896,24.1154724121094,0.015194183,0.005815506,11.135983450548435,22.6701599121094,0.014934784,0.06976318,6.049991248258456,5,1,0
2017-02-28 00:00:00,910.575,25.579125976562523,0.016446166,0.030265808,22.058183295942182,23.883813476562523,0.015263609,0.007698059,11.102046509835157,22.454125976562523,0.01487451,0.06347656,6.055008865589358,6,1,0
2017-02-28 01:00:00,864.6397000000001,25.389245605468773,0.016522918,0.030014038,21.423046458327637,23.686120605468773,0.015290771,0.01626587,11.25473630768259,22.256433105468773,0.014802489,0.05886841,6.157590591935144,6,1,0
2017-02-28 02:00:00,857.8704,25.290368652343773,0.016508527,0.031677246,21.275030022677296,23.509118652343773,0.015261121,0.012722015,11.11777483570176,22.095056152343773,0.014761396,0.058151245,6.172991774333082,6,1,0
2017-02-28 03:00:00,821.3633,25.229150390625023,0.016463678,0.031028748,20.96833104904684,23.354150390625023,0.015258234,0.007232666,10.77445633439376,21.986962890625023,0.0146974735,0.059280396,6.118613535963685,6,1,0
2017-02-28 04:00:00,815.78,25.148645019531276,0.016541021,0.03729248,19.38987632959913,23.117395019531276,0.015308875,0.005794525,9.434753980476604,21.906457519531276,0.014622229,0.058013916,5.948289455438321,6,1,0
2017-02-28 05:00:00,797.0704999999999,25.091638183593773,0.016755879,0.049346924,17.423565895032368,22.708825683593773,0.015405476,0.009319305,7.613972097792127,21.818200683593773,0.014554799,0.05696106,5.636173533760394,6,1,0
2017-02-28 06:00:00,779.2542559999999,25.143853759765648,0.016978396,0.049545288,15.823455937705264,22.862603759765648,0.01554407,0.01763153,7.502510962727719,21.776666259765648,0.014487399,0.05467224,5.364208434798,6,1,0
2017-02-28 07:00:00,779.653562,25.948693847656276,0.017002048,0.063690186,19.180566322470344,24.823693847656276,0.015773715,0.018875122,11.33747037738602,22.597131347656276,0.014499607,0.061325073,5.500951136796602,6,1,0
2017-02-28 08:00:00,822.236378,27.125177001953148,0.01675736,0.089019775,23.04102325074575,27.453302001953148,0.015555729,0.019119263,15.45036274011939,24.390802001953148,0.014335026,0.06619263,5.509081687627675,6,1,0
2017-02-28 09:00:00,843.123888,28.3857360839844,0.016489208,0.09490967,24.186260301624344,29.5107360839844,0.014776409,0.014709473,16.57974862822701,26.5810485839844,0.014059246,0.066833496,5.3099259115966495,6,1,0
2017-02-28 10:00:00,880.0792660000001,29.5710388183594,0.01637387,0.08093262,24.429005302075403,31.3522888183594,0.014157533,0.011394501,16.280011002445487,28.4616638183594,0.013715028,0.053970337,4.940174025740596,6,1,0
2017-02-28 11:00:00,898.025362,30.451867675781276,0.016319828,0.07196045,24.25672721757033,32.88936767578127,0.013866977,0.010005951,15.441433444511851,29.748742675781276,0.013535098,0.046279907,4.491511234762424,6,1,0
2017-02-28 12:00:00,912.256017,31.091394042968773,0.016204026,0.051330566,24.086390230500243,34.01326904296877,0.013861802,0.0109062195,14.53463037168486,30.372644042968773,0.013743547,0.039611816,3.799076103530631,6,1,0
2017-02-28 13:00:00,921.490715,31.417810058593773,0.016095605,0.039245605,24.0245784790025,34.58968505859377,0.013913598,0.013492584,13.904586655482229,30.652185058593773,0.01357409,0.024009705,3.7054506131330927,6,1,0
2017-02-28 14:00:00,914.305989,31.365808105468773,0.016040906,0.029289246,24.14598817851917,34.67830810546877,0.013988599,0.017730713,13.683368918542593,30.584558105468773,0.013286695,0.017959595,3.902584649975684,6,1,0
2017-02-28 15:00:00,916.213,30.948297119140648,0.01607045,0.020523071,24.649950032831583,34.18267211914065,0.014250838,0.034057617,13.689494801263423,30.057672119140648,0.013186538,0.022880554,4.362278322200379,6,1,0
2017-02-28 16:00:00,911.8914,30.073297119140648,0.016161473,0.023674011,25.703626609847053,33.04204711914065,0.014639408,0.04862976,13.762660253771513,29.104547119140648,0.013254673,0.025047302,5.018073190014693,6,1,0
2017-02-28 17:00:00,901.7732,28.809350585937523,0.01637496,0.02960205,26.613614698208277,31.278100585937523,0.015119924,0.051651,13.280986199126431,27.731225585937523,0.013529195,0.038467407,5.651244440006389,6,1,0
2017-02-28 18:00:00,940.762,27.553277587890648,0.016626595,0.030479431,26.50977446320213,29.037652587890648,0.015733955,0.052856445,11.52256753204413,25.990777587890648,0.014002083,0.043380737,6.017109784674669,6,1,0
2017-02-28 19:00:00,1044.9675,26.914239501953148,0.016777959,0.016647339,25.724195924876742,27.445489501953148,0.016198125,0.04928589,11.941332015685598,24.726739501953148,0.014077153,0.051589966,6.766783181801867,6,1,0
2017-02-28 20:00:00,1031.285,26.651177978515648,0.01671605,0.013961792,24.80078463389881,26.526177978515648,0.016510056,0.05355835,12.143499033911976,23.869927978515648,0.014465378,0.059783936,6.372915946043419,6,1,0
2017-02-28 21:00:00,1017.0818,26.460229492187523,0.01651744,0.018005371,24.21282785456593,26.038354492187523,0.016700545,0.067474365,11.594324979688086,23.335229492187523,0.014789381,0.07583618,5.794749882906451,6,1,0
2017-02-28 22:00:00,981.7925,26.244836425781276,0.016296472,0.01455307,23.940962275619107,25.666711425781276,0.016761865,0.074035645,10.60625141708014,22.994836425781276,0.015045252,0.08950806,5.35288455242743,6,1,0
2017-02-28 23:00:00,982.5484,25.986688232421898,0.016083768,0.012916565,23.596855096274385,25.314813232421898,0.016747525,0.068603516,9.835598536219026,22.814813232421898,0.015332272,0.10708618,4.701068819546473,6,1,0
2017-03-01 00:00:00,943.5333,25.713800048828148,0.015932545,0.012634277,23.04441530836261,24.955987548828148,0.016657338,0.05708313,9.564726087972382,22.698175048828148,0.015562519,0.13452148,4.022472673303164,7,1,0
2017-03-01 01:00:00,888.7073,25.546044921875023,0.015796725,0.015041351,23.610564786367352,24.585107421875023,0.016468111,0.038375854,9.383240665319247,22.561669921875023,0.015644137,0.14538574,3.85044785656636,7,1,0
2017-03-01 02:00:00,896.9911999999999,25.400537109375023,0.015812397,0.019836426,23.97841612153033,24.213037109375023,0.016201496,0.024368286,9.233547958285008,22.400537109375023,0.01564455,0.14233398,3.867192893284592,7,1,0
2017-03-01 03:00:00,876.9039,25.288781738281276,0.015904306,0.021697998,23.794633045449096,23.851281738281276,0.015950082,0.011352539,9.130942099391309,22.273156738281276,0.01560676,0.13232422,4.064497938225292,7,1,0
2017-03-01 04:00:00,872.1588,25.2136169433594,0.016148621,0.0234375,22.34432018230091,23.3464294433594,0.01579004,0.007457733,8.175320806245722,22.1511169433594,0.015507752,0.11016846,4.282503329407689,7,1,0
2017-03-01 05:00:00,878.6426,25.179772949218773,0.01640013,0.026725769,20.742194650422498,22.992272949218773,0.015637191,0.005126953,7.798657536521798,22.015710449218773,0.015366348,0.086761475,4.5266707839628735,7,1,0
2017-03-01 06:00:00,876.775,25.243218994140648,0.016582882,0.024208069,19.458288541928788,22.938531494140648,0.015564359,0.0026340485,7.848795206711627,21.899468994140648,0.015224851,0.06616211,4.850329645496573,7,1,0
2017-03-01 07:00:00,929.2058,26.171563720703148,0.016513852,0.029060364,22.40383220316773,24.984063720703148,0.015556363,0.0017986298,11.904436800602992,22.609063720703148,0.015174894,0.04675293,5.464515481814355,7,1,0
2017-03-01 08:00:00,1047.6812,27.396569824218773,0.01616247,0.052368164,24.996666330467324,27.662194824218773,0.015044764,0.0019693375,15.32051452410144,24.396569824218773,0.014739588,0.034698486,5.805845268277032,7,1,0
2017-03-01 09:00:00,1119.2143,28.529504394531276,0.015940739,0.06918335,25.00000562744077,29.920129394531276,0.014399601,0.0019507408,15.54975761396387,26.506066894531276,0.01397617,0.028007507,5.64280948342862,7,1,0
2017-03-01 10:00:00,1212.2247,29.536492919921898,0.0158183,0.07632446,24.4423301602386,31.895867919921898,0.013933839,0.0025091171,14.923075704309838,28.302117919921898,0.013312044,0.026496887,5.142275496697502,7,1,0
2017-03-01 11:00:00,1252.2903,30.3879333496094,0.015734205,0.066833496,23.882654716112743,33.3879333496094,0.013872634,0.004426956,14.011879692674094,29.6066833496094,0.012987624,0.025863647,4.444507157730998,7,1,0
2017-03-01 12:00:00,1309.3855,30.997949218750023,0.015680712,0.061843872,23.61371172839621,34.35732421875002,0.01386873,0.007972717,13.52574708465296,30.357324218750023,0.01323549,0.024589539,3.55181685953719,7,1,0
2017-03-01 13:00:00,1346.0500000000002,31.265344238281276,0.015673155,0.07369995,23.775975117707617,34.87471923828127,0.013800139,0.010787964,13.556372626925274,30.655969238281276,0.013140196,0.033111572,3.1989647263504755,7,1,0
2017-03-01 14:00:00,1372.8733,31.157678222656276,0.015749667,0.096954346,24.33561639535348,34.82955322265627,0.013636325,0.01530838,14.022599497289258,30.548303222656276,0.0130068995,0.0357666,3.329512882173946,7,1,0
2017-03-01 15:00:00,1350.4435,30.663354492187523,0.015825976,0.12426758,25.10053241058687,34.25710449218752,0.013479936,0.024742126,14.663624252574913,30.069604492187523,0.012835252,0.037994385,3.8500602395435344,7,1,0
2017-03-01 16:00:00,1285.2794,29.798028564453148,0.01594041,0.124694824,26.00685536313274,32.84490356445315,0.013510446,0.025970459,15.450683519372866,29.173028564453148,0.012797098,0.031219482,4.702771023327796,7,1,0
2017-03-01 17:00:00,1195.2593,28.592370605468773,0.016100306,0.11148071,26.415146696083028,30.732995605468773,0.013662714,0.021202087,15.59590529475255,27.748620605468773,0.013063806,0.026153564,5.676201660380526,7,1,0
2017-03-01 18:00:00,1190.5930999999998,27.432519531250023,0.016375009,0.077423096,25.73273720454328,28.198144531250023,0.014048044,0.028015137,13.795036551139168,25.901269531250023,0.013567392,0.022979736,6.285681147116463,7,1,0
2017-03-01 19:00:00,1242.7922,26.770867919921898,0.016703796,0.052886963,24.83004877203193,26.630242919921898,0.014609526,0.045578003,12.607500350743369,24.520867919921898,0.013766478,0.024238586,6.850613214374598,7,1,0
2017-03-01 20:00:00,1227.6432,26.461511230468773,0.016926033,0.029190063,23.69091495265528,25.727136230468773,0.015243753,0.0493927,12.09685183468421,23.547448730468773,0.0143663725,0.033996582,6.428882672540958,7,1,0
2017-03-01 21:00:00,1204.5864,26.281335449218773,0.016972572,0.025985718,23.201118876344257,25.156335449218773,0.015805274,0.051223755,11.021101406324872,22.882897949218773,0.014790564,0.05718994,6.072934626121422,7,1,0
2017-03-01 22:00:00,1179.4118999999998,26.1381774902344,0.016919693,0.023971558,22.943823129012102,24.8178649902344,0.016103348,0.056747437,10.10731059721353,22.4506774902344,0.015126784,0.070373535,5.652793760701463,7,1,0
2017-03-01 23:00:00,1092.0773,25.9802185058594,0.016904451,0.019821167,22.84181402642045,24.5895935058594,0.016248323,0.062927246,9.567950250553684,22.1911560058594,0.015397646,0.08099365,5.202532595340332,7,1,0
2017-03-02 00:00:00,1025.9812,25.768334960937523,0.016919764,0.02143097,22.461408188002952,24.408959960937523,0.016324671,0.06227112,9.329194017046191,21.963647460937523,0.015546472,0.09237671,4.877382201116979,0,0,0
2017-03-02 01:00:00,996.6277,25.572167968750023,0.016881863,0.021697998,21.67295647197973,24.197167968750023,0.016347805,0.058502197,9.119279501211476,21.783105468750023,0.015588681,0.09799194,4.7851135261963895,0,0,0
2017-03-02 02:00:00,957.4955,25.400781250000023,0.016882459,0.022323608,20.53612554481926,23.947656250000023,0.016302625,0.055603027,8.764368512678217,21.635156250000023,0.015566387,0.10510254,4.896223981923054,0,0,0
2017-03-02 03:00:00,914.2635,25.303643798828148,0.016875766,0.023880005,19.472235389133026,23.709893798828148,0.016257785,0.04371643,8.494356409113859,21.483331298828148,0.015491031,0.113983154,4.967647168110958,0,0,0
2017-03-02 04:00:00,895.9005,25.2407165527344,0.016853526,0.018180847,18.368470120836907,23.2954040527344,0.016220286,0.037521362,7.156878493250453,21.3266540527344,0.015400127,0.11273193,4.845222271051762,0,0,0
2017-03-02 05:00:00,902.864,25.174768066406276,0.016854458,0.014587402,17.571895614956563,22.909143066406276,0.016175441,0.03100586,6.426349260728196,21.213830566406276,0.015351466,0.10531616,4.628654271474339,0,0,0
2017-03-02 06:00:00,929.762552,25.154870605468773,0.016885173,0.01108551,17.228251352163408,22.912683105468773,0.016137492,0.023414612,6.739967519981841,21.154870605468773,0.015317333,0.10525513,4.580782478489279,0,0,0
2017-03-02 07:00:00,1050.375843,26.048303222656276,0.016724838,0.01392746,21.49446569850161,25.024865722656276,0.016152633,0.02066803,10.988396242843908,21.837365722656276,0.015469802,0.116119385,5.0648724909526965,0,0,0
2017-03-02 08:00:00,1225.760949,27.281671142578148,0.016251272,0.019813538,24.216271155904437,27.797296142578148,0.015621847,0.023078918,14.353244215397297,23.336358642578148,0.0154959615,0.10736084,5.669705617619517,0,0,0
2017-03-02 09:00:00,1324.2662850000002,28.5117126464844,0.015991362,0.016967773,24.6744034808096,30.0742126464844,0.014980466,0.026100159,14.598360089735092,25.8476501464844,0.0148622105,0.108428955,5.694202094444015,0,0,0
2017-03-02 10:00:00,1425.0394929999998,29.617333984375023,0.015760843,0.016281128,24.205842767742663,32.07045898437502,0.014456216,0.026023865,13.531610939903135,27.992333984375023,0.013979379,0.10662842,5.087018871754548,0,0,0
2017-03-02 11:00:00,1451.388737,30.408044433593773,0.015580334,0.020317078,23.47291484505583,33.57991943359377,0.01418034,0.025871277,12.263679209714722,29.376794433593773,0.013707317,0.1105957,4.158310467511279,0,0,0
2017-03-02 12:00:00,1456.480985,30.892907714843773,0.015506968,0.031585693,22.92303426420529,34.58040771484377,0.01397346,0.025238037,11.618319928939444,30.049157714843773,0.014137492,0.1177063,2.9857957551809355,0,0,0
2017-03-02 13:00:00,1494.7573739999998,31.101617431640648,0.015509992,0.059310913,22.72429077250336,35.07036743164065,0.013816266,0.027565002,11.55322690201163,30.335992431640648,0.014121442,0.11795044,2.632777425379543,0,0,0
2017-03-02 14:00:00,1501.210277,30.937951660156276,0.015631072,0.086517334,22.87165006528791,35.07857666015627,0.013616912,0.033294678,11.844632635317357,30.234826660156276,0.014047973,0.12088013,2.6699726761266334,0,0,0
2017-03-02 15:00:00,1473.7242,30.474725341796898,0.015740685,0.100738525,23.210701532901027,34.5059753417969,0.013535791,0.0471344,12.447277221770056,29.693475341796898,0.014001184,0.12054443,3.0341333169282128,0,0,0
2017-03-02 16:00:00,1384.0784,29.700219726562523,0.015869556,0.09094238,24.3237940960804,33.23146972656252,0.013607441,0.057876587,13.260630391874006,28.762719726562523,0.013969838,0.10891724,3.75941440628213,0,0,0
2017-03-02 17:00:00,1255.7270999999998,28.664422607421898,0.015968287,0.073272705,25.046056672338352,31.226922607421898,0.013870203,0.03553772,13.527701071840053,27.383172607421898,0.014091455,0.091308594,4.767586426374122,0,0,0
2017-03-02 18:00:00,1221.6954,27.553125000000023,0.016182143,0.05128479,24.85861023729379,28.818750000000023,0.014408309,0.0283432,12.729606744845576,25.521875000000023,0.014744002,0.0765686,5.688733722057452,0,0,0
2017-03-02 19:00:00,1260.3018,26.865686035156276,0.016526317,0.034820557,24.26964758844641,27.037561035156276,0.014969922,0.036087036,13.572193137982786,24.123498535156276,0.014885998,0.06628418,6.944009512679445,0,0,0
2017-03-02 20:00:00,1227.0754,26.527124023437523,0.016839677,0.021400452,23.26475834202648,26.058374023437523,0.015580828,0.039535522,13.577787064713712,23.339624023437523,0.015084918,0.05583191,6.859676292945181,0,0,0
2017-03-02 21:00:00,1198.3598,26.372338867187523,0.016992966,0.015426636,23.07239843314968,25.520776367187523,0.016077438,0.03439331,12.799792443023156,22.880151367187523,0.015180985,0.06436157,6.50897271519784,0,0,0
2017-03-02 22:00:00,1153.8886,26.232507324218773,0.016986797,0.013332367,23.356517122418825,25.232507324218773,0.016284892,0.04335022,12.12112964011364,22.670007324218773,0.015270182,0.077178955,6.312242520057277,0,0,0
2017-03-02 23:00:00,1097.8026,26.085534667968773,0.016889488,0.012706757,23.78101283913857,25.038659667968773,0.016302025,0.05117798,11.73222215838422,22.601159667968773,0.015355981,0.09512329,6.205588516987175,0,0,0
2017-03-03 00:00:00,1043.7805,25.908990478515648,0.016853394,0.0153160095,23.842521905831987,24.908990478515648,0.016250672,0.052963257,11.57143282209046,22.518365478515648,0.015430512,0.11312866,6.2243108069132544,0,0,0
2017-03-03 01:00:00,994.2265,25.758447265625023,0.016862748,0.024513245,22.97124547987079,24.727197265625023,0.016153214,0.052505493,11.732158949630064,22.485009765625023,0.015489457,0.12261963,6.418899715649896,0,0,0
2017-03-03 02:00:00,967.5578,25.662561035156276,0.01693236,0.031829834,21.785571035588664,24.545373535156276,0.016009204,0.049453735,12.55753248699223,22.443811035156276,0.015463702,0.128479,6.76526152517612,0,0,0
2017-03-03 03:00:00,933.4293,25.557275390625023,0.017137656,0.03137207,20.912529755073532,24.408837890625023,0.015840659,0.045059204,13.35378583740979,22.416650390625023,0.015390526,0.12860107,7.161728950261021,0,0,0
2017-03-03 04:00:00,918.7977,25.443170166015648,0.017335372,0.042373657,20.521362934023703,24.279107666015648,0.015695052,0.04989624,13.608208299768298,22.411920166015648,0.0152754355,0.12173462,7.435816152038984,0,0,0
2017-03-03 05:00:00,928.5171,25.371301269531276,0.01744933,0.047668457,20.96843832725244,24.152551269531276,0.015595389,0.049545288,13.487267708037514,22.386926269531276,0.015152884,0.110839844,7.593112766231837,0,0,0
2017-03-03 06:00:00,959.4347,25.466333007812523,0.01746421,0.0415802,22.096067549948224,24.146020507812523,0.015526342,0.050308228,13.400405484797185,22.372583007812523,0.015083837,0.09597778,7.598036713240597,0,0,0
2017-03-03 07:00:00,1062.5617,26.342553710937523,0.017280493,0.03564453,27.003962111633964,25.670678710937523,0.015609655,0.045410156,15.823342678554024,23.084741210937523,0.014991674,0.08093262,7.985658804147275,0,0,0
2017-03-03 08:00:00,1253.8323,27.568627929687523,0.016844774,0.03843689,31.03069468205912,28.053002929687523,0.0155248875,0.045532227,18.496454548685325,24.717065429687523,0.014590287,0.074798584,8.133990495220829,0,0,0
2017-03-03 09:00:00,1356.7289,28.7568298339844,0.01661548,0.041763306,31.677484780079805,30.3505798339844,0.015368075,0.040542603,18.6837009980196,26.6083923339844,0.014246554,0.07815552,7.524541390977343,0,0,0
2017-03-03 10:00:00,1434.5786,29.730126953125023,0.016485631,0.045043945,30.755600552290165,32.30825195312502,0.0152115235,0.040878296,17.750397936161598,28.402001953125023,0.014059485,0.078186035,6.545950489545768,0,0,0
2017-03-03 11:00:00,1452.6594,30.398156738281276,0.016439477,0.055267334,28.76565239253856,33.74190673828127,0.015092888,0.041397095,16.614081245066664,29.726281738281276,0.014375725,0.081970215,5.1309309345623655,0,0,0
2017-03-03 12:00:00,1452.6056999999998,30.8342224121094,0.016454209,0.07513428,26.809011088839576,34.6154724121094,0.014970292,0.053848267,15.837994805775557,30.4435974121094,0.014634599,0.09829712,4.323816077859775,0,0,0
2017-03-03 13:00:00,1472.0602,31.001489257812523,0.016461072,0.09970093,25.471271587212357,34.93898925781252,0.014740643,0.062088013,15.48569003190236,30.626489257812523,0.014702496,0.11380005,4.335619320304134,0,0,0
2017-03-03 14:00:00,1502.456,30.897363281250023,0.016460368,0.10455322,24.63952260533369,34.75673828125002,0.014594982,0.06716919,15.434167130579109,30.366113281250023,0.014659832,0.12295532,4.783116019138472,0,0,0
2017-03-03 15:00:00,1478.736,30.492028808593773,0.01643683,0.09753418,24.012405393732813,34.00765380859377,0.014594332,0.06826782,15.789790870291444,29.757653808593773,0.014571444,0.112579346,5.436525886361044,0,0,0
2017-03-03 16:00:00,1402.77,29.768457031250023,0.016443936,0.080444336,24.29474430468611,32.65908203125002,0.014773099,0.071899414,16.00938578926779,28.815332031250023,0.014471738,0.09524536,6.060160760163535,0,0,0
2017-03-03 17:00:00,1291.0011,28.687310791015648,0.016573383,0.06329346,25.15877048466011,30.734185791015648,0.015108539,0.07650757,15.559099779148536,27.468560791015648,0.014418079,0.08868408,6.699840256224274,0,0,0
2017-03-03 18:00:00,1257.9292,27.547265625000023,0.016886627,0.045898438,25.429789782340382,28.484765625000023,0.015620147,0.08227539,13.13737413689077,25.625390625000023,0.014647399,0.09283447,7.007454436987971,0,0,0
2017-03-03 19:00:00,1307.4037999999998,26.9108825683594,0.017208043,0.038238525,25.398798203759807,27.0671325683594,0.016101781,0.080444336,12.006756520744371,24.1608825683594,0.015018406,0.09329224,7.103693310432373,0,0,0
2017-03-03 20:00:00,1315.1201,26.654565429687523,0.01732395,0.028060913,24.767024950573774,26.326440429687523,0.016469458,0.07992554,11.600751747239238,23.271752929687523,0.015458564,0.10800171,6.592634946724374,0,0,0
2017-03-03 21:00:00,1274.2254,26.491296386718773,0.017317181,0.02003479,24.30798412129265,25.881921386718773,0.01670683,0.076293945,11.1784846050977,22.858483886718773,0.015730267,0.11212158,6.052561710993194,0,0,0
2017-03-03 22:00:00,1248.5485,26.339501953125023,0.017233964,0.018661499,24.37489678463724,25.581689453125023,0.016799089,0.07312012,10.73272119833964,22.737939453125023,0.015952226,0.11376953,5.558951340175717,0,0,0
2017-03-03 23:00:00,1183.8914,26.189355468750023,0.01712084,0.019363403,24.41654789849083,25.353417968750023,0.016838552,0.06674194,10.44817488944877,22.736230468750023,0.016136648,0.11224365,5.2098066328485135,0,0,0
2017-03-04 00:00:00,1126.8368,26.043634033203148,0.01704484,0.019264221,24.43773020291989,25.137384033203148,0.016823588,0.06619263,10.43543626678468,22.715509033203148,0.016243754,0.11880493,5.046745505546511,0,0,0
2017-03-04 01:00:00,1067.4213,25.917565917968773,0.016975243,0.017738342,24.493157277451367,25.011315917968773,0.01674636,0.0640564,10.979363292306315,22.644128417968773,0.016219933,0.13500977,5.131912445165899,0,0,0
2017-03-04 02:00:00,1028.705,25.838098144531276,0.016912652,0.015247345,25.01755803108823,25.002160644531276,0.016637994,0.06365967,11.458975699619607,22.564660644531276,0.016157342,0.13647461,5.444456683078081,0,0,0
2017-03-04 03:00:00,1005.876,25.7788024902344,0.016843053,0.013694763,25.45053088041046,24.9663024902344,0.016530247,0.06439209,11.508115846943827,22.4897399902344,0.016072484,0.14678955,5.811582273821014,0,0,0
2017-03-04 04:00:00,987.1725,25.683709716796898,0.016781637,0.015163422,26.270223585207585,24.902459716796898,0.01637728,0.06555176,12.192582849342708,22.425897216796898,0.01598818,0.14923096,6.187710484479205,0,0,0
2017-03-04 05:00:00,980.6525,25.584252929687523,0.016674649,0.023712158,27.35295244700944,24.771752929687523,0.016216885,0.058273315,13.129041195658012,22.388940429687523,0.01590408,0.14971924,6.562231431097629,0,0,0
2017-03-04 06:00:00,965.813337,25.574731445312523,0.016605228,0.029632568,27.9539270798321,24.738793945312523,0.016002506,0.04737854,14.093970060470175,22.340356445312523,0.015750736,0.14788818,7.003929735390073,0,0,0
2017-03-04 07:00:00,1006.580327,26.180932617187523,0.016520713,0.03363037,30.854107244221,26.009057617187523,0.015780661,0.04399109,17.585698837091098,22.829370117187523,0.015597556,0.12878418,7.851176996133087,0,0,0
2017-03-04 08:00:00,1125.520254,27.266564941406276,0.016222708,0.05607605,35.07510573030661,27.954064941406276,0.015207998,0.035202026,21.25782826281113,24.094689941406276,0.01512026,0.10769653,8.810253048400792,0,0,0
2017-03-04 09:00:00,1217.769896,28.371850585937523,0.016077392,0.0690918,36.0220071284013,29.934350585937523,0.014734618,0.022781372,22.536118227322543,25.785913085937523,0.014299743,0.08538818,9.349724546240717,0,0,0
2017-03-04 10:00:00,1287.710155,29.423547363281276,0.016115159,0.078552246,35.06408873197071,31.704797363281276,0.014463394,0.018081665,22.312117290901146,27.236047363281276,0.013669937,0.066833496,9.221931021457836,0,0,0
2017-03-04 11:00:00,1317.384609,30.086328125000023,0.016160766,0.097351074,33.52301650356135,33.02382812500002,0.014356414,0.021141052,21.617444051716696,28.148828125000023,0.013311187,0.056259155,9.060096786184154,0,0,0
2017-03-04 12:00:00,1268.805909,30.437280273437523,0.016145602,0.12149048,32.41123157377557,33.82790527343752,0.01429166,0.02332306,20.96526572556044,28.609155273437523,0.013166324,0.046539307,8.894968260632863,0,0,0
2017-03-04 13:00:00,1238.796884,30.515466308593773,0.016099364,0.15216064,31.807873596861302,34.17171630859377,0.014256866,0.0234375,20.50847248938,28.671716308593773,0.013078124,0.036026,8.83504856322952,0,0,0
2017-03-04 14:00:00,1240.999043,30.2302185058594,0.016015073,0.159729,31.810444279110204,33.9645935058594,0.014199276,0.0320282,20.446485714571388,28.3552185058594,0.012925168,0.027244568,8.992444414566723,0,0,0
2017-03-04 15:00:00,1231.3342,29.614892578125023,0.015869796,0.1451416,31.91205761756391,32.94301757812502,0.014179886,0.039031982,20.708931629689737,27.771142578125023,0.012638749,0.025665283,9.355773032956144,0,0,0
2017-03-04 16:00:00,1185.7362999999998,28.783227539062523,0.015785601,0.099487305,32.233358999226986,31.283227539062523,0.014210132,0.03692627,21.031595929547287,26.923852539062523,0.012474445,0.029930115,9.564935100393074,0,0,0
2017-03-04 17:00:00,1132.5725,27.842431640625023,0.015831366,0.073791504,31.997241874087024,29.295556640625023,0.01432456,0.0418396,20.66228612107149,25.701806640625023,0.01268424,0.038208008,9.2747658013648,0,0,0
2017-03-04 18:00:00,1145.2031000000002,26.9340759277344,0.016144529,0.047180176,30.604786756520777,27.2934509277344,0.014588132,0.048217773,18.12873065727826,24.1528259277344,0.013355984,0.06604004,8.222496365911436,0,0,0
2017-03-04 19:00:00,1202.8836,26.434625244140648,0.016518783,0.032348633,29.261457341393434,26.153375244140648,0.014943313,0.06121826,16.614177954947163,23.184625244140648,0.014012527,0.08569336,7.585672380271602,0,0,0
2017-03-04 20:00:00,1187.0378,26.209283447265648,0.01675487,0.02494049,28.10365557259356,25.631158447265648,0.015209918,0.07180786,15.965172724161324,22.888970947265648,0.014256244,0.08114624,7.767281560610306,0,0,0
2017-03-04 21:00:00,1156.0939,26.087854003906276,0.016906781,0.018577576,27.23679367487113,25.322229003906276,0.015316052,0.08370972,15.716755598887952,22.736291503906276,0.014335675,0.07095337,8.01399230390788,0,0,0
2017-03-04 22:00:00,1120.5555,25.972131347656276,0.017066585,0.02584076,26.486154116127945,25.081506347656276,0.015411005,0.06994629,15.547833179486728,22.597131347656276,0.014323817,0.07235718,8.090665397675796,0,0,0
2017-03-04 23:00:00,1090.3332,25.835656738281276,0.017203577,0.037002563,25.805430847603937,24.874719238281276,0.015551813,0.0758667,14.97918330941936,22.476281738281276,0.014342554,0.07659912,8.078087731871237,0,0,0
2017-03-05 00:00:00,1079.3673,25.688897705078148,0.017287256,0.051864624,25.504636993666683,24.720147705078148,0.015646936,0.07312012,14.715757029247516,22.392022705078148,0.014376641,0.08831787,8.02490018978618,0,0,0
2017-03-05 01:00:00,1024.1964,25.551385498046898,0.01733285,0.061950684,25.20507281879545,24.598260498046898,0.015707789,0.06600952,14.590654439073292,22.371697998046898,0.014483271,0.09500122,7.978740950765593,0,0,0
2017-03-05 02:00:00,986.4261,25.455102539062523,0.017347958,0.0625,25.256720768336624,24.517602539062523,0.015753414,0.07675171,14.44563510532477,22.392602539062523,0.014605192,0.099243164,7.959734085663764,0,0,0
2017-03-05 03:00:00,961.1144,25.394555664062523,0.017347833,0.06500244,25.40098985560467,24.457055664062523,0.015814325,0.06484985,14.386184931889732,22.410180664062523,0.014696618,0.11035156,7.956784056474218,0,0,0
2017-03-05 04:00:00,944.8801,25.377618408203148,0.017302005,0.0680542,24.91383914822273,24.416680908203148,0.015898196,0.054718018,14.156620862536563,22.432305908203148,0.0147843035,0.12194824,7.94168754593572,0,0,0
2017-03-05 05:00:00,930.6476,25.381250000000023,0.017263846,0.06317139,24.147371213012477,24.396875000000023,0.01595922,0.052246094,13.911298805882677,22.467187500000023,0.014837698,0.13024902,7.85604145802049,0,0,0
2017-03-05 06:00:00,874.9063,25.456018066406276,0.017256202,0.055221558,24.082635827265086,24.495080566406276,0.01601261,0.05445862,13.894563942978827,22.518518066406276,0.014894904,0.1303711,7.742315836592422,0,0,0
2017-03-05 07:00:00,895.1547999999999,26.3063903808594,0.017202847,0.06460571,27.936508312673965,26.0251403808594,0.016050808,0.064453125,16.453220402367638,23.2907653808594,0.014971249,0.12597656,8.104145133832422,0,0,0
2017-03-05 08:00:00,929.3033,27.487329101562523,0.016783297,0.0819397,32.56695418867035,28.221704101562523,0.015715182,0.07003784,19.3125450830026,24.924829101562523,0.014822543,0.11929321,8.411380592451476,0,0,0
2017-03-05 09:00:00,979.9948,28.635644531250023,0.016478349,0.091430664,34.177487964941925,30.370019531250023,0.015414048,0.054733276,20.252472383249344,26.807519531250023,0.014551926,0.10568237,8.15578174167695,0,0,0
2017-03-05 10:00:00,1024.7977,29.478356933593773,0.016417854,0.105407715,34.66203436003956,32.18148193359377,0.015262001,0.047531128,20.20962099651436,28.556481933593773,0.014346474,0.093170166,7.430278219813046,0,0,0
2017-03-05 11:00:00,1061.7925,30.083367919921898,0.016425915,0.12384033,34.353733389585685,33.5521179199219,0.015178508,0.04322815,19.586395945347626,29.739617919921898,0.014545268,0.07107544,6.32956477761685,0,0,0
2017-03-05 12:00:00,1087.6772,30.429254150390648,0.016419072,0.14697266,33.52909344765938,34.42925415039065,0.015133518,0.045043945,18.930751088955564,30.460504150390648,0.01466431,0.065216064,5.675778675853254,0,0,0
2017-03-05 13:00:00,1111.0454,30.6279235839844,0.016450243,0.15844727,32.9465438396285,34.7997985839844,0.015080767,0.051330566,18.461568192384696,30.5185485839844,0.014798479,0.074279785,5.401045602657854,0,0,0
2017-03-05 14:00:00,1110.8295,30.578515625000023,0.016480267,0.15545654,32.7008432822028,34.59414062500002,0.015034498,0.061172485,18.17879886096284,30.266015625000023,0.014893354,0.102142334,5.591309507118573,0,0,0
2017-03-05 15:00:00,1107.5287,30.052575683593773,0.016449494,0.14788818,32.51881899557835,34.06820068359377,0.014889284,0.07913208,17.81979974807583,29.708825683593773,0.014912172,0.118499756,5.89231860030912,0,0,0
2017-03-05 16:00:00,1075.7675,29.199395751953148,0.016418718,0.13916016,32.66135434091508,32.94939575195315,0.014892839,0.08062744,17.76115113625968,28.668145751953148,0.015033983,0.1340332,6.331876085511155,0,0,0
2017-03-05 17:00:00,1068.9004,28.1740661621094,0.016502373,0.110839844,32.4506013552956,31.0959411621094,0.0151328975,0.07107544,17.34734918313575,27.2209411621094,0.015243524,0.12908936,6.810747687680596,0,0,0
2017-03-05 18:00:00,1083.4267000000002,27.218408203125023,0.016754199,0.07147217,31.000530075955712,28.874658203125023,0.015647937,0.057754517,15.074030056395449,25.530908203125023,0.015564013,0.12045288,6.74845899157625,0,0,0
2017-03-05 19:00:00,1151.1732,26.657159423828148,0.017029446,0.043899536,29.674938933929116,27.438409423828148,0.016205471,0.052719116,14.378735625133745,24.329034423828148,0.015747707,0.1272583,6.35495921844435,0,0,0
2017-03-05 20:00:00,1161.7303,26.357110595703148,0.017129583,0.030014038,29.06650035472268,26.513360595703148,0.016709967,0.057739258,14.46694681157113,23.685235595703148,0.016008062,0.1463623,5.597427325575572,0,0,0
2017-03-05 21:00:00,1152.4343,26.162622070312523,0.017152298,0.017623901,28.48644359817614,25.998559570312523,0.017030228,0.09854126,14.02288771445792,23.357934570312523,0.016175736,0.15704346,5.2726367556117895,0,0,0
2017-03-05 22:00:00,1110.0271,26.013055419921898,0.017091269,0.0110321045,28.02498545174132,25.739617919921898,0.017121786,0.13830566,13.91093231170225,23.161492919921898,0.016274923,0.18566895,5.268160250092465,0,0,0
2017-03-05 23:00:00,1047.8381,25.875695800781276,0.017022807,0.007167816,27.850080956387608,25.571008300781276,0.01710673,0.14538574,13.978231989184364,23.024133300781276,0.016320903,0.20275879,5.2458974230878335,0,0,0
2017-03-06 00:00:00,1005.5466,25.735498046875023,0.016977288,0.007637024,27.63459351369208,25.383935546875023,0.016962029,0.16259766,14.22489996206174,22.899560546875023,0.01632879,0.20123291,5.420249546682831,0,0,1
2017-03-06 01:00:00,986.2145,25.581140136718773,0.016953992,0.012542725,27.787580062194884,25.151452636718773,0.016801404,0.14685059,14.27781144497304,22.784265136718773,0.016305493,0.19866943,5.621936177317912,0,0,1
2017-03-06 02:00:00,953.4841,25.463159179687523,0.016900236,0.016166687,27.953714850627552,24.908471679687523,0.016656095,0.11328125,14.258509069028992,22.697534179687523,0.016259367,0.20080566,5.724614562673571,0,0,1
2017-03-06 03:00:00,927.7119,25.377252197265648,0.016831324,0.01587677,27.88254577047401,24.713189697265648,0.016518518,0.079956055,14.379381152380637,22.658502197265648,0.016213343,0.19671631,5.910186763465307,0,0,1
2017-03-06 04:00:00,927.4724,25.356225585937523,0.016770195,0.01726532,26.298133638829626,24.496850585937523,0.016373467,0.05947876,13.720589451263992,22.629663085937523,0.016136955,0.18963623,5.820811829724069,0,0,1
2017-03-06 05:00:00,948.7084,25.389611816406276,0.01672446,0.017822266,24.069782468908727,24.295861816406276,0.016289584,0.044891357,12.518625265824625,22.584924316406276,0.015999667,0.18682861,5.797011115026158,0,0,1
2017-03-06 06:00:00,970.6237,25.486047363281276,0.016770357,0.017654419,22.3600206274712,24.267297363281276,0.016243929,0.03250122,11.745149619366236,22.540734863281276,0.015877718,0.17175293,5.503438079610413,0,0,1
2017-03-06 07:00:00,1084.2898,26.227990722656276,0.01675529,0.019493103,24.60586515149418,25.681115722656276,0.01626701,0.022140503,13.84884431610095,23.056115722656276,0.01587028,0.15655518,5.543156575091399,0,0,1
2017-03-06 08:00:00,1272.7587,27.354516601562523,0.016510976,0.03236389,27.146843118649983,27.979516601562523,0.015793813,0.019577026,16.29712250006812,24.393579101562523,0.015633596,0.13891602,5.702432615290916,0,0,1
2017-03-06 09:00:00,1369.1001,28.528039550781276,0.016510377,0.04588318,26.64369144741983,30.215539550781276,0.015247712,0.012424469,16.372343758201474,26.340539550781276,0.014992127,0.12332153,5.503129273499059,0,0,1
2017-03-06 10:00:00,1465.45,29.550988769531276,0.0166394,0.06674194,25.48969812872172,32.14473876953127,0.015044858,0.0076560974,15.552819843299318,28.097863769531276,0.014514615,0.11148071,5.064006428700927,0,0,1
2017-03-06 11:00:00,1488.6807,30.266778564453148,0.016760897,0.09686279,24.025619717960065,33.50115356445315,0.015074802,0.0071258545,14.818436526711968,29.376153564453148,0.014540744,0.09701538,4.225949788977328,0,0,1
2017-03-06 12:00:00,1492.6545,30.727136230468773,0.016851844,0.1496582,22.184176522654187,34.39901123046877,0.01507801,0.025398254,14.22697945550953,30.149011230468773,0.0147194285,0.10232544,3.422234996514472,0,0,1
2017-03-06 13:00:00,1528.6918999999998,31.010827636718773,0.016866544,0.17687988,20.3263064256681,34.63582763671877,0.014959196,0.07525635,13.73258792434454,30.479577636718773,0.014455656,0.11917114,3.2596131542242324,0,0,1
2017-03-06 14:00:00,1521.3928,30.804345703125023,0.016828012,0.17584229,19.13266433627299,34.39809570312502,0.014859629,0.12908936,13.245445533940266,30.304345703125023,0.014344645,0.13330078,3.3709133583506468,0,0,1
2017-03-06 15:00:00,1450.9481,30.356225585937523,0.01678965,0.16601562,19.24736781764496,33.65310058593752,0.014813638,0.16015625,12.951198908271817,29.684350585937523,0.014241434,0.12939453,3.784361704291905,0,0,1
2017-03-06 16:00:00,1397.2861,29.683190917968773,0.016766692,0.15423584,20.533571144477342,32.30819091796877,0.014874602,0.12786865,12.969209240974628,28.745690917968773,0.014252806,0.11495972,4.483760714575305,0,0,1
2017-03-06 17:00:00,1261.4509,28.598718261718773,0.01672868,0.11581421,22.77422743323391,30.848718261718773,0.015057844,0.08596802,12.995758773297926,27.426843261718773,0.014493269,0.10110474,5.09017611890274,0,0,1
2017-03-06 18:00:00,1238.9029,27.365563964843773,0.0167365,0.071258545,24.89047106679096,28.599938964843773,0.015462391,0.07751465,10.95620207006282,25.584313964843773,0.015119068,0.10397339,5.416400228354236,0,0,1
2017-03-06 19:00:00,1289.8703,26.579492187500023,0.01682085,0.043289185,25.868860302487416,26.938867187500023,0.0158214,0.07815552,11.59162820406981,24.251367187500023,0.015356006,0.11755371,6.206597226850841,0,0,1
2017-03-06 20:00:00,1258.5081,26.237084960937523,0.016882487,0.0259552,25.35101561910137,26.065209960937523,0.016012736,0.081329346,12.835185774501545,23.580834960937523,0.015493938,0.11904907,6.457147585726043,0,0,1
2017-03-06 21:00:00,1239.2729,26.059747314453148,0.016890712,0.017112732,24.87967449797123,25.637872314453148,0.01628036,0.076416016,12.752288451422787,23.169122314453148,0.015708156,0.12512207,6.153570329738627,0,0,1
2017-03-06 22:00:00,1176.0304,25.941827392578148,0.016845757,0.021118164,25.00840776587696,25.441827392578148,0.016456658,0.0708313,12.274031230666118,22.949639892578148,0.015815789,0.13317871,5.981917034970398,0,0,1
2017-03-06 23:00:00,1102.6611,25.857293701171898,0.016747544,0.024513245,25.372940536134067,25.341668701171898,0.016495774,0.083465576,12.331093151334343,22.857293701171898,0.015824387,0.13232422,5.9186849427399,0,0,1
2017-03-07 00:00:00,1052.4068,25.746209716796898,0.016740942,0.021118164,24.548300105830904,25.199334716796898,0.016412878,0.07910156,12.728486236683503,22.816522216796898,0.015794897,0.1262207,6.022007283617149,0,0,1
2017-03-07 01:00:00,1013.1563,25.611138916015648,0.016871616,0.01525116,23.439062877578998,25.048638916015648,0.0163223,0.07522583,13.076109503211963,22.751763916015648,0.015704319,0.12976074,6.42821143967997,0,0,1
2017-03-07 02:00:00,982.4144,25.484948730468773,0.016986815,0.01877594,22.95914160476256,24.961511230468773,0.016200988,0.08001709,13.383092279666329,22.688073730468773,0.01560208,0.12567139,6.778143234544975,0,0,1
2017-03-07 03:00:00,965.7189,25.394250488281276,0.017086342,0.022064209,22.59751974353757,24.894250488281276,0.016125038,0.064208984,13.692502329967022,22.636437988281276,0.01547654,0.112335205,7.139920843951839,0,0,1
2017-03-07 04:00:00,965.7991,25.339776611328148,0.017147094,0.024650574,22.654197576755607,24.816339111328148,0.016117126,0.045654297,13.57584665935464,22.605401611328148,0.015319854,0.106933594,7.350431219413466,0,0,1
2017-03-07 05:00:00,988.8826,25.320611572265648,0.017130911,0.020606995,23.39158232478569,24.758111572265648,0.016055167,0.034561157,13.267993901506369,22.640924072265648,0.015158712,0.11328125,7.501907579064747,0,0,1
2017-03-07 06:00:00,988.8575,25.413232421875023,0.017007485,0.019927979,25.105518989661103,24.772607421875023,0.015969887,0.020309448,13.06587269440344,22.694482421875023,0.015020029,0.12384033,7.550817356960683,0,0,1
2017-03-07 07:00:00,1103.5136,26.146813964843773,0.016807973,0.02671051,29.001174587271567,25.974938964843773,0.015945852,0.014568329,15.19660859671647,23.154626464843773,0.014904439,0.13726807,7.706751986672597,0,0,1
2017-03-07 08:00:00,1284.8204999999998,27.240502929687523,0.016403005,0.032226562,32.53121166919572,28.053002929687523,0.015670583,0.029045105,18.275317096177027,24.217065429687523,0.014583394,0.14544678,7.767226662591749,0,0,1
2017-03-07 09:00:00,1389.3343000000002,28.446557617187523,0.016196886,0.036605835,33.28847423793773,30.165307617187523,0.015266099,0.030563354,18.910371387048265,25.540307617187523,0.014342942,0.14428711,7.321037309034385,0,0,1
2017-03-07 10:00:00,1469.5918,29.535424804687523,0.016104588,0.034988403,32.1464259319028,32.08229980468752,0.015055547,0.026725769,17.894537466231732,26.988549804687523,0.01406754,0.12524414,6.727989856657894,0,0,1
2017-03-07 11:00:00,1484.6511,30.365380859375023,0.016119266,0.033706665,29.6703120885776,33.69350585937502,0.01500156,0.02420044,16.313575109371982,28.396630859375023,0.013941074,0.094177246,6.013769952284629,0,0,1
2017-03-07 12:00:00,1478.8325,30.860986328125023,0.016195199,0.034439087,27.81794525127493,34.82973632812502,0.014909645,0.021965027,15.222665993068476,29.360986328125023,0.014222999,0.07751465,4.904830490123061,0,0,1
2017-03-07 13:00:00,1509.1715,31.097344970703148,0.016232938,0.046035767,26.585248301381235,35.44109497070315,0.0147986105,0.024253845,14.612358569006537,29.878594970703148,0.0143828085,0.08041382,4.156307046828601,0,0,1
2017-03-07 14:00:00,1536.2118,30.976037597656276,0.016278375,0.0640564,25.859090727289452,35.42916259765627,0.014710534,0.037750244,14.36979712229569,29.929162597656276,0.014428247,0.0836792,3.862273489226872,0,0,1
2017-03-07 15:00:00,1499.9285,30.491052246093773,0.016293408,0.07543945,25.40024343058562,34.80355224609377,0.014641644,0.051635742,14.17507324199828,29.584802246093773,0.014435651,0.08331299,3.923526492186296,0,0,1
2017-03-07 16:00:00,1444.9191,29.661889648437523,0.0163238,0.07098389,25.97569771821812,33.45876464843752,0.014622443,0.058166504,14.392002650618508,28.865014648437523,0.014439338,0.08013916,4.437369176521178,0,0,1
2017-03-07 17:00:00,1291.725,28.492700195312523,0.016453516,0.063690186,26.73113508184177,31.445825195312523,0.0147178285,0.057357788,14.483492653646849,27.664575195312523,0.014454614,0.078186035,5.256745261356865,0,0,1
2017-03-07 18:00:00,1251.9447,27.343103027343773,0.016659712,0.045669556,26.16826651896189,29.046228027343773,0.015080429,0.06350708,12.871753640377229,25.952478027343773,0.014737106,0.077941895,6.013787164725908,0,0,1
2017-03-07 19:00:00,1306.3445,26.717065429687523,0.016912013,0.02494049,24.83613275029417,27.326440429687523,0.015580685,0.061401367,12.486125643595232,24.576440429687523,0.014970333,0.083618164,6.85289577617404,0,0,1
2017-03-07 20:00:00,1284.1518999999998,26.437158203125023,0.01709589,0.015220642,23.43210031549269,26.437158203125023,0.016027775,0.06185913,12.533958000145606,23.812158203125023,0.015196171,0.096710205,6.827812604588596,0,0,1
2017-03-07 21:00:00,1255.8898,26.295617675781276,0.017158033,0.014839172,22.891808549820624,25.967492675781276,0.016364576,0.06576538,12.241630896578144,23.412805175781276,0.015441419,0.123687744,6.460664741635228,0,0,1
2017-03-07 22:00:00,1202.3175,26.163171386718773,0.017182408,0.013088226,23.14053276378478,25.631921386718773,0.016579686,0.06808472,11.63511749037768,23.272546386718773,0.015687047,0.15362549,5.996434621062157,0,0,1
2017-03-07 23:00:00,1149.2114,26.014001464843773,0.017191837,0.013347626,23.107491484791822,25.404626464843773,0.016665408,0.0675354,11.289030438968314,23.256188964843773,0.01588721,0.17175293,5.645387187751942,0,0,1
2017-03-08 00:00:00,1070.9144,25.8781677246094,0.01718425,0.017372131,22.80294106236628,25.1906677246094,0.01668834,0.064331055,11.13424468583842,23.2141052246094,0.015971176,0.18463135,5.46366837356116,0,0,1
2017-03-08 01:00:00,1029.6635,25.738854980468773,0.01720714,0.023582458,23.2164996964292,24.996667480468773,0.016680712,0.060256958,11.616659211676756,23.168542480468773,0.015978808,0.20288086,5.520142531835328,0,0,1
2017-03-08 02:00:00,1000.9127,25.589135742187523,0.01726811,0.024131775,23.979397513844116,24.862573242187523,0.01665013,0.054031372,12.597420891696784,23.104760742187523,0.015940595,0.21496582,5.803373178034502,0,0,1
2017-03-08 03:00:00,981.834,25.448663330078148,0.017359478,0.032089233,24.59623912812784,24.753350830078148,0.016527874,0.060699463,13.36344510367976,22.995538330078148,0.0158336,0.21588135,6.433639376118951,0,0,1
2017-03-08 04:00:00,970.5575,25.3608337402344,0.017389927,0.03996277,23.870254955807937,24.6186462402344,0.016382847,0.058898926,13.011478210259758,22.8764587402344,0.015726719,0.20166016,6.789335460026226,0,0,1
2017-03-08 05:00:00,980.7153,25.331231689453148,0.017397359,0.05293274,21.8897696651018,24.487481689453148,0.01625295,0.05609131,12.726094388835667,22.776544189453148,0.015612081,0.1951294,6.8966460161866365,0,0,1
2017-03-08 06:00:00,987.7559,25.390405273437523,0.017435176,0.059387207,20.585851384426142,24.499780273437523,0.01612292,0.051345825,13.02315058547182,22.726342773437523,0.01548205,0.17614746,6.952253994339292,0,0,1
2017-03-08 07:00:00,1104.7509,26.1855407714844,0.017328076,0.071258545,24.308356310607213,25.8808532714844,0.016053967,0.055526733,15.454567539627696,23.3261657714844,0.015394025,0.15472412,7.312919158659813,0,0,1
2017-03-08 08:00:00,1314.6727,27.277062988281276,0.016801203,0.08673096,29.401484424718305,28.136437988281276,0.015626276,0.061660767,18.38573125634568,24.878625488281276,0.015023555,0.13146973,7.638396584786273,0,0,1
2017-03-08 09:00:00,1402.7777,28.314630126953148,0.016488288,0.0914917,31.048987330633064,30.299005126953148,0.015240881,0.060317993,19.11441788465806,26.752130126953148,0.014470312,0.10748291,7.339857600647189,0,0,1
2017-03-08 10:00:00,1463.0877,29.164636230468773,0.016396802,0.10595703,31.2321666693696,32.10213623046877,0.01510362,0.05545044,18.485576141104037,28.414636230468773,0.014046948,0.098083496,6.756228205727742,0,0,1
2017-03-08 11:00:00,1493.4802,29.764062500000023,0.016351154,0.12234497,30.54180112912363,33.48281250000002,0.015107564,0.06036377,17.638812427638715,29.545312500000023,0.014157704,0.09963989,5.727110667722582,0,0,1
2017-03-08 12:00:00,1512.7182,30.157678222656276,0.016328104,0.13879395,29.646143130097624,34.23580322265627,0.01506544,0.08673096,16.889380835233677,30.220178222656276,0.014237651,0.09902954,5.074817169353805,0,0,1
2017-03-08 13:00:00,1530.4245999999998,30.297204589843773,0.016335538,0.14251709,29.25193352984337,34.39095458984377,0.015072874,0.12210083,16.49572235144603,30.515954589843773,0.014187864,0.11602783,4.874346075949197,0,0,1
2017-03-08 14:00:00,1544.7415,30.1682067871094,0.016342998,0.14221191,29.112442093853428,33.7775817871094,0.015087962,0.13171387,16.468210482075264,30.3400817871094,0.014145732,0.124572754,5.028851800694629,0,0,1
2017-03-08 15:00:00,1508.292,29.646051025390648,0.016319878,0.13641357,29.161359831574423,32.91167602539065,0.015053398,0.14715576,16.724012515078197,29.661676025390648,0.014111168,0.13208008,5.518048666329826,0,0,1
2017-03-08 16:00:00,1449.4798999999998,28.812707519531276,0.016350197,0.102996826,29.90792253845804,31.797082519531276,0.015026496,0.11917114,17.387846944763222,28.750207519531276,0.014091895,0.11010742,6.299597809078953,0,0,1
2017-03-08 17:00:00,1317.5323,27.728814697265648,0.016395776,0.06640625,30.488701580622703,30.213189697265648,0.015064447,0.098358154,17.21204905199725,27.431939697265648,0.0141031435,0.07601929,7.031253076171202,0,0,1
2017-03-08 18:00:00,1272.925,26.778039550781276,0.016563527,0.035614014,29.631990003085665,28.215539550781276,0.015419118,0.09631348,15.002450117280324,25.653039550781276,0.014465444,0.07696533,7.280974807450477,0,0,1
2017-03-08 19:00:00,1343.4767000000002,26.305078125000023,0.016838148,0.020004272,28.318196795971858,26.851953125000023,0.01593025,0.08627319,14.665248384970202,24.383203125000023,0.01500328,0.10971069,7.070385350647646,0,0,1
2017-03-08 20:00:00,1309.9859,26.100549316406276,0.017036298,0.017288208,27.592812771632957,26.147424316406276,0.016296247,0.09197998,14.637852581934592,23.803674316406276,0.015361645,0.117614746,6.751870163288412,0,0,1
2017-03-08 21:00:00,1279.7606999999998,25.977136230468773,0.017036134,0.025596619,28.2034454838093,25.789636230468773,0.016349489,0.07849121,14.5310150560644,23.508386230468773,0.015556031,0.11633301,6.502051493346646,0,0,1
2017-03-08 22:00:00,1230.2003,25.850732421875023,0.017051302,0.027816772,27.999148208740905,25.522607421875023,0.016242586,0.052597046,14.50870624014062,23.374169921875023,0.015605532,0.11206055,6.7089911810827925,0,0,1
2017-03-08 23:00:00,1115.0002000000002,25.731652832031276,0.017112339,0.02544403,26.183473421139293,25.278527832031276,0.016074741,0.036621094,14.515970923959388,23.309777832031276,0.015620792,0.11160278,6.999593262435938,0,0,1
2017-03-09 00:00:00,1075.6787000000002,25.608361816406276,0.017058982,0.029914856,26.37886803778885,25.030236816406276,0.015922202,0.031921387,14.43017392249982,23.248986816406276,0.015563619,0.114746094,7.09106116065108,0,0,1
2017-03-09 01:00:00,1028.8279,25.472436523437523,0.017112426,0.03540039,26.53850562642496,24.800561523437523,0.015845947,0.035232544,14.363735072166596,23.183374023437523,0.015464477,0.115478516,7.115646060716424,0,0,1
2017-03-09 02:00:00,982.8013,25.330224609375023,0.017226867,0.039520264,25.823007270025183,24.627099609375023,0.0158078,0.03744507,14.374037703439573,23.103662109375023,0.015369109,0.11557007,7.035587602488684,0,0,1
2017-03-09 03:00:00,963.5274,25.263757324218773,0.017272526,0.03677368,25.26178023999011,24.498132324218773,0.015777165,0.045043945,14.375442211481175,23.021569824218773,0.015265995,0.115722656,6.9066039119849565,0,0,1
2017-03-09 04:00:00,984.2883,25.252465820312523,0.01728,0.02961731,24.31990660047164,24.393090820312523,0.01575412,0.05105591,13.90517908666152,22.932153320312523,0.015185731,0.11236572,6.739400399588355,0,0,1
2017-03-09 05:00:00,998.0309,25.242120361328148,0.017264593,0.030479431,23.18724385492788,24.288995361328148,0.015753973,0.05319214,13.052350957166038,22.843682861328148,0.015105476,0.11022949,6.55059128924317,0,0,1
2017-03-09 06:00:00,1020.5235,25.282617187500023,0.017264517,0.024421692,22.67924210508229,24.321679687500023,0.015776785,0.05456543,12.56968147547978,22.766992187500023,0.015044364,0.105651855,6.360832952260075,0,0,1
2017-03-09 07:00:00,1134.9278,26.049340820312523,0.017157696,0.032974243,25.99629613463669,25.783715820312523,0.015814923,0.05355835,15.032394828739344,23.471215820312523,0.014945171,0.095947266,6.727895477816581,0,0,1
2017-03-09 08:00:00,1319.9751,27.218286132812523,0.016791496,0.048965454,28.397260238235766,28.030786132812523,0.01556698,0.048614502,17.624097773408433,25.046411132812523,0.014586602,0.08956909,7.057324723470108,0,0,1
2017-03-09 09:00:00,1416.7720000000002,28.381402587890648,0.016654149,0.06227112,27.632475248419063,30.303277587890648,0.015269414,0.03718567,17.994167374715545,26.850152587890648,0.014163151,0.08065796,6.888577651441299,0,0,1
2017-03-09 10:00:00,1490.2427,29.4821716308594,0.01657012,0.07888794,26.10147553580993,32.3415466308594,0.015032797,0.024742126,17.048288960894013,28.5290466308594,0.01392272,0.06304932,6.208391190159006,0,0,1
2017-03-09 11:00:00,1531.5293,30.287072753906276,0.016493727,0.10562134,24.83531560099401,33.91207275390627,0.014834333,0.017677307,16.228501234535983,29.724572753906276,0.014147688,0.057174683,5.128539598292567,0,0,1
2017-03-09 12:00:00,1543.6738,30.772851562500023,0.01642501,0.14050293,23.761005352598424,34.94472656250002,0.014674065,0.016227722,15.740920321594947,30.382226562500023,0.014258263,0.066467285,4.522480582579876,0,0,1
2017-03-09 13:00:00,1557.8555,30.975213623046898,0.016363947,0.1671753,22.83404039759294,35.4908386230469,0.014529077,0.023094177,15.43155551390116,30.600213623046898,0.014273493,0.083343506,4.241096152189082,0,0,1
2017-03-09 14:00:00,1581.3266,30.927941894531276,0.016264752,0.17486572,22.18134051551956,35.41231689453127,0.01444514,0.033798218,15.28356337934032,30.412316894531276,0.014262035,0.099365234,4.2495634348423685,0,0,1
2017-03-09 15:00:00,1532.4354,30.473535156250023,0.016173197,0.16021729,22.355358203465972,34.73916015625002,0.014380289,0.041915894,15.304794457895785,29.926660156250023,0.014265848,0.11062622,4.587186098922992,0,0,1
2017-03-09 16:00:00,1459.6602,29.604058837890648,0.016218992,0.11679077,23.769900572315684,33.27593383789065,0.014483304,0.04345703,15.681278909570675,29.166558837890648,0.014345975,0.113983154,5.185816498551875,0,0,1
2017-03-09 17:00:00,1327.4953,28.402062988281276,0.016318293,0.089263916,25.343272310733983,31.073937988281276,0.014723751,0.042312622,15.742102773888003,27.980187988281276,0.014533016,0.09942627,5.836420878418892,0,0,1
2017-03-09 18:00:00,1293.9878,27.186090087890648,0.016463382,0.055755615,25.975314208728783,28.576715087890648,0.015132054,0.0413208,14.155504607729917,26.248590087890648,0.014922245,0.098846436,6.11036636465364,0,0,1
2017-03-09 19:00:00,1348.707,26.467065429687523,0.016562672,0.034591675,25.80173784657383,26.920190429687523,0.015597554,0.05722046,13.548366726908334,24.873315429687523,0.015227528,0.11175537,6.235649256303954,0,0,1
2017-03-09 20:00:00,1319.4764,26.1970153808594,0.016570276,0.019607544,25.033013675577312,26.0407653808594,0.015929407,0.06802368,13.804417508501524,24.0563903808594,0.015345757,0.121154785,6.117587540798737,0,0,1
2017-03-09 21:00:00,1296.6695,26.1013122558594,0.01652451,0.017837524,24.69128333352177,25.5544372558594,0.016074376,0.063964844,13.14617988012768,23.5231872558594,0.015551764,0.13287354,5.850915015626237,0,0,1
2017-03-09 22:00:00,1243.3772,25.982537841796898,0.016471174,0.017997742,25.07591192045821,25.310662841796898,0.016082074,0.07211304,12.712764933028206,23.107537841796898,0.015677717,0.13360596,5.666657514377758,0,0,1
2017-03-09 23:00:00,1150.7466000000002,25.825280761718773,0.016524648,0.023864746,25.581727408869003,25.090905761718773,0.016028738,0.07168579,12.72672808291798,22.794030761718773,0.015639639,0.13330078,5.801549043647496,0,0,1
2017-03-10 00:00:00,1099.8549999999998,25.646264648437523,0.016600996,0.031661987,25.83020004992491,24.818139648437523,0.015960127,0.066589355,12.578175198851694,22.536889648437523,0.015544326,0.119903564,6.088092175140568,0,0,1
2017-03-10 01:00:00,1053.7115,25.506921386718773,0.016707888,0.029067993,25.60467894233853,24.553796386718773,0.015891543,0.051742554,12.34219879370092,22.319421386718773,0.01542615,0.10525513,6.385674593903613,0,0,1
2017-03-10 02:00:00,1019.6752,25.399011230468773,0.016807128,0.025123596,24.77186911130402,24.336511230468773,0.015822936,0.036209106,12.326672658332564,22.164636230468773,0.0152850645,0.09265137,6.677247626970802,0,0,1
2017-03-10 03:00:00,1001.608,25.307641601562523,0.016929112,0.023704529,23.300771099641544,24.167016601562523,0.015746556,0.027610779,12.386398559012031,22.042016601562523,0.015120946,0.08364868,6.924428851540316,0,0,1
2017-03-10 04:00:00,985.1599,25.275964355468773,0.017005313,0.024620056,21.537422322616383,24.041589355468773,0.015738834,0.021308899,12.103808271887704,21.971276855468773,0.014991153,0.07733154,6.9978515625,0,0,1
2017-03-10 05:00:00,998.5526,25.290734863281276,0.017073894,0.0236969,20.26457544295712,23.954797363281276,0.015807414,0.014080048,11.77505417343604,21.954797363281276,0.014941478,0.07318115,6.945074699115478,0,0,1
2017-03-10 06:00:00,1015.0048,25.393518066406276,0.017157756,0.01752472,19.94527063744138,24.049768066406276,0.015914164,0.015716553,11.898990004818293,21.971643066406276,0.014922343,0.07293701,6.916722591434498,0,0,1
2017-03-10 07:00:00,1146.3727,26.169396972656276,0.017150111,0.019424438,23.705255355505592,25.747521972656276,0.015975185,0.028137207,14.99124912587353,22.692834472656276,0.014910883,0.07229614,7.375357703893146,0,0,1
2017-03-10 08:00:00,1313.5150999999998,27.343682861328148,0.016867658,0.02822113,26.96775601532232,28.203057861328148,0.015543959,0.035873413,17.88239995838043,24.328057861328148,0.014655135,0.06982422,7.80252160614161,0,0,1
2017-03-10 09:00:00,1418.4469,28.538110351562523,0.016645752,0.038467407,26.840977010440582,30.413110351562523,0.015154205,0.038208008,17.62821387025274,26.397485351562523,0.014234863,0.07070923,7.517956714210203,0,0,1
2017-03-10 10:00:00,1479.6006000000002,29.518518066406276,0.016500123,0.04978943,25.12914746114606,32.01851806640627,0.014951357,0.054489136,16.016655054528155,28.284143066406276,0.013860353,0.067871094,6.506500881316077,0,0,1
2017-03-10 11:00:00,1516.2161,30.215356445312523,0.016377445,0.052520752,22.96418951855564,32.96535644531252,0.014809606,0.064331055,14.531454793163752,29.590356445312523,0.014092443,0.06665039,4.706451302284855,0,0,1
2017-03-10 12:00:00,1512.7524,30.700006103515648,0.01633126,0.06329346,21.364371843734222,33.77813110351565,0.0147329,0.070251465,13.491659716171789,30.450006103515648,0.014263692,0.07797241,3.3853601136790368,0,0,1
2017-03-10 13:00:00,1547.9937,30.902276611328148,0.016262328,0.07131958,20.331027465315422,34.46477661132815,0.014602935,0.07525635,12.825228397945692,30.792901611328148,0.014187133,0.1116333,2.7515604256357307,0,0,1
2017-03-10 14:00:00,1565.6868,30.874902343750023,0.016201131,0.08395386,19.963935241508587,34.68740234375002,0.014495961,0.09957886,12.469917414803968,30.609277343750023,0.014213674,0.13330078,2.4121551207864824,0,0,1
2017-03-10 15:00:00,1525.1238999999998,30.533074951171898,0.01614764,0.0927124,20.088514434134,34.2830749511719,0.014431027,0.1234436,12.385276439355245,29.939324951171898,0.01432803,0.15600586,2.3248035594030805,0,0,1
2017-03-10 16:00:00,1440.6978,29.765832519531276,0.016193349,0.07992554,20.806663956882865,32.95333251953127,0.0145454,0.11276245,12.56681732235833,28.968957519531276,0.014331777,0.11883545,2.700456437630935,0,0,1
2017-03-10 17:00:00,1328.0717,28.714471435546898,0.016300065,0.06463623,21.6874674807258,31.276971435546898,0.01480089,0.08950806,12.779741760653623,27.933221435546898,0.014201983,0.0765686,3.691931882219554,0,0,1
2017-03-10 18:00:00,1289.4471,27.651971435546898,0.016475588,0.04159546,21.9667570831028,29.183221435546898,0.015212924,0.09051514,11.59259845454084,26.355096435546898,0.014476688,0.05986023,4.774546548772871,0,0,1
2017-03-10 19:00:00,1358.791,26.930139160156276,0.016697118,0.026191711,21.845728266776995,27.539514160156276,0.015613745,0.08908081,12.34036256922153,24.977014160156276,0.014587591,0.04890442,6.07308141294068,0,0,1
2017-03-10 20:00:00,1317.63,26.549829101562523,0.0168806,0.01864624,21.216626481554805,26.440454101562523,0.015911667,0.07974243,12.899130911716025,24.112329101562523,0.014553634,0.044128418,6.75266091350971,0,0,1
2017-03-10 21:00:00,1275.9794,26.336511230468773,0.017071668,0.013946533,20.533869695882945,25.867761230468773,0.016079847,0.08050537,12.738284915477854,23.539636230468773,0.014664594,0.04949951,6.5981650489313655,0,0,1
2017-03-10 22:00:00,1223.3016,26.172021484375023,0.017232519,0.015968323,20.869670343797697,25.484521484375023,0.016141515,0.083099365,11.955081181842855,23.172021484375023,0.014730076,0.063964844,6.592109289471647,0,0,1
2017-03-10 23:00:00,1153.0744,25.995965576171898,0.017339444,0.014797211,20.96891223099966,25.245965576171898,0.016134,0.083618164,11.34894228808789,22.902215576171898,0.014878964,0.0836792,6.365800687138005,0,0,1
2017-03-11 00:00:00,1092.0703,25.829278564453148,0.017354457,0.018249512,20.95179893035366,25.032403564453148,0.016156642,0.078826904,10.940094593204028,22.727716064453148,0.015027492,0.08981323,6.217813677818585,0,0,1
2017-03-11 01:00:00,1059.389,25.664147949218773,0.017323788,0.02355957,20.878208536050327,24.851647949218773,0.016217526,0.0697937,10.851600022714557,22.617272949218773,0.015160854,0.084198,6.131200611720523,0,0,1
2017-03-11 02:00:00,1044.1646,25.573693847656276,0.017277917,0.028556824,20.911240120540587,24.698693847656276,0.016286096,0.060058594,10.846654068420383,22.550256347656276,0.015267572,0.08566284,6.156368326511961,0,0,1
2017-03-11 03:00:00,1007.3843,25.527001953125023,0.017247299,0.030517578,20.58602910024687,24.573876953125023,0.016324142,0.05177307,10.7327258046706,22.519189453125023,0.015343765,0.08886719,6.279474609897135,0,0,1
2017-03-11 04:00:00,998.0614,25.469140625000023,0.017224297,0.028404236,19.314276787956544,24.391015625000023,0.016316399,0.048675537,9.947439659838748,22.500390625000023,0.015374169,0.08792114,6.140672355643974,0,0,1
2017-03-11 05:00:00,999.9832,25.432946777343773,0.017216543,0.032073975,17.741526237470755,24.182946777343773,0.016293386,0.045791626,9.032192447683304,22.464196777343773,0.015385488,0.08139038,5.831744775909493,0,0,1
2017-03-11 06:00:00,979.0793,25.482080078125023,0.017262187,0.038909912,16.885714859993573,24.122705078125023,0.016308513,0.044281006,8.420583138830068,22.458642578125023,0.015415872,0.07635498,5.46657587224103,0,0,1
2017-03-11 07:00:00,1045.9367,26.301873779296898,0.017132347,0.04826355,19.738723193214398,25.926873779296898,0.01635415,0.040512085,11.846216008064212,23.395623779296898,0.0154042905,0.07043457,5.589603289344511,0,0,1
2017-03-11 08:00:00,1176.3948,27.428765869140648,0.016842285,0.05911255,21.13395387398336,28.491265869140648,0.015964905,0.043411255,14.130796556313376,25.491265869140648,0.015079895,0.062316895,5.653756541944789,0,0,1
2017-03-11 09:00:00,1291.7424,28.532586669921898,0.01676584,0.054214478,19.64494507977816,30.782586669921898,0.015377291,0.04396057,13.570624439824703,27.751336669921898,0.0144198015,0.06159973,5.131229622692391,0,0,1
2017-03-11 10:00:00,1347.8609,29.606835937500023,0.01668177,0.05090332,18.39422304437592,32.70058593750002,0.014972785,0.046401978,12.282148777346215,29.513085937500023,0.014312842,0.06744385,3.7995478059853727,0,0,1
2017-03-11 11:00:00,1372.9509,30.499322509765648,0.016529042,0.05583191,17.754562719917615,34.28057250976565,0.014709431,0.04600525,11.272155186296244,30.764947509765648,0.014514881,0.07678223,2.349643548350692,0,0,1
2017-03-11 12:00:00,1357.4125,31.1584411621094,0.016383994,0.053848267,17.402397727189015,35.4240661621094,0.01442324,0.047225952,10.425524735452,31.6896911621094,0.0143660195,0.11325073,1.4920498857403977,0,0,1
2017-03-11 13:00:00,1331.6109,31.576257324218773,0.016246647,0.060943604,17.37086143768933,36.07625732421877,0.014121859,0.052078247,9.735628622534003,32.02938232421877,0.014282077,0.13775635,0.8574805101926797,0,0,1
2017-03-11 14:00:00,1309.6501,31.647485351562523,0.01606357,0.09246826,17.764768644845415,36.20998535156252,0.013847231,0.06838989,9.260787546106492,31.944360351562523,0.014110445,0.14465332,0.4536781818128225,0,0,1
2017-03-11 15:00:00,1293.7602000000002,31.344873046875023,0.01594142,0.12030029,18.527232343711542,35.70424804687502,0.01373271,0.10974121,8.936551403576747,31.376123046875023,0.0140149975,0.16442871,0.4092785758107127,0,0,1
2017-03-11 16:00:00,1260.761,30.542047119140648,0.015956545,0.117248535,19.83357347017122,34.57329711914065,0.013862276,0.13214111,8.988782835173524,30.245172119140648,0.014182711,0.17614746,0.9275316422455432,0,0,1
2017-03-11 17:00:00,1217.3519,29.370721435546898,0.016124414,0.091796875,21.393108206507804,32.7144714355469,0.014270471,0.12112427,8.601818065536657,28.730096435546898,0.014552759,0.17816162,1.5583448374760482,0,0,1
2017-03-11 18:00:00,1249.5145,28.055261230468773,0.016406909,0.068878174,22.304453848929445,30.524011230468773,0.014964952,0.09069824,6.50272840897298,27.039636230468773,0.015346422,0.15264893,1.6812655870076696,0,0,1
2017-03-11 19:00:00,1318.2243,27.1997009277344,0.016689342,0.0440979,22.44880149038011,29.0278259277344,0.015365641,0.07342529,6.5726407593998335,25.8559509277344,0.015850108,0.13812256,1.586316218515824,0,0,1
2017-03-11 20:00:00,1294.1281,26.779626464843773,0.016887931,0.0337677,21.427811378296838,27.842126464843773,0.015629081,0.06677246,7.727493298569942,25.185876464843773,0.015720634,0.12298584,1.4825418657435112,0,0,1
2017-03-11 21:00:00,1261.1684,26.545739746093773,0.017048344,0.025032043,20.114230524489003,26.889489746093773,0.015865788,0.052352905,8.935545876024534,24.592614746093773,0.015797123,0.108062744,1.1312393688524314,0,0,1
2017-03-11 22:00:00,1193.5017,26.379510498046898,0.017155226,0.019981384,19.57473354815961,26.145135498046898,0.016117629,0.042236328,9.19241420810598,24.067010498046898,0.015827712,0.10046387,1.1624909508260644,0,0,1
2017-03-11 23:00:00,1166.9331,26.213739013671898,0.017193487,0.020553589,19.91226599604294,25.635614013671898,0.016308477,0.04046631,9.2999432223648,23.666864013671898,0.015743902,0.100097656,2.088201440384252,0,0,1
2017-03-12 00:00:00,1106.7446,26.057641601562523,0.017186029,0.0182724,20.25140009808253,25.245141601562523,0.016346795,0.040008545,9.714932735758016,23.292016601562523,0.015629632,0.09643555,2.964261793837821,0,0,1
2017-03-12 01:00:00,1048.8165,25.906915283203148,0.017193878,0.020248413,20.12021888568344,24.938165283203148,0.016324127,0.039093018,9.345726856357018,22.969415283203148,0.015561187,0.09210205,3.664035243601981,0,0,1
2017-03-12 02:00:00,991.2344,25.765649414062523,0.017201621,0.029319763,19.97406853138061,24.656274414062523,0.016270835,0.034301758,8.634043256618149,22.687524414062523,0.015492637,0.08779907,4.155262402673362,0,0,1
2017-03-12 03:00:00,956.4432,25.635095214843773,0.017193953,0.034561157,19.76716110014244,24.369470214843773,0.016232649,0.030723572,8.054230889624948,22.510095214843773,0.015416305,0.083740234,4.487090227549984,0,0,1
2017-03-12 04:00:00,968.9435,25.542138671875023,0.017186262,0.041366577,18.209761967368028,24.057763671875023,0.01619444,0.029373169,6.939983999580166,22.331201171875023,0.015366652,0.07815552,4.400987171926701,0,0,1
2017-03-12 05:00:00,959.6927,25.479699707031276,0.01720141,0.045822144,15.947233068896653,23.698449707031276,0.016156184,0.028213501,5.787977702321283,22.190637207031276,0.015336025,0.07223511,4.317123800298585,0,0,1
2017-03-12 06:00:00,925.2919,25.5231872558594,0.017239265,0.045425415,14.502118038835045,23.7106872558594,0.016155891,0.02482605,6.165910404674174,22.1325622558594,0.0153319165,0.06826782,4.398042483979373,0,0,1
2017-03-12 07:00:00,930.4614,26.2299743652344,0.017086376,0.060943604,16.7058016630182,25.5893493652344,0.01614033,0.023788452,9.95982674183728,23.1205993652344,0.015255321,0.05921936,4.95968845004244,0,0,1
2017-03-12 08:00:00,990.447,27.155877685546898,0.016803874,0.08938599,17.767291210617635,28.015252685546898,0.015682353,0.02482605,12.019074043749818,25.202752685546898,0.014793528,0.039733887,4.960808172988249,0,0,1
2017-03-12 09:00:00,1039.0037000000002,28.070123291015648,0.01678835,0.112335205,16.531303147805634,30.132623291015648,0.015216695,0.020065308,11.01256554505049,27.445123291015648,0.014087545,0.025596619,4.228904892410125,0,0,1
2017-03-12 10:00:00,1088.7821,29.015008544921898,0.016833894,0.1395874,15.78315166837454,32.0931335449219,0.014884584,0.016471863,9.658458461614687,29.390008544921898,0.013652436,0.021278381,3.0232006459278105,0,0,1
2017-03-12 11:00:00,1143.3211,29.838098144531276,0.016826134,0.16638184,15.688678143400324,33.80684814453127,0.014502984,0.014698029,8.892847620422202,30.713098144531276,0.014003258,0.020324707,1.6906986248745637,0,0,1
2017-03-12 12:00:00,1149.5983,30.404718017578148,0.016726868,0.20074463,15.341833838871764,35.15471801757815,0.01417865,0.02230835,8.295103218857438,31.732843017578148,0.013903992,0.026260376,1.1872422952600783,0,0,1
2017-03-12 13:00:00,1134.2497,30.835260009765648,0.016589478,0.24633789,15.000963836221493,35.91338500976565,0.013873413,0.067718506,8.073846173597321,32.39776000976565,0.013526276,0.056350708,1.2907880629269763,0,0,1
2017-03-12 14:00:00,1113.6495,30.748651123046898,0.016497882,0.25183105,15.273822065970576,35.8424011230469,0.013774187,0.12554932,8.257436805919847,32.3892761230469,0.013354571,0.10021973,1.84686783145346,0,0,1
2017-03-12 15:00:00,1047.5889,30.456597900390648,0.016520739,0.23773193,16.011875370894767,34.70659790039065,0.01385808,0.14544678,8.823030220631114,31.878472900390648,0.013491869,0.13366699,2.53428086977376,0,0,1
2017-03-12 16:00:00,1087.3163000000002,29.931115722656276,0.016520714,0.20544434,16.938104665175427,33.43111572265627,0.014102197,0.13342285,9.82650142001062,30.509240722656276,0.013827539,0.15863037,2.751645348518489,0,0,1
2017-03-12 17:00:00,1088.609,29.088830566406276,0.016513087,0.1550293,17.789553013247208,31.916955566406276,0.014415003,0.0904541,10.276348075700298,29.010705566406276,0.014155604,0.16265869,2.1118213353446813,0,0,1
2017-03-12 18:00:00,1135.8157,28.058221435546898,0.016673354,0.106170654,18.20631434137543,30.151971435546898,0.014876632,0.04286194,9.096603770063645,27.386346435546898,0.014697341,0.14385986,1.1370944929967317,0,0,1
2017-03-12 19:00:00,1214.5107,27.222497558593773,0.017016763,0.059936523,18.72979037809612,28.769372558593773,0.015288705,0.025688171,9.168003168874463,26.019372558593773,0.0155595485,0.11364746,0.5577658273100397,0,0,1
2017-03-12 20:00:00,1208.0027,26.663415527343773,0.01736782,0.033065796,18.25907188371544,27.679040527343773,0.015574911,0.02192688,9.388488246136944,25.288415527343773,0.015536764,0.08425903,1.0247246895870668,0,0,1
2017-03-12 21:00:00,1206.142,26.339929199218773,0.017566293,0.02256012,17.587812799140693,26.808679199218773,0.015750498,0.023292542,9.390954978083467,24.808679199218773,0.015369028,0.067596436,2.011826293441055,0,0,1
2017-03-12 22:00:00,1168.3824,26.191369628906276,0.017604588,0.02180481,17.59943013569116,26.160119628906276,0.015903233,0.023796082,8.99501391576737,24.363244628906276,0.015289066,0.054000854,2.693254293337964,0,0,1
2017-03-12 23:00:00,1075.5633,26.0754333496094,0.017627606,0.032562256,17.748379941266492,25.6535583496094,0.01605595,0.02835083,8.451926996936725,23.9035583496094,0.015293011,0.050079346,3.3232910898776686,0,0,1
2017-03-13 00:00:00,1036.8892,26.020227050781276,0.017543778,0.042633057,17.927669693443345,25.363977050781276,0.016162857,0.039657593,8.64357070571403,23.520227050781276,0.015262588,0.045791626,4.238488552947909,0,0,1
2017-03-13 01:00:00,978.8634,25.881188964843773,0.017643,0.040267944,17.764978060656464,25.131188964843773,0.016254451,0.04399109,9.1144105391917,23.209313964843773,0.015228297,0.041793823,4.939082156331991,0,0,1
2017-03-13 02:00:00,947.1633,25.686853027343773,0.017772695,0.0413208,17.859783306110156,24.921228027343773,0.016345998,0.048614502,9.031012813001034,22.921228027343773,0.015167257,0.03765869,5.340918246410794,0,0,1
2017-03-13 03:00:00,948.5778,25.521997070312523,0.017848939,0.04423523,17.741723388084285,24.756372070312523,0.016429871,0.05392456,9.04148523620369,22.615747070312523,0.0151557615,0.04258728,5.378916590063591,0,0,1
2017-03-13 04:00:00,932.3646,25.3901306152344,0.017902242,0.038726807,16.16062796741728,24.6088806152344,0.016490804,0.053466797,8.495459620731564,22.3901306152344,0.015140401,0.045181274,5.266454947517675,0,0,1
2017-03-13 05:00:00,949.8281,25.2971130371094,0.017924994,0.029121399,14.253541301593456,24.2189880371094,0.016505927,0.05343628,7.2988815966314675,22.2346130371094,0.015086859,0.047561646,5.142637515828008,0,0,1
2017-03-13 06:00:00,972.095,25.420953369140648,0.017871432,0.022026062,13.80987396271113,24.233453369140648,0.016536288,0.050064087,7.702400616057577,22.186578369140648,0.015010409,0.04336548,5.107430923599776,0,0,1
2017-03-13 07:00:00,1101.8913,26.414727783203148,0.017566083,0.020736694,17.990699730539486,26.039727783203148,0.016497968,0.047027588,11.906945434445284,22.945977783203148,0.014838575,0.033355713,5.5880607784409255,0,0,1
2017-03-13 08:00:00,1287.778,27.611718750000023,0.017153924,0.02848816,20.794919200390783,28.486718750000023,0.015971368,0.040649414,14.34763561800858,24.924218750000023,0.014388269,0.025131226,5.76734798831303,0,0,1
2017-03-13 09:00:00,1427.449,28.706018066406276,0.017100368,0.04084778,21.30240512217477,30.877893066406276,0.015292201,0.036071777,14.114263713901156,27.346643066406276,0.013770137,0.01914978,5.130147698936439,0,0,1
2017-03-13 10:00:00,1491.4668,29.660668945312523,0.017062109,0.055770874,21.423704149546705,32.95754394531252,0.014967839,0.028656006,12.98279995946936,29.457543945312523,0.013426702,0.018753052,3.574664286876495,0,0,1
2017-03-13 11:00:00,1534.1051,30.309228515625023,0.017016271,0.081970215,21.11834152472402,34.59047851562502,0.014746525,0.021347046,11.911216111060398,31.059228515625023,0.013533452,0.020240784,1.705346872445724,0,0,1
2017-03-13 12:00:00,1538.3853,30.6364685058594,0.017008608,0.111694336,20.630368086933007,35.6989685058594,0.014567201,0.020217896,11.05089731845196,32.2302185058594,0.01332361,0.02722931,0.7011807530938199,0,0,1
2017-03-13 13:00:00,1585.5297,30.681970214843773,0.016947547,0.12792969,19.925645736894616,36.19759521484377,0.014349737,0.04067993,10.503044864038982,32.90072021484377,0.013056555,0.0418396,0.2713136068656345,0,0,1
2017-03-13 14:00:00,1583.3973,30.5393005371094,0.016802562,0.1260376,19.26555699691465,36.0861755371094,0.01412846,0.08911133,10.266757883764848,33.0236755371094,0.012900127,0.062057495,1.171043346559688,0,0,1
2017-03-13 15:00:00,1552.7522,30.277856445312523,0.01664232,0.0927124,18.8922903412577,35.44973144531252,0.014109363,0.13586426,10.240586572178623,32.44973144531252,0.013022174,0.1031189,2.602597681240643,0,0,1
2017-03-13 16:00:00,1469.8393,29.832391357421898,0.016573641,0.06460571,18.8512506935206,34.0355163574219,0.014273379,0.14196777,10.109369343633706,30.785516357421898,0.013731692,0.13812256,3.5858237573872715,0,0,1
2017-03-13 17:00:00,1344.0738,29.072473144531276,0.016649924,0.040603638,18.808115356065592,32.55684814453127,0.014555655,0.11779785,9.549369108122232,28.916223144531276,0.014574729,0.17803955,3.708063700156585,0,0,1
2017-03-13 18:00:00,1303.5652,28.143151855468773,0.017008511,0.031181335,18.221768241023973,30.674401855468773,0.0151278665,0.08895874,6.422312727440402,27.283776855468773,0.014898985,0.21374512,3.896754932159868,0,0,1
2017-03-13 19:00:00,1364.0594999999998,27.472680664062523,0.017466316,0.029693604,18.437626183029547,29.347680664062523,0.015589485,0.088409424,5.292432489122228,26.128930664062523,0.015185127,0.21832275,3.904497663593217,0,0,1
2017-03-13 20:00:00,1324.0865,27.080285644531276,0.017847858,0.03540039,18.18951759709529,28.299035644531276,0.01594051,0.08493042,5.137060193915689,25.345910644531276,0.015562854,0.17840576,3.4435310211069403,0,0,1
2017-03-13 21:00:00,1290.1875,26.846124267578148,0.018107345,0.04298401,17.694953328308486,27.455499267578148,0.016261032,0.07241821,4.917560661418843,24.830499267578148,0.015681198,0.12799072,2.9547029475671183,0,0,1
2017-03-13 22:00:00,1226.9071,26.664514160156276,0.018290535,0.04814148,17.693565388709843,26.898889160156276,0.016436592,0.057785034,4.827586657686165,24.414514160156276,0.015902534,0.11856079,2.476630090218365,0,0,1
2017-03-13 23:00:00,1162.1512,26.506158447265648,0.018405078,0.06329346,17.90497561728216,26.318658447265648,0.016535876,0.042633057,4.842742173220315,24.053033447265648,0.016078113,0.11941528,2.2801975571221047,0,0,1
2017-03-14 00:00:00,1093.3389,26.371972656250023,0.01841285,0.079711914,18.0247701728126,25.825097656250023,0.016520761,0.03135681,4.851477474628591,23.793847656250023,0.016124032,0.11404419,2.4146925939064605,0,0,1
2017-03-14 01:00:00,1049.344,26.263604736328148,0.018382497,0.0899353,17.786199050048587,25.466729736328148,0.016513295,0.022949219,4.447687514728099,23.591729736328148,0.016055532,0.099975586,2.7278814777345777,0,0,1
2017-03-14 02:00:00,1013.7051,26.173608398437523,0.018405566,0.08917236,17.091188429241196,25.157983398437523,0.016513476,0.018455505,4.031523520483257,23.376733398437523,0.01597179,0.095184326,2.9821251502380197,0,0,1
2017-03-14 03:00:00,1006.1326,26.098779296875023,0.018451527,0.09512329,16.43404317151987,24.973779296875023,0.016559437,0.023269653,3.985065807818645,23.223779296875023,0.01588042,0.099365234,3.10424810178984,0,0,1
2017-03-14 04:00:00,980.5303,26.022302246093773,0.01847463,0.10568237,14.952236240486192,24.912927246093773,0.016666463,0.026359558,3.6344557775309534,23.069177246093773,0.015850117,0.10519409,3.1029860773711597,0,0,1
2017-03-14 05:00:00,992.0783,25.981713867187523,0.018490156,0.11236572,13.607681051966958,24.794213867187523,0.016727766,0.038864136,3.083216153229316,22.942651367187523,0.01580461,0.11300659,3.059616822766798,0,0,1
2017-03-14 06:00:00,1003.6284,26.012414550781276,0.018520623,0.1116333,12.731357220070414,24.918664550781276,0.01680401,0.044189453,2.973331400210632,22.863977050781276,0.015758783,0.11853027,2.835480153430894,0,0,1
2017-03-14 07:00:00,1116.8202,26.434106445312523,0.01846718,0.10974121,13.808530078530715,26.824731445312523,0.016781084,0.05381775,6.406114872693589,23.762231445312523,0.01569008,0.11633301,2.773002704763486,0,0,1
2017-03-14 08:00:00,1324.8998,27.101281738281276,0.01826117,0.12689209,14.62158369804267,28.882531738281276,0.016536927,0.07867432,8.09050308436262,25.616906738281276,0.015342927,0.10153198,2.4428639125013127,0,0,1
2017-03-14 09:00:00,1429.069,27.786828613281276,0.018085668,0.1550293,14.05320073387907,30.739953613281276,0.016239354,0.098236084,6.778018326929011,27.599328613281276,0.014805028,0.09448242,1.6860664191110868,0,0,1
2017-03-14 10:00:00,1515.1093,28.461145019531276,0.017864166,0.18060303,13.592782512042108,32.52364501953127,0.015609681,0.10687256,5.417294369444703,29.320520019531276,0.014594971,0.10333252,0.4636425198628213,0,0,1
2017-03-14 11:00:00,1518.6351,29.057641601562523,0.017619833,0.21575928,13.373867242208105,33.93264160156252,0.0151097635,0.11541748,4.290934990050149,30.792016601562523,0.014281974,0.11013794,0.6030644591488733,0,0,1
2017-03-14 12:00:00,1523.1051,29.409997558593773,0.017421342,0.23632812,13.3536035024807,34.81624755859377,0.0148006445,0.14385986,3.383216583574016,31.863122558593773,0.0140567785,0.14178467,1.7164642470036808,0,0,1
2017-03-14 13:00:00,1560.7597999999998,29.571618652343773,0.01725343,0.24853516,13.451269624481476,34.96224365234377,0.014586956,0.19140625,2.949700249782699,32.08724365234377,0.014220745,0.19543457,2.944883563228521,0,0,1
2017-03-14 14:00:00,1581.0865,29.6418395996094,0.017093226,0.24865723,13.964151009915868,34.7043395996094,0.014445826,0.2477417,2.76781198185234,31.5480895996094,0.014426753,0.23950195,3.9122933890782456,0,0,1
2017-03-14 15:00:00,1553.414,29.372186279296898,0.0169788,0.21282959,14.97161257328126,34.0596862792969,0.01440388,0.27197266,2.557726066867392,30.403436279296898,0.014739573,0.2515869,4.5033561017194765,0,0,1
2017-03-14 16:00:00,1444.8212999999998,28.892510986328148,0.017009212,0.13995361,16.368700920110054,32.81438598632815,0.01458688,0.26696777,2.3556150112006105,29.189385986328148,0.015029385,0.27294922,4.588849071492092,0,0,1
2017-03-14 17:00:00,1312.3828999999998,28.242944335937523,0.017100727,0.0697937,17.55812377708077,31.461694335937523,0.015376485,0.22052002,1.425591694811991,27.914819335937523,0.015231526,0.28186035,4.212489373168219,0,0,1
2017-03-14 18:00:00,1314.4505,27.434228515625023,0.017238189,0.036590576,17.783617311383374,29.809228515625023,0.017276336,0.17749023,0.4077943123675134,26.684228515625023,0.015544464,0.24890137,3.323871449708092,0,0,1
2017-03-14 19:00:00,1342.2935000000002,26.842797851562523,0.01732996,0.02746582,17.913262007504713,28.983422851562523,0.017604617,0.14782715,0.482225447290737,25.733422851562523,0.01593378,0.17712402,2.5658933027626287,0,0,1
2017-03-14 20:00:00,1316.2787999999998,26.510430908203148,0.017375836,0.023887634,17.515527526420907,28.322930908203148,0.017673383,0.12384033,0.6288173254893529,24.854180908203148,0.016406903,0.1515503,1.9900472584101796,0,0,1
2017-03-14 21:00:00,1286.6806,26.348962402343773,0.017368408,0.020248413,17.205728073878365,27.723962402343773,0.017582031,0.106933594,1.089547300320363,24.255212402343773,0.016635986,0.15112305,1.7711436260858544,0,0,1
2017-03-14 22:00:00,1207.7783,26.212274169921898,0.017460229,0.024475098,16.95584370301733,27.196649169921898,0.017376306,0.09197998,1.7483291735598108,23.837274169921898,0.01669729,0.15332031,1.954867303935199,0,0,1
2017-03-14 23:00:00,1142.7939,26.051721191406276,0.017696915,0.038726807,16.661155551434064,26.676721191406276,0.017330704,0.08114624,2.214917688497992,23.551721191406276,0.016644059,0.16204834,2.332883592813889,0,0,1
2017-03-15 00:00:00,1079.3873,25.863305664062523,0.017964011,0.06365967,16.09370415838435,26.191430664062523,0.017063743,0.07797241,2.6677748209453087,23.347680664062523,0.016560202,0.17504883,2.6815108485815964,0,0,1
2017-03-15 01:00:00,1032.5693,25.691125488281276,0.018131943,0.102630615,15.857316099420895,25.691125488281276,0.016857835,0.07687378,2.9997117953146684,23.222375488281276,0.016445847,0.17993164,2.8284706621056217,0,0,1
2017-03-15 02:00:00,986.7574,25.539758300781276,0.018215962,0.12585449,15.835520815003902,25.211633300781276,0.01672823,0.07388306,3.422275513503096,23.063195800781276,0.016262837,0.18518066,2.9659631309249863,0,0,1
2017-03-15 03:00:00,967.1235,25.450402832031276,0.018238958,0.15808105,16.088807550392126,24.794152832031276,0.016621526,0.06625366,4.008467578556501,22.887902832031276,0.01606458,0.18566895,3.189567855574821,0,0,1
2017-03-15 04:00:00,990.2821,25.445977783203148,0.018147437,0.16625977,16.130110472876108,24.430352783203148,0.016514746,0.06427002,4.435886949531313,22.742852783203148,0.015873877,0.17578125,3.4236154639728174,0,0,1
2017-03-15 05:00:00,1002.5274,25.433435058593773,0.017986896,0.15759277,16.034261127573874,24.183435058593773,0.016399981,0.06274414,5.193738960777697,22.597497558593773,0.015743854,0.15631104,3.75758890926226,0,0,1
2017-03-15 06:00:00,1023.4452,25.504052734375023,0.017811105,0.12701416,16.734193309150214,24.254052734375023,0.01635389,0.06314087,6.159713610394964,22.488427734375023,0.015659615,0.14019775,4.017197712870806,0,0,1
2017-03-15 07:00:00,1160.6324,26.049157714843773,0.017581746,0.09979248,19.35151119984621,26.017907714843773,0.016208455,0.061935425,10.188457151043645,23.049157714843773,0.015682027,0.11743164,4.675846341475973,0,0,1
2017-03-15 08:00:00,1314.8952,26.803979492187523,0.017009232,0.09088135,22.67309068340034,28.397729492187523,0.015750382,0.06750488,13.664187425726094,24.600854492187523,0.01519725,0.093566895,5.282831086715861,0,0,1
2017-03-15 09:00:00,1403.8662,27.474694824218773,0.016505472,0.099853516,24.03860774827831,30.396569824218773,0.0153076565,0.09994507,14.69636546765847,26.724694824218773,0.014327279,0.08529663,5.368665285519019,0,0,1
2017-03-15 10:00:00,1484.0578,28.1267028808594,0.01615436,0.08886719,24.344605260670207,31.6110778808594,0.014948917,0.12567139,14.805702306908014,28.5329528808594,0.013693881,0.08328247,4.941179358056772,0,0,1
2017-03-15 11:00:00,1514.561,28.756768798828148,0.01590243,0.07211304,24.267383302160628,32.16301879882815,0.014616877,0.14154053,14.772209469386151,29.788018798828148,0.013655573,0.073394775,3.9969664610180216,0,0,1
2017-03-15 12:00:00,1502.2502,29.179010009765648,0.015642874,0.056167603,24.064293650174648,32.38213500976565,0.014246694,0.13146973,14.694521883636495,30.475885009765648,0.013773671,0.076293945,3.205440258370875,0,0,1
2017-03-15 13:00:00,1523.2678,29.413690185546898,0.015387147,0.043121338,23.407548713865623,32.4918151855469,0.013861268,0.092681885,14.25525290595006,30.616815185546898,0.013624757,0.074035645,3.015707295139851,0,0,1
2017-03-15 14:00:00,1550.6357,29.412866210937523,0.01520396,0.03869629,22.813048553978312,32.24099121093752,0.013521679,0.085754395,13.496862123116252,30.334741210937523,0.013414867,0.070251465,3.050708535239983,0,0,1
2017-03-15 15:00:00,1497.4872,29.184411621093773,0.015078023,0.035369873,22.628930889098445,31.731286621093773,0.013266042,0.073272705,13.066883399359655,29.684411621093773,0.013098195,0.075927734,3.30535935085865,0,0,1
2017-03-15 16:00:00,1402.2470999999998,28.675622558593773,0.015093207,0.031417847,22.788497111172944,30.988122558593773,0.013212562,0.041656494,13.198635325547375,28.706872558593773,0.012915015,0.068725586,3.986347677733312,0,0,1
2017-03-15 17:00:00,1287.7154,27.9077087402344,0.015211386,0.031845093,22.413707204072303,29.7983337402344,0.01339559,0.03605652,12.953998110510868,27.5014587402344,0.013056082,0.059036255,4.885564179731811,0,0,1
2017-03-15 18:00:00,1288.0784,27.117028808593773,0.01539836,0.040924072,20.79734879249937,28.179528808593773,0.01388011,0.05293274,11.2656177604324,26.163903808593773,0.0133994585,0.053482056,5.587247886346322,0,0,1
2017-03-15 19:00:00,1319.8374,26.709893798828148,0.0155014405,0.048461914,19.568813846061207,27.006768798828148,0.014440955,0.06335449,11.05882467995591,25.131768798828148,0.013807715,0.053344727,6.145390434556592,0,0,1
2017-03-15 20:00:00,1294.116,26.4755798339844,0.015581728,0.048706055,18.30394954898524,26.2412048339844,0.014994265,0.05886841,10.486731641810223,24.4912048339844,0.014425875,0.059051514,5.919904347755313,0,0,1
2017-03-15 21:00:00,1272.558,26.270471191406276,0.015704107,0.0473938,17.59678025705382,25.723596191406276,0.015498113,0.051589966,10.035494274060795,24.114221191406276,0.014689397,0.06549072,5.8700776569747,0,0,1
2017-03-15 22:00:00,1216.0917,26.100183105468773,0.015727406,0.0496521,17.78949951600059,25.381433105468773,0.01581896,0.04689026,9.484812890491144,23.803308105468773,0.0148195075,0.0725708,5.8186036580139,0,0,1
2017-03-15 23:00:00,1133.9534999999998,25.920800781250023,0.015674464,0.051330566,18.24798423190441,25.108300781250023,0.015941493,0.04248047,8.931233064756894,23.577050781250023,0.014915341,0.0736084,5.618810742891125,0,0,1
2017-03-16 00:00:00,1081.4459,25.795739746093773,0.015609801,0.05130005,18.5875625373286,24.780114746093773,0.016010344,0.04055786,8.184820481593839,23.389489746093773,0.014961302,0.075164795,5.456262741860526,0,0,1
2017-03-16 01:00:00,1038.3593999999998,25.6572204589844,0.015567992,0.04875183,19.078565167872195,24.2978454589844,0.016056273,0.042022705,7.189865704848719,23.2197204589844,0.014991973,0.07330322,5.360369022818394,0,0,1
2017-03-16 02:00:00,1000.9935,25.501397705078148,0.015602386,0.04034424,19.191079761687032,23.892022705078148,0.016086852,0.04397583,6.959378154532956,23.063897705078148,0.014934814,0.07192993,5.350837841561773,0,0,1
2017-03-16 03:00:00,982.8274,25.349206542968773,0.015713068,0.044174194,18.568769804058988,23.614831542968773,0.016109796,0.03857422,7.253427923698362,22.849206542968773,0.0148852775,0.07382202,5.3297712737170215,0,0,1
2017-03-16 04:00:00,972.2296,25.247399902343773,0.015774153,0.041107178,18.281097880977683,23.388024902343773,0.016094588,0.028457642,7.294435601262569,22.653649902343773,0.014877699,0.07952881,5.045949355707021,0,0,1
2017-03-16 05:00:00,992.2916,25.163659667968773,0.015896238,0.039382935,17.343767182212773,23.163659667968773,0.01601068,0.036026,6.980127578706184,22.460534667968773,0.014908233,0.08267212,4.648713709214414,0,0,1
2017-03-16 06:00:00,1006.5389,25.166162109375023,0.016025517,0.04534912,16.951982851431122,23.291162109375023,0.015880559,0.03327942,7.77561757863953,22.384912109375023,0.0149497725,0.09124756,4.5706380217606775,0,0,1
2017-03-16 07:00:00,1140.9371,25.804467773437523,0.016086236,0.04660034,19.402143544807124,25.382592773437523,0.015689507,0.024978638,12.307075884274424,23.226342773437523,0.014972344,0.09674072,5.111593319955698,0,0,1
2017-03-16 08:00:00,1317.0899,26.6843200683594,0.015895339,0.06365967,24.034703951131885,28.0436950683594,0.014899703,0.01915741,16.398484992784965,25.0749450683594,0.014697524,0.090911865,5.329790115375107,0,0,1
2017-03-16 09:00:00,1423.7321,27.615686035156276,0.015658759,0.061264038,26.72060581548413,30.225061035156276,0.014087103,0.015426636,17.53178986885992,27.162561035156276,0.014148138,0.08157349,5.03218738613947,0,0,1
2017-03-16 10:00:00,1498.1074,28.531457519531276,0.015364876,0.058395386,28.012428522593297,32.10958251953127,0.013400307,0.014125824,17.792577083024568,28.922082519531276,0.013537636,0.078186035,4.663509691151647,0,0,1
2017-03-16 11:00:00,1522.5455,29.359246826171898,0.015109179,0.026824951,28.02062782123366,33.5779968261719,0.013011095,0.011539459,17.35048808090158,30.046746826171898,0.013625261,0.06903076,3.9703852226866254,0,0,1
2017-03-16 12:00:00,1504.1845,29.946801757812523,0.01496035,0.011554718,27.34836481147142,34.60305175781252,0.012904228,0.008308411,16.79206033830493,30.790551757812523,0.013598503,0.0552063,3.543229637088022,0,0,1
2017-03-16 13:00:00,1536.9187,30.295190429687523,0.014845887,0.006422043,26.903096981523625,35.10769042968752,0.012900392,0.005393982,16.44501603058184,31.107690429687523,0.013350526,0.055267334,3.5673710097883387,0,0,1
2017-03-16 14:00:00,1565.508,30.392419433593773,0.014716164,0.00447464,26.9707605348482,35.06429443359377,0.013068215,0.0027303696,16.262256777071208,30.986169433593773,0.0131750265,0.04600525,3.946926756313341,0,0,1
2017-03-16 15:00:00,1547.039,30.123986816406276,0.014605489,0.0027666092,27.272657111615185,34.42086181640627,0.013247456,0.0018186569,16.38385810102169,30.467736816406276,0.012953725,0.039627075,4.623139777464829,0,0,1
2017-03-16 16:00:00,1453.1887,29.437158203125023,0.014674117,0.002322197,27.8288640961122,33.03090820312502,0.01337712,0.004119873,16.746538630156042,29.484033203125023,0.01293843,0.03593445,5.3995127458087255,0,0,1
2017-03-16 17:00:00,1338.6049,28.329156494140648,0.014830457,0.0021162033,28.12472402208348,30.954156494140648,0.013491498,0.010894775,16.84854395883261,27.985406494140648,0.013197767,0.033294678,6.2715946699367855,0,0,1
2017-03-16 18:00:00,1307.8418,27.145684814453148,0.015040234,0.009361267,26.837641116776464,28.567559814453148,0.013792828,0.016731262,15.138836424445996,26.208184814453148,0.013621166,0.029541016,6.594486013979727,0,0,1
2017-03-16 19:00:00,1327.6876,26.554071044921898,0.015238729,0.016487122,25.926982854574614,26.960321044921898,0.014330831,0.017814636,14.000597739401949,24.975946044921898,0.013705221,0.040481567,6.679872530332026,0,0,1
2017-03-16 20:00:00,1300.3306,26.2946716308594,0.015281002,0.017662048,25.436761400901773,26.0446716308594,0.014914791,0.0259552,13.444066255432867,24.1852966308594,0.014186184,0.062683105,6.112560379572614,0,0,1
2017-03-16 21:00:00,1242.4054,26.124353027343773,0.015250634,0.020446777,25.096887366627044,25.483728027343773,0.015250634,0.026428223,12.713849885552117,23.686853027343773,0.014449548,0.081085205,5.806253189726611,0,0,1
2017-03-16 22:00:00,1181.1119,25.976983642578148,0.015227943,0.025779724,24.754132511886084,25.086358642578148,0.015311866,0.027801514,12.026958263299106,23.336358642578148,0.014556556,0.087646484,5.63489327736688,0,0,1
2017-03-16 23:00:00,1099.5959,25.831964111328148,0.015247296,0.029624939,24.26519215194676,24.738214111328148,0.015293072,0.02695465,11.678582410094773,23.066339111328148,0.014636944,0.08053589,5.514406022623709,0,0,1
2017-03-17 00:00:00,1071.5259,25.691827392578148,0.015289594,0.032577515,23.527860072368693,24.426202392578148,0.015274336,0.027000427,11.357359193453428,22.816827392578148,0.014644911,0.06915283,5.597972421069148,0,0,1
2017-03-17 01:00:00,1037.97,25.560601806640648,0.015389064,0.032104492,23.09802011699694,24.154351806640648,0.01525555,0.021980286,11.260348755769623,22.529351806640648,0.014614681,0.06488037,5.764642845796034,0,0,1
2017-03-17 02:00:00,1008.8387,25.431665039062523,0.015522711,0.028755188,22.65099699339793,23.931665039062523,0.015194647,0.012359619,11.3308228333843,22.291040039062523,0.014576666,0.065582275,5.908175694022065,0,0,1
2017-03-17 03:00:00,989.2624,25.365106201171898,0.015614196,0.028633118,22.37472461040809,23.724481201171898,0.015068694,0.006160736,11.290155325295004,22.130731201171898,0.014565154,0.06314087,6.02820775285224,0,0,1
2017-03-17 04:00:00,966.6554,25.299829101562523,0.015789324,0.02734375,21.22316977222451,23.471704101562523,0.014896686,0.0030727386,10.922309666444503,22.065454101562523,0.014511402,0.057037354,6.076397798581327,0,0,1
2017-03-17 05:00:00,994.1502,25.206597900390648,0.016033003,0.02306366,19.74312085836551,22.987847900390648,0.014751264,0.00203228,9.474860487743712,21.972222900390648,0.014427015,0.053497314,6.1739988032748565,0,0,1
2017-03-17 06:00:00,1010.4338,25.2385192871094,0.016292002,0.017570496,19.31511250723102,22.8478942871094,0.0146860145,0.0017037392,9.558236030897064,21.9182067871094,0.014357951,0.054748535,6.3122841282559925,0,0,1
2017-03-17 07:00:00,1131.327,26.221704101562523,0.016276345,0.023384094,23.41713767812225,25.002954101562523,0.014677986,0.0068531036,13.838962086914842,22.768579101562523,0.014235481,0.057235718,6.9575482249533325,0,0,1
2017-03-17 08:00:00,1286.8774,27.480340576171898,0.01592508,0.038513184,26.64023342133406,27.902215576171898,0.013994843,0.017921448,17.93487264179052,24.589715576171898,0.013769776,0.056488037,7.343859992319571,0,0,1
2017-03-17 09:00:00,1414.6028,28.653527832031276,0.015703611,0.042099,26.97156247782314,30.231652832031276,0.013307982,0.018409729,18.203891313000824,26.622277832031276,0.013292723,0.056549072,7.05190537859726,0,0,1
2017-03-17 10:00:00,1471.3231,29.749597167968773,0.015520384,0.039352417,26.290823480674625,32.28084716796877,0.013033201,0.013298035,17.278242155310217,28.405847167968773,0.012956907,0.05152893,6.458465786795952,0,0,1
2017-03-17 11:00:00,1508.1286,30.629357910156276,0.015405891,0.025497437,24.737575339288856,33.84810791015627,0.013128517,0.008560181,15.907282043431474,29.676232910156276,0.013094185,0.04763794,5.473474744734829,0,0,1
2017-03-17 12:00:00,1529.3495,31.167291259765648,0.015405876,0.022834778,23.05438047808953,34.91729125976565,0.013277275,0.0070381165,14.817201216974038,30.401666259765648,0.013494712,0.055877686,4.353236053649509,0,0,1
2017-03-17 13:00:00,1535.9389,31.429895019531276,0.015379178,0.017829895,22.020126097939144,35.52364501953127,0.013391721,0.009365082,14.124451672198932,30.726770019531276,0.013666379,0.052490234,3.7479015277233785,0,0,1
2017-03-17 14:00:00,1561.9809,31.498010253906276,0.015306713,0.013568878,21.77828529354753,35.57613525390627,0.013426067,0.017051697,13.915897598183696,30.763635253906276,0.013746502,0.052459717,3.5680924459506853,0,0,1
2017-03-17 15:00:00,1513.6991,31.2497497558594,0.015268582,0.017280579,22.13346592200831,35.0309997558594,0.013498562,0.034744263,14.032702512599949,30.3434997558594,0.013815182,0.05557251,3.647221824805445,0,0,1
2017-03-17 16:00:00,1434.2701,30.581994628906276,0.015409746,0.029724121,23.103172500542943,33.81636962890627,0.013662615,0.037734985,14.38316519864775,29.566369628906276,0.0137885,0.061294556,4.050053405409603,0,0,1
2017-03-17 17:00:00,1315.006,29.419152832031276,0.015657702,0.04234314,24.43364129941417,31.919152832031276,0.013922016,0.034561157,14.678704823831556,28.387902832031276,0.013784687,0.058380127,4.700667534762418,0,0,1
2017-03-17 18:00:00,1260.0555,28.063745117187523,0.015993413,0.048187256,24.87255965180931,29.532495117187523,0.014398869,0.030700684,13.717482662534108,26.719995117187523,0.01413947,0.05609131,5.319402315367472,0,0,1
2017-03-17 19:00:00,1311.7858,27.225732421875023,0.016306343,0.03819275,24.79736966366248,27.756982421875023,0.015062751,0.038085938,13.657932097938346,25.225732421875023,0.0145553965,0.07489014,6.387629656586213,0,0,1
2017-03-17 20:00:00,1018.2168,26.774682617187523,0.016474377,0.019515991,23.79661094834626,26.727807617187523,0.015673291,0.045288086,13.35396631877103,24.305932617187523,0.014624248,0.06854248,6.901670859006327,0,0,1
2017-03-17 21:00:00,668.9983,26.529962158203148,0.016512824,0.011787415,23.039398919847944,26.076837158203148,0.016131354,0.042526245,12.553729301875425,23.748712158203148,0.014838172,0.06893921,6.3890480449958,0,0,1
2017-03-17 22:00:00,673.2234,26.353295898437523,0.016474986,0.0133628845,23.304874208311755,25.665795898437523,0.01631477,0.05065918,11.416772289669272,23.415795898437523,0.014945294,0.08190918,6.132315026972021,0,0,1
2017-03-17 23:00:00,806.9934999999999,26.199639892578148,0.01644469,0.02720642,23.58530391300789,25.371514892578148,0.016292103,0.05834961,10.674758093636878,23.199639892578148,0.015037066,0.103637695,5.723728211913968,0,0,1
2017-03-18 00:00:00,941.2713,26.053186035156276,0.016513657,0.032913208,23.6260714042771,25.068811035156276,0.016261887,0.06442261,10.01476490249502,23.053186035156276,0.015109848,0.1237793,5.216179088601425,0,0,1
2017-03-18 01:00:00,950.7707,25.891992187500023,0.016697064,0.026779175,23.31685055961742,24.751367187500023,0.01624693,0.06378174,9.409912641324487,22.907617187500023,0.015159742,0.14465332,4.673365781610642,0,0,1
2017-03-18 02:00:00,906.2737,25.7324157714844,0.016811702,0.018371582,22.968246207804043,24.4511657714844,0.01620898,0.05517578,8.97077078885324,22.7792907714844,0.015198085,0.15551758,4.277312827638655,0,0,1
2017-03-18 03:00:00,893.8683000000001,25.592248535156276,0.016781388,0.01537323,23.268420555370785,24.029748535156276,0.016110001,0.0423584,8.287379986338498,22.654748535156276,0.015240251,0.1605835,4.234496796042257,0,0,1
2017-03-18 04:00:00,876.4671,25.474755859375023,0.016674506,0.010643005,22.436301189901695,23.615380859375023,0.015964972,0.029167175,7.8784575801074626,22.537255859375023,0.015312659,0.1616211,4.2013088571091135,0,0,1
2017-03-18 05:00:00,877.7945,25.327600097656276,0.016529266,0.010360718,21.056587576601625,23.327600097656276,0.015804473,0.023536682,7.924169228508194,22.429162597656276,0.015354339,0.14642334,4.301901071057399,0,0,1
2017-03-18 06:00:00,876.2505,25.417565917968773,0.016368879,0.01335907,21.130477401027,23.401940917968773,0.015697492,0.023025513,8.88782123999144,22.362878417968773,0.015377058,0.13067627,4.540519516750768,0,0,1
2017-03-18 07:00:00,942.1505,26.335534667968773,0.015949259,0.015369415,25.022776502060484,25.554284667968773,0.015583049,0.027786255,13.257649815313735,23.335534667968773,0.01530839,0.11282349,5.278991021072258,0,0,1
2017-03-18 08:00:00,1045.9822,27.460015869140648,0.015457052,0.013874054,27.823664630608285,28.397515869140648,0.014915365,0.032424927,16.557605464138067,25.366265869140648,0.014861959,0.09527588,5.7080213022456086,0,0,1
2017-03-18 09:00:00,1074.5884,28.574090576171898,0.015331067,0.009716034,27.775909897864675,30.714715576171898,0.014289655,0.031723022,16.490547135751008,27.417840576171898,0.014102735,0.08325195,5.569109818364722,0,0,1
2017-03-18 10:00:00,1207.0703,29.641473388671898,0.015151774,0.000992775,26.947366300570256,32.7039733886719,0.0139806615,0.03147888,15.455452025562147,29.157098388671898,0.013534342,0.08300781,5.000906589333626,0,0,1
2017-03-18 11:00:00,1235.4454,30.465600585937523,0.014888576,0.00050735474,25.869971594453897,34.24685058593752,0.013889126,0.036132812,14.420883770868906,30.324975585937523,0.01382809,0.08425903,3.846687006133556,0,0,1
2017-03-18 12:00:00,1297.3831,31.014978027343773,0.014621257,0.00027954578,25.065267220789995,35.20247802734377,0.013759135,0.047317505,13.858081379655212,31.014978027343773,0.013934611,0.09262085,3.186630695956676,0,0,1
2017-03-18 13:00:00,1279.4033,31.2690368652344,0.01434634,0.00035107136,24.665073798359405,35.5971618652344,0.013632991,0.063201904,13.685154995638108,31.2690368652344,0.0139457965,0.097351074,2.9443309526543624,0,0,1
2017-03-18 14:00:00,1295.1909,31.232263183593773,0.014075365,0.0006017685,24.561173777411756,35.54476318359377,0.013472643,0.067596436,13.783135035301918,31.091638183593773,0.013972368,0.09738159,2.9317801608146605,0,0,1
2017-03-18 15:00:00,1280.9802000000002,30.868371582031276,0.01389995,0.00075888634,24.688056473653187,34.91524658203127,0.013373522,0.0566864,14.076966826189324,30.571496582031276,0.013949541,0.0854187,3.198043600704856,0,0,1
2017-03-18 16:00:00,1239.403,30.046228027343773,0.013964938,0.0006554127,25.541288308291453,33.59310302734377,0.013385104,0.03919983,14.553860370519237,29.686853027343773,0.013865756,0.07180786,3.752128912299219,0,0,1
2017-03-18 17:00:00,1186.3592,28.714562988281276,0.014285531,0.00051498413,26.291237175562504,31.542687988281276,0.013503518,0.028633118,14.831612317546204,28.386437988281276,0.013759103,0.057678223,4.6976400334801385,0,0,1
2017-03-18 18:00:00,1188.8027,27.216455078125023,0.014774028,0.00045406818,25.36682744152769,29.044580078125023,0.013824169,0.01725769,13.728559288903034,26.622705078125023,0.014091197,0.051879883,5.50087530627007,0,0,1
2017-03-18 19:00:00,1233.8608,26.3671813964844,0.015159532,0.0006303787,24.21844121526943,27.2734313964844,0.014343187,0.014957428,13.34424091374121,25.1640563964844,0.01449196,0.066986084,6.259519962150066,0,0,1
2017-03-18 20:00:00,1203.6576,25.970910644531276,0.015285755,0.004808426,23.15071816041078,26.220910644531276,0.014896655,0.020095825,13.250827622387314,24.283410644531276,0.014805103,0.07272339,6.372698729788422,0,0,1
2017-03-18 21:00:00,1162.0435,25.834893798828148,0.015225071,0.018699646,22.381713487416743,25.475518798828148,0.015251774,0.02017212,12.478977243623572,23.709893798828148,0.0150228925,0.07019043,6.140275328486431,0,0,1
2017-03-18 22:00:00,1137.6671,25.675073242187523,0.015202219,0.024246216,21.36089005405363,24.971948242187523,0.015274698,0.011817932,11.810131424084592,23.284448242187523,0.015106851,0.07092285,5.853157189194641,0,0,1
2017-03-18 23:00:00,1107.2772,25.490380859375023,0.015198489,0.017593384,20.64357876823569,24.584130859375023,0.015110751,0.0056591034,11.371337294229331,22.974755859375023,0.015160342,0.068878174,5.535334816086927,0,0,1
2017-03-19 00:00:00,1047.6241,25.293725585937523,0.015103263,0.019325256,20.746448714836564,24.199975585937523,0.0148553075,0.0025320053,10.92916610510288,22.715600585937523,0.015107078,0.062438965,5.362575162347486,0,0,1
2017-03-19 01:00:00,1001.4866,25.171777343750023,0.014916429,0.01751709,21.134314121788705,23.609277343750023,0.014615068,0.0015048981,9.473249337103384,22.453027343750023,0.014904985,0.05392456,5.396055497513992,0,0,1
2017-03-19 02:00:00,978.663,25.024926757812523,0.01468389,0.015640259,21.542373079366744,23.149926757812523,0.014401603,0.0019335747,8.825417972857142,22.196801757812523,0.014558005,0.052627563,5.460880980628924,0,0,1
2017-03-19 03:00:00,951.3098,24.880059814453148,0.014497128,0.014942169,21.77419876393902,22.786309814453148,0.0142300995,0.005630493,8.558998993786293,21.934747314453148,0.01422247,0.048294067,5.509827880940375,0,0,1
2017-03-19 04:00:00,932.1608,24.7285095214844,0.014363476,0.01386261,20.951062713108225,22.4394470214844,0.014161297,0.007911682,8.022829564434902,21.6581970214844,0.013962933,0.048934937,5.59532621030984,0,0,1
2017-03-19 05:00:00,921.7365,24.568048095703148,0.014286784,0.010360718,19.16952874262577,22.114923095703148,0.014172344,0.004594803,7.473947549171952,21.388360595703148,0.013882427,0.050491333,5.542215558549154,0,0,1
2017-03-19 06:00:00,883.5384,24.624719238281276,0.014232976,0.007751465,17.680670577230575,22.241906738281276,0.014248235,0.0030994415,7.864684143902386,21.280969238281276,0.013843877,0.047805786,5.501066004010583,0,0,1
2017-03-19 07:00:00,904.6683,25.694848632812523,0.013832092,0.006504059,20.88727225105863,24.694848632812523,0.014320374,0.0069007874,12.032497614391287,22.272973632812523,0.0137786865,0.03819275,6.101857390366127,0,0,1
2017-03-19 08:00:00,935.344,26.738946533203148,0.01354952,0.0039978027,22.29664586591708,27.723321533203148,0.0136525165,0.009799957,15.864156433626906,24.238946533203148,0.013324453,0.027450562,6.479696495577913,0,0,1
2017-03-19 09:00:00,990.6955,27.7907653808594,0.013602771,0.002653122,21.63819064884271,30.0407653808594,0.012877978,0.0063877106,16.031657067200275,26.3063903808594,0.012702502,0.015541077,6.270520776540095,0,0,1
2017-03-19 10:00:00,1045.1716,28.807458496093773,0.013560827,0.0030269623,21.19324892622243,32.08870849609377,0.012244756,0.004224777,15.008366593672298,28.135583496093773,0.012088354,0.011730194,5.754413135212025,0,0,1
2017-03-19 11:00:00,1091.5627,29.687280273437523,0.013522495,0.004957199,20.63136256619738,33.68728027343752,0.012004245,0.0027685165,13.54990926902208,29.562280273437523,0.011798251,0.011512756,4.974570398616081,0,0,1
2017-03-19 12:00:00,1123.3247,30.318170166015648,0.013442272,0.0074272156,20.032089247239664,34.78692016601565,0.011794323,0.003022194,12.538556776454657,30.458795166015648,0.012152905,0.007862091,3.768719049582858,0,0,1
2017-03-19 13:00:00,1123.3015,30.709588623046898,0.0133087635,0.008880615,19.929151290684512,35.3189636230469,0.011622667,0.008598328,11.98878847900554,30.865838623046898,0.012408495,0.0153923035,2.966136323122626,0,0,1
2017-03-19 14:00:00,1125.4484,30.803613281250023,0.013175317,0.01064682,20.338448802571552,35.00673828125002,0.011588403,0.018455505,11.929164749413614,30.819238281250023,0.012450525,0.013870239,2.6476717815917272,0,0,1
2017-03-19 15:00:00,1121.2654,30.534875488281276,0.01308771,0.014732361,21.106845153966415,33.78487548828127,0.011664828,0.025299072,12.00614144525894,30.363000488281276,0.012366733,0.011066437,2.6166121066129366,0,0,1
2017-03-19 16:00:00,1090.1034,29.872033691406276,0.013061172,0.01941681,22.377584713445327,32.18453369140627,0.011909134,0.025886536,12.214898795896517,29.450158691406276,0.012267715,0.0071468353,2.9325557541486207,0,0,1
2017-03-19 17:00:00,1073.087,28.785058593750023,0.013202211,0.022071838,23.529948645850613,30.285058593750023,0.012244722,0.023483276,12.157611243123217,28.035058593750023,0.012160799,0.00538826,3.8457225669264776,0,0,1
2017-03-19 18:00:00,1104.2923,27.559716796875023,0.013530566,0.022163391,23.13972517346556,28.309716796875023,0.012603595,0.021980286,12.034763887987152,26.262841796875023,0.012302234,0.0047359467,4.733361502460601,0,0,1
2017-03-19 19:00:00,1183.7195,26.809228515625023,0.013855209,0.029182434,22.111235497581134,26.965478515625023,0.0128366845,0.019477844,12.12710550491114,24.871728515625023,0.012333144,0.0033512115,6.035594805440185,0,0,1
2017-03-19 20:00:00,1182.0256,26.423272705078148,0.0139699895,0.026443481,20.50555782248628,26.017022705078148,0.013031574,0.013923645,11.009842460814909,23.876397705078148,0.012665363,0.005393982,6.480874231494032,0,0,1
2017-03-19 21:00:00,1169.8232999999998,26.185235595703148,0.013932078,0.017692566,19.329559104221037,25.278985595703148,0.013176768,0.0032186508,10.01988003093603,23.138360595703148,0.012848704,0.0060691833,6.458165327614625,0,0,1
2017-03-19 22:00:00,1126.2381,25.980432128906276,0.013817476,0.019874573,18.634958234350734,24.355432128906276,0.013344454,0.0019817352,9.17354027052646,22.605432128906276,0.012982057,0.003686905,6.306020475809844,0,0,1
2017-03-19 23:00:00,1059.8645,25.817224121093773,0.013741111,0.019683838,18.569284315969863,23.739099121093773,0.013363456,0.005542755,8.867626249642274,22.176599121093773,0.013115501,0.00062298775,6.127531663493008,0,0,1
2017-03-20 00:00:00,1014.1091,25.581475830078148,0.013733429,0.014278412,18.32206478993304,23.268975830078148,0.01334433,0.006166458,8.602109743427125,21.753350830078148,0.013180298,0.00034844875,6.104580388375572,0,0,1
2017-03-20 01:00:00,961.2657,25.261071777343773,0.013760222,0.009338379,17.533684056669923,22.901696777343773,0.013332976,0.003976822,8.306538830422006,21.386071777343773,0.013184203,0.001434803,6.258487196993702,0,0,1
2017-03-20 02:00:00,903.3064,24.919458007812523,0.013756619,0.0070972443,16.8236809994307,22.560083007812523,0.013337002,0.0023565292,7.974397341160767,21.099145507812523,0.013138638,0.0016307831,6.376542800016662,0,0,1
2017-03-20 03:00:00,896.9651,24.559655761718773,0.013810318,0.009117126,15.716099729590963,22.481530761718773,0.013322037,0.0018286705,7.926617247371549,20.864343261718773,0.01309697,0.0011754036,6.329230128110955,0,0,1
2017-03-20 04:00:00,901.3342,24.318078613281276,0.014054726,0.0153160095,14.26242917550612,22.239953613281276,0.013280342,0.001613617,7.552499859988865,20.708703613281276,0.013040016,0.0012068748,6.18546544697449,0,0,1
2017-03-20 05:00:00,915.1995,24.052331542968773,0.014447428,0.028289795,12.043746211828834,21.849206542968773,0.01323054,0.0017375946,7.152756139761613,20.599206542968773,0.01297114,0.0023059845,6.039594857857447,0,0,1
2017-03-20 06:00:00,932.8662,24.148156738281276,0.014969788,0.028625488,10.87232652095546,21.952844238281276,0.0132569885,0.0012927055,7.538188663736012,20.570031738281276,0.012963257,0.004014969,6.002818761557478,0,0,1
2017-03-20 07:00:00,1042.2668,25.607354736328148,0.015396795,0.032608032,15.077115129717807,24.701104736328148,0.013264379,0.0012688637,12.284754334393362,21.685479736328148,0.012989721,0.0031137466,6.490627386159739,0,0,1
2017-03-20 08:00:00,1229.9464,26.824182128906276,0.015728395,0.09005737,18.313351247746542,28.011682128906276,0.012516421,0.0028591156,16.956122880818423,23.949182128906276,0.012722415,0.0014586449,6.867503708990128,0,0,1
2017-03-20 09:00:00,1340.0361,28.034295654296898,0.015644234,0.091156006,19.46414152951414,30.299920654296898,0.011860053,0.0051441193,17.010866619013942,26.456170654296898,0.011985938,0.0028181076,6.440684009265022,0,0,1
2017-03-20 10:00:00,1407.1696,29.164819335937523,0.015449536,0.07763672,19.07084992585625,32.39919433593752,0.011734021,0.005558014,15.982326664944626,28.586694335937523,0.011466992,0.005592346,5.513618698269073,0,0,1
2017-03-20 11:00:00,1443.0652,30.1061950683594,0.015262564,0.062408447,18.59947112777431,34.0280700683594,0.012176474,0.006095886,14.609440998764692,30.1374450683594,0.011768301,0.011226654,4.222029243096905,0,0,1
2017-03-20 12:00:00,1455.9077,30.828027343750023,0.015056545,0.050323486,18.413569812034176,35.12490234375002,0.012580806,0.006298065,13.630138879797531,31.031152343750023,0.012695247,0.01940155,2.838053470357871,0,0,1
2017-03-20 13:00:00,1488.6253,31.267480468750023,0.014858264,0.041778564,18.579629436694447,35.70498046875002,0.0128555475,0.008480072,13.048684889200386,31.533105468750023,0.012924212,0.023231506,2.1705362587716417,0,0,1
2017-03-20 14:00:00,1500.471,31.391809082031276,0.014736116,0.035614014,19.115129145037063,35.75118408203127,0.013133943,0.0124053955,12.837431654706396,31.532434082031276,0.01317209,0.038970947,1.7556298094181444,0,0,1
2017-03-20 15:00:00,1490.8577,31.190240478515648,0.014735941,0.03540039,19.81819773096713,35.28399047851565,0.013358835,0.021621704,12.846233258171043,31.080865478515648,0.013385538,0.03529358,1.5871483405792153,0,0,1
2017-03-20 16:00:00,1433.3742,30.577111816406276,0.014861692,0.037506104,20.48767984996753,34.09273681640627,0.013599027,0.049591064,13.048039361404372,30.311486816406276,0.013476957,0.045684814,1.739596274169788,0,0,1
2017-03-20 17:00:00,1306.6852,29.469293212890648,0.01517058,0.040618896,20.742437763320744,31.969293212890648,0.014018541,0.057662964,13.029121113059,28.953668212890648,0.01365996,0.04118347,2.107446200678506,0,0,1
2017-03-20 18:00:00,1315.1023,28.090173339843773,0.015643574,0.049621582,20.197739570973173,29.527673339843773,0.014579273,0.05795288,12.160001071879693,27.121423339843773,0.013869739,0.04447937,2.5562462095498333,0,0,1
2017-03-20 19:00:00,1327.296,27.100274658203148,0.016124377,0.06896973,19.639689085882612,27.694024658203148,0.015044819,0.05706787,12.351587460689911,25.709649658203148,0.013721119,0.04170227,4.040928790716087,0,0,1
2017-03-20 20:00:00,1290.4371999999998,26.563928222656276,0.016368732,0.066223145,18.218147176253808,26.610803222656276,0.015262469,0.054901123,12.167817339547538,24.579553222656276,0.014102801,0.037216187,5.647333440870178,0,0,1
2017-03-20 21:00:00,1243.7469,26.366357421875023,0.016391488,0.061645508,16.685293289181228,25.913232421875023,0.015422554,0.054885864,11.826650285791912,23.694482421875023,0.0145261,0.03353882,6.076576282723948,0,0,1
2017-03-20 22:00:00,1186.4013,26.197045898437523,0.016353222,0.0597229,15.927826855379893,25.368920898437523,0.015651317,0.05053711,11.179444278014644,23.056420898437523,0.014884564,0.042648315,5.946173314098642,0,0,1
2017-03-20 23:00:00,1104.5044,25.990930175781276,0.016299712,0.060424805,16.052187447908555,24.959680175781276,0.015849577,0.04206848,10.445196991811782,22.615930175781276,0.015147672,0.057998657,5.899723392403457,0,0,1
2017-03-21 00:00:00,1060.1685,25.730310058593773,0.016169926,0.055633545,16.29403554931748,24.620935058593773,0.015971562,0.03630066,9.670051373697364,22.292810058593773,0.015292546,0.067474365,5.8464439441156895,0,0,1
2017-03-21 01:00:00,1004.5532,25.552209472656276,0.01591049,0.050933838,16.79410125172012,24.270959472656276,0.016085966,0.042129517,8.607822768170099,22.114709472656276,0.015395505,0.07003784,5.731988301453562,0,0,1
2017-03-21 02:00:00,961.1216,25.381433105468773,0.015597708,0.04496765,17.108152514117037,23.897058105468773,0.01620043,0.055786133,7.661875404677166,22.037683105468773,0.015468008,0.08157349,5.580439557636398,0,0,1
2017-03-21 03:00:00,954.5639,25.2717224121094,0.015315509,0.032958984,17.024129379799035,23.6467224121094,0.016284442,0.059051514,7.371006464358,21.9904724121094,0.015487171,0.099121094,5.409667326170251,0,0,1
2017-03-21 04:00:00,944.9035,25.099938964843773,0.015308013,0.024284363,15.792203152819493,23.459313964843773,0.016307464,0.06187439,6.83867594703069,21.928063964843773,0.01547586,0.11779785,4.981411899438887,0,0,1
2017-03-21 05:00:00,961.6897,24.901025390625023,0.015567473,0.019760132,14.246953522134662,23.322900390625023,0.016307523,0.058059692,6.4977065309737325,21.877587890625023,0.015498809,0.13323975,4.440696420437489,0,0,1
2017-03-21 06:00:00,958.2493,24.963647460937523,0.015888002,0.022750854,14.001126963351789,23.526147460937523,0.016315248,0.0637207,7.097305925758632,21.908959960937523,0.015540863,0.14581299,4.234933315504222,0,0,1
2017-03-21 07:00:00,1085.6833,26.068566894531276,0.015849998,0.030693054,17.828168709891095,25.615441894531276,0.016185692,0.0680542,11.112066463428237,22.599816894531276,0.01570504,0.15203857,4.481885193055264,0,0,1
2017-03-21 08:00:00,1271.8507,27.304162597656276,0.015594295,0.03982544,19.7208920918883,28.210412597656276,0.015617183,0.06573486,13.621007206179396,24.054162597656276,0.015796475,0.14642334,4.515707069363968,0,0,1
2017-03-21 09:00:00,1348.4693,28.387231445312523,0.015674181,0.033294678,19.58576490438013,30.480981445312523,0.014979905,0.058685303,13.714936616301229,26.621606445312523,0.015174455,0.12768555,4.204622279653297,0,0,1
2017-03-21 10:00:00,1422.7795,29.5117126464844,0.015704522,0.02848816,19.75483588009311,32.4179626464844,0.014491449,0.05230713,13.570134440622624,28.9960876464844,0.014430414,0.122528076,3.3114556274851,0,0,1
2017-03-21 11:00:00,1459.8969,30.450524902343773,0.015567098,0.02734375,20.401947018328222,33.88802490234377,0.014178548,0.0521698,13.709947680617656,30.481774902343773,0.014483724,0.12408447,1.9031497709419225,0,0,1
2017-03-21 12:00:00,1469.162,31.1169372558594,0.015387731,0.025543213,21.148759911076752,34.8981872558594,0.014002996,0.052581787,14.182927122175087,31.3356872558594,0.014598088,0.12277222,1.2439790955608594,0,0,1
2017-03-21 13:00:00,1495.3931,31.443322753906276,0.015269433,0.022819519,21.81770703093913,35.27144775390627,0.013960992,0.055099487,14.738647229917971,31.755822753906276,0.014666711,0.12033081,0.8841286312704484,0,0,1
2017-03-21 14:00:00,1501.7382,31.464196777343773,0.015170236,0.017913818,22.284507248437517,35.07357177734377,0.014048715,0.0663147,15.235944871037086,31.636071777343773,0.014739175,0.12319946,0.6589155598761367,0,0,1
2017-03-21 15:00:00,1488.2319,31.178857421875023,0.015078695,0.01317215,22.511360291263745,34.33510742187502,0.0141593525,0.06814575,15.632842367850028,30.975732421875023,0.014857442,0.117248535,0.6079375773300698,0,0,1
2017-03-21 16:00:00,1408.2247,30.491784667968773,0.015113056,0.009326935,22.51717496345758,33.14803466796877,0.014388263,0.05380249,15.740642361747796,29.976159667968773,0.014971912,0.12145996,0.7861222237768297,0,0,1
2017-03-21 17:00:00,1304.7421,29.3442321777344,0.0153076695,0.006942749,22.676610813314134,31.4848571777344,0.014704947,0.0443573,15.47437397764446,28.5161071777344,0.01517797,0.12738037,1.139651591240214,0,0,1
2017-03-21 18:00:00,1260.3808,27.960168457031276,0.015635828,0.006881714,22.619310497834828,29.522668457031276,0.015113215,0.039031982,13.959138252090163,26.585168457031276,0.015818933,0.13482666,1.3359643150449252,0,0,1
2017-03-21 19:00:00,711.0968,27.003472900390648,0.016025001,0.008110046,22.911504795668773,27.925347900390648,0.015616828,0.05278015,13.504651908470109,25.128472900390648,0.016398842,0.15588379,1.8010322472006275,0,0,1
2017-03-21 20:00:00,702.8815,26.474450683593773,0.016314935,0.012878418,22.61911269332206,26.708825683593773,0.016025018,0.058685303,13.13155871631652,24.349450683593773,0.016322564,0.16796875,2.8520226127749946,0,0,1
2017-03-21 21:00:00,1051.9338,26.213403320312523,0.016475037,0.023757935,21.803521919984263,26.041528320312523,0.016200379,0.053955078,12.309512502653323,23.697778320312523,0.016253784,0.15429688,3.806557275555399,0,0,1
2017-03-21 22:00:00,1158.4712,26.074731445312523,0.016490137,0.035202026,21.68828469739445,25.652856445312523,0.016299402,0.059432983,11.385457269585128,23.199731445312523,0.016284144,0.13989258,4.218444019665545,0,0,1
2017-03-21 23:00:00,1073.2862,25.9831481933594,0.016390793,0.040420532,22.022312765045463,25.3268981933594,0.016352646,0.057525635,10.730907301854586,22.8737731933594,0.016337387,0.1362915,4.203079293722212,0,0,1
2017-03-22 00:00:00,1061.2258000000002,25.8298278808594,0.016398324,0.029014587,21.960804553693105,25.0173278808594,0.016360177,0.046676636,10.295142708039858,22.6579528808594,0.0163144,0.14068604,4.157357374395415,0,0,1
2017-03-22 01:00:00,1033.8702999999998,25.698754882812523,0.016482241,0.03126526,21.76767689033785,24.698754882812523,0.016314395,0.034942627,9.995092213803073,22.448754882812523,0.016199954,0.13366699,4.35455110498519,0,0,1
2017-03-22 02:00:00,1016.6745,25.606835937500023,0.016528113,0.03112793,20.862750780210828,24.388085937500023,0.016261084,0.02558899,9.851736018371769,22.263085937500023,0.016039832,0.12402344,4.631513716258869,0,0,1
2017-03-22 03:00:00,994.371,25.547448730468773,0.0165205,0.023033142,19.86548943754625,24.109948730468773,0.016200066,0.019821167,9.78276684197015,22.094323730468773,0.015864372,0.11300659,4.973022276778793,0,0,1
2017-03-22 04:00:00,975.8042,25.506433105468773,0.016459541,0.016792297,18.30762182886703,23.818933105468773,0.016116219,0.0132369995,9.099524860763356,21.928308105468773,0.015681343,0.097351074,5.090686608041826,0,0,1
2017-03-22 05:00:00,977.6046,25.439477539062523,0.016383417,0.01392746,16.391125673805696,23.330102539062523,0.016078241,0.012893677,7.355128620405293,21.806665039062523,0.01550985,0.09020996,5.089226327191099,0,0,1
2017-03-22 06:00:00,996.2104,25.555474853515648,0.016307395,0.0132751465,15.972927936977705,23.289849853515648,0.016093772,0.022140503,7.503440861088956,21.750787353515648,0.015410942,0.08087158,5.017204438130155,0,0,1
2017-03-22 07:00:00,1108.3107,26.545312500000023,0.01597201,0.019119263,19.78030532678403,25.467187500000023,0.01610171,0.028656006,11.633127160053425,22.389062500000023,0.015586727,0.073150635,5.300508348809418,0,0,1
2017-03-22 08:00:00,1272.6168,27.652764892578148,0.015559617,0.021598816,21.84588102366657,28.480889892578148,0.01552147,0.036254883,14.945396985434884,23.809014892578148,0.015559617,0.0597229,5.488310637154418,0,0,1
2017-03-22 09:00:00,1359.2665,28.704064941406276,0.015509708,0.010932922,21.21921281941866,30.985314941406276,0.014929874,0.040924072,14.911718115569483,26.391564941406276,0.014674289,0.04676819,5.428551343866351,0,0,1
2017-03-22 10:00:00,1429.5216,29.8293395996094,0.0154522555,0.00573349,20.256930576697947,33.0637145996094,0.014666428,0.045791626,14.051837901391492,28.6418395996094,0.013907303,0.052505493,4.886768227745249,0,0,1
2017-03-22 11:00:00,1460.2524,30.757989501953148,0.01532621,0.0063266754,19.67700368913237,34.63298950195315,0.014483162,0.04800415,13.615711079330406,30.070489501953148,0.014113137,0.05581665,3.612875183052671,0,0,1
2017-03-22 12:00:00,1464.4301,31.428033447265648,0.015123893,0.006193161,19.63944742610231,35.75615844726565,0.014303733,0.047790527,13.51235853998066,30.943658447265648,0.014311362,0.06387329,2.6356201813011277,0,0,1
2017-03-22 13:00:00,1506.3733,31.805474853515648,0.014898707,0.0051841736,19.945767611949226,36.25859985351565,0.014131953,0.048812866,13.676702601916856,31.352349853515648,0.014322688,0.07382202,2.226085623017234,0,0,1
2017-03-22 14:00:00,1516.8462,31.889489746093773,0.014688804,0.0038967133,20.539566621452128,36.21761474609377,0.013964011,0.052352905,13.974441331536816,31.295739746093773,0.014387443,0.06781006,2.094183700963831,0,0,1
2017-03-22 15:00:00,1492.2531,31.627862548828148,0.014570482,0.0029354095,21.36618367728876,35.56536254882815,0.013914354,0.045898438,14.283102196715404,30.830987548828148,0.014402635,0.063323975,2.2900446699191743,0,0,1
2017-03-22 16:00:00,1431.7665,30.865869140625023,0.014711585,0.0024785995,22.184232236255312,34.13149414062502,0.013979163,0.035873413,14.518071298422331,29.959619140625023,0.014307227,0.050476074,2.7220806372622497,0,0,1
2017-03-22 17:00:00,1311.4694000000002,29.595788574218773,0.015028131,0.0024929047,22.89150295617947,32.06453857421877,0.014143121,0.023963928,14.500155144223216,28.705163574218773,0.014139307,0.04144287,3.359899039624968,0,0,1
2017-03-22 18:00:00,1290.8073000000002,28.090997314453148,0.015485867,0.002781868,22.845091752126667,29.606622314453148,0.014467343,0.014125824,13.53236994454105,27.012872314453148,0.014227017,0.03477478,4.144860932579179,0,0,1
2017-03-22 19:00:00,1357.3883,27.116998291015648,0.015848326,0.0030508041,22.55445047178016,27.851373291015648,0.01496713,0.013332367,13.274229538105867,25.445123291015648,0.0149175385,0.04084778,5.215710799584029,0,0,1
2017-03-22 20:00:00,1312.9606,26.646539306640648,0.015978197,0.0039596558,21.64378192226205,26.849664306640648,0.015398363,0.018981934,13.05393459593921,24.427789306640648,0.015158037,0.04676819,5.917772312643256,0,0,1
2017-03-22 21:00:00,1288.4268,26.394158935546898,0.015940351,0.008289337,21.044371501648943,26.175408935546898,0.01569621,0.025436401,12.381629472027033,23.675408935546898,0.015543623,0.054351807,5.812894578892252,0,0,1
2017-03-22 22:00:00,1194.5816,26.224206542968773,0.01587972,0.0107040405,21.112839409114045,25.677331542968773,0.01589498,0.028335571,11.427405353321936,23.099206542968773,0.01575765,0.06549072,5.773838798400044,0,0,1
2017-03-22 23:00:00,1146.5087,26.062890625000023,0.015857328,0.014369965,21.29818550225527,25.328515625000023,0.016009916,0.03694153,10.72542804850839,22.672265625000023,0.015796293,0.07376099,5.73217292767571,0,0,1
2017-03-23 00:00:00,1104.2636,25.904870605468773,0.01584256,0.017326355,21.024309921279595,25.045495605468773,0.016040925,0.040283203,10.304654908378142,22.373620605468773,0.015712861,0.0826416,5.798765008261046,0,0,1
2017-03-23 01:00:00,1052.7885,25.770318603515648,0.015789483,0.022369385,20.78533475773751,24.770318603515648,0.016048882,0.040405273,10.23506883531912,22.114068603515648,0.015598747,0.08728027,5.81098463424518,0,0,1
2017-03-23 02:00:00,1021.1725,25.640802001953148,0.015759159,0.026794434,20.133251709593647,24.468927001953148,0.016026188,0.04118347,9.950591053492388,21.882989501953148,0.015457798,0.08911133,5.7881528020697095,0,0,1
2017-03-23 03:00:00,1000.7462,25.5246520996094,0.015789717,0.025466919,19.14760942403185,24.2121520996094,0.01601097,0.04371643,9.665214025157416,21.6887145996094,0.01531288,0.087127686,5.695956723547064,0,0,1
2017-03-23 04:00:00,982.5834,25.426690673828148,0.01582008,0.019729614,17.725712220338615,23.957940673828148,0.015980298,0.04244995,8.869714948165965,21.551690673828148,0.01518684,0.0831604,5.387933314482108,0,0,1
2017-03-23 05:00:00,979.3161,25.311547851562523,0.015896115,0.018798828,15.999071323146383,23.655297851562523,0.01597241,0.044769287,7.919813245825616,21.459985351562523,0.01509503,0.080200195,5.20354543276032,0,0,1
2017-03-23 06:00:00,987.0927,25.469262695312523,0.015956875,0.025360107,16.021167162264145,23.688012695312523,0.015979763,0.041244507,8.37865417015913,21.438012695312523,0.015075679,0.07888794,5.170958557989733,0,0,1
2017-03-23 07:00:00,1093.3934000000002,26.349908447265648,0.015773522,0.034179688,19.41074336566769,25.662408447265648,0.015895592,0.03996277,12.091341965932044,22.115533447265648,0.015231836,0.07714844,5.585719107673524,0,0,1
2017-03-23 08:00:00,1285.6869,27.3876892089844,0.015536819,0.038345337,22.16247100053623,28.4033142089844,0.01533464,0.039016724,15.016142680982524,23.6689392089844,0.015277419,0.07305908,5.834725966110952,0,0,1
2017-03-23 09:00:00,1364.9746,28.439843750000023,0.015471854,0.03504944,22.61032995942393,30.861718750000023,0.014613547,0.03593445,15.136213862547445,26.346093750000023,0.014544883,0.070007324,5.678842559469895,0,0,1
2017-03-23 10:00:00,1419.9832,29.402886962890648,0.015380341,0.030555725,21.833259702757328,32.85601196289065,0.014209229,0.034851074,13.975892187583764,28.606011962890648,0.013881165,0.082214355,4.7698367699098965,0,0,1
2017-03-23 11:00:00,1467.339,30.210656738281276,0.015250543,0.029632568,20.887695925220022,34.35128173828127,0.01396499,0.034484863,13.079741898536234,30.023156738281276,0.014064172,0.0874939,3.2000375492157884,0,0,1
2017-03-23 12:00:00,1444.7915999999998,30.814050292968773,0.015063546,0.03147888,20.147990745156065,35.39217529296877,0.013785622,0.03715515,12.650079061992388,31.032800292968773,0.013911507,0.08728027,1.986700264158062,0,0,1
2017-03-23 13:00:00,1474.1203,31.1704040527344,0.014880419,0.03578186,19.54566788932387,35.8422790527344,0.013591051,0.051239014,12.641657114412997,31.4360290527344,0.014205217,0.09365845,1.187414216406456,0,0,1
2017-03-23 14:00:00,1494.1369,31.214074707031276,0.014773522,0.0332489,19.101765312381904,35.60469970703127,0.013457451,0.10437012,12.835071183153264,31.339074707031276,0.014334831,0.11071777,0.7081312257740509,0,0,1
2017-03-23 15:00:00,1478.9813,30.992211914062523,0.014716341,0.028175354,18.61766262048476,34.74221191406252,0.013541414,0.14093018,13.260875985740146,30.570336914062523,0.014483645,0.13171387,0.6238755687618548,0,0,1
2017-03-23 16:00:00,1408.7734999999998,30.438684082031276,0.014743148,0.019958496,18.484670822601142,32.98555908203127,0.013743698,0.140625,13.65369903412453,29.173059082031276,0.014632522,0.15686035,1.017068664359568,0,0,1
2017-03-23 17:00:00,1280.4302,29.490197753906276,0.014876666,0.013427734,18.49097503748556,31.115197753906276,0.013922991,0.12719727,14.084940786023944,27.521447753906276,0.014910998,0.16131592,1.4597532153909991,0,0,1
2017-03-23 18:00:00,1279.528,28.302301025390648,0.015197139,0.011936188,18.28993558694,29.036676025390648,0.014075618,0.103759766,13.399492806472308,25.646051025390648,0.015387874,0.15081787,1.7496743253391405,0,0,1
2017-03-23 19:00:00,1322.8975,27.431115722656276,0.015643537,0.0147743225,18.73083957531773,27.462365722656276,0.014377057,0.09158325,13.62384342429324,24.337365722656276,0.015582501,0.15820312,2.397567971134186,0,0,1
2017-03-23 20:00:00,1300.5424,26.844934082031276,0.016017558,0.023254395,18.622861287256963,26.360559082031276,0.014777782,0.08404541,13.627787834323083,23.657434082031276,0.015567425,0.16986084,3.2416688626501755,0,0,1
2017-03-23 21:00:00,1263.0993999999998,26.4987731933594,0.016262032,0.031982422,18.101076075143297,25.7487731933594,0.015174844,0.08633423,12.441548027057175,23.1237731933594,0.015548685,0.15039062,4.516610027441391,0,0,1
2017-03-23 22:00:00,1199.0784,26.2919860839844,0.016354065,0.03804016,17.899965484415375,25.4169860839844,0.0154957585,0.08731079,11.49654206407963,22.7607360839844,0.0156216435,0.13128662,4.8393578975926586,0,0,1
2017-03-23 23:00:00,1126.9462,26.148370361328148,0.016347012,0.04838562,18.143012197580717,25.226495361328148,0.015683254,0.07852173,10.954164543940031,22.538995361328148,0.015675625,0.11785889,4.921187050833196,0,0,1
2017-03-24 00:00:00,1069.3280000000002,25.9831481933594,0.016309183,0.053604126,18.694403291266184,25.0925231933594,0.015759867,0.07168579,10.693507832873577,22.4050231933594,0.015683573,0.112213135,5.134865178434172,0,0,1
2017-03-24 01:00:00,1026.5536,25.808312988281276,0.016286423,0.057800293,19.066083279378883,24.980187988281276,0.01582103,0.074279785,10.492442741101472,22.316125488281276,0.01569133,0.11859131,5.273253219436403,0,0,1
2017-03-24 02:00:00,1023.5801,25.701715087890648,0.016195148,0.06503296,19.501808505191114,24.889215087890648,0.015874714,0.0791626,10.371667555630651,22.240777587890648,0.015653461,0.13336182,5.378955077903378,0,0,1
2017-03-24 03:00:00,990.3872,25.616357421875023,0.016164666,0.05795288,19.12602234744488,24.881982421875023,0.015882378,0.08505249,10.39331372343819,22.186669921875023,0.01560009,0.14691162,5.272348422697406,0,0,1
2017-03-24 04:00:00,980.8318,25.552819824218773,0.01621053,0.048049927,17.64107275990089,24.834069824218773,0.015897725,0.08544922,9.635977967005488,22.162194824218773,0.015546773,0.1564331,4.850582388685913,0,0,1
2017-03-24 05:00:00,1007.3224,25.505212402343773,0.016309846,0.03778076,15.3092362294212,24.692712402343773,0.015928376,0.079956055,8.532131798414316,22.145837402343773,0.01550876,0.16241455,4.351420552046224,0,0,1
2017-03-24 06:00:00,1013.5364,25.559960937500023,0.016424501,0.036254883,13.621388306294962,24.661523437500023,0.015974367,0.072509766,8.065446012004458,22.177148437500023,0.015486086,0.16156006,3.914577003515844,0,0,1
2017-03-24 07:00:00,1126.3977,26.302331542968773,0.016317781,0.04031372,15.705552517591112,26.067956542968773,0.01595157,0.067840576,10.696370958627524,22.716394042968773,0.015604433,0.16217041,4.00897668895191,0,0,1
2017-03-24 08:00:00,1308.5975999999998,27.253350830078148,0.01626441,0.041778564,16.9191592620401,28.253350830078148,0.015470955,0.0597229,12.644053693773811,23.956475830078148,0.015490028,0.159729,4.1468933542013575,0,0,1
2017-03-24 09:00:00,1379.1634,28.3195739746094,0.016249157,0.04421997,16.539701603293107,30.5226989746094,0.0147805,0.0513916,12.420515550610965,26.1164489746094,0.014803388,0.15405273,3.8678839704868566,0,0,1
2017-03-24 10:00:00,1445.4846,29.232873535156276,0.016172826,0.039001465,16.73407587377089,32.70162353515627,0.014280736,0.048080444,11.652263149758957,28.154748535156276,0.014097631,0.15032959,3.189842122096446,0,0,1
2017-03-24 11:00:00,1450.7588,30.004541015625023,0.016073523,0.034118652,17.4299255852744,34.37954101562502,0.013880073,0.051589966,11.243722858152344,29.520166015625023,0.014036476,0.15802002,1.7872078289990911,0,0,1
2017-03-24 12:00:00,1464.0869,30.578820800781276,0.016004728,0.030769348,17.94285660675159,35.43819580078127,0.013532803,0.061065674,10.946194695610387,30.281945800781276,0.01432626,0.16607666,0.977354716507016,0,0,1
2017-03-24 13:00:00,1478.6305,30.895379638671898,0.015943576,0.025154114,18.475344932133964,35.9891296386719,0.013265658,0.08493042,10.767474406583723,30.332879638671898,0.014310885,0.18005371,0.5674513455363633,0,0,1
2017-03-24 14:00:00,1494.1234000000002,30.981591796875023,0.015806114,0.024398804,18.842636904508264,35.99721679687502,0.013070977,0.1227417,10.5983458901807,30.028466796875023,0.014345086,0.19689941,0.2801053823989913,0,0,1
2017-03-24 15:00:00,1466.3918,30.778466796875023,0.015668545,0.023773193,19.02602462515776,35.45034179687502,0.013055477,0.14208984,10.522221576816422,29.340966796875023,0.014493618,0.20550537,0.0489059125936998,0,0,1
2017-03-24 16:00:00,1388.8492,30.246911621093773,0.015645405,0.028900146,19.14216522023691,34.15316162109377,0.013177295,0.1585083,10.33923616048711,28.528161621093773,0.014554401,0.2052002,0.515075783836336,0,0,1
2017-03-24 17:00:00,1276.7321,29.318231201171898,0.015774878,0.03274536,19.16901744634812,32.6307312011719,0.013512762,0.13885498,10.048990819564878,27.349481201171898,0.014763983,0.19366455,1.0041370723183385,0,0,1
2017-03-24 18:00:00,1260.0252,28.127954101562523,0.01613327,0.028068542,18.324899137669536,30.784204101562523,0.014058074,0.09689331,8.268681989117624,25.924829101562523,0.015423736,0.16339111,1.1992304196861654,0,0,1
2017-03-24 19:00:00,1323.1807,27.294458007812523,0.016590912,0.026779175,17.904182456920047,29.325708007812523,0.014618713,0.0708313,7.157051402699564,24.841333007812523,0.01586612,0.14233398,1.1652765648135477,0,0,1
2017-03-24 20:00:00,1277.9078,26.790093994140648,0.01694181,0.026046753,17.012749062872512,28.196343994140648,0.01517942,0.05732727,7.777057564344684,24.290093994140648,0.015667701,0.12976074,1.058193498231816,0,0,1
2017-03-24 21:00:00,1235.8133,26.514703369140648,0.017201269,0.022964478,16.13588692708982,27.233453369140648,0.015698278,0.049102783,8.576263605998548,23.889703369140648,0.015698278,0.11538696,0.8931579629676035,0,0,1
2017-03-24 22:00:00,1189.8511,26.346002197265648,0.017376669,0.03211975,15.975305602683196,26.549127197265648,0.015957601,0.04421997,8.829636191868934,23.564752197265648,0.015675314,0.09698486,1.642914418235025,0,0,1
2017-03-24 23:00:00,1145.889,26.194268798828148,0.017491011,0.03817749,16.16661446369565,26.038018798828148,0.01611772,0.041305542,9.071974093808922,23.303643798828148,0.015461591,0.082977295,2.607423339843338,0,0,1
2017-03-25 00:00:00,1101.8588,26.029321289062523,0.017567214,0.04626465,16.300792707580445,25.623071289062523,0.016315993,0.043441772,8.646465809924727,23.044946289062523,0.015343245,0.078552246,3.236834882659591,0,0,1
2017-03-25 01:00:00,1047.8679,25.895928955078148,0.017612902,0.058792114,16.38435749152698,25.349053955078148,0.016430346,0.052139282,8.578495285297025,22.864678955078148,0.015255419,0.087005615,3.612444753785393,0,0,1
2017-03-25 02:00:00,1027.2374,25.815332031250023,0.017635653,0.060836792,16.913392361868848,25.127832031250023,0.016475985,0.053253174,8.833625386526329,22.737207031250023,0.015209504,0.095458984,4.086801598755031,0,0,1
2017-03-25 03:00:00,997.8787,25.752526855468773,0.017681308,0.056106567,17.145839006215205,24.908776855468773,0.016475864,0.05407715,8.929431783063455,22.611901855468773,0.015201754,0.09539795,4.436713352593042,0,0,1
2017-03-25 04:00:00,975.9511,25.698846435546898,0.017681198,0.043319702,16.031699469439225,24.683221435546898,0.016460495,0.056152344,8.207031352257854,22.495721435546898,0.015216903,0.101379395,4.439186070302343,0,0,1
2017-03-25 05:00:00,985.2952,25.607202148437523,0.017734524,0.033096313,13.641948278678337,24.450952148437523,0.016452786,0.059799194,7.09048181206824,22.396264648437523,0.015239711,0.10974121,4.236255368442911,0,0,1
2017-03-25 06:00:00,959.8414,25.688043212890648,0.017818412,0.03364563,12.363768873677587,24.484918212890648,0.01646038,0.060195923,7.178845346100922,22.375543212890648,0.015258749,0.1116333,4.07157264225114,0,0,1
2017-03-25 07:00:00,1028.2788,26.490808105468773,0.01766574,0.047698975,14.439745697149236,26.256433105468773,0.016300078,0.053726196,10.762811912775184,23.256433105468773,0.015209075,0.11242676,4.417265996515511,0,0,1
2017-03-25 08:00:00,1145.8565,27.476647949218773,0.017276585,0.06976318,15.649010068157066,28.773522949218773,0.0156973,0.04423523,12.16377697912738,25.273522949218773,0.0148275485,0.10070801,4.338243679087971,0,0,1
2017-03-25 09:00:00,1213.6869000000002,28.414239501953148,0.01710871,0.07373047,15.084606696626018,31.242364501953148,0.014926705,0.041381836,11.238501875604191,27.554864501953148,0.014274391,0.10800171,3.640138970541306,0,0,1
2017-03-25 10:00:00,1245.0758,29.311242675781276,0.01696375,0.08618164,14.837510283931776,33.42061767578127,0.014430792,0.041290283,10.091751439320982,29.498742675781276,0.014098913,0.101501465,2.0820326287299027,0,0,1
2017-03-25 11:00:00,1266.6912,29.996026611328148,0.016757758,0.09799194,15.286062017949606,35.07415161132815,0.014121802,0.045791626,9.49864168595562,30.964776611328148,0.0144880125,0.10559082,0.6670807969757729,0,0,1
2017-03-25 12:00:00,1249.3404,30.523400878906276,0.016582303,0.107299805,16.28927048540779,36.11715087890627,0.013824277,0.08538818,9.132194429470731,32.05465087890627,0.0138891265,0.14331055,0.4733926817953837,0,0,1
2017-03-25 13:00:00,1245.3421,30.814965820312523,0.01638397,0.11355591,17.53696791153686,36.56496582031252,0.013610685,0.13604736,8.792119155978819,31.986840820312523,0.013748014,0.17010498,1.9362380489524795,0,0,1
2017-03-25 14:00:00,1234.3182000000002,30.820642089843773,0.016216157,0.10668945,18.7163567797902,36.50814208984377,0.013587831,0.17108154,8.577208222974917,31.289392089843773,0.01422107,0.19818115,3.14264110931192,0,0,1
2017-03-25 15:00:00,1199.9621,30.578271484375023,0.016055979,0.100250244,19.79685054353018,35.90639648437502,0.013751902,0.20013428,8.516275209014147,30.312646484375023,0.014758982,0.22821045,3.809201791907773,0,0,1
2017-03-25 16:00:00,1165.9555,30.053125000000023,0.015956838,0.08660889,21.08327317944214,34.28750000000002,0.014060933,0.22961426,8.612666711176487,29.162500000000023,0.0150641985,0.24481201,3.925154771608261,0,0,1
2017-03-25 17:00:00,1131.534,29.068505859375023,0.016025553,0.08343506,22.2612384248059,32.55288085937502,0.014366159,0.23986816,8.662219273365698,27.849755859375023,0.015205393,0.2420044,3.837739284647284,0,0,1
2017-03-25 18:00:00,1173.391,27.816094970703148,0.016407063,0.06732178,22.57440164476438,30.753594970703148,0.014648488,0.21722412,7.798309656531056,26.472344970703148,0.015235951,0.21746826,3.600744933302973,0,0,1
2017-03-25 19:00:00,1224.4563,26.960839843750023,0.016910577,0.054779053,22.38097018759656,29.351464843750023,0.014923119,0.15478516,7.474135241037477,25.367089843750023,0.015537285,0.18682861,2.94883905293275,0,0,1
2017-03-25 20:00:00,1198.9424,26.530786132812523,0.017208077,0.049743652,21.38767215340654,28.296411132812523,0.015102364,0.09805298,7.138313158950721,24.640161132812523,0.015758492,0.16796875,2.571503659923129,0,0,1
2017-03-25 21:00:00,1159.873,26.320123291015648,0.017368302,0.047973633,20.63417800053621,27.460748291015648,0.0151672205,0.076538086,6.418367532331748,24.101373291015648,0.015857682,0.14160156,2.4816336251137163,0,0,1
2017-03-25 22:00:00,1140.9851,26.238305664062523,0.01733017,0.043655396,20.341166850691145,26.785180664062523,0.015155793,0.058059692,5.079112148644275,23.722680664062523,0.015926361,0.1338501,2.473111394421083,0,0,1
2017-03-25 23:00:00,1088.3297,26.141809082031276,0.017345274,0.03996277,19.33140309048408,26.157434082031276,0.01513275,0.04133606,4.378333566668306,23.423059082031276,0.015926206,0.124053955,2.471004008551958,0,0,1
2017-03-26 00:00:00,1062.5587,25.983850097656276,0.017375711,0.045135498,18.063619945613084,25.671350097656276,0.015178447,0.040008545,4.198102856365105,23.147912597656276,0.015819315,0.12237549,2.6045489186822657,0,0,1
2017-03-26 01:00:00,1033.4475,25.854516601562523,0.017329913,0.0501709,17.597993927115358,25.276391601562523,0.015308122,0.040267944,4.23237028631818,22.901391601562523,0.015605669,0.11584473,2.8539374357368485,0,0,1
2017-03-26 02:00:00,976.2423,25.718164062500023,0.017367989,0.04748535,17.37933066427988,24.921289062500023,0.015483527,0.04093933,4.397780771232521,22.686914062500023,0.015384345,0.11538696,3.0909968246028985,0,0,1
2017-03-26 03:00:00,957.4384,25.651727294921898,0.017375646,0.039215088,17.80789725174785,24.729852294921898,0.01568192,0.05253601,4.851468398798681,22.511102294921898,0.015212714,0.1133728,3.2738036758899067,0,0,1
2017-03-26 04:00:00,949.5378,25.590295410156276,0.017330054,0.03768921,17.579574783963373,24.637170410156276,0.015849952,0.05734253,5.017646761402879,22.363732910156276,0.015071754,0.10821533,3.297944130766096,0,0,1
2017-03-26 05:00:00,929.1732,25.496209716796898,0.017261367,0.038970947,16.187991459871817,24.433709716796898,0.01596437,0.055877686,4.725158743235321,22.254022216796898,0.014961106,0.09875488,3.213303727419845,0,0,1
2017-03-26 06:00:00,894.3276999999999,25.571618652343773,0.017177394,0.03929138,15.644170993043074,24.477868652343773,0.016032984,0.05203247,5.344722779724132,22.251306152343773,0.014941981,0.08291626,3.1828431882207493,0,0,1
2017-03-26 07:00:00,907.3908,26.336999511718773,0.01688743,0.037963867,17.889324052044632,26.461999511718773,0.015819315,0.047821045,9.565317255034104,23.227624511718773,0.014999154,0.061935425,3.472263165465664,0,0,1
2017-03-26 08:00:00,974.5466,27.3002868652344,0.016627979,0.04232788,18.121509277947634,28.9877868652344,0.015021992,0.042785645,10.68000180276577,25.3002868652344,0.014533711,0.03337097,3.3151592290620124,0,0,1
2017-03-26 09:00:00,1039.9498999999998,28.282006835937523,0.016574517,0.033187866,16.370219308249823,31.360131835937523,0.014228477,0.0332489,9.110622975627315,27.578881835937523,0.013579979,0.023918152,2.598559272009372,0,0,1
2017-03-26 10:00:00,1066.6614,29.1918884277344,0.016460015,0.024353027,14.644314732328455,33.3950134277344,0.0139156105,0.024749756,7.213315476673374,29.5512634277344,0.0130840065,0.030845642,1.544175063235818,0,0,1
2017-03-26 11:00:00,1115.7048,30.0493103027344,0.01623869,0.017967224,13.47800576510846,35.1118103027344,0.013492108,0.048477173,5.895340178480571,30.8305603027344,0.0132823,0.06417847,0.8659768381066283,0,0,1
2017-03-26 12:00:00,1150.7991,30.729516601562523,0.015986826,0.022209167,12.918283537705266,36.27639160156252,0.0132288,0.094573975,4.790399319881476,31.870141601562523,0.0130228065,0.0892334,1.645261734399364,0,0,1
2017-03-26 13:00:00,1145.0066,31.141992187500023,0.01576546,0.052612305,12.977032417364462,36.67324218750002,0.013331684,0.13928223,4.132549895108235,31.970117187500023,0.013526234,0.11880493,2.7159229918392973,0,0,1
2017-03-26 14:00:00,1119.1255,31.193994140625023,0.015589868,0.08532715,13.556020698349212,35.95961914062502,0.013537561,0.1638794,3.969160281623437,31.365869140625023,0.01398388,0.14447021,3.514388051437032,0,0,1
2017-03-26 15:00:00,1095.0198,30.928308105468773,0.0154905785,0.09561157,14.32552308730308,34.91268310546877,0.013785409,0.2062378,3.9078379950898574,30.490808105468773,0.014323281,0.18237305,4.057890453625414,0,0,1
2017-03-26 16:00:00,1068.0691,30.383691406250023,0.015459979,0.08016968,15.784917436250288,33.58681640625002,0.014014209,0.23565674,4.17268404198758,29.305566406250023,0.014636004,0.22332764,4.112833509285011,0,0,1
2017-03-26 17:00:00,1066.3435,29.490686035156276,0.015543841,0.056625366,17.280441650468713,32.06881103515627,0.014246844,0.24005127,4.401912083012593,27.959436035156276,0.014761828,0.25024414,3.936060527894363,0,0,1
2017-03-26 18:00:00,1103.3012,28.277062988281276,0.0158566,0.04522705,18.06978036059856,30.511437988281276,0.014555788,0.22314453,3.6510053373625335,26.620812988281276,0.014838075,0.2631836,3.480163005924548,0,0,1
2017-03-26 19:00:00,1191.3932,27.322534179687523,0.016291467,0.03011322,18.96533680808597,29.447534179687523,0.014765589,0.18328857,3.769099045716968,25.619409179687523,0.01512417,0.26660156,2.57771635943813,0,0,1
2017-03-26 20:00:00,1198.6083,26.734002685546898,0.016604299,0.021408081,18.622760407635475,28.671502685546898,0.014788503,0.12402344,4.347267200100521,24.921502685546898,0.015368337,0.2578125,1.6356876849303794,0,0,1
2017-03-26 21:00:00,1181.4847,26.407922363281276,0.016764553,0.015472412,17.40310225619698,28.017297363281276,0.014876278,0.075408936,4.776654860452426,24.439172363281276,0.0155018885,0.23571777,0.8495651033639853,0,0,1
2017-03-26 22:00:00,1141.7873000000002,26.197229003906276,0.016794974,0.011707306,16.05640553079474,27.462854003906276,0.014921959,0.044540405,5.434319917159472,24.040979003906276,0.01559716,0.22662354,0.6349247204282755,0,0,1
2017-03-26 23:00:00,1075.0919,26.040612792968773,0.016756771,0.01260376,15.133028945438404,26.899987792968773,0.014872311,0.03211975,6.290794186086461,23.665612792968773,0.015703915,0.24377441,1.0591496337588533,0,0,1
2017-03-27 00:00:00,1013.6807,25.946557617187523,0.016642282,0.01914215,14.784543683644545,26.352807617187523,0.014898965,0.03475952,6.4573100428271815,23.352807617187523,0.015749643,0.26367188,1.5152751589638918,0,0,1
2017-03-27 01:00:00,983.9637,25.805749511718773,0.016634602,0.027923584,14.666158562153036,25.883874511718773,0.014940877,0.04534912,6.370915385637463,23.086999511718773,0.01578011,0.27282715,2.0462982704746984,0,0,1
2017-03-27 02:00:00,950.456,25.606134033203148,0.01661929,0.040771484,14.712833081204677,25.543634033203148,0.015001859,0.056274414,6.8061178903920725,22.887384033203148,0.01572665,0.26293945,2.759849175810306,0,0,1
2017-03-27 03:00:00,925.5279,25.453668212890648,0.016619237,0.036499023,15.01361723211892,25.281793212890648,0.015093358,0.058654785,7.5893802531532915,22.703668212890648,0.015562566,0.24188232,3.476364101278021,0,0,1
2017-03-27 04:00:00,938.5672,25.324975585937523,0.016657336,0.02607727,14.789408301226612,25.028100585937523,0.015203936,0.05845642,7.693541490966158,22.559350585937523,0.01528023,0.20025635,3.960097986222795,0,0,1
2017-03-27 05:00:00,967.0784,25.178369140625023,0.01671832,0.02155304,13.942738273435513,24.834619140625023,0.0153374,0.054275513,7.933583277550325,22.443994140625023,0.014997892,0.15332031,4.261129665762635,0,0,1
2017-03-27 06:00:00,970.0461,25.280450439453148,0.016802194,0.018684387,14.217054055150813,24.780450439453148,0.01546705,0.048217773,8.483907896219073,22.358575439453148,0.014810922,0.10952759,4.510045740441175,0,0,1
2017-03-27 07:00:00,1083.1583,26.176354980468773,0.016641911,0.019065857,17.141933704027714,26.270104980468773,0.015360173,0.041793823,11.673460629776896,23.051354980468773,0.014627751,0.07723999,5.017044773406135,0,0,1
2017-03-27 08:00:00,1275.1173,27.241235351562523,0.016580809,0.017669678,16.968450958820448,28.694360351562523,0.014497983,0.031829834,12.780533812214044,24.819360351562523,0.0140669225,0.05593872,4.950529625042194,0,0,1
2017-03-27 09:00:00,1363.3978,28.340447998046898,0.01652734,0.014331818,15.132993825949656,31.231072998046898,0.013567134,0.025680542,11.777480176448638,26.949822998046898,0.013334437,0.042251587,4.343191870090748,0,0,1
2017-03-27 10:00:00,1457.1235,29.498803710937523,0.016122922,0.01417923,13.597460397451206,33.35817871093752,0.013330564,0.029685974,9.687865889007671,29.108178710937523,0.012678251,0.039886475,3.135085820752776,0,0,1
2017-03-27 11:00:00,1478.5285,30.440270996093773,0.015832962,0.026191711,12.585600172242748,34.75277099609377,0.013139786,0.04168701,7.947679749670359,30.799645996093773,0.01258284,0.052017212,1.4855905121686732,0,0,1
2017-03-27 12:00:00,1472.1391999999998,31.075952148437523,0.015680347,0.054641724,12.078679631811964,35.71657714843752,0.012838397,0.06915283,6.564165682164434,31.825952148437523,0.012926135,0.068573,0.7967529966419509,0,0,1
2017-03-27 13:00:00,1498.5085,31.392724609375023,0.0155659,0.08822632,11.960276640432438,36.29897460937502,0.012540845,0.115722656,5.231409181203397,32.28334960937502,0.012651471,0.079711914,1.6093382444165876,0,0,1
2017-03-27 14:00:00,1487.9247,31.4040466308594,0.015470544,0.111206055,12.34843400918708,35.9352966308594,0.012540856,0.13043213,4.141685468655334,31.9977966308594,0.012910882,0.09762573,2.617800392468056,0,0,1
2017-03-27 15:00:00,1480.1347999999998,31.207482910156276,0.015375173,0.12475586,13.087848892589411,35.42623291015627,0.012712514,0.13250732,3.766842897619203,31.441857910156276,0.013143575,0.10626221,3.3423649124203854,0,0,1
2017-03-27 16:00:00,1413.4433,30.707238769531276,0.015382793,0.09893799,14.15631965266391,34.53536376953127,0.012968089,0.120025635,3.6118795370247367,30.535363769531276,0.01339915,0.09762573,3.7487639946086455,0,0,1
2017-03-27 17:00:00,1329.387,29.923242187500023,0.0154858045,0.060943604,15.055869190535612,33.32949218750002,0.013265651,0.104888916,3.1585366786694893,29.329492187500023,0.013635676,0.086242676,4.130696680639217,0,0,1
2017-03-27 18:00:00,1267.2718,28.830712890625023,0.015756678,0.035629272,15.536368279583478,31.236962890625023,0.014406275,0.10720825,0.7771799024111615,27.799462890625023,0.013952326,0.07940674,4.676467143067034,0,0,1
2017-03-27 19:00:00,1330.0388,27.7831970214844,0.01613815,0.022331238,16.760506858353832,30.0644470214844,0.014986111,0.11013794,0.7221136887522724,26.3456970214844,0.014867855,0.0715332,4.426017592500732,0,0,1
2017-03-27 20:00:00,1320.0682,26.967797851562523,0.01648145,0.015808105,16.84943815930311,29.280297851562523,0.015146305,0.10757446,0.6349254047891332,25.483422851562523,0.015127231,0.06933594,3.7016083907329698,0,0,1
2017-03-27 21:00:00,1283.5754,26.421899414062523,0.01671797,0.011058807,16.04766788830453,28.562524414062523,0.015062393,0.085876465,0.4899908255671882,24.921899414062523,0.0152035365,0.07598877,2.845232936997345,0,0,1
2017-03-27 22:00:00,1210.5216,26.040887451171898,0.016862974,0.008087158,15.618267631638172,27.978387451171898,0.015016659,0.059921265,1.944405431113852,24.509637451171898,0.015112027,0.087768555,2.1590783286663577,0,0,1
2017-03-27 23:00:00,1142.4495,25.763330078125023,0.016916463,0.006509781,15.541396795116638,27.528955078125023,0.014929006,0.038635254,4.1587945477204,24.122705078125023,0.015154073,0.094177246,1.8522883013949747,0,0,1
2017-03-28 00:00:00,1075.6726,25.512414550781276,0.016878441,0.0060691833,15.540534697653255,27.059289550781276,0.014913872,0.018669128,5.917413069518025,23.715539550781276,0.015199974,0.10144043,1.8840569640556144,0,0,1
2017-03-28 01:00:00,1021.1631,25.306726074218773,0.016809845,0.0065193176,15.81182272203204,26.447351074218773,0.014978791,0.005382538,6.742116597002797,23.322351074218773,0.015226746,0.1071167,2.130880788106347,0,0,1
2017-03-28 02:00:00,981.5482,25.146325683593773,0.016733637,0.007417679,15.869986078440109,25.755700683593773,0.015009393,0.0027198792,6.551810988288454,22.974450683593773,0.015245904,0.10321045,2.520475343763351,0,0,1
2017-03-28 03:00:00,960.8167,24.9982849121094,0.016672727,0.007095337,15.451381851175638,25.2014099121094,0.015013333,0.0029296875,6.561901348601399,22.7014099121094,0.015215512,0.08392334,2.9076499618863245,0,0,1
2017-03-28 04:00:00,931.6165,24.864648437500023,0.016581303,0.005952835,13.53830305343511,24.724023437500023,0.0149715,0.0028648376,5.714546244472294,22.442773437500023,0.015116459,0.062408447,3.17670958741831,0,0,1
2017-03-28 05:00:00,945.6037,24.7458435058594,0.016504753,0.0074100494,11.245196301081345,24.3083435058594,0.014898766,0.002749443,5.174346749912503,22.2145935058594,0.014959801,0.046401978,3.414308366455253,0,0,1
2017-03-28 06:00:00,950.8277,24.942590332031276,0.01639009,0.008522034,10.894494183279988,24.270715332031276,0.014841323,0.002313614,6.033569203116542,22.067590332031276,0.014784102,0.034591675,3.689292921846081,0,0,1
2017-03-28 07:00:00,1092.5643,25.961694335937523,0.016107656,0.0059452057,13.290973169935867,26.086694335937523,0.014581776,0.0018105507,9.164298108284392,22.946069335937523,0.014520741,0.027954102,4.279898757984945,0,0,1
2017-03-28 08:00:00,1290.3028,27.0834899902344,0.015985493,0.0014848709,12.506388138175438,28.7709899902344,0.013822559,0.0018105507,8.706267683965574,24.9584899902344,0.013975147,0.019180298,3.949779262893806,0,0,1
2017-03-28 09:00:00,1367.2821,28.299951171875023,0.015909055,0.00090765953,10.46105277604054,31.674951171875023,0.013261656,0.0077590942,6.63155867193464,27.424951171875023,0.013559203,0.020980835,2.843343359410392,0,0,1
2017-03-28 10:00:00,1434.0233,29.594781494140648,0.015367288,0.00045204163,9.087282680342412,33.57915649414065,0.013429422,0.027374268,4.416864111943453,29.657281494140648,0.013166208,0.03465271,1.3525693285478724,0,0,1
2017-03-28 11:00:00,1476.7498,30.743127441406276,0.014848433,0.00019365549,8.107155119188661,35.19625244140627,0.013185225,0.04638672,2.628443018556325,31.102502441406276,0.0134865865,0.06600952,1.2472935812923598,0,0,1
2017-03-28 12:00:00,1483.8448,31.678552246093773,0.014508857,8.2820654e-05,8.55521546958094,35.88167724609377,0.01302494,0.10058594,0.8563242556402146,31.756677246093773,0.013639106,0.10211182,2.3485547613232707,0,0,1
2017-03-28 13:00:00,1533.0625,32.36324462890627,0.014279934,6.67274e-05,10.131188294436354,36.00386962890627,0.0131851155,0.10430908,1.9784648223711196,32.09761962890627,0.013703914,0.12332153,3.426905623971739,0,0,1
2017-03-28 14:00:00,1525.8555,32.7226501464844,0.014092992,0.0001732111,11.851584857273329,36.0507751464844,0.013188909,0.08816528,4.161045727699246,31.9726501464844,0.013791631,0.13256836,4.431668781243191,0,0,1
2017-03-28 15:00:00,1513.3412,32.67974243164065,0.013967105,0.0004326105,13.586316006758343,35.74224243164065,0.013211795,0.08270264,5.757491523978271,31.148492431640648,0.0139632905,0.14331055,5.13032356847961,0,0,1
2017-03-28 16:00:00,1443.7116,32.1534362792969,0.014031974,0.00063610077,15.405636427231018,34.9346862792969,0.013242331,0.08828735,6.686976594496335,30.153436279296898,0.014245597,0.1408081,5.342788320641627,0,0,1
2017-03-28 17:00:00,1326.1751000000002,31.010217285156276,0.01431811,0.0021982193,16.96215797478673,33.65084228515627,0.013360621,0.0899353,6.975537113305613,29.025842285156276,0.01457751,0.13397217,5.209807225942428,0,0,1
2017-03-28 18:00:00,1282.3339,29.3332458496094,0.014791168,0.001994133,18.75479213663481,31.5519958496094,0.014802612,0.090789795,5.67588183907876,27.6769958496094,0.015447296,0.12454224,4.845038922510792,0,0,1
2017-03-28 19:00:00,1332.7462,27.8244567871094,0.015447361,0.0013403893,21.297350995460167,30.4025817871094,0.015382512,0.09008789,4.965464537172305,26.6369567871094,0.015626652,0.12243652,4.265678925225765,0,0,1
2017-03-28 20:00:00,1322.3805,26.777246093750023,0.015901443,0.0009381771,21.699904762445826,29.620996093750023,0.0154741965,0.07144165,3.6824980402861622,25.855371093750023,0.015519973,0.11993408,3.501899022856189,0,0,1
2017-03-28 21:00:00,1295.0531,26.263360595703148,0.016199064,0.0006735325,20.098729426522137,28.903985595703148,0.015325498,0.046920776,2.354951269896932,25.325860595703148,0.015520047,0.1076355,2.892027226339686,0,0,1
2017-03-28 22:00:00,1228.4681,25.974664306640648,0.016382232,0.0005328655,18.29415657678585,28.240289306640648,0.01495172,0.021156311,1.6438105843986348,24.802789306640648,0.0155239245,0.08468628,2.610630607717682,0,0,1
2017-03-28 23:00:00,1160.9915,25.743127441406276,0.016443385,0.0008366108,16.947882650005557,27.680627441406276,0.014776361,0.013557434,2.542648666559,24.258752441406276,0.0154019715,0.07473755,2.703954185362938,0,0,1
2017-03-29 00:00:00,1090.6091,25.530847167968773,0.01645884,0.002084732,15.925024557768422,27.124597167968773,0.014719337,0.010009766,4.409013208028175,23.780847167968773,0.015222877,0.088012695,2.821817862607081,0,0,1
2017-03-29 01:00:00,1040.6552,25.339257812500023,0.016466668,0.00315094,15.058921871425175,26.558007812500023,0.014765313,0.0030822754,5.875695678428672,23.386132812500023,0.0150476005,0.09539795,2.9376637758091952,0,0,1
2017-03-29 02:00:00,1005.8587,25.174279785156276,0.016451497,0.004213333,14.363911038001357,25.830529785156276,0.0148264365,0.0013370514,5.966375566907895,23.049279785156276,0.014906545,0.08770752,3.259074682077064,0,0,1
2017-03-29 03:00:00,976.6299,25.052148437500023,0.016382918,0.007930756,13.750243988646693,25.177148437500023,0.014876111,0.0017108917,5.600852404161195,22.708398437500023,0.014799817,0.06536865,3.62358902667433,0,0,1
2017-03-29 04:00:00,966.6397,25.006799316406276,0.016291326,0.010852814,12.83559550242432,24.600549316406276,0.014895148,0.0010046959,5.185900808895889,22.381799316406276,0.014700598,0.039886475,3.92373912021068,0,0,1
2017-03-29 05:00:00,970.3705,25.015313720703148,0.0161692,0.013858795,11.799916567749934,24.124688720703148,0.014921793,0.00074601173,5.03981888173144,22.093438720703148,0.014608988,0.03012085,4.154558142017959,0,0,1
2017-03-29 06:00:00,976.8567,25.246850585937523,0.016062342,0.01839447,11.84635007636681,24.043725585937523,0.014986596,0.000780344,6.294088151138088,21.934350585937523,0.014521203,0.02735138,4.38848760200167,0,0,1
2017-03-29 07:00:00,1097.054,26.093530273437523,0.015818164,0.015625,14.108596908051034,25.921655273437523,0.014658495,0.0008034706,9.717029778929843,22.843530273437523,0.014334246,0.025764465,4.832765897568713,0,0,1
2017-03-29 08:00:00,1272.6507,27.166711425781276,0.015741844,0.009880066,14.168038538910002,28.479211425781276,0.013464469,0.00078225136,9.887007007292748,24.854211425781276,0.01383068,0.019226074,4.299328733878196,0,0,1
2017-03-29 09:00:00,1358.0981,28.394952392578148,0.015802871,0.008514404,13.834528013063483,31.285577392578148,0.012449752,0.00064849854,8.241172048488497,27.316827392578148,0.013403426,0.019340515,2.944253817651448,0,0,1
2017-03-29 10:00:00,1435.4398,29.687280273437523,0.015471001,0.0069713593,13.523500358660238,33.74978027343752,0.012415429,0.00042927265,5.809192676361013,29.624780273437523,0.01303341,0.03492737,0.8649577368075074,0,0,1
2017-03-29 11:00:00,1466.3813,30.893457031250023,0.015036138,0.0048942566,13.23116479845324,35.62783203125002,0.012678655,0.00025725365,4.46169449404357,31.174707031250023,0.013533147,0.057724,1.1365768863206958,0,0,1
2017-03-29 12:00:00,1440.2757,31.789208984375023,0.014788192,0.003929138,13.31257221041155,36.94545898437502,0.01273207,0.0005004406,4.355435684694417,32.07045898437502,0.013647597,0.08163452,2.755985979163572,0,0,1
2017-03-29 13:00:00,1487.7603,32.38826904296877,0.014601268,0.003376007,13.81325077277688,37.60701904296877,0.0126405135,0.024490356,5.365558749608059,32.26326904296877,0.013681926,0.08267212,4.35331235593344,0,0,1
2017-03-29 14:00:00,1510.0594,32.66109619140627,0.01442579,0.0041275024,14.663637738587097,37.53609619140627,0.012430703,0.038253784,7.370465680217344,31.973596191406276,0.013803994,0.10876465,5.869782085890399,0,0,1
2017-03-29 15:00:00,1497.9728,32.54927978515627,0.014349514,0.0133628845,15.625801903250563,36.95552978515627,0.012404018,0.0776062,9.669662493680905,31.361779785156276,0.014101558,0.13409424,6.967081805306719,0,0,1
2017-03-29 16:00:00,1436.325,31.930200195312523,0.014524959,0.017044067,16.457872662370455,35.60207519531252,0.012701534,0.10040283,10.866730338380092,30.258325195312523,0.014563106,0.14611816,7.246630586793437,0,0,1
2017-03-29 17:00:00,1318.6855,30.779168701171898,0.014913984,0.009944916,17.265555438561794,33.4979187011719,0.013246961,0.10592651,10.501150689424565,28.763543701171898,0.015116163,0.17004395,6.809899932529439,0,0,1
2017-03-29 18:00:00,1318.8898,29.295587158203148,0.015436534,0.004594803,18.157040174823543,31.420587158203148,0.014082316,0.114471436,8.962448669031224,27.264337158203148,0.015585307,0.18273926,6.057654477179479,0,0,1
2017-03-29 19:00:00,1361.9372999999998,28.109216308593773,0.016016321,0.0040302277,19.530143328022096,29.999841308593773,0.01508172,0.118011475,7.626446536072887,25.999841308593773,0.016176539,0.18914795,5.180125807777203,0,0,1
2017-03-29 20:00:00,1338.4967,27.336022949218773,0.016405426,0.002196312,19.021857528716104,28.914147949218773,0.016161285,0.10089111,6.088690526582149,24.820397949218773,0.016939484,0.18920898,4.209546785311434,0,0,1
2017-03-29 21:00:00,1302.4447,26.945458984375023,0.016596172,0.0012264252,16.73919278075176,28.289208984375023,0.016481731,0.09136963,5.0459386395092665,24.132958984375023,0.017351482,0.19854736,3.453368839267948,0,0,1
2017-03-29 22:00:00,1253.8564,26.697198486328148,0.016672455,0.0008211136,14.578687752904226,27.790948486328148,0.016756378,0.0819397,3.943272027554614,23.790948486328148,0.017473541,0.21685791,2.887810162816889,0,0,1
2017-03-29 23:00:00,1162.2972,26.468438720703148,0.016725847,0.0011453629,13.033768023358355,27.218438720703148,0.01706154,0.07522583,3.407556369396406,23.609063720703148,0.017420122,0.22583008,2.4447807031122064,0,0,1
2017-03-30 00:00:00,1088.7411,26.257745361328148,0.01676398,0.001396656,12.19124114379749,26.617120361328148,0.01725989,0.069366455,3.584351455890519,23.413995361328148,0.017282778,0.23150635,2.185677008551388,0,0,1
2017-03-30 01:00:00,1058.279,26.046655273437523,0.016779246,0.0022268295,11.785292676642406,26.031030273437523,0.01736671,0.06741333,4.13868544730697,23.202905273437523,0.017153086,0.23571777,2.056597618240243,0,0,1
2017-03-30 02:00:00,1021.0537,25.848840332031276,0.016832663,0.004219055,11.381276002756795,25.473840332031276,0.01738198,0.061782837,4.822658785138499,23.020715332031276,0.01699288,0.23791504,1.990565397606912,0,0,1
2017-03-30 03:00:00,993.1742,25.680505371093773,0.016847873,0.011161804,10.980797920626388,24.993005371093773,0.017320896,0.057235718,5.325863523716543,22.868005371093773,0.016840244,0.23291016,1.985881816044332,0,0,1
2017-03-30 04:00:00,985.3751,25.625878906250023,0.016794402,0.013412476,10.237311661214,24.610253906250023,0.017229278,0.05229187,5.5680363978149945,22.750878906250023,0.016672332,0.22454834,1.9494038587600688,0,0,1
2017-03-30 05:00:00,1001.5305,25.551171875000023,0.016779078,0.011852264,9.133897539332986,24.348046875000023,0.01713766,0.046432495,5.345228902056568,22.676171875000023,0.016473902,0.20916748,1.803416681085227,0,0,1
2017-03-30 06:00:00,1003.6334,25.724633789062523,0.01680191,0.010761261,8.984295762218515,24.255883789062523,0.01706894,0.040161133,5.54288315043577,22.646508789062523,0.016344147,0.20056152,1.6563486724827008,0,0,1
2017-03-30 07:00:00,1108.5157,26.590051269531276,0.016473785,0.0092659,11.729299450806492,25.261926269531276,0.017076507,0.03288269,6.796636074733813,23.027551269531276,0.016519561,0.19696045,1.4865053289300612,0,0,1
2017-03-30 08:00:00,1290.5679,27.518609619140648,0.016557647,0.0114097595,11.93079284463574,27.940484619140648,0.015596343,0.030067444,6.599634871353162,23.674859619140648,0.016550018,0.19342041,1.4078656414133803,0,0,1
2017-03-30 09:00:00,1380.0402,28.520227050781276,0.016649164,0.019172668,11.402182179450088,30.848352050781276,0.014318383,0.036468506,4.981433144221562,24.988977050781276,0.015840448,0.1774292,1.1348543636010058,0,0,1
2017-03-30 10:00:00,1425.6847,29.651208496093773,0.016244747,0.018821716,10.66892853438326,32.97933349609377,0.013849116,0.056365967,2.4261862773280463,27.104333496093773,0.01480279,0.18536377,0.29496431260116,0,0,1
2017-03-30 11:00:00,1448.9088,30.654565429687523,0.015718259,0.017707825,9.8304591846033,34.48269042968752,0.013959683,0.092803955,1.881445871339404,28.592065429687523,0.01443652,0.19537354,1.545465298649663,0,0,1
2017-03-30 12:00:00,1448.4354,31.447412109375023,0.0152032245,0.013999939,9.547018070928264,35.16616210937502,0.013910042,0.1270752,4.34180843954052,29.431787109375023,0.0146233905,0.22198486,3.016116596533207,0,0,1
2017-03-30 13:00:00,1477.1126,32.02694091796877,0.014737797,0.012302399,9.84245446971452,35.57381591796877,0.013826084,0.13391113,7.021027921098709,29.714440917968773,0.014905644,0.23699951,4.149616221411766,0,0,1
2017-03-30 14:00:00,1518.9249,32.39339599609377,0.014356312,0.00774765,10.672298566642365,34.79964599609377,0.014009175,0.15008545,9.105700181059856,29.534020996093773,0.015218434,0.25549316,5.066452924503104,0,0,1
2017-03-30 15:00:00,1499.0201,32.48507080078127,0.014043504,0.0044765472,11.859616378318025,33.71944580078127,0.014386827,0.1539917,10.338117794594533,28.953820800781276,0.0155541245,0.28234863,5.635121387166004,0,0,1
2017-03-30 16:00:00,1438.7918,32.17901000976565,0.013940513,0.0030870438,13.6643886813823,32.39776000976565,0.014898002,0.1696167,10.224084267497345,27.944635009765648,0.015908897,0.31384277,5.660257514379479,0,0,1
2017-03-30 17:00:00,1343.8547,31.333947753906276,0.014089305,0.0021762848,15.387413112664673,30.662072753906276,0.015618999,0.16381836,8.991101481646812,26.615197753906276,0.016313273,0.31311035,5.304273710446786,0,0,1
2017-03-30 18:00:00,1306.518,29.857598876953148,0.014741637,0.0015201569,16.10441466278298,28.748223876953148,0.017053343,0.15185547,7.01363090331078,25.154473876953148,0.016923644,0.3244629,4.586980311090142,0,0,1
2017-03-30 19:00:00,1345.5453,28.524041748046898,0.015733492,0.0010480881,18.355273735729856,27.805291748046898,0.017549288,0.1272583,6.297295507584098,24.180291748046898,0.017450105,0.31835938,3.910656791607779,0,0,1
2017-03-30 20:00:00,1312.0273,27.485437011718773,0.01670248,0.0007636547,19.03012975843956,27.360437011718773,0.01760275,0.10775757,5.5658728362843055,23.766687011718773,0.017618008,0.30664062,3.427335350873267,0,0,1
2017-03-30 21:00:00,1282.755,26.870172119140648,0.01725187,0.0005662441,18.027885732982245,26.979547119140648,0.017717263,0.0987854,5.154276444487502,23.588922119140648,0.017602822,0.27770996,3.1500228063575206,0,0,1
2017-03-30 22:00:00,1225.5086,26.492883300781276,0.01758764,0.00042176247,16.010788494186237,26.617883300781276,0.01783178,0.09188843,4.730310670840085,23.430383300781276,0.017518975,0.24932861,2.9475959243890157,0,0,1
2017-03-30 23:00:00,1131.5322,26.250421142578148,0.01770977,0.0020303726,13.384416548873537,26.297296142578148,0.017869987,0.09335327,4.381955267155107,23.250421142578148,0.017396964,0.23138428,2.8562938661775297,0,0,1
2017-03-31 00:00:00,1082.9134,26.065881347656276,0.017641142,0.009304047,11.001296178571076,26.019006347656276,0.017816618,0.10342407,4.016167086218228,23.065881347656276,0.017221525,0.23504639,2.798765690407296,0,0,1
2017-03-31 01:00:00,1036.0236,26.012658691406276,0.01741227,0.0118637085,10.204407244694623,25.731408691406276,0.017686928,0.10470581,3.8488162710413216,22.903283691406276,0.017053688,0.24664307,2.5806922088245283,0,0,1
2017-03-31 02:00:00,1007.6635,25.944757080078148,0.01722911,0.011947632,10.025672460058088,25.397882080078148,0.017496139,0.08648682,4.04179122627994,22.741632080078148,0.016916305,0.25842285,2.240931221055892,0,0,1
2017-03-31 03:00:00,990.5045,25.839654541015648,0.017114554,0.01259613,9.635659863731258,25.042779541015648,0.017251883,0.06402588,4.234917993393331,22.589654541015648,0.016847525,0.25732422,1.8048254777751047,0,0,1
2017-03-31 04:00:00,966.1494,25.761560058593773,0.017038133,0.017997742,8.97275902868187,24.636560058593773,0.016969468,0.051437378,4.164300292133745,22.449060058593773,0.016610887,0.22406006,1.473989850393623,0,0,1
2017-03-31 05:00:00,987.5215,25.706597900390648,0.017060837,0.017501831,8.313134475242585,24.269097900390648,0.016702255,0.044525146,4.116370909925224,22.284722900390648,0.016412338,0.19262695,1.4127527415921153,0,0,1
2017-03-31 06:00:00,983.63,25.871270751953148,0.017098812,0.018943787,8.884658397833391,24.183770751953148,0.016564755,0.035110474,4.634213877556737,22.199395751953148,0.016267208,0.1729126,1.3459711037774844,0,0,1
2017-03-31 07:00:00,1093.1601999999998,26.546289062500023,0.016930845,0.022735596,11.43404322682661,25.468164062500023,0.016450193,0.025466919,7.154175943388244,22.749414062500023,0.016579892,0.16540527,1.244607244208039,0,0,1
2017-03-31 08:00:00,1288.5349,27.310571289062523,0.016976511,0.031723022,11.848443849006772,27.669946289062523,0.015202676,0.016235352,7.288053006738379,23.435571289062523,0.016587412,0.14782715,1.2730552764362522,0,0,1
2017-03-31 09:00:00,1382.516,28.1884704589844,0.017174779,0.051712036,11.618805545470964,30.1415954589844,0.01414591,0.009124756,6.5304648304304695,25.1103454589844,0.015786229,0.12994385,1.346623489723219,0,0,1
2017-03-31 10:00:00,1451.5366,29.073449707031276,0.017174726,0.076660156,11.67085680093872,32.26094970703127,0.013730055,0.0064029694,5.175319429573417,27.417199707031276,0.014725691,0.13104248,0.8703647885461101,0,0,1
2017-03-31 11:00:00,1481.8337,29.770532226562523,0.017029757,0.116119385,11.74907778752962,33.91115722656252,0.013726228,0.0050144196,3.4770437693568708,29.051782226562523,0.014183992,0.12164307,1.0671205044406276,0,0,1
2017-03-31 12:00:00,1467.0868,30.1721130371094,0.016900029,0.16821289,11.987544080157974,35.0158630371094,0.0140466355,0.0048389435,1.981459102968044,30.0158630371094,0.0141343735,0.121398926,2.269232964931157,0,0,1
2017-03-31 13:00:00,1499.5794,30.267907714843773,0.016838975,0.23693848,12.461974743761928,35.53353271484377,0.013855882,0.011161804,0.7701041750445874,30.408532714843773,0.014359422,0.12902832,3.4600410378508606,0,0,1
2017-03-31 14:00:00,1521.6189,30.130456542968773,0.01686948,0.26245117,13.099933461027565,35.23983154296877,0.013634617,0.022949219,0.3235929468035342,30.333581542968773,0.014504368,0.13665771,4.401675871830166,0,0,1
2017-03-31 15:00:00,1485.3412999999998,29.862695312500023,0.016999152,0.26367188,13.657210841126542,34.44082031250002,0.013543035,0.032546997,1.4564864208205226,29.956445312500023,0.014672185,0.12579346,4.96666834573056,0,0,1
2017-03-31 16:00:00,1399.7628,29.4045349121094,0.017205123,0.22698975,14.255769641749032,33.2795349121094,0.013756637,0.0309906,2.668356769545418,29.1232849121094,0.01492012,0.112335205,5.255812636968193,0,0,1
2017-03-31 17:00:00,1298.492,28.752313232421898,0.01747977,0.18927002,14.55494055486535,32.0491882324219,0.01521384,0.032455444,3.5276629838931166,27.752313232421898,0.015366428,0.09197998,5.1281030741611655,0,0,1
2017-03-31 18:00:00,1285.4664,27.922814941406276,0.017907014,0.15985107,13.974386938088202,30.329064941406276,0.016663423,0.034713745,3.798416638522998,25.922814941406276,0.016610017,0.07324219,4.273468325432272,0,0,1
2017-03-31 19:00:00,1341.6737,27.327966308593773,0.01825036,0.13800049,14.49164676383379,28.874841308593773,0.018151177,0.033111572,3.830651360643743,24.531091308593773,0.017327202,0.061935425,3.3471032585716958,0,0,1
2017-03-31 20:00:00,1324.4866000000002,26.950769042968773,0.018441163,0.12524414,14.856290837265076,27.966394042968773,0.018113099,0.03744507,3.2221725622457407,23.872644042968773,0.01709076,0.05192566,2.491073365100864,0,0,1
2017-03-31 21:00:00,1276.5058,26.737664794921898,0.018540459,0.10256958,14.862096679964417,27.284539794921898,0.0181361,0.03604126,2.667522169412515,23.472039794921898,0.016923027,0.039627075,1.7102447445045246,0,0,1
2017-03-31 22:00:00,1228.0231,26.563867187500023,0.018639782,0.086517334,14.299966206544012,26.641992187500023,0.017968396,0.036987305,2.546127542913496,23.110742187500023,0.01677821,0.029785156,1.2948161003444632,0,0,1
2017-03-31 23:00:00,1164.9574,26.434259033203148,0.018708568,0.081085205,13.584199399583206,26.106134033203148,0.017724376,0.039245605,2.5383383873930736,22.840509033203148,0.016618114,0.033493042,1.2703982560043712,0,0,1
2017-04-01 00:00:00,1102.1969,26.292138671875023,0.018731572,0.08935547,12.936626796279272,25.682763671875023,0.01749561,0.04310608,2.6309735259373763,22.667138671875023,0.016442753,0.034088135,1.4140939909236845,0,0,1
2017-04-01 01:00:00,1064.8637,26.152215576171898,0.01870116,0.09661865,12.13279268576336,25.324090576171898,0.017304981,0.043441772,2.67767411379129,22.480340576171898,0.016229236,0.032958984,1.571841697264246,0,0,1
2017-04-01 02:00:00,1031.382,26.061212158203148,0.018693596,0.113220215,11.569316158939476,24.967462158203148,0.017106682,0.0382843,2.6717657127114656,22.264337158203148,0.015969902,0.033309937,1.699415576979297,0,0,1
2017-04-01 03:00:00,1004.5012,25.996392822265648,0.018701218,0.14086914,11.173380259443386,24.637017822265648,0.01690831,0.042755127,2.635837059617361,22.074517822265648,0.015702866,0.035003662,1.878557717083151,0,0,1
2017-04-01 04:00:00,985.5325,25.938500976562523,0.01868588,0.16619873,9.962428358100407,24.344750976562523,0.016732754,0.03579712,2.309988601582136,21.876000976562523,0.015428128,0.03425598,1.9719561818576248,0,0,1
2017-04-01 05:00:00,980.4326,25.952691650390648,0.018685807,0.18359375,8.184979792006615,24.140191650390648,0.016526688,0.031936646,2.0252426002140287,21.687066650390648,0.015153398,0.031280518,1.9863149996973708,0,0,1
2017-04-01 06:00:00,935.4585,26.067926025390648,0.018723957,0.17718506,7.33199713526793,24.317926025390648,0.016465656,0.030380249,1.9705933687555168,21.505426025390648,0.014947407,0.02594757,1.9959217858938971,0,0,1
2017-04-01 07:00:00,1018.0338000000002,26.536218261718773,0.018571367,0.17913818,8.119497484151442,26.223718261718773,0.016252032,0.032699585,3.652028601773624,22.364343261718773,0.0147795575,0.019866943,2.1612117932518395,0,0,1
2017-04-01 08:00:00,1131.6002,27.060327148437523,0.018441658,0.20031738,7.538335406567175,28.560327148437523,0.015397529,0.0365448,3.0339200858402675,24.575952148437523,0.013959388,0.016471863,1.9673663154273189,0,0,1
2017-04-01 09:00:00,1215.7617,27.597528076171898,0.018373044,0.21466064,6.793548485540574,30.800653076171898,0.014352354,0.040908813,1.603709927308751,27.285028076171898,0.012872252,0.012889862,1.504829442824933,0,0,1
2017-04-01 10:00:00,1269.902,28.251245117187523,0.018075535,0.21228027,6.543285084470589,32.62624511718752,0.013711522,0.046524048,1.494680408586177,29.469995117187523,0.012082647,0.00963974,1.3372855362120455,0,0,1
2017-04-01 11:00:00,1295.5512,28.793481445312523,0.017694157,0.19909668,5.66975984337243,34.13723144531252,0.013524692,0.06387329,2.774159087536184,31.121606445312523,0.011895816,0.0111198425,2.002736828547493,0,0,1
2017-04-01 12:00:00,1294.9251,29.040307617187523,0.017465284,0.19165039,5.208916026161541,35.16530761718752,0.013688734,0.11645508,3.759057885396353,32.10280761718752,0.012654951,0.03164673,2.681856516283428,0,0,1
2017-04-01 13:00:00,1289.901,29.116967773437523,0.01738906,0.17614746,6.349134800758344,35.19509277343752,0.013910058,0.15557861,4.055016462619539,32.46071777343752,0.013070825,0.07009888,3.5080241320007284,0,0,1
2017-04-01 14:00:00,1266.1786,29.204034423828148,0.017389128,0.14538574,8.404445507269827,34.78215942382815,0.014169523,0.16833496,3.4027180956496093,32.12590942382815,0.013635465,0.090270996,4.046870166672578,0,0,1
2017-04-01 15:00:00,1215.4256,29.173791503906276,0.017419646,0.12554932,10.238116302384077,34.12691650390627,0.014402219,0.16992188,1.983469428140079,31.392541503906276,0.014280149,0.10675049,4.112857550293215,0,0,1
2017-04-01 16:00:00,1198.1211,28.925073242187523,0.017534092,0.11627197,11.591540237786717,33.15944824218752,0.0147074,0.14056396,0.1390469245010358,30.315698242187523,0.014955356,0.11798096,3.766518048643122,0,0,1
2017-04-01 17:00:00,1179.6562,28.416650390625023,0.017755335,0.11065674,12.613077243869336,32.01040039062502,0.015470332,0.09631348,1.1966179081064996,28.901025390625023,0.015527552,0.118255615,3.3526473075710816,0,0,1
2017-04-01 18:00:00,1227.1486,27.756555175781276,0.018083325,0.097076416,13.834291262876237,30.553430175781276,0.01689314,0.07336426,1.2336046466019983,27.350305175781276,0.015947094,0.121276855,3.0963576545834712,0,0,1
2017-04-01 19:00:00,1269.4739,27.257012939453148,0.018418973,0.08578491,15.14255801684303,29.741387939453148,0.017007535,0.07611084,2.165563736086189,26.085137939453148,0.016709989,0.12579346,2.6495818078059235,0,0,1
2017-04-01 20:00:00,1258.6605,26.953881835937523,0.018647857,0.07827759,15.287891668010737,29.125756835937523,0.017015167,0.078125,2.806873079043173,25.141381835937523,0.017244048,0.12435913,2.1074989826566477,0,0,1
2017-04-01 21:00:00,1213.3532,26.799462890625023,0.018754713,0.0741272,15.16804743814897,28.533837890625023,0.0171678,0.080078125,2.916901424951156,24.643212890625023,0.01754164,0.1307373,1.671962177463686,0,0,1
2017-04-01 22:00:00,1174.9596,26.696618652343773,0.018754799,0.07861328,15.596349083562094,28.071618652343773,0.01735862,0.08340454,2.79442599521999,24.305993652343773,0.017701942,0.14440918,1.4570631499288402,0,0,1
2017-04-01 23:00:00,1121.9915,26.618676757812523,0.018770138,0.08544922,16.00072134299244,27.681176757812523,0.017526546,0.09082031,2.455136473333336,24.024926757812523,0.01773254,0.15252686,1.4157105022150005,0,0,1
2017-04-02 00:00:00,1101.0807,26.536462402343773,0.018861683,0.088897705,15.78413519804602,27.333337402343773,0.01764098,0.099121094,2.195341647894728,23.802087402343773,0.017663868,0.15777588,1.4779499184146456,0,0,1
2017-04-02 01:00:00,1047.1945,26.467584228515648,0.018983843,0.08242798,15.46594843238157,27.014459228515648,0.017724993,0.106903076,2.003421443719567,23.639459228515648,0.017595293,0.15710449,1.5448674439536283,0,0,1
2017-04-02 02:00:00,1023.6414,26.4160095214844,0.019098273,0.067474365,15.19888651935472,26.7285095214844,0.017786017,0.10723877,1.82046468466954,23.5253845214844,0.017511358,0.15563965,1.5805714700669,0,0,1
2017-04-02 03:00:00,991.8202,26.366418457031276,0.019121077,0.061660767,14.650285570922168,26.475793457031276,0.017869856,0.10412598,1.672177348383225,23.428918457031276,0.017419722,0.1484375,1.5371961014164397,0,0,1
2017-04-02 04:00:00,953.9182,26.301965332031276,0.01909809,0.05493164,13.088896144079827,26.270715332031276,0.01796894,0.09466553,1.15589471668231,23.395715332031276,0.017274665,0.13739014,1.247253944062714,0,0,1
2017-04-02 05:00:00,951.7452,26.192193603515648,0.019075114,0.052841187,10.881047933543906,26.098443603515648,0.017968852,0.090026855,0.8913092293793999,23.379693603515648,0.017099101,0.13018799,0.8032590980495382,0,0,1
2017-04-02 06:00:00,888.6148,26.245538330078148,0.019082671,0.054534912,9.484663359077864,26.120538330078148,0.018075591,0.086761475,1.3489960513739343,23.370538330078148,0.017037993,0.13214111,0.3864595168559142,0,0,1
2017-04-02 07:00:00,908.2208,26.862390136718773,0.018952928,0.071502686,11.04482818677108,27.456140136718773,0.017983995,0.09274292,2.5518673286630995,23.956140136718773,0.017472826,0.14337158,0.1441135229822608,0,0,1
2017-04-02 08:00:00,959.2906,27.6225524902344,0.018662998,0.101989746,11.68905820526505,28.9663024902344,0.017404148,0.13140869,3.214356624366057,24.9663024902344,0.017800877,0.14916992,0.830740454466534,0,0,1
2017-04-02 09:00:00,1016.4693,28.3259216308594,0.018456988,0.119781494,10.60307079675718,30.4509216308594,0.01703792,0.16931152,2.3717971155700592,26.9040466308594,0.01705318,0.16247559,1.484612044029043,0,0,1
2017-04-02 10:00:00,1080.19,28.909844970703148,0.01825864,0.1272583,9.669503358318524,31.737969970703148,0.016679356,0.18847656,1.404399233763031,28.847344970703148,0.016313145,0.19378662,2.1455202417443378,0,0,1
2017-04-02 11:00:00,1126.6063,29.422631835937523,0.018083232,0.13916016,9.004762686356463,32.51638183593752,0.016381877,0.21875,1.8712548771490785,30.000756835937523,0.016160624,0.20819092,2.982622974863009,0,0,1
2017-04-02 12:00:00,1136.5212,29.836083984375023,0.017915491,0.15930176,8.213483819429266,32.66420898437502,0.016206507,0.24475098,3.0363130157577687,30.351708984375023,0.016313318,0.23760986,3.9457716679546406,0,0,1
2017-04-02 13:00:00,1164.4966,30.123498535156276,0.017770648,0.17285156,7.9138163407238,32.40474853515627,0.01624477,0.2312622,3.9981836558146977,29.779748535156276,0.016641498,0.26879883,4.8403335788939446,0,0,1
2017-04-02 14:00:00,1154.9803,30.222131347656276,0.017679185,0.16668701,8.788047128848774,31.847131347656276,0.01647374,0.2130127,4.653933995964484,28.753381347656276,0.017076463,0.29174805,5.08555328464844,0,0,1
2017-04-02 15:00:00,1122.9189,30.163415527343773,0.0176868,0.13433838,10.514620209935291,31.225915527343773,0.016763642,0.2000122,4.944133351120138,27.741540527343773,0.017442659,0.29345703,4.914872512405781,0,0,1
2017-04-02 16:00:00,1109.0001,29.807763671875023,0.01775547,0.10211182,12.382721978178594,30.620263671875023,0.017045936,0.17907715,4.895862202444251,26.776513671875023,0.017785987,0.2783203,4.386899584255526,0,0,1
2017-04-02 17:00:00,1078.1418,29.228906250000023,0.017885208,0.07046509,13.706420079127083,29.978906250000023,0.017465591,0.14752197,4.43602225614697,25.807031250000023,0.018190384,0.26159668,3.6685709011156447,0,0,1
2017-04-02 18:00:00,1150.6546,28.470239257812523,0.018152276,0.044387817,14.259257551984884,29.032739257812523,0.018564263,0.11791992,3.4820676148218728,24.954614257812523,0.018655816,0.24963379,2.872118778280295,0,0,1
2017-04-02 19:00:00,1196.9357,27.804833984375023,0.01851092,0.038635254,15.00728939703592,28.429833984375023,0.019197566,0.10787964,3.066728221925135,24.539208984375023,0.018816097,0.2355957,2.3936701509788296,0,0,1
2017-04-02 20:00:00,1224.3815,27.286218261718773,0.018861989,0.032073975,15.11756031517032,27.973718261718773,0.019556263,0.107299805,2.730531162318149,24.364343261718773,0.018785695,0.2088623,2.0545101457643784,0,0,1
2017-04-02 21:00:00,1204.4286,26.891015625000023,0.019045167,0.023635864,14.469812821638769,27.578515625000023,0.019678406,0.0960083,2.5133175985727454,24.250390625000023,0.018778138,0.21166992,2.0659724810374835,0,0,1
2017-04-02 22:00:00,1168.3225000000002,26.619775390625023,0.019144448,0.01852417,13.479499968584744,27.213525390625023,0.019800575,0.0975647,2.873301944989012,24.182275390625023,0.018747719,0.21990967,2.515214942066749,0,0,1
2017-04-02 23:00:00,1102.2914999999998,26.405938720703148,0.019228544,0.018173218,12.277495232769338,26.827813720703148,0.019869413,0.11773682,4.005185714016238,24.124688720703148,0.018740263,0.19958496,3.020388661947328,0,0,1
2017-04-03 00:00:00,1051.2251,26.228540039062523,0.019274358,0.01826477,11.257863462757657,26.400415039062523,0.019915227,0.12652588,4.738206010615795,24.041040039062523,0.018725041,0.1897583,3.3505988169427847,0,0,1
2017-04-03 01:00:00,1017.632,26.095117187500023,0.019297257,0.020225525,10.325005179858811,26.079492187500023,0.019976273,0.12677002,4.526005370854568,23.923242187500023,0.018694535,0.17907715,3.629631474916879,0,0,1
2017-04-03 02:00:00,983.0937,26.004602050781276,0.019350661,0.02783966,9.358610588534344,25.863977050781276,0.019922866,0.121032715,3.779924729823964,23.770227050781276,0.01861061,0.17218018,3.678091710538773,0,0,1
2017-04-03 03:00:00,949.9347,25.971856689453148,0.01944984,0.040786743,8.401381310922542,25.737481689453148,0.019861827,0.115875244,2.976505001443909,23.581231689453148,0.018458018,0.16790771,3.358807706972461,0,0,1
2017-04-03 04:00:00,954.3581,25.9257751464844,0.01951852,0.046722412,7.705670188754599,25.5976501464844,0.019724514,0.113220215,2.478504249059665,23.4726501464844,0.0182673,0.16705322,2.922432799925007,0,0,1
2017-04-03 05:00:00,977.0753,25.886102294921898,0.019510908,0.047912598,7.750257308134044,25.432977294921898,0.019518537,0.10568237,2.4805287338573367,23.370477294921898,0.018053694,0.16290283,2.569991308858106,0,0,1
2017-04-03 06:00:00,997.7636,26.014245605468773,0.019526176,0.04524231,8.578111312104857,25.420495605468773,0.019434623,0.09680176,3.156432083467556,23.326745605468773,0.017901115,0.16430664,2.3652136340440726,0,0,1
2017-04-03 07:00:00,1112.3637,26.675195312500023,0.019358242,0.050857544,12.240044147187447,26.065820312500023,0.019610012,0.103149414,5.7715821394797135,23.722070312500023,0.018084133,0.17138672,2.318559435188112,0,0,1
2017-04-03 08:00:00,1330.6568,27.386804199218773,0.019030046,0.056671143,15.066762102438096,26.714929199218773,0.019564103,0.11193848,7.672911364135513,24.449304199218773,0.018381547,0.17510986,2.36418274487297,0,0,1
2017-04-03 09:00:00,1433.7087,28.099694824218773,0.018747665,0.06011963,16.69743493762122,27.818444824218773,0.019090988,0.10028076,8.715399234838978,25.427819824218773,0.018198349,0.17999268,2.121971301223594,0,0,1
2017-04-03 10:00:00,1500.1833,28.770654296875023,0.018579759,0.0670166,16.363333712466627,29.567529296875023,0.018266954,0.094451904,8.600456172466187,26.989404296875023,0.01729802,0.16363525,1.7440814410823098,0,0,1
2017-04-03 11:00:00,1509.2132,29.441735839843773,0.018503616,0.07577515,15.090133859332663,31.426110839843773,0.017733047,0.11227417,7.37581057474509,28.254235839843773,0.01680226,0.14978027,1.2269815348749062,0,0,1
2017-04-03 12:00:00,1495.0303,29.958032226562523,0.018351035,0.07888794,14.18650481779471,32.64553222656252,0.017343955,0.1348877,6.163631358570452,29.098657226562523,0.01639028,0.15570068,1.3853577675405475,0,0,1
2017-04-03 13:00:00,1547.2067,30.238153076171898,0.01813741,0.06817627,14.22031679211011,33.2537780761719,0.016596273,0.16949463,5.520632012301363,29.456903076171898,0.016344503,0.17822266,2.091333551465016,0,0,1
2017-04-03 14:00:00,1557.5302,30.2880798339844,0.017977273,0.057128906,14.807597988563776,33.2724548339844,0.016329324,0.17346191,5.202337487912022,29.4599548339844,0.0163751,0.18688965,2.7877113467439365,0,0,1
2017-04-03 15:00:00,1518.1429,30.118707275390648,0.017878195,0.04588318,15.42535265452954,32.89995727539065,0.016398093,0.16522217,4.873164479887239,29.274957275390648,0.016398093,0.18414307,3.46654485769725,0,0,1
2017-04-03 16:00:00,1450.0948,29.686059570312523,0.017870791,0.030349731,15.966050598958894,32.20168457031252,0.016665347,0.14733887,4.307343154593342,28.811059570312523,0.016337283,0.16851807,3.9387942121779136,0,0,1
2017-04-03 17:00:00,1340.8731,29.0183044433594,0.018000564,0.019729614,16.29312224589048,30.8308044433594,0.017954787,0.11050415,2.640221062638085,27.9245544433594,0.016474685,0.12313843,4.106145779057839,0,0,1
2017-04-03 18:00:00,1314.719,28.1728454589844,0.01835926,0.013839722,15.6263579488037,29.2665954589844,0.019702034,0.085510254,1.6401598723339672,26.6728454589844,0.017207222,0.086364746,3.5889856644984786,0,0,1
2017-04-03 19:00:00,1350.7747,27.570428466796898,0.01875613,0.0123176575,14.922251600695944,28.492303466796898,0.019915799,0.0675354,2.0033663052380755,25.648553466796898,0.017527798,0.08520508,3.132266755549978,0,0,1
2017-04-03 20:00:00,1313.6853999999998,27.220422363281276,0.019053737,0.013137817,13.023045240512136,27.954797363281276,0.019801417,0.059646606,2.301124273095013,25.064172363281276,0.017764369,0.09158325,2.787713286446732,0,0,1
2017-04-03 21:00:00,1286.3211,26.981408691406276,0.019282753,0.01304245,10.584343601176856,27.575158691406276,0.019648964,0.05064392,2.381705719601161,24.637658691406276,0.017901832,0.0970459,2.542579245556086,0,0,1
2017-04-03 22:00:00,1216.0352,26.780450439453148,0.019397384,0.014583588,9.438653728371518,27.233575439453148,0.019519454,0.043411255,2.351143873092021,24.327325439453148,0.017909652,0.10040283,2.41948420004939,0,0,1
2017-04-03 23:00:00,1149.6976000000002,26.611108398437523,0.019443395,0.015583038,8.985867352279016,26.876733398437523,0.019397618,0.04019165,2.416917159701978,24.126733398437523,0.017818334,0.10165405,2.340452752695663,0,0,1
2017-04-04 00:00:00,1087.7929,26.504815673828148,0.019458761,0.020774841,8.705902833171583,26.442315673828148,0.01922225,0.04573059,2.668607171053551,23.989190673828148,0.017749777,0.100250244,2.3252897943352715,0,0,1
2017-04-04 01:00:00,1040.9863,26.402673339843773,0.019443406,0.024230957,8.55745588767662,26.043298339843773,0.019084824,0.044433594,2.774014983754853,23.855798339843773,0.017673386,0.09838867,2.464154705095549,0,0,1
2017-04-04 02:00:00,1006.3363,26.314141845703148,0.01941295,0.024482727,8.311009626511263,25.689141845703148,0.01890178,0.043060303,2.832722342940159,23.689141845703148,0.017581895,0.097717285,2.596749301994409,0,0,1
2017-04-04 03:00:00,981.788,26.237634277343773,0.019336501,0.022628784,8.073714521855472,25.409509277343773,0.01871089,0.0410614,2.932481207043463,23.550134277343773,0.017482558,0.094573975,2.678462867389704,0,0,1
2017-04-04 04:00:00,972.636,26.168145751953148,0.019237077,0.019294739,7.658825170796508,25.183770751953148,0.018535173,0.03794861,2.8830232422256006,23.418145751953148,0.017360246,0.09094238,2.542100158579036,0,0,1
2017-04-04 05:00:00,985.011,26.092126464843773,0.019183392,0.016975403,7.125349289212855,24.998376464843773,0.018382305,0.033416748,2.8433622410263624,23.326501464843773,0.017237896,0.08657837,2.321012772746444,0,0,1
2017-04-04 06:00:00,983.4448,26.198205566406276,0.01918311,0.01625061,7.206892767343312,25.120080566406276,0.018359136,0.028945923,3.244402631253603,23.276330566406276,0.017123174,0.08251953,2.0690716934172704,0,0,1
2017-04-04 07:00:00,1119.6512,26.893640136718773,0.018946411,0.01991272,9.45932494982965,26.565515136718773,0.018343689,0.029373169,5.748816605572138,24.034265136718773,0.017054321,0.07305908,1.7133893564665994,0,0,1
2017-04-04 08:00:00,1300.7504,27.714654541015648,0.018725056,0.035949707,9.76860105433925,28.917779541015648,0.017527241,0.031227112,6.885450514471181,25.605279541015648,0.016626973,0.05770874,1.527705997524386,0,0,1
2017-04-04 09:00:00,1406.502,28.531915283203148,0.01853424,0.05104065,9.326113604202776,31.281915283203148,0.016665038,0.031021118,6.348222967490249,27.485040283203148,0.015856322,0.045639038,1.038088046454856,0,0,1
2017-04-04 10:00:00,1484.0258,29.6186462402344,0.018228952,0.053527832,8.604091957143556,33.3686462402344,0.01597828,0.023635864,4.897832811622948,29.2280212402344,0.015394633,0.038604736,0.1039013105397948,0,0,1
2017-04-04 11:00:00,1502.7641999999998,30.695520019531276,0.01785499,0.06958008,8.337757748304346,35.08614501953127,0.015787425,0.030197144,3.354494208855832,30.726770019531276,0.015112224,0.039535522,1.0984398316837485,0,0,1
2017-04-04 12:00:00,1526.786,31.534020996093773,0.017610755,0.08972168,8.821300368692937,36.20589599609377,0.01552793,0.064331055,2.215849032461793,31.659020996093773,0.015241828,0.05218506,2.066664181856487,0,0,1
2017-04-04 13:00:00,1539.1467,32.09554443359377,0.017450552,0.09503174,9.79656457436569,36.64241943359377,0.015272361,0.10147095,1.445490592912738,32.07991943359377,0.015356285,0.07766724,3.000215970848535,0,0,1
2017-04-04 14:00:00,1543.9105000000002,32.37798461914065,0.017297966,0.100097656,11.032865311145466,36.64360961914065,0.015157922,0.13763428,0.8825591113607149,32.04985961914065,0.015478357,0.112976074,3.842838249929928,0,0,1
2017-04-04 15:00:00,1540.838,32.36538085937502,0.017168265,0.08874512,12.28671907910162,36.17788085937502,0.015173177,0.15649414,0.681315736923738,31.568505859375023,0.015680533,0.14068604,4.447293937502516,0,0,1
2017-04-04 16:00:00,1478.7115,31.979882812500023,0.017130079,0.07559204,13.495933530615543,35.15175781250002,0.01527232,0.15649414,0.764793613727169,30.495507812500023,0.015993299,0.13098145,4.749678333835076,0,0,1
2017-04-04 17:00:00,1345.0336,31.079064941406276,0.017267296,0.046524048,14.233065885105225,33.51656494140627,0.015863487,0.13726807,1.2879876305907283,29.172814941406276,0.016496727,0.12475586,4.729965434684028,0,0,1
2017-04-04 18:00:00,1352.7185,29.839990234375023,0.017656306,0.020301819,14.853934581739404,31.808740234375023,0.01759527,0.110443115,1.9616823254556912,27.793115234375023,0.01696203,0.11630249,3.964573367666421,0,0,1
2017-04-04 19:00:00,1381.4274,28.729272460937523,0.018114116,0.01127243,16.665998948009644,30.760522460937523,0.018251445,0.09719849,1.9198976271874515,26.698022460937523,0.01729777,0.106658936,3.017142679443602,0,0,1
2017-04-04 20:00:00,1343.7101,27.883691406250023,0.018381312,0.0096206665,18.325927677586765,30.024316406250023,0.018007472,0.07522583,1.7948162478643517,25.930566406250023,0.017641261,0.102142334,2.2631578237307104,0,0,1
2017-04-04 21:00:00,1320.2385000000002,27.366815185546898,0.018556949,0.010005951,19.101808664058,29.116815185546898,0.018640872,0.050323486,2.0032155342293447,25.351190185546898,0.017824527,0.095184326,1.7840005959511946,0,0,1
2017-04-04 22:00:00,1256.9553999999998,27.131738281250023,0.018724976,0.016113281,19.35459135719491,28.381738281250023,0.018702088,0.038406372,2.322434720619703,24.912988281250023,0.017901001,0.08456421,1.604197253971867,0,0,1
2017-04-04 23:00:00,1170.2157,26.976342773437523,0.018931095,0.023147583,19.1807113079598,27.851342773437523,0.018580142,0.039154053,2.608010165595504,24.570092773437523,0.017878238,0.07809448,1.7512241768413634,0,0,1
2017-04-05 00:00:00,1104.0414,26.839654541015648,0.01920587,0.037490845,17.668238549509763,27.495904541015648,0.018648924,0.04458618,2.2356320730368875,24.308404541015648,0.017748656,0.07867432,1.9489182773091436,0,0,1
2017-04-05 01:00:00,1061.4006,26.675317382812523,0.019434782,0.061325073,16.80101702200295,27.206567382812523,0.018618437,0.054763794,2.0824359813892905,24.128442382812523,0.017580839,0.0848999,1.8205321517510715,0,0,1
2017-04-05 02:00:00,1030.3481,26.524926757812523,0.01949537,0.062469482,16.706155302761914,26.946801757812523,0.018450143,0.06283569,3.190401358990968,23.962426757812523,0.017450692,0.105895996,1.7423788278664785,0,0,1
2017-04-05 03:00:00,998.9338,26.411523437500023,0.019373432,0.053710938,16.748685451565112,26.583398437500023,0.018358722,0.05970764,4.0736173565910585,23.802148437500023,0.017321125,0.12585449,2.1092463644859287,0,0,1
2017-04-05 04:00:00,987.1529,26.345544433593773,0.019167444,0.038848877,16.879626807114576,26.251794433593773,0.018267175,0.052230835,4.453819937037776,23.689294433593773,0.017176172,0.13195801,2.415467843178257,0,0,1
2017-04-05 05:00:00,999.7619,26.303186035156276,0.019007033,0.025428772,17.13282628675916,25.943811035156276,0.018175429,0.04573059,4.75643875810216,23.600061035156276,0.017053908,0.13049316,2.584694278280608,0,0,1
2017-04-05 06:00:00,992.1955,26.383447265625023,0.018892484,0.01914215,18.096743801868577,25.977197265625023,0.018091397,0.042160034,5.903850046021304,23.602197265625023,0.016954618,0.12817383,2.719370309505218,0,0,1
2017-04-05 07:00:00,1139.2384000000002,26.906823730468773,0.018709306,0.015853882,20.64375957935745,27.281823730468773,0.017870072,0.042282104,9.333522565376567,24.406823730468773,0.016924027,0.11383057,3.042525901840903,0,0,1
2017-04-05 08:00:00,1343.1557,27.640924072265648,0.01845745,0.008869171,21.02792385241512,28.953424072265648,0.017412223,0.041763306,11.483086642497796,26.250299072265648,0.016534843,0.0914917,3.277249898555649,0,0,1
2017-04-05 09:00:00,1433.2741,28.401147460937523,0.018274218,0.010017395,19.280225990838712,30.713647460937523,0.01687041,0.044692993,11.495549729100334,28.401147460937523,0.01586333,0.0897522,2.763519556383894,0,0,1
2017-04-05 10:00:00,1507.9634,29.143212890625023,0.018052902,0.010860443,15.74724846919569,32.59633789062502,0.016275253,0.050750732,10.35612664710409,30.127587890625023,0.015718307,0.08758545,1.6388070830260757,0,0,1
2017-04-05 11:00:00,1536.5396,29.847253417968773,0.017755339,0.0116119385,12.09056456731432,34.33162841796877,0.015931914,0.06463623,8.713257586736843,31.425378417968773,0.015741179,0.07876587,1.337085583915651,0,0,1
2017-04-05 12:00:00,1549.9785,30.476922607421898,0.01734336,0.010910034,9.415878492020235,35.4925476074219,0.015535194,0.09838867,7.310715771659718,32.3675476074219,0.015436012,0.09564209,1.9859961740393537,0,0,1
2017-04-05 13:00:00,1557.1338999999998,31.020043945312523,0.016855044,0.009033203,8.08048606147081,36.12941894531252,0.01508121,0.12475586,5.923130174944321,32.55129394531252,0.015363498,0.111816406,2.975644163708191,0,0,1
2017-04-05 14:00:00,1580.8046,31.394097900390648,0.016435439,0.006904602,8.31744346991575,36.15972290039065,0.014917188,0.13330078,4.468769074512668,32.00347290039065,0.015485578,0.11557007,3.902051958051995,0,0,1
2017-04-05 15:00:00,1573.5033,31.574761962890648,0.016160809,0.0049648285,9.512412697670898,35.96538696289065,0.015065991,0.13647461,3.680519801000152,30.934136962890648,0.015718304,0.10076904,4.2252891215881005,0,0,1
2017-04-05 16:00:00,1501.0268,31.380517578125023,0.016160756,0.0034446716,11.403909354233324,34.80239257812502,0.015256672,0.12884521,3.686777371221204,29.771142578125023,0.016008168,0.07498169,3.9612923836720246,0,0,1
2017-04-05 17:00:00,1378.8613,30.732934570312523,0.016580474,0.002746582,13.048784817648162,33.42043457031252,0.015779387,0.091308594,3.0945875941354606,28.670434570312523,0.016153228,0.06283569,3.678513828361002,0,0,1
2017-04-05 18:00:00,1355.6201,29.493768310546898,0.01752649,0.002325058,13.65570078428464,31.337518310546898,0.01741968,0.05052185,1.5331958396398369,27.493768310546898,0.016572816,0.04824829,2.7340212313002774,0,0,1
2017-04-05 19:00:00,1411.9532,28.484063720703148,0.01838861,0.0022773743,15.890386215711455,30.280938720703148,0.017351013,0.025688171,2.148878959660545,26.593438720703148,0.016992431,0.03642273,1.9472625665057164,0,0,1
2017-04-05 20:00:00,1368.5974,27.707818603515648,0.019235587,0.0028095245,17.26480162770892,29.410943603515648,0.017480826,0.0181427,2.270262310316057,25.926568603515648,0.017229056,0.039138794,1.3701540969586363,0,0,1
2017-04-05 21:00:00,1335.0569,27.245019531250023,0.019716362,0.0074367523,16.979471535159192,28.713769531250023,0.01771746,0.017623901,2.153526486861198,25.432519531250023,0.01734362,0.04283142,0.8119288652624681,0,0,1
2017-04-05 22:00:00,1267.4216,27.030419921875023,0.019853747,0.01650238,16.53180406532502,28.171044921875023,0.01778618,0.01864624,2.627616172639597,25.030419921875023,0.017458117,0.048599243,0.655811463015191,0,0,1
2017-04-05 23:00:00,1193.9453,26.876000976562523,0.019876681,0.023620605,15.944209381627417,27.688500976562523,0.017793857,0.018684387,3.1855532367205406,24.719750976562523,0.01749631,0.059509277,1.1206040900726812,0,0,1
2017-04-06 00:00:00,1131.7636,26.762170410156276,0.019731779,0.029174805,15.707453694424824,27.246545410156276,0.017717618,0.021766663,3.786414015281912,24.496545410156276,0.017427702,0.059173584,1.9204077427759436,0,0,1
2017-04-06 01:00:00,1100.042,26.661035156250023,0.019419022,0.030387878,15.797618879694069,26.848535156250023,0.017633744,0.023750305,4.383819444822596,24.301660156250023,0.017145462,0.058288574,2.8164250108408826,0,0,1
2017-04-06 02:00:00,1065.2486,26.557244873046898,0.019068025,0.028419495,15.740442133392808,26.494744873046898,0.017549776,0.02469635,5.010075699696873,24.104119873046898,0.016901277,0.0539093,3.52708757553852,0,0,1
2017-04-06 03:00:00,1038.8375,26.459069824218773,0.018938234,0.021469116,15.41686584563936,26.240319824218773,0.017465761,0.022529602,5.757486425558528,23.943444824218773,0.016740968,0.056030273,3.9399366414354167,0,0,1
2017-04-06 04:00:00,1025.8205,26.410607910156276,0.018968694,0.018074036,14.256735003163923,26.051232910156276,0.017473333,0.024635315,5.89393666235758,23.832482910156276,0.016649358,0.06814575,4.062805150235701,0,0,1
2017-04-06 05:00:00,1037.1554999999998,26.382409667968773,0.019075422,0.01676178,13.037346328605071,25.882409667968773,0.017557172,0.025932312,5.901214022115657,23.773034667968773,0.016664533,0.07849121,3.971652770109487,0,0,1
2017-04-06 06:00:00,1031.1525,26.491021728515648,0.019220147,0.015357971,13.502424556448664,25.975396728515648,0.01767901,0.030906677,6.8816563374552775,23.819146728515648,0.016725335,0.08013916,3.833111184911807,0,0,1
2017-04-06 07:00:00,1173.4974,27.137597656250023,0.01916652,0.015922546,16.514217257958865,27.637597656250023,0.017755082,0.03781128,11.216776626146183,24.465722656250023,0.016801408,0.0854187,4.003153323356971,0,0,1
2017-04-06 08:00:00,1361.1957000000002,28.129663085937523,0.018838305,0.024299622,18.40773125638584,29.942163085937523,0.017403979,0.046173096,13.843375098531872,25.770288085937523,0.016541857,0.08566284,4.321064434045177,0,0,1
2017-04-06 09:00:00,1470.3709,29.052148437500023,0.018601691,0.029449463,18.479680076901463,32.13027343750002,0.016877448,0.05218506,13.325347134360918,27.474023437500023,0.01609162,0.09008789,4.124666297592789,0,0,1
2017-04-06 10:00:00,1554.9981,29.984674072265648,0.018342262,0.023864746,18.212470600887286,34.01592407226565,0.016511207,0.049926758,11.84955735164532,29.312799072265648,0.015832191,0.08288574,3.0710332638905693,0,0,1
2017-04-06 11:00:00,1588.572,30.816552734375023,0.017998915,0.019012451,18.103726554528293,35.45717773437502,0.016236525,0.04801941,10.801326860936442,30.832177734375023,0.016099196,0.07199097,1.678633513737313,0,0,1
2017-04-06 12:00:00,1570.6886000000002,31.431054687500023,0.017693702,0.015792847,18.025346153205245,36.44667968750002,0.015862647,0.050750732,10.27057457732709,32.08730468750002,0.015893165,0.06585693,0.964041272243453,0,0,1
2017-04-06 13:00:00,1613.9379,31.764276123046898,0.01742665,0.017158508,18.11137267211846,36.7642761230469,0.015450636,0.062561035,10.10527314116587,32.8736511230469,0.015557447,0.06893921,0.7419264476840794,0,0,1
2017-04-06 14:00:00,1626.4484,31.778649902343773,0.017213006,0.023742676,18.539465688765205,36.74739990234377,0.015160698,0.09197998,10.299820707668044,33.09114990234377,0.015366692,0.06539917,1.0740687034545435,0,0,1
2017-04-06 15:00:00,1593.2979,31.553887939453148,0.017068034,0.037719727,19.440855694058,36.33513793945315,0.015076763,0.110443115,10.769915641093004,32.66326293945315,0.015282757,0.057128906,1.6344913572536253,0,0,1
2017-04-06 16:00:00,1518.9883,30.917199707031276,0.017045164,0.03173828,20.455768515902108,35.41719970703127,0.015057707,0.088531494,11.04252439994094,31.682824707031276,0.015267516,0.025527954,2.053160460701501,0,0,1
2017-04-06 17:00:00,1365.1518999999998,29.888787841796898,0.017197795,0.017158508,21.620407763507878,34.0450378417969,0.015122601,0.05239868,10.499091953795244,30.279412841796898,0.0155422175,0.022102356,2.058886525364399,0,0,1
2017-04-06 18:00:00,1354.133,28.588647460937523,0.017457243,0.012580872,22.53304897031109,31.948022460937523,0.015607115,0.027412415,8.198371544076997,28.369897460937523,0.016450163,0.036819458,1.8675109532046537,0,0,1
2017-04-06 19:00:00,1421.2694,27.626000976562523,0.01782344,0.011692047,22.7041773510835,30.188500976562523,0.016228896,0.014225006,7.965354673603301,26.766625976562523,0.017342787,0.05357361,1.4936664573898004,0,0,1
2017-04-06 20:00:00,1408.9164,27.149316406250023,0.01811336,0.014404297,21.928118486798947,28.805566406250023,0.016907915,0.016098022,8.654787231686106,25.930566406250023,0.017541155,0.06289673,1.3933630401845454,0,0,1
2017-04-06 21:00:00,1363.9191,26.938867187500023,0.018403323,0.015224457,20.95391305145578,27.876367187500023,0.017365726,0.020004272,8.509615156390051,25.423242187500023,0.017457278,0.06930542,1.6162772892818822,0,0,1
2017-04-06 22:00:00,1288.2934,26.780786132812523,0.018639924,0.02027893,21.1893400490404,27.343286132812523,0.017411591,0.026412964,9.346235008865465,25.062036132812523,0.017487885,0.07443237,1.6725009765964274,0,0,1
2017-04-06 23:00:00,1216.6681,26.656152343750023,0.018807895,0.029190063,22.21366399957767,26.874902343750023,0.01736594,0.027328491,9.995466887125684,24.781152343750023,0.017419346,0.08169556,1.9513733795865,0,0,1
2017-04-07 00:00:00,1154.6127,26.490441894531276,0.018830927,0.033676147,22.813619581366748,26.506066894531276,0.01728979,0.022956848,9.922727471683125,24.474816894531276,0.01715246,0.09048462,2.8202497903292705,0,0,1
2017-04-07 01:00:00,1099.9692,26.328759765625023,0.018647946,0.03465271,23.42387463320344,26.235009765625023,0.01720599,0.018836975,9.79791820757821,24.172509765625023,0.01696185,0.09371948,3.44868477339692,0,0,1
2017-04-07 02:00:00,1054.6578,26.221459960937523,0.018419145,0.032730103,22.792576394437926,26.033959960937523,0.017106889,0.02872467,9.49322390175372,23.893334960937523,0.01683223,0.09420776,3.816502815516416,0,0,1
2017-04-07 03:00:00,1040.6974,26.151971435546898,0.018274246,0.0332489,21.27326968695288,25.839471435546898,0.016984878,0.0332489,8.984792373117873,23.698846435546898,0.016687332,0.09945679,4.167461490098482,0,0,1
2017-04-07 04:00:00,1025.805,26.116754150390648,0.018297117,0.028869629,19.170642199437847,25.679254150390648,0.016939085,0.038116455,8.501876722606397,23.538629150390648,0.016534727,0.102752686,4.319996151922419,0,0,1
2017-04-07 05:00:00,1013.7179,26.067163085937523,0.018396253,0.027420044,18.754073800608023,25.785913085937523,0.016977185,0.060394287,9.005233806855749,23.457788085937523,0.01640498,0.10800171,4.308115500004259,0,0,1
2017-04-07 06:00:00,1012.3515,26.161309814453148,0.01851069,0.027915955,19.949377431692184,26.036309814453148,0.017053476,0.0440979,9.767915270501144,23.426934814453148,0.016305795,0.11291504,4.53215556389323,0,0,1
2017-04-07 07:00:00,1147.2443999999998,26.9399353027344,0.018335221,0.03942871,22.64799460318504,27.6586853027344,0.017076371,0.035125732,13.060833137424748,24.2524353027344,0.016237138,0.10412598,5.301085141493972,0,0,1
2017-04-07 08:00:00,1350.7362,28.060388183593773,0.01784694,0.059036255,24.317392864020704,29.982263183593773,0.01658809,0.051757812,15.918907612266336,26.029138183593773,0.01582515,0.08862305,5.7121025297756125,0,0,1
2017-04-07 09:00:00,1436.1111999999998,29.179711914062523,0.017564649,0.06317139,25.19799982034862,32.07033691406252,0.016000623,0.053649902,16.678957939255472,28.039086914062523,0.015256758,0.07720947,5.610783303802292,0,0,1
2017-04-07 10:00:00,1522.8111,30.185968017578148,0.017366288,0.04547119,26.27139317286322,33.76409301757815,0.015733598,0.050445557,16.18730047272362,29.685968017578148,0.015249131,0.076660156,4.826800770310448,0,0,1
2017-04-07 11:00:00,1533.8308,31.011773681640648,0.017198471,0.027557373,26.485002412369216,34.99614868164065,0.015577224,0.046340942,15.349650346085095,30.902398681640648,0.015203384,0.0692749,3.9037465806226015,0,0,1
2017-04-07 12:00:00,1532.4153,31.543420410156276,0.01716792,0.0138168335,25.503189928579584,36.07467041015627,0.015405531,0.04109192,14.88576487079432,31.840295410156276,0.014932509,0.05949402,3.2150627289699263,0,0,1
2017-04-07 13:00:00,1558.7384,31.805718994140648,0.017015252,0.0063705444,23.88756335383328,36.68071899414065,0.015142236,0.037139893,14.681609471622862,32.21196899414065,0.0148446895,0.04498291,2.745413048107337,0,0,1
2017-04-07 14:00:00,1555.0363,31.804010009765648,0.016725272,0.0029907227,22.630303960588616,36.71026000976565,0.014947622,0.03567505,14.731970575291344,32.08526000976565,0.014772146,0.041137695,2.599047493688925,0,0,1
2017-04-07 15:00:00,1540.1659,31.510400390625023,0.016435312,0.0019078255,22.55379506590853,35.97915039062502,0.014806436,0.029380798,15.051153925764972,31.463525390625023,0.014714884,0.04309082,2.855435473539112,0,0,1
2017-04-07 16:00:00,1470.2849,30.831475830078148,0.016236933,0.0022716522,23.475784356904352,34.48772583007815,0.01462713,0.025360107,15.637772679867393,30.534600830078148,0.01456228,0.04246521,3.517648428935052,0,0,1
2017-04-07 17:00:00,1348.4723,29.721368408203148,0.01625217,0.0025596619,24.782170032870123,32.36199340820315,0.014546999,0.024047852,16.009131019545585,29.221368408203148,0.014432558,0.052261353,4.508741433410713,0,0,1
2017-04-07 18:00:00,1315.6469,28.373864746093773,0.016511545,0.0069942474,25.4067386369062,29.920739746093773,0.014768228,0.021766663,15.143622326912933,27.545739746093773,0.014928445,0.043518066,5.593394730010827,0,0,1
2017-04-07 19:00:00,1362.3417,27.512902832031276,0.016862478,0.0071697235,25.543006121894976,28.247277832031276,0.015306083,0.03437805,13.998617496348777,25.919152832031276,0.01594695,0.0539093,6.012133774736686,0,0,1
2017-04-07 20:00:00,1342.0722,27.135339355468773,0.01704558,0.0077552795,25.216606444971653,27.400964355468773,0.015946947,0.044937134,14.030623294963272,24.900964355468773,0.016175829,0.06939697,6.204591346212782,0,0,1
2017-04-07 21:00:00,1309.6816,26.974481201171898,0.017121917,0.007089615,25.314743064678023,26.849481201171898,0.016488677,0.041244507,13.85360837127949,24.193231201171898,0.016397124,0.07974243,6.264780864977948,0,0,1
2017-04-07 22:00:00,1253.1988,26.801416015625023,0.017244037,0.010662079,26.56485345732185,26.535791015625023,0.016732868,0.037872314,13.576120235524362,23.785791015625023,0.016496357,0.082977295,6.21243665574629,0,0,1
2017-04-07 23:00:00,1191.5654,26.660821533203148,0.017335644,0.024482727,26.681388866414363,26.317071533203148,0.016740551,0.035690308,13.37915148041674,23.504571533203148,0.016481152,0.088256836,6.203231151066516,0,0,1
2017-04-08 00:00:00,1153.6699,26.495202636718773,0.017274696,0.043563843,25.809429805211064,26.151452636718773,0.016504128,0.04283142,13.306476685334244,23.307702636718773,0.016412575,0.08895874,6.149164552465509,0,0,1
2017-04-08 01:00:00,1099.8042,26.306176757812523,0.017198509,0.052749634,25.145210868844824,25.962426757812523,0.016206687,0.046173096,13.226598920597375,23.149926757812523,0.01629824,0.086242676,6.102012596184887,0,0,1
2017-04-08 02:00:00,1066.8116,26.134393310546898,0.017145207,0.048461914,25.108502191971123,25.650018310546898,0.016054204,0.051437378,13.067847208942624,22.962518310546898,0.016153386,0.08291626,6.248836280820771,0,0,1
2017-04-08 03:00:00,1044.4871999999998,26.000512695312523,0.017091835,0.037597656,25.39601457221869,25.391137695312523,0.015962685,0.04576111,13.117623694541688,22.781762695312523,0.015977943,0.07809448,6.41745061007591,0,0,1
2017-04-08 04:00:00,1024.8208,25.913659667968773,0.016954416,0.034820557,24.96877660795281,25.179284667968773,0.015924448,0.033447266,12.874539875586104,22.616784667968773,0.015832895,0.06951904,6.592525272255847,0,0,1
2017-04-08 05:00:00,1015.1495,25.848596191406276,0.016778834,0.028213501,24.29800406842061,24.942346191406276,0.01583279,0.043624878,12.383762988461728,22.442346191406276,0.015649684,0.06518555,6.661760122359289,0,0,1
2017-04-08 06:00:00,980.0384,25.916436767578148,0.016656669,0.021232605,24.44750458322239,24.932061767578148,0.015649589,0.044891357,12.92633354936894,22.307061767578148,0.015413078,0.06060791,6.787856869246756,0,0,1
2017-04-08 07:00:00,1063.6297,26.7641540527344,0.016359016,0.021202087,28.41809623038417,26.4829040527344,0.015416785,0.044937134,16.069804584523286,22.8110290527344,0.015119239,0.050064087,7.353115635909293,0,0,1
2017-04-08 08:00:00,1186.6957,27.868859863281276,0.015969783,0.026130676,30.4935803870949,28.759484863281276,0.014707118,0.046295166,18.386802103061544,24.103234863281276,0.014478236,0.027931213,7.840149981757376,0,0,1
2017-04-08 09:00:00,1275.8059,28.993615722656276,0.015832355,0.018959045,30.23553758665946,31.009240722656276,0.014047077,0.03868103,18.389088115144343,25.852990722656276,0.013585499,0.012882233,7.689973446287982,0,0,1
2017-04-08 10:00:00,1366.8544,30.037774658203148,0.015694981,0.010196686,29.180165282233023,32.95964965820315,0.013749485,0.030151367,16.939662488437246,27.584649658203148,0.01286829,0.008743286,6.952987292351227,0,0,1
2017-04-08 11:00:00,1378.539,30.898522949218773,0.01559199,0.0033988953,27.556000708535848,34.55477294921877,0.013604533,0.02003479,15.19166365452728,29.054772949218773,0.012547862,0.010852814,5.848456428531852,0,0,1
2017-04-08 12:00:00,1354.9689,31.451013183593773,0.015485193,0.0023183823,26.086077745579875,35.65413818359377,0.013341333,0.012809753,14.099669481015397,29.982263183593773,0.012895013,0.017356873,4.501412551432153,0,0,1
2017-04-08 13:00:00,1352.4506,31.705133056640648,0.015324972,0.0025691986,25.053382727368064,36.18950805664065,0.013005636,0.010192871,13.526715204770042,30.455133056640648,0.012990377,0.021232605,3.77656535099981,0,0,1
2017-04-08 14:00:00,1322.4043,31.6423278808594,0.01519143,0.005455017,24.34976187399607,36.1579528808594,0.012875909,0.008747101,13.171644584839662,30.5173278808594,0.01299035,0.03805542,3.4431687143112506,0,0,1
2017-04-08 15:00:00,1306.4395,31.285913085937523,0.015054086,0.011413574,23.769869374135748,35.61403808593752,0.012746194,0.008636475,13.236380415733365,30.176538085937523,0.013036111,0.029067993,3.591083594933878,0,0,1
2017-04-08 16:00:00,1265.8638,30.561059570312523,0.015023567,0.013828278,24.333223138150352,34.29543457031252,0.012803413,0.015693665,13.5367176453295,29.404809570312523,0.013039924,0.043533325,4.169271127135699,0,0,1
2017-04-08 17:00:00,1224.9693,29.422692871093773,0.015141838,0.01651001,25.683962853811646,32.26644287109377,0.013142937,0.017288208,13.952686518734946,28.094567871093773,0.013249748,0.038986206,4.976973785220981,0,0,1
2017-04-08 18:00:00,1247.6375,28.150659179687523,0.015386025,0.023200989,26.34627764647589,29.806909179687523,0.013711373,0.015953064,13.435016939914192,26.291284179687523,0.013688485,0.035232544,5.83549114680491,0,0,1
2017-04-08 19:00:00,1301.7115,27.331719970703148,0.01574088,0.021575928,26.236531596420303,27.925469970703148,0.01436759,0.012084961,13.506197155483228,24.753594970703148,0.0139670465,0.040420532,7.14821061371497,0,0,1
2017-04-08 20:00:00,1284.7963,26.962091064453148,0.015901228,0.011581421,25.42781545528685,26.868341064453148,0.014970442,0.016716003,13.449866935894264,23.837091064453148,0.014451643,0.037002563,7.190463044134398,0,0,1
2017-04-08 21:00:00,1239.9783,26.728417968750023,0.015962174,0.0054416656,24.54747236800977,26.165917968750023,0.015515855,0.017929077,12.825623025317284,23.259667968750023,0.014752915,0.03425598,6.66101911737745,0,0,1
2017-04-08 22:00:00,1192.2722,26.515649414062523,0.015962088,0.004348755,23.89489493654074,25.687524414062523,0.015740836,0.017028809,11.733244512684188,22.906274414062523,0.014886345,0.03843689,6.306752972539881,0,0,1
2017-04-08 23:00:00,1135.4595,26.327233886718773,0.015855344,0.010433197,23.574814511941785,25.358483886718773,0.015794309,0.019309998,10.675933811341311,22.686608886718773,0.014970334,0.03845215,5.933580390558529,0,0,1
2017-04-09 00:00:00,1094.9121,26.171746826171898,0.015634196,0.017234802,23.06668300003326,25.093621826171898,0.015725749,0.02532959,9.996714769506095,22.577996826171898,0.014966624,0.04135132,5.56300529328046,0,0,1
2017-04-09 01:00:00,1046.3873,25.992120361328148,0.015527489,0.02848053,22.36636646294795,24.929620361328148,0.015599968,0.028198242,9.82493441028396,22.523370361328148,0.014947655,0.04449463,5.289283224484069,0,0,1
2017-04-09 02:00:00,1020.4773,25.812921142578148,0.015466565,0.020652771,22.092478415493872,24.875421142578148,0.015531415,0.030601501,10.24494505748845,22.422296142578148,0.014993543,0.04510498,5.316822607370368,0,0,1
2017-04-09 03:00:00,987.3707,25.640344238281276,0.015428427,0.014896393,22.115221745144545,24.859094238281276,0.015542868,0.030265808,10.63419032534835,22.359094238281276,0.014917257,0.047042847,5.459006645471121,0,0,1
2017-04-09 04:00:00,970.3022,25.571862792968773,0.015443486,0.0070705414,21.991906692256983,24.759362792968773,0.015515965,0.044326782,10.231796386148313,22.274987792968773,0.014825505,0.046554565,5.444971694242187,0,0,1
2017-04-09 05:00:00,954.9353,25.451959228515648,0.01552341,0.004589081,21.202247917908636,24.623834228515648,0.015443302,0.050231934,9.797233845102658,22.139459228515648,0.0147681,0.04748535,5.284388726575858,0,0,1
2017-04-09 06:00:00,903.0962,25.4619079589844,0.015565291,0.0063533783,20.854782324464125,24.6494079589844,0.015378371,0.04824829,9.830478358072671,22.0244079589844,0.0148290545,0.054885864,5.187575708779002,0,0,1
2017-04-09 07:00:00,926.4351,26.171472167968773,0.015275345,0.011516571,23.91668085857684,25.874597167968773,0.015237198,0.053359985,12.45667003606707,22.780847167968773,0.014836655,0.051589966,5.6829031474760985,0,0,1
2017-04-09 08:00:00,984.7948,27.1474548339844,0.015008231,0.0071315765,24.703380053830376,27.8193298339844,0.014691611,0.050598145,14.302556744339414,24.4755798339844,0.014584799,0.032791138,5.914595021873105,0,0,1
2017-04-09 09:00:00,1021.5428,28.173516845703148,0.014882225,0.0051116943,23.366730029373496,29.907891845703148,0.01400103,0.042373657,13.942167384308306,26.657891845703148,0.013890403,0.018760681,5.398566437215195,0,0,1
2017-04-09 10:00:00,1081.8563,29.179772949218773,0.014760048,0.0028715134,21.060857949020694,32.02352294921877,0.013390572,0.029197693,12.401906728274737,28.789147949218773,0.0130167315,0.013195038,4.247117638130207,0,0,1
2017-04-09 11:00:00,1109.4298,30.106347656250023,0.014637908,0.0011620522,18.594344355981164,33.99697265625002,0.012989959,0.01563263,10.401865234370415,30.481347656250023,0.012608489,0.009227753,2.886773833083544,0,0,1
2017-04-09 12:00:00,1147.5875,30.896020507812523,0.014511941,0.00068831444,17.165346429419714,35.53664550781252,0.012497781,0.007123947,9.029833366402729,31.489770507812523,0.013050912,0.006116867,1.468235251134539,0,0,1
2017-04-09 13:00:00,1165.1844,31.450280761718773,0.014317322,0.0006072521,17.11842036687187,36.48153076171877,0.011788177,0.0029001236,8.73303682343226,32.10653076171877,0.012837219,0.00406456,0.9311155689420968,0,0,1
2017-04-09 14:00:00,1185.4003,31.656823730468773,0.014145602,0.00081682205,18.26895537598648,36.85994873046877,0.011048067,0.0012688637,9.246083724447988,32.23494873046877,0.012619723,0.0029506683,0.6398608027271304,0,0,1
2017-04-09 15:00:00,1174.0607,31.469018554687523,0.0140654445,0.0010948181,20.231196103452884,36.50026855468752,0.010685623,0.0007596016,10.185928736549958,31.828393554687523,0.012493789,0.0031604767,0.5051711507924611,0,0,1
2017-04-09 16:00:00,1152.8881,30.717675781250023,0.0142370565,0.0016732216,22.24753166994652,35.28017578125002,0.01085342,0.0012760162,11.047633267160167,30.780175781250023,0.012600551,0.009796143,0.7613856083017075,0,0,1
2017-04-09 17:00:00,1128.6041,29.425103759765648,0.014645192,0.0031003952,23.70730431905264,33.06572875976565,0.011471364,0.00212574,11.618043336519204,29.143853759765648,0.013096425,0.012836456,0.7018263153012754,0,0,1
2017-04-09 18:00:00,1146.5763000000002,27.967370605468773,0.015122007,0.0037288666,23.6369145458549,30.154870605468773,0.012463163,0.0035028458,10.979819759703089,27.045495605468773,0.014019559,0.023330688,0.5620877972902304,0,0,1
2017-04-09 19:00:00,1200.5106,27.0817810058594,0.015522535,0.0036506653,22.42214912996623,28.0349060058594,0.013256605,0.0056610107,11.670972233065685,25.5036560058594,0.01425987,0.035202026,0.8507351697312385,0,0,1
2017-04-09 20:00:00,1213.3884,26.685632324218773,0.01577812,0.004638672,20.275864829399463,26.779382324218773,0.0136991115,0.0061016083,11.748324030396564,24.607507324218773,0.014309463,0.02848053,1.9907302229781692,0,0,1
2017-04-09 21:00:00,1204.9005,26.427331542968773,0.015923113,0.010047913,18.817239543257145,25.974206542968773,0.014103502,0.0047130585,11.401517144691034,23.927331542968773,0.01444301,0.035842896,2.9836200578103584,0,0,1
2017-04-09 22:00:00,1164.613,26.234643554687523,0.016029997,0.015419006,18.69039370788016,25.281518554687523,0.014393493,0.0045547485,10.953226319632131,23.312768554687523,0.014393493,0.027381897,4.41447460958196,0,0,1
2017-04-09 23:00:00,1095.8059,26.048059082031276,0.016152164,0.01815033,19.08827363190768,24.735559082031276,0.014492772,0.006593704,10.182105198134083,22.751184082031276,0.014366887,0.022720337,5.442665256554887,0,0,1
2017-04-10 00:00:00,1033.1381,25.888970947265648,0.016213251,0.017982483,19.301074536706096,24.310845947265648,0.0145386,0.005399704,9.760499213380902,22.232720947265648,0.014145686,0.018608093,6.019402983708056,0,0,1
2017-04-10 01:00:00,998.7969,25.727624511718773,0.016167525,0.015136719,18.54672891817997,23.868249511718773,0.014534834,0.0037212372,9.053825177000787,21.805749511718773,0.013962629,0.024650574,6.207225222764636,0,0,1
2017-04-10 02:00:00,973.8773,25.558251953125023,0.016121782,0.012374878,17.25785471008306,23.448876953125023,0.014416612,0.005765915,8.554572559159334,21.480126953125023,0.013913072,0.034561157,6.034254379291734,0,0,1
2017-04-10 03:00:00,946.7452,25.445275878906276,0.016053125,0.0090065,16.349078315164164,23.320275878906276,0.01415722,0.011585236,8.662283124314355,21.289025878906276,0.0139588555,0.041244507,5.820224959361595,0,0,1
2017-04-10 04:00:00,928.9186,25.304772949218773,0.016014967,0.007534027,15.536549658955035,23.148522949218773,0.013855848,0.010093689,8.420299117331984,21.195397949218773,0.014016066,0.039627075,5.645054673368525,0,0,1
2017-04-10 05:00:00,956.8553,25.151086425781276,0.01602259,0.0066490173,14.33241667958329,22.885461425781276,0.013588815,0.00888443,7.935108301472861,21.072961425781276,0.014080911,0.034851074,5.515346741830217,0,0,1
2017-04-10 06:00:00,955.0751,25.310754394531276,0.016053108,0.00554657,14.197320422020749,23.123254394531276,0.0134057095,0.007823944,8.370392309039438,21.029504394531276,0.014157205,0.03152466,5.452302838188544,0,0,1
2017-04-10 07:00:00,1118.1502,26.501306152343773,0.015725054,0.0053749084,19.18192592112317,25.641931152343773,0.013161576,0.004556656,12.57631986755795,22.126306152343773,0.014115251,0.023612976,5.983922943491179,0,0,1
2017-04-10 08:00:00,1306.3217,27.785791015625023,0.015404631,0.0064868927,21.422823761812715,28.535791015625023,0.012402465,0.0021858215,14.73433626883828,24.301416015625023,0.013905455,0.013427734,5.985228953177,0,0,1
2017-04-10 09:00:00,1407.8391,28.980126953125023,0.015397019,0.009635925,20.605203789765667,30.933251953125023,0.011624283,0.0012965202,13.799691553400535,26.792626953125023,0.013073868,0.008365631,5.334081958840521,0,0,1
2017-04-10 10:00:00,1484.417,29.988061523437523,0.015480964,0.015247345,19.34887578492934,33.11306152343752,0.0110444715,0.0008149147,12.476722809317632,28.941186523437523,0.011963814,0.008022308,4.263117166625777,0,0,1
2017-04-10 11:00:00,1517.3834000000002,30.769250488281276,0.015595432,0.029975891,18.517636881400037,34.76925048828127,0.010975834,0.00055646896,11.181640822871175,30.503625488281276,0.011425968,0.0061130524,3.230397772787667,0,0,1
2017-04-10 12:00:00,1509.1982,31.2707458496094,0.015664117,0.058029175,18.288542115354037,35.9426208496094,0.0107736755,0.00049591064,10.701228140822147,31.3801208496094,0.011639612,0.0042304993,2.283181237865581,0,0,1
2017-04-10 13:00:00,1547.6475999999998,31.496759033203148,0.015687024,0.08843994,18.42069078672292,36.60613403320315,0.01051048,0.00067710876,10.674859403805543,31.762384033203148,0.011551892,0.0034685135,1.907147277027844,0,0,1
2017-04-10 14:00:00,1556.2417,31.430352783203148,0.015679417,0.10635376,18.94073043010945,36.72722778320315,0.010384618,0.0010070801,11.030015575297645,31.649102783203148,0.011460363,0.0029325485,1.7807652466354382,0,0,1
2017-04-10 15:00:00,1511.3883,31.103906250000023,0.015671827,0.113220215,19.89229973801892,36.19765625000002,0.010632612,0.0024614334,11.63487741521332,31.010156250000023,0.0114680305,0.0022201538,1.971102219426197,0,0,1
2017-04-10 16:00:00,1444.771,30.443536376953148,0.015656622,0.09472656,21.575197857671117,34.86541137695315,0.011124762,0.0037641525,12.372217649304735,29.881036376953148,0.011601599,0.0018610954,2.570047365561074,0,0,1
2017-04-10 17:00:00,1291.685,29.438928222656276,0.015694825,0.07092285,23.388319885790818,32.62642822265627,0.011929718,0.004102707,13.082992573246798,28.392053222656276,0.011780945,0.0017309189,3.6141892466603145,0,0,1
2017-04-10 18:00:00,1272.6212,28.265435791015648,0.015870325,0.05128479,23.77283301841999,29.874810791015648,0.01290249,0.0052490234,12.928460348204563,26.609185791015648,0.012284509,0.0016174316,4.925842604228571,0,0,1
2017-04-10 19:00:00,1327.478,27.394189453125023,0.016137375,0.04776001,23.39157704099584,27.862939453125023,0.013787521,0.009002686,13.987752958163206,25.019189453125023,0.012803329,0.0018439293,6.523981080575685,0,0,1
2017-04-10 20:00:00,1307.7354,26.9514099121094,0.016244244,0.033096313,22.164199748429475,26.8576599121094,0.01434071,0.009269714,14.133324530136916,23.9826599121094,0.013306927,0.0016031265,6.761214591392178,0,0,1
2017-04-10 21:00:00,1278.8998,26.7463317871094,0.016259609,0.019859314,20.947760035686283,26.2307067871094,0.014764247,0.006521225,13.918178664130595,23.2775817871094,0.013715206,0.0016918182,6.611340091846629,0,0,1
2017-04-10 22:00:00,1227.031,26.547326660156276,0.016282633,0.010551453,19.19852909175881,25.781701660156276,0.015084819,0.0076560974,12.870630622832532,22.797326660156276,0.014020518,0.016914368,6.574988570402821,0,0,1
2017-04-10 23:00:00,1158.2326,26.342736816406276,0.016259886,0.004968643,18.04929544442217,25.405236816406276,0.015187956,0.012802124,11.67692867579316,22.467736816406276,0.014348723,0.033615112,6.186786097176727,0,0,1
2017-04-11 00:00:00,1091.5743,26.124230957031276,0.016206464,0.002149582,17.904390242100014,25.014855957031276,0.015142163,0.013858795,10.685018536449414,22.280480957031276,0.014592847,0.037994385,5.839820074027048,0,0,1
2017-04-11 01:00:00,1049.6532,25.916833496093773,0.0161607,0.00078368187,17.775486034073968,24.604333496093773,0.01504681,0.012779236,9.877028465051543,22.119958496093773,0.0147225605,0.040237427,5.630909462982872,0,0,1
2017-04-11 02:00:00,1006.5014,25.718835449218773,0.01613022,0.0007529259,16.52553103426197,24.187585449218773,0.014951479,0.012886047,9.240131305901068,21.937585449218773,0.014787447,0.038406372,5.52411729139236,0,0,1
2017-04-11 03:00:00,989.3406,25.546655273437523,0.016122572,0.0033302307,15.124201588640892,23.765405273437523,0.014909497,0.015686035,8.488392657388433,21.749780273437523,0.014802686,0.03590393,5.535896351505492,0,0,1
2017-04-11 04:00:00,967.8513,25.376489257812523,0.016168328,0.006708145,14.083158458699936,23.454614257812523,0.014909478,0.01738739,8.171118754592921,21.610864257812523,0.014806481,0.039474487,5.628126389473125,0,0,1
2017-04-11 05:00:00,978.5438,25.252954101562523,0.016206458,0.007369995,13.728729441756837,23.252954101562523,0.014936164,0.017852783,8.060243313810819,21.534204101562523,0.014817908,0.04660034,5.648375927601388,0,0,1
2017-04-11 06:00:00,982.4042,25.462030029296898,0.016236968,0.0068206787,14.784761037485415,23.555780029296898,0.01495523,0.019180298,8.92319611343291,21.602655029296898,0.0148484185,0.049682617,5.668266674495889,0,0,1
2017-04-11 07:00:00,1124.5872000000002,26.661096191406276,0.015916534,0.010185242,20.67468133055785,26.192346191406276,0.014779754,0.019218445,13.695783091422872,22.754846191406276,0.0147606805,0.046188354,6.217398467298994,0,0,1
2017-04-11 08:00:00,1286.6307000000002,27.865411376953148,0.015577031,0.01751709,23.494234574200096,28.959161376953148,0.013864232,0.0182724,15.997886231987074,24.881036376953148,0.014165593,0.028640747,6.456881041951833,0,0,1
2017-04-11 09:00:00,1361.8809,28.980065917968773,0.015474029,0.017456055,22.833062824215467,31.323815917968773,0.012841888,0.015270233,15.14840998095747,27.120690917968773,0.013082214,0.018867493,5.968168479192986,0,0,1
2017-04-11 10:00:00,1417.6257,29.992089843750023,0.015348129,0.016479492,21.578802006713023,33.41396484375002,0.0122162625,0.01014328,13.28355075430097,29.038964843750023,0.012075119,0.016296387,4.999810060708103,0,0,1
2017-04-11 11:00:00,1445.7799,30.854394531250023,0.01519173,0.014728546,20.38561158734364,35.05751953125002,0.011930164,0.006116867,11.50047024636172,30.448144531250023,0.01204079,0.014827728,3.5734168622113587,0,0,1
2017-04-11 12:00:00,1443.6921,31.475793457031276,0.015054402,0.012680054,19.29981298800769,36.25704345703127,0.011567769,0.0040607452,10.440814969053784,31.413293457031276,0.012193379,0.012477875,2.3881116063716537,0,0,1
2017-04-11 13:00:00,1468.9889,31.839624023437523,0.014917093,0.010250092,18.478574480834556,37.04274902343752,0.011068064,0.0029010773,10.071707895226004,32.04274902343752,0.011964518,0.008922577,1.829139686101631,0,0,1
2017-04-11 14:00:00,1497.6207,31.946923828125023,0.014779746,0.00812912,17.969704424380758,37.29067382812502,0.01075524,0.0024614334,10.2749209435756,32.13442382812502,0.012117087,0.006214142,1.4612534712724925,0,0,1
2017-04-11 15:00:00,1450.3637,31.783074951171898,0.014688176,0.0063114166,18.01969457843821,36.8924499511719,0.010705632,0.0019345284,10.875621593731958,31.689324951171898,0.012395543,0.004491806,1.3957525210924049,0,0,1
2017-04-11 16:00:00,1390.4527,31.234979248046898,0.014768269,0.005332947,18.94645105309499,35.7506042480469,0.010984089,0.0024080276,11.720527482384572,30.688104248046898,0.012700703,0.006837845,1.6882562849960712,0,0,1
2017-04-11 17:00:00,1284.9759,30.242730712890648,0.014924678,0.00466156,20.555669072201454,33.60210571289065,0.011689815,0.0027570724,12.544331818502933,29.148980712890648,0.013200435,0.011886597,2.23785030670256,0,0,1
2017-04-11 18:00:00,1253.2035999999998,28.890771484375023,0.015195535,0.0068912506,21.61753209993677,30.750146484375023,0.012727425,0.0032730103,12.353303956931674,27.218896484375023,0.013436959,0.019126892,3.071044457233375,0,0,1
2017-04-11 19:00:00,1311.6264,27.824182128906276,0.015554069,0.0069026947,22.09062991803949,28.558557128906276,0.013726829,0.0045757294,12.869190577949796,25.667932128906276,0.013902305,0.018676758,4.832080289056811,0,0,1
2017-04-11 20:00:00,1287.0119,27.160729980468773,0.015740953,0.0054912567,21.65046442604133,27.238854980468773,0.01446303,0.0047454834,12.99400016246606,24.582604980468773,0.014298998,0.016540527,6.153892690060795,0,0,1
2017-04-11 21:00:00,1244.8282,26.771691894531276,0.015801962,0.003973007,20.73202187334924,26.396691894531276,0.014867362,0.0037412643,12.632265848707116,23.896691894531276,0.014691886,0.015579224,6.080081594572171,0,0,1
2017-04-11 22:00:00,1191.1439,26.556909179687523,0.015756117,0.0038204193,19.892980700547213,25.791284179687523,0.01514195,0.004470825,11.748548111190049,23.447534179687523,0.014859662,0.017166138,6.051961829781789,0,0,1
2017-04-11 23:00:00,1129.8921,26.402490234375023,0.01569502,0.0037546158,19.4254853294749,25.355615234375023,0.015248701,0.008041382,10.880731584972526,23.105615234375023,0.014920637,0.022399902,5.965729468636384,0,0,1
2017-04-12 00:00:00,1043.486,26.236688232421898,0.015679713,0.004096985,18.915407276775436,24.971063232421898,0.01527917,0.009674072,10.31672001723719,22.783563232421898,0.015038844,0.03062439,5.8479016575509135,0,0,1
2017-04-12 01:00:00,1025.2665,26.0878845214844,0.015710197,0.006580353,18.307035825878,24.5566345214844,0.01529821,0.010128021,9.462386487635234,22.6035095214844,0.01511129,0.038238525,5.779893590218215,0,0,1
2017-04-12 02:00:00,996.1281,25.994073486328148,0.015763579,0.009410858,17.184150596939066,24.181573486328148,0.015305816,0.012714386,8.848167785812697,22.431573486328148,0.015122711,0.045806885,5.577146546275507,0,0,1
2017-04-12 03:00:00,953.5296,25.899743652343773,0.015801705,0.01177597,16.276191829515632,23.884118652343773,0.015298165,0.015464783,8.513694780165334,22.274743652343773,0.015073098,0.051116943,5.457256232220221,0,0,1
2017-04-12 04:00:00,937.1068,25.802880859375023,0.015839832,0.012260437,15.961121023862294,23.646630859375023,0.015263814,0.015785217,8.285355192868744,22.162255859375023,0.015031117,0.052246094,5.327692484822072,0,0,1
2017-04-12 05:00:00,951.8705,25.719384765625023,0.015862705,0.010837555,15.86543331214527,23.438134765625023,0.015214207,0.015968323,7.999743467032557,22.078759765625023,0.014992954,0.056427002,5.168093708629591,0,0,1
2017-04-12 06:00:00,952.2755,25.9089294433594,0.015885582,0.010543823,16.91756594417725,23.6745544433594,0.015172235,0.014751434,8.791585301991466,22.0964294433594,0.014977685,0.05819702,5.205844444791048,0,0,1
2017-04-12 07:00:00,1106.3761,27.032067871093773,0.015580401,0.010967255,21.14556292802272,26.188317871093773,0.0148784965,0.013843536,13.118672337695177,23.157067871093773,0.014889941,0.054595947,5.715937318606356,0,0,1
2017-04-12 08:00:00,1286.9493,28.188043212890648,0.0153591465,0.008476257,22.93433374987774,29.078668212890648,0.014004929,0.015953064,15.75673945512954,24.953668212890648,0.01443599,0.039627075,5.795212170433607,0,0,1
2017-04-12 09:00:00,1358.5834,29.2866149902344,0.015378219,0.0050373077,22.078317574797083,31.4272399902344,0.0131428065,0.015266418,14.935669303024117,26.9428649902344,0.013703567,0.026100159,5.3598966134477015,0,0,1
2017-04-12 10:00:00,1434.2339,30.326562500000023,0.015240881,0.0030298233,20.891346504345968,33.57656250000002,0.012570593,0.011692047,13.325259946538464,28.764062500000023,0.012952062,0.022377014,4.624936304427049,0,0,1
2017-04-12 11:00:00,1459.9528,31.179956054687523,0.015053948,0.0015745163,20.00296708032589,35.24245605468752,0.012364587,0.008049011,11.854015008171908,30.195581054687523,0.01270028,0.02204895,3.620307982289241,0,0,1
2017-04-12 12:00:00,1466.6384,31.800347900390648,0.0148708355,0.0008533001,19.260909764559308,36.40972290039065,0.012257768,0.006450653,10.949709661109637,31.034722900390648,0.013150407,0.02519989,2.424310865505376,0,0,1
2017-04-12 13:00:00,1486.6855,32.14901123046877,0.014683915,0.000477314,19.03709476713429,37.08651123046877,0.012143327,0.004962921,10.595090571291369,31.461511230468773,0.013226701,0.028266907,1.8061475322130256,0,0,1
2017-04-12 14:00:00,1426.6259,32.20675048828127,0.014573299,0.00022900105,19.581728285358302,37.33175048828127,0.012036526,0.0041542053,10.721525427051422,31.284875488281276,0.0133869285,0.026573181,1.5440307964134434,0,0,1
2017-04-12 15:00:00,1459.0653,31.9194274902344,0.014542799,0.00015604496,20.750145586721004,36.9350524902344,0.01207469,0.0158844,11.078318437574218,30.7006774902344,0.013489943,0.04776001,1.4907318796671551,0,0,1
2017-04-12 16:00:00,1380.8806,31.193139648437523,0.014657257,0.00011909008,22.22597365762177,35.50563964843752,0.012234924,0.03656006,11.420815026483032,29.646264648437523,0.013673065,0.052215576,1.6807998011920744,0,0,1
2017-04-12 17:00:00,1258.0817,30.024530029296898,0.01488615,9.4264746e-05,23.40311505050947,33.4151550292969,0.01274229,0.021858215,11.9868254248007,28.446405029296898,0.013734112,0.047576904,2.272111203010904,0,0,1
2017-04-12 18:00:00,1271.7651,28.633386230468773,0.015263808,8.350611e-05,23.60030657035717,30.945886230468773,0.013695967,0.016685486,12.52339399628868,27.039636230468773,0.01391722,0.044952393,3.2753243001865973,0,0,1
2017-04-12 19:00:00,1308.9153,27.676629638671898,0.015679616,6.702542e-05,23.26570077692915,28.911004638671898,0.014588613,0.016647339,13.407331328631845,25.879754638671898,0.014462728,0.03617859,4.899705196776621,0,0,1
2017-04-12 20:00:00,1294.5544,27.139062500000023,0.015954291,9.921193e-05,22.165098644048275,27.732812500000023,0.015141761,0.013427734,13.821883009223248,25.045312500000023,0.014817512,0.027305603,5.739617170267584,0,0,1
2017-04-12 21:00:00,1261.6112,26.832971191406276,0.016091648,0.0008046627,21.192605078417465,27.098596191406276,0.015366857,0.01026535,13.414155469337844,24.473596191406276,0.01514179,0.027381897,5.721473660605197,0,0,1
2017-04-12 22:00:00,1239.7355,26.6262145996094,0.016152713,0.00344944,21.216047424884803,26.5637145996094,0.015656803,0.00938797,12.983526314773126,24.0949645996094,0.01537833,0.038879395,5.709805236541208,0,0,1
2017-04-12 23:00:00,1180.6246999999998,26.431726074218773,0.016175631,0.006750107,21.80599557165629,26.134851074218773,0.015885714,0.010555267,12.38016798826755,23.822351074218773,0.015561466,0.054733276,5.621208988622858,0,0,1
2017-04-13 00:00:00,1117.6763,26.263879394531276,0.016198536,0.008888245,22.3137280961262,25.795129394531276,0.015939137,0.014259338,12.13165016516634,23.638879394531276,0.015702626,0.061050415,5.618573171784305,8,1,1
2017-04-13 01:00:00,1067.8638,26.113641357421898,0.016259575,0.011562347,22.378220978664096,25.629266357421898,0.015878106,0.02872467,12.454638818797171,23.504266357421898,0.015786553,0.064208984,5.594251192112458,8,1,1
2017-04-13 02:00:00,1004.4123,25.989831542968773,0.016366392,0.014274597,22.13604899066209,25.458581542968773,0.015794188,0.03504944,12.347912526257364,23.364831542968773,0.015824705,0.06512451,5.427074366273508,8,1,1
2017-04-13 03:00:00,961.658,25.910852050781276,0.016488474,0.014957428,21.885492740179934,25.301477050781276,0.015740793,0.03137207,12.067129700208753,23.238977050781276,0.015832346,0.065826416,5.197258556752522,8,1,1
2017-04-13 04:00:00,944.4276,25.845880126953148,0.016641086,0.014324188,20.48570826610744,25.111505126953148,0.01571793,0.02419281,11.204963136175712,23.127130126953148,0.015794223,0.06539917,4.851210924761306,8,1,1
2017-04-13 05:00:00,952.4596,25.745507812500023,0.016831852,0.010707855,18.410171765588625,24.901757812500023,0.015710331,0.012737274,10.10906888754812,22.995507812500023,0.015756108,0.06484985,4.568516643111842,8,1,1
2017-04-13 06:00:00,939.8479,25.8347106933594,0.017022625,0.012584686,17.71011717711789,24.7253356933594,0.015717998,0.0072841644,9.44636498430089,22.9597106933594,0.015756145,0.06399536,4.521683180193351,8,1,1
2017-04-13 07:00:00,1075.6452000000002,26.756311035156276,0.016885346,0.021705627,21.13756426187286,26.553186035156276,0.0155158695,0.0036716461,13.241422699844865,23.928186035156276,0.015664643,0.05595398,5.114761978831239,8,1,1
2017-04-13 08:00:00,1201.8662,27.958276367187523,0.01664883,0.028114319,22.543104219507185,29.177026367187523,0.014752926,0.0032110214,15.553587491710864,25.833276367187523,0.015119137,0.042617798,5.460033591450073,8,1,1
2017-04-13 09:00:00,1273.1627,29.187615966796898,0.016572492,0.022964478,21.565279330048288,31.703240966796898,0.01370384,0.003973007,15.187452799405822,27.953240966796898,0.014356153,0.02784729,5.265215367533992,8,1,1
2017-04-13 10:00:00,1335.6234,30.351647949218773,0.016419886,0.02418518,21.01499242484305,33.91414794921877,0.013059137,0.0049705505,13.979448601977548,29.789147949218773,0.013696192,0.022819519,4.524359934940227,8,1,1
2017-04-13 11:00:00,1341.5313,31.249841308593773,0.016267307,0.035690308,20.838878975442157,35.45296630859377,0.012853154,0.011455536,12.844022115901604,31.062341308593773,0.013944157,0.022743225,3.107379230659816,8,1,1
2017-04-13 12:00:00,1286.5105,31.810449218750023,0.016183391,0.058166504,20.75630001899461,36.09169921875002,0.01273109,0.013252258,12.053841082363215,32.04482421875002,0.013730541,0.024681091,2.3144969401014848,8,1,1
2017-04-13 13:00:00,1269.2342,32.0189147949219,0.016168151,0.080963135,21.200349783261057,36.4251647949219,0.012750181,0.010292053,11.794136465560406,32.5189147949219,0.01370767,0.029640198,1.7178913468518078,8,1,1
2017-04-13 14:00:00,1270.1334,31.854760742187523,0.016152922,0.08621216,21.85251756214169,36.63601074218752,0.012906614,0.009571075,11.958725939607143,32.30788574218752,0.013982358,0.04374695,1.26258614973227,8,1,1
2017-04-13 15:00:00,1258.7229,31.353631591796898,0.016137702,0.065338135,22.83238943260535,36.2130065917969,0.013036353,0.010292053,12.246226412259904,31.619256591796898,0.014218909,0.058059692,1.1042946830649494,8,1,1
2017-04-13 16:00:00,1221.7933999999998,30.553063964843773,0.016191147,0.050704956,23.89113837639224,35.03743896484377,0.0133034205,0.01184845,12.78836416417696,30.490563964843773,0.014482162,0.070007324,1.0912734271022235,8,1,1
2017-04-13 17:00:00,1162.9611,29.441949462890648,0.016290354,0.03540039,24.563134235609315,33.12944946289065,0.013723061,0.011966705,13.309468150299908,29.113824462890648,0.014665292,0.06933594,1.2815001676144828,8,1,1
2017-04-13 18:00:00,1162.971,28.295922851562523,0.016496364,0.028541565,24.28021452002992,30.764672851562523,0.01428384,0.011947632,13.153956061147298,27.545922851562523,0.014985744,0.06933594,1.5310580931317963,8,1,1
2017-04-13 19:00:00,1214.1017,27.588555908203148,0.016786257,0.030273438,23.899802094601803,28.744805908203148,0.014997164,0.013835907,13.541565041185176,26.338555908203148,0.015321413,0.073272705,2.39095020550578,8,1,1
2017-04-13 20:00:00,1169.706,27.270776367187523,0.017022694,0.028404236,23.16499068018139,27.598901367187523,0.015603627,0.020950317,13.680858984631524,25.567651367187523,0.01567229,0.06774902,2.8938185483916623,8,1,1
2017-04-13 21:00:00,1134.0976,27.120690917968773,0.017205779,0.02822113,22.53451564027063,26.933190917968773,0.016023222,0.028213501,13.144097712947056,24.964440917968773,0.01593167,0.07171631,3.631071163113642,8,1,1
2017-04-13 22:00:00,1113.9407,27.007440185546898,0.01736601,0.03315735,21.839411116824728,26.523065185546898,0.016305525,0.029563904,12.173494638361044,24.523065185546898,0.01611479,0.07296753,3.8989664175344,8,1,1
2017-04-13 23:00:00,1066.6554,26.890771484375023,0.017434651,0.04698181,21.5836882989432,26.281396484375023,0.016458089,0.034210205,11.47668713901218,24.156396484375023,0.01619869,0.073516846,3.996721006145457,8,1,1
2017-04-14 00:00:00,1040.3121999999998,26.770623779296898,0.017503291,0.049682617,21.21703192832721,26.083123779296898,0.016496211,0.037887573,10.980935801666554,23.833123779296898,0.016198665,0.083221436,4.411578672795146,9,1,1
2017-04-14 01:00:00,1010.1367,26.680139160156276,0.017518561,0.04748535,20.89408313281388,25.930139160156276,0.016480964,0.04031372,10.859024120343015,23.523889160156276,0.016175788,0.09136963,4.812473142474646,9,1,1
2017-04-14 02:00:00,979.1212,26.6291442871094,0.01741937,0.036132812,20.734774761241415,25.8166442871094,0.016435178,0.04206848,10.963287026004144,23.2853942871094,0.01616815,0.09289551,4.913002448558294,9,1,1
2017-04-14 03:00:00,953.398,26.498864746093773,0.017358309,0.029411316,19.995591829874733,25.639489746093773,0.016397005,0.031311035,10.801422979070988,23.123864746093773,0.016183382,0.09082031,4.927959548214442,9,1,1
2017-04-14 04:00:00,932.3315,26.369958496093773,0.017350648,0.025619507,19.48187582646429,25.276208496093773,0.016389344,0.03543091,9.772252801680189,23.010583496093773,0.01617572,0.09838867,4.901637068556103,9,1,1
2017-04-14 05:00:00,919.1188,26.223535156250023,0.017365871,0.021903992,18.52404997702364,25.020410156250023,0.016419826,0.036010742,8.932251877113151,22.895410156250023,0.016190944,0.103637695,4.816080979550376,9,1,1
2017-04-14 06:00:00,887.5783,26.314263916015648,0.017396383,0.020469666,18.293317456437794,25.064263916015648,0.016473226,0.04144287,8.7242641018399,22.892388916015648,0.016259603,0.10668945,4.711814356943805,9,1,1
2017-04-14 07:00:00,919.772,27.254296875000023,0.017144637,0.030029297,21.31529902807488,27.160546875000023,0.016259627,0.04031372,12.975468921456727,23.738671875000023,0.016259627,0.10079956,5.084760932366324,9,1,1
2017-04-14 08:00:00,946.6892,28.397302246093773,0.01678605,0.055389404,23.098485644355563,29.741052246093773,0.015435647,0.040115356,15.282250823965102,25.662927246093773,0.0157866,0.083221436,5.3319863064726745,9,1,1
2017-04-14 09:00:00,967.7775,29.514764404296898,0.0166945,0.06863403,22.548641026860203,32.0460144042969,0.014676523,0.036132812,14.780875773622276,27.858514404296898,0.014947367,0.07229614,5.234832914904988,9,1,1
2017-04-14 10:00:00,995.4109,30.540612792968773,0.01660298,0.068115234,22.3735347263758,34.08748779296877,0.014245496,0.026611328,13.755215613485902,29.649987792968773,0.0143294195,0.06774902,4.673491237564827,9,1,1
2017-04-14 11:00:00,1023.1697,31.387536621093773,0.016511513,0.07601929,22.438050703765818,35.80941162109377,0.013810708,0.018508911,13.058608169114086,30.856286621093773,0.014550759,0.066711426,3.4937816898225806,9,1,1
2017-04-14 12:00:00,1030.2195,31.898370361328148,0.016442895,0.09365845,22.36094260424615,37.02337036132815,0.013402582,0.012619019,12.697251943203288,31.617120361328148,0.014581324,0.0725708,2.8549653918678994,9,1,1
2017-04-14 13:00:00,1050.3764,32.09853515625002,0.016381852,0.11785889,22.517816066512168,37.69228515625002,0.013146989,0.009777069,12.751621134300311,32.06728515625002,0.014405839,0.06677246,2.6025402479330086,9,1,1
2017-04-14 14:00:00,1036.3111,31.978845214843773,0.01630557,0.1529541,22.879421719799254,37.80697021484377,0.013066891,0.010929108,13.017067653391402,32.02572021484377,0.014344814,0.06286621,2.639981721251238,9,1,1
2017-04-14 15:00:00,1022.8402,31.485681152343773,0.016267445,0.15325928,23.292546795188684,37.29818115234377,0.013215688,0.015510559,13.330532392671731,31.485681152343773,0.014302877,0.049438477,2.9754833373762017,9,1,1
2017-04-14 16:00:00,1014.8088,30.610986328125023,0.016320858,0.12799072,24.479885329931623,35.97036132812502,0.013478908,0.030769348,13.932470666076568,30.579736328125023,0.014241847,0.046539307,3.731089227174348,9,1,1
2017-04-14 17:00:00,1003.0478,29.6008239746094,0.016481142,0.10110474,25.46697590159196,33.9445739746094,0.013921482,0.026542664,14.788379509536076,29.1633239746094,0.014356357,0.045639038,4.822724617195853,9,1,1
2017-04-14 18:00:00,1057.3391,28.546044921875023,0.016694808,0.07110596,25.521624419074136,31.467919921875023,0.014554764,0.022758484,14.990887185500345,27.374169921875023,0.014798905,0.045639038,5.771511470827893,9,1,1
2017-04-14 19:00:00,1131.6091,27.861749267578148,0.017007684,0.046081543,25.27857492220747,29.330499267578148,0.01534829,0.018829346,15.319634349234263,25.846124267578148,0.015264367,0.048812866,6.853269328673214,9,1,1
2017-04-14 20:00:00,1143.3448999999998,27.477380371093773,0.017259551,0.033355713,25.326704998558032,28.055505371093773,0.015977813,0.03262329,15.731976032439595,24.883630371093773,0.015546752,0.051589966,7.264819811104566,9,1,1
2017-04-14 21:00:00,1128.7954,27.241998291015648,0.017427428,0.026695251,25.003182341399377,27.366998291015648,0.01638983,0.043380737,15.517900253303743,24.288873291015648,0.015832884,0.05722046,7.266972484044666,9,1,1
2017-04-14 22:00:00,1112.8638,27.117486572265648,0.017549517,0.028152466,24.322436338159637,26.929986572265648,0.01663399,0.04498291,15.175184622683163,23.898736572265648,0.016061785,0.07467651,7.0169712927770505,9,1,1
2017-04-14 23:00:00,1076.9716,26.987847900390648,0.01771741,0.034469604,23.36743668372654,26.675347900390648,0.016763736,0.0418396,14.69226418742615,23.706597900390648,0.016290713,0.08590698,6.489600689305038,9,1,1
2017-04-15 00:00:00,1033.6428999999998,26.848779296875023,0.017961552,0.040145874,23.0729180451702,26.489404296875023,0.016817143,0.034072876,14.11029806469762,23.661279296875023,0.016458562,0.08670044,5.972917287946477,10,1,1
2017-04-15 01:00:00,1001.0401,26.697717285156276,0.0181599,0.049240112,22.94716707584273,26.338342285156276,0.016840015,0.030960083,13.804135026481946,23.619592285156276,0.01652721,0.09088135,5.702308799551878,10,1,1
2017-04-15 02:00:00,988.0189,26.564721679687523,0.018281955,0.054397583,22.420268275946874,26.220971679687523,0.01684,0.032669067,13.691019185862544,23.580346679687523,0.016504306,0.09573364,5.686241148084123,10,1,1
2017-04-15 03:00:00,955.6906,26.456231689453148,0.018312456,0.055770874,22.128183819849276,26.143731689453148,0.016839983,0.03048706,13.565774216849515,23.534356689453148,0.016466143,0.09802246,5.774146772495256,10,1,1
2017-04-15 04:00:00,957.3052,26.4147888183594,0.018304808,0.05255127,21.317796863999934,26.0710388183594,0.016824706,0.03727722,13.411111785065527,23.5085388183594,0.016405089,0.09524536,5.651537225280219,10,1,1
2017-04-15 05:00:00,946.7153,26.362756347656276,0.018335314,0.044891357,20.134589333335565,25.940881347656276,0.016817065,0.03942871,12.974654952736822,23.456506347656276,0.01638219,0.09390259,5.528507269046625,10,1,1
2017-04-15 06:00:00,923.8038,26.449761962890648,0.018381068,0.03756714,20.00086614640589,26.074761962890648,0.016862819,0.040237427,13.122658395332698,23.481011962890648,0.016420314,0.08572388,5.647208964231212,10,1,1
2017-04-15 07:00:00,966.2919,27.280664062500023,0.018175038,0.04890442,23.690350463387517,27.718164062500023,0.016794117,0.049224854,16.26350695976643,24.374414062500023,0.016405018,0.08139038,6.1625125784291,10,1,1
2017-04-15 08:00:00,1052.9207,28.468560791015648,0.017740117,0.056518555,25.999322594841296,30.077935791015648,0.01632868,0.059509277,18.50969050465526,26.109185791015648,0.016038762,0.07299805,6.348580707922432,10,1,1
2017-04-15 09:00:00,1116.0039,29.617578125000023,0.017556962,0.06188965,25.59707514028321,32.33632812500002,0.015886124,0.05659485,18.378149517829783,27.851953125000023,0.015519913,0.061676025,5.87584949601372,10,1,1
2017-04-15 10:00:00,1175.9905,30.588647460937523,0.01754165,0.07080078,24.835681878304683,34.22927246093752,0.015599971,0.05255127,17.40781874102303,29.213647460937523,0.015378718,0.06613159,4.808013080706076,10,1,1
2017-04-15 11:00:00,1187.8015,31.203942871093773,0.017556854,0.083496094,24.372911043299883,35.79769287109377,0.015405364,0.051361084,16.479510093740274,30.172692871093773,0.015493102,0.067108154,3.799283090525517,10,1,1
2017-04-15 12:00:00,1185.0292,31.614678955078148,0.017564416,0.101867676,24.28452978422313,36.72405395507815,0.015237451,0.056747437,15.780383987686363,30.927178955078148,0.015317559,0.06921387,3.474376770776667,10,1,1
2017-04-15 13:00:00,1188.1324,31.742242431640648,0.0175491,0.13012695,24.497501628932906,37.00786743164065,0.015172543,0.081329346,15.451353854517084,31.273492431640648,0.015111508,0.078552246,3.3697896029167795,10,1,1
2017-04-15 14:00:00,1206.3936,31.631066894531276,0.017549073,0.14251709,25.336891568241366,36.64669189453127,0.015084779,0.111968994,15.582270068989615,31.162316894531276,0.015046632,0.08392334,3.440144938309864,10,1,1
2017-04-15 15:00:00,1177.3214999999998,31.228112792968773,0.017541481,0.14251709,26.547486060139125,35.91561279296877,0.015073372,0.11880493,16.06948770367599,30.618737792968773,0.015107704,0.08468628,3.8266916012588497,10,1,1
2017-04-15 16:00:00,1144.9814,30.551843261718773,0.017503373,0.1274414,27.03843394874028,34.53621826171877,0.015187853,0.11026001,16.342759347217186,29.723718261718773,0.015214556,0.07901001,4.402692402367222,10,1,1
2017-04-15 17:00:00,1129.1387,29.543786621093773,0.017541537,0.11505127,27.024981424076497,32.65316162109377,0.015412936,0.08947754,16.52038760083835,28.528161621093773,0.015332827,0.06503296,5.246912489774725,10,1,1
2017-04-15 18:00:00,1177.7267,28.438104248046898,0.017770477,0.08950806,26.0779052871399,30.625604248046898,0.015748687,0.084991455,15.843934707919262,26.953729248046898,0.015687652,0.070373535,5.872212012234059,10,1,1
2017-04-15 19:00:00,1234.6873,27.783105468750023,0.0181444,0.069732666,24.46925208267207,29.079980468750023,0.016214164,0.10006714,15.20060225849608,25.595605468750023,0.016198905,0.09313965,6.338654326098836,10,1,1
2017-04-15 20:00:00,1222.1236,27.491662597656276,0.018380975,0.06048584,22.981020797487027,28.069787597656276,0.016664362,0.09945679,14.685308908207965,24.929162597656276,0.016389703,0.099243164,6.398295521261313,10,1,1
2017-04-15 21:00:00,1196.0605999999998,27.359460449218773,0.01850305,0.059280396,22.23365525561172,27.546960449218773,0.017000059,0.097473145,13.7302238153829,24.593835449218773,0.01660333,0.109436035,5.89601757323339,10,1,1
2017-04-15 22:00:00,1167.0728,27.2184997558594,0.018586954,0.06488037,22.925993087707614,27.3278747558594,0.017198404,0.095825195,13.466002112380089,24.4372497558594,0.01674064,0.122406006,5.54159974174912,10,1,1
2017-04-15 23:00:00,1127.1617,27.029016113281276,0.018663242,0.072631836,23.860414009179586,27.154016113281276,0.01731284,0.08114624,13.11169629538572,24.325891113281276,0.016847447,0.13269043,5.32308784861565,10,1,1
