datetime,nat_demand,T2M_toc,QV2M_toc,TQL_toc,W2M_toc,T2M_san,QV2M_san,TQL_san,W2M_san,T2M_dav,QV2M_dav,TQL_dav,W2M_dav,Holiday_ID,holiday,school
2019-01-01 00:00:00,1027.9238,24.885644531250023,0.017164344,0.007329941,22.5975700624977,23.682519531250023,0.01659214,0.018089294,12.133070786398786,22.143457031250023,0.016004676,0.072265625,6.110408588988927,1,1,0
2019-01-01 01:00:00,1006.3692,24.839471435546898,0.017123254,0.008972168,23.22321395987163,23.519158935546898,0.016451867,0.0141716,12.098985002050131,22.066033935546898,0.015872033,0.07904053,6.145189562512805,1,1,0
2019-01-01 02:00:00,990.4364,24.862939453125023,0.017204797,0.011501312,23.22304258772416,23.402001953125023,0.016335046,0.01235199,12.282677077452002,21.980126953125023,0.015694177,0.080963135,6.233335232181906,1,1,0
2019-01-01 03:00:00,975.8917,24.886010742187523,0.017333042,0.012527466,22.83458275413992,23.300073242187523,0.016196262,0.007968903,12.50932787948985,21.886010742187523,0.015505803,0.08041382,6.36804183002612,1,1,0
2019-01-01 04:00:00,949.1626,24.932092285156276,0.017438937,0.012454987,22.174320813500447,23.166467285156276,0.016096164,0.0072956085,11.912222065840549,21.838342285156276,0.0153789995,0.07809448,6.269188193374232,1,1,0
2019-01-01 05:00:00,931.3311,24.945214843750023,0.017620428,0.011173248,20.240083631561347,23.070214843750023,0.016056402,0.007160187,11.192410581571108,21.867089843750023,0.015339239,0.07778931,6.301165227760582,1,1,0
2019-01-01 06:00:00,914.5064,25.006372070312523,0.017741196,0.012264252,18.7721595860706,22.936059570312523,0.016085617,0.0032520294,10.215247818549718,21.936059570312523,0.015345566,0.07485962,6.289067701254643,1,1,0
2019-01-01 07:00:00,908.267,25.842797851562523,0.01795423,0.014015198,20.74903409249415,23.928735351562523,0.016542792,0.00084519386,11.989304964538803,22.374047851562523,0.015528083,0.058532715,6.423053128845478,1,1,0
2019-01-01 08:00:00,958.5056,26.906091308593773,0.017816646,0.017189026,23.44340222557631,25.702966308593773,0.017198665,0.001885891,13.903910195318526,23.359216308593773,0.015623196,0.032424927,6.636906432427525,1,1,0
2019-01-01 09:00:00,993.1466,27.871514892578148,0.017885195,0.01146698,23.672281787965183,27.371514892578148,0.017419802,0.0037698746,16.08613471793564,24.660577392578148,0.0155506,0.015289307,6.635153818079517,1,1,0
2019-01-01 10:00:00,1012.2083,28.783319091796898,0.018106671,0.0047836304,22.69651559311163,28.595819091796898,0.017526837,0.0025568008,16.414784805695298,25.955194091796898,0.015432569,0.008117676,6.423319633217207,1,1,0
2019-01-01 11:00:00,1027.2577,29.570947265625023,0.018251732,0.0008084774,21.193709638642083,29.555322265625023,0.017702416,0.0018749237,16.308329966055332,26.985009765625023,0.015356377,0.0063991547,5.846127093713376,1,1,0
2019-01-01 12:00:00,1034.2068000000002,30.140161132812523,0.018244201,0.0016813278,20.1136142002448,30.187036132812523,0.017931396,0.0016088486,15.991772424541324,27.577661132812523,0.015600616,0.008586884,5.025010419236953,1,1,0
2019-01-01 13:00:00,1043.4981,30.443017578125023,0.01810741,0.0013694763,20.272248520048134,30.443017578125023,0.018092152,0.001188755,15.592792078230309,27.818017578125023,0.015818592,0.014320374,4.385024913164657,1,1,0
2019-01-01 14:00:00,1043.6045,30.404504394531276,0.017902195,0.0016531944,21.39423592205332,30.349816894531276,0.018131077,0.00092196465,15.135492823339815,27.787316894531276,0.015842259,0.024986267,4.2679285691709286,1,1,0
2019-01-01 15:00:00,1031.3511999999998,29.987573242187523,0.01767344,0.001434803,23.147905529345586,29.854760742187523,0.018070169,0.0006353855,14.733395070310564,27.378198242187523,0.016086526,0.032546997,4.501750090747722,1,1,0
2019-01-01 16:00:00,1007.9142,29.022363281250023,0.017513419,0.00072288513,25.647457599123317,28.952050781250023,0.01799407,0.00088500977,14.02631061162483,26.623925781250023,0.016376639,0.034729004,5.024035085014975,1,1,0
2019-01-01 17:00:00,986.5378,27.603540039062523,0.017444737,0.000906229,26.98310231735679,27.494165039062523,0.017933019,0.0015563965,12.229390485146167,25.470727539062523,0.016559727,0.038528442,5.345043917155252,1,1,0
2019-01-01 18:00:00,1090.0409,26.306329345703148,0.017468328,0.009101868,25.94656246989004,25.767266845703148,0.01769721,0.0026769638,10.37568628454254,24.157891845703148,0.01656806,0.053970337,5.401082502582888,1,1,0
2019-01-01 19:00:00,1126.2821,25.780603027343773,0.017469436,0.011211395,24.981604780169317,25.124353027343773,0.017591506,0.0056991577,10.515847916528864,23.436853027343773,0.016508132,0.070129395,5.756808563866217,1,1,0
2019-01-01 20:00:00,1148.1311,25.555078125000023,0.017385423,0.009067535,24.418104915333828,24.703515625000023,0.017492235,0.004415512,10.72755856172841,23.047265625000023,0.016500413,0.072906494,6.004096987988644,1,1,0
2019-01-01 21:00:00,1140.0793,25.376306152343773,0.017378846,0.010250092,23.967644969230783,24.399743652343773,0.01733307,0.00475502,11.202762338043486,22.837243652343773,0.016470948,0.07196045,6.156339717927706,1,1,0
2019-01-01 22:00:00,1107.0909,25.226678466796898,0.017393366,0.01209259,23.037613525773253,24.101678466796898,0.01708819,0.0024633408,11.63376195677244,22.695428466796898,0.016371027,0.06573486,6.3863541682064255,1,1,0
2019-01-01 23:00:00,1059.7099,25.103112792968773,0.017391898,0.012554169,22.174553798929995,23.790612792968773,0.016804434,0.0021791458,11.802410241650094,22.540612792968773,0.016201712,0.064331055,6.5820736883136695,1,1,0
2019-01-02 00:00:00,1008.5093,25.007226562500023,0.017368097,0.012573242,21.54874977680514,23.491601562500023,0.01657464,0.002752304,11.750999570494493,22.350976562500023,0.016025323,0.06147766,6.5703800519992726,0,0,0
2019-01-02 01:00:00,985.3054,24.920983886718773,0.017359912,0.01171875,20.955688418069094,23.256921386718773,0.016413867,0.001803875,11.629332531236274,22.170983886718773,0.01587218,0.062927246,6.449168998946884,0,0,0
2019-01-02 02:00:00,959.6567,24.863916015625023,0.01733691,0.010749817,20.6507728709125,22.934228515625023,0.01633746,0.0007529259,10.708587979110396,22.004541015625023,0.015765255,0.06689453,6.35606308383737,0,0,0
2019-01-02 03:00:00,935.0731,24.835870361328148,0.017238203,0.010101318,20.82473220561424,22.703057861328148,0.016307417,0.0012097359,10.37870079862282,21.890557861328148,0.015704695,0.06851196,6.295699640954626,0,0,0
2019-01-02 04:00:00,937.0471,24.797448730468773,0.017161652,0.00901413,20.36336917602828,22.594323730468773,0.01630716,0.005378723,10.19844819774508,21.820886230468773,0.01568918,0.06594849,6.153382780565909,0,0,0
2019-01-02 05:00:00,958.6742,24.760858154296898,0.017130941,0.008853912,19.303372008497316,22.518670654296898,0.016322225,0.010387421,9.82979249038619,21.792108154296898,0.015673727,0.06713867,6.008821001865383,0,0,0
2019-01-02 06:00:00,966.9052,24.7712341308594,0.017207114,0.007930756,18.252776955223784,22.5212341308594,0.01637551,0.008167267,9.542419820543117,21.7790466308594,0.015658347,0.069732666,5.976401709693709,0,0,0
2019-01-02 07:00:00,1076.2251,25.598901367187523,0.017412653,0.006067276,20.82045733122703,23.794213867187523,0.016809931,0.005373001,11.929091705253738,22.208276367187523,0.01581048,0.069122314,6.370633835930032,0,0,0
2019-01-02 08:00:00,1258.7338,26.646936035156276,0.017404571,0.005514145,23.977121281978437,25.717248535156276,0.017457977,0.0029478073,14.0542872990983,23.193811035156276,0.015932098,0.060195923,6.846106738502956,0,0,0
2019-01-02 09:00:00,1344.1164,27.684960937500023,0.017572131,0.005262375,24.26989916277144,27.317773437500023,0.017526355,0.0020198822,16.44685652824407,24.544335937500023,0.01580974,0.04537964,7.151340374988142,0,0,0
2019-01-02 10:00:00,1417.3704,28.680261230468773,0.017770337,0.0067386627,23.141598825306048,28.477136230468773,0.017457532,0.002322197,16.76041099281128,25.750573730468773,0.015702771,0.040512085,6.922641906275698,0,0,0
2019-01-02 11:00:00,1473.2375,29.453546142578148,0.017861871,0.016532898,21.61148223863373,29.383233642578148,0.017510919,0.0026607513,16.495648923599354,26.680108642578148,0.015618829,0.038131714,6.265116244468387,0,0,0
2019-01-02 12:00:00,1491.8026,29.905694580078148,0.017892364,0.034835815,20.59108975491394,29.952569580078148,0.017587189,0.003320694,15.78176397291126,27.233819580078148,0.01567984,0.03727722,5.509296778893365,0,0,0
2019-01-02 13:00:00,1504.9573,30.046960449218773,0.017823711,0.059127808,20.327679987382563,30.187585449218773,0.017655864,0.0047302246,15.00729516205551,27.359460449218773,0.015855327,0.035491943,4.9119094144191005,0,0,0
2019-01-02 14:00:00,1523.8618,29.928369140625023,0.017694084,0.08123779,20.46729363258802,30.045556640625023,0.017633049,0.006000519,14.60960427627576,27.201806640625023,0.015817253,0.035186768,4.860245870092904,0,0,0
2019-01-02 15:00:00,1478.1319999999998,29.443292236328148,0.017495826,0.073516846,20.996339141007866,29.458917236328148,0.017488196,0.0063667297,14.59125247340597,26.771417236328148,0.015779212,0.031555176,5.038102067129273,0,0,0
2019-01-02 16:00:00,1392.1933,28.726190185546898,0.01729002,0.042099,21.71851944571873,28.491815185546898,0.01730528,0.007946014,13.960608404941842,26.054315185546898,0.015817547,0.029876709,5.136644846337421,0,0,0
2019-01-02 17:00:00,1291.3888,27.727380371093773,0.017160773,0.016540527,21.479400802012066,27.024255371093773,0.017244697,0.012760162,11.822461445697751,24.993005371093773,0.015909553,0.025184631,5.059774962385473,0,0,0
2019-01-02 18:00:00,1313.4126,26.582940673828148,0.017277313,0.0057048798,19.356160305506386,25.278253173828148,0.017056061,0.016944885,9.323658218187756,23.731378173828148,0.015865875,0.025283813,5.045119548473786,0,0,0
2019-01-02 19:00:00,1343.206,25.967736816406276,0.017372044,0.002254486,17.637422172434157,24.663049316406276,0.016899021,0.022857666,9.049993820609837,22.959924316406276,0.015983494,0.028701782,5.141148117024216,0,0,0
2019-01-02 20:00:00,1312.5662,25.605981445312523,0.01736492,0.00074982643,16.18338152128222,24.301293945312523,0.016830862,0.028953552,8.684235648086934,22.559106445312523,0.016037405,0.035247803,5.193538465908865,0,0,0
2019-01-02 21:00:00,1272.3607,25.346337890625023,0.017325927,0.00021183491,15.264406517229624,24.033837890625023,0.01676898,0.03579712,8.323583905175058,22.338525390625023,0.01602893,0.04484558,5.137353413293524,0,0,0
2019-01-02 22:00:00,1227.6851,25.1245056152344,0.01729498,6.300211e-05,14.56103292385435,23.7026306152344,0.016730405,0.04786682,7.677354308633792,22.1479431152344,0.016005613,0.059265137,5.199377906707711,0,0,0
2019-01-02 23:00:00,1149.8417,24.938867187500023,0.017272158,0.0005426407,14.130679351608975,23.399804687500023,0.016646547,0.05128479,7.612493956615134,21.931054687500023,0.015952272,0.07809448,5.31150265655408,0,0,0
2019-01-03 00:00:00,1084.7825,24.756250000000023,0.017264701,0.0012464523,13.305046655687072,23.139062500000023,0.01653228,0.049240112,7.452575248740181,21.701562500000023,0.015883781,0.09094238,5.207759463420446,0,0,0
2019-01-03 01:00:00,1031.7267,24.598687744140648,0.017242128,0.002653122,12.400793985357758,22.879937744140648,0.016418153,0.04475403,7.115459986043649,21.528375244140648,0.015807802,0.091430664,4.903238293011736,0,0,0
2019-01-03 02:00:00,1013.7844,24.498498535156276,0.017166292,0.0030651093,11.577424997026222,22.678186035156276,0.016349947,0.040893555,7.048572338914225,21.404748535156276,0.015701449,0.089904785,4.768535970182009,0,0,0
2019-01-03 03:00:00,992.5812,24.442163085937523,0.017128715,0.0026302338,10.804822036004865,22.543725585937523,0.01630474,0.03552246,7.265037573909538,21.317163085937523,0.01562954,0.08407593,4.730659474214364,0,0,0
2019-01-03 04:00:00,978.2822,24.4257751464844,0.017083563,0.004142761,10.58354309434849,22.4257751464844,0.016267218,0.031326294,7.378529309994126,21.2382751464844,0.01555387,0.08114624,4.537626904691259,0,0,0
2019-01-03 05:00:00,988.4307,24.458184814453148,0.01706114,0.0049915314,11.206187453257634,22.294122314453148,0.016229536,0.022979736,7.337501440096817,21.223809814453148,0.015432264,0.07662964,4.418019824959659,0,0,0
2019-01-03 06:00:00,1013.193,24.553826904296898,0.017107286,0.003955841,12.359776569309888,22.272576904296898,0.016237535,0.015369415,7.580476680854864,21.264764404296898,0.015348709,0.07110596,4.472719278349573,0,0,0
2019-01-03 07:00:00,1116.4685000000002,25.622735595703148,0.017329056,0.0034332275,16.630043400600595,23.778985595703148,0.016680557,0.014213562,10.767115692443944,21.778985595703148,0.015551407,0.06430054,4.618263551443424,0,0,0
2019-01-03 08:00:00,1302.7885,26.757897949218773,0.017177055,0.0042362213,20.742947814454997,25.687585449218773,0.017184684,0.014728546,12.753719406652056,22.914147949218773,0.015780875,0.051727295,4.929948195442557,0,0,0
2019-01-03 09:00:00,1377.773,27.653222656250023,0.01724676,0.002840042,22.551174348080835,27.325097656250023,0.017345943,0.0114479065,14.190903815424612,24.536035156250023,0.015797175,0.039520264,4.808805893805457,0,0,0
2019-01-03 10:00:00,1449.2273,28.464562988281276,0.017431535,0.0010948181,22.28982439056676,28.589562988281276,0.017454423,0.00737381,13.913795151795323,26.073937988281276,0.015745439,0.036102295,4.319958421983906,0,0,0
2019-01-03 11:00:00,1492.93,29.145043945312523,0.017593322,0.00080275536,21.0007947934836,29.598168945312523,0.017600952,0.005092621,13.183884840536397,27.230981445312523,0.015777526,0.0362854,3.4841138582775115,0,0,0
2019-01-03 12:00:00,1497.1503,29.600274658203148,0.017700907,0.0009737015,19.582161270887912,30.264337158203148,0.01778483,0.0036201477,12.25916837177304,27.967462158203148,0.01590037,0.03479004,2.4741332703963232,0,0,0
2019-01-03 13:00:00,1534.2560999999998,29.852868652343773,0.017744571,0.0036821365,18.42574312323806,30.571618652343773,0.017988712,0.0029745102,11.355056227994558,28.173181152343773,0.016607791,0.03337097,1.6260237733327667,0,0,0
2019-01-03 14:00:00,1531.8951,29.870263671875023,0.017682163,0.0073108673,18.044862382701748,30.526513671875023,0.018078892,0.0033082962,10.66623707224108,28.104638671875023,0.016728489,0.034484863,1.11315510727842,0,0,0
2019-01-03 15:00:00,1499.0103,29.640069580078148,0.017559562,0.012233734,18.766224474578618,30.132257080078148,0.018040214,0.0047130585,10.26866038974662,27.694757080078148,0.016743217,0.04347229,0.9698050955236336,0,0,0
2019-01-03 16:00:00,1412.5082,29.066125488281276,0.017399406,0.006635666,19.794901937119956,29.316125488281276,0.01798687,0.0042819977,9.883787196407663,27.042687988281276,0.016781425,0.04348755,0.9551229847863172,0,0,0
2019-01-03 17:00:00,1280.6772,28.1296325683594,0.01738999,0.0018000603,20.29907870903374,27.8171325683594,0.018046118,0.0048294067,8.596010826547799,25.9968200683594,0.016810156,0.04359436,0.919091023194162,0,0,0
2019-01-03 18:00:00,1312.7552,26.990502929687523,0.017692642,0.0009951591,18.77294043407969,25.779565429687523,0.017517166,0.007413864,7.796440823684351,24.553002929687523,0.01696022,0.048080444,1.315365864112345,0,0,0
2019-01-03 19:00:00,1317.6445,26.347192382812523,0.017994454,0.0014424324,17.008855348856383,24.823754882812523,0.017109444,0.012321472,8.048360247677262,23.644067382812523,0.016750863,0.0476532,1.822319649143916,0,0,0
2019-01-03 20:00:00,1273.2775,26.035852050781276,0.018057212,0.0056266785,16.245043884387144,24.106164550781276,0.016859397,0.014503479,7.593451735678904,23.129602050781276,0.01631008,0.039779663,3.363710174324785,0,0,0
2019-01-03 21:00:00,1251.3408,25.832238769531276,0.017993024,0.007183075,16.40129531769197,23.668176269531276,0.016673138,0.0111579895,7.017436064023576,22.738488769531276,0.016123822,0.035003662,3.6819238560856937,0,0,0
2019-01-03 22:00:00,1205.0746,25.649621582031276,0.017853314,0.006372452,17.442083177303246,23.391809082031276,0.016586835,0.007789612,6.636949962519883,22.485559082031276,0.016052777,0.03993225,3.7451042031432342,0,0,0
2019-01-03 23:00:00,1121.5546000000002,25.406030273437523,0.017669467,0.0053215027,17.307490073563077,23.202905273437523,0.016563205,0.005613327,6.502030108412348,22.312280273437523,0.016013889,0.049972534,3.753858496196487,0,0,0
2019-01-04 00:00:00,1074.3383,25.132897949218773,0.01750637,0.005350113,16.187148527947112,23.015710449218773,0.016590843,0.0037994385,6.428378233050178,22.234460449218773,0.01598812,0.059387207,3.870884928994196,0,0,0
2019-01-04 01:00:00,1035.3583,24.862634277343773,0.017421111,0.0043563843,15.033783458616345,22.815759277343773,0.016612396,0.0023651123,6.286690030720331,22.190759277343773,0.015948638,0.06295776,3.926151641225783,0,0,0
2019-01-04 02:00:00,1003.3574,24.647119140625023,0.01735197,0.0027647018,14.283883137101244,22.654931640625023,0.016611919,0.0016274452,6.207500246549579,22.100244140625023,0.01584898,0.06059265,3.7561683049259686,0,0,0
2019-01-04 03:00:00,978.1281,24.493829345703148,0.017297417,0.0025987625,13.553205396727334,22.517266845703148,0.016587883,0.0017018318,6.247592795096157,22.056329345703148,0.01575628,0.057891846,3.580996171833667,0,0,0
2019-01-04 04:00:00,970.1831,24.367547607421898,0.017257163,0.0046253204,12.584993254122104,22.367547607421898,0.01654763,0.0033445358,6.0464511172742,22.000360107421898,0.01567025,0.05847168,3.394290876756185,0,0,0
2019-01-04 05:00:00,977.3922,24.336602783203148,0.017255979,0.006538391,11.949514735117289,22.242852783203148,0.016500669,0.0045661926,5.914868502602249,21.930352783203148,0.015642362,0.05783081,3.457896889106284,0,0,0
2019-01-04 06:00:00,1001.2188,24.431115722656276,0.017345896,0.006772995,11.635622588099674,22.227990722656276,0.016483774,0.0036315918,6.064242948124235,21.899865722656276,0.0156598,0.051712036,3.6871027509434025,0,0,0
2019-01-04 07:00:00,1114.7803,25.508142089843773,0.017665008,0.0051822662,14.618380506917296,23.930017089843773,0.016985992,0.0025148392,9.47177884145247,22.500329589843773,0.015910247,0.044570923,3.929225270443413,0,0,0
2019-01-04 08:00:00,1273.1676,26.676354980468773,0.017664764,0.0025777817,17.516662860921976,25.910729980468773,0.01758084,0.0015859604,11.526390339363452,23.879479980468773,0.015986297,0.034103394,4.254146308115419,0,0,0
2019-01-04 09:00:00,1370.8622,27.7490173339844,0.017749147,0.0040512085,18.57149063167054,27.6708923339844,0.01784833,0.00097060204,12.732581827113105,25.3974548339844,0.015986757,0.031280518,4.061741022664157,0,0,0
2019-01-04 10:00:00,1442.9719,28.669458007812523,0.017864326,0.0024662018,18.434990187689685,28.942895507812523,0.017826179,0.0007529259,12.665273638636975,26.810083007812523,0.015956977,0.030830383,3.574815443917189,0,0,0
2019-01-04 11:00:00,1486.6555,29.342492675781276,0.01797776,0.002234459,17.814536710245473,29.889367675781276,0.017825171,0.0008535385,12.392912229538815,27.889367675781276,0.016047522,0.029075623,3.026323227687747,0,0,0
2019-01-04 12:00:00,1496.1783,29.833215332031276,0.017983703,0.0018882751,17.064694548946026,30.520715332031276,0.017953185,0.0010733604,11.796132633926575,28.426965332031276,0.016785888,0.026100159,2.127506546028368,0,0,0
2019-01-04 13:00:00,1526.0557,30.132928466796898,0.017974501,0.0023183823,16.592187260894384,30.820428466796898,0.018149978,0.0011701584,11.05838879760846,28.679803466796898,0.016959792,0.033432007,1.66572520185456,0,0,0
2019-01-04 14:00:00,1535.2149000000002,30.194421386718773,0.017950438,0.0024251938,16.593698606249863,30.803796386718773,0.018270873,0.0010881424,10.435330263403207,28.624108886718773,0.017080687,0.03378296,1.3414136580905296,0,0,0
2019-01-04 15:00:00,1484.8414,30.003991699218773,0.017858911,0.0021705627,16.978306830542063,30.425866699218773,0.018270899,0.0009074211,10.15351331818877,28.324304199218773,0.017141748,0.037017822,1.2215468958855638,0,0,0
2019-01-04 16:00:00,1405.1167,29.404748535156276,0.017736414,0.0023012161,18.15495436964969,29.639123535156276,0.01830099,0.00088739395,9.645281049985176,27.654748535156276,0.017339686,0.040512085,1.2432971590027913,0,0,0
2019-01-04 17:00:00,1292.3185,28.269677734375023,0.017606916,0.0019421577,19.7941289346918,28.129052734375023,0.018530073,0.0018472672,7.821871391048658,26.644677734375023,0.017652692,0.040634155,1.2164553064586423,0,0,0
2019-01-04 18:00:00,1333.029,26.934625244140648,0.017615426,0.0013546944,20.05079570152168,26.012750244140648,0.018096078,0.00472641,6.658574259970155,25.395562744140648,0.017363656,0.04798889,1.625558612616289,0,0,0
2019-01-04 19:00:00,1347.0381,26.214196777343773,0.017682856,0.0012655258,19.090722959725756,25.089196777343773,0.017576044,0.008571625,7.593668212450185,24.456384277343773,0.016927546,0.042892456,2.966773401083381,0,0,0
2019-01-04 20:00:00,1315.7936,25.777429199218773,0.017689368,0.0011239052,17.70012483714418,24.418054199218773,0.017231604,0.009880066,7.984893416503742,23.714929199218773,0.0165297,0.035690308,4.467676804795138,0,0,0
2019-01-04 21:00:00,1276.3705,25.469415283203148,0.01765866,0.0009672642,16.778543421529314,23.938165283203148,0.017002532,0.0067195892,8.062307396295937,23.203790283203148,0.016460845,0.031433105,5.055944241590513,0,0,0
2019-01-04 22:00:00,1217.5621999999998,25.304010009765648,0.01763662,0.0016407967,17.189655537773998,23.608697509765648,0.01686605,0.003651619,7.951040048764417,22.952447509765648,0.016408287,0.031196594,4.93759205792716,0,0,0
2019-01-04 23:00:00,1169.6482,25.227838134765648,0.017636824,0.0041046143,17.342840031027123,23.384088134765648,0.016797591,0.0015764236,7.6746464153938945,22.774713134765648,0.016339827,0.0345459,4.888535503538278,0,0,0
2019-01-05 00:00:00,1101.6071,25.178735351562523,0.01765077,0.008285522,17.153953163363234,23.186547851562523,0.016704725,0.0007510185,7.410022680579931,22.624047851562523,0.016224073,0.03944397,5.036671631434224,0,0,0
2019-01-05 01:00:00,1054.328,25.167291259765648,0.017672364,0.013645172,17.44176217441986,22.987603759765648,0.01658136,0.00090169907,7.22104069022619,22.440728759765648,0.016115967,0.041549683,4.968624709367066,0,0,0
2019-01-05 02:00:00,1025.5459999999998,25.160302734375023,0.017739838,0.016792297,17.61277179278178,22.769677734375023,0.01646573,0.0045433044,7.093737446105873,22.269677734375023,0.015985077,0.045043945,4.879576685633852,0,0,0
2019-01-05 03:00:00,1000.6709,25.138940429687523,0.01775476,0.018196106,17.665286248935676,22.607690429687523,0.016389098,0.009963989,7.148385677962775,22.146752929687523,0.01586267,0.047195435,4.837052701630238,0,0,0
2019-01-05 04:00:00,977.4338,25.086938476562523,0.017715795,0.017745972,17.61568728888169,22.477563476562523,0.016357763,0.008285522,7.196132932727538,22.040063476562523,0.01576267,0.053100586,4.762147490904516,0,0,0
2019-01-05 05:00:00,985.3286,24.998132324218773,0.01763121,0.019508362,17.072899394590042,22.349694824218773,0.016326584,0.00919342,7.113282311830646,21.959069824218773,0.015670456,0.05381775,4.664388342742053,0,0,0
2019-01-05 06:00:00,973.4662,24.970391845703148,0.017471606,0.022125244,17.30055029550632,22.298516845703148,0.016266162,0.012630463,7.087893883795579,21.923516845703148,0.015606219,0.051589966,4.662809964019452,0,0,0
2019-01-05 07:00:00,1016.6485,25.681054687500023,0.017463828,0.024917603,20.455015653997272,23.985742187500023,0.016754294,0.010108948,10.163712004849868,22.470117187500023,0.015762473,0.04777527,4.847388287929774,0,0,0
2019-01-05 08:00:00,1147.5816,26.630426025390648,0.017196294,0.021972656,24.32661709560962,25.935113525390648,0.017402288,0.0063533783,12.594665106379196,23.849176025390648,0.015807744,0.03517151,5.10846049952742,0,0,0
2019-01-05 09:00:00,1239.6645,27.619317626953148,0.017157696,0.016830444,25.9581313607169,27.666192626953148,0.017684124,0.0035896301,14.596684484396164,25.431817626953148,0.015868329,0.03073883,4.942912645957606,0,0,0
2019-01-05 10:00:00,1333.9296,28.461785888671898,0.017165331,0.012557983,26.578648618353977,28.883660888671898,0.017653612,0.0025081635,14.858126826766997,26.797723388671898,0.015853075,0.03073883,4.601171342321978,0,0,0
2019-01-05 11:00:00,1346.0045,29.1218200683594,0.017180165,0.011470795,26.556600286912257,29.7780700683594,0.01762267,0.0027008057,14.662788095595191,27.8015075683594,0.01586028,0.03227234,4.047607287280311,0,0,0
2019-01-05 12:00:00,1320.8576999999998,29.502770996093773,0.01714948,0.009468079,26.421067761452665,30.315270996093773,0.017675908,0.0032224655,14.240652146354352,28.330895996093773,0.016325505,0.038253784,3.1721710066957987,0,0,0
2019-01-05 13:00:00,1303.5504,29.629602050781276,0.017172346,0.011211395,26.49562437388321,30.504602050781276,0.017675886,0.0039405823,13.944899284844375,28.598352050781276,0.016188154,0.03543091,2.7740662215125056,0,0,0
2019-01-05 14:00:00,1310.9639000000002,29.489770507812523,0.017095927,0.020271301,26.945565549967903,30.333520507812523,0.017584208,0.003897667,13.849145520013916,28.489770507812523,0.01618803,0.04559326,2.668995753459618,0,0,0
2019-01-05 15:00:00,1283.0234,29.045770263671898,0.016958388,0.025512695,27.38504257145906,29.733270263671898,0.017400892,0.003446579,13.899521293904588,28.092645263671898,0.01618019,0.052108765,2.882540910534727,0,0,0
2019-01-05 16:00:00,1249.517,28.2936950683594,0.016827645,0.030891418,27.45560155528732,28.7311950683594,0.017186226,0.0030870438,13.539806120933951,27.2936950683594,0.016179146,0.058639526,3.421159936056038,0,0,0
2019-01-05 17:00:00,1222.3019,27.260705566406276,0.016826848,0.03540039,26.284410377290868,27.182580566406276,0.017078618,0.0052547455,11.827259543036156,26.151330566406276,0.016262272,0.05795288,3.971696337291447,0,0,0
2019-01-05 18:00:00,1284.8212,26.315270996093773,0.017139668,0.026443481,23.584916120957843,25.244958496093773,0.016834492,0.0077438354,9.747147820786283,24.635583496093773,0.016651386,0.064575195,4.423400253521769,0,0,0
2019-01-05 19:00:00,1298.5869,25.862329101562523,0.017422404,0.019638062,21.88227687279583,24.510766601562523,0.016628947,0.014198303,9.983761294133943,23.768579101562523,0.016445842,0.074401855,5.074687173907856,0,0,0
2019-01-05 20:00:00,1273.9288,25.607202148437523,0.017606415,0.019355774,21.010710377365243,24.075952148437523,0.01653067,0.013202667,10.158192966942384,23.271264648437523,0.016324677,0.08477783,5.291944964842823,0,0,0
2019-01-05 21:00:00,1219.9616999999998,25.428125000000023,0.017661763,0.019989014,20.653866917067365,23.717187500000023,0.016456319,0.008716583,10.094220488835267,22.928125000000023,0.01619692,0.080841064,5.591245954730836,0,0,0
2019-01-05 22:00:00,1171.6386,25.310113525390648,0.017595012,0.021575928,21.06882707326547,23.403863525390648,0.016420085,0.006427765,9.99416814505445,22.661676025390648,0.016015727,0.07736206,5.759773016271962,0,0,0
2019-01-05 23:00:00,1139.6459,25.194726562500023,0.017497778,0.022735596,21.37751861189584,23.225976562500023,0.016399145,0.00919342,10.121079257967963,22.421289062500023,0.015765905,0.06906128,5.854165134995375,0,0,0
2019-01-06 00:00:00,1108.1842,25.069635009765648,0.017412689,0.025054932,21.27862809082706,23.093072509765648,0.016344573,0.016654968,10.13335470732727,22.155572509765648,0.015532044,0.05810547,5.815837349927399,0,0,0
2019-01-06 01:00:00,1067.6548,24.952966308593773,0.017358249,0.027046204,21.62979360029601,22.960778808593773,0.016236728,0.023643494,9.994643638406536,21.890466308593773,0.015382236,0.05319214,5.725226075485359,0,0,0
2019-01-06 02:00:00,1032.5676,24.849572753906276,0.017388064,0.029121399,21.178067806820184,22.833947753906276,0.016159732,0.025466919,9.854684112920824,21.708947753906276,0.015274721,0.05014038,5.551810283805469,0,0,0
2019-01-06 03:00:00,1010.838,24.807214355468773,0.017379873,0.028564453,21.375200065881145,22.721276855468773,0.01614391,0.022644043,9.788976097608511,21.588464355468773,0.015190237,0.051467896,5.369371719687934,0,0,0
2019-01-06 04:00:00,982.1632,24.764794921875023,0.017303102,0.020378113,21.07020561012932,22.546044921875023,0.016128175,0.017616272,9.235091518739653,21.506982421875023,0.015140168,0.058380127,5.082570839691722,0,0,0
2019-01-06 05:00:00,964.1057,24.660821533203148,0.017204305,0.012546539,19.93600803831866,22.207696533203148,0.016075155,0.014450073,8.100373831705479,21.457696533203148,0.015144369,0.059188843,4.727942994340473,0,0,0
2019-01-06 06:00:00,948.6403,24.613732910156276,0.01703066,0.009059906,19.022821096597227,21.894982910156276,0.016008321,0.018707275,7.19332936744946,21.457482910156276,0.015115682,0.06460571,4.514588683646986,0,0,0
2019-01-06 07:00:00,950.9118,25.387322998046898,0.016985772,0.0083351135,21.208086997689406,23.527947998046898,0.016436456,0.021842957,9.869442997204718,22.020135498046898,0.015246269,0.06958008,4.494110907862962,0,0,0
2019-01-06 08:00:00,1010.4562,26.479791259765648,0.016605897,0.024276733,25.74577808323781,25.511041259765648,0.016994996,0.017456055,11.84656760808875,23.378228759765648,0.015205903,0.064331055,4.559970608164779,0,0,0
2019-01-06 09:00:00,1050.7971,27.411096191406276,0.016399415,0.031555176,27.26273594561328,27.270471191406276,0.017185243,0.01423645,14.0110125797796,24.934533691406276,0.015228303,0.057373047,4.285757043080255,0,0,0
2019-01-06 10:00:00,1100.571,28.260308837890648,0.016413918,0.027862549,27.28246141398653,28.541558837890648,0.017298928,0.011993408,14.315570176175106,26.330621337890648,0.015219917,0.047286987,4.0850522472911095,0,0,0
2019-01-06 11:00:00,1154.8653,28.903588867187523,0.016451525,0.027282715,26.76037865204052,29.512963867187523,0.01738994,0.011295319,14.150184926688157,27.434838867187523,0.015204118,0.04324341,3.75021788917772,0,0,0
2019-01-06 12:00:00,1168.6314,29.2888122558594,0.016428147,0.026229858,26.30404345393246,30.1481872558594,0.017473374,0.012176514,13.900855047698643,28.1481872558594,0.015371475,0.039871216,3.2146137571512408,0,0,0
2019-01-06 13:00:00,1176.4999,29.395227050781276,0.016321005,0.0258255,26.44012349848681,30.442102050781276,0.017480673,0.014007568,13.663632035189854,28.442102050781276,0.015779318,0.039352417,2.617175178157212,0,0,0
2019-01-06 14:00:00,1167.6704,29.243188476562523,0.016183494,0.025756836,27.41388886112721,30.352563476562523,0.017419456,0.016365051,13.733954088446795,28.477563476562523,0.015534994,0.042129517,2.5109755517323142,0,0,0
2019-01-06 15:00:00,1142.0755,28.740930175781276,0.0159777,0.018417358,28.67473406215228,29.897180175781276,0.017259438,0.018608093,14.00546813988675,28.084680175781276,0.015615303,0.057739258,2.6060431418898955,0,0,0
2019-01-06 16:00:00,1137.7877,27.881372070312523,0.015832635,0.016403198,29.62275722078092,28.912622070312523,0.017083855,0.021484375,13.566886154636272,27.334497070312523,0.015832635,0.060256958,2.8746484143436146,0,0,0
2019-01-06 17:00:00,1096.3683,26.804040527343773,0.015831882,0.018096924,28.91513659853121,27.257165527343773,0.01686185,0.025909424,12.137664127516963,26.132165527343773,0.016137058,0.068573,3.150100052470742,0,0,0
2019-01-06 18:00:00,1152.2395,25.829949951171898,0.016174793,0.018737793,25.35909870892697,25.134637451171898,0.016479969,0.043121338,9.989507236184242,24.611199951171898,0.016106129,0.077819824,3.567014459931988,0,0,0
2019-01-06 19:00:00,1195.1177,25.412469482421898,0.016540883,0.020614624,22.339043675020047,24.162469482421898,0.016228078,0.05619812,9.365239315855057,23.639031982421898,0.015930532,0.0730896,4.402746617754804,0,0,0
2019-01-06 20:00:00,1207.3429,25.2504821777344,0.016624572,0.028450012,20.81831659640623,23.5551696777344,0.016052367,0.049728394,8.653203717139247,23.0473571777344,0.015915038,0.066467285,4.594003033578458,0,0,0
2019-01-06 21:00:00,1193.4066,25.116540527343773,0.016578797,0.029754639,20.585677269465247,23.108728027343773,0.015884522,0.048843384,8.190239824409764,22.679040527343773,0.015869264,0.058792114,4.372836919926409,0,0,0
2019-01-06 22:00:00,1156.4276,24.945214843750023,0.016518679,0.021316528,20.316036733865623,22.663964843750023,0.015717592,0.042892456,7.84643947254041,22.421777343750023,0.01573285,0.05731201,4.560658843730553,0,0,0
2019-01-06 23:00:00,1104.989,24.791650390625023,0.01642103,0.021202087,19.90846195980444,22.174462890625023,0.015558908,0.035736084,7.585148530233803,22.205712890625023,0.015577981,0.059051514,4.720436344586662,0,0,0
2019-01-07 00:00:00,1046.6078,24.667932128906276,0.016293073,0.024475098,19.51336690674137,21.769494628906276,0.015385176,0.025970459,7.569267989813237,21.980432128906276,0.015388991,0.05999756,4.803556275224817,0,0,0
2019-01-07 01:00:00,1009.9881,24.572351074218773,0.016180329,0.020866394,19.403873623183404,21.423913574218773,0.015215211,0.015033722,7.609369921672779,21.728601074218773,0.015180878,0.06112671,4.851273343964586,0,0,0
2019-01-07 02:00:00,975.7039,24.523461914062523,0.016034922,0.023246765,20.393727000039704,21.117211914062523,0.015046916,0.010032654,7.7009883989366354,21.500024414062523,0.0149896955,0.060317993,4.947455480451399,0,0,0
2019-01-07 03:00:00,955.3413,24.463281250000023,0.015950685,0.021820068,20.331032936586247,20.822656250000023,0.01487494,0.010219574,7.711688318309422,21.283593750000023,0.014813905,0.0572052,5.095174402578188,0,0,0
2019-01-07 04:00:00,949.946,24.393273925781276,0.01594289,0.019447327,19.19044022985977,20.541711425781276,0.014741261,0.016929626,7.451863745729126,21.104211425781276,0.014664967,0.05152893,5.111969903078268,0,0,0
2019-01-07 05:00:00,962.7998,24.273797607421898,0.016011432,0.020149231,17.07545034057656,20.336297607421898,0.014638141,0.019096375,7.069495520499866,20.937860107421898,0.014542773,0.04777527,4.896125532588547,0,0,0
2019-01-07 06:00:00,984.6645,24.266961669921898,0.016080014,0.016197205,16.386207065163735,20.251336669921898,0.014573209,0.018821716,6.832790841068927,20.821649169921898,0.014454953,0.044448853,4.605029946891506,0,0,0
2019-01-07 07:00:00,1089.8714,25.185388183593773,0.016301138,0.010494232,19.143114984723866,22.326013183593773,0.015099509,0.015777588,9.771749411600275,21.372888183593773,0.014569266,0.037750244,4.6338864872200345,0,0,0
2019-01-07 08:00:00,1264.7299,26.385400390625023,0.016178992,0.01064682,23.59994416311092,24.596337890625023,0.015728857,0.009391785,11.948744142053828,22.776025390625023,0.014466193,0.021766663,4.919548644552606,0,0,0
2019-01-07 09:00:00,1362.3341,27.359948730468773,0.016186558,0.025032043,25.984334222758143,26.516198730468773,0.01589664,0.0049037933,14.172134109702345,24.313073730468773,0.014302097,0.01499939,4.751185094665538,0,0,0
2019-01-07 10:00:00,1449.686,28.197564697265648,0.01620165,0.028877258,25.681397826752686,27.783502197265648,0.015820181,0.002796173,13.936478491328351,25.681939697265648,0.014095938,0.011356354,4.236774301419731,0,0,0
2019-01-07 11:00:00,1488.5933,28.907922363281276,0.01628498,0.02495575,23.94743935548372,28.767297363281276,0.015850104,0.002155304,12.958019086128658,26.806359863281276,0.013916054,0.010684967,3.4465650500389198,0,0,0
2019-01-07 12:00:00,1503.5769,29.342095947265648,0.016360356,0.02684021,22.098766848306724,29.474908447265648,0.015955998,0.0022382736,11.90500989327947,27.631158447265648,0.013827397,0.013122559,2.566097109217008,0,0,0
2019-01-07 13:00:00,1535.9022,29.547387695312523,0.016351955,0.025314331,20.69521203436826,29.859887695312523,0.016069667,0.002948761,10.955270789389356,28.094262695312523,0.01390292,0.0150642395,1.771185604585904,0,0,0
2019-01-07 14:00:00,1529.0159999999998,29.538781738281276,0.016244555,0.027107239,19.887072450080872,29.898156738281276,0.01619115,0.00399971,10.213392239725277,28.148156738281276,0.014211322,0.026565552,1.058091978401687,0,0,0
2019-01-07 15:00:00,1499.2261999999998,29.3090759277344,0.016083915,0.023513794,19.69020496205547,29.5590759277344,0.01627465,0.0047626495,9.77706753068177,27.6684509277344,0.014786919,0.037902832,0.5434276792923235,0,0,0
2019-01-07 16:00:00,1420.0267,28.702447509765648,0.01593855,0.01838684,20.522764995405485,28.811822509765648,0.016358167,0.006160736,9.35827051030102,26.811822509765648,0.0153053105,0.043884277,0.6476989350097685,0,0,0
2019-01-07 17:00:00,1287.021,27.698754882812523,0.01595332,0.015174866,20.898139498459432,27.167504882812523,0.016777294,0.007843018,7.397898788093943,25.815942382812523,0.015194194,0.04748535,1.272917224407334,0,0,0
2019-01-07 18:00:00,1301.5052,26.566613769531276,0.016182076,0.025314331,19.235837844517363,24.816613769531276,0.016426217,0.0073127747,6.097929343560216,24.550988769531276,0.014949929,0.055023193,1.9529262264574696,0,0,0
2019-01-07 19:00:00,1334.3383,26.037469482421898,0.016236082,0.026611328,18.072683681367785,23.889031982421898,0.016037717,0.005065918,6.573158571977838,23.662469482421898,0.015278593,0.056869507,2.3830237052993444,0,0,0
2019-01-07 20:00:00,1290.7969999999998,25.718530273437523,0.016191259,0.0178833,17.464509701709172,23.241967773437523,0.015733495,0.0028486252,6.93194000139372,23.023217773437523,0.015393988,0.050460815,2.830604328021917,0,0,0
2019-01-07 21:00:00,1237.3133,25.436975097656276,0.016291173,0.011425018,17.225570921716983,22.749475097656276,0.015471013,0.0016307831,7.064974712156488,22.507287597656276,0.015371831,0.05633545,3.3964122930844054,0,0,0
2019-01-07 22:00:00,1183.5645,25.176965332031276,0.016413616,0.012016296,16.52036964538672,22.403527832031276,0.015353129,0.0027580261,6.711806464995812,22.130090332031276,0.015322612,0.059387207,3.8146615051448833,0,0,0
2019-01-07 23:00:00,1123.292,24.949151611328148,0.016520213,0.013748169,15.411261783062857,22.066339111328148,0.015291881,0.006784439,6.113161137872551,21.910089111328148,0.015257549,0.057724,4.09158452890984,0,0,0
2019-01-08 00:00:00,1064.2090999999998,24.773522949218773,0.01650455,0.01851654,15.041654048220485,21.703210449218773,0.015253329,0.010478973,5.649579567584327,21.765710449218773,0.015184664,0.053756714,4.2277773289144855,0,0,0
2019-01-08 01:00:00,1015.9349,24.644860839843773,0.016405027,0.022109985,14.951331078716391,21.394860839843773,0.015233915,0.018005371,5.402646369981314,21.605798339843773,0.015100401,0.058410645,4.13291812062282,0,0,0
2019-01-08 02:00:00,1009.5556,24.534356689453148,0.016282782,0.025314331,14.814198008886082,21.198419189453148,0.015237555,0.023483276,5.181375606473054,21.471856689453148,0.015012488,0.0637207,4.014469504742874,0,0,0
2019-01-08 03:00:00,979.526,24.452661132812523,0.016198652,0.026237488,14.361678392301384,21.038598632812523,0.015229719,0.029129028,4.992542454095391,21.351098632812523,0.014928358,0.07382202,3.9457146975531954,0,0,0
2019-01-08 04:00:00,974.937,24.352166748046898,0.016144946,0.022270203,13.942475880093614,20.953729248046898,0.015244678,0.03492737,5.054642033792573,21.289666748046898,0.01483269,0.088378906,3.961061294697772,0,0,0
2019-01-08 05:00:00,992.629,24.234155273437523,0.016113834,0.023895264,13.52073176192508,20.866967773437523,0.015247898,0.03793335,5.224211356772612,21.179467773437523,0.014759617,0.10217285,3.916907604733739,0,0,0
2019-01-08 06:00:00,1002.1603,24.194909667968773,0.016113184,0.023773193,13.049919022933704,20.827722167968773,0.01522436,0.03857422,5.362923750774033,21.163659667968773,0.014697932,0.10284424,3.877981982794739,0,0,0
2019-01-08 07:00:00,1104.5408,25.139184570312523,0.016188955,0.012439728,15.686360249853488,22.865747070312523,0.015807485,0.04071045,8.16212746206718,21.779809570312523,0.014804221,0.10333252,4.0678971622938125,0,0,0
2019-01-08 08:00:00,1271.0649999999998,26.304315185546898,0.015875744,0.008621216,19.186883451515293,24.929315185546898,0.016257213,0.04093933,10.258962414126154,23.109002685546898,0.014662669,0.093170166,4.44924949575088,0,0,0
2019-01-08 09:00:00,1343.2394,27.238916015625023,0.015844785,0.011734009,20.553891625127832,26.684228515625023,0.016249143,0.038375854,12.204932075758428,24.520166015625023,0.014448605,0.07803345,4.425761373934848,0,0,0
2019-01-08 10:00:00,1408.2484,28.069451904296898,0.01604283,0.0121154785,20.55284408602406,27.897576904296898,0.016187789,0.034805298,12.303333407636044,25.764764404296898,0.014120223,0.06227112,3.874834812704231,0,0,0
2019-01-08 11:00:00,1470.1962,28.728295898437523,0.016294776,0.023895264,19.847168796907276,28.853295898437523,0.016203223,0.029571533,11.448605148443662,26.806420898437523,0.013883886,0.058166504,2.8351024009739363,0,0,0
2019-01-08 12:00:00,1467.8405,29.129449462890648,0.016470717,0.041885376,18.870936472448,29.566949462890648,0.016257094,0.024398804,10.31548478644579,27.551324462890648,0.013811874,0.053833008,1.8820211027829072,0,0,0
2019-01-08 13:00:00,1491.3555,29.3137145996094,0.01655477,0.06695557,17.774143323897146,29.9855895996094,0.01628774,0.02180481,9.44667572406917,27.8918395996094,0.013888296,0.05644226,1.32527791563467,0,0,0
2019-01-08 14:00:00,1492.8539999999998,29.226464843750023,0.016554479,0.11151123,17.212140965924586,30.054589843750023,0.01628745,0.022979736,9.046370222013111,27.929589843750023,0.014124516,0.057159424,1.2055960186905548,0,0,0
2019-01-08 15:00:00,1455.2565,28.897485351562523,0.016531497,0.14440918,17.52096644414111,29.756860351562523,0.016287357,0.024482727,8.924378920030032,27.584985351562523,0.014441044,0.040542603,1.5625059135325108,0,0,0
2019-01-08 16:00:00,1375.6675,28.259942626953148,0.0164935,0.14770508,18.85023770372184,29.072442626953148,0.0164935,0.021896362,8.485855091462543,26.963067626953148,0.014818847,0.03755188,2.083331350961378,0,0,0
2019-01-08 17:00:00,1258.7018,27.380242919921898,0.016638774,0.114593506,19.93739299111663,27.583367919921898,0.01706602,0.026298523,6.731377662574435,25.911492919921898,0.014853497,0.0473938,2.357533274928484,0,0,0
2019-01-08 18:00:00,1271.5646000000002,26.443383789062523,0.016996576,0.07550049,19.37838076130655,25.240258789062523,0.016866876,0.03565979,5.440500397107131,24.513696289062523,0.014959526,0.057357788,2.4262911849380893,0,0,0
2019-01-08 19:00:00,1284.3128000000002,25.920220947265648,0.017317085,0.05621338,18.097224609707943,24.467095947265648,0.016592292,0.04081726,6.036133349680449,23.576470947265648,0.01524189,0.055618286,2.96106907051482,0,0,0
2019-01-08 20:00:00,1249.328,25.6113220214844,0.01747758,0.043762207,15.885400482402956,23.8613220214844,0.016439982,0.03894043,6.2321456709303815,22.9472595214844,0.01531083,0.062301636,3.6011136954933645,0,0,0
2019-01-08 21:00:00,1218.4019,25.362664794921898,0.017485635,0.03678894,13.732345816529522,23.339227294921898,0.01630308,0.035888672,5.984438772633644,22.526727294921898,0.015364664,0.066589355,4.107234512822801,0,0,0
2019-01-08 22:00:00,1159.3766,25.145532226562523,0.017348664,0.030563354,12.96564549508616,22.903344726562523,0.016188996,0.03375244,5.807803455558181,22.254907226562523,0.01538028,0.075683594,4.441142415687758,0,0,0
2019-01-08 23:00:00,1106.1838,24.982873535156276,0.01716619,0.0260849,12.863708385948458,22.560998535156276,0.016120963,0.03276062,5.685728426845188,22.076623535156276,0.015342765,0.09326172,4.587687562855327,0,0,0
2019-01-09 00:00:00,1031.4923,24.838922119140648,0.016968241,0.022994995,13.015859367028206,22.292047119140648,0.016060343,0.033615112,5.5566049091284055,21.948297119140648,0.015282145,0.11621094,4.55198860098982,2,1,0
2019-01-09 01:00:00,997.6476,24.692193603515648,0.016701298,0.020072937,14.00736314877257,22.090631103515648,0.015999394,0.033416748,5.591263086315169,21.825006103515648,0.015213566,0.13903809,4.6053159452525,2,1,0
2019-01-09 02:00:00,982.8605,24.531335449218773,0.01642581,0.016220093,15.203980316221628,21.976647949218773,0.015960418,0.02796936,5.77456201651207,21.656335449218773,0.015121185,0.15234375,4.731780500414359,2,1,0
2019-01-09 03:00:00,979.3086,24.373956298828148,0.01624243,0.014766693,15.854772625378182,21.928643798828148,0.015944883,0.029953003,5.90497806477167,21.475518798828148,0.015044616,0.15319824,4.743675490687544,2,1,0
2019-01-09 04:00:00,966.7717,24.251794433593773,0.016096786,0.018188477,15.35603993031109,21.876794433593773,0.01592131,0.048950195,5.848741190529288,21.415856933593773,0.01495619,0.1538086,4.538308656373017,2,1,0
2019-01-09 05:00:00,963.2024,24.158288574218773,0.016019726,0.019767761,14.159071774204694,21.798913574218773,0.015867138,0.064819336,5.812625337295324,21.337976074218773,0.014818096,0.1486206,4.33615539993019,2,1,0
2019-01-09 06:00:00,950.8531,24.141137695312523,0.016019251,0.020103455,13.129562718357873,21.844262695312523,0.015836146,0.08190918,5.81936883473144,21.172387695312523,0.014695551,0.13702393,4.212644874503913,2,1,0
2019-01-09 07:00:00,970.6329,25.051629638671898,0.016064215,0.021888733,15.199877768577204,23.332879638671898,0.01625495,0.0960083,8.165426377553478,21.606317138671898,0.014805365,0.13464355,4.251557432800436,2,1,0
2019-01-09 08:00:00,1017.8142,26.1726013183594,0.015704786,0.02861023,18.594924628076026,24.9929138183594,0.016528761,0.1015625,10.12352162058448,22.8054138183594,0.014732039,0.12136841,4.4676959970235295,2,1,0
2019-01-09 09:00:00,1058.7824,27.103326416015648,0.01575754,0.039352417,19.502527184684435,26.540826416015648,0.016550997,0.099121094,11.68741917220129,24.306451416015648,0.014639835,0.114593506,4.374060249761368,2,1,0
2019-01-09 10:00:00,1133.8227,27.927667236328148,0.015917348,0.05155945,19.304916949326927,27.693292236328148,0.016581105,0.0920105,11.572925950306152,25.677667236328148,0.014395283,0.116760254,3.835878565193747,2,1,0
2019-01-09 11:00:00,1154.7074,28.529107666015648,0.016031519,0.07400513,18.959535181649343,28.638482666015648,0.016657129,0.08807373,10.837209308249994,26.747857666015648,0.014139429,0.12445068,2.951367710970025,2,1,0
2019-01-09 12:00:00,1169.1407,28.909844970703148,0.016039284,0.1060791,18.794093929045093,29.331719970703148,0.016703041,0.099823,10.01120964050731,27.456719970703148,0.013990791,0.14337158,1.9786231403567425,2,1,0
2019-01-09 13:00:00,1188.4343,29.001855468750023,0.015993888,0.14233398,19.0910395430034,29.720605468750023,0.016688162,0.12432861,9.422310507658638,27.704980468750023,0.014269643,0.16693115,0.9405576130500948,2,1,0
2019-01-09 14:00:00,1175.6077,28.918786621093773,0.01590266,0.15319824,19.791988971642372,29.762536621093773,0.016635083,0.16827393,9.26362918040446,27.590661621093773,0.014533185,0.168396,0.4397356300201903,2,1,0
2019-01-09 15:00:00,1157.9233000000002,28.689904785156276,0.015719622,0.13745117,20.674351334457533,29.330529785156276,0.01663515,0.1854248,9.19198528808532,27.252404785156276,0.014640064,0.18359375,0.4409961785690988,2,1,0
2019-01-09 16:00:00,1136.6519,28.128381347656276,0.015509858,0.09500122,21.50552612257124,28.644006347656276,0.01678778,0.16436768,9.126908503528844,26.690881347656276,0.014945283,0.19403076,0.7126738838033172,2,1,0
2019-01-09 17:00:00,1106.4865,27.218072509765648,0.0154182855,0.059951782,21.49512695445379,27.218072509765648,0.01719975,0.15527344,7.376100883431145,25.749322509765648,0.015120739,0.19274902,1.0397703785450498,2,1,0
2019-01-09 18:00:00,1177.7643,26.144860839843773,0.015635416,0.040252686,19.265153464234025,25.394860839843773,0.016947672,0.15093994,6.432596378249323,24.527673339843773,0.015150949,0.21905518,1.5482188681526647,2,1,0
2019-01-09 19:00:00,1212.9516,25.6274353027344,0.015787384,0.031784058,17.4590843448237,24.5493103027344,0.016519805,0.13153076,7.008556493350354,23.6586853027344,0.0153601365,0.20758057,2.011720795565556,2,1,0
2019-01-09 20:00:00,1201.732,25.335229492187523,0.01584065,0.026268005,15.863752859432608,23.858666992187523,0.016168714,0.106658936,7.162607322008655,23.053979492187523,0.015268444,0.1796875,2.940879019489299,2,1,0
2019-01-09 21:00:00,1183.5633,25.100213623046898,0.0158492,0.023071289,14.517039454009806,23.318963623046898,0.015925493,0.08596802,6.823888122200501,22.662713623046898,0.015139666,0.15594482,3.5065475827171686,2,1,0
2019-01-09 22:00:00,1145.756,24.873651123046898,0.01576679,0.02180481,14.069707820762346,22.959588623046898,0.015751531,0.07052612,6.605659407938323,22.279901123046898,0.015095404,0.13824463,3.772058793767687,2,1,0
2019-01-09 23:00:00,1086.6071,24.654992675781276,0.01563329,0.022499084,13.93060583830498,22.694055175781276,0.015629476,0.05996704,6.498323749666598,21.928430175781276,0.01507253,0.12332153,3.978237855903147,2,1,0
2019-01-10 00:00:00,1015.7147,24.4411560058594,0.015541365,0.024276733,13.702802274028944,22.3630310058594,0.01548796,0.05204773,6.384106385886241,21.6989685058594,0.014988234,0.11236572,4.218124831608441,0,0,0
2019-01-10 01:00:00,967.421,24.250024414062523,0.015483968,0.027885437,13.89360143914122,22.007836914062523,0.015335195,0.0488739,6.380051843916858,21.570336914062523,0.014888875,0.10491943,4.4109219914649165,0,0,0
2019-01-10 02:00:00,951.1252,24.101953125000023,0.015437858,0.030509949,14.317889429054716,21.719140625000023,0.015189903,0.04850769,6.414959887455729,21.406640625000023,0.014793174,0.10046387,4.49448646378545,0,0,0
2019-01-10 03:00:00,952.2846,23.978723144531276,0.015445487,0.02960968,14.46964796670166,21.463098144531276,0.01502587,0.050720215,6.376618393062055,21.267785644531276,0.014682547,0.09716797,4.525486488956846,0,0,0
2019-01-10 04:00:00,941.2164,23.861474609375023,0.015499036,0.02684784,13.71925664083516,21.236474609375023,0.01488487,0.052230835,6.200080289628462,21.142724609375023,0.0145453615,0.08963013,4.410400604425421,0,0,0
2019-01-10 05:00:00,957.3721,23.744104003906276,0.015529666,0.024917603,12.832222440784582,21.033166503906276,0.014812503,0.05670166,6.002801517665384,20.986291503906276,0.014400516,0.08743286,4.172189538649609,0,0,0
2019-01-10 06:00:00,979.038,23.707421875000023,0.015567878,0.028129578,12.108780176923144,20.926171875000023,0.014785865,0.060317993,5.971557359616864,20.832421875000023,0.01428614,0.08483887,4.014620938774103,0,0,0
2019-01-10 07:00:00,1096.9776000000002,24.786889648437523,0.015659204,0.031845093,14.782445218755516,22.724389648437523,0.01531588,0.060562134,8.607564309683484,21.279077148437523,0.014312615,0.07775879,4.128446165957447,0,0,0
2019-01-10 08:00:00,1267.2145,25.917932128906276,0.015239614,0.036956787,18.37253852394831,24.699182128906276,0.015766041,0.05987549,10.854380455523115,22.550744628906276,0.01409902,0.06567383,4.363910348700365,0,0,0
2019-01-10 09:00:00,1365.188,26.798120117187523,0.015144156,0.059402466,20.01579158668967,26.313745117187523,0.016002463,0.056365967,12.241672291677562,23.969995117187523,0.013824271,0.0572052,4.112131374731868,0,0,0
2019-01-10 10:00:00,1430.8336,27.434899902343773,0.015140247,0.07714844,20.795274623223264,27.528649902343773,0.016086292,0.05909729,12.173294117068089,25.294274902343773,0.013602924,0.052383423,3.6199704103683135,0,0,0
2019-01-10 11:00:00,1487.3041,28.031854248046898,0.015297074,0.07409668,20.88740598154053,28.469354248046898,0.016140122,0.060455322,11.789236823854038,26.438104248046898,0.013351578,0.049194336,2.9132397379414963,0,0,0
2019-01-10 12:00:00,1455.6542,28.464898681640648,0.015404865,0.082611084,20.68041835575723,29.121148681640648,0.016202137,0.06088257,11.317783041840736,27.246148681640648,0.013192341,0.046295166,2.1637989123285184,0,0,0
2019-01-10 13:00:00,1482.9459,28.651391601562523,0.015421403,0.09118652,20.39859300137014,29.495141601562523,0.016256822,0.0599823,10.973925874671432,27.698266601562523,0.01331569,0.041030884,1.4832095692825873,0,0,0
2019-01-10 14:00:00,1488.4917,28.648248291015648,0.015334129,0.09780884,20.325319519909787,29.507623291015648,0.01621151,0.063323975,10.752967659049409,27.741998291015648,0.01393795,0.03668213,0.8563619449975111,0,0,0
2019-01-10 15:00:00,1442.3236,28.446588134765648,0.015215984,0.10140991,20.55640502017597,29.196588134765648,0.016142955,0.059051514,10.612973734388325,27.493463134765648,0.014338603,0.042266846,0.868524098699392,0,0,0
2019-01-10 16:00:00,1354.7277,27.896813964843773,0.0151396785,0.08859253,21.02970707622705,28.459313964843773,0.016135314,0.0499115,10.23699232246966,26.912438964843773,0.014906982,0.06491089,1.0810499982034347,0,0,0
2019-01-10 17:00:00,1264.88,26.971734619140648,0.0152578745,0.07046509,20.677292418325223,27.002984619140648,0.01644806,0.045425415,8.240807603498927,25.940484619140648,0.015292207,0.08908081,1.205848164408986,0,0,0
2019-01-10 18:00:00,1285.1611,25.895684814453148,0.015769064,0.052322388,18.39623872211637,24.801934814453148,0.016417563,0.048965454,6.4154692350822335,24.692559814453148,0.01533419,0.1171875,1.0572269080989718,0,0,0
2019-01-10 19:00:00,1304.9211,25.321008300781276,0.01629556,0.037322998,16.3498577146726,23.922570800781276,0.016112454,0.048950195,6.917374785916476,23.711633300781276,0.015414365,0.12750244,0.9732152559618032,0,0,0
2019-01-10 20:00:00,1264.9669,24.996240234375023,0.016623447,0.029075623,14.364910001223874,23.285302734375023,0.01583762,0.054016113,7.171226131033111,23.004052734375023,0.015467594,0.11999512,1.230245157907868,0,0,0
2019-01-10 21:00:00,1226.1858,24.824670410156276,0.016699614,0.03727722,13.501948101628242,22.762170410156276,0.015684905,0.061172485,6.984605537040488,22.527795410156276,0.015368285,0.11743164,2.06096206893332,0,0,0
2019-01-10 22:00:00,1178.5941,24.765161132812523,0.016562033,0.038848877,13.843541161746607,22.390161132812523,0.015577842,0.067840576,6.800338195356759,22.140161132812523,0.0152383335,0.113708496,2.75472101893293,0,0,0
2019-01-10 23:00:00,1119.8167,24.672570800781276,0.016385982,0.03793335,14.338237250611876,22.102258300781276,0.0155200455,0.07409668,6.545544292528255,21.805383300781276,0.015081355,0.11282349,3.1250942643253485,0,0,0
2019-01-11 00:00:00,1044.2622,24.524224853515648,0.016285995,0.03416443,14.798211530930358,21.836724853515648,0.015500167,0.0798645,6.23924397950513,21.532037353515648,0.014912704,0.11682129,3.2947237750493943,0,0,0
2019-01-11 01:00:00,1010.9101,24.326531982421898,0.016254516,0.032058716,15.07889062580145,21.623406982421898,0.015480133,0.08557129,5.9998541432772,21.310906982421898,0.01475534,0.118377686,3.4247193019590223,0,0,0
2019-01-11 02:00:00,973.566,24.174829101562523,0.016116377,0.038345337,15.727383315017793,21.463891601562523,0.015437361,0.0892334,5.918975200618525,21.135766601562523,0.014609572,0.11651611,3.5547587923718806,0,0,0
2019-01-11 03:00:00,951.0065,24.111993408203148,0.015910042,0.0340271,16.457968788198038,21.322930908203148,0.015402688,0.09295654,5.867059394667124,21.018243408203148,0.014479531,0.11621094,3.65854141031738,0,0,0
2019-01-11 04:00:00,947.8743,24.037255859375023,0.01574882,0.027320862,16.531641829521647,21.201318359375023,0.015344461,0.09628296,5.678795221859472,20.935693359375023,0.014348825,0.117370605,3.6601617868029424,0,0,0
2019-01-11 05:00:00,962.6187,23.932031250000023,0.01562604,0.0233078,15.930074700649138,21.103906250000023,0.015278902,0.0987854,5.544515415409307,20.861718750000023,0.01423749,0.1144104,3.540887166726756,0,0,0
2019-01-11 06:00:00,976.7286,23.890771484375023,0.015549519,0.02166748,15.280612195518351,21.101708984375023,0.015255787,0.100128174,5.500318902913943,20.804833984375023,0.014164784,0.10812378,3.4104801614047617,0,0,0
2019-01-11 07:00:00,1092.2738000000002,24.807672119140648,0.015445635,0.018943787,18.00565295144855,22.995172119140648,0.015800402,0.10064697,8.196889468786374,21.362359619140648,0.01424019,0.10159302,3.528705049850747,0,0,0
2019-01-11 08:00:00,1247.7392,25.815087890625023,0.0150602255,0.016685486,21.18571981597731,24.947900390625023,0.016158858,0.09442139,10.649642293591148,22.846337890625023,0.014194289,0.08950806,3.6895424982557854,0,0,0
2019-01-11 09:00:00,1329.3013,26.693200683593773,0.015068017,0.011569977,21.29772240725116,26.521325683593773,0.016250573,0.083221436,11.924461554121129,24.576013183593773,0.014026605,0.084991455,3.424475012869788,0,0,0
2019-01-11 10:00:00,1384.6163,27.578271484375023,0.015110295,0.012577057,21.095210105715868,27.687646484375023,0.016151708,0.07632446,12.17033363229766,26.031396484375023,0.013840001,0.09805298,2.948381374291916,0,0,0
2019-01-11 11:00:00,1426.3770000000002,28.372003173828148,0.015015508,0.014373779,20.984440210714016,28.559503173828148,0.016037846,0.07098389,12.13917262518026,27.122003173828148,0.013771917,0.11135864,2.389840641375113,0,0,0
2019-01-11 12:00:00,1427.2431,28.918908691406276,0.01484822,0.013912201,20.77946015553505,29.168908691406276,0.015984999,0.07595825,12.047572405032152,27.825158691406276,0.013787734,0.13085938,1.9315722076364628,0,0,0
2019-01-11 13:00:00,1450.5068,29.235314941406276,0.014669437,0.01266861,20.71274260687918,29.391564941406276,0.01594736,0.08087158,12.06684803132669,28.110314941406276,0.0139064975,0.15527344,1.6343921653181668,0,0,0
2019-01-11 14:00:00,1462.4285,29.307427978515648,0.014483068,0.0115737915,21.10159775890242,29.307427978515648,0.015879247,0.075927734,12.193141891981655,27.838677978515648,0.014166448,0.16430664,1.4764697018481674,0,0,0
2019-01-11 15:00:00,1428.4630000000002,29.096276855468773,0.014395771,0.008544922,21.82768525583805,28.940026855468773,0.015765248,0.06417847,12.288938470349152,27.174401855468773,0.014380512,0.16662598,1.5699408612381025,0,0,0
2019-01-11 16:00:00,1352.5838,28.465356445312523,0.014506652,0.0070114136,22.63525047815872,28.168481445312523,0.015689207,0.04899597,11.875956093295512,26.387231445312523,0.014445617,0.1739502,1.8176045812455888,0,0,0
2019-01-11 17:00:00,1251.1336,27.297906494140648,0.014827316,0.005514145,22.448430403658307,26.751031494140648,0.015971724,0.04257202,9.501620638292623,25.313531494140648,0.014499252,0.14727783,2.141526545555793,0,0,0
2019-01-11 18:00:00,1259.0357,25.9511657714844,0.015376708,0.004301071,20.385732845244867,24.5371032714844,0.01596417,0.050582886,7.147660754418463,23.9199157714844,0.014808318,0.12670898,2.453973379009393,0,0,0
2019-01-11 19:00:00,1278.0028,25.237878417968773,0.015880285,0.0037708282,18.53425496689129,23.651940917968773,0.015720068,0.059402466,7.256579156551512,22.917565917968773,0.014938054,0.11972046,3.495044276075732,0,0,0
2019-01-11 20:00:00,1242.1356999999998,24.809136962890648,0.016139772,0.0028934479,16.63081929402833,23.020074462890648,0.015537051,0.06716919,7.1802352467201365,22.160699462890648,0.014995364,0.10192871,4.669727416159893,0,0,0
2019-01-11 21:00:00,1201.9334,24.4753356933594,0.016216278,0.0018248558,15.212443709132192,22.5534606933594,0.015419006,0.06732178,7.058386161213175,21.6784606933594,0.01499939,0.09484863,5.13113568233222,0,0,0
2019-01-11 22:00:00,1140.0843,24.197412109375023,0.016140422,0.0013022423,13.9793005097866,22.181787109375023,0.015339335,0.06271362,6.708665095432242,21.400537109375023,0.015007457,0.105163574,4.977248654574544,0,0,0
2019-01-11 23:00:00,1081.7413,23.9621520996094,0.016057052,0.0011649132,12.776540656605851,21.8449645996094,0.015320815,0.054473877,6.284693734438725,21.2277770996094,0.014992751,0.113861084,4.600320413045101,0,0,0
2019-01-12 00:00:00,1031.6199,23.760034179687523,0.0159962,0.001265049,11.996645725659828,21.564721679687523,0.01530574,0.04600525,6.07160778704372,21.103784179687523,0.014954788,0.11886597,4.295532169879193,0,0,0
2019-01-12 01:00:00,1003.3165,23.585412597656276,0.015935058,0.0022363663,11.457626834427884,21.311975097656276,0.015275116,0.039154053,5.91743578393708,20.999475097656276,0.014893646,0.1166687,4.089694618632231,0,0,0
2019-01-12 02:00:00,966.3381,23.492852783203148,0.015873773,0.008975983,11.427289083199726,21.094415283203148,0.015259608,0.034835815,5.8212226833941925,20.899102783203148,0.014809473,0.109558105,3.956443904807347,0,0,0
2019-01-12 03:00:00,935.197,23.501977539062523,0.015864804,0.012714386,11.573347259577565,20.923852539062523,0.015262082,0.032592773,5.736140550112466,20.806665039062523,0.01472421,0.10424805,3.8178246908250055,0,0,0
2019-01-12 04:00:00,911.9442,23.502343750000023,0.015848558,0.019226074,12.061156911444296,20.822656250000023,0.015268725,0.032318115,5.896078102593479,20.736718750000023,0.014666003,0.09844971,3.8609730341043007,0,0,0
2019-01-12 05:00:00,918.966,23.524194335937523,0.015809622,0.018730164,12.591538176437446,20.735131835937523,0.015248862,0.03465271,6.125770009744104,20.680444335937523,0.014630881,0.097076416,4.0095092394173255,0,0,0
2019-01-12 06:00:00,901.6991,23.592828369140648,0.015770555,0.017974854,12.979836046685186,20.733453369140648,0.015205978,0.03665161,6.319213940712184,20.647515869140648,0.014603256,0.096191406,4.176852129517279,0,0,0
2019-01-12 07:00:00,952.2836,24.7040954589844,0.015731707,0.015594482,16.60170740745582,22.7665954589844,0.015716448,0.039886475,9.47731973640155,21.1884704589844,0.014789477,0.09475708,4.501067950363183,0,0,0
2019-01-12 08:00:00,1079.5113,25.9201599121094,0.015063678,0.014518738,21.533877827439937,24.8810974121094,0.016127978,0.0418396,12.033388665689351,22.3889099121094,0.014964496,0.08508301,4.802146860669251,0,0,0
2019-01-12 09:00:00,1165.9727,26.812829589843773,0.014834414,0.011459351,23.133944097512558,26.531579589843773,0.016211519,0.041900635,13.600729098130454,24.211267089843773,0.014784823,0.07284546,4.769183093961483,0,0,0
2019-01-12 10:00:00,1237.5308,27.6743103027344,0.014773114,0.0057468414,23.595953125615637,27.6430603027344,0.01613496,0.046401978,13.95991163996411,25.8618103027344,0.014300091,0.06796265,4.646593396518133,0,0,0
2019-01-12 11:00:00,1267.5029,28.411584472656276,0.0147080105,0.0040512085,23.75835444907601,28.489709472656276,0.016027896,0.049865723,14.2909892469775,26.942834472656276,0.013983218,0.075408936,4.446864540800875,0,0,0
2019-01-12 12:00:00,1250.4834,28.918664550781276,0.014601061,0.0029964447,23.68335740233381,29.059289550781276,0.01598961,0.04916382,14.42000782494194,27.543664550781276,0.013944933,0.085113525,4.247192754921165,0,0,0
2019-01-12 13:00:00,1244.7062,29.177636718750023,0.014505652,0.0029850006,23.795421525396204,29.287011718750023,0.01598957,0.045455933,14.420330954046053,27.755761718750023,0.014063147,0.10366821,4.081388906361199,0,0,0
2019-01-12 14:00:00,1236.2565,29.140496826171898,0.01447513,0.0039711,24.27637706743961,29.171746826171898,0.01591327,0.039260864,14.367766256950157,27.562371826171898,0.014330171,0.102874756,4.070238472234239,0,0,0
2019-01-12 15:00:00,1210.7611,28.799523925781276,0.014612497,0.006084442,24.94514388106572,28.752648925781276,0.015737832,0.030921936,14.218626625280336,27.065148925781276,0.014356912,0.08670044,4.428670188707931,0,0,0
2019-01-12 16:00:00,1185.2687,28.0671325683594,0.014909988,0.008319855,25.313782194088,27.8952575683594,0.015589004,0.020690918,13.597991677267247,26.2233825683594,0.014356857,0.06713867,4.951086965340712,0,0,0
2019-01-12 17:00:00,1154.6456,26.977197265625023,0.015268267,0.017845154,24.52184903962721,26.414697265625023,0.015600146,0.01455307,11.322923260183558,25.008447265625023,0.0143565545,0.046936035,5.4789075624341175,0,0,0
2019-01-12 18:00:00,1197.8046,25.897973632812523,0.015676197,0.036514282,22.25608438688909,24.155786132812523,0.015535053,0.022773743,8.233893968693993,23.437036132812523,0.014581379,0.05105591,5.790623919615051,0,0,0
2019-01-12 19:00:00,1236.3539999999998,25.406823730468773,0.016011728,0.037963867,20.695332672696853,23.172448730468773,0.015378489,0.030319214,7.950620720580833,22.399011230468773,0.014928355,0.065979004,5.896532183993826,0,0,0
2019-01-12 20:00:00,1196.7169,25.1743103027344,0.016126113,0.033493042,19.56762830113918,22.5258728027344,0.015229658,0.031539917,7.761665233010959,21.9008728027344,0.015061812,0.071899414,5.613000567910733,0,0,0
2019-01-12 21:00:00,1154.5973,24.987878417968773,0.01615659,0.03035736,19.085160855181808,21.972253417968773,0.015088473,0.031814575,7.505753987843287,21.573815917968773,0.015065585,0.073028564,5.263771805927564,0,0,0
2019-01-12 22:00:00,1101.9413000000002,24.833886718750023,0.016141374,0.028022766,18.9426050900518,21.529199218750023,0.015012222,0.030975342,7.291791026190267,21.326074218750023,0.014958817,0.074798584,5.003706914071556,0,0,0
2019-01-12 23:00:00,1071.3544,24.694970703125023,0.01608029,0.02607727,18.88840455894109,21.187158203125023,0.014981656,0.029182434,7.074085729181446,21.085595703125023,0.014802366,0.07293701,4.852880043583112,0,0,0
2019-01-13 00:00:00,1022.291,24.545434570312523,0.015981086,0.022468567,18.67654794918857,20.904809570312523,0.014954932,0.026992798,6.843304035862962,20.850122070312523,0.014653571,0.06958008,4.775968798875729,0,0,0
2019-01-13 01:00:00,987.5221,24.386743164062523,0.015874278,0.019058228,18.77377523397051,20.683618164062523,0.014939678,0.03147888,6.901621611404409,20.636743164062523,0.014497173,0.07043457,4.798146843810184,0,0,0
2019-01-13 02:00:00,942.1838,24.229058837890648,0.01578275,0.016181946,18.89032497726236,20.525933837890648,0.014924442,0.032974243,7.224295442540628,20.439996337890648,0.014344608,0.068725586,4.8604496239260015,0,0,0
2019-01-13 03:00:00,929.9685,24.090417480468773,0.01569121,0.019462585,19.112816158696063,20.387292480468773,0.014893939,0.03274536,7.652208660154272,20.285729980468773,0.014264514,0.07281494,4.925751647134232,0,0,0
2019-01-13 04:00:00,913.7171,24.094049072265648,0.015504273,0.02330017,19.661613002978832,20.281549072265648,0.014836701,0.02974701,8.037105136504048,20.187799072265648,0.014172943,0.07467651,5.005757442631724,0,0,0
2019-01-13 05:00:00,898.6111000000001,24.079309082031276,0.015347848,0.02394867,19.91549091183236,20.227746582031276,0.014768014,0.027893066,8.425128014381492,20.110559082031276,0.014142403,0.07458496,5.050866149047192,0,0,0
2019-01-13 06:00:00,870.8489,24.091821289062523,0.01532498,0.02594757,19.94534190013256,20.271508789062523,0.01469937,0.026161194,8.753730466985093,20.091821289062523,0.01413098,0.07397461,5.157594717675048,0,0,0
2019-01-13 07:00:00,880.2583999999999,24.907830810546898,0.01537846,0.029129028,23.03547816726476,22.220330810546898,0.015065655,0.022834778,12.190476199104673,20.743768310546898,0.014207348,0.06777954,5.624235299583235,0,0,0
2019-01-13 08:00:00,940.087,26.024438476562523,0.015336623,0.025627136,27.162387647892352,24.469750976562523,0.015584579,0.019760132,14.388225653118884,22.352563476562523,0.014165511,0.051605225,6.190329830521516,0,0,0
2019-01-13 09:00:00,999.5207,27.075494384765648,0.015538907,0.02178955,28.31604935585201,26.372369384765648,0.015611386,0.014907837,16.405632326542353,24.216119384765648,0.013967251,0.035964966,6.309584166643396,0,0,0
2019-01-13 10:00:00,1052.8803,28.0732360839844,0.015782887,0.026741028,28.30395168576772,27.6357360839844,0.015519674,0.008651733,16.29428131325911,25.6826110839844,0.013501699,0.03035736,5.985680143100924,0,0,0
2019-01-13 11:00:00,1082.9147,28.861657714843773,0.015950859,0.025863647,27.898815400601435,28.596032714843773,0.015462577,0.005514145,15.715150479389113,26.767907714843773,0.013246238,0.026763916,5.505622528383945,0,0,0
2019-01-13 12:00:00,1146.5194,29.393151855468773,0.016042616,0.023712158,27.41593294995816,29.268151855468773,0.015500928,0.0043792725,15.096264863521368,27.486901855468773,0.013185407,0.026817322,5.014479895384548,0,0,0
2019-01-13 13:00:00,1155.2430000000002,29.594842529296898,0.016088476,0.021980286,26.97575144034888,29.579217529296898,0.015504829,0.004869461,14.5739851688264,27.782342529296898,0.013502113,0.028381348,4.485043695549551,0,0,0
2019-01-13 14:00:00,1155.0586,29.4997497558594,0.016088651,0.017433167,26.85498287060464,29.5309997558594,0.015539334,0.0072803497,14.234298053956408,27.6716247558594,0.013872311,0.030593872,4.170894221198993,0,0,0
2019-01-13 15:00:00,1153.9705,29.113854980468773,0.016012534,0.012275696,26.942571065511125,29.066979980468773,0.015474663,0.008319855,14.065017841000977,27.254479980468773,0.013979302,0.030891418,4.316521111664611,0,0,0
2019-01-13 16:00:00,1140.0598,28.303765869140648,0.015936323,0.016983032,27.26057427700505,28.131890869140648,0.0153831905,0.009037018,13.671732711313144,26.444390869140648,0.013998455,0.032821655,4.763922081038665,0,0,0
2019-01-13 17:00:00,1101.6274,27.137475585937523,0.015951434,0.02381897,26.789257196635017,26.528100585937523,0.015356341,0.012031555,11.749732617521644,25.215600585937523,0.013933459,0.031784058,5.372581874814652,0,0,0
2019-01-13 18:00:00,1144.8103,26.041925048828148,0.016180359,0.025909424,24.75326472164597,24.205987548828148,0.015314423,0.010696411,8.760902230817853,23.674737548828148,0.014097534,0.0415802,5.903273001128653,0,0,0
2019-01-13 19:00:00,1195.5449,25.585656738281276,0.016386423,0.034057617,22.8239855236886,23.265344238281276,0.015203868,0.00982666,8.570945581997103,22.655969238281276,0.014440929,0.05570984,6.104114195649144,0,0,0
2019-01-13 20:00:00,1193.0445,25.390954589843773,0.016432198,0.037384033,21.26269879929385,22.719079589843773,0.015127572,0.01266098,8.467313660158506,22.086267089843773,0.01464692,0.065338135,5.974138812326861,0,0,0
2019-01-13 21:00:00,1180.3992999999998,25.243066406250023,0.016493391,0.03427124,20.160442832442826,22.297753906250023,0.015078138,0.017364502,8.119734185100787,21.735253906250023,0.014704297,0.07015991,5.7410062062173965,0,0,0
2019-01-13 22:00:00,1145.7219,25.105310058593773,0.016432429,0.028388977,19.981435025205368,21.956872558593773,0.015066767,0.018508911,7.87922428727998,21.441247558593773,0.014666224,0.07043457,5.605738199915441,0,0,0
2019-01-13 23:00:00,1092.7797,24.954248046875023,0.01633352,0.026504517,20.181004285217348,21.641748046875023,0.015116633,0.021530151,7.675221726386433,21.219873046875023,0.014597834,0.069488525,5.5366269321076125,0,0,0
2019-01-14 00:00:00,1035.2859,24.781427001953148,0.01625737,0.026321411,20.22065500709647,21.382989501953148,0.015158736,0.024047852,7.432341396822137,21.007989501953148,0.014521682,0.06362915,5.301039385093917,0,0,0
2019-01-14 01:00:00,1004.329,24.617974853515648,0.016195914,0.029373169,20.159038256456903,21.157037353515648,0.015169759,0.023841858,7.185816885874687,20.797662353515648,0.014460226,0.06713867,4.984177921428941,0,0,0
2019-01-14 02:00:00,979.0842,24.501000976562523,0.01619534,0.03366089,19.81968258600673,20.969750976562523,0.015157742,0.025520325,7.001147402321683,20.633813476562523,0.014406247,0.071746826,4.785046046642346,0,0,0
2019-01-14 03:00:00,954.707,24.417108154296898,0.016217874,0.027008057,18.819165910161885,20.807733154296898,0.015123056,0.032730103,6.850291163806884,20.510858154296898,0.014375376,0.07891846,4.65323980124474,0,0,0
2019-01-14 04:00:00,947.3595,24.349542236328148,0.016263437,0.026382446,17.359771791004114,20.701104736328148,0.015069435,0.033172607,6.7192699539905085,20.466729736328148,0.014348458,0.087890625,4.547657472590322,0,0,0
2019-01-14 05:00:00,981.9554,24.303613281250023,0.016324274,0.024902344,15.771958917976916,20.608300781250023,0.015012019,0.035690308,6.630898402867472,20.420800781250023,0.0143063,0.09573364,4.550978938839182,0,0,0
2019-01-14 06:00:00,1002.0976,24.3542419433594,0.016430948,0.024528503,15.486143364036892,20.6198669433594,0.014981364,0.037216187,6.767726966707392,20.3854919433594,0.014290904,0.097839355,4.641554416872127,0,0,0
2019-01-14 07:00:00,1116.2184000000002,25.308557128906276,0.016575864,0.032440186,18.99569454199589,22.691369628906276,0.015473416,0.03753662,10.168738231874864,21.066369628906276,0.014378598,0.094177246,5.040767102446772,0,0,0
2019-01-14 08:00:00,1295.395,26.4641052246094,0.01632411,0.041259766,23.857885014564136,24.9797302246094,0.015996046,0.04071045,12.706940966431112,22.6828552246094,0.014355726,0.077545166,5.530450516158889,0,0,0
2019-01-14 09:00:00,1389.3453,27.501062011718773,0.016102882,0.065216064,26.67593887235611,26.891687011718773,0.016079994,0.044799805,15.120886629539251,24.657312011718773,0.0143595645,0.064453125,5.646600767484448,0,0,0
2019-01-14 10:00:00,1467.216,28.333825683593773,0.015942514,0.07254028,28.19198517228082,28.115075683593773,0.016087472,0.043167114,15.832314197601136,26.146325683593773,0.01410383,0.07281494,5.527766392162021,0,0,0
2019-01-14 11:00:00,1519.1571,28.9548278808594,0.015858518,0.064819336,28.886848155136114,28.9860778808594,0.016117917,0.042907715,15.985367110889944,27.1735778808594,0.01388632,0.07836914,5.2748628932978745,0,0,0
2019-01-14 12:00:00,1507.4682,29.379052734375023,0.015766852,0.055908203,28.88961373044196,29.550927734375023,0.016140692,0.046813965,15.986485867998471,27.769677734375023,0.013977759,0.07208252,4.871977999163032,0,0,0
2019-01-14 13:00:00,1533.0288,29.505548095703148,0.015728554,0.05154419,28.590270376137823,29.724298095703148,0.016110023,0.04916382,15.85688818826496,27.911798095703148,0.014206489,0.064697266,4.470773122097021,0,0,0
2019-01-14 14:00:00,1517.0606,29.363610839843773,0.015713103,0.042663574,28.43400987339754,29.551110839843773,0.016033538,0.04472351,15.510531906953451,27.738610839843773,0.0141033,0.06448364,4.482453412113322,0,0,0
2019-01-14 15:00:00,1493.7796,28.985223388671898,0.015636703,0.030647278,28.411418542784546,29.047723388671898,0.015865585,0.043395996,15.04685939324541,27.219598388671898,0.013996383,0.05984497,4.808090038303855,0,0,0
2019-01-14 16:00:00,1415.5852,28.254235839843773,0.015560407,0.024894714,28.31221585769049,28.191735839843773,0.015674848,0.040115356,14.238746520175866,26.363610839843773,0.013866682,0.04789734,5.4757075440448935,0,0,0
2019-01-14 17:00:00,1282.8142,27.188592529296898,0.01550704,0.025978088,27.37370107417057,26.704217529296898,0.015697775,0.046569824,11.79520165465494,25.141717529296898,0.0137446495,0.045318604,6.180170274629421,0,0,0
2019-01-14 18:00:00,1284.5131,26.1623474121094,0.015636997,0.027740479,24.823674524423883,24.5373474121094,0.015675144,0.04937744,8.907266273740417,23.6232849121094,0.013981419,0.05230713,6.385392727166543,0,0,0
2019-01-14 19:00:00,1318.2233,25.734582519531276,0.015759233,0.03186035,23.30487739038041,23.593957519531276,0.015644792,0.047790527,8.58766879119904,22.656457519531276,0.014374499,0.069732666,6.390789825626948,0,0,0
2019-01-14 20:00:00,1284.4051000000002,25.522607421875023,0.015812831,0.03501892,22.68703281898897,23.046044921875023,0.015637355,0.055984497,8.707926000775693,22.124169921875023,0.014637904,0.07980347,6.183245829796776,0,0,0
2019-01-14 21:00:00,1242.87,25.365625000000023,0.015859336,0.02822876,22.517699703272488,22.670312500000023,0.015638083,0.05467224,8.870298789925771,21.912500000000023,0.014775962,0.08935547,6.082022105303819,0,0,0
2019-01-14 22:00:00,1204.7716,25.202478027343773,0.015921751,0.015991211,22.61984270359869,22.358728027343773,0.0155746145,0.049835205,8.853859541529216,21.850915527343773,0.014830749,0.083740234,6.07964503406526,0,0,0
2019-01-14 23:00:00,1145.2626,24.980920410156276,0.0160217,0.01209259,22.00131156479743,22.066857910156276,0.015499087,0.043151855,8.696497679189898,21.801232910156276,0.014804812,0.08337402,6.082905521068618,0,0,0
2019-01-15 00:00:00,1084.4928,24.807397460937523,0.015968587,0.018257141,21.950534363935308,21.862084960937523,0.015419271,0.033599854,8.896905022300174,21.698022460937523,0.014797475,0.07382202,6.042495234356959,0,0,0
2019-01-15 01:00:00,1034.3908,24.612481689453148,0.015830914,0.016410828,21.232307432454206,21.682794189453148,0.015319744,0.02331543,9.14675905957653,21.612481689453148,0.014789501,0.072052,5.940450817687021,0,0,0
2019-01-15 02:00:00,1000.0072,24.517724609375023,0.01566972,0.016494751,21.30920512127073,21.494287109375023,0.015211957,0.015777588,9.26021998216252,21.572412109375023,0.014773266,0.07122803,5.945911926448706,0,0,0
2019-01-15 03:00:00,979.617,24.4555603027344,0.015516557,0.01184845,21.604629783362917,21.3696228027344,0.015127458,0.01455307,9.368664717333813,21.5493103027344,0.014757432,0.07168579,6.083094989166025,0,0,0
2019-01-15 04:00:00,977.2138,24.330651855468773,0.015417145,0.007843018,21.57833576958522,21.275964355468773,0.015043304,0.016242981,9.166735169125849,21.533776855468773,0.014810608,0.075042725,6.029617936285894,0,0,0
2019-01-15 05:00:00,987.3385,24.210626220703148,0.015478477,0.010295868,21.507345603699964,21.163751220703148,0.014997825,0.018066406,8.892007771044591,21.554376220703148,0.01487194,0.07925415,5.877125895157992,0,0,0
2019-01-15 06:00:00,999.8019,24.193078613281276,0.015631292,0.017410278,21.347062591814083,21.169641113281276,0.015024755,0.020439148,8.896852926984606,21.591516113281276,0.014917944,0.080200195,5.620705178027328,0,0,0
2019-01-15 07:00:00,1091.8216,25.041558837890648,0.015822222,0.023284912,23.70067921884456,22.971246337890648,0.015475084,0.015537262,12.15565155831348,22.197808837890648,0.015059282,0.08175659,5.630909462982872,0,0,0
2019-01-15 08:00:00,1273.6232,26.223901367187523,0.015669294,0.025718689,27.611537014776257,25.161401367187523,0.016012616,0.008079529,14.460959247096696,23.575463867187523,0.014971204,0.078125,5.7832995634531335,0,0,0
2019-01-15 09:00:00,1345.6425,27.2289978027344,0.015580919,0.033859253,29.47675943728937,26.9321228027344,0.01587465,0.004640579,17.324079692226576,25.2133728027344,0.014760759,0.07040405,5.65774857201288,0,0,0
2019-01-15 10:00:00,1417.7173,28.129968261718773,0.0155199915,0.033554077,30.234706938584825,28.051843261718773,0.0155581385,0.002811432,17.90072016625876,26.676843261718773,0.014409915,0.0592041,5.242444667278573,0,0,0
2019-01-15 11:00:00,1459.5630999999998,28.965783691406276,0.0155890845,0.038909912,30.378378718336624,28.887658691406276,0.015375461,0.0019550323,17.62603954090257,27.747033691406276,0.014162388,0.059326172,4.658552684407822,0,0,0
2019-01-15 12:00:00,1457.8401,29.357629394531276,0.015646255,0.040283203,30.105608790789507,29.451379394531276,0.015272413,0.0018658638,17.16684691300561,28.310754394531276,0.014475142,0.07949829,3.985419361348229,0,0,0
2019-01-15 13:00:00,1511.6056,29.570336914062523,0.01573762,0.04273987,29.70700711907304,29.710961914062523,0.015249337,0.003499031,16.830801248499842,28.554711914062523,0.014288033,0.101623535,3.694194886965835,0,0,0
2019-01-15 14:00:00,1515.3018,29.436395263671898,0.015760407,0.067840576,29.267474873128684,29.608270263671898,0.015207275,0.008300781,16.636529618187094,28.311395263671898,0.014272674,0.108673096,3.5881942648781258,0,0,0
2019-01-15 15:00:00,1488.466,28.964624023437523,0.01575281,0.08761597,28.863902151512875,29.089624023437523,0.015073793,0.018981934,16.36712122413491,27.730249023437523,0.01441385,0.101989746,3.645424695174887,0,0,0
2019-01-15 16:00:00,1418.2054,28.160485839843773,0.015828962,0.08709717,28.405337141118142,28.160485839843773,0.014970655,0.02155304,15.456106160717423,26.941735839843773,0.014524335,0.09036255,3.9902188876351423,0,0,0
2019-01-15 17:00:00,1298.4501,27.211572265625023,0.01598917,0.06022644,27.131423614305007,26.649072265625023,0.01502405,0.021278381,12.860630052951787,25.852197265625023,0.014474734,0.07046509,4.370445793336775,0,0,0
2019-01-15 18:00:00,1292.4725,26.328149414062523,0.016263949,0.027374268,24.31726071540896,24.500024414062523,0.0151080955,0.031089783,9.438077217285748,24.421899414062523,0.014661776,0.07574463,4.316700602855849,0,0,0
2019-01-15 19:00:00,1320.7807,25.821160888671898,0.01656122,0.0115356445,22.005479483967985,23.727410888671898,0.015149782,0.026809692,8.919690054396728,23.446160888671898,0.015039156,0.08578491,4.479911636264469,0,0,0
2019-01-15 20:00:00,1284.2365,25.4785095214844,0.016721616,0.0074596405,20.864596695447336,23.2675720214844,0.015195736,0.016090393,8.739060265063188,22.9081970214844,0.015214809,0.092681885,4.423511493997785,0,0,0
2019-01-15 21:00:00,1243.1385,25.238854980468773,0.016775362,0.007314682,20.232345209183592,23.004479980468773,0.015157931,0.01241684,8.987839876202669,22.621667480468773,0.0151960775,0.089660645,4.625642929753693,0,0,0
2019-01-15 22:00:00,1206.4350000000002,25.103540039062523,0.016669212,0.009807587,20.34339667931952,22.533227539062523,0.015093743,0.008052826,8.231869907541215,22.455102539062523,0.015116631,0.08557129,4.842392509972947,0,0,0
2019-01-15 23:00:00,1143.8861000000002,25.014855957031276,0.016502121,0.014709473,20.68579410215423,22.163293457031276,0.014976242,0.0038604736,7.983145674037602,22.303918457031276,0.014980056,0.09133911,4.895283425905623,0,0,0
2019-01-16 00:00:00,1096.6048,24.923059082031276,0.016357062,0.0205307,20.869190632982903,21.915246582031276,0.01486933,0.00253582,7.910378903116408,22.157434082031276,0.014815925,0.088531494,4.9720536790314735,0,0,0
2019-01-16 01:00:00,1047.4366,24.839624023437523,0.016211703,0.024337769,22.43582853334236,21.753686523437523,0.014804081,0.0023975372,8.065698090509951,22.011499023437523,0.014674381,0.084869385,5.091527498448384,0,0,0
2019-01-16 02:00:00,1021.561,24.734582519531276,0.016104568,0.022377014,23.67678719917876,21.672082519531276,0.014803756,0.005224228,8.41951158642851,21.890832519531276,0.014574874,0.08215332,5.181594461694808,0,0,0
2019-01-16 03:00:00,993.5918,24.615380859375023,0.01602796,0.013828278,23.946815881129723,21.623193359375023,0.014837775,0.010311127,8.965870460508786,21.810693359375023,0.0145326,0.07720947,5.380774606580477,0,0,0
2019-01-16 04:00:00,971.2127,24.592553710937523,0.015768303,0.017662048,25.211659486195103,21.608178710937523,0.0148756625,0.015777588,9.342664462411252,21.772241210937523,0.01453234,0.07043457,5.558022726703643,0,0,0
2019-01-16 05:00:00,992.0227,24.570733642578148,0.015604147,0.0153160095,25.28086304169248,21.555108642578148,0.014902242,0.019096375,9.40682942681073,21.750421142578148,0.014490255,0.0642395,5.584589401082816,0,0,0
2019-01-16 06:00:00,1034.479,24.570031738281276,0.015539236,0.012126923,25.38029982369446,21.538781738281276,0.014909811,0.0210495,9.25740700753585,21.702844238281276,0.014467306,0.054473877,5.536888109418346,0,0,0
2019-01-16 07:00:00,1135.3245,25.269677734375023,0.015463081,0.010368347,27.919903848039823,23.152490234375023,0.015253273,0.021194458,11.85255781164837,22.246240234375023,0.014513222,0.052215576,5.863452819306505,0,0,0
2019-01-16 08:00:00,1298.3529999999998,26.342919921875023,0.015089148,0.009407043,31.500483394728445,25.217919921875023,0.015611761,0.020240784,14.236939606928797,23.561669921875023,0.014276617,0.04396057,6.2467279704100855,0,0,0
2019-01-16 09:00:00,1375.777,27.281915283203148,0.015028066,0.0047626495,32.02723801093961,26.891290283203148,0.015401906,0.014072418,17.193027387137594,25.008477783203148,0.013891286,0.032562256,6.40250477055942,0,0,0
2019-01-16 10:00:00,1442.765,28.190942382812523,0.01505487,0.00050234795,31.04910675090826,28.034692382812523,0.015199829,0.007537842,17.614511324936284,26.315942382812523,0.0135289915,0.023452759,6.295805406624208,0,0,0
2019-01-16 11:00:00,1478.2284,28.943658447265648,0.015055129,0.00013560057,29.99786381554683,28.896783447265648,0.014997909,0.0064029694,17.438898397178903,27.303033447265648,0.013323257,0.016357422,5.975629752581849,0,0,0
2019-01-16 12:00:00,1468.6215000000002,29.3767028808594,0.015074565,0.00023084879,29.36069330379133,29.4235778808594,0.014887645,0.005706787,17.226622767751717,27.8454528808594,0.013388469,0.0149002075,5.593115198355056,0,0,0
2019-01-16 13:00:00,1511.0952000000002,29.521569824218773,0.015117013,0.0003964901,29.385280427631567,29.599694824218773,0.014872872,0.006362915,17.213705581631,27.959069824218773,0.013354623,0.0079422,5.543273633511949,0,0,0
2019-01-16 14:00:00,1506.3718,29.372338867187523,0.015121451,0.0015416145,30.0806949997822,29.356713867187523,0.014827719,0.0064811707,17.55960336710816,27.731713867187523,0.0131950285,0.011844635,5.929881139918163,0,0,0
2019-01-16 15:00:00,1464.2744,28.838342285156276,0.015087775,0.004140854,31.08657407773692,28.760217285156276,0.014675788,0.0053977966,17.960761446029828,27.166467285156276,0.013073615,0.014064789,6.588845433003772,0,0,0
2019-01-16 16:00:00,1410.9203,27.9208923339844,0.015068839,0.0050582886,31.568666612163423,27.7490173339844,0.014477561,0.0032653809,17.7285213012619,26.2177673339844,0.013027976,0.018875122,7.474368815741272,0,0,0
2019-01-16 17:00:00,1272.9719,26.801202392578148,0.015046132,0.010593414,30.62296411839462,26.238702392578148,0.014351857,0.002878189,15.68538477281292,24.965264892578148,0.013203633,0.02079773,8.053927810318896,0,0,0
2019-01-16 18:00:00,1281.4077,25.820245361328148,0.015137805,0.01952362,28.351648773205053,24.382745361328148,0.014298571,0.0023040771,12.561627239826596,23.617120361328148,0.013550891,0.014591217,7.873109732329392,0,0,0
2019-01-16 19:00:00,1301.699,25.393914794921898,0.015309124,0.013858795,26.920397487840336,23.628289794921898,0.0142982295,0.0030822754,12.022616131484009,22.839227294921898,0.013798504,0.017570496,7.626245980942446,0,0,0
2019-01-16 20:00:00,1275.8924,25.145898437500023,0.015392665,0.008323669,25.943037247797815,23.231835937500023,0.014294032,0.0018992424,11.949425266123631,22.388085937500023,0.013882045,0.015861511,7.42269834043363,0,0,0
2019-01-16 21:00:00,1222.2176,25.009301757812523,0.015346582,0.012214661,26.034339447052155,22.884301757812523,0.0142822815,0.0008866787,11.483390702398216,22.118676757812523,0.014011438,0.017059326,7.33222933811064,0,0,0
2019-01-16 22:00:00,1178.0513,24.864831542968773,0.015251386,0.02143097,26.815175203899383,22.646081542968773,0.01431297,0.0006160736,11.234417736412542,21.958581542968773,0.0141107915,0.021820068,7.093085349786644,0,0,0
2019-01-16 23:00:00,1126.114,24.681115722656276,0.015232855,0.028366089,27.382552936537262,22.477990722656276,0.0143249575,0.0005478859,11.096318350913704,21.845178222656276,0.01404267,0.025398254,6.736851894934657,0,0,0
2019-01-17 00:00:00,1058.3215,24.521386718750023,0.015252179,0.032089233,27.578458290744532,22.341699218750023,0.014306134,0.0005865097,11.13469202884159,21.708886718750023,0.013989514,0.026496887,6.3740707528024005,0,0,0
2019-01-17 01:00:00,1023.6489,24.3588806152344,0.015348092,0.035232544,27.24848608448705,22.1870056152344,0.014272347,0.00048804283,11.01594657525964,21.5620056152344,0.013887063,0.027748108,6.171599331264471,0,0,0
2019-01-17 02:00:00,990.7203,24.220910644531276,0.015370632,0.044799805,26.77187194503601,21.994348144531276,0.014241481,0.00029110909,10.610427664893324,21.408410644531276,0.0137837175,0.028625488,6.039879560975035,0,0,0
2019-01-17 03:00:00,970.5068,24.139825439453148,0.0153588755,0.03666687,26.1188555779004,21.819512939453148,0.014218281,0.00044584274,10.372445687836557,21.264825439453148,0.0136956675,0.030662537,5.986120717374564,0,0,0
2019-01-17 04:00:00,961.6793,24.060083007812523,0.015439058,0.02519989,24.144465827649597,21.669458007812523,0.014157319,0.0013890266,10.196525318487502,21.153833007812523,0.013680482,0.030845642,5.7945749825078,0,0,0
2019-01-17 05:00:00,988.5625,24.036706542968773,0.015477535,0.02342987,22.66738034789061,21.505456542968773,0.014104244,0.0021781921,10.11805792286104,21.067956542968773,0.013707516,0.030654907,5.658390246382702,0,0,0
2019-01-17 06:00:00,1000.5936,24.075982666015648,0.015516063,0.02330017,21.974720528033032,21.325982666015648,0.0141008105,0.0021448135,9.784357026679736,20.997857666015648,0.013772747,0.036193848,5.681154004787305,0,0,0
2019-01-17 07:00:00,1099.9578,24.832147216796898,0.015631216,0.023071289,24.067413104344148,22.800897216796898,0.01451351,0.001953125,12.419547283380384,21.566522216796898,0.013926047,0.032562256,6.169039650467925,0,0,0
2019-01-17 08:00:00,1272.2878,25.967248535156276,0.015460639,0.035614014,28.378890657256555,24.779748535156276,0.0148273995,0.0034179688,15.676139154975385,22.990686035156276,0.013759284,0.02873993,6.6996991303486775,0,0,0
2019-01-17 09:00:00,1355.6926,27.097619628906276,0.015262809,0.049072266,30.62697893000396,26.402307128906276,0.014694419,0.0030965805,18.871878929535733,24.542932128906276,0.01355001,0.025032043,6.837464715005327,0,0,0
2019-01-17 10:00:00,1427.3282,28.058068847656276,0.015278004,0.036605835,31.145766145325386,27.542443847656276,0.014690541,0.003619194,19.57214966114858,25.956506347656276,0.013324879,0.019363403,6.732494849065998,0,0,0
2019-01-17 11:00:00,1476.6418,28.833581542968773,0.015262715,0.01978302,31.21044758689338,28.442956542968773,0.014732472,0.0032787323,19.62942725521241,27.036706542968773,0.013176075,0.019424438,6.491282406731012,0,0,0
2019-01-17 12:00:00,1459.5225,29.305200195312523,0.015244026,0.029571533,31.371691457464383,29.055200195312523,0.014820594,0.0021104813,19.51315028532341,27.641137695312523,0.013329048,0.021659851,6.019757166935968,0,0,0
2019-01-17 13:00:00,1486.0938,29.447686767578148,0.015256152,0.02457428,31.721658733623944,29.260186767578148,0.014786944,0.0026140213,19.30990050959429,27.822686767578148,0.013558611,0.019424438,5.77679317427558,0,0,0
2019-01-17 14:00:00,1490.4334,29.308862304687523,0.0152958315,0.03113556,32.16459434145549,29.043237304687523,0.014605371,0.0044136047,18.909632816552413,27.699487304687523,0.013419,0.014507294,5.875631257901827,0,0,0
2019-01-17 15:00:00,1467.9732,28.868798828125023,0.015333982,0.04512024,32.24533089838114,28.431298828125023,0.014376493,0.010368347,18.418033577894924,27.189111328125023,0.013327451,0.014095306,6.077973972984088,0,0,0
2019-01-17 16:00:00,1384.4387,28.093591308593773,0.015467586,0.06463623,31.561767356905197,27.452966308593773,0.014223995,0.013301849,17.372464405813297,26.312341308593773,0.0133313555,0.017311096,6.346477294361933,0,0,0
2019-01-17 17:00:00,1271.5148000000002,27.038110351562523,0.015731206,0.062301636,29.77452198480822,25.991235351562523,0.014243474,0.016815186,14.395714694397777,25.038110351562523,0.013469091,0.024848938,6.4156717587647005,0,0,0
2019-01-17 18:00:00,1286.162,26.089135742187523,0.016219392,0.04525757,26.327159616944886,23.932885742187523,0.014376893,0.018867493,10.278592716476377,23.651635742187523,0.013507142,0.021591187,6.361650451420956,0,0,0
2019-01-17 19:00:00,1307.0540999999998,25.610650634765648,0.016691133,0.038131714,23.511603204152035,23.149713134765648,0.014490054,0.01367569,9.346639329087589,22.735650634765648,0.013742373,0.022155762,6.173811624439157,0,0,0
2019-01-17 20:00:00,1283.5158,25.329217529296898,0.016965356,0.038391113,21.372782959652906,22.665155029296898,0.014615501,0.011135101,8.488512781586893,22.165155029296898,0.013917412,0.018676758,5.95291345896296,0,0,0
2019-01-17 21:00:00,1251.6758,25.154199218750023,0.01705683,0.04472351,20.29690855944108,22.138574218750023,0.014676459,0.008777618,7.516088061114748,21.724511718750023,0.014027961,0.011741638,5.706871137625023,0,0,0
2019-01-17 22:00:00,1222.7907,25.012109375000023,0.017064376,0.048858643,20.3268329990313,21.824609375000023,0.014684005,0.0091362,7.56707799636532,21.363671875000023,0.01405458,0.010681152,5.785264847873983,0,0,0
2019-01-17 23:00:00,1158.1693,24.895928955078148,0.017010745,0.05557251,20.87332407545536,21.638116455078148,0.014710483,0.019943237,7.990473105277746,21.122491455078148,0.014027652,0.012001038,6.012216262308404,0,0,0
2019-01-18 00:00:00,1088.8572,24.775048828125023,0.016979635,0.05984497,20.715879900542745,21.571923828125023,0.0147899985,0.02721405,8.559245200703257,21.001611328125023,0.013985097,0.01537323,6.283546105516872,0,0,0
2019-01-18 01:00:00,1055.2255,24.620935058593773,0.016964214,0.059448242,20.539530516610487,21.558435058593773,0.014919536,0.023902893,9.270683793708514,20.964685058593773,0.013912456,0.020523071,6.594437752241542,0,0,0
2019-01-18 02:00:00,1023.0886,24.502038574218773,0.016896011,0.05949402,21.93066149422353,21.603601074218773,0.015099288,0.023475647,10.063288190786125,20.962976074218773,0.013840438,0.032089233,6.883745918501307,0,0,0
2019-01-18 03:00:00,1011.0873,24.406518554687523,0.016834626,0.06283569,23.099239029673683,21.726831054687523,0.01527823,0.028663635,10.932391475799198,21.008081054687523,0.013813387,0.041229248,7.040551684286112,0,0,0
2019-01-18 04:00:00,985.172,24.313317871093773,0.016781295,0.05378723,23.01790383798504,21.743005371093773,0.015392744,0.029930115,10.634267033766784,21.110192871093773,0.013744795,0.04196167,6.844254650165246,0,0,0
2019-01-18 05:00:00,989.7118,24.265008544921898,0.016682362,0.04510498,22.36602716493428,21.671258544921898,0.015434957,0.027114868,9.894714539792172,21.171258544921898,0.013687826,0.03756714,6.46971982900593,0,0,0
2019-01-18 06:00:00,1010.779,24.269219970703148,0.01659112,0.046081543,21.813782001410903,21.636407470703148,0.015412379,0.023498535,9.002116335951284,21.175469970703148,0.013661433,0.041107178,6.027027178477581,0,0,0
2019-01-18 07:00:00,1112.5967,25.147760009765648,0.016560059,0.04425049,24.89782999533418,23.382135009765648,0.015697937,0.03529358,11.422292676560764,21.749322509765648,0.013740999,0.042755127,6.055916376048015,0,0,0
2019-01-18 08:00:00,1268.4837,26.4750915527344,0.016025249,0.044952393,31.494624087858977,25.5141540527344,0.01588792,0.04107666,14.184020741558886,23.1313415527344,0.013583842,0.043182373,6.31615542789625,0,0,0
2019-01-18 09:00:00,1369.8728999999998,27.540887451171898,0.01571946,0.03955078,33.88019176154155,27.197137451171898,0.015757607,0.030212402,16.95377779021134,24.728387451171898,0.013480233,0.034118652,6.511344669537743,0,0,0
2019-01-18 10:00:00,1444.6285,28.403283691406276,0.015673308,0.033325195,33.81129492567212,28.465783691406276,0.015795378,0.020080566,17.88952302828914,26.254846191406276,0.013277679,0.022621155,6.654016667034715,0,0,0
2019-01-18 11:00:00,1482.2248,29.039971923828148,0.015787823,0.026885986,32.735799528967995,29.446221923828148,0.015864117,0.020683289,18.28407850714574,27.461846923828148,0.013060315,0.02178955,6.45000308724263,0,0,0
2019-01-18 12:00:00,1482.6648,29.474206542968773,0.01586517,0.020332336,30.912141951335748,30.021081542968773,0.015895687,0.026878357,17.854458676787523,28.107019042968773,0.013343655,0.018806458,5.575920343768705,0,0,0
2019-01-18 13:00:00,1487.3468,29.672570800781276,0.015874486,0.021644592,29.1708928764777,30.235070800781276,0.015920263,0.033309937,16.866246753235163,28.375695800781276,0.013410192,0.01574707,4.907115495478165,0,0,0
2019-01-18 14:00:00,1502.3422,29.544091796875023,0.015928907,0.026390076,28.005886243906662,30.090966796875023,0.01590602,0.03251648,16.036307538983632,28.340966796875023,0.013132734,0.012149811,4.641242690158947,0,0,0
2019-01-18 15:00:00,1455.7606,29.1755310058594,0.015974082,0.02835846,27.544337426992,29.5974060058594,0.015722312,0.028503418,15.57684215348571,27.8942810058594,0.013067283,0.01852417,4.777150018589522,0,0,0
2019-01-18 16:00:00,1385.745,28.456994628906276,0.01599547,0.030761719,27.766660862342377,28.706994628906276,0.015457598,0.022506714,15.151995446257828,27.050744628906276,0.013149706,0.019813538,5.3493480712983,0,0,0
2019-01-18 17:00:00,1279.6827,27.429620361328148,0.016070846,0.028778076,27.83172947204815,27.210870361328148,0.01532698,0.020233154,13.155946009514992,25.804620361328148,0.013255599,0.023223877,5.864615478788894,0,0,0
2019-01-18 18:00:00,1297.2786,26.386743164062523,0.016291646,0.019958496,26.82886929296616,25.097680664062523,0.015299825,0.029464722,10.41807051412615,24.308618164062523,0.013480214,0.024238586,6.012821393533544,0,0,0
2019-01-18 19:00:00,1330.2744,25.8308044433594,0.016581163,0.016548157,25.450902872614364,24.2604919433594,0.01536046,0.04408264,10.53440121738246,23.3386169433594,0.013769731,0.025062561,6.4235168585750175,0,0,0
2019-01-18 20:00:00,1290.0557,25.574609375000023,0.016756307,0.015846252,24.106674207219207,23.910546875000023,0.015493643,0.047195435,11.319653028151276,22.762109375000023,0.014219534,0.023399353,6.546715610357452,0,0,0
2019-01-18 21:00:00,1254.309,25.394647216796898,0.016817609,0.02029419,23.69436524441913,23.714959716796898,0.015680829,0.046432495,11.724615172880874,22.449334716796898,0.014498272,0.025115967,6.437095934584549,0,0,0
2019-01-18 22:00:00,1209.3553,25.215112304687523,0.016819105,0.023139954,23.85028398452685,23.527612304687523,0.0158578,0.045303345,11.493768041699235,22.261987304687523,0.014618024,0.029624939,6.181222123718661,0,0,0
2019-01-18 23:00:00,1147.3916,25.039697265625023,0.016773375,0.022209167,24.002751459712258,23.406884765625023,0.015964659,0.04864502,11.161310441388276,22.117822265625023,0.014637143,0.03768921,5.887137130926002,0,0,0
2019-01-19 00:00:00,1087.1775,24.885919189453148,0.016719883,0.01663208,23.64566304804002,23.331231689453148,0.015956944,0.057388306,10.907991276199327,21.971856689453148,0.014583653,0.053375244,5.540065617086676,0,0,0
2019-01-19 01:00:00,1060.0615,24.760614013671898,0.016650742,0.017822266,23.146935871920263,23.205926513671898,0.015956467,0.07028198,10.163163853883004,21.830926513671898,0.014579361,0.072631836,5.218354703814157,0,0,0
2019-01-19 02:00:00,1021.4875,24.695825195312523,0.016459411,0.020652771,23.039931077854067,23.219262695312523,0.015948242,0.10568237,9.87881053946074,21.719262695312523,0.014586394,0.08453369,4.906064449616318,0,0,0
2019-01-19 03:00:00,997.788,24.625024414062523,0.016291266,0.023841858,22.91166447241414,23.250024414062523,0.015932685,0.12939453,9.885201716817807,21.625024414062523,0.014574652,0.0977478,4.695917381385176,0,0,0
2019-01-19 04:00:00,973.8101,24.5598083496094,0.016214753,0.027114868,23.015277969634244,23.2707458496094,0.015955353,0.10443115,9.976473167455618,21.6144958496094,0.014582061,0.106414795,4.611566067558719,0,0,0
2019-01-19 05:00:00,988.3973,24.535760498046898,0.016176341,0.027191162,23.87394232359441,23.129510498046898,0.015962718,0.07678223,9.408298250667372,21.621697998046898,0.014665721,0.099121094,4.560852269535819,0,0,0
2019-01-19 06:00:00,1001.893,24.562707519531276,0.016176099,0.023834229,24.89228940409748,23.023645019531276,0.015970105,0.05281067,9.166575392759956,21.672082519531276,0.014779921,0.08956909,4.44915365678898,0,0,0
2019-01-19 07:00:00,1028.4636,25.162988281250023,0.016275542,0.02306366,27.32545307478336,24.295800781250023,0.01629843,0.05218506,11.6375970920401,22.366113281250023,0.015001432,0.08932495,4.521436312261423,0,0,0
2019-01-19 08:00:00,1157.9757,26.148034667968773,0.016101087,0.029937744,31.331546649179124,25.968347167968773,0.01655122,0.061904907,13.922876828300442,23.937097167968773,0.014994823,0.08404541,4.721917263929971,0,0,0
2019-01-19 09:00:00,1233.0792,27.233270263671898,0.01603271,0.027786255,32.56179997897988,27.452020263671898,0.016459957,0.04953003,15.781547819745503,25.834832763671898,0.014915004,0.06549072,4.537900298565457,0,0,0
2019-01-19 10:00:00,1311.9863,28.169458007812523,0.016032884,0.018562317,31.84869088876535,28.638208007812523,0.01634569,0.038101196,15.879949314219113,27.419458007812523,0.014590929,0.05557251,3.803502110361953,0,0,0
2019-01-19 11:00:00,1324.7276,28.870080566406276,0.016116843,0.013763428,30.583137802898737,29.479455566406276,0.016208395,0.033233643,15.467042430610093,28.557580566406276,0.014720663,0.05192566,2.894432178608813,0,0,0
2019-01-19 12:00:00,1288.4128,29.296105957031276,0.01623856,0.01714325,28.95484799919091,30.030480957031276,0.01612412,0.021522522,15.127818119030929,29.202355957031276,0.015002599,0.053985596,2.0465216435029583,0,0,0
2019-01-19 13:00:00,1285.9668,29.455712890625023,0.016330043,0.018730164,27.133567330416003,30.361962890625023,0.016101161,0.011123657,14.664150197859763,29.455712890625023,0.015219966,0.051071167,1.3829121337169634,0,0,0
2019-01-19 14:00:00,1280.096,29.385858154296898,0.016345024,0.018447876,25.617940362335982,30.417108154296898,0.016062737,0.0042762756,13.722830478985758,29.385858154296898,0.015223504,0.057266235,0.6167620694352222,0,0,0
2019-01-19 15:00:00,1296.0706,29.0837341308594,0.016306339,0.027130127,24.523120157133576,30.0993591308594,0.015978275,0.0045642853,12.581046590283528,29.0212341308594,0.0151504865,0.061019897,0.5344008841017945,0,0,0
2019-01-19 16:00:00,1266.8233,28.344323730468773,0.016283147,0.027610779,24.213519004132312,29.203698730468773,0.015848272,0.012702942,11.72915930269506,28.250573730468773,0.015031927,0.056121826,1.122443847632354,0,0,0
2019-01-19 17:00:00,1208.7148,27.273217773437523,0.016313704,0.026863098,23.90315811807256,27.601342773437523,0.015871199,0.027893066,9.61899060400145,27.007592773437523,0.0152455885,0.04208374,1.308312990957806,0,0,0
2019-01-19 18:00:00,1231.4656,26.253228759765648,0.016443886,0.019767761,22.86655794049245,25.487603759765648,0.01588694,0.019096375,7.624076812389218,25.440728759765648,0.015513099,0.04408264,1.3836720914540606,0,0,0
2019-01-19 19:00:00,1249.8616000000002,25.680505371093773,0.016626451,0.012470245,21.721809628799456,24.508630371093773,0.0157567,0.016670227,7.981261275006413,24.344567871093773,0.015344713,0.050308228,1.7326127042896216,0,0,0
2019-01-19 20:00:00,1228.0068,25.371911621093773,0.016786667,0.0063991547,19.801275246907927,23.825036621093773,0.015688034,0.0102882385,7.943243300802399,23.481286621093773,0.015485855,0.045303345,2.104384783276532,0,0,0
2019-01-19 21:00:00,1182.6581,25.203973388671898,0.0168328,0.0071105957,19.11721880425001,23.282098388671898,0.015718909,0.011173248,7.466785691652297,22.805535888671898,0.015520544,0.04307556,2.500901286739934,0,0,0
2019-01-19 22:00:00,1179.5834,25.098596191406276,0.016749185,0.0105781555,19.53433296761745,23.028283691406276,0.01578788,0.018455505,6.848843779056748,22.301721191406276,0.015429299,0.043670654,2.770821755941961,0,0,0
2019-01-19 23:00:00,1128.6787,24.983697509765648,0.016703647,0.010051727,19.30301280644453,22.733697509765648,0.01577286,0.021614075,6.151359045081133,21.936822509765648,0.01529221,0.042312622,2.997219671292104,0,0,0
2019-01-20 00:00:00,1099.3212,24.847863769531276,0.01664994,0.0079956055,18.66040895657857,22.379113769531276,0.015711524,0.024787903,5.697596926833419,21.730676269531276,0.015158393,0.036071777,3.2338940735562978,0,0,0
2019-01-20 01:00:00,1059.3769,24.702355957031276,0.016619194,0.006225586,18.012368416024305,22.132043457031276,0.015718926,0.024353027,5.58997309697046,21.507043457031276,0.015047538,0.030906677,3.466092468049621,0,0,0
2019-01-20 02:00:00,1024.2522,24.551416015625023,0.016649561,0.0048007965,17.065744722816405,21.910791015625023,0.015734034,0.017532349,5.3197139453706805,21.379541015625023,0.01491006,0.03211975,3.515539964791905,0,0,0
2019-01-20 03:00:00,1009.1003,24.426110839843773,0.01671041,0.010448456,16.472080427005874,21.777673339843773,0.015771994,0.012161255,5.3186973775374025,21.293298339843773,0.014730583,0.030281067,3.6732191480923255,0,0,0
2019-01-20 04:00:00,974.6738,24.404321289062523,0.016755823,0.02193451,16.414119178641435,21.709008789062523,0.015840296,0.012268066,5.267606248621393,21.154321289062523,0.014589075,0.02999115,3.749011260338553,0,0,0
2019-01-20 05:00:00,976.1047,24.452691650390648,0.016831521,0.033309937,17.18900913118931,21.718316650390648,0.015923623,0.015590668,5.309667827755431,21.077691650390648,0.01450837,0.032699585,3.7479219324577846,0,0,0
2019-01-20 06:00:00,953.7087,24.582788085937523,0.016922915,0.029449463,19.21828617485272,21.918725585937523,0.016060794,0.011463165,5.521111375632949,21.074975585937523,0.014470065,0.040374756,3.709477321174423,0,0,0
2019-01-20 07:00:00,943.4193,25.336236572265648,0.017060203,0.02507782,23.179919859490084,23.929986572265648,0.016587181,0.0075645447,8.453431248784703,21.781549072265648,0.014641685,0.04612732,3.8825524176641095,0,0,0
2019-01-20 08:00:00,996.18,26.476708984375023,0.016777802,0.021133423,25.9661282732887,26.273583984375023,0.016991425,0.0069332123,11.528106945889226,23.476708984375023,0.014618684,0.040985107,4.110770530311167,0,0,0
2019-01-20 09:00:00,1023.4387,27.534448242187523,0.016548773,0.02004242,25.41007462996115,28.112573242187523,0.016869208,0.039154053,12.440284339132951,25.581323242187523,0.014435432,0.026985168,3.906848513718323,0,0,0
2019-01-20 10:00:00,1074.2748,28.412561035156276,0.01646472,0.01927948,24.6674238360242,28.881311035156276,0.01658679,0.1685791,11.509350870952847,27.287561035156276,0.014107236,0.023712158,3.187058402494381,0,0,0
2019-01-20 11:00:00,704.6413,29.0629821777344,0.01636605,0.021820068,24.462571620300277,29.0317321777344,0.016457602,0.22650146,11.357664986918664,28.5161071777344,0.0140505275,0.034057617,2.0772281242978936,0,0,0
2019-01-20 12:00:00,85.19250000000002,29.394677734375023,0.016237248,0.033950806,24.2255267484576,29.144677734375023,0.016504277,0.2029419,12.43169193086428,29.144677734375023,0.014661779,0.050811768,1.413640378046176,0,0,0
2019-01-20 13:00:00,135.7636,29.2946716308594,0.016032005,0.06265259,24.64179583160774,29.3727966308594,0.016512657,0.12524414,14.316523303793302,29.4352966308594,0.01489904,0.08428955,1.6153534149992477,0,0,0
2019-01-20 14:00:00,263.6182999999998,28.969018554687523,0.01584968,0.067840576,25.936262712864824,29.547143554687523,0.016460031,0.057800293,15.979042766675914,29.187768554687523,0.014873118,0.11407471,1.94901508620419,0,0,0
2019-01-20 15:00:00,417.44920000000025,28.403619384765648,0.01574321,0.046554565,27.945601180976784,29.544244384765648,0.016437486,0.035232544,16.643166289226922,28.419244384765648,0.01480861,0.11880493,2.599066961205963,0,0,0
2019-01-20 16:00:00,475.8024000000002,27.655541992187523,0.015736012,0.025024414,29.56689701212796,28.780541992187523,0.016300587,0.044052124,15.79245829158974,27.405541992187523,0.0147060435,0.11303711,3.3797175052913992,0,0,0
2019-01-20 17:00:00,1062.2346,26.7316833496094,0.015805366,0.030220032,29.95338413180163,27.3566833496094,0.016217353,0.060256958,13.517884881516112,26.1691833496094,0.01479447,0.10998535,3.877685170280805,0,0,0
2019-01-20 18:00:00,1184.3659,25.9016052246094,0.016057432,0.03437805,29.07201236715773,25.6203552246094,0.016187131,0.07757568,11.069218737317907,24.9094177246094,0.014790952,0.114868164,4.364876741851666,0,0,0
2019-01-20 19:00:00,1230.552,25.495416259765648,0.01633976,0.029342651,28.44029113620515,24.940728759765648,0.016179543,0.08029175,11.485140639337905,24.065728759765648,0.01494358,0.101257324,5.041581537878384,0,0,0
2019-01-20 20:00:00,1227.7024,25.296502685546898,0.016515382,0.028007507,27.893510223664148,24.648065185546898,0.016202576,0.073638916,11.984794500735235,23.546502685546898,0.015107759,0.08883667,5.243563821281435,0,0,0
2019-01-20 21:00:00,1176.4398,25.159570312500023,0.016599562,0.03161621,26.80077223163381,24.425195312500023,0.01625624,0.0410614,11.899108417353364,23.198632812500023,0.015123273,0.0921936,5.64282262539783,0,0,0
2019-01-20 22:00:00,1148.0636000000002,25.025781250000023,0.016623093,0.034729004,25.89287097275839,24.213281250000023,0.016302658,0.02153778,11.564495472868334,22.908593750000023,0.015112473,0.0953064,5.939436185261317,0,0,0
2019-01-20 23:00:00,1127.608,24.858789062500023,0.016624283,0.03251648,25.81886010240004,24.077539062500023,0.016364884,0.01714325,11.110097014710066,22.710351562500023,0.015159439,0.09805298,5.980574136175474,0,0,0
2019-01-21 00:00:00,1099.9991,24.734796142578148,0.01656326,0.03604126,27.01176654008788,23.976983642578148,0.01633438,0.037719727,11.005333748262457,22.625421142578148,0.015182341,0.12188721,5.762922533808369,0,0,0
2019-01-21 01:00:00,1048.7415,24.656823730468773,0.016516792,0.05407715,27.71177886726656,23.945886230468773,0.016219245,0.06576538,11.36092808491822,22.563073730468773,0.0151702035,0.15075684,5.41007285021458,0,0,0
2019-01-21 02:00:00,1024.6918,24.609826660156276,0.016523702,0.10961914,27.122804220601207,23.937951660156276,0.016142232,0.089416504,11.478300809149934,22.555139160156276,0.015188557,0.16204834,5.05506411910779,0,0,0
2019-01-21 03:00:00,1016.0117,24.6120544433594,0.016553633,0.12173462,27.00599146169423,23.9479919433594,0.016126387,0.10083008,11.348151606819386,22.5495544433594,0.015165083,0.16546631,5.202963171839398,0,0,0
2019-01-21 04:00:00,1025.622,24.622399902343773,0.016599085,0.095703125,26.147852734722196,23.911462402343773,0.016103175,0.11004639,10.762023532435492,22.536462402343773,0.015115168,0.15722656,5.54170623918138,0,0,0
2019-01-21 05:00:00,1043.1157,24.592492675781276,0.016598802,0.077056885,25.312692382081423,23.811242675781276,0.016072374,0.09503174,10.371049059755409,22.529992675781276,0.015072924,0.14215088,5.937683253622504,0,0,0
2019-01-21 06:00:00,1054.7697,24.576867675781276,0.016560486,0.06607056,24.42323487696642,23.733117675781276,0.016079834,0.0715332,10.36338332291656,22.537805175781276,0.015030793,0.12750244,6.186066118036861,0,0,0
2019-01-21 07:00:00,1148.2848,25.157434082031276,0.016575692,0.05508423,25.31159861676328,24.837121582031276,0.01636207,0.08380127,12.712691044004895,22.993371582031276,0.015045999,0.11404419,6.410719292999632,0,0,0
2019-01-21 08:00:00,1259.533,26.191613769531276,0.016278366,0.06375122,29.54009967846541,26.246301269531276,0.01659117,0.09988403,14.84712996058182,24.199426269531276,0.014866927,0.09375,6.687298193052463,0,0,0
2019-01-21 09:00:00,1339.2026999999998,27.262597656250023,0.015836399,0.07550049,32.64828573636658,27.543847656250023,0.01646201,0.08276367,17.134760250732942,25.723535156250023,0.014619511,0.07559204,6.726504212236571,0,0,0
2019-01-21 10:00:00,1403.8224,28.241540527343773,0.015539291,0.059326172,34.01269202803772,28.600915527343773,0.016241195,0.07110596,18.440151879932564,27.171228027343773,0.014330032,0.0647583,6.602330177951306,0,0,0
2019-01-21 11:00:00,1450.0486999999998,28.950891113281276,0.015402541,0.040359497,34.71369497613996,29.388391113281276,0.01604341,0.067871094,19.101280672767565,28.138391113281276,0.0142314285,0.06326294,6.352661902516194,0,0,0
2019-01-21 12:00:00,1466.5709,29.3049255371094,0.015330718,0.030815125,34.62105248819893,29.9143005371094,0.015807556,0.066711426,19.39474119504948,28.5236755371094,0.014159606,0.06188965,6.4073970366981845,0,0,0
2019-01-21 13:00:00,1475.1876,29.335107421875023,0.015312466,0.022338867,33.84470404212775,30.038232421875023,0.015556606,0.06222534,19.541400987110997,28.530419921875023,0.013977322,0.055618286,6.779306952914938,0,0,0
2019-01-21 14:00:00,1480.2548,29.1774841308594,0.015282913,0.015148163,32.93069254471593,29.8493591308594,0.015317245,0.04901123,19.687977742529373,28.2399841308594,0.013703628,0.051452637,7.251023650415287,0,0,0
2019-01-21 15:00:00,1449.7292,28.785577392578148,0.0152150225,0.018447876,32.4307959112554,29.254327392578148,0.015054805,0.0393219,19.51291592611041,27.660577392578148,0.013403041,0.05166626,7.773837095178483,0,0,0
2019-01-21 16:00:00,1367.9482,28.046289062500023,0.0152843725,0.0388031,32.1366648401912,28.327539062500023,0.014807535,0.026977539,18.704133402091696,26.718164062500023,0.013140513,0.050323486,8.294871149700683,0,0,0
2019-01-21 17:00:00,1281.2172,27.029656982421898,0.015525148,0.030822754,31.10099201153498,26.974969482421898,0.014720247,0.019386292,16.65791198798086,25.428094482421898,0.013095186,0.04937744,8.559058560625338,0,0,0
2019-01-21 18:00:00,1296.8513,26.086389160156276,0.01584945,0.02004242,28.720073418908598,25.320764160156276,0.014888148,0.018310547,14.226164549237522,23.961389160156276,0.01347671,0.05445862,8.339401161045888,0,0,0
2019-01-21 19:00:00,1328.43,25.605126953125023,0.016208094,0.01329422,26.36603809994764,24.620751953125023,0.015174311,0.017364502,14.3040244354961,23.027001953125023,0.013972681,0.056427002,8.145761541520141,0,0,0
2019-01-21 20:00:00,1307.1183999999998,25.368554687500023,0.016414365,0.013572693,25.41120014909918,24.227929687500023,0.015399655,0.014732361,14.69829122771244,22.485742187500023,0.014228543,0.045776367,8.099219856839838,0,0,0
2019-01-21 21:00:00,1274.4115000000002,25.227929687500023,0.016506722,0.015159607,25.406699719266964,23.970117187500023,0.015492012,0.013702393,14.994694129950808,22.235742187500023,0.014244606,0.03286743,8.107355211572472,0,0,0
2019-01-21 22:00:00,1228.2031,25.111901855468773,0.016484719,0.015571594,25.21991956076322,23.799401855468773,0.015450937,0.01210022,14.95045066332855,22.104089355468773,0.014207345,0.019676208,8.11988868392787,0,0,0
2019-01-21 23:00:00,1162.5716,25.040551757812523,0.016377922,0.01210022,25.063732654576377,23.681176757812523,0.01540899,0.009643555,14.912401903442152,21.962426757812523,0.014073846,0.0119133,8.29438724786255,0,0,0
2019-01-22 00:00:00,1124.1634,24.968286132812523,0.016263504,0.014190674,25.44676986011145,23.554223632812523,0.01548912,0.011558533,15.01893186994868,21.835473632812523,0.013906021,0.008686066,8.502178370767096,0,0,0
2019-01-22 01:00:00,1095.4859,24.939904785156276,0.01616394,0.023590088,26.51859870488084,23.486779785156276,0.015542143,0.015289307,15.40465761571234,21.713342285156276,0.013798826,0.007200241,8.548423099662577,0,0,0
2019-01-22 02:00:00,1069.9342,24.869104003906276,0.016140295,0.023292542,26.98736734503424,23.533166503906276,0.015468909,0.029830933,15.845779502042296,21.619104003906276,0.013740852,0.010150909,8.51102680112527,0,0,0
2019-01-22 03:00:00,1042.4821000000002,24.787866210937523,0.01610167,0.021461487,27.57112807397413,23.608178710937523,0.015380692,0.036010742,15.907215223123917,21.592553710937523,0.013721298,0.01637268,8.346994080545647,0,0,0
2019-01-22 04:00:00,1032.5332,24.6296325683594,0.016109206,0.026786804,27.14510659647129,23.6218200683594,0.0154073015,0.02280426,15.728915679478622,21.6061950683594,0.013728835,0.023460388,8.099885939748688,0,0,0
2019-01-22 05:00:00,1045.9317999999998,24.486138916015648,0.016170276,0.020721436,26.161886678433483,23.548638916015648,0.015414966,0.010097504,15.587310736026446,21.533013916015648,0.013778461,0.02620697,7.902042713927481,0,0,0
2019-01-22 06:00:00,1077.8145,24.425378417968773,0.016268529,0.013324738,24.88754814139461,23.441003417968773,0.015288152,0.004272461,15.483072737084068,21.433190917968773,0.013811864,0.024276733,7.787938637419715,0,0,0
2019-01-22 07:00:00,1140.3712,25.086267089843773,0.016397297,0.010444641,26.03535727604311,24.367517089843773,0.015306293,0.0045757294,17.0409332062835,21.851892089843773,0.013887226,0.021614075,7.929000210747949,0,0,0
2019-01-22 08:00:00,1274.6231,26.260644531250023,0.01611403,0.016677856,31.272118129644703,26.018457031250023,0.015427384,0.010089874,19.28547741117784,23.120019531250023,0.01376799,0.023849487,8.34263775559441,0,0,0
2019-01-22 09:00:00,1355.1185,27.339410400390648,0.015853677,0.027366638,33.350715247495536,27.472222900390648,0.015296731,0.008422852,21.086330726464936,24.722222900390648,0.013438974,0.023864746,8.558191009893177,0,0,0
2019-01-22 10:00:00,1411.5264,28.3007751464844,0.01585299,0.036331177,33.948000738635415,28.7382751464844,0.015299858,0.00504303,21.525550330168137,26.2382751464844,0.013175071,0.019012451,8.33701171360243,0,0,0
2019-01-22 11:00:00,1448.7735,28.962365722656276,0.015959492,0.04624939,33.851720732955826,29.743615722656276,0.015436878,0.0041275024,21.10433523469153,27.329553222656276,0.01309084,0.021461487,7.861318769404371,0,0,0
2019-01-22 12:00:00,1469.5841,29.322625732421898,0.016066294,0.06549072,32.930341241286555,30.385125732421898,0.01561616,0.0034885406,20.21067103672916,27.932000732421898,0.013224345,0.018928528,7.071048935446943,0,0,0
2019-01-22 13:00:00,1488.4356,29.289697265625023,0.016074013,0.08834839,32.039560050086905,30.664697265625023,0.015768837,0.003030777,19.30435609824052,28.172509765625023,0.013453317,0.022445679,6.353389994531064,0,0,0
2019-01-22 14:00:00,1478.4558,29.0349060058594,0.016043223,0.09359741,31.33406174266223,30.4880310058594,0.015760936,0.0036945343,18.581180674772924,28.0349060058594,0.01355604,0.024757385,6.0518170835809775,0,0,0
2019-01-22 15:00:00,1443.0033,28.6203552246094,0.015989227,0.08203125,31.02421600556194,29.8391052246094,0.015645904,0.00620842,18.255619352392653,27.5812927246094,0.013528748,0.025650024,6.145162913162602,0,0,0
2019-01-22 16:00:00,1367.6258,27.871850585937523,0.01595052,0.06472778,30.939326473073425,28.793725585937523,0.015420276,0.00687027,17.994928408451447,26.762475585937523,0.013509112,0.027702332,6.582152788890859,0,0,0
2019-01-22 17:00:00,1269.8604,26.876367187500023,0.01596519,0.042297363,30.36886005652521,27.266992187500023,0.015255657,0.0118255615,16.80600617537952,25.524804687500023,0.013504711,0.028335571,7.09049379606482,0,0,0
2019-01-22 18:00:00,1276.3079,25.954003906250023,0.016132554,0.020339966,28.99437712780354,25.422753906250023,0.015281877,0.028121948,14.51550091611389,23.938378906250023,0.013794145,0.040496826,7.267592396813117,0,0,0
2019-01-22 19:00:00,1329.2129,25.455712890625023,0.016330542,0.012130737,27.731213453164305,24.588525390625023,0.015460792,0.043914795,14.151214698442187,22.893212890625023,0.014255348,0.05770874,7.337634931165263,0,0,0
2019-01-22 20:00:00,1309.6946,25.247857666015648,0.016406612,0.019439697,26.42557597619829,24.294732666015648,0.015601711,0.045059204,13.97815948420671,22.435357666015648,0.014503079,0.06637573,7.374921145260044,0,0,0
2019-01-22 21:00:00,1285.6936,25.172174072265648,0.016307466,0.019821167,26.770510923905675,24.164361572265648,0.015819184,0.041656494,13.847317223018411,22.211236572265648,0.014644259,0.073028564,7.397017862659117,0,0,0
2019-01-22 22:00:00,1245.697,25.092126464843773,0.016154997,0.020561218,28.460155863975128,24.084313964843773,0.01610922,0.021514893,13.81263292343599,22.107751464843773,0.01474356,0.08306885,7.398889025210005,0,0,0
2019-01-22 23:00:00,1187.6658,24.971215820312523,0.016078766,0.018592834,29.299703863424543,24.018090820312523,0.016345795,0.015686035,13.457484628157294,22.104028320312523,0.014846619,0.08230591,7.102287560642358,0,0,0
2019-01-23 00:00:00,1138.6954999999998,24.838525390625023,0.016048256,0.020011902,29.507288828256325,23.916650390625023,0.016399208,0.013343811,13.217468978819458,22.190087890625023,0.014926735,0.08483887,6.646178878682018,0,0,0
2019-01-23 01:00:00,1094.5038,24.739617919921898,0.01602542,0.026672363,29.580790477659708,23.763055419921898,0.016330596,0.010169983,13.25470913102016,22.286492919921898,0.01501071,0.08389282,6.232450581158428,0,0,0
2019-01-23 02:00:00,1048.8312,24.659448242187523,0.016025612,0.027809143,29.11111917328985,23.589135742187523,0.01617057,0.0071487427,13.423714671061374,22.339135742187523,0.015117715,0.07858276,5.8753940790994434,0,0,0
2019-01-23 03:00:00,1022.6887,24.607995605468773,0.016018258,0.02684784,28.904949654029032,23.373620605468773,0.015903817,0.0062618256,13.371078754921475,22.373620605468773,0.015209542,0.08117676,5.680226602063817,0,0,0
2019-01-23 04:00:00,1018.7889,24.621545410156276,0.01601799,0.023674011,29.043124337596023,23.144982910156276,0.015632706,0.0017552376,13.11590592449545,22.387170410156276,0.015216904,0.079193115,5.835128691364707,0,0,0
2019-01-23 05:00:00,1029.9867000000002,24.606958007812523,0.01607082,0.023651123,28.74918546103266,22.919458007812523,0.015449026,0.0003504753,12.292120256406102,22.294458007812523,0.015155294,0.06878662,5.859323290787457,0,0,0
2019-01-23 06:00:00,1043.6659,24.632470703125023,0.016047772,0.022201538,28.16724278810725,22.843408203125023,0.015391643,0.00014847517,11.845574858899546,22.194970703125023,0.015044506,0.059326172,5.887035307798909,0,0,0
2019-01-23 07:00:00,1130.9814,25.196740722656276,0.016071346,0.020248413,28.77051236234414,24.102990722656276,0.015621211,0.00039088726,13.959846565474558,22.673303222656276,0.014942195,0.053115845,6.379751082081787,0,0,0
2019-01-23 08:00:00,1236.9155,26.196588134765648,0.015965285,0.018508911,30.34015090733858,25.993463134765648,0.015759291,0.0007135868,16.870465699412065,24.040338134765648,0.014504257,0.04434204,7.249644124734865,0,0,0
2019-01-23 09:00:00,1317.7318,27.211328125000023,0.015996099,0.009429932,29.856914697011295,27.648828125000023,0.01559174,0.00064349174,18.808681804700424,25.578515625000023,0.014039158,0.029670715,7.336536189503033,0,0,0
2019-01-23 10:00:00,1369.3448999999998,28.187677001953148,0.016118169,0.0018081665,27.66541165121269,29.078302001953148,0.015652776,0.00053215027,18.28361140097373,27.039239501953148,0.013608097,0.022125244,6.725280588529062,0,0,0
2019-01-23 11:00:00,1405.6287,28.980828857421898,0.016178316,0.00062155724,26.10906972162194,30.230828857421898,0.015773958,0.0007662773,17.200705402901995,28.168328857421898,0.01358432,0.018173218,5.679786508738782,0,0,0
2019-01-23 12:00:00,1393.2453,29.553033447265648,0.016132541,0.00029075146,24.49887087341508,31.029595947265648,0.015926547,0.0012655258,16.156417204768243,28.873345947265648,0.013836094,0.017715454,4.751275491623512,0,0,0
2019-01-23 13:00:00,1385.4991,29.828820800781276,0.016080985,0.0004017353,23.2884510675356,31.406945800781276,0.016119132,0.0014038086,15.42340308135216,29.281945800781276,0.013837944,0.016708374,4.347181018448556,0,0,0
2019-01-23 14:00:00,1392.0837,29.793023681640648,0.016028564,0.0037250519,22.90019080736385,31.371148681640648,0.01620404,0.0011925697,14.932678333177488,29.339898681640648,0.013724487,0.016448975,4.216620495258198,0,0,0
2019-01-23 15:00:00,1365.7270999999998,29.3906188964844,0.016006794,0.006099701,23.174772805887272,30.8906188964844,0.016136494,0.0008802414,14.626358016126844,28.9843688964844,0.013607349,0.015224457,4.283527943288124,0,0,0
2019-01-23 16:00:00,1305.14,28.545953369140648,0.016060388,0.0022192001,24.134989671438223,29.827203369140648,0.015930688,0.000736475,14.706304389408828,28.147515869140648,0.013596093,0.01386261,4.707479636968248,0,0,0
2019-01-23 17:00:00,1221.3671000000002,27.264184570312523,0.016198222,0.0022230148,24.47499751869322,28.162622070312523,0.015687052,0.00083994865,13.7912457272618,26.787622070312523,0.013798777,0.018981934,5.156652849586155,0,0,0
2019-01-23 18:00:00,1277.0536,26.047570800781276,0.016418159,0.0050525665,22.75820340324681,26.094445800781276,0.015597998,0.001964569,11.553304997002362,25.055383300781276,0.014369666,0.019699097,5.080244627867184,0,0,0
2019-01-23 19:00:00,1313.5666,25.443017578125023,0.0166155,0.013851166,20.54727595854025,25.060205078125023,0.015631309,0.004842758,11.35637319830756,23.927392578125023,0.014448753,0.02168274,5.319293109853752,0,0,0
2019-01-23 20:00:00,1306.9334,25.230645751953148,0.016653027,0.019111633,18.4119232273859,24.496270751953148,0.015760388,0.004173279,10.821564317253811,23.246270751953148,0.014619795,0.02721405,5.409917783694182,0,0,0
2019-01-23 21:00:00,1270.1704,25.1313415527344,0.016622195,0.01992035,17.30836841847233,24.1391540527344,0.015905032,0.003419876,10.31394143867844,22.8344665527344,0.01479877,0.032424927,5.376226641833276,0,0,0
2019-01-23 22:00:00,1227.8765,25.032983398437523,0.016621968,0.01927185,17.279458886257274,23.900170898437523,0.016019246,0.005493164,10.075679129530904,22.548608398437523,0.014886281,0.03845215,5.232120564532763,0,0,0
2019-01-23 23:00:00,1168.2683,24.9355407714844,0.016621726,0.01777649,17.48542525749794,23.6855407714844,0.016110556,0.0040950775,9.752972334645042,22.3730407714844,0.014927999,0.04005432,5.086142607741326,0,0,0
2019-01-24 00:00:00,1106.5826,24.841149902343773,0.016621772,0.01650238,17.31977357183372,23.341149902343773,0.016179267,0.0049266815,8.77545563908701,22.263024902343773,0.014931861,0.040390015,5.057647821186673,0,0,0
2019-01-24 01:00:00,1040.3085,24.734216308593773,0.016675146,0.015377045,17.409236561066088,23.124841308593773,0.016232641,0.0093688965,8.411239162239104,22.148278808593773,0.014920386,0.04220581,4.944148818952086,0,0,0
2019-01-24 02:00:00,1004.5306,24.619744873046898,0.016789949,0.013595581,17.54792656020933,23.033807373046898,0.016248262,0.019325256,8.075185531516176,22.049432373046898,0.014894044,0.045791626,4.855195862642828,0,0,0
2019-01-24 03:00:00,986.4538,24.548455810546898,0.01695883,0.013347626,17.191340107234723,23.032830810546898,0.016272185,0.025856018,7.985289275794286,22.001580810546898,0.014937042,0.050689697,4.9779054237690685,0,0,0
2019-01-24 04:00:00,966.5308,24.493981933593773,0.017064847,0.01379776,15.077647144710946,22.986169433593773,0.016286649,0.01890564,7.896641971243034,21.978356933593773,0.0150316125,0.050842285,5.017641834940019,0,0,0
2019-01-24 05:00:00,978.9174,24.4343200683594,0.017140632,0.013988495,12.615768266251322,22.8249450683594,0.016263252,0.006549835,7.928075406675359,21.9733825683594,0.015126472,0.042526245,5.051876059563557,0,0,0
2019-01-24 06:00:00,988.0842,24.447320556640648,0.017208999,0.014820099,11.190823610487955,22.611383056640648,0.016240066,0.0030612946,7.771935740418744,21.947320556640648,0.015175765,0.03517151,4.955579283695026,0,0,0
2019-01-24 07:00:00,1058.0511,25.265039062500023,0.01723934,0.020301819,13.78738483508821,24.225976562500023,0.016514547,0.0016412735,10.75187910822616,22.608789062500023,0.01520992,0.028869629,5.236938533868765,0,0,0
2019-01-24 08:00:00,1197.3334,26.291619873046898,0.017094286,0.06686401,15.938644174232415,26.549432373046898,0.016598376,0.00088095665,13.222601198879124,24.283807373046898,0.01496187,0.014602661,5.223358403827134,0,0,0
2019-01-24 09:00:00,1288.1508,27.063531494140648,0.017025804,0.13110352,16.01045037402756,28.532281494140648,0.016339159,0.0013437271,13.606674183518388,26.321343994140648,0.014633989,0.006219864,4.563548875199457,0,0,0
2019-01-24 10:00:00,1357.9268,27.646630859375023,0.016980486,0.11764526,15.78444841118966,30.154443359375023,0.016278582,0.0035276413,13.05848276084863,28.279443359375023,0.014329271,0.0029182434,3.414198521887639,0,0,0
2019-01-24 11:00:00,1395.8321,28.266564941406276,0.017011466,0.057418823,15.99577000015783,31.321252441406276,0.016546072,0.00876236,11.889643122752918,29.665002441406276,0.014901938,0.0026655197,1.5677279437117555,0,0,0
2019-01-24 12:00:00,1396.3115,29.031091308593773,0.016989144,0.020118713,16.492761751312205,32.03109130859377,0.016874703,0.01826477,10.571552185307958,30.640466308593773,0.014852913,0.007896423,0.5543848351011499,0,0,0
2019-01-24 13:00:00,1425.5712,29.606530761718773,0.016852431,0.010192871,16.858266117089542,32.27840576171877,0.016974501,0.030952454,9.64342634210479,31.090905761718773,0.014479688,0.019172668,1.1474893182369548,0,0,0
2019-01-24 14:00:00,1440.3022,29.820275878906276,0.016723089,0.004173279,17.52369267570839,32.21090087890627,0.01695197,0.03439331,9.20218419808596,31.023400878906276,0.014274054,0.035751343,2.1071027189870044,0,0,0
2019-01-24 15:00:00,1406.094,29.679498291015648,0.016592888,0.0029010773,18.54559599633765,31.866998291015648,0.016867546,0.031555176,9.403812560543098,30.413873291015648,0.014590172,0.049301147,2.647215580562209,0,0,0
2019-01-24 16:00:00,1326.7234,29.072106933593773,0.016500432,0.008563995,19.6238950226344,31.072106933593773,0.016836125,0.025863647,9.5816977558659,29.447106933593773,0.014913519,0.031723022,2.485926783339001,0,0,0
2019-01-24 17:00:00,1235.0301,27.991265869140648,0.0165842,0.018081665,20.2295147849032,29.538140869140648,0.01685123,0.019317627,8.880540774091836,28.131890869140648,0.015229984,0.027908325,1.7443880206025004,0,0,0
2019-01-24 18:00:00,1264.7252,26.828576660156276,0.016866917,0.03640747,20.234799592854596,27.383264160156276,0.016668553,0.016059875,8.240914089092527,26.258264160156276,0.016027683,0.03715515,0.9876040983258726,0,0,0
2019-01-24 19:00:00,1297.241,26.162561035156276,0.017194342,0.051452637,19.59795680392912,26.146936035156276,0.016362738,0.012477875,9.660293970788404,24.943811035156276,0.01608808,0.047668457,1.0252342043778182,0,0,0
2019-01-24 20:00:00,1281.4343,25.829492187500023,0.01748352,0.048461914,18.07553662021924,25.181054687500023,0.016354369,0.008758545,8.837109297299762,24.196679687500023,0.015927123,0.05781555,2.0201044032999715,0,0,0
2019-01-24 21:00:00,1243.3906000000002,25.615991210937523,0.017681366,0.037017822,16.792250971444783,24.459741210937523,0.01637674,0.012428284,8.173690523035322,23.717553710937523,0.015934234,0.067474365,2.349341231192492,0,0,0
2019-01-24 22:00:00,1197.3844,25.449609375000023,0.017749734,0.035995483,17.072543216303732,24.019921875000023,0.016460367,0.015838623,7.258979461443274,23.371484375000023,0.015689798,0.05899048,3.51402568602795,0,0,0
2019-01-24 23:00:00,1144.6178,25.282067871093773,0.017704012,0.035598755,18.30513996419822,23.735192871093773,0.016559603,0.011997223,6.40875198855294,23.008630371093773,0.015510561,0.048065186,4.178975650812265,0,0,0
2019-01-25 00:00:00,1100.1851,25.093103027343773,0.017628174,0.03312683,18.65393739101717,23.577478027343773,0.016643982,0.010204315,6.1755265509475,22.663415527343773,0.015385133,0.049804688,4.138288615232614,0,0,0
2019-01-25 01:00:00,1051.358,24.917626953125023,0.017506639,0.037994385,19.36926311393028,23.456689453125023,0.016697923,0.018577576,6.304787533331643,22.425439453125023,0.015317003,0.06304932,4.184642397461091,0,0,0
2019-01-25 02:00:00,1025.3455,24.782525634765648,0.01737616,0.03904724,19.767089820350904,23.391900634765648,0.01674292,0.021102905,6.526709049945772,22.337213134765648,0.015300965,0.06951904,4.302413163491906,0,0,0
2019-01-25 03:00:00,1000.4051,24.718713378906276,0.017238196,0.036956787,20.09425950705123,23.374963378906276,0.01680332,0.027061462,6.854267698275759,22.281213378906276,0.015349921,0.06442261,4.525211150158823,0,0,0
2019-01-25 04:00:00,999.95,24.671319580078148,0.017123234,0.029006958,19.164942707759376,23.366632080078148,0.016840946,0.037246704,6.872461511997482,22.194757080078148,0.015421879,0.063079834,4.653604175087295,0,0,0
2019-01-25 05:00:00,998.2286,24.653375244140648,0.017038016,0.017807007,18.147398807986058,23.333062744140648,0.01686254,0.032913208,6.754833627003052,22.106500244140648,0.015470175,0.06707764,4.734629546017176,0,0,0
2019-01-25 06:00:00,1008.0696,24.665979003906276,0.016953373,0.012435913,17.916691521679102,23.337854003906276,0.016907597,0.019355774,6.729727935846674,22.080041503906276,0.015526677,0.072021484,4.876981643513934,0,0,0
2019-01-25 07:00:00,1075.3858,25.354333496093773,0.016899733,0.008659363,20.40057906282645,25.026208496093773,0.017265944,0.011676788,10.347265595506626,22.744958496093773,0.01568666,0.06741333,5.436054126950022,0,0,0
2019-01-25 08:00:00,1219.7159,26.407434082031276,0.016609944,0.006072998,23.960287158499863,27.235559082031276,0.017388143,0.0070171356,14.220450206341743,24.399621582031276,0.015679158,0.05557251,5.708529585460354,0,0,0
2019-01-25 09:00:00,1302.3093,27.465997314453148,0.016366333,0.0040340424,24.337754484236235,29.059747314453148,0.016984314,0.0041675568,15.22964611100678,26.458184814453148,0.015515655,0.04067993,5.491113367219595,0,0,0
2019-01-25 10:00:00,1397.1686,28.3930603027344,0.016244933,0.0007455349,23.448781269344856,30.5493103027344,0.016695067,0.0029201508,14.41970183129042,28.2836853027344,0.015371367,0.027160645,4.531930913868277,0,0,0
2019-01-25 11:00:00,1413.8743000000002,29.159753417968773,0.016124059,0.00020843744,22.3572611029043,31.659753417968773,0.016665746,0.0021800995,13.157668885037396,29.597253417968773,0.015399265,0.017211914,3.1756740064918207,0,0,0
2019-01-25 12:00:00,1409.8856,29.666345214843773,0.01604243,0.00014644861,21.089043224874494,32.36165771484377,0.016713817,0.0016102791,12.4263345105335,30.486657714843773,0.015073496,0.020179749,2.4416278219767698,0,0,0
2019-01-25 13:00:00,1424.0751,29.929589843750023,0.015945062,0.00021320581,20.140402881945292,32.71865234375002,0.016708001,0.0013303757,12.247503058858888,30.796777343750023,0.015140162,0.015716553,1.9243367836141168,0,0,0
2019-01-25 14:00:00,1422.3801999999998,29.943017578125023,0.015862431,0.00036108494,20.01326279148493,32.66176757812502,0.01662537,0.002658844,12.036916272992729,30.630517578125023,0.015290228,0.029174805,1.6122393064684029,0,0,0
2019-01-25 15:00:00,1413.3484999999998,29.627099609375023,0.015794206,0.0004899502,20.69342865505746,32.18959960937502,0.016518999,0.0031747818,11.76936215081394,30.095849609375023,0.015401292,0.0286026,1.478529965370205,0,0,0
2019-01-25 16:00:00,1331.5052999999998,28.866021728515648,0.015838966,0.00062799454,22.047850834955085,31.209771728515648,0.016373023,0.0026979446,11.699715830946593,29.209771728515648,0.015522347,0.03945923,1.5293155642715768,0,0,0
2019-01-25 17:00:00,1240.5028,27.685083007812523,0.01592194,0.0018119812,23.14809240799134,29.513208007812523,0.016272891,0.0029230118,11.107140239527777,27.919458007812523,0.015628207,0.043060303,1.9987176479562667,0,0,0
2019-01-25 18:00:00,1258.3694,26.492211914062523,0.01605895,0.006385803,23.64201640248131,27.296899414062523,0.016158132,0.006954193,10.474963240456551,26.210961914062523,0.015582112,0.050933838,3.0670246813676223,0,0,0
2019-01-25 19:00:00,1299.1379000000002,25.881158447265648,0.016272414,0.0060272217,23.51054235458299,26.068658447265648,0.016104568,0.008842468,12.068155943573895,24.998345947265648,0.015494217,0.057922363,4.9982318918166015,0,0,0
2019-01-25 20:00:00,1287.5367,25.601098632812523,0.016470728,0.0051002502,22.30079960095146,25.366723632812523,0.016257105,0.015258789,12.319832030550836,24.132348632812523,0.015707789,0.06265259,5.830460826792235,0,0,0
2019-01-25 21:00:00,1244.2414,25.464501953125023,0.016577601,0.009525299,21.4750651703846,25.003564453125023,0.016394496,0.012512207,12.291736655515564,23.620751953125023,0.015807033,0.06808472,5.813355157764543,0,0,0
2019-01-25 22:00:00,1218.0021,25.344628906250023,0.016661786,0.01688385,21.177130516989163,24.774316406250023,0.016463421,0.0157547,12.249623108340383,23.172753906250023,0.0158607,0.0730896,5.880347602846098,0,0,0
2019-01-25 23:00:00,1176.4669,25.170983886718773,0.016745994,0.020629883,20.95340459649864,24.577233886718773,0.016471336,0.012420654,11.996768840649002,22.819421386718773,0.01591439,0.0793457,5.76363398716262,0,0,0
2019-01-26 00:00:00,1120.088,24.958917236328148,0.016852906,0.021697998,19.883814331955914,24.341729736328148,0.01641803,0.00730896,11.372767034327657,22.583917236328148,0.015868714,0.07067871,5.542332079334882,0,0,0
2019-01-26 01:00:00,1076.1822,24.749658203125023,0.016929101,0.022354126,18.614084706885205,24.062158203125023,0.016272973,0.005842209,10.286883956615103,22.366845703125023,0.015716027,0.05807495,5.427875951874544,0,0,0
2019-01-26 02:00:00,1046.5424,24.589990234375023,0.016982242,0.02381134,17.533262517130943,23.769677734375023,0.016158268,0.0063209534,9.687879922615656,22.144677734375023,0.015566991,0.056533813,5.279285722015827,0,0,0
2019-01-26 03:00:00,1015.5228,24.484216308593773,0.016966406,0.022361755,15.843873081067784,23.523278808593773,0.016150061,0.0075092316,9.416367764300553,21.960778808593773,0.015501562,0.057540894,5.050106748075893,0,0,0
2019-01-26 04:00:00,1007.4745,24.388604736328148,0.01691301,0.015216827,13.77879601875877,23.318292236328148,0.016180588,0.014602661,8.80219901092781,21.841729736328148,0.015474869,0.051589966,4.723316274103781,0,0,0
2019-01-26 05:00:00,997.2334,24.280847167968773,0.016828699,0.007358551,12.60048652799516,23.124597167968773,0.016172571,0.021835327,7.950632768316368,21.749597167968773,0.015394372,0.04862976,4.715975562956883,0,0,0
2019-01-26 06:00:00,989.3935,24.252832031250023,0.016774947,0.0057640076,11.69123353452654,23.026269531250023,0.016172225,0.020652771,7.629853951792498,21.674707031250023,0.015321547,0.050079346,4.599471509677493,0,0,0
2019-01-26 07:00:00,1020.1833,25.148553466796898,0.016637344,0.007900238,15.247379515585136,24.648553466796898,0.016469497,0.014308929,10.22931795234969,22.281365966796898,0.015367051,0.046844482,4.715913646198592,0,0,0
2019-01-26 08:00:00,1138.0393,26.2409606933594,0.016316727,0.013587952,18.32254238328314,26.7722106933594,0.016606644,0.009117126,13.409687383707338,23.9362731933594,0.015233353,0.03211975,4.945674115740588,0,0,0
2019-01-26 09:00:00,1201.6752,27.325067138671898,0.016225003,0.012687683,18.2532563614784,28.653192138671898,0.016308926,0.0059757233,14.749328618691376,26.036004638671898,0.014897487,0.024223328,4.789470078018534,0,0,0
2019-01-26 10:00:00,1276.7684,28.284082031250023,0.016194072,0.012260437,18.400760427600943,30.221582031250023,0.016049113,0.0048007965,14.467423522652163,27.932519531250023,0.014424053,0.022460938,3.931331249179798,0,0,0
2019-01-26 11:00:00,1307.1614,29.023095703125023,0.01617868,0.011245728,18.559335667789608,31.444970703125023,0.016018463,0.004310608,13.698175701443146,29.359033203125023,0.014435365,0.02520752,2.5678689712715843,0,0,0
2019-01-26 12:00:00,1296.2836000000002,29.508813476562523,0.01615657,0.009902954,19.07157382817924,32.21975097656252,0.016095534,0.0041046143,12.956836772168778,30.211938476562523,0.01463069,0.026046753,1.6714653768259873,0,0,0
2019-01-26 13:00:00,1296.977,29.775048828125023,0.016082184,0.012901306,20.22919707820137,32.59536132812502,0.01612796,0.0038852692,12.592877963711691,30.626611328125023,0.014712709,0.03236389,1.2869919533778114,0,0,0
2019-01-26 14:00:00,1252.6525,29.703332519531276,0.015999887,0.016036987,21.73509389537172,32.57052001953127,0.01608381,0.004348755,12.658441216563876,30.570520019531276,0.014763926,0.024497986,1.1138655307843743,0,0,0
2019-01-26 15:00:00,1227.4589,29.258355712890648,0.015938206,0.01839447,23.013198541899957,32.11773071289065,0.015968723,0.0048561096,12.78865361980966,30.133355712890648,0.01476328,0.023262024,1.0940006154266104,0,0,0
2019-01-26 16:00:00,1219.9097,28.391046142578148,0.01586057,0.019424438,24.26036807190639,31.078546142578148,0.01574613,0.0056877136,12.88763871659402,29.187921142578148,0.014903082,0.030982971,1.1506265882059437,0,0,0
2019-01-26 17:00:00,1187.3483,27.188195800781276,0.01578422,0.023101807,24.795273201159077,29.289758300781276,0.01554771,0.009029388,12.134131177583932,27.805383300781276,0.014872508,0.036071777,1.186396436888083,0,0,0
2019-01-26 18:00:00,1223.6135,26.0996032714844,0.015823044,0.019104004,23.855733966717946,26.9277282714844,0.015468277,0.017784119,10.631023295573913,25.8964782714844,0.015247025,0.038772583,1.6675379905776768,0,0,0
2019-01-26 19:00:00,1271.4622,25.580529785156276,0.015930379,0.010440826,22.21591061762521,25.549279785156276,0.015457356,0.021148682,11.145184449508864,24.494592285156276,0.015396321,0.043792725,3.0081066845784683,0,0,0
2019-01-26 20:00:00,1251.9838,25.313378906250023,0.016067818,0.0041599274,19.993780046293168,24.696191406250023,0.015560462,0.022590637,10.85269964006832,23.579003906250023,0.01552613,0.039535522,4.285645471429129,0,0,0
2019-01-26 21:00:00,1191.1435,25.137963867187523,0.01616693,0.0023241043,18.608880267353204,24.223901367187523,0.01564813,0.019477844,10.619829128636466,22.981713867187523,0.015579466,0.03289795,4.909310378457326,0,0,0
2019-01-26 22:00:00,1165.3918,24.968835449218773,0.01626627,0.0034275055,18.191369796103697,23.929772949218773,0.015732212,0.0119018555,10.59591061864807,22.531335449218773,0.015579625,0.029151917,5.163030465053335,0,0,0
2019-01-26 23:00:00,1122.0287,24.823327636718773,0.016350716,0.009170532,18.27861985286597,23.698327636718773,0.015763253,0.006662369,10.48413899959096,22.167077636718773,0.015545815,0.030059814,5.5070686208101245,0,0,0
2019-01-27 00:00:00,1080.4182,24.697320556640648,0.016396383,0.01260376,18.394894289592777,23.470758056640648,0.015599111,0.0039958954,10.23096044243682,21.837945556640648,0.0154808555,0.034332275,5.662631385744214,0,0,0
2019-01-27 01:00:00,1038.4403,24.566217041015648,0.016463775,0.01625824,17.96554548531608,23.253717041015648,0.015449067,0.0066890717,10.04501149504912,21.542779541015648,0.015372773,0.0368042,5.541959371461212,0,0,0
2019-01-27 02:00:00,1012.3742,24.454614257812523,0.016500402,0.02167511,17.582611068186026,23.071801757812523,0.015371252,0.010715485,9.77210450666886,21.282739257812523,0.015233923,0.038269043,5.36409063690211,0,0,0
2019-01-27 03:00:00,986.8714,24.401971435546898,0.016507667,0.03227234,17.650375889565886,22.886346435546898,0.015351812,0.012950897,9.197951395581969,21.081658935546898,0.015119116,0.039398193,5.150787767324863,0,0,0
2019-01-27 04:00:00,959.2193,24.361474609375023,0.016514922,0.03553772,16.657115838482984,22.681787109375023,0.015347624,0.013912201,8.123902720377458,20.963037109375023,0.015050078,0.038986206,4.925156934532437,0,0,0
2019-01-27 05:00:00,940.8977,24.323663330078148,0.016491752,0.030311584,15.316435927907362,22.417413330078148,0.015339713,0.013156891,6.941824568303146,20.893975830078148,0.015000205,0.040893555,4.779148241233172,0,0,0
2019-01-27 06:00:00,933.9116,24.355859375000023,0.016460894,0.023071289,14.410533580973986,22.262109375000023,0.015339374,0.009044647,6.3413786987743865,20.832421875000023,0.014969348,0.039260864,4.528716244215095,0,0,0
2019-01-27 07:00:00,889.62,25.130761718750023,0.016368985,0.012786865,17.014705392247055,24.107324218750023,0.015556455,0.0051879883,9.53281863852808,21.380761718750023,0.015052915,0.035202026,4.696519904504762,0,0,0
2019-01-27 08:00:00,959.3691,26.209008789062523,0.016078984,0.0089149475,19.50168175121029,26.521508789062523,0.015491521,0.0027885437,12.578175198851694,22.826196289062523,0.014904058,0.021194458,4.727438106928539,0,0,0
2019-01-27 09:00:00,1008.3038,27.296441650390648,0.015906144,0.0095825195,19.02677881494274,28.608941650390648,0.015284349,0.0014944077,12.44243908831016,25.163629150390648,0.014250566,0.008724213,4.300527708807229,0,0,0
2019-01-27 10:00:00,1076.0199,28.273950195312523,0.015817262,0.009666443,18.321474526713395,30.375512695312523,0.015164948,0.0011920929,11.167870744913628,27.547387695312523,0.013375855,0.003624916,3.266865092368872,0,0,0
2019-01-27 11:00:00,1120.5614,29.043878173828148,0.015786458,0.009433746,17.608559434446796,31.723565673828148,0.015336323,0.0023097992,9.515210036075906,29.551690673828148,0.0128682135,0.0013284683,1.9916376337890764,0,0,0
2019-01-27 12:00:00,1149.3188,29.633447265625023,0.015762687,0.010818481,16.673440053283823,32.63344726562502,0.015594841,0.0035037994,7.8661156811620705,30.852197265625023,0.013172508,0.0008819103,1.2492517721023495,0,0,0
2019-01-27 13:00:00,1158.7134,30.002343750000023,0.015746612,0.013286591,15.8511855009999,33.25234375000002,0.015399475,0.0035505295,6.62322196852746,31.658593750000023,0.012954254,0.001344204,1.995358775296032,0,0,0
2019-01-27 14:00:00,1178.1416,30.128045654296898,0.01570776,0.02281189,15.129807414098018,33.5186706542969,0.015089777,0.00406456,5.372509121041701,31.674920654296898,0.013392237,0.0064697266,3.2032731542051893,0,0,0
2019-01-27 15:00:00,1201.5703,29.954003906250023,0.015653782,0.034820557,14.64041667908087,33.29775390625002,0.015070133,0.008621216,4.1046824559419255,31.110253906250023,0.013857059,0.016944885,4.2288884524582775,0,0,0
2019-01-27 16:00:00,1172.0955,29.395043945312523,0.01566855,0.028907776,14.803889871735493,32.55129394531252,0.01548163,0.0141944885,2.8654181036520976,30.035668945312523,0.014325777,0.026062012,5.036802454661604,0,0,0
2019-01-27 17:00:00,1142.9113,28.412652587890648,0.01576728,0.015003204,15.34960283890146,31.287652587890648,0.015866462,0.028587341,2.055200724161495,28.678277587890648,0.01493949,0.016166687,5.580067733845768,0,0,0
2019-01-27 18:00:00,1189.6877,27.152978515625023,0.015980545,0.0063915253,15.900550429695356,28.699853515625023,0.01781923,0.03868103,1.483409027604253,27.059228515625023,0.01616365,0.007106781,5.02778579582479,0,0,0
2019-01-27 19:00:00,1250.3440999999998,26.197473144531276,0.0161253,0.0042591095,17.123750114772292,27.705285644531276,0.017468074,0.035232544,1.8533879149870665,25.783410644531276,0.017483333,0.006307602,4.564621588324534,0,0,0
2019-01-27 20:00:00,1236.1938,25.558923339843773,0.016201552,0.00548172,17.116127841173384,26.941735839843773,0.01736885,0.032546997,2.209242970839513,24.746423339843773,0.016544875,0.0068244934,4.067714858332768,0,0,0
2019-01-27 21:00:00,1227.1395,25.191674804687523,0.016293213,0.009353638,15.994702892829327,26.301049804687523,0.017269775,0.053756714,2.6593420078189984,24.066674804687523,0.0168349,0.019676208,3.7130632146688143,0,0,0
2019-01-27 22:00:00,1177.5238,24.942346191406276,0.016407883,0.02205658,14.50668459746244,25.872033691406276,0.017292893,0.11026001,2.9704322899147013,23.481408691406276,0.016842758,0.033599854,3.3033380098691523,0,0,0
2019-01-27 23:00:00,1136.2796,24.803430175781276,0.016484031,0.057357788,13.796095967574782,25.600305175781276,0.017353782,0.13146973,3.105358746577646,23.053430175781276,0.016720543,0.044540405,2.869840078251321,0,0,0
2019-01-28 00:00:00,1076.1712,24.727807617187523,0.016537556,0.073913574,13.554962122353118,25.259057617187523,0.017262349,0.13677979,3.4216324895337045,22.790307617187523,0.01662148,0.055221558,2.7146535911651117,0,0,0
2019-01-28 01:00:00,1027.1245,24.649804687500023,0.016598903,0.07357788,13.235901854440844,24.899804687500023,0.017087184,0.14916992,3.785100150150255,22.649804687500023,0.016476832,0.0725708,2.752539195891242,0,0,0
2019-01-28 02:00:00,1013.8518,24.5695739746094,0.016629923,0.075927734,12.793152145632016,24.5461364746094,0.016874064,0.15783691,4.062572419914902,22.5539489746094,0.016278971,0.081085205,2.858646867940911,0,0,0
2019-01-28 03:00:00,993.6292,24.5187927246094,0.016584879,0.07720947,12.40068933355181,24.2141052246094,0.016615396,0.15460205,4.159664858742895,22.4016052246094,0.016088968,0.094055176,2.8770257397595125,0,0,0
2019-01-28 04:00:00,988.3383,24.439721679687523,0.016615452,0.06448364,11.266012713021018,23.916284179687523,0.0163942,0.15118408,4.0822567969985215,22.314721679687523,0.015875401,0.11932373,2.7670995059634773,0,0,0
2019-01-28 05:00:00,1001.2804,24.322808837890648,0.016661076,0.035842896,10.60115602055587,23.666558837890648,0.016188053,0.14208984,4.410739679390312,22.330621337890648,0.015684513,0.116485596,2.727803177876079,0,0,0
2019-01-28 06:00:00,1035.2994,24.249719238281276,0.016690988,0.020301819,10.9511927542939,23.499719238281276,0.01603486,0.12939453,5.021869116769607,22.343469238281276,0.015519875,0.11273193,2.7822732101927024,0,0,0
2019-01-28 07:00:00,1145.4605,24.963433837890648,0.016553005,0.021080017,15.386859677810444,24.268121337890648,0.015912136,0.11972046,7.704301484742004,22.744683837890648,0.015496333,0.10580444,3.136505732351836,0,0,0
2019-01-28 08:00:00,1295.8585,25.949182128906276,0.016316026,0.021186829,18.401303817331375,25.777307128906276,0.015934557,0.11505127,9.757301308135824,23.925744628906276,0.015389056,0.08929443,3.578018600014648,0,0,0
2019-01-28 09:00:00,1365.8372000000002,26.996362304687523,0.016247334,0.021209717,19.167616953415244,27.410424804687523,0.015873494,0.11871338,10.256021768377236,25.683862304687523,0.014996112,0.07092285,3.3364559297833862,0,0,0
2019-01-28 10:00:00,1452.7381,27.998986816406276,0.016110394,0.025245667,19.57118598350088,28.733361816406276,0.015713666,0.12530518,9.972236238952062,27.483361816406276,0.014351819,0.06463623,2.779988110194406,0,0,0
2019-01-28 11:00:00,1478.7694,28.844079589843773,0.015966106,0.030090332,19.980132305635102,29.797204589843773,0.015485454,0.12033081,9.936107886350632,28.906579589843773,0.013688732,0.059143066,1.9896749687728872,0,0,0
2019-01-28 12:00:00,1478.5323,29.404107666015648,0.015814243,0.029319763,20.576596033389222,30.529107666015648,0.015253483,0.09780884,10.152978616013218,29.747857666015648,0.013704716,0.06175232,1.0621212026001343,0,0,0
2019-01-28 13:00:00,1498.0355,29.662866210937523,0.015653659,0.023109436,21.396553560619544,30.912866210937523,0.014921237,0.06774902,10.838328631444671,30.084741210937523,0.013719607,0.069885254,0.9040533996134552,0,0,0
2019-01-28 14:00:00,1507.0839999999998,29.610437011718773,0.01550477,0.016860962,22.330884708520493,30.938562011718773,0.014570169,0.032455444,11.758307785197475,29.985437011718773,0.013688974,0.07354736,0.9678702925516228,0,0,0
2019-01-28 15:00:00,1478.3452,29.183984375000023,0.015379074,0.015213013,23.0662661273263,30.590234375000023,0.014291885,0.015171051,12.525382980613214,29.449609375000023,0.013651016,0.06616211,1.1282699032233954,0,0,0
2019-01-28 16:00:00,1398.7439,28.294549560546898,0.015375602,0.014442444,23.345523628968834,29.591424560546898,0.014143455,0.0073833466,12.674910559705468,28.497674560546898,0.013716209,0.05647278,1.415870230951543,0,0,0
2019-01-28 17:00:00,1260.3087,27.170495605468773,0.01547507,0.015769958,22.67726375967737,27.998620605468773,0.014239108,0.002840042,11.431261065745224,27.170495605468773,0.013747012,0.04675293,2.14059823012494,0,0,0
2019-01-28 18:00:00,1260.6467,26.2001892089844,0.015684893,0.015808105,20.794696909444585,25.8564392089844,0.014681627,0.004749298,8.352453956237321,25.5673767089844,0.013998796,0.043823242,3.1786677074393337,0,0,0
2019-01-28 19:00:00,1299.2995999999998,25.715173339843773,0.01595929,0.011291504,18.8915608774843,24.801110839843773,0.015028505,0.010097504,7.821470026253507,24.527673339843773,0.014330415,0.03968811,4.397352336683634,0,0,0
2019-01-28 20:00:00,1264.5059,25.438684082031276,0.016180499,0.008720398,17.141810409741883,24.204309082031276,0.015257342,0.011867523,7.930222984536606,23.774621582031276,0.014605029,0.031585693,5.248621492604686,0,0,0
2019-01-28 21:00:00,1234.58,25.250939941406276,0.016318252,0.008480072,16.474144476064964,23.790002441406276,0.015452317,0.0070858,8.180925472108898,23.258752441406276,0.014822892,0.03186035,5.2631278127914864,0,0,0
2019-01-28 22:00:00,1172.431,25.140802001953148,0.0163635,0.009315491,16.795491403770853,23.476739501953148,0.015581486,0.0034370422,8.447594791274518,22.937677001953148,0.014860508,0.033050537,5.513109539353242,0,0,0
2019-01-28 23:00:00,1109.8145,25.057885742187523,0.016362853,0.010299683,17.094202283493207,23.214135742187523,0.015626617,0.006034851,8.41410183443104,22.706323242187523,0.014844603,0.03303528,5.817143117779928,0,0,0
2019-01-29 00:00:00,1065.0419,24.934289550781276,0.016331762,0.008403778,16.88932595027663,22.949914550781276,0.015584081,0.005548477,7.995976251541144,22.512414550781276,0.0148020685,0.032440186,5.782818958079936,0,0,0
2019-01-29 01:00:00,1035.3734,24.749047851562523,0.016346626,0.0064735413,15.53753288922316,22.592797851562523,0.015484504,0.009540558,7.129044976710994,22.319360351562523,0.0147826,0.031044006,5.577471475224755,0,0,0
2019-01-29 02:00:00,1012.225,24.587121582031276,0.016323498,0.00639534,14.624992394078552,22.251184082031276,0.015442302,0.017982483,6.7698743060796325,22.110559082031276,0.014728954,0.029014587,5.4575698986461365,0,0,0
2019-01-29 03:00:00,993.7874,24.469506835937523,0.016262343,0.010063171,14.425446914281643,22.078881835937523,0.015442182,0.013896942,6.949254889305797,21.914819335937523,0.014694502,0.028137207,5.429962195164712,0,0,0
2019-01-29 04:00:00,970.9321,24.446221923828148,0.016216492,0.014770508,14.481399212670656,21.969659423828148,0.015476441,0.0072517395,7.185544905417303,21.774346923828148,0.014675355,0.026855469,5.405124807407761,0,0,0
2019-01-29 05:00:00,986.6669,24.383630371093773,0.016163118,0.015930176,13.719983644392313,21.907067871093773,0.015560395,0.003686905,7.341077908980579,21.649255371093773,0.0146601265,0.026191711,5.203511585617474,0,0,0
2019-01-29 06:00:00,1010.7628,24.3930603027344,0.01611694,0.015258789,13.08189241351007,21.9789978027344,0.015628658,0.0023756027,7.4120556445681,21.5180603027344,0.014640651,0.026268005,4.932127592371558,0,0,0
2019-01-29 07:00:00,1093.3349,25.236291503906276,0.016032472,0.012382507,16.125932363124875,24.033166503906276,0.015895143,0.003856659,10.888468411776197,22.150354003906276,0.014662997,0.022666931,5.21208865511742,0,0,0
2019-01-29 08:00:00,1272.081,26.277368164062523,0.01580309,0.010154724,18.509960268741548,26.566430664062523,0.0159099,0.0056495667,13.74223051531784,23.957055664062523,0.014433613,0.010372162,5.319685193693097,0,0,0
2019-01-29 09:00:00,1355.8913,27.260400390625023,0.015825525,0.0053043365,18.71672790100643,28.838525390625023,0.0154898325,0.0043697357,14.09569972590717,26.322900390625023,0.01388003,0.007417679,4.919056670772704,0,0,0
2019-01-29 10:00:00,1433.9999,28.270837402343773,0.015832819,0.0013155937,19.00443471451754,30.692712402343773,0.015275872,0.004173279,13.271253878379184,28.520837402343773,0.013109124,0.00633049,3.9497411256776553,0,0,0
2019-01-29 11:00:00,1484.1844,29.135766601562523,0.015779123,0.0014715195,19.96618491447634,31.979516601562523,0.015542612,0.005056381,12.19090201917051,30.057641601562523,0.013230906,0.005256653,2.1696744734867406,0,0,0
2019-01-29 12:00:00,1485.7797,29.750543212890648,0.015694868,0.0020561218,21.216186073695525,32.79741821289065,0.015870344,0.0062122345,11.499435795751262,31.031793212890648,0.013264905,0.0042915344,1.2106750154576729,0,0,0
2019-01-29 13:00:00,1517.4921,30.015252685546898,0.015679335,0.0033960342,22.144217231853634,33.2340026855469,0.016015029,0.007907867,11.105053612151533,31.702752685546898,0.0128144985,0.003668785,1.6277701454269369,0,0,0
2019-01-29 14:00:00,1521.7133,29.934594726562523,0.015679058,0.010520935,22.71561399704387,33.26271972656252,0.015984233,0.0126953125,10.80836239362078,31.700219726562523,0.012921032,0.0038633347,2.8733687524832576,0,0,0
2019-01-29 15:00:00,1491.6036,29.417138671875023,0.015694004,0.019943237,23.3450609101044,32.80776367187502,0.01586948,0.017303467,10.673549244412582,31.042138671875023,0.013656956,0.007007599,3.837451034879648,0,0,0
2019-01-29 16:00:00,1400.8565,28.477899169921898,0.015777633,0.027908325,23.72915204680419,31.837274169921898,0.015747115,0.015621185,10.419372466771613,30.024774169921898,0.014274642,0.014930725,4.121842802556795,0,0,0
2019-01-29 17:00:00,1300.0669,27.208520507812523,0.015884215,0.036499023,23.57265965484432,30.114770507812523,0.015739257,0.013328552,9.282282324513597,28.677270507812523,0.014915281,0.010890961,3.8769131521475217,0,0,0
2019-01-29 18:00:00,1287.3465,26.076379394531276,0.016082477,0.035446167,22.418141375772898,27.529504394531276,0.01604433,0.008583069,6.668328154788414,26.873254394531276,0.015449236,0.010475159,3.35786854593784,0,0,0
2019-01-29 19:00:00,1330.3663,25.528619384765648,0.016273178,0.02910614,20.8825994307312,26.106744384765648,0.015906967,0.009353638,7.392575715199409,25.497369384765648,0.015567459,0.013507843,2.847424578249756,0,0,0
2019-01-29 20:00:00,1292.3452000000002,25.300439453125023,0.016326616,0.032211304,19.12502003388197,25.112939453125023,0.015784929,0.012039185,7.591907735515178,24.316064453125023,0.016067216,0.039596558,2.3115919443864428,0,0,0
2019-01-29 21:00:00,1264.8097,25.1464782714844,0.01628852,0.03427124,18.008482193349977,24.3808532714844,0.015739204,0.013591766,8.225997952383775,23.5371032714844,0.016235115,0.050430298,2.2699800482894026,0,0,0
2019-01-29 22:00:00,1193.7205,24.948266601562523,0.016219528,0.032333374,18.5975000731864,23.784204101562523,0.0158228,0.015529633,8.200820225887124,23.042016601562523,0.016105087,0.054214478,2.5655755190428025,0,0,0
2019-01-29 23:00:00,1116.6267,24.7219177246094,0.016150719,0.030822754,19.202733798903804,23.3469177246094,0.015944725,0.0131073,7.544318278098427,22.6594177246094,0.015868431,0.054031372,3.2251876510319364,0,0,0
2019-01-30 00:00:00,1064.1278,24.485620117187523,0.016082264,0.030670166,19.0946225890015,23.016870117187523,0.015998341,0.016586304,6.89407496442948,22.298120117187523,0.015677907,0.050186157,3.648191309593068,0,0,0
2019-01-30 01:00:00,1012.8508,24.275720214843773,0.015945321,0.030586243,19.5346031340412,22.775720214843773,0.015975839,0.02053833,6.543097136100479,21.947595214843773,0.015468484,0.050613403,3.859675943479177,0,0,0
2019-01-30 02:00:00,993.2071,24.069482421875023,0.015800713,0.031036377,19.84979845228136,22.538232421875023,0.015884636,0.021591187,6.294336798094318,21.671044921875023,0.015239953,0.054840088,4.105342022566868,0,0,0
2019-01-30 03:00:00,964.0506,23.9035583496094,0.01565589,0.026985168,19.570421827913187,22.2785583496094,0.015762702,0.024879456,6.118431985479409,21.4191833496094,0.0150340935,0.06436157,4.441357569767438,0,0,0
2019-01-30 04:00:00,950.6146,23.784234619140648,0.015487825,0.023017883,19.016897923063347,22.018609619140648,0.015640412,0.026268005,6.068443065860576,21.229547119140648,0.014881288,0.06881714,4.731861636337296,0,0,0
2019-01-30 05:00:00,966.7949,23.700463867187523,0.015323175,0.022315979,17.917901457116933,21.802026367187523,0.015529169,0.030464172,6.430734508085104,21.106713867187523,0.01482345,0.064086914,4.9987443529856925,0,0,0
2019-01-30 06:00:00,984.2603,23.713067626953148,0.015139514,0.026893616,17.514373064856773,21.744317626953148,0.015448504,0.0320282,7.401921976358019,21.033380126953148,0.0148267085,0.061904907,5.267686903597352,0,0,0
2019-01-30 07:00:00,1072.9001,24.616754150390648,0.014852941,0.022193909,20.561237331221587,23.538629150390648,0.015596807,0.02632904,12.060956059607271,21.562066650390648,0.014955938,0.05973816,5.879604288526623,0,0,0
2019-01-30 08:00:00,1254.4465,25.717553710937523,0.014349027,0.014587402,24.047291320409308,25.998803710937523,0.015409512,0.019683838,16.067327055806818,22.912866210937523,0.014909787,0.049743652,6.286554621159493,0,0,0
2019-01-30 09:00:00,1334.0528000000002,26.750360107421898,0.01423427,0.005153656,24.817253817377395,27.953485107421898,0.014959062,0.013587952,17.193682987660782,25.094110107421898,0.014337267,0.03326416,6.320769895546644,0,0,0
2019-01-30 10:00:00,1411.6229,27.716210937500023,0.01414625,0.0023698807,25.345308815539774,29.606835937500023,0.014417093,0.009376526,17.102577256183086,27.044335937500023,0.013623636,0.020225525,5.750906774920429,0,0,0
2019-01-30 11:00:00,1444.4023,28.519158935546898,0.013959128,0.0016021729,26.008949206816744,30.909783935546898,0.013951499,0.006454468,16.37649673726778,28.456658935546898,0.0130130835,0.015003204,4.943131588767351,0,0,0
2019-01-30 12:00:00,1454.0621,29.061242675781276,0.013745401,0.0010504723,26.50964671621549,31.748742675781276,0.013764475,0.0054473877,15.371263747868715,29.217492675781276,0.013104532,0.0105781555,4.0659086581476656,0,0,0
2019-01-30 13:00:00,1480.9007,29.275079345703148,0.013615697,0.00088763237,26.72879262335916,32.13445434570315,0.013714879,0.0036315918,14.760343084302228,29.587579345703148,0.012978642,0.01342392,3.732487297981863,0,0,0
2019-01-30 14:00:00,1505.9476000000002,29.182458496093773,0.013501168,0.0010457039,26.768006611970858,32.08870849609377,0.013588906,0.0025367737,14.766645333050086,29.510583496093773,0.01284504,0.0182724,3.81792949846018,0,0,0
2019-01-30 15:00:00,1452.1891,28.7492614746094,0.013501048,0.0013594627,26.846377847673217,31.4367614746094,0.013409495,0.0022478104,15.274060778922632,29.0148864746094,0.012745738,0.021232605,4.256369198377787,0,0,0
2019-01-30 16:00:00,1362.4758,27.887384033203148,0.013684113,0.0017809868,26.68490547665199,30.121759033203148,0.013253052,0.0027923584,15.577575294338374,28.106134033203148,0.012749512,0.014717102,4.99275442423545,0,0,0
2019-01-30 17:00:00,1253.7908,26.7155700683594,0.0138673475,0.002465248,26.08163500569534,28.1843200683594,0.013153999,0.0045928955,15.089014991479264,26.7311950683594,0.012974708,0.012592316,5.783112829367276,0,0,0
2019-01-30 18:00:00,1256.5286,25.624200439453148,0.014050652,0.009757996,24.37418789963271,25.780450439453148,0.013367821,0.008228302,12.530223611478853,25.030450439453148,0.013169457,0.009605408,6.413262251673499,0,0,0
2019-01-30 19:00:00,1263.4755,25.195336914062523,0.014180154,0.015045166,22.79918890062467,24.476586914062523,0.013764352,0.016677856,11.810638978680062,23.851586914062523,0.0133371055,0.010009766,6.654585956444548,0,0,0
2019-01-30 20:00:00,1242.7089999999998,25.006463623046898,0.014244967,0.016235352,21.48489878622872,23.756463623046898,0.014161044,0.018066406,11.15659761800865,23.139276123046898,0.013653689,0.012046814,6.4492995569352685,0,0,0
2019-01-30 21:00:00,1192.6877,24.879754638671898,0.014275561,0.018676758,20.87762364512261,23.332879638671898,0.014508258,0.011978149,10.347890887770092,22.653192138671898,0.013833056,0.021850586,6.37152233635176,0,0,0
2019-01-30 22:00:00,1162.8529,24.714379882812523,0.014351843,0.021644592,20.8618431650739,23.073754882812523,0.014718054,0.016693115,10.2695052999268,22.308129882812523,0.013905523,0.03869629,6.467541868754827,0,0,0
2019-01-30 23:00:00,1093.0837,24.557946777343773,0.014416917,0.022361755,21.06511689453143,22.847009277343773,0.014752611,0.020103455,10.301196997262794,22.003259277343773,0.013901933,0.049682617,6.508378820060913,0,0,0
2019-01-31 00:00:00,1037.7024,24.400292968750023,0.014440398,0.023979187,21.01307972795326,22.548730468750023,0.014718871,0.02342987,9.848679743551418,21.697167968750023,0.01384149,0.05406189,6.632794694101541,0,0,0
2019-01-31 01:00:00,1002.5069,24.216607666015648,0.014525168,0.023864746,20.542646130880847,22.255670166015648,0.014666311,0.024711609,9.622466323091915,21.388482666015648,0.013830893,0.055267334,6.611885717231653,0,0,0
2019-01-31 02:00:00,968.7914,24.023614501953148,0.014648194,0.024726868,19.362245242546628,22.054864501953148,0.014549012,0.024673462,9.912719739520398,21.148614501953148,0.013850923,0.057296753,6.438588609222412,0,0,0
2019-01-31 03:00:00,945.9612,23.864709472656276,0.014698387,0.024124146,17.636389220343414,21.927209472656276,0.0144542465,0.025016785,10.368837545897932,20.981896972656276,0.013908745,0.055862427,6.231353082445108,0,0,0
2019-01-31 04:00:00,929.8083,23.753137207031276,0.014713705,0.018318176,16.822817021723406,21.807824707031276,0.014461935,0.02557373,10.429471161731016,20.917199707031276,0.013969839,0.054122925,6.042437961498214,0,0,0
2019-01-31 05:00:00,948.5311,23.679467773437523,0.014728364,0.017036438,16.893271358369287,21.687280273437523,0.014503296,0.026115417,10.362050479944877,20.890405273437523,0.013969239,0.059661865,6.03822180182843,0,0,0
2019-01-31 06:00:00,974.1184,23.651269531250023,0.01473166,0.010799408,17.645144270677072,21.721582031250023,0.014548554,0.027633667,10.61493702866666,20.924707031250023,0.0139763495,0.06942749,6.127697060450071,0,0,0
2019-01-31 07:00:00,1070.3581,24.539819335937523,0.01473519,0.009700775,21.351611767574884,23.500756835937523,0.01474282,0.028938293,13.986965203991742,21.625756835937523,0.014071433,0.058288574,6.515045517874421,0,0,0
2019-01-31 08:00:00,1236.2418,25.720605468750023,0.014407015,0.009140015,26.762599195486267,25.845605468750023,0.01472745,0.030090332,17.147815469569817,23.486230468750023,0.0139645105,0.044265747,6.802528158211601,0,0,0
2019-01-31 09:00:00,1325.4924,26.790856933593773,0.014284747,0.009635925,27.6518171765268,27.962731933593773,0.014349597,0.024116516,18.09277255091385,25.634606933593773,0.013605731,0.034347534,6.290038462098248,0,0,0
2019-01-31 10:00:00,1405.7467,27.757470703125023,0.014238924,0.008483887,26.94668289181565,29.694970703125023,0.0139909685,0.019927979,17.784893981085663,27.460595703125023,0.013075441,0.03604126,5.527901383918417,0,0,0
2019-01-31 11:00:00,1440.4761,28.508172607421898,0.014281084,0.003768921,25.6317677800664,30.914422607421898,0.013785173,0.015800476,17.1639012619731,28.789422607421898,0.013117601,0.049453735,4.5307420264333205,0,0,0
2019-01-31 12:00:00,1448.7929,29.0200134277344,0.01433092,0.0036640167,24.527169955786565,31.6606384277344,0.013709124,0.011692047,16.351698341005864,29.7075134277344,0.013094958,0.052093506,3.5402096093077717,0,0,0
2019-01-31 13:00:00,1465.153,29.260217285156276,0.014334416,0.0016255379,23.791388471572517,32.01021728515627,0.013613438,0.009555817,15.704373609407895,30.119592285156276,0.013449406,0.053131104,2.775798280697517,0,0,0
2019-01-31 14:00:00,1470.0307,29.219140625000023,0.014406729,0.0031013489,23.353013739824284,31.812890625000023,0.013407278,0.012016296,15.472930631797771,30.000390625000023,0.013662863,0.0642395,2.442886680051591,0,0,0
2019-01-31 15:00:00,1426.9125,28.874383544921898,0.01451353,0.006586075,23.203411574934844,31.046258544921898,0.013163127,0.011245728,15.621744465535352,29.296258544921898,0.013697185,0.07345581,2.538471753693414,0,0,0
2019-01-31 16:00:00,1360.3096999999998,28.169549560546898,0.014627984,0.0090789795,22.870403891175773,29.685174560546898,0.012972405,0.008720398,15.69537699479656,28.232049560546898,0.013651421,0.06607056,3.015678349947049,0,0,0
2019-01-31 17:00:00,1245.3828,27.127770996093773,0.014745844,0.011924744,22.142710196996305,27.799645996093773,0.01284231,0.006626129,14.79482436539649,26.909020996093773,0.013342035,0.04286194,3.7900826288642,0,0,0
2019-01-31 18:00:00,1246.7502,26.051293945312523,0.014974446,0.010929108,20.527248780703243,25.410668945312523,0.0130785415,0.0058231354,11.27350157531167,25.348168945312523,0.013181538,0.030792236,4.63921620572689,0,0,0
2019-01-31 19:00:00,1282.2824,25.458551025390648,0.015203152,0.015563965,19.0301680775054,24.114801025390648,0.013379727,0.005086899,9.68290820170654,24.099176025390648,0.013375912,0.015457153,5.802244311233474,0,0,0
2019-01-31 20:00:00,1254.6842,25.172906494140648,0.015313949,0.018455505,17.28850550178793,23.477593994140648,0.013513412,0.0045833588,9.11392709365625,23.282281494140648,0.01367363,0.013751984,6.060485794688983,0,0,0
2019-01-31 21:00:00,1204.8576,25.006005859375023,0.015375771,0.01587677,15.648580409981484,22.943505859375023,0.0136133805,0.003712654,8.345180733416663,22.724755859375023,0.013773598,0.01600647,6.406783597727898,0,0,0
2019-01-31 22:00:00,1161.7733,24.838677978515648,0.015426141,0.0158844,15.249426969174404,22.416802978515648,0.01367901,0.0014872551,8.09985236987047,22.237115478515648,0.01374386,0.017227173,6.641597194459856,0,0,0
2019-01-31 23:00:00,1102.8398,24.727929687500023,0.015469039,0.017829895,15.761107969113798,22.032617187500023,0.013683761,0.0006084442,8.53653113926269,21.774804687500023,0.013653243,0.015693665,6.704740230981466,0,0,0
2019-02-01 00:00:00,1031.6419,24.622583007812523,0.015526444,0.023452759,16.218875569645768,21.716333007812523,0.013672501,0.0010604858,8.761243983215103,21.427270507812523,0.0135008395,0.013923645,6.520737143427633,0,0,0
2019-02-01 01:00:00,1008.4087,24.555139160156276,0.015557554,0.02861023,16.91011458869608,21.422326660156276,0.013673093,0.003238678,8.348292947210602,21.125451660156276,0.013348844,0.010784149,6.186593561535288,0,0,0
2019-02-01 02:00:00,969.1918,24.444299316406276,0.015562051,0.026672363,16.783065735174592,21.163049316406276,0.013704293,0.0023889542,7.669778903126971,20.834924316406276,0.013250344,0.010520935,5.668017547628717,0,0,0
2019-02-01 03:00:00,950.4424,24.321221923828148,0.015539611,0.02217102,16.588495841241976,20.977471923828148,0.013781035,0.002366066,7.193701349354082,20.602471923828148,0.013212645,0.012519836,5.186638987221364,0,0,0
2019-02-01 04:00:00,945.9923,24.179101562500023,0.015566043,0.016288757,16.001198704639336,20.866601562500023,0.013914279,0.0016736984,6.862257305919212,20.436914062500023,0.013250521,0.015960693,4.868472356555786,0,0,0
2019-02-01 05:00:00,946.2716,24.040551757812523,0.0156227155,0.015407562,15.381257539489214,20.798364257812523,0.014077763,0.002541542,6.4945646066955085,20.228051757812523,0.013299565,0.018409729,4.757009907193921,0,0,0
2019-02-01 06:00:00,960.7114,24.044702148437523,0.01568723,0.019088745,15.135261724229863,20.880639648437523,0.0142452745,0.005208969,6.238925038692782,20.130639648437523,0.013325932,0.018875122,4.705587563874363,0,0,0
2019-02-01 07:00:00,1054.7558,24.871911621093773,0.01569496,0.02193451,18.018755563661667,23.098474121093773,0.014596326,0.0069503784,9.349170643952132,20.887536621093773,0.013318403,0.014846802,4.921703139438128,0,0,0
2019-02-01 08:00:00,1228.4285,25.937615966796898,0.015393713,0.027992249,20.843434701161936,26.023553466796898,0.014749029,0.0072422028,12.23188703824383,22.820428466796898,0.012982824,0.0028018951,4.738994690724072,0,0,0
2019-02-01 09:00:00,1325.6567,26.914086914062523,0.015351934,0.024749756,20.83659895955124,28.398461914062523,0.014470739,0.0060653687,12.193833690768669,25.242211914062523,0.012044592,0.0026626587,3.89501125671954,0,0,0
2019-02-01 10:00:00,1399.9417,27.8850036621094,0.0154124005,0.020835876,19.787800168853053,30.2443786621094,0.014176439,0.0045757294,10.560676516623808,27.5412536621094,0.010983537,0.0041046143,2.6523850018940887,0,0,0
2019-02-01 11:00:00,1448.5028,28.705224609375023,0.015427733,0.025047302,18.822525579136453,31.705224609375023,0.014191771,0.0031747818,8.936567654296551,29.267724609375023,0.010594511,0.00920105,1.628653893991141,0,0,0
2019-02-01 12:00:00,1466.0992,29.313867187500023,0.015478071,0.03857422,18.24775733023124,32.67324218750002,0.01447862,0.002456665,7.733334225073578,30.266992187500023,0.010980543,0.01675415,1.2513602318353845,0,0,0
2019-02-01 13:00:00,1469.1787,29.629907226562523,0.015512553,0.057632446,17.921789390938187,33.28615722656252,0.014509288,0.0060310364,7.1099119871462415,30.739282226562523,0.01152238,0.025627136,1.9106772993452548,0,0,0
2019-02-01 14:00:00,1475.6595,29.685388183593773,0.015535355,0.07897949,18.179431829355494,33.43538818359377,0.014299393,0.025245667,6.954060434574175,30.638513183593773,0.012079239,0.043136597,2.6685922634134687,0,0,0
2019-02-01 15:00:00,1424.4859,29.324426269531276,0.015561722,0.08358765,19.01266641939,33.13692626953127,0.014226578,0.062286377,7.223302231202224,30.043176269531276,0.012708329,0.06845093,3.303330760599386,0,0,0
2019-02-01 16:00:00,1349.548,28.6809020996094,0.015649026,0.06188965,20.37120707962244,32.0402770996094,0.014332956,0.058181763,7.356151077785123,28.9152770996094,0.013283914,0.061187744,3.388985572036823,0,0,0
2019-02-01 17:00:00,1254.5675,27.707971191406276,0.015755491,0.046295166,21.372339986625384,30.598596191406276,0.0147445975,0.035202026,6.892166276724826,27.629846191406276,0.0137871085,0.042800903,3.0104104373079856,0,0,0
2019-02-01 18:00:00,1271.4153,26.624108886718773,0.01590033,0.033462524,21.46507273535731,28.170983886718773,0.015381531,0.026382446,4.967245336185681,25.983483886718773,0.014206604,0.036987305,2.6653676506935486,0,0,0
2019-02-01 19:00:00,1312.7804,25.973962402343773,0.016060907,0.02558899,20.73001152159706,26.739587402343773,0.01564129,0.026542664,5.593150831131555,24.575524902343773,0.014473992,0.030967712,2.2287919649975434,0,0,0
2019-02-01 20:00:00,1282.1785,25.645196533203148,0.016190626,0.019165039,18.744161908494483,25.746759033203148,0.01555357,0.02532196,7.096960456767007,23.746759033203148,0.014596081,0.024177551,2.09045934662321,0,0,0
2019-02-01 21:00:00,1247.969,25.441125488281276,0.016312432,0.017059326,16.52568061569664,24.933312988281276,0.015477014,0.021385193,8.752097422306882,23.277062988281276,0.014592004,0.019294739,2.713284522311904,0,0,0
2019-02-01 22:00:00,1190.3685999999998,25.247003173828148,0.016412407,0.017219543,15.632826555465943,24.215753173828148,0.015649468,0.023124695,8.443868202268742,22.856378173828148,0.014463097,0.025260925,3.3939733863780703,0,0,0
2019-02-01 23:00:00,1137.2125,25.060388183593773,0.016475437,0.01889801,15.548286289587312,23.701013183593773,0.015765904,0.028892517,7.640445621935792,22.474450683593773,0.014419315,0.029014587,3.8641141018813614,0,0,0
2019-02-02 00:00:00,1094.744,24.893823242187523,0.016482837,0.021446228,15.874191845125214,23.362573242187523,0.01581908,0.03717041,7.057156376028709,22.159448242187523,0.014461048,0.036590576,4.020217682083177,0,0,0
2019-02-02 01:00:00,1052.0074,24.742700195312523,0.01647541,0.023963928,15.64270854901771,23.141137695312523,0.015865058,0.04244995,6.566644042439223,21.984887695312523,0.014522285,0.05418396,4.123984347064914,0,0,0
2019-02-02 02:00:00,1017.1951,24.626062011718773,0.016407335,0.02193451,15.77930231444856,23.110437011718773,0.015941942,0.07070923,6.139940175314847,21.829187011718773,0.014606797,0.07067871,4.102759981443228,0,0,0
2019-02-02 03:00:00,982.4031,24.546197509765648,0.016217215,0.019203186,16.907712677527964,23.093072509765648,0.01601885,0.08389282,5.903447036481028,21.741510009765648,0.01471041,0.077697754,4.045013982515251,0,0,0
2019-02-02 04:00:00,966.0758,24.4672790527344,0.016072553,0.01467514,17.031480780761527,23.0610290527344,0.016057294,0.07357788,5.815110232094795,21.7250915527344,0.014809888,0.08355713,3.887002612612361,0,0,0
2019-02-02 05:00:00,974.8253,24.366113281250023,0.015987448,0.013000488,16.511450855039325,22.944238281250023,0.016017966,0.0675354,5.641976274853586,21.725488281250023,0.014881187,0.088134766,3.6505715745681417,0,0,0
2019-02-02 06:00:00,983.6057,24.348779296875023,0.015964128,0.011363983,16.63996378527882,22.926904296875023,0.015956499,0.07366943,5.795594182989259,21.708154296875023,0.014926531,0.09509277,3.512811374099099,0,0,0
2019-02-02 07:00:00,993.5636,25.171716308593773,0.015910782,0.01071167,20.139303150110987,24.406091308593773,0.01593367,0.075683594,9.412560876900214,22.492028808593773,0.015002884,0.10290527,3.672085458770822,0,0,0
2019-02-02 08:00:00,1091.326,26.312066650390648,0.01565108,0.014427185,23.088453860320666,26.452691650390648,0.01565108,0.07696533,12.7948311382926,24.366754150390648,0.014769886,0.09399414,3.85577764601295,0,0,0
2019-02-02 09:00:00,1193.5958,27.431909179687523,0.015586038,0.014526367,23.23247469059255,28.291284179687523,0.015284677,0.0741272,13.371415215789495,26.510034179687523,0.014357706,0.08572388,3.650892987164818,0,0,0
2019-02-02 10:00:00,1263.2777,28.419396972656276,0.0155895995,0.015098572,22.86272647968656,29.903771972656276,0.015017395,0.06442261,13.02902577690721,28.294396972656276,0.013861542,0.06997681,3.161335006059676,0,0,0
2019-02-02 11:00:00,1310.2804,29.180841064453148,0.015600704,0.019889832,22.42982636124728,31.290216064453148,0.014883541,0.045166016,12.685274823872668,29.587091064453148,0.01388409,0.06436157,2.511236262988831,0,0,0
2019-02-02 12:00:00,1296.7312000000002,29.678094482421898,0.015623264,0.030342102,22.294104688949407,32.3812194824219,0.014883213,0.024597168,12.707207960652624,30.271844482421898,0.014295749,0.05657959,1.9772030964612013,0,0,0
2019-02-02 13:00:00,1278.4209,29.874200439453148,0.015630532,0.032806396,22.716951361271843,33.01482543945315,0.014871406,0.013889313,13.03064687087848,30.608575439453148,0.014253425,0.049102783,1.7960727705358697,0,0,0
2019-02-02 14:00:00,1295.2272,29.825128173828148,0.015546215,0.027275085,23.21293578100888,33.05950317382815,0.014809978,0.0098724365,13.238705743876524,30.512628173828148,0.014157665,0.040481567,1.739760511211705,0,0,0
2019-02-02 15:00:00,1289.0728,29.450219726562523,0.015419937,0.0136909485,23.691659932689625,32.52834472656252,0.014718032,0.008243561,13.424403819906562,30.043969726562523,0.014004684,0.025062561,1.843681894111316,0,0,0
2019-02-02 16:00:00,1226.4639,28.688623046875023,0.015305155,0.0047397614,24.723665744123554,31.329248046875023,0.014618509,0.0075263977,13.699662130602922,29.110498046875023,0.013931864,0.020347595,2.253032414707299,0,0,0
2019-02-02 17:00:00,1188.3282,27.504327392578148,0.015262899,0.0033597946,25.593383947416623,29.457452392578148,0.014572439,0.0061855316,13.314291527780169,27.676202392578148,0.013954458,0.026016235,3.0643527409466533,0,0,0
2019-02-02 18:00:00,1196.7061,26.279229736328148,0.015357988,0.0050582886,25.32602861128698,27.169854736328148,0.0146331955,0.00630188,11.48320180949579,25.919854736328148,0.013923662,0.033432007,3.864028939156532,0,0,0
2019-02-02 19:00:00,1267.1556,25.650689697265648,0.015548493,0.008693695,24.13282952107687,25.806939697265648,0.014774109,0.00786972,11.758296222659746,24.525689697265648,0.014373566,0.033340454,5.430723811429544,0,0,0
2019-02-02 20:00:00,1246.6784,25.382440185546898,0.015693843,0.016044617,22.01269564436055,25.007440185546898,0.015033902,0.00579834,11.933770808578062,23.624627685546898,0.014690579,0.0317688,5.901181034912548,0,0,0
2019-02-02 21:00:00,1201.3279,25.226220703125023,0.015772054,0.020896912,20.69297711200137,24.491845703125023,0.015318105,0.003528595,11.754782786826754,23.148095703125023,0.014803121,0.033325195,5.951789593238543,0,0,0
2019-02-02 22:00:00,1135.5662,25.087670898437523,0.01578096,0.022880554,21.692249527773637,24.142358398437523,0.015483413,0.0022916794,11.50224874651938,22.837670898437523,0.014750991,0.037460327,6.130791883239929,0,0,0
2019-02-02 23:00:00,1082.6349,24.941461181640648,0.015698778,0.024551392,22.6677980133153,23.871148681640648,0.015523302,0.0018091202,11.626090548645855,22.503961181640648,0.014691698,0.044952393,5.967597912551266,0,0,0
2019-02-03 00:00:00,1051.8547,24.7883239746094,0.015547435,0.023483276,22.62167090439687,23.5930114746094,0.015474956,0.0017709732,11.293109602470356,22.2023864746094,0.014662425,0.043563843,5.702474067224307,0,0,0
2019-02-03 01:00:00,1022.328,24.633172607421898,0.015364224,0.018684387,22.820550952515745,23.320672607421898,0.015394742,0.002067566,11.066330896209209,21.945672607421898,0.014616543,0.0440979,5.63466981951157,0,0,0
2019-02-03 02:00:00,987.3505,24.512811279296898,0.015158289,0.017944336,23.58635091969572,23.090936279296898,0.015326136,0.0026845932,11.02016159077608,21.747186279296898,0.01458227,0.040283203,5.830663267589259,0,0,0
2019-02-03 03:00:00,956.5292,24.417901611328148,0.015066372,0.016799927,23.290553680560503,22.886651611328148,0.01528381,0.0034694672,10.659643422473714,21.589776611328148,0.014589535,0.037094116,5.862420116929558,0,0,0
2019-02-03 04:00:00,945.7252,24.341455078125023,0.015062073,0.015590668,21.760914514622208,22.474267578125023,0.015290955,0.0072784424,8.649072004163402,21.474267578125023,0.01460431,0.038345337,5.476179555001436,0,0,0
2019-02-03 05:00:00,952.015,24.271447753906276,0.015099849,0.01467514,19.58888015607434,21.990197753906276,0.015309657,0.0133628845,7.023418099076374,21.349572753906276,0.014642085,0.039901733,4.962413965819867,0,0,0
2019-02-03 06:00:00,913.5117,24.278771972656276,0.015140886,0.014392853,18.16518708716266,21.895959472656276,0.015358324,0.018981934,6.86709560918682,21.278771972656276,0.014686937,0.04537964,4.446644441548119,0,0,0
2019-02-03 07:00:00,910.3464,25.089654541015648,0.01510977,0.012737274,20.32676733011852,23.878717041015648,0.015567534,0.01727295,10.800883447753389,22.034967041015648,0.014747374,0.04498291,4.547155331493981,0,0,0
2019-02-03 08:00:00,971.7082,26.130151367187523,0.015021407,0.005186081,21.737909658212168,26.497338867187523,0.015513503,0.014690399,14.191443796399549,23.911401367187523,0.014403426,0.033309937,4.849066687772211,0,0,0
2019-02-03 09:00:00,1028.6493,27.202447509765648,0.015062736,0.0018224716,21.14631809083624,28.749322509765648,0.015142845,0.011047363,14.862913308520696,26.038385009765648,0.01388018,0.026054382,4.868120257059055,0,0,0
2019-02-03 10:00:00,1062.7424999999998,28.153222656250023,0.015016553,0.001613617,21.040740423482237,30.621972656250023,0.014810559,0.008766174,14.449032275256576,27.950097656250023,0.013380048,0.027496338,4.438479347152592,0,0,0
2019-02-03 11:00:00,1112.3141,28.921777343750023,0.014913219,0.0022668839,21.126671574837687,32.03115234375002,0.0146805225,0.008041382,13.7211204674073,29.421777343750023,0.01333012,0.025474548,3.48399457419988,0,0,0
2019-02-03 12:00:00,1134.772,29.478967285156276,0.014821345,0.0034570694,21.247017009724527,32.90084228515627,0.014615351,0.010223389,13.27209901308511,30.400842285156276,0.01343661,0.028694153,2.2701363260866625,0,0,0
2019-02-03 13:00:00,1160.2246,29.761315917968773,0.014817285,0.007965088,21.690048959763857,33.27694091796877,0.014454889,0.016204834,13.142718665655162,30.745690917968773,0.01374917,0.025741577,1.5422972898042824,0,0,0
2019-02-03 14:00:00,1138.6908,29.704278564453148,0.014874294,0.0235672,22.08015702730816,33.09490356445315,0.014336422,0.020606995,13.14999264909082,30.657403564453148,0.013871029,0.022209167,1.0805914654004458,0,0,0
2019-02-03 15:00:00,1128.2779,29.240106201171898,0.014980859,0.048065186,22.676961815198453,32.4744812011719,0.014252252,0.024490356,13.240715159437183,30.115106201171898,0.013847894,0.032211304,0.6271005524893541,0,0,0
2019-02-03 16:00:00,1119.6679,28.332574462890648,0.015117928,0.05882263,23.84400547915637,31.207574462890648,0.014206216,0.030952454,13.409329301075708,29.051324462890648,0.013744637,0.04034424,0.3869120860157627,0,0,0
2019-02-03 17:00:00,1102.2113,27.163476562500023,0.015232008,0.05206299,24.99784210657695,29.272851562500023,0.014209669,0.03855896,13.121124497582311,27.538476562500023,0.013793867,0.045196533,0.9505529563736236,0,0,0
2019-02-03 18:00:00,1130.8481,26.068750000000023,0.015357714,0.045684814,24.31732882286008,26.990625000000023,0.014346819,0.03189087,11.899273569710736,25.725000000000023,0.013923388,0.049682617,2.215147509862041,0,0,0
2019-02-03 19:00:00,1186.4756,25.509149169921898,0.015510187,0.029373169,22.6685297271401,25.571649169921898,0.014571771,0.023117065,12.375580264272113,24.446649169921898,0.014228448,0.051254272,3.850162163328896,0,0,0
2019-02-03 20:00:00,1188.0198,25.2568298339844,0.015606451,0.018791199,20.83258756640457,24.7255798339844,0.014824438,0.019897461,12.649062412180063,23.6005798339844,0.014450598,0.04953003,4.854562909676457,0,0,0
2019-02-03 21:00:00,1174.977,25.082421875000023,0.01559017,0.016464233,19.93690262715716,24.215234375000023,0.014976004,0.015426636,12.196133322893168,23.074609375000023,0.014529685,0.050964355,4.724341591874479,0,0,0
2019-02-03 22:00:00,1128.2029,24.944360351562523,0.015401716,0.018287659,20.951416666935973,23.702172851562523,0.014966841,0.010929108,10.52999938964842,22.764672851562523,0.014421339,0.052322388,4.99907751728904,0,0,0
2019-02-03 23:00:00,1081.3323,24.819024658203148,0.015095626,0.015914917,22.094081738691397,23.248712158203148,0.0148247825,0.017341614,8.922223019735139,22.475274658203148,0.014252578,0.049926758,5.486925488683018,0,0,0
2019-02-04 00:00:00,1032.0018,24.616235351562523,0.014957473,0.010437012,21.793178744059063,23.053735351562523,0.014709517,0.041366577,8.48969827985274,22.139672851562523,0.01417546,0.042877197,5.676073461835465,0,0,0
2019-02-04 01:00:00,1011.0805,24.400445556640648,0.01493482,0.009635925,20.812745854755647,22.900445556640648,0.014702124,0.04284668,8.652060978731456,21.814508056640648,0.014072699,0.0382843,5.665465410849598,0,0,0
2019-02-04 02:00:00,964.4596,24.239526367187523,0.014923373,0.020011902,19.94792887326922,22.575463867187523,0.0147746,0.016777039,8.58197223377381,21.552026367187523,0.0138743315,0.029716492,5.509636925644847,0,0,0
2019-02-04 03:00:00,953.0084,24.225701904296898,0.014855156,0.050567627,19.644899151767245,21.983514404296898,0.014836082,0.00500679,7.818331085618943,21.296014404296898,0.013760338,0.02445221,5.125274256369402,0,0,0
2019-02-04 04:00:00,937.3396,24.250878906250023,0.014855885,0.063323975,19.64082308503184,21.602441406250023,0.014897847,0.004693985,6.898881323978466,21.071191406250023,0.013696217,0.023956299,5.021622071843108,0,0,0
2019-02-04 05:00:00,962.5284,24.244897460937523,0.014870405,0.025230408,20.37599596456211,21.440209960937523,0.014954329,0.007293701,7.106883980444526,20.854272460937523,0.013684034,0.025978088,5.129332115465387,0,0,0
2019-02-04 06:00:00,1000.7748,24.1957946777344,0.014878146,0.00920105,21.339736022174545,21.5004821777344,0.0149773285,0.009552002,7.893837855341708,20.6567321777344,0.013714664,0.028762817,5.103147063058696,0,0,0
2019-02-04 07:00:00,1090.0157000000002,24.879785156250023,0.014783133,0.012493134,24.110172654193896,23.567285156250023,0.015053976,0.0080451965,11.730662382892378,21.364160156250023,0.013737906,0.027778625,5.340212677138688,0,0,0
2019-02-04 08:00:00,1257.3357,25.830407714843773,0.014584959,0.014762878,25.775810647791104,26.142907714843773,0.014649808,0.0066814423,14.86370744091662,23.236657714843773,0.013448179,0.017097473,5.315608142644401,0,0,0
2019-02-04 09:00:00,1350.4063,26.825219726562523,0.014622721,0.012145996,25.298257711979275,28.270532226562523,0.014046702,0.0058498383,15.22345516090657,25.395532226562523,0.0129137365,0.008937836,4.993224594492391,0,0,0
2019-02-04 10:00:00,1424.5811,27.825219726562523,0.014631075,0.004459381,24.459002301383872,30.122094726562523,0.013639254,0.0049362183,14.736044868674297,27.387719726562523,0.012151522,0.008815765,4.310915189701212,0,0,0
2019-02-04 11:00:00,1476.7428,28.668603515625023,0.014558072,0.0028600693,23.52854297645153,31.590478515625023,0.01345181,0.0057411194,14.12410427257904,29.074853515625023,0.011563535,0.008979797,3.348329103168748,0,0,0
2019-02-04 12:00:00,1474.7064,29.260552978515648,0.014489027,0.0023651123,23.158399365708345,32.54180297851565,0.013512464,0.008575439,13.419797773813102,30.104302978515648,0.0120476205,0.0075511932,2.2422089632183333,0,0,0
2019-02-04 13:00:00,1495.1077,29.552056884765648,0.014454583,0.003619194,23.36063266106454,32.98955688476565,0.0136382375,0.011569977,13.119053427579804,30.598931884765648,0.012329796,0.0060272217,1.4445044144179728,0,0,0
2019-02-04 14:00:00,1515.8575,29.5393005371094,0.014419776,0.0060043335,23.670959759534465,32.9768005371094,0.013752204,0.0131073,13.175749228670696,30.6174255371094,0.012459022,0.0069389343,1.1278654132711663,0,0,0
2019-02-04 15:00:00,1486.1475,29.244348144531276,0.014404806,0.008708954,24.09708060789195,32.38497314453127,0.013779196,0.013671875,13.523769967208722,30.056848144531276,0.012627157,0.011566162,1.0724931619332807,0,0,0
2019-02-04 16:00:00,1406.1787,28.543481445312523,0.014492054,0.014644623,24.84938055298738,31.090356445312523,0.013725299,0.013973236,14.028421304946685,29.043481445312523,0.012733478,0.014228821,1.2480399504993314,0,0,0
2019-02-04 17:00:00,1285.5401,27.366052246093773,0.014705073,0.016571045,25.032567337175674,29.100427246093773,0.013747584,0.0143013,13.982439286420574,27.600427246093773,0.012748133,0.015125275,1.8826498076874567,0,0,0
2019-02-04 18:00:00,1258.1565999999998,26.217340087890648,0.015032694,0.019348145,23.87730405225244,26.592340087890648,0.013976023,0.01556778,11.763521856662145,25.686090087890648,0.013018534,0.018959045,2.939228078750197,0,0,0
2019-02-04 19:00:00,1310.3692,25.665551757812523,0.015398794,0.019584656,22.25378184206932,25.087426757812523,0.014262014,0.015106201,10.832788476789403,24.353051757812523,0.013422781,0.024856567,4.543741986505087,0,0,0
2019-02-04 20:00:00,1267.7494,25.450402832031276,0.01565966,0.022880554,20.45872531533478,24.114465332031276,0.014499991,0.010734558,10.218849716399944,23.450402832031276,0.013763755,0.028465271,5.728016724007983,0,0,0
2019-02-04 21:00:00,1233.8346,25.363244628906276,0.015800199,0.022972107,19.576505826712307,23.558557128906276,0.014587125,0.0065517426,9.998132783133554,22.972619628906276,0.013984403,0.03135681,5.937424354472896,0,0,0
2019-02-04 22:00:00,1173.5632,25.205133056640648,0.015963122,0.018959045,18.05775379799503,23.048883056640648,0.014544054,0.0033798218,9.421769399478178,22.642633056640648,0.014135881,0.034500122,6.027788708740887,0,0,0
2019-02-04 23:00:00,1122.3379,24.990533447265648,0.016129822,0.01763916,17.005237661090078,22.576470947265648,0.014371247,0.0019712448,8.93148942203362,22.334283447265648,0.014249177,0.032608032,6.010951585507729,0,0,0
2019-02-05 00:00:00,1061.9944,24.804071044921898,0.016235638,0.0155181885,17.5205699942897,22.218133544921898,0.014141369,0.0020065308,8.68036361354632,22.046258544921898,0.014320659,0.029571533,5.692412727501168,0,0,0
2019-02-05 01:00:00,1038.0475,24.708795166015648,0.016280714,0.012577057,18.57953430939023,21.950982666015648,0.013976638,0.0022611618,8.624270970590496,21.763482666015648,0.014289443,0.028366089,5.506690159502017,0,0,0
2019-02-05 02:00:00,1000.7638,24.631738281250023,0.016318427,0.009742737,19.03269371833061,21.787988281250023,0.013892281,0.0017609596,8.893592195055833,21.459863281250023,0.014205086,0.027328491,5.515479516550247,0,0,0
2019-02-05 03:00:00,994.0553,24.553430175781276,0.016324885,0.009979248,19.23839623220715,21.678430175781276,0.013894924,0.0021896362,9.207404424382087,21.194055175781276,0.014100918,0.026405334,5.629046731608152,0,0,0
2019-02-05 04:00:00,969.9846,24.481774902343773,0.016271066,0.010875702,19.701162251689183,21.606774902343773,0.013989877,0.0027685165,9.329029736373636,20.942712402343773,0.014012765,0.027175903,5.803467151618887,0,0,0
2019-02-05 05:00:00,1009.9196,24.393884277343773,0.016210148,0.009605408,19.351801162991343,21.542321777343773,0.014104436,0.003232956,9.242832532931208,20.745446777343773,0.013986181,0.029594421,5.912761303408002,0,0,0
2019-02-05 06:00:00,1015.4734,24.364160156250023,0.016179929,0.008384705,18.27540298622939,21.606347656250023,0.01422299,0.0035676956,9.029538052931658,20.653222656250023,0.013994108,0.03010559,6.016332008727028,0,0,0
2019-02-05 07:00:00,1114.8595,25.263940429687523,0.016103376,0.007843018,21.38296071434292,23.748315429687523,0.014512647,0.004562378,12.300968913551412,21.388940429687523,0.0140014775,0.025726318,6.287343199577811,0,0,0
2019-02-05 08:00:00,1255.0011,26.4682556152344,0.015775083,0.015686035,25.15981096205781,26.6166931152344,0.014710781,0.0084114075,15.34241548223714,23.2729431152344,0.01359689,0.014572144,6.093893806521303,0,0,0
2019-02-05 09:00:00,1341.9361,27.623925781250023,0.015511963,0.024749756,25.48035167601113,29.030175781250023,0.014394256,0.009654999,15.902593062940657,25.577050781250023,0.012860748,0.007980347,5.33305828021007,0,0,0
2019-02-05 10:00:00,1427.5416,28.606408691406276,0.015393115,0.03237915,25.338070092659144,30.950158691406276,0.014050341,0.008190155,15.250060764879578,27.715783691406276,0.012059069,0.007089615,4.4963661780790325,0,0,0
2019-02-05 11:00:00,1479.2558,29.289208984375023,0.015389084,0.043777466,25.380231646840137,32.35170898437502,0.0140081635,0.006559372,14.590762019295322,29.320458984375023,0.011803268,0.0065345764,3.607587590730471,0,0,0
2019-02-05 12:00:00,1474.583,29.632928466796898,0.015404612,0.05718994,25.560228197395457,33.2110534667969,0.014069468,0.005121231,14.314371769877289,30.226678466796898,0.012257487,0.006433487,2.6348885249493788,0,0,0
2019-02-05 13:00:00,1495.9567,29.754296875000023,0.0154164145,0.07446289,25.944095817508963,33.62929687500002,0.014031679,0.0045433044,14.376748147567444,30.676171875000023,0.012421877,0.010005951,2.1154345946509943,0,0,0
2019-02-05 14:00:00,1507.3069,29.559869384765648,0.015355969,0.06655884,26.33194582345956,33.48174438476565,0.014020825,0.004579544,14.5490512184617,30.559869384765648,0.012761975,0.015830994,1.8516598214756304,0,0,0
2019-02-05 15:00:00,1472.4347,29.147302246093773,0.015275979,0.057022095,26.85561062462525,32.67855224609377,0.013963724,0.006128311,15.062498277846116,29.975427246093773,0.012914682,0.019500732,1.9673515911914023,0,0,0
2019-02-05 16:00:00,1376.7651,28.327600097656276,0.015279888,0.050430298,27.10695794790432,31.202600097656276,0.013898968,0.008167267,15.800876342034629,28.936975097656276,0.012971996,0.013278961,2.6106054564025998,0,0,0
2019-02-05 17:00:00,1281.7669,27.194604492187523,0.015329921,0.03779602,26.644495812540576,29.147729492187523,0.013857448,0.009780884,16.003413074763266,27.428979492187523,0.013067805,0.009830475,3.758875193868971,0,0,0
2019-02-05 18:00:00,1282.4136,26.166650390625023,0.015395112,0.02835083,25.187954339787943,26.776025390625023,0.014056154,0.011367798,13.945096932420006,25.588525390625023,0.013106294,0.01133728,4.806705416568601,0,0,0
2019-02-05 19:00:00,1334.5583,25.653924560546898,0.015452777,0.026023865,24.30544982832908,25.349237060546898,0.01446477,0.015602112,13.25986468768232,24.138299560546898,0.013343249,0.01222229,5.981511020047257,0,0,0
2019-02-05 20:00:00,1291.9228,25.456140136718773,0.015434739,0.02748108,23.958656024208207,24.635827636718773,0.014832017,0.023452759,13.513744681567855,23.268640136718773,0.013889787,0.015113831,6.318302924303465,0,0,0
2019-02-05 21:00:00,1236.3489,25.330346679687523,0.015438717,0.028495789,24.21117187386557,24.220971679687523,0.015007656,0.025421143,13.7023422577897,22.775659179687523,0.014069241,0.016967773,6.5400530846217455,0,0,0
2019-02-05 22:00:00,1212.5332999999998,25.199639892578148,0.015442775,0.029945374,25.26054824922774,23.894952392578148,0.015049861,0.022964478,13.452952841477938,22.363702392578148,0.013962672,0.016342163,6.493893977341533,0,0,0
2019-02-05 23:00:00,1149.1045,25.057427978515648,0.015442988,0.029197693,26.33529978045375,23.588677978515648,0.015053889,0.025520325,12.577791969581869,21.994927978515648,0.013882777,0.017448425,6.1454060213493085,0,0,0
2019-02-06 00:00:00,1081.9277,24.864526367187523,0.01550418,0.030799866,27.025213752063586,23.317651367187523,0.01506549,0.029418945,11.591840386660124,21.669213867187523,0.013810455,0.017974854,6.026336822359085,0,0,0
2019-02-06 01:00:00,1030.2573,24.669824218750023,0.015626341,0.031967163,26.499868048573315,23.083886718750023,0.015084654,0.023132324,10.963600428818673,21.372949218750023,0.013715178,0.022727966,6.143497602336717,0,0,0
2019-02-06 02:00:00,1012.2773,24.525842285156276,0.015733171,0.03413391,25.61917735867325,22.924279785156276,0.015141894,0.01687622,10.967326192146,21.158654785156276,0.013654162,0.03201294,6.323659068666149,0,0,0
2019-02-06 03:00:00,989.0116,24.428002929687523,0.015786564,0.035339355,25.85026511788688,22.873315429687523,0.015210545,0.020835876,11.463694669311083,21.021752929687523,0.0136503335,0.038589478,6.414777812960355,0,0,0
2019-02-06 04:00:00,959.254,24.356561279296898,0.015824694,0.03340149,25.71324471900604,22.840936279296898,0.015214344,0.023361206,11.588119697666288,20.934686279296898,0.013673206,0.03842163,6.260245313621404,0,0,0
2019-02-06 05:00:00,981.9694,24.303552246093773,0.015801786,0.028617859,25.987913767505557,22.756677246093773,0.015214321,0.017814636,11.26730827972508,20.897302246093773,0.013684628,0.037200928,5.989024289609145,0,0,0
2019-02-06 06:00:00,1028.8412,24.292443847656276,0.015725425,0.025718689,25.999343511656395,22.714318847656276,0.015244774,0.011768341,10.750212733803062,20.862756347656276,0.013707451,0.039123535,5.849913640485238,0,0,0
2019-02-06 07:00:00,1112.4024,24.966149902343773,0.015420054,0.03338623,27.7550014958066,24.388024902343773,0.015400981,0.0071697235,13.367681319871032,21.598962402343773,0.013787364,0.033309937,6.0599129574256025,0,0,0
2019-02-06 08:00:00,1254.9875,26.042504882812523,0.014996255,0.032440186,29.692849703023256,26.737817382812523,0.015255654,0.0071544647,16.41561755447611,23.464379882812523,0.013527596,0.015922546,6.139497050583106,0,0,0
2019-02-06 09:00:00,1328.2687,27.105523681640648,0.014946203,0.02532196,28.21268362949765,28.847711181640648,0.014671545,0.007173538,17.246562688273478,25.714898681640648,0.012893896,0.006259918,5.783433132061767,0,0,0
2019-02-06 10:00:00,1392.6957,28.126855468750023,0.014899944,0.02279663,27.150511577697092,30.579980468750023,0.014064525,0.007091522,17.20222148300025,27.712792968750023,0.012202953,0.0041217804,5.219230971415559,0,0,0
2019-02-06 11:00:00,1444.0069,28.877954101562523,0.014895614,0.014789581,26.516254250967524,31.815454101562523,0.0136443935,0.00712204,16.76899394776024,29.127954101562523,0.011958297,0.0028600693,4.47687478459182,0,0,0
2019-02-06 12:00:00,1460.9166,29.396508789062523,0.01492213,0.016540527,26.083841307287354,32.66213378906252,0.013392436,0.00831604,16.247179376972472,30.005883789062523,0.011973369,0.0019073486,3.8247970302808825,0,0,0
2019-02-06 13:00:00,1486.125,29.600366210937523,0.014952567,0.02281189,25.992958347733182,33.00661621093752,0.01322451,0.006505966,16.070412947471077,30.428491210937523,0.011809257,0.0013856888,3.5534006862328607,0,0,0
2019-02-06 14:00:00,1495.0451,29.460778808593773,0.014948331,0.023155212,25.98863475353292,32.80452880859377,0.0129990205,0.004219055,16.33548160568126,30.335778808593773,0.011736356,0.0014133453,3.6936252398649136,0,0,0
2019-02-06 15:00:00,1479.8595,29.029748535156276,0.014913746,0.021095276,26.191260905636987,31.920373535156276,0.012720295,0.0025892258,16.94915736981857,29.795373535156276,0.01153011,0.0018672943,4.386650590103821,0,0,0
2019-02-06 16:00:00,1381.7968999999998,28.217492675781276,0.014943689,0.0160141,26.762637065053607,30.358117675781276,0.012563318,0.0020914078,17.661413929586374,28.779992675781276,0.011415094,0.0024385452,5.330659947718523,0,0,0
2019-02-06 17:00:00,1262.7719,27.0527282714844,0.015000584,0.016357422,27.20156542817277,28.2871032714844,0.01259351,0.003027916,17.541468732839213,27.1621032714844,0.011761906,0.0035076141,6.148504745328943,0,0,0
2019-02-06 18:00:00,1235.7551,25.945336914062523,0.015156937,0.016708374,26.67982032360788,26.085961914062523,0.012875748,0.0049209595,14.735014867551802,25.195336914062523,0.01259346,0.0075244904,6.370997350397309,0,0,0
2019-02-06 19:00:00,1299.967,25.376733398437523,0.015390828,0.01751709,25.49897717388018,24.939233398437523,0.013250783,0.009338379,12.873964819911782,23.947045898437523,0.012834981,0.01714325,6.517532363653217,0,0,0
2019-02-06 20:00:00,1269.2567,25.131555175781276,0.01547313,0.03164673,24.04556637064224,24.420617675781276,0.013539079,0.006570816,12.15995990696371,23.194055175781276,0.013294938,0.016815186,6.555001365958274,0,0,0
2019-02-06 21:00:00,1229.3179,25.017968750000023,0.015545032,0.043273926,23.053686744947758,24.033593750000023,0.013710163,0.0035963058,11.45833661295526,22.635156250000023,0.013515613,0.019836426,6.772680706262078,0,0,0
2019-02-06 22:00:00,1179.6748,24.9003845214844,0.015662795,0.043502808,22.72952896160425,23.7050720214844,0.013721113,0.0026273727,11.219103019069316,22.2285095214844,0.013610487,0.023674011,6.856634666480704,0,0,0
2019-02-06 23:00:00,1139.2713,24.737878417968773,0.015746277,0.03164673,22.301218589708,23.401940917968773,0.013667266,0.0028524399,11.025783028335876,21.901940917968773,0.013629119,0.026733398,6.722969636411926,0,0,0
2019-02-07 00:00:00,1072.6071000000002,24.555993652343773,0.015776401,0.027885437,22.236992609883902,23.048181152343773,0.013602025,0.0030183792,10.572915314071397,21.618493652343773,0.013632542,0.025993347,6.391959772596905,0,0,0
2019-02-07 01:00:00,1030.611,24.403710937500023,0.015745694,0.028282166,22.83266333866285,22.677148437500023,0.013536983,0.0016202927,10.118057312090691,21.341210937500023,0.013590389,0.02319336,6.171628369775609,0,0,0
2019-02-07 02:00:00,1010.8375,24.307580566406276,0.015715288,0.028862,23.16191404191288,22.424768066406276,0.01346843,0.0009994507,10.142876979186772,21.112268066406276,0.0135676125,0.021133423,6.004126321982227,0,0,0
2019-02-07 03:00:00,984.8654,24.252008056640648,0.015700283,0.02924347,23.388376958605157,22.236383056640648,0.013422908,0.0019431114,10.01421816367546,20.939508056640648,0.013548793,0.019989014,5.836987327918759,0,0,0
2019-02-07 04:00:00,970.8917,24.257104492187523,0.015692547,0.020378113,23.042643176098867,22.053979492187523,0.013434246,0.006750107,9.391834104772212,20.803979492187523,0.013525799,0.019996643,5.652608181687129,0,0,0
2019-02-07 05:00:00,993.7222,24.199731445312523,0.01573837,0.013305664,21.752638705440177,21.824731445312523,0.013541103,0.0062065125,8.583177223143915,20.691918945312523,0.013502956,0.02027893,5.512641250980488,0,0,0
2019-02-07 06:00:00,1018.079,24.150109863281276,0.015822591,0.015384674,19.984015470585817,21.564172363281276,0.013716877,0.012771606,7.633189411833289,20.571984863281276,0.013495625,0.02016449,5.491645946473245,0,0,0
2019-02-07 07:00:00,1098.1312,25.045373535156276,0.015838165,0.016815186,22.600268526085525,23.670373535156276,0.01407196,0.018005371,11.517809371088768,21.326623535156276,0.01350357,0.019805908,5.993855038101392,0,0,0
2019-02-07 08:00:00,1246.3438999999998,26.316339111328148,0.015578691,0.03352356,26.269891424110803,26.371026611328148,0.014369432,0.012634277,15.896685963866464,23.214776611328148,0.01325554,0.015144348,6.240648808861303,0,0,0
2019-02-07 09:00:00,1341.1399,27.474176025390648,0.015391605,0.044784546,26.80513820072489,28.739801025390648,0.014075534,0.0072231293,17.124979987585252,25.419488525390648,0.012736576,0.008361816,5.948528662449719,0,0,0
2019-02-07 10:00:00,1404.8277,28.473931884765648,0.01536095,0.05104065,26.5763810811794,30.653619384765648,0.013713,0.005317688,16.83848368398648,27.427056884765648,0.012038348,0.0072841644,5.270881314065546,0,0,0
2019-02-07 11:00:00,1444.1165,29.180383300781276,0.015395315,0.056503296,26.333612999054733,32.07100830078127,0.013590964,0.0040664673,16.30373358531109,29.055383300781276,0.011634024,0.006580353,4.481533229927274,0,0,0
2019-02-07 12:00:00,1445.2166,29.6447692871094,0.015441678,0.06506348,26.2108100313592,32.9572692871094,0.013580106,0.0032787323,15.838043969499047,30.0822692871094,0.011760496,0.0048294067,3.6143341556083626,0,0,0
2019-02-07 13:00:00,1474.5179,29.875054931640648,0.0154951615,0.06564331,26.357356917412545,33.37505493164065,0.0135420365,0.0037460327,15.671440165639993,30.718804931640648,0.0115011735,0.0028533936,3.07299612858507,0,0,0
2019-02-07 14:00:00,1495.0266,29.776330566406276,0.0155481,0.065093994,26.83061799078765,33.16695556640627,0.013450016,0.0034255981,15.855300373274478,30.682580566406276,0.011657109,0.0016288757,2.8339901024558767,0,0,0
2019-02-07 15:00:00,1484.4553999999998,29.323449707031276,0.015562926,0.05848694,27.43252257226328,32.26094970703127,0.013289367,0.0027856827,16.165230632331987,30.135949707031276,0.011721526,0.00094771385,3.1669632699159656,0,0,0
2019-02-07 16:00:00,1390.0475,28.510217285156276,0.0155507615,0.04499817,27.881538632815857,30.760217285156276,0.013078838,0.0027036667,16.291718055793645,29.057092285156276,0.0117322495,0.0005393028,3.957101826014867,0,0,0
2019-02-07 17:00:00,1271.0766,27.399255371093773,0.015595039,0.04083252,27.352054140825626,28.758630371093773,0.012932381,0.0030965805,15.672215410606915,27.477380371093773,0.0118757095,0.00036776066,4.795061354339089,0,0,0
2019-02-07 18:00:00,1271.8281000000002,26.392694091796898,0.015766334,0.035446167,25.58932514548532,26.392694091796898,0.0130998595,0.004709244,12.197338708247823,25.502069091796898,0.012203406,0.00024414062,5.417882682265192,0,0,0
2019-02-07 19:00:00,1334.1109,25.890313720703148,0.015997939,0.024490356,23.92423599601801,25.038751220703148,0.013453535,0.009284973,10.57163577845106,24.023126220703148,0.012435011,0.00013256073,5.940270844266873,0,0,0
2019-02-07 20:00:00,1304.3573,25.631768798828148,0.016178343,0.024154663,22.63553878233953,24.397393798828148,0.013813232,0.01166153,10.251794581670833,23.069268798828148,0.0128252255,8.672476e-05,6.0188968248373484,0,0,0
2019-02-07 21:00:00,1267.2334,25.463037109375023,0.016220743,0.028312683,21.67397610579044,24.025537109375023,0.014065439,0.015548706,10.132133107464243,22.416162109375023,0.013001138,0.00014841557,6.227403016072187,0,0,0
2019-02-07 22:00:00,1221.6101,25.293176269531276,0.016185079,0.031013489,21.43177825997567,23.543176269531276,0.014270101,0.022979736,9.038190873833688,21.832238769531276,0.0130761005,0.00022256374,6.416254249629314,0,0,0
2019-02-07 23:00:00,1166.8226,25.100946044921898,0.016068628,0.030914307,21.08759675877142,23.077508544921898,0.014432123,0.028938293,8.525055727958318,21.343133544921898,0.013150385,0.00035989285,6.481098072474804,0,0,0
2019-02-08 00:00:00,1087.3341,24.9135681152344,0.015883207,0.024276733,20.513091954367106,22.7260681152344,0.01464343,0.03125,8.320562716308052,20.9760681152344,0.013228177,0.0013737679,6.396570759197227,0,0,0
2019-02-08 01:00:00,1073.0492,24.737329101562523,0.015714016,0.024909973,20.401228519921798,22.432641601562523,0.014897671,0.03074646,8.080758319244433,20.698266601562523,0.013303127,0.0029201508,6.288970666060879,0,0,0
2019-02-08 02:00:00,1041.7932,24.584283447265648,0.015644778,0.030952454,20.216748211919743,22.240533447265648,0.015160311,0.032165527,7.978620122479695,20.537408447265648,0.013371218,0.008968353,6.230770662747733,0,0,0
2019-02-08 03:00:00,1016.8027,24.470178222656276,0.015617663,0.03590393,20.660855242004253,22.118615722656276,0.015411669,0.027130127,7.984637626016527,20.485803222656276,0.013473803,0.021247864,6.0687032491531285,0,0,0
2019-02-08 04:00:00,988.2098,24.381280517578148,0.015726687,0.027252197,21.25795966218356,22.068780517578148,0.015577914,0.028465271,8.200655194600461,20.545343017578148,0.013590457,0.037841797,5.861638420253128,0,0,0
2019-02-08 05:00:00,1010.9618,24.299615478515648,0.015870905,0.026695251,21.548067223066777,22.057427978515648,0.015569544,0.030723572,8.716360677839491,20.698052978515648,0.013692713,0.045211792,5.672364793547239,0,0,0
2019-02-08 06:00:00,1029.6989,24.334039306640648,0.016000038,0.028663635,22.00967019915089,22.123101806640648,0.015446908,0.02481842,9.380589422646093,20.896539306640648,0.013779885,0.04878235,5.625202419453602,0,0,0
2019-02-08 07:00:00,1113.2958,25.2097106933594,0.01608351,0.026748657,24.943562284454813,24.0925231933594,0.015339644,0.02128601,13.579120562790104,21.8347106933594,0.013836653,0.051757812,6.391597208626286,0,0,0
2019-02-08 08:00:00,1276.2001,26.532312011718773,0.015770044,0.046798706,29.9083341382922,26.751062011718773,0.014568415,0.022315979,18.400493764471843,23.782312011718773,0.013713922,0.045715332,7.2039372646093165,0,0,0
2019-02-08 09:00:00,1362.1243000000002,27.722741699218773,0.015434279,0.058944702,31.586857440845257,28.925866699218773,0.013633742,0.01626587,20.127795322172023,25.996179199218773,0.0134506365,0.041763306,7.339198322432172,0,0,0
2019-02-08 10:00:00,1432.5463,28.718377685546898,0.015262943,0.05770874,31.662907778722825,30.640252685546898,0.0130237155,0.013721466,20.292160700346127,27.749627685546898,0.013065677,0.03277588,6.9250959369059695,0,0,0
2019-02-08 11:00:00,1473.2824999999998,29.385644531250023,0.015183182,0.046722412,31.398548962541643,31.854394531250023,0.012833329,0.012306213,19.857117683104565,28.838769531250023,0.013039323,0.02154541,6.358280201994498,0,0,0
2019-02-08 12:00:00,1470.2345,29.802148437500023,0.015236868,0.043701172,31.1990372729322,32.61464843750002,0.01293279,0.011692047,19.331291203126558,29.411523437500023,0.012906088,0.008556366,6.065111377319226,0,0,0
2019-02-08 13:00:00,1495.3395,29.935845947265648,0.015315841,0.043289185,31.15901114974733,32.93584594726565,0.01325209,0.012931824,18.954962893293484,29.638970947265648,0.012508224,0.0066375732,6.114783926364487,0,0,0
2019-02-08 14:00:00,1509.3951,29.799829101562523,0.015352807,0.03970337,31.104746445917925,32.69045410156252,0.0135827875,0.016319275,18.6613944991611,29.456079101562523,0.012270532,0.0073928833,6.323853294552921,0,0,0
2019-02-08 15:00:00,1484.1118,29.322534179687523,0.015352342,0.032104492,30.8398287780996,31.822534179687523,0.013792131,0.022445679,18.62339288728768,28.916284179687523,0.012113664,0.008911133,6.715815768365847,0,0,0
2019-02-08 16:00:00,1412.1835,28.507592773437523,0.0153714875,0.022071838,30.515796730507567,30.570092773437523,0.013815091,0.02936554,18.41057054156703,27.976342773437523,0.012098477,0.010604858,7.159327114815922,0,0,0
2019-02-08 17:00:00,1276.7551,27.466668701171898,0.0153870685,0.023643494,29.595997101526983,28.966668701171898,0.013906966,0.027137756,17.061053928677048,26.591668701171898,0.012243758,0.011394501,7.342534520630156,0,0,0
2019-02-08 18:00:00,1256.3368,26.471032714843773,0.015517605,0.03173828,27.644336516376445,27.017907714843773,0.014293087,0.032089233,13.471612609983875,24.885095214843773,0.012469661,0.015197754,7.286162710093967,0,0,0
2019-02-08 19:00:00,1316.9765,25.989465332031276,0.015619728,0.03236389,25.97411891702248,25.817590332031276,0.014746162,0.060775757,12.482239806116231,23.637902832031276,0.01301429,0.025688171,7.240274986398107,0,0,0
2019-02-08 20:00:00,1282.0863,25.792504882812523,0.015620518,0.025741577,24.851785772928185,25.159692382812523,0.015124607,0.06686401,12.694476937647291,22.925317382812523,0.013526249,0.032424927,7.164007058298286,0,0,0
2019-02-08 21:00:00,1230.7224,25.620477294921898,0.015591275,0.028114319,24.91012113844162,24.776727294921898,0.0153700225,0.051239014,12.990916074382906,22.487664794921898,0.013970029,0.040740967,7.129292024557793,0,0,0
2019-02-08 22:00:00,1181.3762,25.436730957031276,0.015513949,0.019119263,25.81884957088643,24.475793457031276,0.015536837,0.043685913,12.981596576323351,22.264855957031276,0.014289431,0.055877686,7.208367063704348,0,0,0
2019-02-08 23:00:00,1140.9372,25.2451110839844,0.015480864,0.014278412,26.10533918819787,24.2060485839844,0.015641082,0.055755615,12.673716463187024,22.1357360839844,0.01439749,0.06561279,7.004197298248076,0,0,0
2019-02-09 00:00:00,1077.881,25.100762939453148,0.015441494,0.019485474,26.29424849015673,24.007012939453148,0.015666561,0.044525146,12.49974820303034,22.046075439453148,0.014365749,0.07180786,6.639707140151772,0,0,0
2019-02-09 01:00:00,1040.5209,25.0090270996094,0.01533348,0.026039124,26.850206120728124,23.8449645996094,0.01566536,0.039016724,12.29270191932168,21.9621520996094,0.014383621,0.07336426,6.184888448117849,0,0,0
2019-02-09 02:00:00,1007.5208,24.923791503906276,0.015237292,0.035079956,27.545648547570085,23.790979003906276,0.015664538,0.039916992,12.217505037928431,21.900354003906276,0.014363727,0.07778931,5.7689263842761305,0,0,0
2019-02-09 03:00:00,981.5541,24.849420166015648,0.0151851,0.036102295,27.780666286313643,23.716607666015648,0.015642865,0.03816223,12.196505743443632,21.857232666015648,0.014349681,0.080718994,5.762395454832014,0,0,0
2019-02-09 04:00:00,970.9003,24.792871093750023,0.015133759,0.030838013,28.29596465223594,23.667871093750023,0.015599152,0.03414917,12.536835575468713,21.855371093750023,0.014290711,0.08053589,6.158550468543405,0,0,0
2019-02-09 05:00:00,964.3774,24.701257324218773,0.015075292,0.028396606,28.69660299048233,23.623132324218773,0.015475836,0.033737183,13.378652620771108,21.880944824218773,0.014175024,0.07992554,6.670736550036668,0,0,0
2019-02-09 06:00:00,974.7352,24.642694091796898,0.015090032,0.02519989,27.837041983157448,23.564569091796898,0.015208287,0.050308228,14.20429102577534,21.869256591796898,0.01416306,0.07785034,7.184512576013422,0,0,0
2019-02-09 07:00:00,1009.4824999999998,25.249139404296898,0.015002459,0.021209717,30.245717712453217,24.842889404296898,0.014945239,0.053634644,17.4305566758573,22.538201904296898,0.014090747,0.06692505,8.042861441238676,0,0,0
2019-02-09 08:00:00,1128.9978,26.285699462890648,0.01469796,0.020324707,34.413787811049026,26.848199462890648,0.014419487,0.05470276,21.409044383075216,24.020074462890648,0.013568809,0.054870605,8.850391650828051,0,0,0
2019-02-09 09:00:00,1208.9729,27.255151367187523,0.014561528,0.023704529,35.59824591612188,28.794213867187523,0.013844365,0.038909912,22.75477737066387,25.731713867187523,0.0129708,0.037002563,8.809892504033021,0,0,0
2019-02-09 10:00:00,1269.6093,28.172570800781276,0.014504995,0.013851166,35.81571054817024,30.328820800781276,0.013448324,0.029785156,22.959700385607714,27.281945800781276,0.012536611,0.02482605,8.516538977614472,0,0,0
2019-02-09 11:00:00,1301.9211,28.942285156250023,0.014531471,0.012718201,35.611171812527154,31.465722656250023,0.013242103,0.023391724,22.750119789562717,28.286035156250023,0.012360908,0.017623901,8.19906612753974,0,0,0
2019-02-09 12:00:00,1287.0728,29.378320312500023,0.014561721,0.010982513,35.65197097872667,32.24550781250002,0.012997695,0.017593384,22.628440408203502,28.784570312500023,0.012288162,0.014503479,7.83594248504328,0,0,0
2019-02-09 13:00:00,1261.4539,29.467980957031276,0.014592193,0.014591217,35.73504964587792,32.45235595703127,0.012940429,0.013504028,22.53983193010764,28.913293457031276,0.012150787,0.01576233,7.74409798124293,0,0,0
2019-02-09 14:00:00,1244.2247,29.260705566406276,0.0145754535,0.014328003,35.719754845609856,32.07320556640627,0.012988539,0.0114097595,22.42931940332752,28.698205566406276,0.011935683,0.018447876,7.846108282224482,0,0,0
2019-02-09 15:00:00,1232.2582,28.780206298828148,0.01448329,0.01177597,35.49617909675279,31.092706298828148,0.012968855,0.010875702,22.37089510126575,28.030206298828148,0.011805372,0.01890564,8.244061916601892,0,0,0
2019-02-09 16:00:00,1195.9295,27.961022949218773,0.014426641,0.008583069,35.016758735411024,29.726647949218773,0.012957983,0.01253891,21.98019695606796,26.984460449218773,0.011786871,0.017738342,8.916449109807289,0,0,0
2019-02-09 17:00:00,1151.2566,26.808892822265648,0.014481142,0.008556366,33.9241104672782,28.105767822265648,0.013157442,0.014743805,20.430037072774045,25.574517822265648,0.0119443685,0.020629883,9.38771347433032,0,0,0
2019-02-09 18:00:00,1170.6654,25.766870117187523,0.01463439,0.014751434,32.09233654917552,26.344995117187523,0.013665457,0.018974304,16.79815069646921,23.907495117187523,0.012402792,0.043304443,9.12881365786644,0,0,0
2019-02-09 19:00:00,1241.9898,25.3366638183594,0.014769277,0.023200989,30.96204690243641,25.3601013183594,0.014288625,0.03741455,15.287212548161806,22.7819763183594,0.0130564775,0.06536865,8.786905751002566,0,0,0
2019-02-09 20:00:00,1221.1629999999998,25.169030761718773,0.014791538,0.022079468,30.56599134103385,24.778405761718773,0.014688541,0.06329346,15.231667547877432,22.262780761718773,0.013467838,0.061798096,8.464345598336653,0,0,0
2019-02-09 21:00:00,1183.1248,25.036035156250023,0.014787471,0.019844055,30.23830733875312,24.379785156250023,0.01480273,0.05406189,15.220117968228658,22.051660156250023,0.013669765,0.062026978,8.071487215410198,0,0,0
2019-02-09 22:00:00,1139.1113,24.904321289062523,0.01482764,0.018356323,29.882928308599126,24.029321289062523,0.014896304,0.046188354,14.72772983188436,22.013696289062523,0.013732822,0.06896973,7.820091165464866,0,0,0
2019-02-09 23:00:00,1089.2456,24.7761169433594,0.014860971,0.01878357,29.62765013611256,23.7761169433594,0.01493345,0.032821655,14.59821700613814,21.9948669433594,0.01379667,0.07247925,7.629785915586083,0,0,0
2019-02-10 00:00:00,1043.3692,24.640710449218773,0.014867978,0.021270752,29.418024011118597,23.562585449218773,0.014906125,0.02533722,14.550636324781632,21.961022949218773,0.013799863,0.07159424,7.517686269194866,0,0,0
2019-02-10 01:00:00,1014.2035,24.529199218750023,0.014856166,0.026809692,29.21412538602367,23.372949218750023,0.01486761,0.01701355,14.562077777291758,21.833886718750023,0.013822383,0.08532715,7.572382861969669,0,0,0
2019-02-10 02:00:00,978.6507,24.444299316406276,0.014848038,0.031089783,29.06539986792581,23.303674316406276,0.014825149,0.019004822,14.661837246250789,21.733361816406276,0.013890549,0.087890625,7.76868729508521,0,0,0
2019-02-10 03:00:00,940.8006,24.400262451171898,0.01480551,0.034500122,29.04858802607441,23.251824951171898,0.014790251,0.017852783,14.821243741746036,21.712762451171898,0.013981535,0.088653564,8.022445571633945,0,0,0
2019-02-10 04:00:00,934.2002,24.381219482421898,0.01472772,0.031661987,28.411553399579343,23.232781982421898,0.014762052,0.017066956,14.781040502116056,21.764031982421898,0.014022001,0.08236694,7.996006779647327,0,0,0
2019-02-10 05:00:00,929.704,24.371850585937523,0.014658064,0.025047302,27.278380265463465,23.192163085937523,0.014692396,0.015792847,14.237721343157766,21.809350585937523,0.0140553415,0.07055664,7.934046735129233,0,0,0
2019-02-10 06:00:00,922.7071,24.435021972656276,0.014618279,0.022010803,26.873893736315573,23.224084472656276,0.014618279,0.01001358,14.33569368193549,21.833459472656276,0.014027001,0.06689453,7.914135717748057,0,0,0
2019-02-10 07:00:00,917.367,25.1315856933594,0.014569868,0.015113831,28.981343781017397,24.6550231933594,0.014501204,0.006969452,16.344162176999664,22.4284606933594,0.0140129225,0.062286377,7.991917680677254,0,0,0
2019-02-10 08:00:00,967.3453,26.206750488281276,0.014367301,0.008506775,31.79216989528068,26.894250488281276,0.01400109,0.005630493,19.048909193633246,23.956750488281276,0.013676841,0.054779053,7.93930488791503,0,0,0
2019-02-10 09:00:00,1004.631,27.293847656250023,0.014333092,0.0026025772,31.716870633978065,28.864160156250023,0.013451897,0.0026655197,20.132822595311787,25.786035156250023,0.013146721,0.040527344,7.398696083456298,0,0,0
2019-02-10 10:00:00,1060.6731,28.246850585937523,0.014337217,0.0021028519,31.21321635923285,30.528100585937523,0.012990629,0.0019412041,20.1054072380422,27.434350585937523,0.012712156,0.03930664,6.946127044319915,0,0,0
2019-02-10 11:00:00,1100.1881999999998,28.956842041015648,0.014413961,0.0043411255,30.73790533629269,31.784967041015648,0.01273168,0.0017032623,19.47624774113892,28.503717041015648,0.012815603,0.037887573,6.300973735217585,0,0,0
2019-02-10 12:00:00,1131.6645,29.365075683593773,0.014558943,0.009803772,30.112925403673213,32.59945068359377,0.012693556,0.001502037,18.93736497283236,29.130700683593773,0.012933882,0.043762207,5.901358011716142,0,0,0
2019-02-10 13:00:00,1140.9119,29.434289550781276,0.014657996,0.02255249,29.65419330246436,32.85616455078127,0.012830756,0.0016188622,18.735454685383708,29.403039550781276,0.012880347,0.041915894,5.801065689049048,0,0,0
2019-02-10 14:00:00,1132.6957,29.2512145996094,0.014707336,0.0345459,29.39643445873528,32.5012145996094,0.01289917,0.0018100739,18.61685932620954,29.3137145996094,0.012696991,0.04675293,5.798718649632874,0,0,0
2019-02-10 15:00:00,1132.6124,28.753106689453148,0.01468438,0.034072876,29.25246590416968,31.518731689453148,0.012906731,0.0030698776,18.44454823404752,28.862481689453148,0.012639702,0.041793823,5.878848003111576,0,0,0
2019-02-10 16:00:00,1118.6527,28.0141540527344,0.014646333,0.021087646,29.15736024564193,30.0766540527344,0.012826722,0.008152008,18.176892343940512,28.0610290527344,0.012677949,0.040222168,6.164020364711622,0,0,0
2019-02-10 17:00:00,1084.71,27.0414978027344,0.014620013,0.019828796,28.34420891605812,28.3227478027344,0.012735552,0.016952515,17.244299382870118,26.8071228027344,0.012918658,0.03437805,6.413493270241203,0,0,0
2019-02-10 18:00:00,1111.9741,26.118463134765648,0.014742398,0.029922485,26.3775645205197,26.446588134765648,0.012945675,0.025413513,14.134285575049098,25.212213134765648,0.0133843655,0.040298462,6.285516220415352,0,0,0
2019-02-10 19:00:00,1163.581,25.669061279296898,0.01494997,0.03099823,24.790009830622168,25.403436279296898,0.013397388,0.020706177,12.958960949253507,24.059686279296898,0.013580494,0.05328369,6.6373924634595225,0,0,0
2019-02-10 20:00:00,1162.5353,25.466943359375023,0.015072009,0.01676178,23.78369135793212,24.857568359375023,0.013916155,0.022819519,12.84368675494807,23.318505859375023,0.013969561,0.05784607,6.87248129466409,0,0,0
2019-02-10 21:00:00,1151.6797,25.243737792968773,0.015250585,0.003613472,22.714428911194727,24.485925292968773,0.014354131,0.025512695,12.730933458216224,22.798425292968773,0.014197729,0.065093994,6.718028454737636,0,0,0
2019-02-10 22:00:00,1123.8058999999998,24.997369384765648,0.015505947,0.0038661957,22.50272664142788,24.239556884765648,0.014586605,0.034179688,13.016355039128223,22.473931884765648,0.014266171,0.07745361,6.826811950275102,0,0,0
2019-02-10 23:00:00,1065.8149,24.867486572265648,0.015592134,0.016288757,24.080983211683996,24.054986572265648,0.014722383,0.04559326,13.324848115495554,22.258111572265648,0.014337098,0.08984375,6.745786114488748,0,0,0
2019-02-11 00:00:00,1036.1498,24.823541259765648,0.015534606,0.042556763,25.25133332310844,23.925103759765648,0.014825072,0.0725708,13.451021534298503,22.104791259765648,0.014390197,0.10324097,6.690074802887117,0,0,0
2019-02-11 01:00:00,997.1090000000002,24.758081054687523,0.015554819,0.07058716,24.980482664675563,23.875268554687523,0.014864359,0.090148926,13.382333120655654,21.984643554687523,0.014425669,0.12017822,6.520170147436789,0,0,0
2019-02-11 02:00:00,978.9419,24.653833007812523,0.015710067,0.078308105,24.190890705288933,23.849145507812523,0.014840315,0.09136963,13.340523500250738,21.911645507812523,0.0144321425,0.13824463,6.354411225495646,0,0,0
2019-02-11 03:00:00,957.229,24.548211669921898,0.015892118,0.07623291,24.499267405242037,23.759149169921898,0.01484689,0.07901001,13.039363077675056,21.891961669921898,0.014366238,0.14849854,6.488529780690291,0,0,0
2019-02-11 04:00:00,946.968,24.467553710937523,0.01603646,0.073272705,23.540605048714664,23.670678710937523,0.014869164,0.06387329,12.560509950526896,21.881616210937523,0.014296959,0.14172363,6.385864756192947,0,0,0
2019-02-11 05:00:00,972.4307,24.423944091796898,0.016127704,0.06719971,21.68132312242192,23.533319091796898,0.014899371,0.035858154,11.883127133870794,21.877069091796898,0.014285205,0.12835693,6.158573297033303,0,0,0
2019-02-11 06:00:00,993.5042,24.497491455078148,0.016096896,0.07424927,20.81603076575408,23.364678955078148,0.014983004,0.013885498,11.234061280009897,21.888116455078148,0.014326876,0.11135864,6.070368718067381,0,0,0
2019-02-11 07:00:00,1096.2696,25.058068847656276,0.016058158,0.066101074,21.585439351947453,24.831506347656276,0.01516552,0.007331848,13.824940410575268,22.479943847656276,0.014356804,0.09390259,6.3893273324577375,0,0,0
2019-02-11 08:00:00,1265.734,26.008081054687523,0.015782991,0.060562134,24.067805446970088,27.164331054687523,0.014871279,0.01234436,17.099158657859185,23.984643554687523,0.014112154,0.06982422,6.63360592682956,0,0,0
2019-02-11 09:00:00,1357.1589,27.004998779296898,0.015575992,0.051879883,24.301737405337278,29.364373779296898,0.014164554,0.010799408,17.69234779593219,25.887811279296898,0.013607608,0.054382324,6.349370342485365,0,0,0
2019-02-11 10:00:00,1428.2454,27.975915527343773,0.01550716,0.041656494,23.869508300626386,31.194665527343773,0.013805805,0.0075149536,16.659512333687594,27.694665527343773,0.013187824,0.04626465,5.621092453798061,0,0,0
2019-02-11 11:00:00,1463.3154000000002,28.760644531250023,0.015487993,0.043411255,23.321179789149017,32.55751953125002,0.013767565,0.011756897,15.271137704491789,29.088769531250023,0.013405168,0.039764404,4.2883196878543535,0,0,0
2019-02-11 12:00:00,1470.8916,29.313623046875023,0.015491514,0.04840088,22.869352210060796,33.31362304687502,0.013748197,0.02355957,14.24156559342258,30.126123046875023,0.013202695,0.04197693,3.201774284093771,0,0,0
2019-02-11 13:00:00,1503.6983,29.536584472656276,0.0154914055,0.046066284,22.433947724331688,33.56783447265627,0.013717571,0.034118652,13.738111143254876,30.645959472656276,0.01317207,0.048538208,2.4741143029019814,0,0,0
2019-02-11 14:00:00,1506.138,29.490563964843773,0.015444263,0.038589478,22.07403350822558,33.31868896484377,0.013658985,0.03201294,13.702980413424422,30.631188964843773,0.013418659,0.061553955,2.112935045127651,0,0,0
2019-02-11 15:00:00,1484.1056,29.158959960937523,0.015385669,0.029129028,22.13475916915661,32.53395996093752,0.013539355,0.024665833,13.935436842592932,30.112084960937523,0.01367287,0.070007324,2.087746014061002,0,0,0
2019-02-11 16:00:00,1405.8601999999998,28.5039001464844,0.0153313,0.01637268,22.564511520876785,31.1757751464844,0.013408693,0.015655518,14.20943171009755,29.2070251464844,0.013816865,0.05897522,2.38748747537733,0,0,0
2019-02-11 17:00:00,1289.8655,27.448876953125023,0.015334475,0.011425018,22.897967065919914,29.245751953125023,0.013415682,0.011203766,13.956917013858694,27.933251953125023,0.013961184,0.052246094,3.0174340264441364,0,0,0
2019-02-11 18:00:00,1286.5074000000002,26.3310485839844,0.015434377,0.012950897,22.4885416380183,26.9247985839844,0.01369869,0.012298584,11.47927794654665,26.3154235839844,0.014076345,0.055923462,3.6070432428528703,0,0,0
2019-02-11 19:00:00,1327.72,25.691247558593773,0.015607408,0.015346527,21.892305835831237,25.581872558593773,0.014092973,0.011375427,10.403181689753358,25.042810058593773,0.014405779,0.05996704,4.348292719479656,0,0,0
2019-02-11 20:00:00,1297.4945,25.385827636718773,0.015819512,0.015792847,20.624252782984534,24.737390136718773,0.0146827325,0.010540009,9.808009370192616,24.190515136718773,0.014675103,0.065979004,4.643129872622355,0,0,0
2019-02-11 21:00:00,1262.1893,25.238488769531276,0.015995553,0.016273499,19.513742504845403,24.324426269531276,0.015156318,0.017456055,9.734469477652729,23.722863769531276,0.014862587,0.070892334,4.435888168528256,0,0,0
2019-02-11 22:00:00,1206.5052999999998,25.147424316406276,0.01615538,0.018562317,18.8199513751546,24.123986816406276,0.0153390365,0.026176453,9.573865388024712,23.428674316406276,0.014930864,0.065582275,4.456339672839596,0,0,0
2019-02-11 23:00:00,1154.8707,25.043603515625023,0.01630545,0.02117157,17.878119776644493,23.902978515625023,0.0153327035,0.029037476,8.857614571188094,23.168603515625023,0.014966493,0.060134888,4.5090714001513215,0,0,0
2019-02-12 00:00:00,1086.5494,24.922143554687523,0.016433442,0.023330688,16.46214746606092,23.539331054687523,0.015277589,0.031211853,7.715897094823471,22.898706054687523,0.014972413,0.058792114,4.436288155579472,0,0,0
2019-02-12 01:00:00,1064.1611,24.828393554687523,0.01648639,0.021720886,15.473877967498238,23.265893554687523,0.015185577,0.030441284,7.0908533065442265,22.586206054687523,0.014941436,0.064453125,4.31382695224762,0,0,0
2019-02-12 02:00:00,1035.3646,24.751000976562523,0.016516969,0.018562317,15.262880962594195,23.040063476562523,0.015048309,0.027420044,6.46565875952173,22.297875976562523,0.0149186095,0.07388306,4.238558719676018,0,0,0
2019-02-12 03:00:00,1009.9388,24.668664550781276,0.01658547,0.015983582,14.455419803040275,22.840539550781276,0.01488793,0.021827698,5.89052804234695,22.067102050781276,0.014868856,0.07751465,4.242090159611383,0,0,0
2019-02-12 04:00:00,972.2509,24.556909179687523,0.016692398,0.016563416,13.323664494161452,22.658471679687523,0.014754533,0.010219574,5.484974708046756,21.892846679687523,0.014788865,0.07028198,4.313557085594483,0,0,0
2019-02-12 05:00:00,986.6351,24.417779541015648,0.016822675,0.02091217,11.569598189410222,22.394342041015648,0.014678815,0.0034732819,5.168090121342636,21.714654541015648,0.014709333,0.061447144,4.237765494612591,0,0,0
2019-02-12 06:00:00,1019.0005,24.389703369140648,0.01692276,0.02167511,10.338121381209788,22.210015869140648,0.014691163,0.0022172928,5.073589081845044,21.561578369140648,0.014626313,0.055770874,4.05877231414366,0,0,0
2019-02-12 07:00:00,1107.8121,25.173883056640648,0.01693909,0.025436401,13.054607761762762,24.455133056640648,0.01486771,0.0029029846,8.693863763345968,22.267633056640648,0.01449387,0.05230713,4.293793377386479,0,0,0
2019-02-12 08:00:00,1247.9115000000002,26.204461669921898,0.016642427,0.038253784,15.250078595068349,27.274774169921898,0.014830447,0.0027980804,12.017466136423597,23.970086669921898,0.013956881,0.044540405,4.323403898549037,0,0,0
2019-02-12 09:00:00,1360.8151,27.305139160156276,0.016445229,0.039001465,15.002284524517918,29.656701660156276,0.014492103,0.002409935,11.308360708414863,25.828576660156276,0.013183662,0.03553772,3.966943724490574,0,0,0
2019-02-12 10:00:00,1419.7433,28.358117675781276,0.01632345,0.041625977,14.241275292843431,31.662805175781276,0.014633539,0.0020942688,9.042925587100012,27.826867675781276,0.012363794,0.021354675,3.047530841374042,0,0,0
2019-02-12 11:00:00,1477.8977,29.216119384765648,0.016223963,0.053390503,13.852347693481194,33.26299438476565,0.014732417,0.0021219254,7.14417343686933,29.762994384765648,0.0118370615,0.010234833,1.654184162213923,0,0,0
2019-02-12 12:00:00,1480.302,29.851739501953148,0.016108984,0.067352295,13.693079114991416,34.49236450195315,0.014472479,0.012283325,5.940952997920329,31.054864501953148,0.012076849,0.0057201385,0.697542140210703,0,0,0
2019-02-12 13:00:00,1518.9288,30.262750244140648,0.015993671,0.07772827,13.893381708491694,35.20025024414065,0.014299945,0.030853271,5.481392668690951,31.950250244140648,0.011629657,0.0019521713,1.283547793568111,0,0,0
2019-02-12 14:00:00,1533.9054,30.440820312500023,0.015878793,0.081848145,14.299228930192244,35.28457031250002,0.014200327,0.038391113,5.551146826950297,32.30019531250002,0.011537668,0.0007197857,2.243355132399022,0,0,0
2019-02-12 15:00:00,1512.3028,30.139428710937523,0.015794093,0.074523926,15.183775584999438,35.04567871093752,0.0141728455,0.0466156,5.903786979460941,31.842553710937523,0.012036615,0.00065755844,3.0744017507525783,0,0,0
2019-02-12 16:00:00,1430.4784,29.503106689453148,0.015778143,0.04386902,15.958649082230774,33.98748168945315,0.014240821,0.040603638,5.9591700054051415,30.690606689453148,0.012856086,0.00079751015,3.455797010540096,0,0,0
2019-02-12 17:00:00,1329.2411,28.539147949218773,0.015838794,0.02936554,16.17179475183894,32.38289794921877,0.0147287175,0.046691895,4.800556973090944,29.007897949218773,0.013706379,0.0027484894,3.478083788686737,0,0,0
2019-02-12 18:00:00,1343.2901,27.359185791015648,0.016021999,0.019859314,15.979832479770964,29.593560791015648,0.016075404,0.03791809,2.2264858642239047,27.046685791015648,0.014427455,0.010372162,3.4787595679000445,0,0,0
2019-02-12 19:00:00,1421.1601,26.452539062500023,0.016266795,0.015033722,16.075526592830993,28.296289062500023,0.01621339,0.02570343,2.609106888388324,25.686914062500023,0.01501176,0.012042999,3.484060313978304,0,0,0
2019-02-12 20:00:00,1393.6423,25.8784118652344,0.016414426,0.019439697,15.303570947737704,27.5112243652344,0.016025327,0.029411316,3.1488481868080678,24.7768493652344,0.015338683,0.018417358,3.1627753729667507,0,0,0
2019-02-12 21:00:00,1340.3666,25.567590332031276,0.016524686,0.021598816,14.248276005911206,26.731652832031276,0.01634158,0.04638672,3.4741880030780146,24.020715332031276,0.015544308,0.032852173,3.199795419888784,0,0,0
2019-02-12 22:00:00,1278.8671,25.330529785156276,0.016632495,0.022888184,13.785339894551052,26.182092285156276,0.016365467,0.05152893,4.263679030338562,23.471154785156276,0.01562923,0.044387817,3.301061892886364,0,0,0
2019-02-12 23:00:00,1234.2389,25.1367126464844,0.016755136,0.017753601,13.742094706817891,25.6757751464844,0.016305001,0.04814148,4.760474631904712,23.1132751464844,0.0156298,0.055526733,3.398121634701453,0,0,0
2019-02-13 00:00:00,1163.8662,24.948297119140648,0.016860591,0.01941681,13.699145169284856,25.190484619140648,0.016227352,0.05026245,4.7334825939947605,22.838922119140648,0.015597926,0.06021118,3.3623053412834283,0,0,0
2019-02-13 01:00:00,1088.2652,24.803582763671898,0.016880808,0.021911621,13.8019739149063,24.780145263671898,0.016217051,0.06173706,4.469433503064775,22.600457763671898,0.015568553,0.060897827,3.2817154210932893,0,0,0
2019-02-13 02:00:00,1045.3927,24.704034423828148,0.016871167,0.023368835,13.63631405380945,24.469659423828148,0.016222669,0.07650757,4.25332547849769,22.414971923828148,0.015509321,0.056777954,3.3431952114295487,0,0,0
2019-02-13 03:00:00,1022.7426,24.612268066406276,0.016870258,0.025238037,12.49168647491398,24.182580566406276,0.01622176,0.07537842,4.080060407527951,22.315393066406276,0.0154435625,0.051696777,3.4657758716046043,0,0,0
2019-02-13 04:00:00,1001.2276,24.531579589843773,0.016969392,0.025428772,10.59544811041045,23.906579589843773,0.016221711,0.06274414,4.015154856905629,22.187829589843773,0.0153634045,0.05317688,3.3479070018034567,0,0,0
2019-02-13 05:00:00,1003.2,24.431115722656276,0.017060736,0.022865295,9.03925642618248,23.720178222656276,0.016229132,0.054504395,4.361412487725971,22.071740722656276,0.015248754,0.057434082,3.352490165747229,0,0,0
2019-02-13 06:00:00,1033.3871,24.4409118652344,0.017090613,0.021347046,9.117097161245075,23.7768493652344,0.016259009,0.04699707,4.945933075787959,22.0268493652344,0.015156561,0.060531616,3.230206704449399,0,0,0
2019-02-13 07:00:00,1123.6871999999998,25.212670898437523,0.016991,0.023857117,13.255725950595648,25.376733398437523,0.016281467,0.037368774,8.952453984384913,22.790795898437523,0.015125615,0.062561035,3.4810608516241084,0,0,0
2019-02-13 08:00:00,1283.8801,26.256890869140648,0.016632343,0.044067383,16.39653278078769,27.467828369140648,0.016083026,0.037094116,11.25620995598617,24.647515869140648,0.0146944765,0.053268433,3.672055586899029,0,0,0
2019-02-13 09:00:00,1358.3372,27.320336914062523,0.016365396,0.05177307,17.242100295004892,29.507836914062523,0.015655862,0.03694153,11.15803161243556,26.914086914062523,0.013943062,0.038970947,3.2219018870285394,0,0,0
2019-02-13 10:00:00,1429.3257,28.379937744140648,0.016228268,0.04650879,17.16352320855669,31.270562744140648,0.015484402,0.030685425,10.062824231723155,28.754937744140648,0.013462612,0.03529358,2.2473623360045187,0,0,0
2019-02-13 11:00:00,1482.3165,29.301965332031276,0.016113983,0.045898438,16.956063838376913,32.86446533203127,0.015343415,0.01966095,9.085843579896675,30.067590332031276,0.013779389,0.038345337,0.9738760650623068,0,0,0
2019-02-13 12:00:00,1498.5639,29.992578125000023,0.016060537,0.046203613,17.19897216564663,34.16445312500002,0.015083973,0.013263702,8.51056281410588,31.070703125000023,0.013752644,0.044708252,0.584465407706609,0,0,0
2019-02-13 13:00:00,1530.6866,30.463830566406276,0.01601409,0.04373169,17.944086819061578,34.90133056640627,0.014720908,0.022956848,8.31173903574576,31.698205566406276,0.013473502,0.041107178,1.2665794588276489,0,0,0
2019-02-13 14:00:00,1540.494,30.550805664062523,0.016005818,0.054031372,19.074972626152743,35.05080566406252,0.014457052,0.026130676,8.193418057000821,31.707055664062523,0.013629262,0.04763794,2.422073077561786,0,0,0
2019-02-13 15:00:00,1528.3164,30.081140136718773,0.016005239,0.05583191,20.3369939233501,34.70614013671877,0.0143038845,0.037368774,8.152946613505206,31.018640136718773,0.0142275905,0.06201172,3.3499081371294976,0,0,0
2019-02-13 16:00:00,1459.7894,29.196496582031276,0.016080711,0.04777527,21.462820082040093,33.58712158203127,0.014291617,0.028831482,8.061643574494743,29.696496582031276,0.014875266,0.07977295,3.7213920222235184,0,0,0
2019-02-13 17:00:00,1319.7818,27.982263183593773,0.016171847,0.053115845,21.863659155658382,32.06038818359377,0.014512452,0.018318176,7.231883740824095,28.185388183593773,0.015370759,0.08190918,3.705820212444264,0,0,0
2019-02-13 18:00:00,1318.9581,26.892297363281276,0.01624884,0.04710388,21.290952410378814,29.423547363281276,0.015318055,0.023612976,4.185993805065574,26.736047363281276,0.015661377,0.088012695,3.3691682021629528,0,0,0
2019-02-13 19:00:00,1365.1685,26.355432128906276,0.016365414,0.03390503,19.727846284030797,28.097619628906276,0.0153812235,0.025794983,5.44996775346368,25.714807128906276,0.015900021,0.07388306,2.923897858363381,0,0,0
2019-02-13 20:00:00,1338.9952999999998,26.119958496093773,0.016504535,0.029083252,17.426600282324213,27.065270996093773,0.015550861,0.023475647,6.912218537213734,25.034020996093773,0.01607729,0.054656982,2.503949841671845,0,0,0
2019-02-13 21:00:00,1297.285,25.944787597656276,0.016643513,0.025131226,15.56397721598773,26.218225097656276,0.015758503,0.02267456,6.227150704087581,24.515100097656276,0.016124714,0.055603027,2.257415824283981,0,0,0
2019-02-13 22:00:00,1258.415,25.732141113281276,0.0167522,0.022346497,15.241862342764458,25.685266113281276,0.01586719,0.033981323,5.363785617614988,24.138391113281276,0.016057925,0.06524658,2.189327153742909,0,0,0
2019-02-13 23:00:00,1179.331,25.493768310546898,0.016797533,0.022377014,15.722543992223471,25.314080810546898,0.015981188,0.052093506,4.746374015162425,23.845330810546898,0.015882006,0.07040405,2.419239464848349,0,0,0
2019-02-14 00:00:00,1136.6869000000002,25.278527832031276,0.016765613,0.020874023,16.549965158293315,25.012902832031276,0.016132373,0.066986084,4.595120582866302,23.536340332031276,0.015758533,0.07232666,2.672038055263138,0,0,0
2019-02-14 01:00:00,1084.9633,25.071862792968773,0.016711144,0.016487122,16.67774927446196,24.681237792968773,0.016322045,0.071899414,4.313897863311723,23.274987792968773,0.015631584,0.07589722,2.751096882976777,0,0,0
2019-02-14 02:00:00,1065.3673,24.872827148437523,0.016694589,0.021865845,14.962497521880668,24.388452148437523,0.016458077,0.069732666,4.4294440502298045,23.044702148437523,0.015534921,0.08377075,2.9930060304427397,0,0,0
2019-02-14 03:00:00,1030.5595999999998,24.783105468750023,0.016686859,0.03904724,13.68884382784089,24.165917968750023,0.016572418,0.07574463,4.8893481221436135,22.900292968750023,0.015412749,0.09060669,3.4535419692221363,0,0,0
2019-02-14 04:00:00,1010.8315,24.732049560546898,0.016678255,0.043670654,13.231110618841027,24.083612060546898,0.016632479,0.08868408,5.488647299292002,22.755487060546898,0.015320223,0.097473145,3.798818065639798,0,0,0
2019-02-14 05:00:00,1028.0545,24.687768554687523,0.016647095,0.036956787,14.020017618121996,24.015893554687523,0.016631836,0.08615112,5.849790569371297,22.617456054687523,0.015250916,0.10229492,4.014420629007725,0,0,0
2019-02-14 06:00:00,1034.5925,24.701593017578148,0.016623829,0.030044556,15.806217158273268,24.014093017578148,0.016631458,0.068359375,6.376530201088638,22.521905517578148,0.015242908,0.095214844,4.233918470708625,0,0,0
2019-02-14 07:00:00,1132.9017,25.369897460937523,0.01652436,0.03779602,20.833007606503127,25.323022460937523,0.016631171,0.04714966,10.125656716983611,23.104272460937523,0.01525788,0.07611084,4.806841855756358,0,0,0
2019-02-14 08:00:00,1289.5817,26.339746093750023,0.016257044,0.055160522,23.989144311538183,27.589746093750023,0.016127344,0.030082703,14.454957231836378,24.847558593750023,0.015002009,0.051239014,5.232537191215988,0,0,0
2019-02-14 09:00:00,1376.7682,27.274926757812523,0.016043257,0.062149048,23.68128131492882,29.876489257812523,0.015398573,0.023483276,15.648047269925293,27.024926757812523,0.014517378,0.027870178,5.135577300101933,0,0,0
2019-02-14 10:00:00,1455.9566,28.103784179687523,0.015875239,0.059036255,21.88187245559863,31.838159179687523,0.015032191,0.023117065,15.135682272981697,29.088159179687523,0.014101405,0.021987915,4.244634398497755,0,0,0
2019-02-14 11:00:00,1522.4665,28.933923339843773,0.015745265,0.046844482,19.92041975383414,33.32454833984377,0.014890772,0.020866394,14.11831666805752,30.730798339843773,0.01366244,0.022033691,2.7751929344947235,0,0,0
2019-02-14 12:00:00,1516.6846,29.716394042968773,0.015653372,0.030403137,18.86509271173776,34.40389404296877,0.014779807,0.016555786,13.381171209966618,31.888269042968773,0.013314963,0.018577576,1.6770554997126708,0,0,0
2019-02-14 13:00:00,1549.6517,30.225640869140648,0.01559955,0.019111633,18.57542807084501,35.03814086914065,0.014588655,0.012401581,12.670527103482245,32.41314086914065,0.013299287,0.014118195,1.0012878457964114,0,0,0
2019-02-14 14:00:00,1550.362,30.421228027343773,0.015553411,0.01166153,18.777455021318428,35.18685302734377,0.014378484,0.00838089,11.965304571500448,32.49935302734377,0.013215002,0.010677338,0.6649445669116164,0,0,0
2019-02-14 15:00:00,1533.3834000000002,30.248834228515648,0.015503778,0.009109497,19.431997610331518,34.78008422851565,0.014229669,0.006198883,11.51900097329849,32.06133422851565,0.013253107,0.012466431,0.5059891267016267,0,0,0
2019-02-14 16:00:00,1444.0943,29.611108398437523,0.015515488,0.008491516,20.04265613336643,33.75173339843752,0.014180344,0.0057964325,11.243188062178524,31.032983398437523,0.013447922,0.019096375,0.5313279515465115,0,0,0
2019-02-14 17:00:00,1296.9776,28.453271484375023,0.015611311,0.012477875,20.589190504364176,31.875146484375023,0.01436772,0.00598526,10.782977803976271,29.484521484375023,0.013883254,0.019950867,0.8993267014413658,0,0,0
2019-02-14 18:00:00,1280.0673000000002,27.143334960937523,0.015829625,0.014431,21.106165877229085,29.174584960937523,0.01502091,0.0069675446,8.760684969524581,27.346459960937523,0.01507813,0.029541016,1.09838924057762,0,0,0
2019-02-14 19:00:00,1334.1544,26.272973632812523,0.01610471,0.01543808,21.72943624805308,27.366723632812523,0.015475284,0.010852814,9.531870825388095,25.796411132812523,0.015532505,0.04147339,1.1643423125613095,0,0,0
2019-02-14 20:00:00,1315.1255,25.822045898437523,0.016358297,0.013492584,20.71632736472423,26.212670898437523,0.015931051,0.014328003,9.412917704641613,24.861108398437523,0.015519063,0.042419434,1.8812101860522523,0,0,0
2019-02-14 21:00:00,1267.3749,25.586785888671898,0.016589671,0.013027191,18.61207004355379,25.547723388671898,0.01609376,0.016395569,8.022534927667776,24.243035888671898,0.015555888,0.04144287,2.225607824347665,0,0,0
2019-02-14 22:00:00,1228.6558,25.415582275390648,0.016720999,0.021476746,17.640795313753795,25.017144775390648,0.016064871,0.013496399,7.723270037373447,23.759332275390648,0.015542258,0.039352417,2.1448411861395185,0,0,0
2019-02-14 23:00:00,1183.3509,25.253320312500023,0.016827144,0.028930664,16.95057563817029,24.503320312500023,0.016155757,0.008979797,7.338306981799743,23.401757812500023,0.015373744,0.03401184,2.2905124839637363,0,0,0
2019-02-15 00:00:00,1127.8599,25.086206054687523,0.016947823,0.03816223,16.19019096954607,23.898706054687523,0.016253548,0.0057373047,6.253714615734888,23.133081054687523,0.015238837,0.03012085,2.761093601548238,0,0,0
2019-02-15 01:00:00,1077.5666,24.931481933593773,0.017030464,0.04197693,15.558040058877369,23.392419433593773,0.016298043,0.0035333633,5.845903253261773,22.837731933593773,0.015184151,0.029884338,2.968513113107579,0,0,0
2019-02-15 02:00:00,1045.4351,24.810235595703148,0.017067395,0.042526245,15.611992495911048,23.036798095703148,0.016327344,0.0025138855,5.795785313107265,22.497735595703148,0.015148602,0.029411316,3.0630106005956903,0,0,0
2019-02-15 03:00:00,1027.4699,24.711083984375023,0.01711996,0.04197693,15.913467921974489,22.757958984375023,0.016349392,0.0037899017,5.690307045212836,22.234521484375023,0.015040952,0.030967712,3.2293100388395777,0,0,0
2019-02-15 04:00:00,1007.2162,24.633447265625023,0.017172767,0.03765869,15.374097844149569,22.547509765625023,0.016341163,0.0120277405,5.58135558367026,22.008447265625023,0.014922095,0.03591919,3.4171568692565253,0,0,0
2019-02-15 05:00:00,1005.1776,24.562768554687523,0.017195627,0.036468506,14.583142192060246,22.383081054687523,0.016295359,0.016090393,5.492300557130052,21.820581054687523,0.014819072,0.03956604,3.528776633377995,0,0,0
2019-02-15 06:00:00,1035.8833,24.583032226562523,0.017203491,0.043121338,13.6411219807178,22.426782226562523,0.016257446,0.013957977,5.642921736763136,21.692407226562523,0.014712494,0.0385437,3.591573473406513,0,0,0
2019-02-15 07:00:00,1124.2992000000002,25.332788085937523,0.017104315,0.050613403,16.76718659906169,24.684350585937523,0.016295599,0.01133728,9.8417013074592,22.395288085937523,0.014662909,0.03652954,3.9621128843845375,0,0,0
2019-02-15 08:00:00,1291.4558,26.484796142578148,0.01667715,0.061035156,20.377522056211035,27.586358642578148,0.015837917,0.00888443,13.416553162910112,24.289483642578148,0.0142319305,0.019470215,4.160035512112382,0,0,0
2019-02-15 09:00:00,1398.3286,27.588281250000023,0.01639496,0.047851562,20.891284976369143,30.010156250000023,0.015097964,0.007003784,13.174183985649517,26.697656250000023,0.013327944,0.013317108,3.74187190562742,0,0,0
2019-02-15 10:00:00,1465.1079,28.641229248046898,0.016204098,0.03717041,20.10253496269238,32.0474792480469,0.014563778,0.0051612854,11.64698759760982,28.875604248046898,0.012294034,0.012676239,2.8580629884493822,0,0,0
2019-02-15 11:00:00,1501.6979,29.485467529296898,0.01607417,0.03227234,18.74840852620897,33.5948425292969,0.014216413,0.0035133362,10.626186945420423,30.485467529296898,0.01229762,0.011302948,1.5454175637596463,0,0,0
2019-02-15 12:00:00,1508.3483,30.125268554687523,0.01599773,0.03541565,18.081788671007324,34.71901855468752,0.0138767585,0.0024614334,10.19785555568279,31.640893554687523,0.012289844,0.00963974,0.783559494182575,0,0,0
2019-02-15 13:00:00,1524.4515,30.483483886718773,0.015928993,0.047592163,18.523695012510437,35.42098388671877,0.013514291,0.0023517609,10.15248375555757,32.43660888671877,0.011938821,0.0073432922,0.7224805843160026,0,0,0
2019-02-15 14:00:00,1517.7316,30.508630371093773,0.01587559,0.06478882,19.43124006632456,35.61800537109377,0.013201487,0.004846573,10.085794456407216,32.68050537109377,0.011740458,0.005285263,1.7194143065740497,0,0,0
2019-02-15 15:00:00,1481.8139,29.964746093750023,0.015837511,0.07080078,20.56902146834018,35.21474609375002,0.01302608,0.0077056885,10.002436588985448,32.13662109375002,0.012217364,0.0038490295,2.994806209274586,0,0,0
2019-02-15 16:00:00,1406.1666,28.997094726562523,0.015883423,0.066467285,21.901323461388163,34.10646972656252,0.013030031,0.010566711,10.04880325252024,30.856469726562523,0.013106325,0.003189087,3.6595078962970287,0,0,0
2019-02-15 17:00:00,1292.4796,27.769311523437523,0.015937021,0.052352905,22.14533125539405,32.11306152343752,0.013323953,0.01171875,9.662663494666326,29.159936523437523,0.013945749,0.005039215,3.802734939269508,0,0,0
2019-02-15 18:00:00,1282.1429,26.670007324218773,0.015967824,0.032455444,20.69943754012507,29.279382324218773,0.014033772,0.010623932,7.182465325446766,27.216882324218773,0.014674641,0.011623383,3.701666822529366,0,0,0
2019-02-15 19:00:00,1335.8693,26.092309570312523,0.016052363,0.019584656,18.273501813562543,27.506372070312523,0.014454005,0.008659363,7.625384141594754,25.896997070312523,0.015346644,0.0141716,3.718626065793616,0,0,0
2019-02-15 20:00:00,1313.087,25.831811523437523,0.016175672,0.013839722,15.64972087379626,26.214624023437523,0.014794752,0.0076465607,7.244701332902144,24.909936523437523,0.015527174,0.016036987,3.033219181959069,0,0,0
2019-02-15 21:00:00,1257.748,25.656304931640648,0.016299255,0.010444641,13.61850075355794,25.390679931640648,0.014910706,0.0065288544,6.080731295098553,24.179742431640648,0.015608796,0.020988464,2.494092197889053,0,0,0
2019-02-15 22:00:00,1199.7794,25.440728759765648,0.016445365,0.008018494,12.09328549934637,24.753228759765648,0.014923301,0.004108429,5.476812318771644,23.589166259765648,0.015609946,0.028312683,2.156147189799128,0,0,0
2019-02-15 23:00:00,1160.9933,25.221582031250023,0.016574739,0.006547928,11.507498285234195,24.205957031250023,0.015083192,0.0021877289,5.486943790688074,23.112207031250023,0.015540956,0.035354614,1.9846542894758887,0,0,0
2019-02-16 00:00:00,1118.1934,25.066735839843773,0.01663486,0.009727478,11.946266529614263,23.754235839843773,0.015261568,0.0020771027,5.574630961156835,22.722985839843773,0.015376009,0.042007446,2.1219481847442987,0,0,0
2019-02-16 01:00:00,1073.5391,24.9675231933594,0.016657582,0.018051147,12.98900265853682,23.3972106933594,0.01541399,0.0039310455,5.843513413806286,22.4362731933594,0.01516222,0.046447754,2.5405492482733982,0,0,0
2019-02-16 02:00:00,1044.5251,24.906579589843773,0.016650194,0.021835327,14.222327868016247,23.156579589843773,0.015543932,0.006658554,6.095677091621756,22.281579589843773,0.01500606,0.04711914,2.9806875454049035,0,0,0
2019-02-16 03:00:00,1042.7281,24.820947265625023,0.01666514,0.019477844,14.170195282941217,23.000634765625023,0.015642801,0.011867523,6.18791197358976,22.102197265625023,0.014879863,0.046203613,3.3450363622493717,0,0,0
2019-02-16 04:00:00,1062.58,24.685754394531276,0.016694862,0.013504028,12.410779187180754,22.881066894531276,0.015733559,0.015357971,5.693910146360037,21.920129394531276,0.014756997,0.04611206,3.398286099974825,0,0,0
2019-02-16 05:00:00,1091.1709999999998,24.524438476562523,0.016694106,0.009120941,10.68071234138364,22.774438476562523,0.015816726,0.015960693,5.131469283256491,21.743188476562523,0.014672316,0.04522705,3.3088292047339745,0,0,0
2019-02-16 06:00:00,1069.9592,24.487023925781276,0.016693745,0.0065612793,9.60956882188295,22.862023925781276,0.015907917,0.012863159,5.045684658960896,21.588586425781276,0.014595661,0.0438385,3.2216685942163705,0,0,0
2019-02-16 07:00:00,1099.1756,25.336389160156276,0.016556997,0.004758835,12.222431198491382,24.867639160156276,0.01601531,0.009994507,8.446084744049287,22.383264160156276,0.014462727,0.03025055,3.4195925690746347,0,0,0
2019-02-16 08:00:00,1188.617,26.391320800781276,0.016329564,0.005050659,12.14423386124708,27.656945800781276,0.015585698,0.007484436,9.4026397853726,24.461633300781276,0.013777532,0.009941101,2.9795207064453706,0,0,0
2019-02-16 09:00:00,1234.816,27.511376953125023,0.016193839,0.004825592,11.203821974266402,30.089501953125023,0.015026541,0.0054340363,6.660592103361262,27.019189453125023,0.012562247,0.00548172,1.581640882013912,0,0,0
2019-02-16 10:00:00,1345.095,28.667108154296898,0.01602576,0.0054626465,11.49791377508108,32.3155456542969,0.014835575,0.005153656,3.615875003384395,29.424920654296898,0.011600711,0.0030679703,0.7414724535471563,0,0,0
2019-02-16 11:00:00,1345.0163,29.695397949218773,0.015826888,0.008243561,12.086149160335516,34.08602294921877,0.014529891,0.010196686,1.9356832194110236,31.179772949218773,0.011741348,0.0016875267,1.870029663268856,0,0,0
2019-02-16 12:00:00,1337.6479,30.529840087890648,0.01568158,0.012611389,12.338627744572758,35.29546508789065,0.014521912,0.01914978,0.972558912439387,32.27984008789065,0.0121682435,0.0010170937,2.9407566134342704,0,0,0
2019-02-16 13:00:00,1344.5508,31.072686767578148,0.015570742,0.023490906,12.780140693857216,35.91643676757815,0.014559847,0.041290283,0.285710652841309,32.90081176757815,0.012232882,0.00080013275,4.118048807059655,0,0,0
2019-02-16 14:00:00,1325.1896,31.233789062500023,0.015475231,0.03263855,13.924074755188798,36.01503906250002,0.014475781,0.06552124,0.6461484643723824,32.98378906250002,0.012320477,0.00087094307,5.303540252990251,0,0,0
2019-02-16 15:00:00,1306.3588,31.045983886718773,0.015406414,0.03300476,15.71597468665442,35.57723388671877,0.01438789,0.09265137,1.543520657882135,32.46785888671877,0.012541576,0.0026454926,6.255647695475249,0,0,0
2019-02-16 16:00:00,1289.2611,30.440148925781276,0.015428956,0.023750305,17.78919798305621,34.31514892578127,0.014463837,0.092163086,2.3052923493747635,31.330773925781276,0.013021882,0.013263702,6.520864136189436,0,0,0
2019-02-16 17:00:00,1237.4275,29.231378173828148,0.01550152,0.010196686,19.60765897620988,32.71575317382815,0.015139123,0.10372925,3.030211159363958,29.668878173828148,0.013712427,0.005710602,6.144681445090991,0,0,0
2019-02-16 18:00:00,1270.6726,27.749688720703148,0.015585088,0.004043579,20.473837347870827,30.499688720703148,0.017511511,0.09811401,3.1079417482315197,27.671563720703148,0.014486455,0.0024223328,5.359338257777662,0,0,0
2019-02-16 19:00:00,1327.5622,26.701684570312523,0.015682347,0.00217247,20.16262276618604,29.279809570312523,0.017635472,0.074523926,2.590571214511001,26.107934570312523,0.015098698,0.001812458,4.572597254182386,0,0,0
2019-02-16 20:00:00,1312.0109,26.161096191406276,0.015815083,0.0020036697,17.937949383253702,28.426721191406276,0.017539326,0.04937744,2.0038261638499244,25.122033691406276,0.015502278,0.001349926,3.9080674873389407,0,0,0
2019-02-16 21:00:00,1275.4681999999998,25.881250000000023,0.01590777,0.0017738342,15.2361711981968,27.717187500000023,0.01741076,0.02772522,1.8922334131518572,24.420312500000023,0.015640741,0.0012245178,3.46548387740621,0,0,0
2019-02-16 22:00:00,1223.2929,25.667260742187523,0.01601427,0.0013494492,12.905321150415489,27.120385742187523,0.017326526,0.015117645,1.9879773340487383,23.886010742187523,0.015678577,0.0049705505,3.031761215990719,0,0,0
2019-02-16 23:00:00,1184.193,25.441552734375023,0.016143186,0.0009884834,11.359645371610418,26.558740234375023,0.017073972,0.007671356,2.1810283056361195,23.472802734375023,0.015639646,0.01084137,2.5993010058170545,0,0,0
2019-02-17 00:00:00,1144.4930000000002,25.220544433593773,0.016249249,0.0007779598,10.85175947698519,25.915856933593773,0.01685197,0.004497528,2.465209043974398,23.150231933593773,0.015589306,0.012870789,2.4491098392492194,0,0,0
2019-02-17 01:00:00,1108.157,25.026177978515648,0.016325181,0.002240181,10.949718126823392,25.283990478515648,0.016676133,0.0037546158,2.7212799718255,22.862115478515648,0.015527911,0.012981415,2.572396890336632,0,0,0
2019-02-17 02:00:00,1065.6758,24.906610107421898,0.016416706,0.0058250427,11.21234726817748,24.797235107421898,0.01650063,0.0035991669,2.980298520247703,22.562860107421898,0.015443957,0.0138549805,2.7459630708816003,0,0,0
2019-02-17 03:00:00,1030.5093000000002,24.813195800781276,0.016508246,0.012214661,11.304874712297442,24.406945800781276,0.016370917,0.00434494,3.3369666369870625,22.281945800781276,0.015321876,0.015277863,2.794681685581448,0,0,0
2019-02-17 04:00:00,998.097,24.742639160156276,0.016659798,0.014884949,10.845568652934595,24.078576660156276,0.016293587,0.009567261,3.69814465890017,22.023889160156276,0.015172066,0.019454956,2.757963418694456,0,0,0
2019-02-17 05:00:00,990.1769,24.658044433593773,0.0167895,0.013561249,9.866443567932633,23.798669433593773,0.016293589,0.016952515,4.040816958795403,21.806481933593773,0.015023296,0.022956848,2.569395950295069,0,0,0
2019-02-17 06:00:00,952.11,24.667840576171898,0.01685992,0.014057159,9.480840548662089,23.761590576171898,0.016310604,0.020385742,4.70702146005206,21.730340576171898,0.014895351,0.024909973,2.4573762160876984,0,0,0
2019-02-17 07:00:00,940.2614,25.4619079589844,0.016798967,0.018371582,12.706916649738764,25.5478454589844,0.016219134,0.019683838,8.315347963210414,22.7040954589844,0.014773362,0.025482178,2.717572439960095,0,0,0
2019-02-17 08:00:00,1021.7918,26.481530761718773,0.016562486,0.027740479,14.364078827376368,27.825280761718773,0.015830064,0.020256042,9.133763237277051,24.747155761718773,0.014391923,0.018081665,2.510032612296172,0,0,0
2019-02-17 09:00:00,1063.105,27.674249267578148,0.016448049,0.027862549,14.609492604807391,30.041436767578148,0.015563038,0.022857666,8.257980495682068,27.158624267578148,0.01390746,0.00951767,1.7005028065246377,0,0,0
2019-02-17 10:00:00,1115.2313,28.785607910156276,0.016387047,0.02381134,14.781470292689828,32.01998291015627,0.01553637,0.02217865,6.851467657531109,29.410607910156276,0.013461174,0.00756073,0.4423086834371348,0,0,0
2019-02-17 11:00:00,1153.7587,29.744165039062523,0.016318139,0.020866394,15.095746604648538,33.75979003906252,0.015444573,0.018127441,5.387189164897468,31.072290039062523,0.013621148,0.012180328,1.2174646921345038,0,0,0
2019-02-17 12:00:00,1187.2704,30.503808593750023,0.016210856,0.015201569,15.75776934139789,35.12880859375002,0.015112224,0.026275635,4.089488352551788,32.06630859375002,0.013964,0.01927948,2.641099534594009,0,0,0
2019-02-17 13:00:00,1197.0868,30.995385742187523,0.016065605,0.009460449,16.679876050968833,35.74538574218752,0.015024192,0.051864624,3.196832619663013,32.54226074218752,0.013986594,0.03907776,4.095853253015696,0,0,0
2019-02-17 14:00:00,1196.5354,31.143670654296898,0.015897643,0.006504059,17.733635627827883,35.7999206542969,0.014840972,0.09298706,2.739108049674408,32.3936706542969,0.014123809,0.07235718,5.375959670869239,0,0,0
2019-02-17 15:00:00,1192.9733,30.907647705078148,0.015798494,0.0043296814,18.59951365665673,35.31389770507815,0.014764711,0.122161865,2.7225242935231733,31.642022705078148,0.014329836,0.11035156,6.442348999101236,0,0,0
2019-02-17 16:00:00,1165.5013,30.232568359375023,0.015806222,0.005666733,19.492410632490405,34.04506835937502,0.01475718,0.12854004,3.258282809991837,30.216943359375023,0.014799141,0.11505127,6.56768551230846,0,0,0
2019-02-17 17:00:00,1144.4911,28.980981445312523,0.015974231,0.00868988,20.322224107207717,32.51223144531252,0.015264698,0.099090576,3.716122472520776,28.699731445312523,0.015257069,0.11166382,5.901903307757064,0,0,0
2019-02-17 18:00:00,1173.1629,27.553674316406276,0.01627175,0.014057159,20.807808012079946,30.288049316406276,0.0176603,0.067840576,3.893289220986794,27.209924316406276,0.0156041775,0.108673096,4.9396839497890666,0,0,0
2019-02-17 19:00:00,1247.7268,26.605767822265648,0.016569093,0.016288757,21.03329304944678,28.902642822265648,0.017797425,0.040039062,3.6804385756290334,26.176080322265648,0.015890077,0.09152222,4.020493020527805,0,0,0
2019-02-17 20:00:00,1260.9145999999998,26.210107421875023,0.016743995,0.015163422,20.019864158817363,27.991357421875023,0.01756797,0.027435303,3.14017865553506,25.475732421875023,0.01604972,0.073516846,3.1029499799807168,0,0,0
2019-02-17 21:00:00,1269.128,26.0205017089844,0.016781755,0.011817932,19.042859783342085,27.2236267089844,0.017361589,0.024261475,2.830365938514221,24.9111267089844,0.016133256,0.054122925,2.611175444083244,0,0,0
2019-02-17 22:00:00,1253.3981,25.893945312500023,0.016735857,0.0129470825,17.691784028382596,26.534570312500023,0.017193621,0.025924683,2.930938473152335,24.425195312500023,0.01619417,0.045059204,2.661962992281219,0,0,0
2019-02-17 23:00:00,1207.9335,25.794763183593773,0.016651988,0.01637268,16.633532406845813,26.005700683593773,0.016972423,0.031906128,2.8123729677122187,23.974450683593773,0.016217113,0.044509888,2.8363791735013484,0,0,0
2019-02-18 00:00:00,1146.8766,25.669519042968773,0.016582984,0.015445709,16.764816554220918,25.567956542968773,0.016796608,0.03303528,2.814965350139385,23.560144042968773,0.016186256,0.048431396,2.781384891282066,0,0,0
2019-02-18 01:00:00,1105.4039,25.482263183593773,0.016598089,0.018127441,16.746637527254187,25.130700683593773,0.016659124,0.033447266,3.090680920101747,23.247888183593773,0.016064031,0.04815674,2.6469390789323706,0,0,0
2019-02-18 02:00:00,1063.8146000000002,25.292199707031276,0.016743196,0.016616821,15.427596001444588,24.745324707031276,0.016521944,0.040039062,3.319182325749704,23.018762207031276,0.015888704,0.046157837,2.6746855880778604,0,0,0
2019-02-18 03:00:00,1036.7392,25.130914306640648,0.016903205,0.019096375,12.979415159994993,24.404351806640648,0.016407294,0.042053223,3.4029541855496066,22.935601806640648,0.015728278,0.04185486,2.626676579890772,0,0,0
2019-02-18 04:00:00,1010.5227,24.9936462402344,0.016994946,0.019264221,11.13941911288948,24.1030212402344,0.016331188,0.039733887,3.556440029866265,22.8608337402344,0.01556825,0.037704468,2.399936761618981,0,0,0
2019-02-18 05:00:00,1038.7528,24.892480468750023,0.017010408,0.019096375,10.159217388769202,23.869042968750023,0.016308503,0.031555176,4.109146434388837,22.689355468750023,0.01546927,0.033813477,2.304571294408829,0,0,0
2019-02-18 06:00:00,1075.6306,24.902185058593773,0.017040888,0.017936707,9.795574461841204,23.878747558593773,0.016331354,0.02217102,5.218531153310411,22.550622558593773,0.0154349,0.032730103,2.5256001552387803,0,0,0
2019-02-18 07:00:00,1167.3037,25.784509277343773,0.016933298,0.016220093,14.278993011359626,25.737634277343773,0.016437387,0.017150879,9.502590328229823,23.315759277343773,0.015407419,0.03286743,3.2137629776006023,0,0,0
2019-02-18 08:00:00,1340.6566,26.992883300781276,0.016612642,0.021827698,17.79315154955495,28.360070800781276,0.016307466,0.017105103,11.954257184431954,25.321008300781276,0.015006654,0.028511047,3.652593950320508,0,0,0
2019-02-18 09:00:00,1437.8028000000002,28.2443786621094,0.016399484,0.017753601,19.4762604331269,30.6506286621094,0.015903573,0.017730713,11.904165298698612,27.5725036621094,0.0144311,0.026260376,3.2667229780546654,0,0,0
2019-02-18 10:00:00,1501.8774,29.358361816406276,0.016246593,0.0063114166,21.11911404745507,32.53023681640627,0.015666759,0.021232605,10.80336861527459,29.545861816406276,0.014098919,0.024650574,2.0912201517532187,0,0,0
2019-02-18 11:00:00,1541.9135,30.202294921875023,0.016108422,0.0026550293,22.15221396375752,33.99916992187502,0.015349297,0.014572144,10.024969741128745,30.952294921875023,0.014460472,0.026260376,0.9016829074735524,0,0,0
2019-02-18 12:00:00,1544.0592,30.772180175781276,0.015863651,0.0013551712,22.60811488206188,35.11593017578127,0.014723057,0.012680054,9.991106885469447,31.912805175781276,0.013941044,0.040603638,0.6210522994119034,0,0,0
2019-02-18 13:00:00,1584.2039,30.9824157714844,0.015542804,0.0015134811,22.72330195059877,35.6542907714844,0.014024555,0.022979736,10.36365464131327,32.4667907714844,0.013353168,0.04421997,0.7084450869665104,0,0,0
2019-02-18 14:00:00,1593.3238,30.779992675781276,0.015389972,0.0017271042,22.87123828412913,35.48311767578127,0.013516956,0.037368774,10.860824016691057,32.56124267578127,0.012910419,0.04359436,1.1151796926797977,0,0,0
2019-02-18 15:00:00,1573.5868,30.190209960937523,0.015458571,0.0018687248,23.372497946910176,34.75270996093752,0.0132574905,0.03892517,11.291608479667786,32.14333496093752,0.012689101,0.04145813,1.7507999465127928,0,0,0
2019-02-18 16:00:00,1481.3582,29.224877929687523,0.0156262,0.0074481964,24.18228323102732,33.47487792968752,0.013337381,0.031280518,11.541223416590642,31.162377929687523,0.012871988,0.030532837,1.8115946461956205,0,0,0
2019-02-18 17:00:00,1360.1442,27.890222167968773,0.015838897,0.03112793,24.974248761399995,31.530847167968773,0.013778961,0.025436401,11.412125974711955,29.640222167968773,0.013489044,0.021972656,1.4565604718007386,0,0,0
2019-02-18 18:00:00,1349.9960999999998,26.6205993652344,0.016090091,0.043914795,25.15799427425248,29.1518493652344,0.01457947,0.02533722,10.311659544942357,27.5424743652344,0.014758761,0.023170471,1.0725733331137992,0,0,0
2019-02-18 19:00:00,1387.7321,26.010339355468773,0.016242417,0.033935547,24.98842445636626,27.549401855468773,0.015296373,0.025009155,10.238672210319612,26.025964355468773,0.01533452,0.038116455,0.1021400755948017,0,0,0
2019-02-18 20:00:00,1371.6095,25.790338134765648,0.016295979,0.023712158,24.53168865302479,26.720025634765648,0.015746662,0.018844604,10.020512493070369,25.204400634765648,0.015365193,0.041793823,1.258806937292782,0,0,0
2019-02-18 21:00:00,1334.1605,25.680322265625023,0.016272862,0.024406433,24.849478039546234,26.149072265625023,0.015860874,0.012207031,10.446255384413904,24.625634765625023,0.015513738,0.036514282,1.79783329495956,0,0,0
2019-02-18 22:00:00,1279.0576999999998,25.601037597656276,0.01609025,0.026603699,26.22039199361497,25.608850097656276,0.015846109,0.0132751465,11.031800457671933,24.124475097656276,0.015460824,0.03113556,2.914189520718899,0,0,0
2019-02-18 23:00:00,1224.1246,25.474237060546898,0.015876835,0.024253845,26.66674214670308,25.138299560546898,0.015739506,0.01492691,10.329456075286796,23.692987060546898,0.015316075,0.026252747,4.037873041262835,0,0,0
2019-02-19 00:00:00,1147.0981,25.2817321777344,0.015732067,0.032913208,26.1391927119007,24.7817321777344,0.015579479,0.019699097,9.53817376272981,23.2582946777344,0.015102642,0.022163391,4.569076286385393,0,0,0
2019-02-19 01:00:00,1086.6954,25.085565185546898,0.015633972,0.031417847,25.832793362132268,24.554315185546898,0.0154432375,0.03416443,9.442067549955354,22.859002685546898,0.01490918,0.019958496,4.797916615870292,0,0,0
2019-02-19 02:00:00,1042.5132,24.919396972656276,0.015532471,0.027557373,25.23881854258993,24.364709472656276,0.015345551,0.06488037,9.532789142344305,22.497521972656276,0.014685608,0.018600464,4.896451322902756,0,0,0
2019-02-19 03:00:00,1018.2824,24.793237304687523,0.015377168,0.0235672,24.878100662593297,24.199487304687523,0.015323762,0.06311035,9.569826689678523,22.152612304687523,0.01446164,0.019836426,4.980524499917755,0,0,0
2019-02-19 04:00:00,1003.9042,24.714807128906276,0.015218242,0.023910522,23.960662685394205,23.988244628906276,0.015302165,0.042434692,8.913652094655186,21.855432128906276,0.014253124,0.021911621,4.947816453849135,0,0,0
2019-02-19 05:00:00,1013.8154,24.663598632812523,0.015091969,0.025665283,22.86596228994775,23.733911132812523,0.015214039,0.026268005,8.208764551392925,21.569848632812523,0.014077259,0.024719238,4.727352646538945,0,0,0
2019-02-19 06:00:00,1031.892,24.662164306640648,0.015066271,0.029907227,22.0009688840273,23.482476806640648,0.015089159,0.014705658,7.266687595558943,21.388726806640648,0.013895159,0.02584076,4.714185054249357,0,0,0
2019-02-19 07:00:00,1141.5115999999998,25.262780761718773,0.014959689,0.035491943,24.34858119833824,24.926843261718773,0.014860507,0.0028476715,11.032596446743144,22.161218261718773,0.0137466155,0.024124146,5.26904758685421,0,0,0
2019-02-19 08:00:00,1294.3542,26.232385253906276,0.014835271,0.027320862,26.229012955227056,27.263635253906276,0.01415244,0.0017061234,14.623799905689376,24.052697753906276,0.013305577,0.0160141,5.549896507329252,0,0,0
2019-02-19 09:00:00,1381.952,27.343621826171898,0.014886188,0.013019562,26.505341189508684,29.531121826171898,0.01335268,0.0018634796,15.139512403490071,26.273309326171898,0.012555408,0.009487152,5.347943397319442,0,0,0
2019-02-19 10:00:00,1462.5092000000002,28.491662597656276,0.014829802,0.0075035095,25.815058904355645,31.569787597656276,0.012632537,0.0016312599,14.520232655576509,28.413537597656276,0.011675048,0.00856781,4.655926864983643,0,0,0
2019-02-19 11:00:00,1511.2483000000002,29.446099853515648,0.014813628,0.0012154579,24.487877424290375,33.14922485351565,0.01245996,0.0010447502,13.251835413073373,30.133599853515648,0.011513915,0.007255554,3.4370342216508334,0,0,0
2019-02-19 12:00:00,1503.6826,30.076013183593773,0.014813549,0.002922058,23.3373045036084,34.22445068359377,0.012333996,0.0017352104,12.280161159091591,31.333825683593773,0.01151765,0.005552292,1.9700266486268008,0,0,0
2019-02-19 13:00:00,1549.6957,30.417565917968773,0.014817245,0.0047283173,22.47086517012953,34.79256591796877,0.01217366,0.0028705597,11.745845180224483,31.901940917968773,0.0121431425,0.0047283173,0.9316346654161538,0,0,0
2019-02-19 14:00:00,1567.6766,30.455590820312523,0.014841011,0.0106163025,22.168793101412675,34.83059082031252,0.011995247,0.0019893646,11.678766026306752,32.00246582031252,0.012456825,0.016044617,0.2566285496313873,0,0,0
2019-02-19 15:00:00,1538.9256,30.131768798828148,0.014868853,0.012298584,22.46695852722097,34.25676879882815,0.011962053,0.0022706985,11.949096345452254,31.522393798828148,0.0126410695,0.03741455,0.3416807746978939,0,0,0
2019-02-19 16:00:00,1455.6475,29.380822753906276,0.01492922,0.018341064,23.220332397920615,32.88082275390627,0.012171194,0.0021247864,12.505102834175757,30.333947753906276,0.012754843,0.052200317,1.090111331700476,0,0,0
2019-02-19 17:00:00,1337.6247999999998,28.235986328125023,0.01498236,0.02368164,23.97899753947289,30.626611328125023,0.012560028,0.0019598007,12.93695497111127,28.564111328125023,0.013326782,0.06625366,1.2901609560998584,0,0,0
2019-02-19 18:00:00,1312.868,27.038842773437523,0.015114971,0.023262024,24.0079156029148,27.874780273437523,0.013070294,0.0021295547,11.90065130807539,26.624780273437523,0.014199444,0.088897705,1.134805651170565,0,0,0
2019-02-19 19:00:00,1377.7094,26.331353759765648,0.015313227,0.017547607,23.37679677983164,26.284478759765648,0.013371546,0.0017075539,11.97645528786406,25.456353759765648,0.013978083,0.09631348,1.1391142091670108,0,0,0
2019-02-19 20:00:00,1331.6517,25.998254394531276,0.015496768,0.014865875,21.772954490404167,25.365441894531276,0.013570346,0.0010614395,11.473084233749736,24.646691894531276,0.013978519,0.091674805,2.083645014781232,0,0,0
2019-02-19 21:00:00,1305.5464000000002,25.826318359375023,0.015623131,0.01638794,20.531398089149143,24.677880859375023,0.013757744,0.00057291985,10.4009057090761,23.982568359375023,0.014051476,0.08001709,2.916399665782168,0,0,0
2019-02-19 22:00:00,1270.1955,25.679254150390648,0.015730213,0.015716553,19.95477792989552,24.187066650390648,0.013841939,0.00044083595,9.658924249494389,23.405816650390648,0.014116597,0.06021118,3.8553919673798993,0,0,0
2019-02-19 23:00:00,1189.0448,25.521264648437523,0.015859822,0.013084412,19.150318360234635,23.708764648437523,0.013876178,0.00050735474,8.718453009684694,22.904077148437523,0.014143207,0.04397583,4.630977298260002,0,0,0
2019-02-20 00:00:00,1129.7731,25.368859863281276,0.015958508,0.014438629,18.21156527935796,23.212609863281276,0.013910015,0.0006799698,7.734403764151058,22.486047363281276,0.014066418,0.040802002,5.094284984367593,0,0,0
2019-02-20 01:00:00,1084.8666,25.225518798828148,0.01608768,0.016204834,16.92682277043044,22.827081298828148,0.013940006,0.0015063286,6.973588911494465,22.123956298828148,0.0139285615,0.04701233,5.367912996391485,0,0,0
2019-02-20 02:00:00,1040.1166,25.097711181640648,0.016270407,0.013908386,15.248204690285853,22.503961181640648,0.013996847,0.0062828064,6.218096432487468,21.824273681640648,0.013802297,0.052856445,5.5506500172789535,0,0,0
2019-02-20 03:00:00,1014.3026,24.995690917968773,0.016460955,0.014007568,13.737130929503309,22.206628417968773,0.014092027,0.012283325,5.736917264179859,21.558190917968773,0.013722002,0.05934143,5.566254767675647,0,0,0
2019-02-20 04:00:00,992.9688,24.923242187500023,0.01659056,0.014377594,12.036463441516162,21.931054687500023,0.014221632,0.015670776,5.339355685763884,21.368554687500023,0.013699018,0.06524658,5.317482759907784,0,0,0
2019-02-20 05:00:00,997.4494,24.834771728515648,0.016682053,0.013648987,10.302047037202763,21.655084228515648,0.014377977,0.017105103,5.004410377854765,21.248834228515648,0.01370659,0.06661987,4.946491714829976,0,0,0
2019-02-20 06:00:00,1005.4397,24.852136230468773,0.016788993,0.014373779,9.430291687225392,21.664636230468773,0.014549766,0.016044617,5.166056027577123,21.195886230468773,0.013752494,0.059066772,4.757957015825912,0,0,0
2019-02-20 07:00:00,1117.7409,25.568811035156276,0.016812176,0.022598267,12.38398405464388,24.100061035156276,0.014752239,0.0118637085,9.209488532560972,21.928186035156276,0.013855785,0.039855957,5.149057994724106,0,0,0
2019-02-20 08:00:00,1266.652,26.5727478027344,0.016621824,0.043426514,14.424620942369843,27.1977478027344,0.014477964,0.008514404,11.829590733366278,23.8305603027344,0.013631101,0.01865387,5.182971188976856,0,0,0
2019-02-20 09:00:00,1374.0452,27.709100341796898,0.01640131,0.05432129,14.7346214686438,29.740350341796898,0.013711947,0.006275177,11.132361874103632,26.224725341796898,0.012941378,0.008281708,4.509164252481759,0,0,0
2019-02-20 10:00:00,1454.2297,28.846551513671898,0.016178375,0.05531311,14.4238411951955,32.0184265136719,0.012966399,0.0037384033,9.555613293091367,28.588739013671898,0.012317901,0.006614685,3.1693317940124746,0,0,0
2019-02-20 11:00:00,1508.0993,29.863122558593773,0.015940722,0.0526886,14.05208989683563,33.83187255859377,0.0126219345,0.0021419525,7.748599003321971,30.441247558593773,0.012450273,0.014038086,1.2642051361674875,0,0,0
2019-02-20 12:00:00,1522.9712,30.645379638671898,0.015725747,0.06338501,14.093622347978933,35.1610046386719,0.012178079,0.0012955666,6.493511647172344,31.629754638671898,0.012853281,0.021713257,0.3663981442886787,0,0,0
2019-02-20 13:00:00,1546.9048,31.157769775390648,0.01551133,0.06237793,14.306428496720876,35.97026977539065,0.011978921,0.0009651184,5.438265642654213,32.42339477539065,0.01236802,0.044403076,1.551187738526228,0,0,0
2019-02-20 14:00:00,1562.7804999999998,31.4116149902344,0.015312263,0.06335449,14.681426790422622,36.1459899902344,0.012226173,0.0009422302,4.59460362191064,32.0522399902344,0.012683936,0.071136475,2.938005335743878,0,0,0
2019-02-20 15:00:00,1548.6402,31.315026855468773,0.015189902,0.0493927,15.131517917005429,35.78377685546877,0.01250054,0.008716583,4.0673789039034345,31.190026855468773,0.013152854,0.08102417,3.728257325758612,0,0,0
2019-02-20 16:00:00,1482.2672,30.849053955078148,0.015205978,0.03552246,15.975410047829415,34.69280395507815,0.012688278,0.021453857,3.94974034337193,30.192803955078148,0.013504623,0.07824707,3.98281679089608,0,0,0
2019-02-20 17:00:00,1358.1181,29.862176513671898,0.015343406,0.02468872,16.960428780227808,33.1121765136719,0.013321617,0.010227203,3.283340372442713,28.893426513671898,0.013706901,0.06259155,4.099384766450867,0,0,0
2019-02-20 18:00:00,1319.2587,28.518701171875023,0.015646165,0.01725769,17.965744305339097,30.018701171875023,0.015314286,0.0054035187,1.857421297380135,27.362451171875023,0.013925736,0.040802002,4.013818292550625,0,0,0
2019-02-20 19:00:00,1401.2382,27.422509765625023,0.016018625,0.012386322,19.32333275239207,28.656884765625023,0.015301462,0.0018925667,2.0073258625859847,26.125634765625023,0.014878031,0.0210495,3.4586767841140644,0,0,0
2019-02-20 20:00:00,1379.9735999999998,26.712792968750023,0.016232694,0.0082092285,19.087969952926585,27.579980468750023,0.015584194,0.0012550354,2.1991984565299965,25.251855468750023,0.014779293,0.009902954,3.1703856495953358,0,0,0
2019-02-20 21:00:00,1336.6965,26.380334472656276,0.01633115,0.0051441193,17.526385338809416,26.825646972656276,0.015797092,0.0012722015,2.43391167831036,24.536584472656276,0.015068485,0.0027093887,3.148543484326185,0,0,0
2019-02-20 22:00:00,1294.8378,26.166772460937523,0.016414199,0.0032320023,15.998166675438084,26.229272460937523,0.01577333,0.0017375946,2.757893955659545,23.908959960937523,0.015224013,0.0017461777,3.111593275248436,0,0,0
2019-02-20 23:00:00,1223.7813,25.971093750000023,0.01655833,0.0021572113,14.89278504466907,25.674218750000023,0.015726727,0.0014181137,3.0310185263434724,23.385156250000023,0.015276591,0.010028839,3.0668153744038675,0,0,0
2019-02-21 00:00:00,1168.7162,25.773248291015648,0.016733358,0.0018343925,13.976967519197965,25.156060791015648,0.015608022,0.0010652542,3.594182738414068,23.007623291015648,0.015237996,0.020233154,3.084039075002747,0,0,0
2019-02-21 01:00:00,1117.4687,25.582910156250023,0.016924161,0.0056934357,12.942108182791856,24.684472656250023,0.015497464,0.0024318695,4.2328929804758095,22.739160156250023,0.015138882,0.024017334,3.1788988099722477,0,0,0
2019-02-21 02:00:00,1080.5467,25.478295898437523,0.01712287,0.010456085,12.50484931571314,24.251733398437523,0.015463477,0.0041828156,4.632793296015083,22.548608398437523,0.015005713,0.02558136,3.3312484354727614,0,0,0
2019-02-21 03:00:00,1045.6382,25.413110351562523,0.017275766,0.014129639,12.342688974869745,23.858422851562523,0.0154866725,0.0081214905,4.885339020177774,22.366235351562523,0.014937356,0.026725769,3.512611147116424,0,0,0
2019-02-21 04:00:00,1033.3042,25.364221191406276,0.017367776,0.015533447,12.347018647281551,23.536096191406276,0.015559609,0.010875702,5.002648985101148,22.207971191406276,0.014861519,0.03024292,3.572891631339902,0,0,0
2019-02-21 05:00:00,1010.3796,25.336053466796898,0.017420422,0.014751434,12.5431110031154,23.257928466796898,0.015703809,0.015403748,4.960332749880039,22.070428466796898,0.014780652,0.033615112,3.526970401915525,0,0,0
2019-02-21 06:00:00,1031.8288,25.412377929687523,0.017404094,0.012599945,13.094822537507651,23.256127929687523,0.015893474,0.01889801,5.302253398853346,21.974877929687523,0.014729992,0.0332489,3.475199647012187,0,0,0
2019-02-21 07:00:00,1124.2507,26.181237792968773,0.01724298,0.010204315,16.236611766175475,25.392175292968773,0.016045164,0.020233154,9.114105083249031,22.868737792968773,0.014648984,0.028137207,3.789280939156947,0,0,0
2019-02-21 08:00:00,1296.4362,27.318933105468773,0.016998023,0.007858276,17.110983523489036,28.272058105468773,0.015636176,0.016998291,11.242049131304055,25.022058105468773,0.014236182,0.017066956,3.5607325576518933,0,0,0
2019-02-21 09:00:00,1399.3886,28.581140136718773,0.016768582,0.0059928894,16.47294104160088,30.784265136718773,0.015006192,0.013092041,10.437531241181723,27.487390136718773,0.013621457,0.010723114,2.816030712301578,0,0,0
2019-02-21 10:00:00,1488.0406,29.717401123046898,0.016624367,0.0067005157,15.512369341918651,32.9205261230469,0.014598764,0.008968353,8.626921119691028,29.670526123046898,0.012947,0.010444641,1.700794532173802,0,0,0
2019-02-21 11:00:00,1528.477,30.658227539062523,0.016481858,0.014251709,14.556890118660574,34.61135253906252,0.014299851,0.0064411163,7.029910639036209,31.236352539062523,0.013090592,0.00881958,0.8838184081205771,0,0,0
2019-02-21 12:00:00,1551.0192000000002,31.328759765625023,0.01635276,0.028762817,14.008038583559658,35.87563476562502,0.013903724,0.0076141357,5.972765970164124,32.42250976562502,0.012621986,0.007858276,1.8767138849668112,0,0,0
2019-02-21 13:00:00,1558.4041,31.755670166015648,0.016220931,0.036346436,13.889626179025353,36.58379516601565,0.013745192,0.031921387,5.105082145127157,32.83379516601565,0.012970809,0.020332336,3.3838751257318336,0,0,0
2019-02-21 14:00:00,1561.8341,31.946191406250023,0.016065734,0.035812378,14.245704228248607,36.64931640625002,0.013815061,0.072906494,4.349139319150723,32.61806640625002,0.013338224,0.049545288,4.724206694355277,0,0,0
2019-02-21 15:00:00,1537.6704,31.836877441406276,0.01596429,0.0284729,15.104084892244511,35.97750244140627,0.014007351,0.109802246,3.7305109260132183,31.836877441406276,0.013740323,0.076171875,5.843251135437113,0,0,0
2019-02-21 16:00:00,1476.4303,31.283959960937523,0.015925037,0.016807556,16.001808131094293,34.69020996093752,0.014200793,0.11642456,3.4203415619794826,30.408959960937523,0.01423894,0.089782715,6.575024051404702,0,0,0
2019-02-21 17:00:00,1370.9056999999998,30.291314697265648,0.016024366,0.0062179565,16.65267213566077,33.15068969726565,0.014647261,0.12133789,2.601512021786468,28.838189697265648,0.014803664,0.10726929,6.197358617797218,0,0,0
2019-02-21 18:00:00,1369.6857,28.928674316406276,0.01631576,0.0037078857,17.300682460135086,30.694299316406276,0.016872706,0.11087036,1.928979379558549,27.319299316406276,0.01530868,0.1060791,5.252375811743258,0,0,0
2019-02-21 19:00:00,1411.0658,27.848535156250023,0.016677061,0.003022194,18.816158379491533,29.598535156250023,0.016799131,0.07192993,2.380050537310111,26.098535156250023,0.015998045,0.084869385,4.258136334624632,0,0,0
2019-02-21 20:00:00,1385.6487,27.046533203125023,0.016928725,0.0036039352,19.81725474972328,28.741845703125023,0.016646437,0.029075623,2.743400516714809,25.101220703125023,0.016440444,0.059524536,3.532906427024786,0,0,0
2019-02-21 21:00:00,1343.3344,26.600457763671898,0.017072946,0.0042591095,19.619056740581,27.912957763671898,0.016516,0.008289337,3.1469375437456395,24.358270263671898,0.0166457,0.030311584,3.48299346905473,0,0,0
2019-02-21 22:00:00,1297.4769,26.384240722656276,0.017118283,0.0046844482,19.39643370106536,27.087365722656276,0.016355343,0.007961273,3.440823790916637,23.759240722656276,0.01677496,0.013389587,3.747866695142303,0,0,0
2019-02-21 23:00:00,1247.3261,26.2573181152344,0.017141065,0.0075206757,19.52050520071178,26.4135681152344,0.016233167,0.010124207,3.710374744027803,23.3432556152344,0.016767224,0.03164673,3.73239375081388,0,0,0
2019-02-22 00:00:00,1174.992,26.121270751953148,0.017118476,0.013755798,19.668849564437583,25.832208251953148,0.016080879,0.012599945,3.864912061394097,23.066583251953148,0.016675971,0.03996277,3.486220943566465,0,0,0
2019-02-22 01:00:00,1149.2196,25.998803710937523,0.017027302,0.018356323,19.234953701755856,25.295678710937523,0.015982075,0.013866425,4.036859748552838,22.834741210937523,0.016531391,0.047454834,3.243510604579967,0,0,0
2019-02-22 02:00:00,1097.2608,25.854455566406276,0.016958734,0.012832642,18.443220055831684,24.854455566406276,0.0159898,0.01574707,4.748270984979876,22.682580566406276,0.016363641,0.05857849,3.1135558761794844,0,0,0
2019-02-22 03:00:00,1066.3767,25.682641601562523,0.016905263,0.0066871643,18.327044505395147,24.510766601562523,0.01606603,0.012180328,5.6409465734057935,22.565454101562523,0.016218618,0.06707764,3.167626288891423,0,0,0
2019-02-22 04:00:00,1056.0351,25.520959472656276,0.016859675,0.0062942505,18.26438209188152,24.216271972656276,0.016226435,0.0072155,5.836669170060303,22.450646972656276,0.0161654,0.07046509,3.1548775376192126,0,0,0
2019-02-22 05:00:00,1064.1462,25.404382324218773,0.01680694,0.0084991455,17.7986486800663,23.966882324218773,0.016463617,0.0053367615,5.702746071128367,22.380944824218773,0.016135553,0.07086182,3.0676527683858312,0,0,0
2019-02-22 06:00:00,1077.8147,25.408502197265648,0.016776918,0.010852814,17.160127555533148,24.049127197265648,0.016647218,0.004858017,6.0394615825142095,22.369439697265648,0.016128419,0.070495605,3.0745031327551,0,0,0
2019-02-22 07:00:00,1174.5597,26.049188232421898,0.016648067,0.012138367,18.471208840524582,26.025750732421898,0.016754879,0.0055332184,9.9730266368682,23.017938232421898,0.016396297,0.0647583,3.533415302339475,0,0,0
2019-02-22 08:00:00,1337.9526999999998,27.0949645996094,0.016580377,0.0043029785,18.87207802494183,28.7668395996094,0.016237054,0.006072998,11.494639027798764,24.2355895996094,0.016603265,0.04826355,3.9851353967656102,0,0,0
2019-02-22 09:00:00,1420.4128,28.343804931640648,0.0165275,0.0035705566,18.067082487344,31.273492431640648,0.015673008,0.0049381256,10.078903857985532,26.593804931640648,0.015924778,0.03237915,3.7695419162737696,0,0,0
2019-02-22 10:00:00,1483.6348,29.447412109375023,0.01646057,0.0055713654,17.689507817591004,33.44741210937502,0.015422972,0.0030536652,8.547975601661289,29.056787109375023,0.015319975,0.024093628,2.627777270742004,0,0,0
2019-02-22 11:00:00,1499.1585,30.353845214843773,0.016391348,0.009357452,17.574654032312235,35.15072021484377,0.014960837,0.0020856857,7.59530542338406,30.650720214843773,0.015430044,0.030220032,1.1041398159697031,0,0,0
2019-02-22 12:00:00,1492.9641,31.021844482421898,0.016322237,0.020202637,17.695315138658742,36.2249694824219,0.014670473,0.035690308,6.634550027429689,31.849969482421898,0.014689546,0.042099,0.6844862259662509,0,0,0
2019-02-22 13:00:00,1531.5446,31.357263183593773,0.016259344,0.043304443,18.099766395705267,36.48226318359377,0.01468769,0.111328125,5.793487068802505,32.41976318359377,0.014386329,0.05860901,1.535551469320966,0,0,0
2019-02-22 14:00:00,1537.3588000000002,31.212213134765648,0.016202874,0.06427002,18.72379694945953,36.18096313476565,0.014856285,0.15631104,5.215549361935859,32.22783813476565,0.014532036,0.09295654,2.624240100406924,0,0,0
2019-02-22 15:00:00,1526.5096,30.704431152343773,0.016201012,0.063323975,19.799019321084067,35.01693115234377,0.015010825,0.16601562,5.253860438491026,31.454431152343773,0.014869682,0.108184814,3.314998562497479,0,0,0
2019-02-22 16:00:00,1448.9323,29.890222167968773,0.016237998,0.04714966,21.166293227538464,33.81209716796877,0.015227104,0.15917969,5.911280380819507,30.015222167968773,0.015414024,0.09664917,3.243147865813215,0,0,0
2019-02-22 17:00:00,1327.6621,28.717614746093773,0.016290648,0.039138794,22.025105276733,32.35823974609377,0.015455229,0.121154785,6.079749221900217,28.326989746093773,0.016031248,0.07937622,2.827424877190768,0,0,0
2019-02-22 18:00:00,1315.2617,27.4892517089844,0.016374528,0.027412415,22.06178921427183,30.2861267089844,0.015993059,0.078948975,4.101748028728035,26.5048767089844,0.016824663,0.07330322,2.2957201175732616,0,0,0
2019-02-22 19:00:00,1372.1307,26.712304687500023,0.016527373,0.020217896,21.5517688140364,28.993554687500023,0.016077239,0.063323975,4.655304485815279,25.306054687500023,0.017130096,0.08248901,2.146233455303145,0,0,0
2019-02-22 20:00:00,1335.6794,26.418969726562523,0.016688414,0.01505661,20.493183353614047,27.965844726562523,0.016154356,0.05369568,5.59111304501101,24.622094726562523,0.017268248,0.0909729,1.6936521156995823,0,0,0
2019-02-22 21:00:00,1302.8957,26.302453613281276,0.01679731,0.016448975,19.908383736028323,27.114953613281276,0.01628614,0.03831482,6.386368441152601,24.146203613281276,0.017255073,0.086364746,1.2724456865826874,0,0,0
2019-02-22 22:00:00,1288.2654,26.187707519531276,0.016906777,0.015342712,20.17116306505336,26.437707519531276,0.01625065,0.023117065,7.513667082302865,23.804895019531276,0.017066995,0.08114624,1.760312748236345,0,0,0
2019-02-22 23:00:00,1232.2075,26.052697753906276,0.016978629,0.01889801,20.350849338212427,25.865197753906276,0.016276725,0.020004272,8.260432080658958,23.505822753906276,0.016780265,0.07525635,2.8097003888358656,0,0,0
2019-02-23 00:00:00,1156.1752,25.910119628906276,0.017050989,0.019439697,19.738975534494365,25.331994628906276,0.016371973,0.022079468,7.619851787657627,23.222619628906276,0.01653219,0.06829834,3.4364866850856024,0,0,0
2019-02-23 01:00:00,1118.1999,25.747644042968773,0.017077597,0.020317078,19.143443614215403,24.911706542968773,0.016436728,0.020050049,7.207604016874297,22.966394042968773,0.016360434,0.06338501,3.777409003403219,0,0,0
2019-02-23 02:00:00,1074.8631,25.601617431640648,0.017040025,0.013843536,19.727331289165303,24.617242431640648,0.01647545,0.014034271,7.25418615044598,22.781304931640648,0.016246568,0.07168579,4.012153025803705,0,0,0
2019-02-23 03:00:00,1059.5068,25.479119873046898,0.016993966,0.00932312,20.11694691907116,24.377557373046898,0.016528573,0.009101868,7.082050953588834,22.643182373046898,0.016169991,0.0819397,4.040646241877895,0,0,0
2019-02-23 04:00:00,1042.3936,25.439782714843773,0.016993972,0.0105781555,19.139137410305278,24.150720214843773,0.016559096,0.0059604645,6.360300282641046,22.572595214843773,0.016093703,0.077941895,3.759675764956997,0,0,0
2019-02-23 05:00:00,1061.74,25.433801269531276,0.017055215,0.012687683,16.403065371718398,23.918176269531276,0.016574563,0.0042705536,5.608965121199717,22.535363769531276,0.01599473,0.07424927,3.2538576559809345,0,0,0
2019-02-23 06:00:00,1031.7978,25.489862060546898,0.017116407,0.013889313,14.528139000399928,23.903924560546898,0.016589979,0.007047653,5.658606214876942,22.513299560546898,0.01593385,0.07675171,2.949422378887024,0,0,0
2019-02-23 07:00:00,1085.6551,26.145532226562523,0.017054217,0.016540527,16.46679945569159,25.801782226562523,0.016527789,0.016403198,9.66724386487023,23.106469726562523,0.016077654,0.07470703,3.188099250562341,0,0,0
2019-02-23 08:00:00,1201.9632,27.2739196777344,0.016768446,0.019577026,18.31141081711841,28.4536071777344,0.01584529,0.020683289,12.495000123096112,24.6879821777344,0.015891066,0.057510376,3.42089382788772,0,0,0
2019-02-23 09:00:00,1306.6129,28.504602050781276,0.016552558,0.020652771,18.62776258218789,30.770227050781276,0.015217415,0.018867493,11.817560997295706,27.059289550781276,0.015190712,0.050109863,2.89544162287332,0,0,0
2019-02-23 10:00:00,1379.0256,29.551904296875023,0.016421061,0.03475952,18.409212385297007,32.89565429687502,0.014948587,0.014915466,10.016737480569144,29.106591796875023,0.014773111,0.05491638,1.559326144353276,0,0,0
2019-02-23 11:00:00,1408.1047,30.371972656250023,0.016351547,0.0524292,17.89647889695567,34.57509765625002,0.014863816,0.012794495,8.364589891886407,30.700097656250023,0.014757005,0.055541992,0.7660159595883663,0,0,0
2019-02-23 12:00:00,1390.711,30.990014648437523,0.016320089,0.06274414,17.644653245302745,35.86501464843752,0.014454701,0.018692017,7.407663810121198,31.880639648437523,0.014370778,0.06842041,1.7646616017241663,0,0,0
2019-02-23 13:00:00,1384.0267,31.2880798339844,0.016242987,0.06097412,17.919567226565555,36.4599548339844,0.014244086,0.04711914,6.809866809634813,32.1787048339844,0.014564521,0.09298706,2.977586114248299,0,0,0
2019-02-23 14:00:00,1359.4443,31.331231689453148,0.016142545,0.053207397,18.77487266284007,36.31560668945315,0.014334379,0.08496094,6.435059147276183,31.799981689453148,0.014834104,0.10922241,3.934986663853927,0,0,0
2019-02-23 15:00:00,1326.9253,31.014764404296898,0.01606553,0.043777466,19.89531791469435,35.4366394042969,0.014551096,0.123565674,6.085138634487118,30.921014404296898,0.015172891,0.11767578,4.487965895926083,0,0,0
2019-02-23 16:00:00,1303.4314,30.204370117187523,0.016027113,0.032730103,21.36109950975429,34.17312011718752,0.0147148585,0.1211853,5.785049334870427,29.594995117187523,0.015485427,0.13122559,4.523100402604907,0,0,0
2019-02-23 17:00:00,1251.3823000000002,28.875268554687523,0.016111057,0.031585693,22.523419452386108,32.67214355468752,0.014932316,0.093688965,4.930009617747739,28.015893554687523,0.01569144,0.15020752,4.2942677614637885,0,0,0
2019-02-23 18:00:00,1252.7444,27.473535156250023,0.016340436,0.030197144,22.912383003997533,30.395410156250023,0.015859785,0.060928345,1.7144664855144414,26.332910156250023,0.016142072,0.15679932,3.535403640774027,0,0,0
2019-02-23 19:00:00,1308.9748000000002,26.634454345703148,0.016669288,0.026695251,22.221177428713347,28.861016845703148,0.016364112,0.052734375,0.9851573668798036,25.064141845703148,0.016722694,0.14282227,2.602790897173021,0,0,0
2019-02-23 20:00:00,1304.7663,26.321984863281276,0.016930051,0.025306702,20.6814893139769,27.884484863281276,0.016457029,0.05055237,1.465963590508091,24.259484863281276,0.016991086,0.12069702,1.8569557582225569,0,0,0
2019-02-23 21:00:00,1260.7166,26.189630126953148,0.017100818,0.023880005,19.74096847894795,27.127130126953148,0.016299732,0.047531128,2.3819702831259524,23.822442626953148,0.016986378,0.10803223,1.6541309836484153,0,0,0
2019-02-23 22:00:00,1221.0499,26.090020751953148,0.017210292,0.026100159,19.59900366917203,26.465020751953148,0.016157435,0.042755127,3.682135750339665,23.504083251953148,0.016866969,0.113861084,2.02058042798615,0,0,0
2019-02-23 23:00:00,1195.3113,25.968621826171898,0.017316425,0.032821655,19.27690698118426,25.835809326171898,0.016034687,0.042129517,5.159327617129626,23.210809326171898,0.016645039,0.10983276,2.9247030107405,0,0,0
2019-02-24 00:00:00,1161.7326,25.810632324218773,0.017376864,0.039871216,19.1942281630544,25.248132324218773,0.016064608,0.036026,5.89962807145762,22.912194824218773,0.01643082,0.102386475,3.5874907596482424,0,0,0
2019-02-24 01:00:00,1093.3638,25.652978515625023,0.017391881,0.043426514,19.28517555574282,24.762353515625023,0.016171178,0.0315094,5.712925781141827,22.660791015625023,0.016201695,0.09289551,3.651271494090733,0,0,0
2019-02-24 02:00:00,1056.7297,25.534234619140648,0.017368997,0.040863037,19.34423259570658,24.268609619140648,0.01631614,0.038635254,4.543478125160934,22.463922119140648,0.016041482,0.0798645,3.285228588564253,0,0,0
2019-02-24 03:00:00,1030.7367,25.436608886718773,0.017353816,0.039352417,18.23617482381077,23.960046386718773,0.0164154,0.042114258,4.049732008650502,22.303796386718773,0.015942378,0.07376099,3.269254335551528,0,0,0
2019-02-24 04:00:00,1008.0522,25.372491455078148,0.017337833,0.042053223,16.34697654836971,23.911553955078148,0.016529117,0.055389404,4.004784140609631,22.161553955078148,0.015888248,0.07611084,3.718964029772597,0,0,0
2019-02-24 05:00:00,1007.6668,25.320764160156276,0.0173367,0.04498291,14.20437151282882,23.812951660156276,0.016604278,0.06820679,4.526004517479234,22.047326660156276,0.015864227,0.07714844,3.977540122260785,0,0,0
2019-02-24 06:00:00,979.748,25.334100341796898,0.017336413,0.046905518,13.086909694529997,23.865350341796898,0.016672656,0.070495605,5.623648244560843,22.021600341796898,0.01587157,0.08755493,3.856779228508687,0,0,0
2019-02-24 07:00:00,980.8111,25.914514160156276,0.01712919,0.054473877,15.81668317745032,25.289514160156276,0.016846903,0.0690918,9.064875959756508,22.500451660156276,0.016160257,0.10733032,3.9493937666963728,0,0,0
2019-02-24 08:00:00,1026.77,26.993981933593773,0.016708892,0.05354309,18.542964018392592,27.673669433593773,0.016441863,0.07022095,11.93350567045032,23.400231933593773,0.016510528,0.121154785,4.292210458667012,0,0,0
2019-02-24 09:00:00,1076.0926000000002,28.184472656250023,0.016465167,0.047821045,19.18505327660245,29.973535156250023,0.015847186,0.074920654,12.261414422095482,25.106347656250023,0.016243914,0.123291016,4.441207989215648,0,0,0
2019-02-24 10:00:00,1145.2689,29.343865966796898,0.016295739,0.045013428,19.74512277379026,31.937615966796898,0.015609093,0.06661987,11.3986424691882,27.343865966796898,0.015414543,0.10031128,4.230246542380972,0,0,0
2019-02-24 11:00:00,1171.9574,30.286401367187523,0.016172469,0.045425415,19.875452161719807,33.66140136718752,0.015546859,0.06530762,10.459883036497446,29.052026367187523,0.015298904,0.072265625,3.088537840216305,0,0,0
2019-02-24 12:00:00,1201.4085,30.933282470703148,0.016102137,0.052627563,19.658179827203035,34.83953247070315,0.015281976,0.08148193,10.035425304757307,30.261407470703148,0.015354455,0.06248474,1.9348393981288248,0,0,0
2019-02-24 13:00:00,1209.5484,31.287927246093773,0.016062701,0.06802368,19.572368786993614,35.49105224609377,0.014918292,0.091156006,10.05732110805275,31.037927246093773,0.015131915,0.05619812,1.2962343908784548,0,0,0
2019-02-24 14:00:00,1226.8317,31.340783691406276,0.016038787,0.07739258,19.714815035520004,35.48140869140627,0.014707458,0.1010437,10.22971666855424,31.231408691406276,0.0149935605,0.06491089,0.8813933042925663,0,0,0
2019-02-24 15:00:00,1217.9641,31.018884277343773,0.016060859,0.09094238,20.25301003019559,34.92513427734377,0.014596014,0.10647583,10.430748585420227,30.784509277343773,0.014992743,0.067108154,0.7276047964418745,0,0,0
2019-02-24 16:00:00,1192.4461,30.289727783203148,0.01618209,0.07583618,21.098185080624567,33.85222778320315,0.014587546,0.093444824,10.32150558933217,29.711602783203148,0.015152121,0.06945801,0.8357162239764866,0,0,0
2019-02-24 17:00:00,1161.0272,29.1325622558594,0.016425835,0.061264038,22.02441728321181,32.1481872558594,0.0148198465,0.08786011,9.794099989664389,27.9138122558594,0.015670525,0.089141846,0.9531991535795316,0,0,0
2019-02-24 18:00:00,1198.2277,27.805810546875023,0.016685568,0.05303955,22.759803272865327,29.899560546875023,0.015255056,0.0786438,8.046482673043718,25.805810546875023,0.016761862,0.11141968,0.8306305488159977,0,0,0
2019-02-24 19:00:00,1270.9927,26.955651855468773,0.016938748,0.041671753,23.0625814594598,28.252526855468773,0.015687527,0.07376099,8.564518176955056,24.580651855468773,0.017053189,0.12210083,0.228506738049756,0,0,0
2019-02-24 20:00:00,1252.0293,26.539086914062523,0.017101623,0.039398193,22.512187129107147,27.070336914062523,0.015705444,0.0647583,9.854043829530672,23.984399414062523,0.016704895,0.115234375,0.8836346806524608,0,0,0
2019-02-24 21:00:00,1258.4292,26.410333251953148,0.017210525,0.037200928,22.084735400718,26.269708251953148,0.015684646,0.053146362,9.786791229893211,23.441583251953148,0.01650862,0.11087036,1.832250886614753,0,0,0
2019-02-24 22:00:00,1227.3539,26.3061462402344,0.017297218,0.0388031,22.2302262193544,25.6733337402344,0.015862891,0.050857544,9.120741783392472,22.9936462402344,0.016145179,0.11077881,3.3921261184881155,0,0,0
2019-02-24 23:00:00,1179.6729,26.159387207031276,0.017328864,0.040664673,22.520067467054872,25.229699707031276,0.016039496,0.04508972,8.359720851125367,22.643762207031276,0.016008979,0.10534668,4.138345734517115,0,0,0
2019-02-25 00:00:00,1122.9442,25.976831054687523,0.017251903,0.03616333,22.75911793854982,24.898706054687523,0.01616853,0.035232544,7.977873037732348,22.375268554687523,0.015893871,0.113220215,4.296371006486569,0,0,0
2019-02-25 01:00:00,1090.3546,25.781427001953148,0.01705314,0.028457642,22.90649599117573,24.640802001953148,0.0162902,0.02720642,7.818386415219916,22.179864501953148,0.01580192,0.1144104,4.4287598428770245,0,0,0
2019-02-25 02:00:00,1055.5132,25.596032714843773,0.016808605,0.02205658,23.12355675394953,24.392907714843773,0.016396618,0.022514343,7.100059933476616,22.041345214843773,0.015763378,0.11709595,4.590768729518357,0,0,0
2019-02-25 03:00:00,1042.8195,25.4287048339844,0.016663129,0.017677307,23.219412607259727,24.1787048339844,0.01651054,0.022354126,6.517672456099272,21.9755798339844,0.015793378,0.111846924,4.582799572931287,0,0,0
2019-02-25 04:00:00,1030.2582,25.310876464843773,0.016631978,0.013404846,21.995780831551503,24.076501464843773,0.01660146,0.028541565,6.180436253380864,21.990563964843773,0.01583852,0.100128174,4.207761078756544,0,0,0
2019-02-25 05:00:00,1048.8951,25.256402587890648,0.016631192,0.013538361,20.207248573159607,24.022027587890648,0.01665408,0.036834717,5.922594658999721,22.061090087890648,0.015883511,0.09164429,3.775437732605906,0,0,0
2019-02-25 06:00:00,1069.3811999999998,25.3005310058594,0.01664576,0.008907318,19.289012805601235,24.1286560058594,0.016691536,0.04547119,6.394251667824742,22.1599060058594,0.015951484,0.09335327,3.390457043684912,0,0,0
2019-02-25 07:00:00,1170.9028,25.955834960937523,0.016599268,0.014003754,21.327096815876043,25.854272460937523,0.016622156,0.049301147,10.828664315404412,22.791772460937523,0.016278833,0.09060669,3.4141054170822254,0,0,0
2019-02-25 08:00:00,1342.4276,27.115808105468773,0.016331475,0.017654419,22.839449313551523,28.107995605468773,0.016003411,0.038467407,13.998258144465746,23.936120605468773,0.016606133,0.08627319,3.8936399980072673,0,0,0
2019-02-25 09:00:00,1428.2656,28.407739257812523,0.016207682,0.010948181,22.082632153397512,30.345239257812523,0.015429485,0.029205322,13.969787493586535,25.970239257812523,0.015910136,0.091278076,4.073860074546305,0,0,0
2019-02-25 10:00:00,1513.2006,29.576684570312523,0.016084462,0.009883881,21.25960615537917,32.49855957031252,0.014982014,0.020370483,13.257583624460768,28.186059570312523,0.015184193,0.09854126,3.5175870501517807,0,0,0
2019-02-25 11:00:00,1555.3402999999998,30.499108886718773,0.015969459,0.0135650635,20.589459435442933,34.13973388671877,0.014710609,0.016983032,12.405719096549392,29.702233886718773,0.01494712,0.10726929,2.1659745367777816,0,0,0
2019-02-25 12:00:00,1559.6596,31.198205566406276,0.01586239,0.028129578,20.119605202109945,35.18258056640627,0.014435695,0.026435852,12.145426588799827,30.479455566406276,0.014428065,0.12188721,1.561610205782163,0,0,0
2019-02-25 13:00:00,1570.8886,31.582299804687523,0.015769962,0.05155945,20.15335151307277,35.70729980468752,0.014156344,0.050964355,12.324769438469255,30.410424804687523,0.0144691495,0.13323975,1.308860137699147,0,0,0
2019-02-25 14:00:00,1564.8168,31.595422363281276,0.015776651,0.05834961,20.76193591137604,35.61104736328127,0.013991372,0.07635498,12.719818385285173,29.892297363281276,0.01458265,0.13574219,1.3401752597865586,0,0,0
2019-02-25 15:00:00,1532.4743,31.247766113281276,0.015775962,0.0640564,21.67185352547152,34.93526611328127,0.013925834,0.0796814,13.133306436140012,29.107141113281276,0.014654441,0.11706543,1.6624090614400486,0,0,0
2019-02-25 16:00:00,1476.4022,30.390100097656276,0.015813934,0.05491638,23.303424200485505,33.68697509765627,0.014062988,0.0954895,13.621684558899751,28.155725097656276,0.014757263,0.107543945,2.1989693394874474,0,0,0
2019-02-25 17:00:00,1357.7824,28.873468017578148,0.015913585,0.04197693,25.850588327349868,31.748468017578148,0.014357189,0.09136963,13.851085116297778,26.873468017578148,0.014708141,0.09841919,2.824989815077525,0,0,0
2019-02-25 18:00:00,1335.5947,27.196923828125023,0.015967365,0.035324097,27.46934622993064,29.321923828125023,0.014834399,0.08114624,12.647993400557532,25.134423828125023,0.015067096,0.10345459,3.367619187724508,0,0,0
2019-02-25 19:00:00,1376.1281,26.266412353515648,0.015899112,0.032669067,27.37092141063555,27.563287353515648,0.015353611,0.08114624,13.003181977755707,23.883599853515648,0.015521457,0.11230469,4.410734250192815,0,0,0
2019-02-25 20:00:00,1345.9118,25.9775329589844,0.015701756,0.02294159,26.577105635213787,26.5478454589844,0.015793309,0.06915283,12.674637521831324,23.1572204589844,0.015762791,0.11730957,5.372051296037511,0,0,0
2019-02-25 21:00:00,1295.2858,25.863305664062523,0.015592782,0.015914917,26.35302369577647,26.058618164062523,0.016107766,0.055404663,12.10535672367695,22.660180664062523,0.015947549,0.1232605,5.368584133157233,0,0,0
2019-02-25 22:00:00,1261.3249999999998,25.741418457031276,0.015552657,0.017028809,25.3785037894247,25.733605957031276,0.016185896,0.05848694,11.319564586124043,22.428918457031276,0.016002791,0.12780762,5.0689537110885805,0,0,0
2019-02-25 23:00:00,1196.4639,25.640985107421898,0.015435884,0.016944885,24.11423542428116,25.476922607421898,0.016141603,0.049942017,10.89125702215796,22.297235107421898,0.015943239,0.12750244,4.908532382229938,0,0,0
2019-02-26 00:00:00,1133.3471,25.534936523437523,0.015310042,0.016777039,23.640328802155512,25.191186523437523,0.016034834,0.03237915,10.67841854345068,22.113061523437523,0.015775435,0.123413086,5.064814534383287,0,0,0
2019-02-26 01:00:00,1093.5065,25.386651611328148,0.015241541,0.01914978,23.037055561748296,24.855401611328148,0.01589004,0.017494202,10.388150169324168,21.902276611328148,0.015550531,0.11514282,5.321315371734833,0,0,0
2019-02-26 02:00:00,1055.2315,25.2739196777344,0.015233356,0.021209717,22.322523434644083,24.5004821777344,0.01569112,0.018699646,10.06907590200132,21.6801696777344,0.015317279,0.10220337,5.516925825656522,0,0,0
2019-02-26 03:00:00,1017.2131,25.195336914062523,0.015289147,0.01876831,21.683379795377515,24.179711914062523,0.01544555,0.012088776,9.943978094701356,21.445336914062523,0.015102227,0.098968506,5.8095508994096985,0,0,0
2019-02-26 04:00:00,993.2274,25.100244140625023,0.015379749,0.017654419,22.120864533401,23.920556640625023,0.015246235,0.00598526,10.539261509831103,21.240869140625023,0.014944874,0.09436035,6.227327100267073,0,0,0
2019-02-26 05:00:00,1024.4643,25.036279296875023,0.015474725,0.017326355,23.062122710328516,23.731591796875023,0.015112328,0.0031366348,11.277307434129266,21.090966796875023,0.014818597,0.08557129,6.697884291060904,0,0,0
2019-02-26 06:00:00,1035.2039,25.0651794433594,0.0155319,0.015037537,23.71797066716205,23.6823669433594,0.015024546,0.007165909,12.00640652349494,20.9870544433594,0.014734629,0.07556152,6.996750248916659,0,0,0
2019-02-26 07:00:00,1147.7218,25.723931884765648,0.0154595245,0.022239685,27.227169032429867,25.098931884765648,0.01488732,0.013988495,15.169351950113947,21.450494384765648,0.014776694,0.06524658,7.453714507199345,0,0,0
2019-02-26 08:00:00,1292.7812,26.853173828125023,0.015249825,0.03845215,30.406373771266587,27.446923828125023,0.01431141,0.010246277,18.852804494416407,22.876611328125023,0.014593697,0.056106567,8.006483016542873,0,0,0
2019-02-26 09:00:00,1398.9347,28.1205993652344,0.0151435435,0.04284668,30.72386411921547,29.7534118652344,0.013617665,0.006193161,19.73896488989016,25.3237243652344,0.013716847,0.046340942,8.09331999943665,0,0,0
2019-02-26 10:00:00,1479.6488,29.214440917968773,0.01511543,0.04196167,29.836449696114148,31.698815917968773,0.013116528,0.0033769608,19.284559012551824,27.355065917968773,0.01303642,0.036193848,7.390885652941958,0,0,0
2019-02-26 11:00:00,1513.8973,30.031152343750023,0.015143011,0.041549683,28.265236704422477,33.17177734375002,0.012823675,0.0017538071,18.30396980627277,28.703027343750023,0.012915228,0.032196045,6.2045313365672765,0,0,0
2019-02-26 12:00:00,1521.291,30.556665039062523,0.015224879,0.051254272,26.776768832723143,34.16604003906252,0.012649958,0.0019011497,17.26691479203934,29.494165039062523,0.012993281,0.028625488,5.1695481483260535,0,0,0
2019-02-26 13:00:00,1557.4095,30.801904296875023,0.01527282,0.06253052,25.58123749770645,34.59877929687502,0.0125682,0.0023126602,16.54651156536961,29.973779296875023,0.01275512,0.031585693,4.69468265009352,0,0,0
2019-02-26 14:00:00,1558.8976,30.741571044921898,0.015306182,0.07006836,24.632344414558307,34.4446960449219,0.012525268,0.004514694,16.179165985529192,29.991571044921898,0.012498565,0.036132812,4.50783604237245,0,0,0
2019-02-26 15:00:00,1542.182,30.353601074218773,0.015332482,0.06933594,23.85117322807137,33.58797607421877,0.012627861,0.008281708,16.091310959369135,29.603601074218773,0.012387536,0.041030884,4.557984933085896,0,0,0
2019-02-26 16:00:00,1450.0547,29.605676269531276,0.015378423,0.05873108,23.62928637175648,32.10567626953127,0.012872167,0.011390686,16.270325413915575,28.777551269531276,0.012372442,0.042526245,4.995079161557975,0,0,0
2019-02-26 17:00:00,1325.635,28.490594482421898,0.015539769,0.05180359,23.85156809132345,30.053094482421898,0.013189916,0.02028656,16.2765031674155,27.428094482421898,0.012549046,0.036849976,5.643971608015491,0,0,0
2019-02-26 18:00:00,1319.3374,27.318444824218773,0.01578177,0.041046143,23.634002888408407,27.834069824218773,0.013668428,0.040420532,14.780752016997926,25.584069824218773,0.013412843,0.041015625,6.0752270973991696,0,0,0
2019-02-26 19:00:00,1367.4753,26.601525878906276,0.016057648,0.030296326,23.09132404639934,26.429650878906276,0.014260924,0.06591797,13.944123291599867,24.187463378906276,0.01375357,0.04925537,6.553503616593948,0,0,0
2019-02-26 20:00:00,1343.7686,26.228082275390648,0.016254729,0.021583557,22.078715034910285,25.704644775390648,0.014763183,0.071136475,13.13355676360899,23.446832275390648,0.014141387,0.057403564,6.365934653749449,0,0,0
2019-02-26 21:00:00,1317.0128,26.012963867187523,0.01638378,0.016418457,21.345005939667782,25.458276367187523,0.015044821,0.074523926,12.142241989325685,22.989526367187523,0.014308585,0.06939697,6.266643473737829,0,0,0
2019-02-26 22:00:00,1263.9485,25.835046386718773,0.01643726,0.014507294,21.25765500045017,25.319421386718773,0.015273777,0.06668091,11.591105727868626,22.686608886718773,0.014411655,0.0793457,6.187041553506365,0,0,0
2019-02-26 23:00:00,1199.0981000000002,25.705407714843773,0.016354183,0.022781372,21.7020371285127,25.213220214843773,0.015461544,0.06903076,11.311580665283556,22.447595214843773,0.014511684,0.0925293,5.905782800997147,0,0,0
2019-02-27 00:00:00,1131.5016,25.579705810546898,0.016271686,0.02557373,21.917528469223413,25.056268310546898,0.0155735975,0.060760498,11.202111392594684,22.228143310546898,0.014612294,0.09829712,5.621570121297262,0,0,0
2019-02-27 01:00:00,1083.4493,25.449426269531276,0.016319355,0.029434204,21.85907518837017,24.871301269531276,0.015647968,0.047409058,11.103632255324138,22.043176269531276,0.014682851,0.10253906,5.549932417586968,0,0,0
2019-02-27 02:00:00,1047.8958,25.391625976562523,0.016404308,0.027992249,21.814885704061115,24.704125976562523,0.015694775,0.04298401,10.964555237565142,21.883813476562523,0.014744915,0.113342285,5.52610905075576,0,0,0
2019-02-27 03:00:00,1014.3212,25.378045654296898,0.01644971,0.029380798,22.03337186424284,24.596795654296898,0.015732547,0.03741455,10.909930369070144,21.799920654296898,0.014817021,0.122802734,5.550585721013007,0,0,0
2019-02-27 04:00:00,1017.7761,25.322167968750023,0.016587114,0.02558136,21.63452098311736,24.509667968750023,0.01575551,0.035964966,10.613659647744695,21.759667968750023,0.0149048325,0.11975098,5.437175767373847,0,0,0
2019-02-27 05:00:00,1031.9236,25.209344482421898,0.016814582,0.01726532,20.44557412901002,24.451531982421898,0.015754096,0.037582397,10.37978859570386,21.764031982421898,0.014956825,0.1105957,5.589182596513373,0,0,0
2019-02-27 06:00:00,1039.9613,25.212335205078148,0.016896958,0.016105652,19.8093392974344,24.470147705078148,0.015744919,0.038467407,10.482039780452292,21.806085205078148,0.014962906,0.11105347,5.820910299234215,0,0,0
2019-02-27 07:00:00,1105.5521,25.865747070312523,0.016643927,0.012622833,21.89301378829272,25.498559570312523,0.01572077,0.03791809,12.73457307888509,22.576684570312523,0.014938757,0.10632324,5.986799969297078,0,0,0
2019-02-27 08:00:00,1279.946,27.031549072265648,0.016055452,0.010433197,23.033854518501503,27.422174072265648,0.015345918,0.038208008,15.135463425769062,24.578424072265648,0.014674531,0.096588135,6.321193713796959,0,0,0
2019-02-27 09:00:00,1376.816,28.247949218750023,0.015719723,0.003153801,22.15185129941087,29.685449218750023,0.014754605,0.035858154,15.21790576136279,26.857324218750023,0.014075588,0.087402344,5.99225054970089,0,0,0
2019-02-27 10:00:00,1461.2176000000002,29.304010009765648,0.015471307,0.0006978512,20.77410745734733,31.757135009765648,0.014342156,0.030212402,13.91689808057308,28.772760009765648,0.013674584,0.07019043,4.662574710196248,0,0,0
2019-02-27 11:00:00,1500.3935,30.191461181640648,0.015183494,0.00037181377,19.56989511156701,33.42583618164065,0.014145897,0.02191925,12.375234705693307,30.160211181640648,0.013665245,0.06915283,2.8054578737894205,0,0,0
2019-02-27 12:00:00,1516.4032,30.866815185546898,0.014926813,0.00023931265,18.567165606841424,34.6636901855469,0.013873956,0.014873505,11.41080785701464,31.179315185546898,0.013461969,0.06945801,1.507413387941943,0,0,0
2019-02-27 13:00:00,1537.5163,31.2482849121094,0.014810964,0.00028777122,18.17785310664861,35.3732849121094,0.01347582,0.0095825195,10.92930124490602,31.5451599121094,0.013677999,0.093444824,0.6005697949728951,0,0,0
2019-02-27 14:00:00,1544.1781,31.2746520996094,0.014817259,0.0017404556,18.40295000891873,35.4934020996094,0.013081572,0.007463455,10.883200222757232,31.5090270996094,0.01355078,0.11437988,0.3823640894653551,0,0,0
2019-02-27 15:00:00,1516.0183000000002,30.969140625000023,0.014908059,0.004590988,19.146384241966302,35.01601562500002,0.01287864,0.010757446,11.070444111172936,30.719140625000023,0.0135729145,0.1307373,1.224343299981116,0,0,0
2019-02-27 16:00:00,1423.6481,30.216882324218773,0.015086811,0.005262375,20.3973120769826,33.84188232421877,0.012977283,0.015239716,11.52260400190075,29.404382324218773,0.013938587,0.16131592,1.9677053350207327,0,0,0
2019-02-27 17:00:00,1315.7629000000002,28.974328613281276,0.015318949,0.0062007904,21.7112123413919,31.880578613281276,0.013362009,0.013126373,11.944554659628198,27.771203613281276,0.014464457,0.17321777,2.206194135050465,0,0,0
2019-02-27 18:00:00,1302.8792,27.566705322265648,0.01560816,0.009819031,22.681347790588998,29.285455322265648,0.0139487665,0.011367798,11.354168547370591,26.066705322265648,0.0149825495,0.17211914,2.074111025324346,0,0,0
2019-02-27 19:00:00,1344.6948,26.652215576171898,0.015912862,0.014160156,22.423926204629375,27.308465576171898,0.014531942,0.009815216,12.184358463046213,24.995965576171898,0.015054556,0.14880371,2.3314401032609404,0,0,0
2019-02-27 20:00:00,1322.3815000000002,26.260827636718773,0.01614178,0.01813507,20.86380527040377,26.221765136718773,0.014852413,0.0069065094,12.125047110239906,24.307702636718773,0.0149973715,0.11172485,2.762582705196119,0,0,0
2019-02-27 21:00:00,1274.4639,26.124627685546898,0.016371265,0.0205307,19.520399462567937,25.523065185546898,0.015036121,0.004758835,11.430007331425276,23.726190185546898,0.014883533,0.10171509,3.3112373925527416,0,0,0
2019-02-27 22:00:00,1230.8693,25.993951416015648,0.016593223,0.030082703,19.367171931720247,25.009576416015648,0.01517797,0.0033521652,10.224672367284468,23.220513916015648,0.014735465,0.094055176,4.273271833761827,0,0,0
2019-02-27 23:00:00,1167.3914,25.824334716796898,0.016768295,0.036361694,19.683542640772604,24.621209716796898,0.015250046,0.0026359558,9.64481588469718,22.793084716796898,0.014609177,0.08181763,5.06208845373105,0,0,0
2019-02-28 00:00:00,1105.6927,25.652429199218773,0.016851846,0.03878784,20.0010237241049,24.300866699218773,0.015238228,0.00308609,9.397076557967576,22.449304199218773,0.014532509,0.07196045,5.47834808191338,0,0,0
2019-02-28 01:00:00,1062.6667,25.470422363281276,0.016852124,0.038742065,20.520127016979423,24.009484863281276,0.015196544,0.0063438416,9.142171744132725,22.243859863281276,0.014502269,0.068603516,5.653394459238022,0,0,0
2019-02-28 02:00:00,1029.0728,25.294763183593773,0.016799528,0.033691406,21.014753641322297,23.779138183593773,0.015220243,0.015033722,8.985113229690887,22.122888183593773,0.014476377,0.072265625,5.864851776357403,0,0,0
2019-02-28 03:00:00,1003.0469,25.165856933593773,0.016724369,0.03086853,21.3505304275124,23.650231933593773,0.015297673,0.021080017,8.99372152677884,22.033044433593773,0.014469883,0.07272339,6.024346831440186,0,0,0
2019-02-28 04:00:00,988.9187,25.065484619140648,0.016639384,0.030525208,20.67601680446303,23.479547119140648,0.015384348,0.023674011,8.186802203312483,21.963922119140648,0.01447645,0.07437134,5.785828027969573,0,0,0
2019-02-28 05:00:00,1012.2364,24.986993408203148,0.016577788,0.028152466,19.17828507315417,23.158868408203148,0.0154829705,0.025024414,6.798724972173343,21.893243408203148,0.014460632,0.07519531,5.412879556998454,0,0,0
2019-02-28 06:00:00,1017.0281,24.992395019531276,0.0165166,0.028640747,18.60195425288341,23.218957519531276,0.015578184,0.02735138,6.760738833078216,21.828332519531276,0.014487181,0.080596924,5.156885936014861,0,0,0
2019-02-28 07:00:00,1107.1032,25.695520019531276,0.01626493,0.02986145,21.03900043216337,25.359582519531276,0.015692726,0.02797699,11.00223816729766,22.664270019531276,0.014517798,0.08078003,5.432590557103748,0,0,0
2019-02-28 08:00:00,1283.8768,26.880517578125023,0.015876086,0.036865234,22.14399285760665,28.153955078125023,0.015418324,0.029304504,13.811481260817752,24.489892578125023,0.014338764,0.07434082,5.303665221734939,0,0,0
2019-02-28 09:00:00,1385.2154999999998,28.127984619140648,0.01567795,0.033706665,21.23615020000996,30.557672119140648,0.01497986,0.024414062,13.222177757451991,26.838922119140648,0.013896486,0.07571411,4.791798648288144,0,0,0
2019-02-28 10:00:00,1462.9939,29.208367919921898,0.01557501,0.030403137,20.249771727229,32.6927429199219,0.014773924,0.020179749,11.80213063288091,29.036492919921898,0.013366301,0.07299805,3.6849896799095694,0,0,0
2019-02-28 11:00:00,1496.7113000000002,30.0695739746094,0.015464527,0.027572632,19.551231107461824,34.4445739746094,0.014613849,0.016914368,10.536223136676623,30.6476989746094,0.013496143,0.060913086,1.8922917898782063,0,0,0
2019-02-28 12:00:00,1515.6002,30.674768066406276,0.015323671,0.026260376,18.85579962516558,35.65914306640627,0.014251741,0.021774292,9.663697280828806,31.737268066406276,0.013599427,0.061645508,0.8098527643378062,0,0,0
2019-02-28 13:00:00,1537.0133999999998,31.026025390625023,0.015205814,0.019256592,18.31668628324801,36.33852539062502,0.013748599,0.05001831,9.25070435187826,32.24477539062502,0.013420535,0.07052612,0.3759134438777961,0,0,0
2019-02-28 14:00:00,1547.1162,31.131311035156276,0.015080215,0.014945984,18.11767716430774,36.41256103515627,0.0134284515,0.074157715,9.023567090181457,32.11568603515627,0.013279678,0.094451904,1.2349607077614495,0,0,0
2019-02-28 15:00:00,1532.6234,30.917199707031276,0.015015498,0.015029907,18.38744740429999,35.85469970703127,0.013272181,0.10797119,8.997856037359288,31.167199707031276,0.013554469,0.1282959,2.443200186614009,0,0,0
2019-02-28 16:00:00,1458.3622,30.260186767578148,0.015026749,0.010219574,19.37158886617707,34.49456176757815,0.013447464,0.1060791,9.650883056083886,29.650811767578148,0.014187516,0.17456055,3.0920357827414517,0,0,0
2019-02-28 17:00:00,1348.1087,29.155328369140648,0.015132156,0.004907608,20.966025024364196,32.63970336914065,0.013911453,0.091674805,10.15172772289957,28.014703369140648,0.014727798,0.21386719,3.2660573704148907,0,0,0
2019-02-28 18:00:00,1316.5956,27.773645019531276,0.015326024,0.0034246445,22.702109715232652,30.273645019531276,0.014574529,0.06732178,9.430962705691948,26.461145019531276,0.015005589,0.2421875,3.3331998962079137,0,0,0
2019-02-28 19:00:00,1366.0649,26.754022216796898,0.01561594,0.004714966,23.68767391251708,28.363397216796898,0.01499033,0.05329895,10.385740584229426,25.379022216796898,0.015142918,0.25109863,3.457556753789187,0,0,0
2019-02-28 20:00:00,1333.676,26.250878906250023,0.015845705,0.008026123,23.140908775057795,26.954003906250023,0.015185763,0.04118347,11.201170213055676,24.664941406250023,0.015323092,0.23382568,3.0410913217638056,0,0,0
2019-02-28 21:00:00,1303.6848,26.069116210937523,0.016012372,0.01033783,22.31303681569312,26.123803710937523,0.015257061,0.029029846,11.53365120054656,24.139428710937523,0.015367688,0.19403076,2.9712334117819537,0,0,0
2019-02-28 22:00:00,1251.4399,25.948937988281276,0.016171735,0.01083374,21.631314657313617,25.472375488281276,0.015328687,0.023529053,11.025858133356529,23.722375488281276,0.015298169,0.1529541,3.4849809839832666,0,0,0
2019-02-28 23:00:00,1193.0447,25.849084472656276,0.016263073,0.014606476,20.8447083708415,24.966271972656276,0.015351362,0.020233154,10.515334871322676,23.364709472656276,0.0151797,0.11785889,4.138437945031668,0,0,0
2019-03-01 00:00:00,1135.8766,25.742211914062523,0.016339654,0.020439148,20.4052920040969,24.578149414062523,0.015324944,0.015041351,10.275295036145383,23.054711914062523,0.015076988,0.09182739,4.685917335357477,0,0,0
2019-03-01 01:00:00,1086.2738000000002,25.575860595703148,0.016454864,0.024024963,20.26274135288187,24.278985595703148,0.015302825,0.00983429,10.10699143105175,22.771173095703148,0.015001464,0.07513428,4.994565241683222,0,0,0
2019-03-01 02:00:00,1046.204,25.454492187500023,0.016494289,0.030281067,20.07454752905016,24.016992187500023,0.015307917,0.008026123,9.909367966807316,22.556054687500023,0.014956965,0.06347656,5.18633872396908,0,0,0
2019-03-01 03:00:00,1016.4425,25.390283203125023,0.0164942,0.031311035,19.64435366978297,23.788720703125023,0.015307828,0.013839722,9.496448913234351,22.405908203125023,0.014872952,0.060684204,5.301615537180827,0,0,0
2019-03-01 04:00:00,1001.1589,25.373193359375023,0.016448153,0.026374817,18.414440368219367,23.631005859375023,0.015315188,0.016990662,9.036665312024557,22.232568359375023,0.014758242,0.05630493,5.367111090903296,0,0,0
2019-03-01 05:00:00,1009.31,25.352716064453148,0.016417325,0.018501282,17.054010245156256,23.438653564453148,0.015368282,0.0124435425,8.154137320669546,22.063653564453148,0.014670192,0.04989624,5.32171514498386,0,0,0
2019-03-01 06:00:00,1017.3351,25.400201416015648,0.016424647,0.012126923,16.318111154418247,23.431451416015648,0.015470971,0.009147644,8.115658692652433,21.970513916015648,0.01460885,0.044891357,5.290799251960742,0,0,0
2019-03-01 07:00:00,1109.6468,26.055993652343773,0.016332742,0.012523651,18.337440013202304,25.407556152343773,0.015596504,0.00778389,12.099066725119608,22.759118652343773,0.0145360185,0.038711548,5.796974336744684,0,0,0
2019-03-01 08:00:00,1282.2689,27.110650634765648,0.016103502,0.0107803345,19.39651080343205,28.321588134765648,0.015176531,0.0070495605,15.020953687519883,24.665338134765648,0.01417708,0.028282166,6.007171388703815,0,0,0
2019-03-01 09:00:00,1371.1583,28.374963378906276,0.016011534,0.004758835,19.10755997678933,30.953088378906276,0.014531433,0.005628586,14.605886511142252,26.968713378906276,0.013661682,0.022346497,5.512881985878364,0,0,0
2019-03-01 10:00:00,1452.3379,29.523706054687523,0.015957786,0.0018548965,18.624757987888646,33.16433105468752,0.014325094,0.0041160583,13.275392895073,29.070581054687523,0.013489676,0.021995544,4.292795146732949,0,0,0
2019-03-01 11:00:00,1498.9345999999998,30.541894531250023,0.015911568,0.0019021034,18.27107281320956,34.82314453125002,0.014339913,0.0033054352,12.034663755746031,30.713769531250023,0.013660897,0.024917603,2.412866276029479,0,0,0
2019-03-01 12:00:00,1501.3163,31.330255126953148,0.01588783,0.0069389343,18.04066938761212,35.95525512695315,0.014289472,0.005830765,11.046636409530072,31.830255126953148,0.013793562,0.035324097,1.1721698954517994,0,0,0
2019-03-01 13:00:00,1529.3711,31.749810791015648,0.015864152,0.024375916,18.241856218552428,36.59356079101565,0.014071245,0.034591675,10.302047637065042,32.43731079101565,0.013796587,0.06311035,0.5373588176987399,0,0,0
2019-03-01 14:00:00,1540.1642,31.627282714843773,0.015832786,0.04069519,18.842821222446855,36.40853271484377,0.013929252,0.104400635,9.660642927584686,32.62728271484377,0.013490561,0.09213257,1.2707884554938362,0,0,0
2019-03-01 15:00:00,1504.5022,31.177392578125023,0.015809124,0.04727173,19.554355021144747,35.42739257812502,0.013932293,0.12738037,9.260464229111166,32.02114257812502,0.013638562,0.10958862,2.60984592048716,0,0,0
2019-03-01 16:00:00,1422.1361,30.3212829589844,0.015800929,0.03427124,20.99027746474245,34.2900329589844,0.014011836,0.11581421,9.25059946952922,30.5400329589844,0.014172053,0.13464355,3.403626724963946,0,0,0
2019-03-01 17:00:00,1328.3477,29.086022949218773,0.015831498,0.023086548,22.85892789954938,32.78914794921877,0.0141034415,0.07043457,9.186154562080247,28.882897949218773,0.0146832755,0.15197754,3.3472850003473584,0,0,0
2019-03-01 18:00:00,1328.2453,27.718560791015648,0.015915997,0.024406433,24.0836735297686,30.624810791015648,0.014416822,0.042556763,7.537800888205035,27.218560791015648,0.015126356,0.16540527,3.11411975859634,0,0,0
2019-03-01 19:00:00,1375.9873,26.844781494140648,0.016077243,0.023704529,24.066809171781323,28.883843994140648,0.014822206,0.036956787,7.618990847228482,26.055718994140648,0.015257082,0.17211914,3.430233388917948,0,0,0
2019-03-01 20:00:00,1339.6444,26.462213134765648,0.016223898,0.020347595,23.318277470880744,27.563775634765648,0.01517867,0.036315918,7.917576207431684,25.274713134765648,0.015510549,0.16680908,3.2389315941686854,0,0,0
2019-03-01 21:00:00,1293.5782,26.300744628906276,0.016316503,0.021209717,23.036846321754812,26.660119628906276,0.015248388,0.028816223,8.111076792059398,24.738244628906276,0.015713781,0.1685791,2.804371692442128,0,0,0
2019-03-01 22:00:00,1243.0875999999998,26.163171386718773,0.016414927,0.022865295,23.82193207176605,26.038171386718773,0.01541929,0.021377563,8.484261898741144,24.327233886718773,0.015835093,0.16516113,2.6575927643541366,0,0,0
2019-03-01 23:00:00,1200.1036,25.990045166015648,0.016544763,0.022155762,24.568351633301308,25.482232666015648,0.015667383,0.019729614,8.625223226561028,23.997857666015648,0.015858117,0.14086914,2.9225307312223365,0,0,0
2019-03-02 00:00:00,1133.7333,25.787500000000023,0.01667461,0.024520874,24.35372986474957,25.006250000000023,0.015888782,0.019744873,8.394732063202724,23.709375000000023,0.0157896,0.11984253,3.3321395774127764,3,1,0
2019-03-02 01:00:00,1110.8357,25.603662109375023,0.016818907,0.02798462,23.37289666652348,24.588037109375023,0.015987303,0.017570496,7.562959222643551,23.431787109375023,0.015682127,0.11584473,3.590891389451992,3,1,0
2019-03-02 02:00:00,1068.8962,25.472344970703148,0.016971035,0.03186035,21.78511376239805,24.222344970703148,0.01602499,0.01329422,6.807050547533583,23.214532470703148,0.015571041,0.11416626,3.763101951631176,3,1,0
2019-03-02 03:00:00,1042.6204,25.396875000000023,0.017046925,0.036743164,20.16114048592885,23.943750000000023,0.016009327,0.008052826,6.451427878307743,23.037500000000023,0.01546764,0.109802246,4.014413316838697,3,1,0
2019-03-02 04:00:00,1018.8005,25.341027832031276,0.017054066,0.03605652,18.427447496276507,23.716027832031276,0.016008839,0.004327774,6.072922160526188,22.872277832031276,0.015406117,0.102386475,4.104507808287996,3,1,0
2019-03-02 05:00:00,1006.4757,25.313104248046898,0.017022816,0.029380798,16.513910401699867,23.516229248046898,0.016061513,0.002571106,5.8459061603355575,22.719354248046898,0.015374867,0.09436035,4.060411802745325,3,1,0
2019-03-02 06:00:00,984.7884,25.3637634277344,0.016945941,0.02268219,15.014329306821914,23.5590759277344,0.016121967,0.0025949478,6.223066640995734,22.5903259277344,0.015389545,0.085235596,4.023407992060332,3,1,0
2019-03-02 07:00:00,1016.7012,26.048242187500023,0.016594566,0.026229858,16.56919768947048,25.602929687500023,0.016098656,0.004667282,10.419593693578356,23.337304687500023,0.0153586045,0.07522583,4.542588840386364,3,1,0
2019-03-02 08:00:00,1118.6685,27.158654785156276,0.0163654,0.018997192,16.911503243519377,28.252404785156276,0.015518538,0.00671196,12.811325332013675,25.158654785156276,0.014923445,0.05580139,4.633366682540934,3,1,0
2019-03-02 09:00:00,1198.9324,28.440576171875023,0.016227806,0.009742737,16.270505448024032,30.659326171875023,0.014865959,0.00598526,12.216456436353717,27.339013671875023,0.01428994,0.035476685,4.024835993108706,3,1,0
2019-03-02 10:00:00,1273.2374,29.660607910156276,0.01608277,0.0039482117,15.842724749557268,32.91060791015627,0.014560705,0.00412941,10.725097890553862,29.363732910156276,0.013900762,0.024780273,2.767566788030326,3,1,0
2019-03-02 11:00:00,1295.3754,30.736230468750023,0.015899643,0.003071785,15.586684310115578,34.70498046875002,0.014404281,0.0023202896,9.3491032216242,30.876855468750023,0.014072402,0.020637512,1.2268319231303424,3,1,0
2019-03-02 12:00:00,1272.4684,31.554345703125023,0.01573183,0.01292038,15.745346602607086,36.00747070312502,0.013954181,0.0012168884,8.679562655563107,31.991845703125023,0.013893146,0.029716492,0.4915699163169656,3,1,0
2019-03-02 13:00:00,1279.937,32.01931152343752,0.015613633,0.036026,16.44474922023756,36.86306152343752,0.013420182,0.00087451935,8.408105413739742,32.69118652343752,0.013488847,0.046447754,0.7476024428949197,3,1,0
2019-03-02 14:00:00,1253.5971000000002,32.00139770507815,0.0155260125,0.06756592,17.613086170326863,37.01702270507815,0.013183788,0.023399353,8.449394570054347,32.62639770507815,0.01335545,0.0725708,1.6939820155334158,3,1,0
2019-03-02 15:00:00,1222.9379,31.4768005371094,0.015442326,0.08905029,18.84267101330189,36.4299255371094,0.013176396,0.06111145,8.668939589756054,31.7424255371094,0.013653233,0.0953064,2.853380341818506,3,1,0
2019-03-02 16:00:00,1189.7708,30.568963623046898,0.015445359,0.06838989,21.263190557982547,35.2408386230469,0.013251908,0.06704712,8.975099717120194,30.350213623046898,0.014274247,0.109436035,3.284003535641661,3,1,0
2019-03-02 17:00:00,1151.7353999999998,29.102441406250023,0.015498308,0.045822144,24.45447118399153,33.57119140625002,0.013407854,0.04975891,9.137922978037135,28.758691406250023,0.014811663,0.12896729,3.124929016832983,3,1,0
2019-03-02 18:00:00,1173.72,27.465173339843773,0.015620834,0.03289795,26.363460674119025,31.183923339843773,0.013961441,0.037857056,6.783303690790117,27.105798339843773,0.015231735,0.12786865,2.775213532351427,3,1,0
2019-03-02 19:00:00,1262.155,26.461267089843773,0.015778648,0.026573181,26.291985570683387,29.351892089843773,0.014664756,0.027168274,5.908270615575265,25.836267089843773,0.015423881,0.11654663,2.891353775121323,3,1,0
2019-03-02 20:00:00,1230.7459,26.135858154296898,0.015894102,0.025558472,25.38027644879361,28.042108154296898,0.0151426075,0.035583496,6.97012133871717,24.737420654296898,0.015901731,0.114746094,2.8714559919760188,3,1,0
2019-03-02 21:00:00,1206.4893000000002,26.028131103515648,0.016008517,0.031280518,25.214690912588694,26.864068603515648,0.015463015,0.045394897,9.778737006048976,24.004693603515648,0.016168734,0.1020813,2.912262855338332,3,1,0
2019-03-02 22:00:00,1154.6691999999998,25.893853759765648,0.016153282,0.04005432,25.18374970868414,26.136041259765648,0.015718406,0.057998657,10.636292052128132,23.526666259765648,0.0161838,0.11138916,3.319782019031504,3,1,0
2019-03-02 23:00:00,1101.7583,25.738061523437523,0.016305523,0.047576904,24.887263080689703,25.573999023437523,0.01595457,0.06427002,9.878923139998909,23.120874023437523,0.01608427,0.12060547,3.6512704362725046,3,1,0
2019-03-03 00:00:00,1044.2021,25.566033935546898,0.016365988,0.044815063,24.414814613414983,25.120721435546898,0.016030295,0.054351807,9.226776398610784,22.808221435546898,0.016068442,0.13067627,3.664730905435341,4,1,0
2019-03-03 01:00:00,999.4346000000002,25.424615478515648,0.016357683,0.03919983,23.59490654501865,24.760552978515648,0.01601436,0.035705566,8.693047343310464,22.580865478515648,0.016029619,0.14343262,3.5946402825258392,4,1,0
2019-03-03 02:00:00,970.9711,25.327996826171898,0.016280731,0.0390625,22.509729585790023,24.452996826171898,0.01590689,0.02029419,8.17121329143064,22.406121826171898,0.015929779,0.14135742,3.5230984164742964,4,1,0
2019-03-03 03:00:00,946.7948,25.284265136718773,0.016150448,0.0368042,21.346556553331272,24.128015136718773,0.015791867,0.011817932,7.307759130257331,22.253015136718773,0.015807126,0.13604736,3.548153130892012,4,1,0
2019-03-03 04:00:00,931.5537,25.268121337890648,0.016043138,0.03187561,19.411274400526597,23.713433837890648,0.01575322,0.008831024,6.083907907951441,22.143121337890648,0.015661668,0.124938965,3.5309421695455865,4,1,0
2019-03-03 05:00:00,918.1785,25.247277832031276,0.016027404,0.025184631,16.93470687301673,23.411340332031276,0.015737487,0.008548737,5.690389853934289,22.059777832031276,0.0155162355,0.11828613,3.4242275480748754,4,1,0
2019-03-03 06:00:00,871.5023,25.292169189453148,0.016087992,0.020385742,15.099885629385009,23.393731689453148,0.015752299,0.0080451965,6.09733620624209,22.018731689453148,0.015416605,0.102508545,3.374666273783472,4,1,0
2019-03-03 07:00:00,879.7832000000001,25.878503417968773,0.016034272,0.028869629,16.033124119483443,25.362878417968773,0.01566806,0.0067977905,10.29992510573926,22.722253417968773,0.015393402,0.08529663,3.9051819413864464,4,1,0
2019-03-03 08:00:00,906.8306,26.842004394531276,0.015911886,0.04182434,16.406583060235373,27.967004394531276,0.015034506,0.0059986115,12.743542712267065,24.521691894531276,0.014897177,0.0592041,4.119124267892932,4,1,0
2019-03-03 09:00:00,960.2816,28.004998779296898,0.015957497,0.056488037,15.20685046570873,30.379998779296898,0.014374397,0.0042591095,12.12895720097994,26.840936279296898,0.014118812,0.04272461,3.57426977902866,4,1,0
2019-03-03 10:00:00,1011.3228,29.005914306640648,0.015980428,0.07495117,14.791711331725406,32.64653930664065,0.014042561,0.0028266907,11.013645724776104,28.943414306640648,0.013508503,0.033172607,2.581339875658601,4,1,0
2019-03-03 11:00:00,1038.8783,29.9699645996094,0.015973039,0.09164429,15.214636401427304,34.4543395996094,0.013932177,0.0019950867,10.000425348772524,30.4230895996094,0.01395888,0.030601501,1.1151623752420965,4,1,0
2019-03-03 12:00:00,1057.5795,30.619409179687523,0.015920075,0.119262695,15.900251163442256,35.72878417968752,0.013646514,0.001701355,9.43109506893122,31.525659179687523,0.013741882,0.045303345,0.3522835280386109,4,1,0
2019-03-03 13:00:00,1065.286,30.971948242187523,0.015859362,0.1315918,17.13064030561244,36.53444824218752,0.013196703,0.0021848679,9.057107370675816,32.20632324218752,0.0131661855,0.06515503,0.957651748982746,4,1,0
2019-03-03 14:00:00,1074.2104000000002,31.047082519531276,0.015806137,0.13336182,18.643823765843116,36.73458251953127,0.012865005,0.0060749054,8.863035306918537,32.07833251953127,0.013032852,0.084625244,2.200255387828304,4,1,0
2019-03-03 15:00:00,1082.9792,30.741510009765648,0.015768362,0.1352539,20.163670963120392,36.33526000976565,0.012625052,0.040405273,8.838539254512844,31.304010009765648,0.013456656,0.09539795,3.2082334306363807,4,1,0
2019-03-03 16:00:00,1081.7066,29.930017089843773,0.015692733,0.11376953,22.121636686565097,35.24251708984377,0.012587569,0.06086731,9.137597004470775,29.883142089843773,0.014040968,0.103515625,3.3742500997943106,4,1,0
2019-03-03 17:00:00,1065.8292,28.701989746093773,0.015586967,0.09112549,23.94729174630029,33.35823974609377,0.0128670875,0.0663147,9.5409285716026,28.311364746093773,0.01447689,0.098602295,3.09098320438656,4,1,0
2019-03-03 18:00:00,1114.2567,27.3686462402344,0.01554167,0.065338135,24.54867670723153,30.8686462402344,0.01359236,0.03994751,9.179992298796172,26.6342712402344,0.014755842,0.08325195,2.8524572972035878,4,1,0
2019-03-03 19:00:00,1162.3179,26.604821777343773,0.015587027,0.038406372,23.863277323927488,28.698571777343773,0.0144235445,0.023910522,10.051771013589772,25.362634277343773,0.0148774935,0.063568115,3.122384808128221,4,1,0
2019-03-03 20:00:00,1158.2233,26.270959472656276,0.015662262,0.020141602,22.512982094626395,27.114709472656276,0.0149527285,0.017654419,10.76346760829585,24.552209472656276,0.015048096,0.044128418,3.01619445484047,4,1,0
2019-03-03 21:00:00,1146.3603999999998,26.1052185058594,0.015738184,0.013832092,21.609876282146725,26.2067810058594,0.015158351,0.016059875,11.198947148563928,23.9489685058594,0.014975245,0.039154053,3.262351420735304,4,1,0
2019-03-03 22:00:00,1105.8074,25.970788574218773,0.015829666,0.01285553,21.240038824530856,25.580163574218773,0.015360459,0.017105103,10.774975394732005,23.455163574218773,0.014799698,0.037612915,3.894127224059096,4,1,0
2019-03-03 23:00:00,1061.4334,25.839257812500023,0.015897589,0.017555237,21.248318838599843,25.104882812500023,0.01550849,0.014907837,9.881454124007176,23.034570312500023,0.014657812,0.03515625,4.460054775893833,4,1,0
2019-03-04 00:00:00,1026.6111,25.666162109375023,0.015958346,0.019767761,21.09209524759439,24.736474609375023,0.015580692,0.011417389,9.13027339780828,22.697412109375023,0.014600315,0.031692505,4.668753970960284,5,1,0
2019-03-04 01:00:00,994.2339,25.507714843750023,0.015996458,0.022323608,20.876732069328558,24.406152343750023,0.015614988,0.008563995,8.478311455515112,22.453027343750023,0.014550688,0.02646637,4.6295175130422015,5,1,0
2019-03-04 02:00:00,963.8712,25.3896423339844,0.016064709,0.022918701,20.565874993138475,24.0771423339844,0.015645092,0.0083732605,7.88950546571395,22.2412048339844,0.014493054,0.02217865,4.600129486417647,5,1,0
2019-03-04 03:00:00,937.7935,25.279931640625023,0.01618665,0.023506165,19.74704437159076,23.779931640625023,0.015652593,0.006313324,7.56266873258142,22.029931640625023,0.014447149,0.019729614,4.657174359423169,5,1,0
2019-03-04 04:00:00,927.0085,25.192712402343773,0.016331652,0.026893616,18.82701580303824,23.497399902343773,0.015637377,0.005191803,7.252795723504473,21.872399902343773,0.014447193,0.020210266,4.767960045256678,5,1,0
2019-03-04 05:00:00,929.1487,25.1184020996094,0.01646143,0.029220581,17.888606890133357,23.2277770996094,0.015626011,0.007419586,6.943895153379193,21.7277770996094,0.014508305,0.02254486,4.76342652086668,5,1,0
2019-03-04 06:00:00,904.9782,25.145166015625023,0.016560689,0.03037262,17.251353494369514,23.223291015625023,0.015584127,0.011253357,7.473585794944714,21.668603515625023,0.014554159,0.023651123,4.805159478056697,5,1,0
2019-03-04 07:00:00,927.5577,25.724176025390648,0.01647686,0.04675293,18.837135397477773,25.200738525390648,0.015397302,0.009860992,11.87030152218296,22.450738525390648,0.014565698,0.02002716,5.301212791019057,5,1,0
2019-03-04 08:00:00,1001.2583,26.675378417968773,0.01619472,0.06222534,19.62647965411223,27.901940917968773,0.014756579,0.0073184967,14.054422289396028,24.339440917968773,0.014222521,0.014427185,5.525265234194928,5,1,0
2019-03-04 09:00:00,1064.4685000000002,27.671655273437523,0.016019473,0.0619812,19.054959277928045,30.437280273437523,0.014123568,0.005918503,13.393846100833128,26.484155273437523,0.013616214,0.010875702,5.010994709426989,5,1,0
2019-03-04 10:00:00,1116.0945000000002,28.594628906250023,0.015935862,0.05067444,17.990312945118028,32.75087890625002,0.01387211,0.004878998,11.65101834541116,28.375878906250023,0.013048136,0.011657715,3.8466116994063126,5,1,0
2019-03-04 11:00:00,1162.4484,29.660333251953148,0.015882727,0.04133606,17.195989611412898,34.53533325195315,0.013872381,0.0038642883,9.719456047096486,29.691583251953148,0.013078924,0.016609192,2.157733639015645,5,1,0
2019-03-04 12:00:00,1169.6203,30.703088378906276,0.015844729,0.038482666,17.05575024245512,35.87496337890627,0.013498689,0.0028972626,8.574064500676887,30.437463378906276,0.013487245,0.024002075,0.9012489891046578,5,1,0
2019-03-04 13:00:00,1190.4837,31.340905761718773,0.0157838,0.038879395,17.695484865675414,36.76278076171877,0.0129647385,0.002146721,7.825725577842745,30.903405761718773,0.013498796,0.032348633,0.626712138840836,5,1,0
2019-03-04 14:00:00,1181.3749,31.567102050781276,0.015715301,0.044158936,18.92796697904878,36.95772705078127,0.012808502,0.0034770966,7.304014476431699,31.145227050781276,0.013376892,0.048171997,1.1545003597387824,5,1,0
2019-03-04 15:00:00,1176.1882,31.3796325683594,0.015700301,0.047561646,20.2680687210246,36.4421325683594,0.01288887,0.029396057,6.938929164183523,30.9265075683594,0.01340004,0.0680542,1.9927645325566892,5,1,0
2019-03-04 16:00:00,1155.5581000000002,30.662530517578148,0.015731147,0.05770874,22.17405549696801,35.22503051757815,0.0130990045,0.06262207,6.801079468036084,29.975030517578148,0.013709356,0.069610596,2.7930985171175866,5,1,0
2019-03-04 17:00:00,1125.3364,29.243127441406276,0.015884155,0.055236816,24.633359963588063,33.36812744140627,0.013522857,0.08758545,6.502802059985192,28.508752441406276,0.014316314,0.07110596,3.0234474643276936,5,1,0
2019-03-04 18:00:00,1154.6143,27.613183593750023,0.016075218,0.060180664,25.8919516058366,31.019433593750023,0.014190758,0.09335327,4.743100781551695,26.738183593750023,0.014965141,0.07046509,2.9153234197048348,5,1,0
2019-03-04 19:00:00,1204.7355,26.655725097656276,0.01621255,0.05506897,25.57063205145196,29.436975097656276,0.014671412,0.06365967,5.412825612059508,25.444787597656276,0.015266505,0.07650757,3.000587353429477,5,1,0
2019-03-04 20:00:00,1183.9264,26.317956542968773,0.016303891,0.042785645,24.480836521890414,28.146081542968773,0.014991635,0.049957275,6.667109843146691,24.661706542968773,0.015586728,0.07531738,2.624384480927347,5,1,0
2019-03-04 21:00:00,1156.8766,26.184655761718773,0.016417978,0.03149414,24.02006626497986,27.098718261718773,0.01513624,0.04147339,7.511135897824372,24.137780761718773,0.015754221,0.07409668,2.304496545154633,5,1,0
2019-03-04 22:00:00,1114.2564000000002,26.0886169433594,0.016463442,0.03201294,23.84596270092254,26.2917419433594,0.015113039,0.03555298,8.299983734666444,23.7136169433594,0.01573102,0.07092285,2.349960701187739,5,1,0
2019-03-04 23:00:00,1051.8331,25.953668212890648,0.016531497,0.034240723,22.679354369646934,25.617730712890648,0.015150578,0.03048706,8.001769866669843,23.344293212890648,0.0155320475,0.059936523,2.787483422268552,5,1,0
2019-03-05 00:00:00,1028.4306,25.758813476562523,0.0165997,0.03591919,21.742571468492407,25.063500976562523,0.015245483,0.029159546,7.190199619328792,22.985375976562523,0.015333221,0.04927063,3.384384041137454,6,1,0
2019-03-05 01:00:00,994.9005,25.575616455078148,0.016599592,0.03425598,21.56464888239311,24.567803955078148,0.015409406,0.026168823,6.74138786232952,22.653741455078148,0.015157636,0.04534912,3.950284204036917,6,1,0
2019-03-05 02:00:00,920.0551,25.403222656250023,0.016592255,0.032470703,21.494603701423525,24.200097656250023,0.015630951,0.029144287,6.877107526090823,22.340722656250023,0.015032043,0.046798706,4.3793962613843584,6,1,0
2019-03-05 03:00:00,888.4333,25.286676025390648,0.01656982,0.03451538,21.667821076768284,23.974176025390648,0.015845027,0.030563354,7.305593098526652,22.099176025390648,0.0149676455,0.049621582,4.6677174357034845,6,1,0
2019-03-05 04:00:00,871.5224,25.226464843750023,0.01659295,0.026145935,21.23793339907338,23.804589843750023,0.015974969,0.033599854,7.273063449112379,21.937402343750023,0.014925927,0.06188965,4.709595501046538,6,1,0
2019-03-05 05:00:00,890.4617,25.1906677246094,0.016692104,0.019004822,20.318229172507703,23.6359802246094,0.016028346,0.046188354,7.261421950883951,21.8312927246094,0.014941158,0.06765747,4.831620338132738,6,1,0
2019-03-05 06:00:00,899.2934,25.251641845703148,0.016783543,0.015235901,20.04083195312847,23.704766845703148,0.01605875,0.04081726,8.150850895185837,21.845391845703148,0.014979191,0.06994629,4.989762955885431,6,1,0
2019-03-05 07:00:00,897.7787,26.091577148437523,0.016486058,0.021347046,23.380295541427447,25.685327148437523,0.015982518,0.035690308,12.62966397089892,22.700952148437523,0.014963995,0.06921387,5.593365727869978,6,1,0
2019-03-05 08:00:00,951.0707,27.424188232421898,0.015975222,0.029594421,25.23566757283587,28.432000732421898,0.015368685,0.037384033,15.48177629792096,24.736688232421898,0.014643893,0.05731201,5.774908476265293,6,1,0
2019-03-05 09:00:00,988.1602,28.762719726562523,0.015716521,0.029373169,24.936860196503503,30.887719726562523,0.014743774,0.028434753,15.228095971636993,27.176782226562523,0.014114349,0.04576111,5.336104985704183,6,1,0
2019-03-05 10:00:00,1021.1947,29.907403564453148,0.015594906,0.029029846,24.490368615176592,33.03240356445315,0.014404721,0.018753052,13.926314544267935,29.235528564453148,0.01384396,0.041610718,4.077675482869795,6,1,0
2019-03-05 11:00:00,1048.7772,30.7736755371094,0.015496661,0.031105042,24.33609887837745,34.6955505371094,0.014176776,0.011146545,12.76875435581217,30.7424255371094,0.013818194,0.042266846,2.548133391309652,6,1,0
2019-03-05 12:00:00,1057.7664,31.316217041015648,0.015368264,0.032348633,24.29326892452028,35.81621704101565,0.013960641,0.0070285797,12.09082523908762,31.800592041015648,0.013548654,0.04321289,1.6284960618631767,6,1,0
2019-03-05 13:00:00,1076.4879,31.529748535156276,0.01519388,0.03276062,24.55198833548081,36.42037353515627,0.013637483,0.010444641,11.922607642543928,32.26412353515627,0.013706148,0.042388916,0.9699170509246066,6,1,0
2019-03-05 14:00:00,1087.4518,31.447839355468773,0.014971735,0.030815125,25.096560360315223,36.46346435546877,0.013361933,0.017318726,12.11936700282124,32.27596435546877,0.013701441,0.06210327,0.5758466044257041,6,1,0
2019-03-05 15:00:00,1071.8174,30.919152832031276,0.014772297,0.019821167,26.184287203632348,35.84102783203127,0.013322712,0.020889282,12.548143761737606,31.653527832031276,0.013799549,0.07885742,0.3738338972261886,6,1,0
2019-03-05 16:00:00,1066.4524,29.895532226562523,0.014641277,0.010597229,27.70646910336612,34.47365722656252,0.013481609,0.022613525,13.358974397776546,30.458032226562523,0.013988963,0.08834839,0.4266117114719949,6,1,0
2019-03-05 17:00:00,1036.6143,28.483605957031276,0.014617358,0.01190567,28.622719539773627,32.32735595703127,0.013820087,0.016189575,14.290203937973285,28.999230957031276,0.0141367065,0.073150635,0.7579289018563702,6,1,0
2019-03-05 18:00:00,1067.3966999999998,27.123132324218773,0.014773485,0.014434814,28.233640952688205,29.670007324218773,0.014289019,0.015491486,14.737692888468152,27.123132324218773,0.014514086,0.07611084,1.0304575615102665,6,1,0
2019-03-05 19:00:00,1160.8096,26.418054199218773,0.014979761,0.014137268,27.750943521491443,27.621179199218773,0.014777582,0.014431,16.177884837787264,25.699304199218773,0.014876764,0.0920105,2.2331667448893597,6,1,0
2019-03-05 20:00:00,1169.2027,26.135614013671898,0.015087594,0.017028809,27.92351677899187,26.432489013671898,0.015247812,0.021148682,16.224018602123547,24.619989013671898,0.015209665,0.09011841,4.384560700859354,6,1,0
2019-03-05 21:00:00,1158.5239,25.991540527343773,0.015119853,0.019165039,28.73214385837301,25.741540527343773,0.015528026,0.031906128,15.409195728144972,23.772790527343773,0.015436473,0.08947754,6.237220360368191,6,1,0
2019-03-05 22:00:00,1107.3613,25.8554626464844,0.015123337,0.018943787,29.60603811177344,25.4101501464844,0.0155811,0.02495575,15.223695475496877,23.0898376464844,0.015573471,0.096191406,6.486683250568096,6,1,0
2019-03-05 23:00:00,1082.2128,25.699548339843773,0.015123331,0.02153778,30.247785361694,25.160485839843773,0.015573465,0.017181396,15.237125953545792,22.668298339843773,0.015603983,0.097351074,6.534567192239481,6,1,0
2019-03-06 00:00:00,1022.13,25.555108642578148,0.015070371,0.023841858,30.405490881293492,24.859796142578148,0.015543394,0.008171082,15.268520867857092,22.391046142578148,0.015489988,0.09341431,7.063770351431224,7,1,0
2019-03-06 01:00:00,1009.502,25.428918457031276,0.0150591545,0.024177551,29.937799226225128,24.546105957031276,0.015478771,0.003566742,15.084427257231576,22.163293457031276,0.015383404,0.07598877,7.290979921389946,7,1,0
2019-03-06 02:00:00,977.5495,25.274560546875023,0.015162246,0.026535034,29.049789559263598,24.282373046875023,0.015356796,0.0024118423,14.991484918317878,21.985498046875023,0.015257614,0.06311035,7.465843364193485,7,1,0
2019-03-06 03:00:00,951.6879,25.159387207031276,0.015310874,0.038391113,28.40228681356898,24.073449707031276,0.0152193215,0.0037326813,15.081101096754418,21.831262207031276,0.015074363,0.05836487,7.798430504983965,7,1,0
2019-03-06 04:00:00,951.4028,25.128198242187523,0.015436539,0.03366089,26.60665786140212,23.917260742187523,0.015104661,0.0067367554,14.721101959279672,21.761010742187523,0.014913926,0.05279541,7.817424810064421,7,1,0
2019-03-06 05:00:00,959.5807,25.156915283203148,0.015508735,0.03315735,24.66645979648481,23.813165283203148,0.015089118,0.0069885254,14.110823174356591,21.735040283203148,0.0147419805,0.04598999,7.642266482153899,7,1,0
2019-03-06 06:00:00,960.5529,25.241662597656276,0.015611397,0.026947021,23.670088809466836,23.866662597656276,0.015062081,0.014415741,14.171357040949893,21.702600097656276,0.014562355,0.05142212,7.467099360576218,7,1,0
2019-03-06 07:00:00,1015.6464,26.002954101562523,0.015561414,0.028434753,26.231646939288066,25.518579101562523,0.0149243595,0.016403198,16.99234057043124,22.417016601562523,0.014451337,0.05870056,7.753575643337595,7,1,0
2019-03-06 08:00:00,1102.0063,27.321740722656276,0.015118608,0.042633057,28.742711117478333,27.977990722656276,0.014363298,0.009075165,20.068857783500658,24.204553222656276,0.0140314195,0.053085327,8.070609367649109,7,1,0
2019-03-06 09:00:00,1183.6007,28.667901611328148,0.014817,0.035736084,28.6063077253043,30.355401611328148,0.013603927,0.005376816,20.57217947815557,26.324151611328148,0.013443709,0.040374756,7.8130243427557025,7,1,0
2019-03-06 10:00:00,1257.0428,29.8251892089844,0.0145497015,0.019828796,28.96626847684486,32.3095642089844,0.012966602,0.004550934,20.524304261769448,28.1845642089844,0.012928455,0.037017822,7.296287334556405,7,1,0
2019-03-06 11:00:00,1311.5366,30.730126953125023,0.01433585,0.0095825195,30.1790276469736,33.71450195312502,0.01270316,0.005121231,20.31307315898088,29.386376953125023,0.013031224,0.04156494,6.443416793303767,7,1,0
2019-03-06 12:00:00,1357.8427,31.234094238281276,0.014270895,0.005285263,31.312020194209413,34.57784423828127,0.012790793,0.008365631,20.037197281614606,30.030969238281276,0.013229483,0.04801941,6.0210400084119975,7,1,0
2019-03-06 13:00:00,1396.9051000000002,31.335778808593773,0.01414052,0.0046081543,32.18360199015248,34.83577880859377,0.013064776,0.015678406,19.94202078815571,30.242028808593773,0.013316546,0.06628418,5.929676354439254,7,1,0
2019-03-06 14:00:00,1394.695,31.131921386718773,0.01392202,0.0040779114,32.98458524477049,34.25692138671877,0.013311668,0.024307251,20.367629544253628,30.069421386718773,0.013319298,0.06930542,6.150511334259255,7,1,0
2019-03-06 15:00:00,1383.9095,30.481103515625023,0.013959254,0.003965378,33.829950225008645,32.96547851562502,0.013341273,0.027961731,21.12384454761206,29.527978515625023,0.013333644,0.06536865,6.626861270500682,7,1,0
2019-03-06 16:00:00,1341.929,29.380303955078148,0.01445439,0.0033874512,33.89034053952196,31.317803955078148,0.013294722,0.027313232,21.343902260277737,28.552178955078148,0.013405348,0.06515503,7.168658300343754,7,1,0
2019-03-06 17:00:00,1246.8869000000002,28.134973144531276,0.014953683,0.004026413,32.92770184182286,29.525598144531276,0.01322944,0.026741028,20.49211220439846,27.134973144531276,0.013622354,0.06188965,7.493304185754057,7,1,0
2019-03-06 18:00:00,1236.134,27.066491699218773,0.015270291,0.017349243,31.281900865793688,27.816491699218773,0.013317166,0.028388977,17.401894880574652,25.269616699218773,0.014125882,0.06964111,7.332779262881139,7,1,0
2019-03-06 19:00:00,1290.8558,26.599084472656276,0.015438419,0.025756836,30.492064457380497,26.849084472656276,0.013794284,0.03640747,14.861311609803217,24.036584472656276,0.0146106295,0.08532715,7.38546715665775,7,1,0
2019-03-06 20:00:00,1256.1552,26.4357849121094,0.015492506,0.020851135,30.31795750645616,26.2170349121094,0.014340468,0.05342102,14.235752379589506,23.5764099121094,0.014866896,0.10128784,7.223392062134021,7,1,0
2019-03-06 21:00:00,1285.302,26.286157226562523,0.015530191,0.024559021,30.296488703861428,25.700219726562523,0.014740549,0.0546875,14.021606997740031,23.223657226562523,0.015026651,0.10064697,7.003234641813969,7,1,0
2019-03-06 22:00:00,1241.1974,26.150170898437523,0.01554526,0.029571533,30.796240896725376,25.298608398437523,0.015098941,0.044067383,14.162569535733695,23.064233398437523,0.015198123,0.09957886,6.803447001191563,7,1,0
2019-03-06 23:00:00,1187.7623,25.972253417968773,0.015522602,0.03099823,31.050558864705597,25.026940917968773,0.015408161,0.043655396,14.340039156936111,23.034753417968773,0.015320423,0.09970093,6.7414330095022414,7,1,0
2019-03-07 00:00:00,1139.5623999999998,25.776147460937523,0.015462327,0.031585693,31.265173991780827,24.830834960937523,0.015550065,0.045639038,14.534776632287414,23.057397460937523,0.015443253,0.096466064,6.710398970679995,0,0,0
2019-03-07 01:00:00,1098.6193,25.577172851562523,0.015387321,0.031211853,31.512772940483,24.678735351562523,0.015520835,0.04348755,14.7995285990105,23.131860351562523,0.015551353,0.09854126,6.748755912573271,0,0,0
2019-03-07 02:00:00,1074.6119,25.426599121093773,0.015339439,0.025802612,31.911741577173142,24.520349121093773,0.015411918,0.042434692,15.278987143136066,23.215661621093773,0.015579765,0.1020813,6.991552880156553,0,0,0
2019-03-07 03:00:00,1046.9443,25.305596923828148,0.015282371,0.02596283,32.16781121887657,24.383721923828148,0.015270927,0.04045105,15.878703181358343,23.243096923828148,0.01548455,0.11135864,7.405266217914027,0,0,0
2019-03-07 04:00:00,1029.2239,25.249200439453148,0.01525144,0.031097412,31.03703342537196,24.280450439453148,0.0150683345,0.035125732,15.703116691928772,23.163262939453148,0.015289587,0.10760498,7.65007472282268,0,0,0
2019-03-07 05:00:00,1058.5613,25.275048828125023,0.015254862,0.033493042,29.545953370905178,24.157861328125023,0.014987833,0.037216187,15.320686358024467,23.079736328125023,0.015109903,0.096343994,7.669889690894088,0,0,0
2019-03-07 06:00:00,1079.9548,25.380090332031276,0.0152698485,0.03164673,29.016517996658223,24.216027832031276,0.014903638,0.03627014,15.15841045531286,22.981652832031276,0.014960858,0.08728027,7.5080528209700015,0,0,0
2019-03-07 07:00:00,1219.6094,26.057519531250023,0.015074935,0.030914307,31.67355005668546,25.838769531250023,0.014750686,0.029174805,17.556321634137632,23.604394531250023,0.014712539,0.0736084,7.793685499228761,0,0,0
2019-03-07 08:00:00,1383.5942,27.176049804687523,0.014838034,0.017303467,33.42356883418169,28.191674804687523,0.014204795,0.026306152,20.370836977049024,25.105737304687523,0.0141552035,0.054656982,8.05974647520807,0,0,0
2019-03-07 09:00:00,1483.6962,28.409020996093773,0.01467304,0.005590439,33.13700193464697,30.455895996093773,0.013650701,0.017463684,21.008272514371235,26.909020996093773,0.013501928,0.049575806,8.022960125503245,0,0,0
2019-03-07 10:00:00,1519.2774,29.527856445312523,0.014553779,0.003030777,32.84262177682807,32.35598144531252,0.013230079,0.018852234,20.68787088390162,28.527856445312523,0.0131461555,0.048339844,7.536308217129863,0,0,0
2019-03-07 11:00:00,1549.3056,30.350061035156276,0.014430838,0.0014734268,32.548934426862864,33.72506103515627,0.013065176,0.02432251,19.983401933710844,29.631311035156276,0.013305502,0.050460815,6.547876101044625,0,0,0
2019-03-07 12:00:00,1519.6212,30.815118408203148,0.014357555,0.0017232895,32.196071484623225,34.59636840820315,0.013102519,0.01966095,19.441974590472093,30.268243408203148,0.01341151,0.05105591,5.982038420849374,0,0,0
2019-03-07 13:00:00,1522.6436,30.948571777343773,0.014307181,0.0016641617,32.143917494368445,34.91732177734377,0.013151328,0.016357422,19.061757005563788,30.511071777343773,0.013532798,0.04949951,5.832001213921314,0,0,0
2019-03-07 14:00:00,1521.5683,30.738183593750023,0.01430649,0.0020036697,32.24507791972022,34.41005859375002,0.013345187,0.015544891,19.160634885076718,30.378808593750023,0.013520663,0.055984497,6.070453722868601,0,0,0
2019-03-07 15:00:00,1489.4703,30.184381103515648,0.014294381,0.0023479462,32.32806498076231,33.23125610351565,0.013504739,0.01890564,19.61330858828507,29.762506103515648,0.01361155,0.06549072,6.546036398991856,0,0,0
2019-03-07 16:00:00,1402.5153,29.2529235839844,0.014408222,0.0029821396,32.11723535176441,31.5966735839844,0.013542286,0.022407532,20.078826706792075,28.7841735839844,0.013706318,0.066833496,7.258893901961348,0,0,0
2019-03-07 17:00:00,1287.3928,28.0075622558594,0.014636767,0.0039138794,31.61069521927814,29.6950622558594,0.013545764,0.025238037,20.04520958349136,27.4138122558594,0.013824237,0.058685303,7.996088702596722,0,0,0
2019-03-07 18:00:00,1270.6135,26.825402832031276,0.014846554,0.016975403,30.600951595095708,27.809777832031276,0.013690701,0.027420044,17.847206653685486,25.700402832031276,0.014182797,0.057922363,8.356239062054595,0,0,0
2019-03-07 19:00:00,1325.2163,26.324365234375023,0.01490809,0.027999878,30.07994718506417,26.683740234375023,0.014084116,0.028083801,16.24813633957068,24.386865234375023,0.014732614,0.07324219,8.264030884905672,0,0,0
2019-03-07 20:00:00,1293.1574,26.173760986328148,0.014882811,0.031196594,29.786454756531377,26.001885986328148,0.014501342,0.036468506,15.76869704955438,23.595635986328148,0.015031585,0.08666992,8.286637619511872,0,0,0
2019-03-07 21:00:00,1256.4072,26.037896728515648,0.01492954,0.027877808,29.391270925916512,25.537896728515648,0.014666326,0.038360596,15.718397511346602,23.100396728515648,0.015166052,0.079559326,8.378658964336084,0,0,0
2019-03-07 22:00:00,1218.4973,25.862390136718773,0.014983618,0.026573181,29.538188359024375,25.112390136718773,0.01470133,0.028671265,15.740757786348045,22.854577636718773,0.01520487,0.071014404,8.467203088222643,0,0,0
2019-03-07 23:00:00,1154.2907,25.667382812500023,0.01491957,0.025627136,30.237591217016973,24.729882812500023,0.014698317,0.016647339,15.961794700962784,22.643945312500023,0.015121749,0.0718689,8.601191211971315,0,0,0
2019-03-08 00:00:00,1100.713,25.458947753906276,0.014806092,0.028182983,30.72587063008244,24.419885253906276,0.01463443,0.0074062347,16.09765261958525,22.490197753906276,0.014981568,0.06719971,8.77951766876836,0,0,0
2019-03-08 01:00:00,1055.8083,25.2597595214844,0.01471161,0.03425598,30.77790243932249,24.2050720214844,0.014532319,0.003651619,16.19061465194009,22.3613220214844,0.014761201,0.06954956,8.967193740706957,0,0,0
2019-03-08 02:00:00,1022.0722,25.054986572265648,0.014731688,0.03703308,29.86837261414133,24.109674072265648,0.014228148,0.0021266937,16.350455657489167,22.203424072265648,0.014537139,0.07336426,9.104877590003891,0,0,0
2019-03-08 03:00:00,990.17,24.890222167968773,0.014907937,0.03717041,28.94929489304856,24.015222167968773,0.013939003,0.0014705658,16.52085593197573,22.062097167968773,0.01436625,0.072906494,9.094218926678227,0,0,0
2019-03-08 04:00:00,975.2455,24.818383789062523,0.015007447,0.04550171,27.97138537252317,23.880883789062523,0.01371808,0.0014643669,16.268548514737486,21.943383789062523,0.014194917,0.0657959,8.924366109440058,0,0,0
2019-03-08 05:00:00,995.7693,24.811456298828148,0.015049296,0.032318115,26.473869182870093,23.725518798828148,0.0135997115,0.0029268265,15.958114683613822,21.842706298828148,0.014065105,0.061065674,8.709379651547803,0,0,0
2019-03-08 06:00:00,997.1227,24.875268554687523,0.015087004,0.021560669,25.711669030158397,23.750268554687523,0.0134276105,0.0016474724,16.032744071003226,21.765893554687523,0.013934965,0.058670044,8.723819956730605,0,0,0
2019-03-08 07:00:00,1078.6681,25.585107421875023,0.01495217,0.010879517,28.78323324422069,25.358544921875023,0.013197409,0.0009715557,18.75162202456753,22.452294921875023,0.013803946,0.05279541,9.404245947584068,0,0,0
2019-03-08 08:00:00,1259.7821,26.848107910156276,0.014604233,0.010429382,32.27943112237241,27.644982910156276,0.012769364,0.00066804886,21.775927686583827,24.137170410156276,0.01331868,0.042617798,9.719882036129071,0,0,0
2019-03-08 09:00:00,1360.7835,28.211572265625023,0.014343707,0.004514694,33.18831186109732,29.852197265625023,0.012180774,0.0008087158,22.141755688533443,26.070947265625023,0.012752978,0.0317688,9.264092806494531,0,0,0
2019-03-08 10:00:00,1419.2835,29.406457519531276,0.014147902,0.0025701523,33.01186626364805,31.812707519531276,0.011798048,0.0010299683,21.460660491477626,27.797082519531276,0.012271071,0.022628784,8.640371023794811,0,0,0
2019-03-08 11:00:00,1472.3454,30.276727294921898,0.014067066,0.0016026497,32.38386744361255,33.3704772949219,0.011694324,0.00083112717,20.53201571774174,29.026727294921898,0.0121292,0.014347076,7.755061159464581,0,0,0
2019-03-08 12:00:00,1475.0535,30.778466796875023,0.014115984,0.0018830299,31.712276683197008,34.37221679687502,0.011663133,0.0006554127,19.677562084388427,29.825341796875023,0.011987383,0.008964539,7.012660949818331,0,0,0
2019-03-08 13:00:00,1494.5814,30.982507324218773,0.014188069,0.0022001266,31.094610658628916,34.68563232421877,0.01171233,0.0011277199,19.167241665825888,30.201257324218773,0.011891621,0.0071144104,6.658655700073154,0,0,0
2019-03-08 14:00:00,1514.7167000000002,30.810205078125023,0.014340917,0.0030126572,30.896440615783067,34.10708007812502,0.01190714,0.0022678375,19.239365015476224,30.091455078125023,0.011861363,0.006471634,6.667357091756018,0,0,0
2019-03-08 15:00:00,1495.1157999999998,30.209680175781276,0.014504771,0.01210022,31.01492106017909,32.78780517578127,0.012173991,0.006547928,19.492408730270103,29.490930175781276,0.011933665,0.008102417,6.976579991710645,0,0,0
2019-03-08 16:00:00,1405.3082000000002,29.1894470214844,0.014668573,0.027557373,31.369579687735,31.0331970214844,0.012395013,0.006126404,19.720355606122663,28.4394470214844,0.012120355,0.01121521,7.556748230365934,0,0,0
2019-03-08 17:00:00,1274.2083,27.872827148437523,0.014809449,0.035598755,31.44989702605112,29.044702148437523,0.012554963,0.0040721893,19.65713799973995,26.982202148437523,0.01240619,0.019615173,8.09387662221477,0,0,0
2019-03-08 18:00:00,1255.8313,26.642633056640648,0.014958032,0.038848877,30.64649984714175,27.095758056640648,0.012772211,0.0028467178,17.521505375816474,25.236383056640648,0.012680658,0.028335571,8.388238888527257,0,0,0
2019-03-08 19:00:00,1320.8529,26.110681152343773,0.0150877405,0.031051636,30.110976560447657,26.095056152343773,0.013027804,0.0026750565,15.744779844322734,23.876306152343773,0.013229983,0.04071045,8.753694462799514,0,0,0
2019-03-08 20:00:00,1301.6873,25.9367614746094,0.015137582,0.02331543,29.628115688612606,25.5773864746094,0.013165384,0.0032587051,15.27805765519073,23.0226989746094,0.013794809,0.045288086,8.876191489603377,0,0,0
2019-03-08 21:00:00,1253.9073,25.835595703125023,0.015115245,0.012454987,29.506164568757388,25.163720703125023,0.013318523,0.0034341812,14.939378630803615,22.538720703125023,0.013993724,0.038711548,8.84872860585426,0,0,0
2019-03-08 22:00:00,1200.1033,25.692071533203148,0.015207389,0.00605011,28.293577013946837,24.817071533203148,0.013616661,0.006170273,14.72183489890195,22.301446533203148,0.013918022,0.029838562,8.460714402572888,0,0,0
2019-03-08 23:00:00,1162.3295,25.561120605468773,0.015292122,0.00079751015,27.367778371083578,24.553308105468773,0.014082863,0.011745453,14.36515564432878,22.131433105468773,0.013781502,0.03427124,7.991809810540511,0,0,0
2019-03-09 00:00:00,1113.3333,25.417169189453148,0.015377095,0.00014954805,26.73487260276244,24.378106689453148,0.014484456,0.021194458,13.779489384507464,21.979669189453148,0.013679555,0.033584595,7.561496036188728,0,0,0
2019-03-09 01:00:00,1069.8917,25.278497314453148,0.015480964,0.0014438629,26.166753183533658,24.247247314453148,0.014718025,0.02620697,13.068792032751633,21.840997314453148,0.013646095,0.0340271,7.32009183732253,0,0,0
2019-03-09 02:00:00,1036.3382,25.205682373046898,0.015546759,0.00447464,25.425362643466027,24.174432373046898,0.014871557,0.020362854,12.575994566763368,21.752557373046898,0.013689001,0.037582397,7.406336406734882,0,0,0
2019-03-09 03:00:00,1011.8983,25.184533691406276,0.015566979,0.0041561127,24.571030842042934,24.153283691406276,0.015002403,0.026374817,12.73446000858321,21.676721191406276,0.013800774,0.039886475,7.562653615352917,0,0,0
2019-03-09 04:00:00,989.702,25.125543212890648,0.015579258,0.0042705536,23.91486793196076,24.172418212890648,0.015029942,0.030395508,13.002953378745316,21.641168212890648,0.013919865,0.04788208,7.380647562040786,0,0,0
2019-03-09 05:00:00,1001.5491,25.066918945312523,0.015579391,0.004743576,23.624766670164732,24.160668945312523,0.014972854,0.025245667,13.016246315733866,21.637231445312523,0.014045883,0.057937622,6.934255057591648,0,0,0
2019-03-09 06:00:00,989.0674,25.114373779296898,0.015605159,0.0061302185,24.066149758716797,24.239373779296898,0.014891811,0.018745422,13.198855853345863,21.676873779296898,0.014182277,0.053009033,6.5675239035727175,0,0,0
2019-03-09 07:00:00,1027.9287000000002,25.874658203125023,0.015492788,0.008113861,27.569811888873865,25.913720703125023,0.014729848,0.015468597,16.120060335335094,22.624658203125023,0.014291158,0.048538208,6.9741155002045145,0,0,0
2019-03-09 08:00:00,1157.5431,27.075524902343773,0.0153390085,0.0061454773,29.229025495156087,28.364587402343773,0.0141678965,0.008274078,18.72491446909705,24.684899902343773,0.014015309,0.038024902,7.488183868204826,0,0,0
2019-03-09 09:00:00,1247.0962,28.389855957031276,0.015269427,0.004501343,29.28661732924859,30.780480957031276,0.013610033,0.0035305023,18.836531091590437,26.999230957031276,0.013453631,0.025932312,7.210615438789087,0,0,0
2019-03-09 10:00:00,1326.8078999999998,29.545281982421898,0.01529885,0.00497818,29.04967893859667,32.8265319824219,0.013288504,0.0013232231,18.20895018113946,28.982781982421898,0.013196952,0.023460388,6.112376879990866,0,0,0
2019-03-09 11:00:00,1355.6401,30.399255371093773,0.015423622,0.008384705,28.598643696242807,34.36800537109377,0.013222542,0.00047171116,17.53171725542927,30.368005371093773,0.013455238,0.022254944,4.657878581707287,0,0,0
2019-03-09 12:00:00,1328.2699,30.9103942871094,0.015564637,0.011089325,28.456832574804064,35.3791442871094,0.013264375,0.00036680698,17.134381554348554,31.4103942871094,0.01319571,0.01903534,3.92320181846312,0,0,0
2019-03-09 13:00:00,1316.3648,31.141259765625023,0.015664103,0.018867493,28.46838858382347,35.79750976562502,0.013340952,0.00057053566,17.09584926623387,31.906884765625023,0.012959482,0.02773285,3.5731651199007466,0,0,0
2019-03-09 14:00:00,1304.9785,30.987817382812523,0.015778255,0.031143188,28.66780573984517,35.39406738281252,0.013485622,0.00040900707,17.4398898941904,31.847192382812523,0.01300497,0.03138733,3.492510242269649,0,0,0
2019-03-09 15:00:00,1285.78,30.377496337890648,0.015884694,0.0463562,29.072352475621862,34.04937133789065,0.013683612,0.00031518936,18.13529968165558,31.236871337890648,0.013172443,0.036193848,3.709429216510902,0,0,0
2019-03-09 16:00:00,1251.1867,29.408258056640648,0.01597601,0.057174683,29.894410984420965,32.09575805664065,0.013881742,0.00051760674,18.94257181368211,30.158258056640648,0.0133209815,0.040756226,4.367456459129707,0,0,0
2019-03-09 17:00:00,1204.1447,28.097009277343773,0.016128516,0.058029175,30.50999462026363,29.815759277343773,0.014007544,0.0020742416,19.27020503269109,28.706384277343773,0.013355231,0.034622192,5.48249939758047,0,0,0
2019-03-09 18:00:00,1224.0553,26.964227294921898,0.016334595,0.052337646,29.80620437653774,27.776727294921898,0.014141145,0.0051441193,18.072721978831,26.823602294921898,0.013858858,0.031906128,6.260638434300571,0,0,0
2019-03-09 19:00:00,1300.7725,26.406335449218773,0.016533157,0.03970337,28.77489388029547,26.765710449218773,0.014526626,0.008068085,17.003397999166708,25.312585449218773,0.014461776,0.041259766,6.407664915560503,0,0,0
2019-03-09 20:00:00,1274.4738,26.172418212890648,0.016594566,0.03225708,27.94770632700347,26.266168212890648,0.015045799,0.011806488,16.58315877902434,24.500543212890648,0.01459948,0.050354004,6.536248922167376,0,0,0
2019-03-09 21:00:00,1247.3408,25.999291992187523,0.016557276,0.023231506,27.64140342362412,25.921166992187523,0.015477718,0.012107849,16.06218309854278,23.936791992187523,0.014874996,0.050979614,6.824031207734421,0,0,0
2019-03-09 22:00:00,1201.1962,25.814172363281276,0.016550448,0.01689148,27.580011576760057,25.665734863281276,0.015787508,0.010295868,15.768013554815449,23.486047363281276,0.015047456,0.047409058,6.9830401933396375,0,0,0
2019-03-09 23:00:00,1152.5608,25.6494079589844,0.01655105,0.016952515,27.35253312063134,25.4775329589844,0.015971215,0.0065670013,15.638065113861469,23.1025329589844,0.01509002,0.04724121,7.057106243179768,0,0,0
2019-03-10 00:00:00,1116.1526,25.502526855468773,0.016574074,0.018539429,26.803433952672435,25.346276855468773,0.016078163,0.0037193298,15.517307664611252,22.775964355468773,0.015090155,0.047088623,6.963520916204319,0,0,0
2019-03-10 01:00:00,1069.1392,25.3762145996094,0.01665069,0.020477295,25.83736403918101,25.2590270996094,0.01613952,0.0038452148,15.189993284925892,22.5246520996094,0.0151171805,0.046218872,6.579323824196722,0,0,0
2019-03-10 02:00:00,1049.5845,25.279565429687523,0.01678094,0.022254944,24.662615289046453,25.209252929687523,0.016140072,0.010948181,14.985567550221315,22.349877929687523,0.015129176,0.05050659,6.397886711140743,0,0,0
2019-03-10 03:00:00,1013.4944,25.202020263671898,0.016911402,0.0263443,24.15979552075084,25.155145263671898,0.01604928,0.019111633,15.05897686161488,22.248895263671898,0.015164272,0.061538696,6.414732534373419,0,0,0
2019-03-10 04:00:00,986.0777,25.182397460937523,0.016980968,0.024238586,23.314862703348197,25.088647460937523,0.015928112,0.022262573,14.80854031331034,22.244897460937523,0.015184245,0.06213379,6.359469977192133,0,0,0
2019-03-10 05:00:00,977.1672,25.202233886718773,0.017012525,0.021316528,22.891749159149672,25.061608886718773,0.015837599,0.024398804,14.52638382483291,22.280358886718773,0.0152081745,0.053482056,6.235569972192822,0,0,0
2019-03-10 06:00:00,950.7589,25.327355957031276,0.016959451,0.017242432,24.2409887312372,25.171105957031276,0.015754007,0.022117615,14.780194263136556,22.335168457031276,0.015197061,0.052978516,6.239594349880608,0,0,0
2019-03-10 07:00:00,947.5951,26.154199218750023,0.01662215,0.015975952,29.363378893096268,26.560449218750023,0.015622699,0.011230469,17.27121262278436,23.154199218750023,0.015088641,0.0499115,6.901268809216388,0,0,0
2019-03-10 08:00:00,994.2634,27.478295898437523,0.01610956,0.010826111,34.26473061204503,28.806420898437523,0.015136812,0.004529953,19.75321913354113,25.032983398437523,0.01459131,0.03692627,7.446760161839442,0,0,0
2019-03-10 09:00:00,1052.8142,28.819665527343773,0.015757333,0.006877899,36.22243006339119,31.147790527343773,0.014689217,0.004459381,19.638110062358063,27.241540527343773,0.0140063865,0.02646637,7.198947638852056,0,0,0
2019-03-10 10:00:00,1110.8072000000002,29.795770263671898,0.015618825,0.008342743,35.67439652101591,32.8738952636719,0.014569784,0.021217346,18.43435996003741,29.123895263671898,0.013940359,0.015583038,5.979770680754337,0,0,0
2019-03-10 11:00:00,1153.8337,30.390161132812523,0.015598841,0.015769958,33.535055774820364,33.71828613281252,0.014572687,0.06668091,17.271953988830713,30.546411132812523,0.013870783,0.016311646,4.579809018946578,0,0,0
2019-03-10 12:00:00,1164.2783,30.718408203125023,0.015602086,0.022262573,31.21952754521574,33.92153320312502,0.014621709,0.0763855,16.42210793312738,31.499658203125023,0.013660405,0.028915405,3.4681656216339,0,0,0
2019-03-10 13:00:00,1172.447,30.900537109375023,0.015574794,0.0258255,29.41220536965957,34.13491210937502,0.014632564,0.10543823,16.028272235779433,31.619287109375023,0.013953548,0.054122925,3.0125143486092782,0,0,0
2019-03-10 14:00:00,1184.6198,30.787866210937523,0.015582047,0.020973206,28.277395520311085,33.77224121093752,0.014643632,0.111083984,15.840486356031038,31.272241210937523,0.01416298,0.07946777,3.2554433603305952,0,0,0
2019-03-10 15:00:00,1173.6185,30.3515563964844,0.015604806,0.0122795105,27.628715106524588,33.1328063964844,0.014593911,0.06643677,16.03212656937394,30.6328063964844,0.014254403,0.081726074,3.9126781971481472,0,0,0
2019-03-10 16:00:00,1167.7024,29.536431884765648,0.015723465,0.013496399,27.612728567286936,32.16143188476565,0.014502763,0.018302917,16.672084945886976,29.786431884765648,0.014231919,0.053207397,4.77527147689742,0,0,0
2019-03-10 17:00:00,1131.4127999999998,28.299096679687523,0.015876526,0.02255249,27.73945577361263,30.564721679687523,0.014438386,0.012798309,17.051608307905457,28.611596679687523,0.01432013,0.032852173,5.763681164084136,0,0,0
2019-03-10 18:00:00,1166.0454,27.035791015625023,0.016075445,0.031013489,27.50504574626093,28.567041015625023,0.014541937,0.01492691,16.05582819852732,26.910791015625023,0.014671637,0.034225464,6.30451503815583,0,0,0
2019-03-10 19:00:00,1239.6231,26.320245361328148,0.016251173,0.031311035,27.23563559367408,27.195245361328148,0.014988507,0.01259613,15.706144299286189,25.476495361328148,0.014992322,0.049453735,6.63998123602916,0,0,0
2019-03-10 20:00:00,1259.1149,26.053796386718773,0.016335163,0.02407837,27.047569179783167,26.428796386718773,0.015534078,0.009449005,15.65863479451289,24.577233886718773,0.015080129,0.061676025,7.183637097773985,0,0,0
2019-03-10 21:00:00,1255.0911999999998,25.943994140625023,0.01637366,0.020393372,27.11076948412724,26.084619140625023,0.015893009,0.0060272217,15.39614254088212,23.936181640625023,0.015259769,0.06604004,7.741460931985009,0,0,0
2019-03-10 22:00:00,1201.0716,25.8132263183594,0.016481135,0.021018982,27.212530839978797,25.8444763183594,0.015962336,0.009304047,15.423038460577258,23.4538513183594,0.015382502,0.0635376,7.842540306641957,0,0,0
2019-03-10 23:00:00,1148.8466,25.654229736328148,0.016649947,0.026260376,27.512628070926645,25.630792236328148,0.01597093,0.013286591,15.364138813308392,23.130792236328148,0.015494094,0.057510376,7.77847781885021,0,0,0
2019-03-11 00:00:00,1094.7430000000002,25.483209228515648,0.016833873,0.029586792,27.253795282488728,25.459771728515648,0.016040416,0.009754181,15.119296727854834,22.889459228515648,0.015559765,0.059906006,7.731239865295626,0,0,1
2019-03-11 01:00:00,1059.0732,25.341821289062523,0.017001996,0.037719727,26.60907052637021,25.334008789062523,0.016162762,0.004163742,14.71124192711431,22.654321289062523,0.015586743,0.06466675,7.450953951187381,0,0,1
2019-03-11 02:00:00,1035.3325,25.232446289062523,0.017071161,0.048202515,25.68642754091065,25.232446289062523,0.016254816,0.0122413635,14.59760655681266,22.505883789062523,0.01563302,0.07022095,7.171545402582606,0,0,1
2019-03-11 03:00:00,997.5966,25.158471679687523,0.017094802,0.05203247,24.984890685637232,25.142846679687523,0.01624794,0.023368835,14.76262469517616,22.463159179687523,0.015690994,0.08230591,7.136857728403561,0,0,1
2019-03-11 04:00:00,937.6925,25.141931152343773,0.017088147,0.041046143,23.77894008010045,25.040368652343773,0.016248913,0.021575928,14.125433445584411,22.509118652343773,0.01579115,0.089019775,6.908849415140618,0,0,1
2019-03-11 05:00:00,979.8786,25.128503417968773,0.017104499,0.029754639,21.617011809798345,24.964440917968773,0.016295783,0.02532959,13.171078747340792,22.605065917968773,0.015944831,0.085235596,6.518195346485956,0,0,1
2019-03-11 06:00:00,1020.4563,25.171044921875023,0.017089142,0.024116516,20.352506058681136,25.006982421875023,0.01634146,0.028083801,12.471707312006933,22.686669921875023,0.016059173,0.0798645,6.155170918500128,0,0,1
2019-03-11 07:00:00,1111.8116,25.891687011718773,0.016821027,0.02923584,23.2660460789212,26.547937011718773,0.016317487,0.032424927,15.023625986044603,23.430749511718773,0.016210675,0.07556152,6.36443440647565,0,0,1
2019-03-11 08:00:00,1291.6758,27.183312988281276,0.01627056,0.039733887,26.810867110461828,28.886437988281276,0.015835684,0.025726318,17.88573519080023,25.175500488281276,0.016049307,0.072906494,6.89003440350053,0,0,1
2019-03-11 09:00:00,1410.0354,28.493707275390648,0.015926288,0.034591675,27.800042043969725,31.228082275390648,0.015346455,0.017700195,18.376525317351422,27.478082275390648,0.015464711,0.06149292,7.004977429371971,0,0,1
2019-03-11 10:00:00,1488.8929999999998,29.719354248046898,0.015605132,0.026054382,28.50795752009908,33.2818542480469,0.015021483,0.016189575,18.692708712457623,29.453729248046898,0.015109221,0.048217773,6.337500379212498,0,0,1
2019-03-11 11:00:00,1525.6924,30.728875732421898,0.015448057,0.01701355,29.09765558925694,34.7913757324219,0.014791929,0.01638031,19.219479764155565,30.697625732421898,0.014940702,0.041534424,5.810656278513119,0,0,1
2019-03-11 12:00:00,1508.1836999999998,31.333398437500023,0.015516091,0.019508362,28.87042209550557,35.73964843750002,0.014619637,0.015563965,19.65215633296144,31.302148437500023,0.014848519,0.040527344,5.84839038712698,0,0,1
2019-03-11 13:00:00,1526.5084,31.6020446777344,0.015671933,0.017105103,28.11346198878959,36.0707946777344,0.014416897,0.010887146,20.01486038498567,31.4301696777344,0.014790737,0.043273926,6.225327402720048,0,0,1
2019-03-11 14:00:00,1545.3005,31.603051757812523,0.015732544,0.015846252,27.428108666467164,35.60305175781252,0.014279144,0.0058918,20.28638820457498,31.149926757812523,0.014755981,0.04486084,6.736572796323152,0,0,1
2019-03-11 15:00:00,1516.0828,31.096826171875023,0.015778111,0.0077438354,27.23371412305937,34.48745117187502,0.01427512,0.003405571,20.40577898635676,30.518701171875023,0.01471381,0.042175293,7.333408781299302,0,0,1
2019-03-11 16:00:00,1471.8068,30.161035156250023,0.01596116,0.005334854,27.05367437146145,32.84853515625002,0.014404764,0.0027914047,20.059494517871084,29.567285156250023,0.014641276,0.03791809,7.899090697675123,0,0,1
2019-03-11 17:00:00,1339.5228,28.773950195312523,0.01616722,0.008178711,26.94451238075248,30.789575195312523,0.01466423,0.0034732819,19.24453703016446,28.211450195312523,0.014641342,0.035003662,8.18308258863772,0,0,1
2019-03-11 18:00:00,1299.5957999999998,27.344201660156276,0.01634289,0.013748169,27.177203835663363,28.734826660156276,0.015038263,0.0042037964,17.39958571894509,26.531701660156276,0.014874231,0.039215088,8.035745204321099,0,0,1
2019-03-11 19:00:00,1364.5391,26.487390136718773,0.016511131,0.014293671,27.54385370555698,27.487390136718773,0.015603233,0.004793167,16.216980998856883,25.096765136718773,0.015340019,0.066467285,8.06615893707587,0,0,1
2019-03-11 20:00:00,1318.7881,26.176934814453148,0.016588092,0.01423645,27.793925591839084,26.817559814453148,0.016046405,0.005569458,15.897273740422593,24.153497314453148,0.01572597,0.08203125,8.141996992185145,0,0,1
2019-03-11 21:00:00,1309.3177999999998,26.0727478027344,0.016580347,0.014961243,27.856051969862065,26.4477478027344,0.016099695,0.008815765,16.04557439805979,23.6118103027344,0.015924219,0.080718994,8.033017340917876,0,0,1
2019-03-11 22:00:00,1253.8987,25.959619140625023,0.01651914,0.022491455,27.857478859688086,26.162744140625023,0.015977453,0.015930176,16.214403996837387,23.287744140625023,0.015992712,0.07675171,8.018484404663212,0,0,1
2019-03-11 23:00:00,1177.5396999999998,25.8615661621094,0.016411832,0.023117065,27.69734503075935,25.9162536621094,0.015854886,0.012870789,16.253980347478905,23.0646911621094,0.015992215,0.075042725,7.981425035628991,0,0,1
2019-03-12 00:00:00,1126.6101,25.711999511718773,0.016365618,0.019447327,27.100320218717552,25.672937011718773,0.015816301,0.013187408,16.195887234284637,22.907312011718773,0.015968889,0.06851196,7.838057356733326,0,0,1
2019-03-12 01:00:00,1085.253,25.555535888671898,0.016304342,0.015861511,25.944507418911638,25.453973388671898,0.015770284,0.026786804,15.98802045581951,22.789910888671898,0.015922872,0.07058716,7.577970666316654,0,0,1
2019-03-12 02:00:00,1053.6639,25.398522949218773,0.016327195,0.013534546,24.434306981496643,25.257897949218773,0.015716843,0.029396057,15.519122794225392,22.711022949218773,0.015869431,0.075042725,7.331815497791276,0,0,1
2019-03-12 03:00:00,1025.1875,25.283044433593773,0.01632732,0.015583038,23.2655392800847,25.072106933593773,0.015709339,0.023399353,14.930413603320268,22.673669433593773,0.015831409,0.0748291,7.107302005571515,0,0,1
2019-03-12 04:00:00,1014.2662,25.201196289062523,0.016258998,0.020980835,23.169170113009788,24.888696289062523,0.015656276,0.026390076,14.522324753969857,22.615258789062523,0.015740199,0.07208252,6.915915750699712,0,0,1
2019-03-12 05:00:00,1036.6071000000002,25.095758056640648,0.01620611,0.016281128,22.06115054577436,24.712945556640648,0.015546167,0.022483826,13.826992902545758,22.525445556640648,0.015649164,0.06781006,6.770543384466809,0,0,1
2019-03-12 06:00:00,1046.2441,25.087182617187523,0.016168438,0.011219025,21.575370861415504,24.680932617187523,0.015424572,0.018852234,13.467057585629032,22.485620117187523,0.015607677,0.0594635,6.71016781319952,0,0,1
2019-03-12 07:00:00,1156.6506000000002,25.8713317871094,0.015917124,0.010055542,25.217087755975676,26.3322692871094,0.015192332,0.013847351,16.533119836064575,23.1838317871094,0.015592875,0.049194336,7.177696683574507,0,0,1
2019-03-12 08:00:00,1326.3892,27.183160400390648,0.015372042,0.018173218,28.993156246446496,28.730035400390648,0.014586214,0.009780884,19.31056616721121,24.995660400390648,0.015051607,0.037246704,7.731907276779692,0,0,1
2019-03-12 09:00:00,1429.0321,28.524438476562523,0.015055753,0.020805359,30.50571807791481,31.040063476562523,0.0137930885,0.006002426,19.651308531544487,27.149438476562523,0.014227964,0.029937744,7.521188149434851,0,0,1
2019-03-12 10:00:00,1496.1101,29.620782470703148,0.014815584,0.017097473,31.486116499602847,32.99578247070315,0.013213411,0.004180908,19.037233054480517,28.917657470703148,0.013720766,0.030593872,6.704953142040807,0,0,1
2019-03-12 11:00:00,1546.998,30.394860839843773,0.014716145,0.012130737,31.677862462843727,34.48861083984377,0.012934681,0.0040016174,18.38796497330183,30.019860839843773,0.0137701,0.03239441,5.691968419280275,0,0,1
2019-03-12 12:00:00,1544.3502,30.812463378906276,0.014768967,0.010875702,31.636673190716053,35.42183837890627,0.012766251,0.005203247,18.03191445645314,30.703088378906276,0.013647446,0.035568237,5.300516218560937,0,0,1
2019-03-12 13:00:00,1575.5968,30.931268310546898,0.014833133,0.010322571,31.48831308730248,35.6812683105469,0.012822787,0.006214142,18.018164967577253,31.009393310546898,0.013494174,0.043395996,5.29828861244498,0,0,1
2019-03-12 14:00:00,1593.7549,30.742883300781276,0.014840095,0.010276794,31.02291245857019,35.13350830078127,0.013001411,0.008144379,18.357146914334827,30.914758300781276,0.013344734,0.043167114,5.628676746356823,0,0,1
2019-03-12 15:00:00,1554.4318,30.237084960937523,0.014812851,0.008853912,30.333638831755596,33.90895996093752,0.013142014,0.010608673,18.85068027877658,30.455834960937523,0.013191605,0.035461426,6.128688340115173,0,0,1
2019-03-12 16:00:00,1477.6915,29.3356872558594,0.014850571,0.00875473,29.9827010671362,32.2106872558594,0.0133170625,0.012386322,19.22079931432973,29.6013122558594,0.013122513,0.027175903,6.781533779412011,0,0,1
2019-03-12 17:00:00,1347.6401,28.071466064453148,0.014953208,0.013671875,29.773960754553165,30.212091064453148,0.013495994,0.0154418945,19.021730175566844,28.243341064453148,0.01335485,0.024772644,7.318494810220982,0,0,1
2019-03-12 18:00:00,1301.1188,26.812432861328148,0.015139817,0.021209717,28.70159867250293,28.203057861328148,0.013880967,0.019592285,16.915886990223587,26.484307861328148,0.013789414,0.026992798,7.22363716656537,0,0,1
2019-03-12 19:00:00,1348.7545,26.169976806640648,0.015299743,0.026542664,27.700613980426105,26.998101806640648,0.014479583,0.038986206,15.23998256171723,25.076226806640648,0.014204925,0.03944397,7.151651029099266,0,0,1
2019-03-12 20:00:00,1335.4711,25.908410644531276,0.015337751,0.027641296,27.15780240905831,26.267785644531276,0.014948652,0.039352417,15.007550467845242,24.049035644531276,0.014513777,0.048339844,7.449855746722393,0,0,1
2019-03-12 21:00:00,1305.3631,25.7597595214844,0.015291997,0.024925232,27.11730438339114,25.7910095214844,0.015211889,0.0308609,14.875360923683946,23.2753845214844,0.014826604,0.056777954,7.931769690836138,0,0,1
2019-03-12 22:00:00,1240.1208,25.560662841796898,0.015238458,0.022750854,27.744184554809465,25.388787841796898,0.015383417,0.020393372,15.152676547969431,22.763787841796898,0.015154535,0.061309814,7.842881497025925,0,0,1
2019-03-12 23:00:00,1165.0237,25.321008300781276,0.015135307,0.019470215,28.419971546693077,25.024133300781276,0.015558738,0.0099487305,15.420028206766062,22.414758300781276,0.015364189,0.058410645,7.5923004801450364,0,0,1
2019-03-13 00:00:00,1099.21,25.048760986328148,0.015070386,0.008457184,28.59156638690912,24.681573486328148,0.015669294,0.0051288605,15.393119800970538,22.111260986328148,0.015371747,0.06047058,7.485311360887642,0,0,1
2019-03-13 01:00:00,1062.4259,24.778619384765648,0.014994157,0.007827759,28.996597090387443,24.372369384765648,0.015669357,0.002398491,15.195304797957562,21.872369384765648,0.01532985,0.060577393,7.404874402512996,0,0,1
2019-03-13 02:00:00,1028.175,24.612481689453148,0.014815075,0.015003204,29.21831517056125,24.135919189453148,0.015593274,0.0012226105,15.12694389020861,21.667169189453148,0.015227063,0.05810547,7.267625134220444,0,0,1
2019-03-13 03:00:00,1005.746,24.529901123046898,0.014731507,0.018699646,27.97687104950629,23.967401123046898,0.0154791875,0.00869751,15.084755818151706,21.498651123046898,0.015112977,0.057632446,7.21460173080644,0,0,1
2019-03-13 04:00:00,999.5758,24.457482910156276,0.014808303,0.019836426,25.6295717506188,23.809045410156276,0.015308028,0.013870239,14.533098798720092,21.402795410156276,0.015029555,0.05429077,6.994709446116809,0,0,1
2019-03-13 05:00:00,1020.2822,24.425073242187523,0.0149157895,0.014949799,22.90429228822863,23.651635742187523,0.015182818,0.018478394,13.93879431765995,21.331323242187523,0.014969195,0.054611206,6.761397162183112,0,0,1
2019-03-13 06:00:00,1020.2365,24.512475585937523,0.014889975,0.011688232,21.74232248487113,23.653100585937523,0.015046378,0.023162842,13.696510438551837,21.285913085937523,0.014909049,0.053848267,6.647658071944713,0,0,1
2019-03-13 07:00:00,1131.447,25.353631591796898,0.014589366,0.007511139,23.85071513705256,25.338006591796898,0.0148296915,0.023269653,16.44853526728033,21.986444091796898,0.014890727,0.05583191,7.061841240601384,0,0,1
2019-03-13 08:00:00,1305.9012,26.5505310058594,0.014318298,0.0013198853,24.81137741970185,27.8630310058594,0.0141809685,0.017745972,18.678033568560725,23.8942810058594,0.0143450005,0.041366577,7.528099187329267,0,0,1
2019-03-13 09:00:00,1390.4559,27.834863281250023,0.014119633,0.00037109852,24.93820432657852,30.350488281250023,0.01352454,0.009628296,18.358193844983774,26.272363281250023,0.0134902075,0.029953003,6.862152390978483,0,0,1
2019-03-13 10:00:00,1477.5459999999998,29.030725097656276,0.013878877,0.00037622452,25.48254989440997,32.51510009765627,0.013108308,0.0045833588,17.143051243364386,28.390100097656276,0.0127688,0.021461487,5.848367404543165,0,0,1
2019-03-13 11:00:00,1522.5914,29.949975585937523,0.01356935,0.00043582916,26.156244329636483,34.19997558593752,0.012875075,0.0035104752,15.881798485446296,29.965600585937523,0.01282167,0.014575958,4.220523369953886,0,0,1
2019-03-13 12:00:00,1523.078,30.563165283203148,0.013275241,0.0004502535,26.714162640736152,35.36004028320315,0.012672518,0.0033845901,15.114240628473224,31.156915283203148,0.012401675,0.016838074,2.964513389064325,0,0,1
2019-03-13 13:00:00,1560.804,30.767999267578148,0.013107143,0.00038409233,27.09772506117831,35.92424926757815,0.012508236,0.0029878616,14.810549126129,31.689874267578148,0.012512051,0.00963974,2.1805965177032203,0,0,1
2019-03-13 14:00:00,1575.7346,30.554254150390648,0.013106984,0.00030863285,27.197499407096664,35.86675415039065,0.012466115,0.002658844,14.806741581200146,31.679254150390648,0.012729329,0.018814087,1.866892666702788,0,0,1
2019-03-13 15:00:00,1547.7635,29.903466796875023,0.01326713,0.00030434132,26.90499428826119,34.95034179687502,0.012645334,0.0024003983,14.838758895674694,31.106591796875023,0.012939066,0.01927948,1.657295313922442,0,0,1
2019-03-13 16:00:00,1375.15,28.889581298828148,0.013503673,0.00047326088,26.532313569119413,33.20208129882815,0.012916209,0.0031061172,14.876610512621426,30.108331298828148,0.013087871,0.026000977,1.4117939652976623,0,0,1
2019-03-13 17:00:00,1293.7537,27.597039794921898,0.013839348,0.003156662,25.922299244946064,30.800164794921898,0.013228997,0.008174896,14.961938282454208,28.597039794921898,0.0132061085,0.037109375,1.197651752978577,0,0,1
2019-03-13 18:00:00,1273.9148,26.391992187500023,0.0141366515,0.017936707,24.48394227989908,28.079492187500023,0.013572076,0.012329102,14.467069835289406,26.595117187500023,0.013556818,0.044189453,1.553756858583444,0,0,1
2019-03-13 19:00:00,1343.7876,25.807824707031276,0.014334731,0.027503967,23.168152265965134,26.495324707031276,0.013953261,0.00746727,14.094031446399905,24.917199707031276,0.0142126605,0.05168152,3.118851553385388,0,0,1
2019-03-13 20:00:00,1315.8788,25.611901855468773,0.014475645,0.033493042,22.38280795975085,25.565026855468773,0.0142620215,0.0048389435,13.63192921117751,23.752526855468773,0.014670194,0.060928345,4.555444264693672,0,0,1
2019-03-13 21:00:00,1279.6177,25.5068298339844,0.014654707,0.03488159,22.304633387084092,24.9287048339844,0.014502119,0.0033216476,13.03795588895004,22.9365173339844,0.014967512,0.06436157,5.584238603374587,0,0,1
2019-03-13 22:00:00,1217.3935,25.364648437500023,0.014952036,0.03363037,23.2128793417358,24.520898437500023,0.014578195,0.0048103333,12.76459242567898,22.442773437500023,0.015074106,0.06430054,6.18887513572189,0,0,1
2019-03-13 23:00:00,1127.0123,25.232934570312523,0.015249471,0.03113556,24.29330860833181,24.248559570312523,0.014421682,0.004119873,12.677855094460678,22.107934570312523,0.015085439,0.059555054,6.529843551841303,0,0,1
2019-03-14 00:00:00,1087.8238,25.093682861328148,0.015459306,0.02835846,24.76205505864849,23.960870361328148,0.014135606,0.0028562546,12.572949992053797,21.859307861328148,0.015047318,0.05404663,6.900334333529771,0,0,1
2019-03-14 01:00:00,1040.4138,24.975122070312523,0.015577745,0.031341553,23.820502123404808,23.686059570312523,0.013857316,0.0017032623,12.41214446051296,21.615747070312523,0.014891099,0.04838562,7.066138856298171,0,0,1
2019-03-14 02:00:00,1006.5541,24.847070312500023,0.015692225,0.029930115,21.944296948845317,23.409570312500023,0.01362466,0.0007662773,11.86439476196013,21.362695312500023,0.014708034,0.04145813,7.026204146497022,0,0,1
2019-03-14 03:00:00,990.3542,24.739373779296898,0.01574569,0.0182724,21.176125481430105,23.098748779296898,0.013456872,0.0021238327,11.25122710592761,21.129998779296898,0.014547875,0.035751343,6.864938621607799,0,0,1
2019-03-14 04:00:00,968.7327,24.6301208496094,0.015768677,0.009422302,20.02563509844797,22.6457458496094,0.013388306,0.0058670044,9.914273809250728,20.9269958496094,0.014422089,0.034088135,6.64448381679498,0,0,1
2019-03-14 05:00:00,997.7381,24.517419433593773,0.01576101,0.00607872,18.760972643854505,22.056481933593773,0.013403528,0.0046844482,8.48325193274915,20.759606933593773,0.014326685,0.032669067,6.398515731836302,0,0,1
2019-03-14 06:00:00,999.2987,24.537225341796898,0.015776174,0.008678436,17.856286796235498,22.084100341796898,0.013407247,0.002632141,8.71174783401622,20.654412841796898,0.014269369,0.027954102,6.204570679055995,0,0,1
2019-03-14 07:00:00,1110.5685999999998,25.417504882812523,0.015581447,0.010196686,20.705209491170145,24.698754882812523,0.013349849,0.0012683868,13.126710093671637,21.315942382812523,0.014250117,0.02016449,6.576129505914893,0,0,1
2019-03-14 08:00:00,1289.4242,26.680627441406276,0.015218854,0.011684418,22.52933085782548,27.977502441406276,0.012781262,0.0006747246,15.8243986910437,23.290002441406276,0.013784528,0.0041999817,6.611015265631084,0,0,1
2019-03-14 09:00:00,1400.2841,28.057733154296898,0.014959278,0.009674072,23.548409961063957,30.698358154296898,0.012048664,0.0005772114,14.658336780078534,26.151483154296898,0.012586536,0.0007789135,5.748235285759592,0,0,1
2019-03-14 10:00:00,1450.6643,29.275415039062523,0.0147836935,0.009307861,24.85544985413002,33.05666503906252,0.011617495,0.00071644783,13.1913043077013,28.822290039062523,0.011281801,0.00088500977,4.367734314562018,0,0,1
2019-03-14 11:00:00,1484.2209,30.163476562500023,0.0147073455,0.01102829,25.628881172827235,34.85097656250002,0.0113809295,0.0009784698,12.26483815151315,30.757226562500023,0.01105668,0.001209259,2.4881395859567483,0,0,1
2019-03-14 12:00:00,1492.9865000000002,30.685418701171898,0.014688219,0.016242981,25.883114280518843,36.0604187011719,0.011296953,0.0010943413,11.863689482758328,31.966668701171898,0.011151995,0.0014309883,1.2748023889777187,0,0,1
2019-03-14 13:00:00,1518.996,30.865991210937523,0.014730081,0.023864746,25.500111370965435,36.67849121093752,0.011312112,0.00092840195,11.7496947488296,32.60036621093752,0.011449441,0.0015153885,0.6696561280706649,0,0,1
2019-03-14 14:00:00,1550.7145,30.650415039062523,0.014768094,0.032806396,24.949553191746208,36.74416503906252,0.011434048,0.0009701252,11.734943499045116,32.75979003906252,0.011495084,0.0015568733,0.3641928003706786,0,0,1
2019-03-14 15:00:00,1531.0621,30.1586853027344,0.014790794,0.032409668,24.62489008690175,36.2055603027344,0.011613151,0.0022706985,11.734404231821111,32.3774353027344,0.011536857,0.013572693,0.7126767290681901,0,0,1
2019-03-14 16:00:00,1466.1951,29.428399658203148,0.014821109,0.028884888,24.49340050076388,34.89714965820315,0.011929569,0.0039958954,11.77143916818721,31.256524658203148,0.011735019,0.032073975,1.461123420186445,0,0,1
2019-03-14 17:00:00,1339.5721,28.362756347656276,0.014935329,0.025787354,24.4750328679395,32.78463134765627,0.01239474,0.009662628,11.79574390531539,29.425256347656276,0.012535884,0.04168701,1.6758691127124832,0,0,1
2019-03-14 18:00:00,1301.8935,27.213250732421898,0.0151601825,0.025413513,24.165049878287387,30.088250732421898,0.013058284,0.0129470825,11.429499635332355,27.057000732421898,0.013950923,0.053604126,1.429424426780044,0,0,1
2019-03-14 19:00:00,1371.6266999999998,26.511254882812523,0.015457543,0.022209167,23.73521098449549,27.933129882812523,0.013775261,0.015861511,12.142496462297778,25.386254882812523,0.014870079,0.058441162,0.9625854819596932,0,0,1
2019-03-14 20:00:00,1334.1015,26.162194824218773,0.015712973,0.019454956,22.808036552322307,26.599694824218773,0.014297721,0.016403198,11.971323118581031,24.615319824218773,0.0146296,0.05381775,1.825610253451771,0,0,1
2019-03-14 21:00:00,1293.3528,25.996942138671898,0.015956987,0.018951416,22.228287979487387,25.746942138671898,0.014663803,0.013095856,11.445881598479266,24.059442138671898,0.014804947,0.06010437,2.672603034164578,0,0,1
2019-03-14 22:00:00,1231.8058999999998,25.854852294921898,0.016223928,0.027763367,22.226361804344343,25.136102294921898,0.015090963,0.0093688965,11.08498973964686,23.667352294921898,0.014995595,0.06939697,3.599072587241813,0,0,1
2019-03-14 23:00:00,1173.2515,25.672296142578148,0.016468013,0.046310425,22.30125516771789,24.703546142578148,0.015460932,0.008861542,10.717394200651036,23.297296142578148,0.015125238,0.06869507,4.388187119892249,0,0,1
2019-03-15 00:00:00,1104.9263,25.498437500000023,0.016597658,0.061050415,22.121385264832675,24.404687500000023,0.01562491,0.015335083,10.313521411597046,22.975000000000023,0.015262513,0.06347656,4.856718239616233,0,0,1
2019-03-15 01:00:00,1068.8083,25.310601806640648,0.016681533,0.06741333,21.843763831138325,24.138726806640648,0.015689712,0.019798279,10.034970834458738,22.724664306640648,0.0153425755,0.05697632,5.235215978675932,0,0,1
2019-03-15 02:00:00,1028.2644,25.186212158203148,0.01675014,0.06147766,21.794120163614195,23.889337158203148,0.01575069,0.023399353,9.825837287460962,22.506524658203148,0.0153844785,0.056640625,5.497662782848142,0,0,1
2019-03-15 03:00:00,994.6423,25.137597656250023,0.016780572,0.05305481,21.92886022776085,23.684472656250023,0.01580401,0.03388977,9.580756390840438,22.309472656250023,0.015372949,0.055603027,5.692924032589274,0,0,1
2019-03-15 04:00:00,997.4984,25.076226806640648,0.016803354,0.04574585,20.8712977249999,23.498101806640648,0.015803903,0.035964966,9.135963580043908,22.091851806640648,0.015323252,0.05696106,5.795898068923746,0,0,1
2019-03-15 05:00:00,1011.2961,25.008111572265648,0.01684902,0.04359436,19.319281604750028,23.289361572265648,0.015788535,0.040130615,8.357419291525074,21.867486572265648,0.015197257,0.06008911,5.941763002418078,0,0,1
2019-03-15 06:00:00,1030.3508000000002,25.063012695312523,0.016864153,0.0491333,19.33570802420649,23.453637695312523,0.015803667,0.046463013,8.554012682074296,21.773950195312523,0.015117021,0.052215576,6.013848307029447,0,0,1
2019-03-15 07:00:00,1135.2323,25.882684326171898,0.01653595,0.05480957,22.91570133501877,25.820184326171898,0.015742494,0.04788208,13.324029980935247,22.585809326171898,0.015021515,0.04486084,6.361259930168703,0,0,1
2019-03-15 08:00:00,1325.9219,27.1330505371094,0.016116196,0.061080933,24.414152449834297,28.8205505371094,0.015208299,0.04550171,15.839286278337449,24.6799255371094,0.014407213,0.032196045,6.669766995822601,0,0,1
2019-03-15 09:00:00,1414.8991,28.410943603515648,0.015742237,0.062805176,23.999197183533067,31.489068603515648,0.014502459,0.040985107,15.16305568648565,27.207818603515648,0.013613635,0.030815125,6.032286721106045,0,0,1
2019-03-15 10:00:00,1517.2042,29.567742919921898,0.015421708,0.058746338,23.11918731053093,33.5833679199219,0.01413234,0.037109375,13.685445803822583,29.302117919921898,0.01331981,0.028617859,4.445327961497579,0,0,1
2019-03-15 11:00:00,1542.2709,30.472802734375023,0.0151927555,0.066345215,22.406418303172817,35.22280273437502,0.013914832,0.03263855,12.541399789465258,30.879052734375023,0.013548621,0.0320282,2.4308714956906714,0,0,1
2019-03-15 12:00:00,1555.9369000000002,31.115655517578148,0.0150401145,0.06417847,22.07803542975461,36.41253051757815,0.013762191,0.028419495,11.82667484479562,32.02190551757815,0.013384536,0.037338257,1.436123130513569,0,0,1
2019-03-15 13:00:00,1594.8666,31.537225341796898,0.014845527,0.058395386,22.105088158280477,37.0841003417969,0.013575233,0.049331665,11.420381055577344,32.5684753417969,0.013571418,0.043670654,0.880548709464377,0,0,1
2019-03-15 14:00:00,1611.3213,31.572381591796898,0.014731056,0.042510986,22.48618154769064,37.0723815917969,0.013468391,0.098358154,11.40448213103085,32.6661315917969,0.013598091,0.06484985,0.5111867524176664,0,0,1
2019-03-15 15:00:00,1588.1779,31.215509033203148,0.014708137,0.0259552,23.03614240300497,35.90300903320315,0.01359806,0.11489868,11.904885829360458,32.07488403320315,0.013701057,0.083496094,0.3192346800807862,0,0,1
2019-03-15 16:00:00,1504.2801,30.408227539062523,0.014811083,0.016448975,23.243470605338825,34.64260253906252,0.013823076,0.09524536,12.343533102326992,30.751977539062523,0.0141587695,0.09365845,0.2807426048075073,0,0,1
2019-03-15 17:00:00,1371.9114,29.132958984375023,0.015100916,0.0145225525,23.4038237748697,32.86733398437502,0.013994654,0.07107544,12.66310556513334,29.117333984375023,0.014685114,0.09976196,0.3699614309332393,0,0,1
2019-03-15 18:00:00,1346.1903,27.682336425781276,0.015535748,0.014072418,23.301353513509117,30.651086425781276,0.0141510125,0.05001831,12.451343712049542,27.416711425781276,0.014921581,0.09854126,0.4182776619746972,0,0,1
2019-03-15 19:00:00,1386.9679,26.745904541015648,0.015962983,0.012386322,22.79566167414557,28.777154541015648,0.014505767,0.037200928,13.305611440549614,26.105279541015648,0.015203857,0.11251831,1.1794321786819983,0,0,1
2019-03-15 20:00:00,1363.0056,26.294152832031276,0.016237684,0.014022827,21.81526190205996,27.341027832031276,0.015062756,0.031021118,13.697230077131971,25.309777832031276,0.015242047,0.09017944,2.813562177357112,0,0,1
2019-03-15 21:00:00,1309.3970000000002,26.083551025390648,0.016405588,0.02129364,21.014651304697107,26.521051025390648,0.015711313,0.029624939,13.068727722586823,24.536676025390648,0.015429025,0.072052,4.474303769981898,0,0,1
2019-03-15 22:00:00,1266.4412,25.959313964843773,0.016550615,0.02708435,21.02536218719048,26.037438964843773,0.016192034,0.035446167,11.924229895718929,23.834313964843773,0.015566424,0.06350708,5.660521994200374,0,0,1
2019-03-15 23:00:00,1199.4243,25.863092041015648,0.016619377,0.030532837,21.96207420183873,25.738092041015648,0.016390495,0.04248047,11.274299136283563,23.331842041015648,0.015726738,0.06668091,5.642357161999486,0,0,1
2019-03-16 00:00:00,1166.3372,25.809106445312523,0.016611865,0.028778076,23.05745002351548,25.512231445312523,0.01642113,0.045074463,10.8591920018866,23.027856445312523,0.01579552,0.086883545,5.739679887332168,0,0,1
2019-03-16 01:00:00,1117.8152,25.761865234375023,0.016520359,0.021316528,23.686385094969378,25.308740234375023,0.016390659,0.04396057,10.55959974570773,22.839990234375023,0.015856601,0.10031128,5.908990714550874,0,0,1
2019-03-16 02:00:00,1082.5688,25.671899414062523,0.016444113,0.01903534,23.64929345267099,25.140649414062523,0.01636019,0.04524231,10.330042962043104,22.718774414062523,0.015910055,0.1015625,5.925550217974883,0,0,1
2019-03-16 03:00:00,1050.1252000000002,25.582452392578148,0.016421288,0.022834778,23.472216631866733,25.004327392578148,0.016322106,0.047546387,10.316433686895548,22.629327392578148,0.015940636,0.100250244,5.856732382596544,0,0,1
2019-03-16 04:00:00,1039.1658,25.474084472656276,0.016505318,0.027534485,23.19845727197834,24.911584472656276,0.016306954,0.051208496,10.64302965326111,22.583459472656276,0.015986519,0.10662842,5.896260473012772,0,0,1
2019-03-16 05:00:00,1039.137,25.361535644531276,0.016635126,0.038742065,22.510326975782483,24.814660644531276,0.016291803,0.055618286,10.775215702597327,22.580285644531276,0.016009515,0.11694336,6.1434779870480325,0,0,1
2019-03-16 06:00:00,1015.55,25.403222656250023,0.016703831,0.044281006,22.52026394623313,24.903222656250023,0.016284214,0.05618286,11.316222390474383,22.637597656250023,0.016032444,0.13122559,6.264757437063247,0,0,1
2019-03-16 07:00:00,1087.7446,26.153955078125023,0.01650554,0.043884277,25.41769547311602,26.638330078125023,0.016146958,0.055236816,15.377342946244836,23.450830078125023,0.016162217,0.1383667,6.695378825016075,0,0,1
2019-03-16 08:00:00,1215.1358,27.366418457031276,0.016139533,0.03387451,27.62215980256076,29.132043457031276,0.015529182,0.053131104,18.35834801815148,25.366418457031276,0.015887763,0.124572754,7.0395694190259706,0,0,1
2019-03-16 09:00:00,1304.3659,28.713006591796898,0.015796337,0.019187927,28.28441947450514,31.525506591796898,0.01488081,0.04750061,18.451170944645103,27.697381591796898,0.015208874,0.10910034,6.657977002109583,0,0,1
2019-03-16 10:00:00,1375.544,29.911645507812523,0.015506473,0.008304596,28.665539618522686,33.52102050781252,0.014438358,0.041381836,17.684414276440744,29.567895507812523,0.014903751,0.088012695,5.489373191946992,0,0,1
2019-03-16 11:00:00,1409.0083,30.735650634765648,0.0152624035,0.0022706985,29.012382568226904,35.04815063476565,0.0143011,0.037094116,16.79520146096074,30.782525634765648,0.014896193,0.07949829,4.395074380499109,0,0,1
2019-03-16 12:00:00,1400.0801,31.174157714843773,0.015029782,0.0013918877,29.21808505259414,36.09603271484377,0.014293546,0.033309937,16.28014310094377,31.471032714843773,0.014823789,0.07901001,4.065574834515581,0,0,1
2019-03-16 13:00:00,1369.5488,31.343408203125023,0.01482004,0.001349926,29.35559421754624,36.64028320312502,0.014301241,0.031196594,16.127936488843932,31.780908203125023,0.014751376,0.0821228,4.141013409517083,0,0,1
2019-03-16 14:00:00,1360.9495,31.134820556640648,0.014774325,0.0014247894,29.689724341012543,36.54107055664065,0.014308932,0.03227234,16.26708901800285,31.697320556640648,0.014686587,0.08654785,4.400198299100977,0,0,1
2019-03-16 15:00:00,1341.9696,30.510125732421898,0.0149345985,0.0014128685,30.263037467636625,35.6507507324219,0.014358579,0.029190063,16.79436030412895,31.197625732421898,0.014617979,0.084350586,4.911637651305785,0,0,1
2019-03-16 16:00:00,1315.6454,29.524743652343773,0.015159706,0.001499176,31.434343195443205,33.96224365234377,0.014545539,0.022613525,17.68527809448573,30.134118652343773,0.0146447215,0.08383179,5.791167103836718,0,0,1
2019-03-16 17:00:00,1250.0571,28.223352050781276,0.015354282,0.0044937134,32.2371057753256,31.598352050781276,0.01481641,0.015846252,18.47774440425679,28.598352050781276,0.0148087805,0.071258545,6.844490308043711,0,0,1
2019-03-16 18:00:00,1255.6444,27.017358398437523,0.015522158,0.017684937,31.66265483084923,29.064233398437523,0.0151178,0.012611389,17.985365067977295,26.673608398437523,0.015186464,0.064208984,7.248795055361869,0,0,1
2019-03-16 19:00:00,1317.8374,26.423852539062523,0.015602234,0.026229858,31.257862956095245,27.361352539062523,0.015644195,0.0133628845,17.08459051403418,25.033227539062523,0.015667083,0.088012695,7.183552361473347,0,0,1
2019-03-16 20:00:00,1300.3855,26.1545349121094,0.015602152,0.026245117,31.302051026051,26.3420349121094,0.01619343,0.030784607,16.0266852053653,23.9982849121094,0.01594166,0.111083984,7.227720161708111,0,0,1
2019-03-16 21:00:00,1288.795,25.9509216308594,0.015571535,0.018798828,31.365410889132967,25.9196716308594,0.01643747,0.034622192,15.648624640044249,23.3884216308594,0.016124666,0.1260376,7.020320656128761,0,0,1
2019-03-16 22:00:00,1253.1062000000002,25.795861816406276,0.015518029,0.016479492,31.387265309102425,25.717736816406276,0.016506035,0.033859253,15.562246738808968,23.061486816406276,0.0161856,0.12530518,6.820064227117785,0,0,1
2019-03-16 23:00:00,1216.1959000000002,25.654199218750023,0.015491131,0.011177063,31.037027053824666,25.638574218750023,0.01649821,0.030479431,15.772073329754104,22.919824218750023,0.016193034,0.12185669,6.7124695931710265,0,0,1
2019-03-17 00:00:00,1161.4728,25.504235839843773,0.015544463,0.016090393,30.446756064217816,25.504235839843773,0.01647525,0.031173706,15.943565194716143,22.801110839843773,0.01620059,0.113464355,6.746750469039114,0,0,1
2019-03-17 01:00:00,1137.6306,25.420068359375023,0.015487162,0.02168274,30.611559311419644,25.279443359375023,0.016383616,0.031585693,16.117997718819396,22.685693359375023,0.01620051,0.10858154,6.7440352216051975,0,0,1
2019-03-17 02:00:00,1107.044,25.342126464843773,0.015468051,0.024543762,29.91073585087176,24.998376464843773,0.016307285,0.029724121,15.965449097359306,22.576501464843773,0.016177585,0.111450195,6.681816426774115,0,0,1
2019-03-17 03:00:00,1085.4185,25.266168212890648,0.015521382,0.023750305,28.93769174730613,24.672418212890648,0.016253803,0.030593872,15.780994892740049,22.500543212890648,0.01615462,0.113708496,6.60831835802393,0,0,1
2019-03-17 04:00:00,1061.5739,25.188562011718773,0.015574707,0.022239685,28.80539996067632,24.454187011718773,0.016146911,0.035354614,15.838054114375378,22.454187011718773,0.016124023,0.10873413,6.672992430117999,0,0,1
2019-03-17 05:00:00,1047.3253,25.137872314453148,0.015563212,0.01940918,29.788011574204177,24.262872314453148,0.016001903,0.039352417,15.805135689007836,22.419122314453148,0.016055308,0.10702515,6.796774960538032,0,0,1
2019-03-17 06:00:00,1004.7854,25.204553222656276,0.015521203,0.018806458,30.83788739638735,24.235803222656276,0.015818749,0.037628174,16.066935508241034,22.392053222656276,0.015956078,0.109954834,6.956016993154748,0,0,1
2019-03-17 07:00:00,1003.5998,25.925347900390648,0.015280803,0.01599884,33.55103117812081,25.659722900390648,0.015551646,0.03137207,18.37112709803214,22.956597900390648,0.015887339,0.11203003,7.535763714214355,0,0,1
2019-03-17 08:00:00,1062.7078,27.110162353515648,0.015036578,0.0050258636,34.736848659387,28.078912353515648,0.014800067,0.023490906,21.27312908620084,24.438287353515648,0.015498157,0.091156006,8.214193300189372,0,0,1
2019-03-17 09:00:00,1109.375,28.390100097656276,0.014845782,0.003534317,34.46284397356222,30.499475097656276,0.014052325,0.011684418,21.64523233332624,26.468225097656276,0.014830523,0.07022095,8.330347065742085,0,0,1
2019-03-17 10:00:00,1170.5489,29.491815185546898,0.014723667,0.0013079643,33.62820994204494,32.6168151855469,0.013533481,0.004732132,20.86617945548153,28.288690185546898,0.01430405,0.051757812,7.856798947622953,0,0,1
2019-03-17 11:00:00,1212.6135000000002,30.3159118652344,0.014613026,0.00122118,32.74471167346149,34.1909118652344,0.013289326,0.0034360886,19.97708796544435,29.5190368652344,0.0142391855,0.047210693,6.938953655637355,0,0,1
2019-03-17 12:00:00,1221.9881,30.830010986328148,0.014574878,0.001434803,32.07031977009662,35.20501098632815,0.013281696,0.0033540726,19.19645407834814,30.173760986328148,0.014319293,0.047164917,6.340293719951879,0,0,1
2019-03-17 13:00:00,1233.6443000000002,31.018914794921898,0.014674054,0.0017199516,31.682545667152,35.6439147949219,0.013396131,0.0034685135,18.895472829030165,30.409539794921898,0.014387952,0.049804688,6.210585153625981,0,0,1
2019-03-17 14:00:00,1224.3083,30.831597900390648,0.01486479,0.0022697449,31.50539539451685,35.30034790039065,0.013586867,0.0035619736,18.987330499109717,30.237847900390648,0.014456618,0.051834106,6.364194809896073,0,0,1
2019-03-17 15:00:00,1225.3807000000002,30.273217773437523,0.015051717,0.0067043304,31.36631404450133,34.07009277343752,0.013827199,0.004901886,19.396910966164093,29.679467773437523,0.014479512,0.051239014,6.745519295306663,0,0,1
2019-03-17 16:00:00,1208.7551999999998,29.387017822265648,0.015185259,0.01613617,31.009853249171563,32.37139282226565,0.013956927,0.007051468,19.643114796878315,28.668267822265648,0.014510058,0.04762268,7.339906012741506,0,0,1
2019-03-17 17:00:00,1175.9793,28.205468750000023,0.015341728,0.030410767,30.346182619244665,30.377343750000023,0.014063804,0.006788254,19.311337405274944,27.205468750000023,0.014594047,0.045806885,7.902507630259744,0,0,1
2019-03-17 18:00:00,1203.3399000000002,27.0700622558594,0.015601211,0.03451538,29.03367194216592,28.3669372558594,0.014376693,0.0149383545,17.316549167228303,25.3513122558594,0.014903122,0.05079651,8.070638464874566,0,0,1
2019-03-17 19:00:00,1277.5108,26.476770019531276,0.015879806,0.033065796,27.596146057405907,27.086145019531276,0.014830763,0.039474487,15.462409389418474,23.929895019531276,0.015303786,0.06997681,7.76927115302765,0,0,1
2019-03-17 20:00:00,1294.3228,26.214624023437523,0.016085912,0.034362793,26.250322263646837,26.433374023437523,0.015155126,0.04133606,14.709308619741472,23.198999023437523,0.01536112,0.088012695,7.595066210801587,0,0,1
2019-03-17 21:00:00,1290.1126,26.045983886718773,0.01622337,0.03767395,24.98441182718909,26.014733886718773,0.015342174,0.046081543,14.145058098488644,22.733483886718773,0.015334545,0.09329224,7.469794384068333,0,0,1
2019-03-17 22:00:00,1254.1733,25.851129150390648,0.01633795,0.03895569,24.64440486772159,25.679254150390648,0.015529234,0.03593445,14.27404665995376,22.460504150390648,0.01532324,0.094940186,7.473351368855411,0,0,1
2019-03-17 23:00:00,1197.5058,25.674157714843773,0.01647527,0.03627014,24.574349516819456,25.408532714843773,0.015616963,0.032852173,14.764331695592608,22.252282714843773,0.015250752,0.103881836,7.689134824025459,0,0,1
2019-03-18 00:00:00,1132.136,25.548944091796898,0.016612537,0.031188965,24.195718421179237,25.158319091796898,0.015628345,0.025665283,15.150001722279065,22.095819091796898,0.015231616,0.104156494,7.720659492074088,0,0,1
2019-03-18 01:00:00,1102.4937,25.451440429687523,0.01668876,0.029289246,23.92358815203855,24.935815429687523,0.015643533,0.02532959,15.323961321681118,22.013940429687523,0.015269693,0.103027344,7.55143156311065,0,0,1
2019-03-18 02:00:00,1074.3205,25.364068603515648,0.016711578,0.030128479,23.580316630559924,24.754693603515648,0.015624388,0.024925232,15.38704924554618,21.957818603515648,0.01528488,0.1027832,7.564842030451046,0,0,1
2019-03-18 03:00:00,1048.6944,25.3142028808594,0.016680984,0.026565552,23.525961494863765,24.6110778808594,0.015589981,0.022377014,15.304562684933234,21.9235778808594,0.015269547,0.10021973,7.626500826857659,0,0,1
2019-03-18 04:00:00,1036.516,25.268518066406276,0.01665039,0.02067566,22.841328116849983,24.440393066406276,0.015555573,0.02332306,14.563241372289967,21.909143066406276,0.015250397,0.09564209,7.46201158008275,0,0,1
2019-03-18 05:00:00,1068.1726,25.2241149902344,0.016627435,0.0156059265,21.944773433660405,24.3022399902344,0.015505914,0.02394104,13.613730231566626,21.8803649902344,0.0152426995,0.09033203,7.2159288635638354,0,0,1
2019-03-18 06:00:00,1069.5999,25.257836914062523,0.01662736,0.012382507,21.652224920181773,24.367211914062523,0.015448619,0.023254395,13.52189813324951,21.882836914062523,0.015250254,0.07901001,7.109925242163782,0,0,1
2019-03-18 07:00:00,1178.3302,26.012902832031276,0.016421288,0.018013,25.051797110230403,26.091027832031276,0.0153340995,0.022857666,16.439214371892568,22.591027832031276,0.015353173,0.06695557,7.456673775562802,0,0,1
2019-03-18 08:00:00,1356.1356,27.282250976562523,0.015887184,0.032485962,28.533926596965507,28.704125976562523,0.014807626,0.020812988,19.14560571357429,24.360375976562523,0.015208169,0.047790527,7.759454677140441,0,0,1
2019-03-18 09:00:00,1462.3464,28.603814697265648,0.0155019,0.030288696,29.60856619937569,31.291314697265648,0.014208717,0.012348175,19.017089001008163,26.744439697265648,0.01449482,0.037231445,7.503272433661537,0,0,1
2019-03-18 10:00:00,1543.6839,29.691186523437523,0.015250151,0.022232056,30.10753335052749,33.45681152343752,0.0138081955,0.006084442,18.05323038966825,28.722436523437523,0.013861601,0.03604126,6.496310439908568,0,0,1
2019-03-18 11:00:00,1579.9853,30.458917236328148,0.015147179,0.019218445,30.202734170389068,35.06829223632815,0.01350686,0.0035390854,17.09789512127516,30.037042236328148,0.013949364,0.03756714,4.947481242833909,0,0,1
2019-03-18 12:00:00,1582.0621,30.875634765625023,0.015162459,0.01863861,30.08769890244418,36.06313476562502,0.01325511,0.0026750565,16.384886285726594,30.922509765625023,0.013632765,0.039596558,3.921094231568448,0,0,1
2019-03-18 13:00:00,1612.4957,31.027673339843773,0.015189185,0.016838074,29.85335275808125,36.44954833984377,0.013205542,0.0019788742,15.823559041882872,31.355798339843773,0.013548865,0.04701233,3.1043247450617555,0,0,1
2019-03-18 14:00:00,1624.7162,30.844934082031276,0.015265509,0.022979736,29.859012581199316,36.21993408203127,0.013239904,0.0014090538,15.43489423621062,31.219934082031276,0.013957067,0.05357361,2.5645448220587106,0,0,1
2019-03-18 15:00:00,1576.8109,30.298883056640648,0.015360931,0.02394867,29.905444554690572,35.33013305664065,0.013369659,0.0010890961,15.254024227296648,30.595758056640648,0.014266113,0.06665039,2.3543377065274544,0,0,1
2019-03-18 16:00:00,1476.1209,29.421960449218773,0.01545256,0.028953552,30.055434866909888,33.67196044921877,0.013766464,0.0010972023,15.472964180932935,29.625085449218773,0.014434036,0.075286865,2.3157661981816093,0,0,1
2019-03-18 17:00:00,1353.0323,28.243615722656276,0.0156050585,0.041931152,29.84527844989812,31.384240722656276,0.014224138,0.0022182465,15.528578901345496,28.259240722656276,0.01445302,0.0637207,2.4340060971888184,0,0,1
2019-03-18 18:00:00,1356.5069,27.089685058593773,0.015879607,0.049194336,28.551246682654494,28.839685058593773,0.014719939,0.003288269,14.401531996295814,26.417810058593773,0.014601683,0.06713867,2.859390563922486,0,0,1
2019-03-18 19:00:00,1408.3545,26.467645263671898,0.016146531,0.05117798,27.3299884790256,27.155145263671898,0.015391221,0.0068683624,12.670095941892384,24.967645263671898,0.015013566,0.06933594,3.795350849684992,0,0,1
2019-03-18 20:00:00,1382.2952,26.196496582031276,0.016260857,0.060073853,26.357536046089333,25.962121582031276,0.016047234,0.009082794,10.879534829517734,24.212121582031276,0.015146965,0.06539917,4.823914244643965,0,0,1
2019-03-18 21:00:00,1328.8851,26.029260253906276,0.016276015,0.06286621,25.300715030019877,25.263635253906276,0.016405715,0.017478943,9.772505119363377,23.654260253906276,0.015288007,0.06640625,5.150750574026088,0,0,1
2019-03-18 22:00:00,1274.8253,25.927270507812523,0.0162607,0.06542969,22.988765155272212,24.708520507812523,0.016611652,0.029571533,7.891873011028015,23.302270507812523,0.015356617,0.071746826,5.167861426659841,0,0,1
2019-03-18 23:00:00,1204.9456,25.861505126953148,0.016275996,0.0708313,20.375969275137987,24.236505126953148,0.01672613,0.028709412,6.873506768101541,23.049005126953148,0.015402432,0.077056885,5.038493648623852,0,0,1
2019-03-19 00:00:00,1152.8463,25.790185546875023,0.01631426,0.06135559,18.62024554097898,23.821435546875023,0.016772024,0.02722931,6.227207022398138,22.837060546875023,0.0154597685,0.08004761,4.86679969675454,0,0,1
2019-03-19 01:00:00,1102.9952999999998,25.700158691406276,0.016344924,0.05722046,17.527805555469058,23.497033691406276,0.01677217,0.031600952,5.64206773392601,22.684533691406276,0.015509505,0.08035278,4.61658490426459,0,0,1
2019-03-19 02:00:00,1069.2416,25.644067382812523,0.016360331,0.053588867,16.436125532928365,23.237817382812523,0.01674943,0.039718628,5.313933766484577,22.534692382812523,0.0155401705,0.079071045,4.298581406109457,0,0,1
2019-03-19 03:00:00,1030.4349,25.578546142578148,0.01639102,0.048599243,15.080274974228416,23.062921142578148,0.016696196,0.041259766,5.0287545653456895,22.422296142578148,0.015547973,0.08218384,4.015353206238476,0,0,1
2019-03-19 04:00:00,1019.3231,25.503564453125023,0.01645986,0.036743164,14.57285720489492,22.925439453125023,0.016635336,0.04156494,4.90840774030693,22.316064453125023,0.015536703,0.084869385,3.8674871155241255,0,0,1
2019-03-19 05:00:00,1037.5735,25.4103942871094,0.01652867,0.024368286,14.967882332710891,22.8166442871094,0.016574446,0.038513184,4.900887486799117,22.2072692871094,0.015533034,0.09384155,3.774584634931341,0,0,1
2019-03-19 06:00:00,1050.6839,25.413171386718773,0.016566895,0.016075134,15.518762015293124,22.975671386718773,0.016650818,0.041107178,5.289990037645503,22.194421386718773,0.015536927,0.09475708,3.698767284006136,0,0,1
2019-03-19 07:00:00,1174.5537000000002,26.046166992187523,0.016368514,0.019134521,18.534081584361857,24.280541992187523,0.01730693,0.03692627,7.425751110579617,22.968041992187523,0.01565898,0.09487915,3.8600826068794944,0,0,1
2019-03-19 08:00:00,1348.1918,27.008721923828148,0.016032634,0.021522522,20.30994727799801,26.743096923828148,0.017329631,0.035354614,10.1364108063774,24.821221923828148,0.01533073,0.08880615,3.972950633796805,0,0,1
2019-03-19 09:00:00,1450.5629,28.051812744140648,0.015834168,0.01374054,19.522785079697684,29.879937744140648,0.016070679,0.040512085,11.56186710419466,27.192437744140648,0.014556245,0.08062744,3.537487054268701,0,0,1
2019-03-19 10:00:00,1501.6063,28.996942138671898,0.015681464,0.0067424774,17.924604288625414,32.2469421386719,0.015357215,0.041259766,10.642998298447752,29.278192138671898,0.01384278,0.07489014,2.5847917066286974,0,0,1
2019-03-19 11:00:00,1568.062,29.850549316406276,0.015505855,0.0031719208,16.61447923981237,34.05367431640627,0.014952724,0.03742981,9.50423389251048,30.850549316406276,0.013896053,0.074645996,1.119470329250969,0,0,1
2019-03-19 12:00:00,1554.1776,30.537652587890648,0.015269221,0.0017514229,16.13780480413877,35.39702758789065,0.014384211,0.036071777,8.729123074248967,31.865777587890648,0.014170588,0.07992554,0.2782438289556963,0,0,1
2019-03-19 13:00:00,1590.9406,30.995965576171898,0.015017367,0.0014176369,16.216563340446307,36.1053405761719,0.013731814,0.046340942,8.349803287221965,32.5272155761719,0.013495303,0.09359741,1.049001073803093,0,0,1
2019-03-19 14:00:00,1598.6233,31.144250488281276,0.014792246,0.0015769005,16.21339854248218,36.23800048828127,0.013434214,0.050857544,7.818169441898864,32.26925048828127,0.013373178,0.11843872,2.374149808795922,0,0,1
2019-03-19 15:00:00,1538.278,30.966516113281276,0.014673953,0.0020179749,16.060584797360374,35.52901611328127,0.013472323,0.07577515,7.052805094970483,31.154016113281276,0.013952975,0.13769531,3.113792803580018,0,0,1
2019-03-19 16:00:00,1466.4656,30.346093750000023,0.014754038,0.0028715134,16.460042866573392,34.06484375000002,0.013815623,0.07626343,6.726315181850918,29.689843750000023,0.014715891,0.17346191,3.102370995137975,0,0,1
2019-03-19 17:00:00,1356.684,29.183984375000023,0.015078279,0.0041675568,17.370899859427823,32.48085937500002,0.014303896,0.05253601,6.238259618216448,28.058984375000023,0.01544449,0.21136475,2.808105606294011,0,0,1
2019-03-19 18:00:00,1340.1912,27.740808105468773,0.015597067,0.006746292,18.339711960389103,30.162683105468773,0.015318594,0.039779663,3.693454370431887,26.490808105468773,0.015642842,0.23028564,2.627999646330509,0,0,1
2019-03-19 19:00:00,1397.7995999999998,26.6567321777344,0.01612348,0.013244629,19.874345231696864,28.7192321777344,0.015879339,0.03503418,3.815870249971548,25.2036071777344,0.01612348,0.23742676,2.398379756468477,0,0,1
2019-03-19 20:00:00,1376.622,26.082299804687523,0.016428648,0.021102905,20.52729333664124,27.941674804687523,0.015978513,0.029197693,4.599271310227634,24.269799804687523,0.0166499,0.2508545,2.1031963954103854,0,0,1
2019-03-19 21:00:00,1338.3879,25.861749267578148,0.01655836,0.024986267,20.17439254356753,27.236749267578148,0.016070079,0.026145935,5.735326557257554,23.830499267578148,0.016840648,0.25012207,1.9399763598918915,0,0,1
2019-03-19 22:00:00,1281.6932,25.705957031250023,0.016657596,0.03289795,20.143391860775044,26.580957031250023,0.01611591,0.023231506,6.986255670075258,23.565332031250023,0.016924625,0.23480225,2.2692782393964963,0,0,1
2019-03-19 23:00:00,1209.295,25.583612060546898,0.016756851,0.038116455,20.132774710747423,26.021112060546898,0.016238052,0.017326355,7.348459417078069,23.396112060546898,0.016939957,0.21051025,2.7078118801391384,0,0,1
2019-03-20 00:00:00,1149.9883,25.467889404296898,0.016871382,0.04649353,19.863029243423515,25.546014404296898,0.016344953,0.014862061,7.396885443270313,23.233514404296898,0.016909529,0.1850586,3.130981113972658,0,0,1
2019-03-20 01:00:00,1079.8542,25.351525878906276,0.017001215,0.05859375,19.592562669617536,25.148400878906276,0.016345087,0.016273499,7.938391793683373,23.085900878906276,0.016840998,0.17443848,3.504698266171413,0,0,1
2019-03-20 02:00:00,1051.4743,25.253717041015648,0.017123483,0.06994629,18.941478880815584,24.738092041015648,0.01629188,0.014636993,7.496339331853641,22.956842041015648,0.016726755,0.17224121,3.602946863460746,0,0,1
2019-03-20 03:00:00,1027.6121999999998,25.225671386718773,0.017238198,0.0741272,18.296278528252635,24.413171386718773,0.016246377,0.017662048,7.100000094024228,22.850671386718773,0.016620217,0.16418457,3.7448162490115697,0,0,1
2019-03-20 04:00:00,1024.6911,25.188623046875023,0.017345328,0.07382202,17.085178657917194,24.219873046875023,0.016223807,0.029754639,6.707537490677393,22.751123046875023,0.016521353,0.15411377,3.7771040831534366,0,0,1
2019-03-20 05:00:00,1041.8933,25.160333251953148,0.01740666,0.059906006,15.666298761038522,24.144708251953148,0.016246991,0.0357666,6.582585360693985,22.691583251953148,0.016460614,0.14788818,3.754594711700212,0,0,1
2019-03-20 06:00:00,1060.9848,25.194360351562523,0.017429527,0.049301147,14.906289799475168,24.241235351562523,0.016285118,0.0423584,7.340571962362275,22.678735351562523,0.016452964,0.14691162,3.825561392482333,0,0,1
2019-03-20 07:00:00,1171.575,25.794732666015648,0.01729955,0.05079651,16.496655156353857,25.904107666015648,0.016223805,0.041244507,10.996265255933826,23.013482666015648,0.016605275,0.13970947,4.272751548152119,0,0,1
2019-03-20 08:00:00,1357.1538,26.780969238281276,0.016940717,0.06680298,18.154266083049464,28.405969238281276,0.015720014,0.039749146,13.685697772377036,23.843469238281276,0.016658429,0.12896729,4.802759378747439,0,0,1
2019-03-20 09:00:00,1437.812,27.957086181640648,0.016650606,0.06967163,17.899246677338436,30.769586181640648,0.015231539,0.039276123,13.653310688665606,25.769586181640648,0.015880037,0.10964966,4.8308116008240525,0,0,1
2019-03-20 10:00:00,1518.0115,29.104852294921898,0.016482657,0.06726074,16.922099310320792,32.9486022949219,0.015029257,0.03929138,12.476048182789183,28.057977294921898,0.015013998,0.09725952,4.278307267869865,0,0,1
2019-03-20 11:00:00,1550.6766,30.021051025390648,0.016383404,0.0713501,16.18964360128176,34.59917602539065,0.014949078,0.039031982,11.403625393669358,29.755426025390648,0.014559979,0.093688965,3.2350529764545635,0,0,1
2019-03-20 12:00:00,1581.4191999999998,30.699670410156276,0.016291728,0.08251953,16.154666030534507,35.69967041015627,0.014735332,0.042114258,10.925026285589444,30.715295410156276,0.015082469,0.09625244,1.8402945307642844,0,0,1
2019-03-20 13:00:00,1608.6553,31.079797363281276,0.016215354,0.082611084,16.676394517228186,36.32979736328127,0.014433891,0.055145264,10.827795119772157,31.267297363281276,0.014987022,0.106292725,1.1604909102056369,0,0,1
2019-03-20 14:00:00,1636.3458,31.231011962890648,0.016116107,0.09561157,17.483332848465547,36.46538696289065,0.014208757,0.08520508,10.914373744275771,31.324761962890648,0.014895403,0.105285645,0.8280125473253491,0,0,1
2019-03-20 15:00:00,1610.9450000000002,30.984765625000023,0.016077885,0.08483887,18.535370577988964,35.96914062500002,0.014120947,0.09655762,11.19101743843575,30.844140625000023,0.0148915155,0.09188843,0.8271484965895235,0,0,1
2019-03-20 16:00:00,1522.7846,30.253503417968773,0.016123613,0.06893921,19.710824910498893,34.84725341796877,0.014136157,0.09310913,11.462388951419891,29.972253417968773,0.014910541,0.07473755,1.111165634102344,0,0,1
2019-03-20 17:00:00,1409.4238,29.037072753906276,0.016306695,0.06239319,20.833386109959196,33.22457275390627,0.014303978,0.06472778,11.44255361506524,28.708947753906276,0.014944847,0.04864502,1.3567298752160435,0,0,1
2019-03-20 18:00:00,1396.7369,27.655053710937523,0.016566105,0.05456543,21.26225934573632,31.092553710937523,0.014693088,0.051986694,10.447279361495456,26.998803710937523,0.015116519,0.050445557,1.4254516161986852,0,0,1
2019-03-20 19:00:00,1445.3031999999998,26.709863281250023,0.016772177,0.036254883,21.202243254395388,29.287988281250023,0.015177634,0.043914795,10.814041355940804,25.662988281250023,0.01541796,0.055526733,2.18822443601323,0,0,1
2019-03-20 20:00:00,1413.2145,26.285607910156276,0.016863966,0.026420593,20.064759428481857,27.926232910156276,0.015696669,0.04005432,11.687451426359209,25.004357910156276,0.01561656,0.056732178,3.0666219227747056,0,0,1
2019-03-20 21:00:00,1384.4788,26.129327392578148,0.016871655,0.017700195,19.365056908698936,27.160577392578148,0.016009534,0.04548645,11.682073269606937,24.519952392578148,0.015628064,0.049301147,4.153155958348744,0,0,1
2019-03-20 22:00:00,1331.263,26.010583496093773,0.016848926,0.013534546,20.465311629744097,26.635583496093773,0.016314868,0.047439575,11.191506687212929,24.057458496093773,0.015689258,0.051452637,5.0071246636781,0,0,1
2019-03-20 23:00:00,1258.7774,25.848291015625023,0.016765093,0.017700195,21.548197999743103,26.238916015625023,0.016505694,0.04852295,10.871413066860834,23.660791015625023,0.015643572,0.05458069,5.341560091729945,0,0,1
2019-03-21 00:00:00,1205.023,25.675683593750023,0.016635247,0.02357483,21.604481041539017,26.019433593750023,0.016574211,0.050109863,10.987351827305885,23.316308593750023,0.015559501,0.06283569,5.39370322267973,0,0,1
2019-03-21 01:00:00,1168.3591,25.485864257812523,0.016459625,0.03024292,21.773309842198437,25.813989257812523,0.016566437,0.051986694,10.652954035735815,23.095239257812523,0.015486877,0.068725586,5.396433701665589,0,0,1
2019-03-21 02:00:00,1167.5097,25.3210388183594,0.016329842,0.027832031,21.883594001017457,25.6179138183594,0.016551094,0.055358887,10.297549487701438,22.9304138183594,0.0154257575,0.07296753,5.374582073908375,0,0,1
2019-03-21 03:00:00,1154.2344,25.184960937500023,0.016238391,0.020935059,21.9422174164638,25.419335937500023,0.016551197,0.05570984,10.114988336334822,22.809960937500023,0.01539153,0.07824707,5.405527814136364,0,0,1
2019-03-21 04:00:00,1135.995,25.090600585937523,0.016177457,0.017784119,21.60769363713782,25.262475585937523,0.01652078,0.06021118,9.916685158421137,22.731225585937523,0.01539163,0.08508301,5.388944848983721,0,0,1
2019-03-21 05:00:00,1145.7994,25.086083984375023,0.01615452,0.01399231,20.809187209952896,25.117333984375023,0.016467325,0.058044434,9.71028512569482,22.695458984375023,0.015410654,0.0949707,5.327028957184404,0,0,1
2019-03-21 06:00:00,1162.8398,25.178399658203148,0.016146768,0.008926392,19.841282411475664,25.162774658203148,0.016398538,0.05014038,10.169661630048354,22.694024658203148,0.015433419,0.0965271,5.36458600426271,0,0,1
2019-03-21 07:00:00,1265.8474,25.974664306640648,0.015902493,0.0082473755,22.09842456018058,26.787164306640648,0.01619241,0.049346924,13.98098468963634,23.552789306640648,0.015406583,0.0982666,5.89508937855296,0,0,1
2019-03-21 08:00:00,1449.5667,27.094323730468773,0.015547627,0.009689331,24.394731121579117,29.188073730468773,0.015520924,0.047454834,16.57409107598716,25.516198730468773,0.01506316,0.09637451,6.263360975095217,0,0,1
2019-03-21 09:00:00,1554.4109,28.291894531250023,0.01534918,0.0034971237,24.989138668461575,31.541894531250023,0.014941008,0.041381836,16.700892103660376,27.666894531250023,0.014612944,0.097351074,5.960601705989818,0,0,1
2019-03-21 10:00:00,1633.402,29.346459960937523,0.015196561,0.0012226105,25.44418772220433,33.56520996093752,0.014586209,0.03211975,16.252766694687203,29.565209960937523,0.01432681,0.091674805,5.0564331323303895,0,0,1
2019-03-21 11:00:00,1684.8416000000002,30.161218261718773,0.014975295,0.001033783,26.06420833120809,35.05184326171877,0.014399276,0.020835876,16.000535183538954,30.879968261718773,0.014704452,0.07800293,3.5609062163320804,0,0,1
2019-03-21 12:00:00,1684.5721,30.692956542968773,0.014818841,0.0007853508,26.579185246709617,36.00545654296877,0.014235192,0.013248444,16.070645211447083,31.802331542968773,0.01445263,0.092926025,2.683016769817435,0,0,1
2019-03-21 13:00:00,1719.0439,30.938012695312523,0.014681551,0.00050354004,27.050494470501512,36.40676269531252,0.014178011,0.012939453,16.460820015450466,32.15676269531252,0.014471742,0.118621826,2.216735467942508,0,0,1
2019-03-21 14:00:00,1716.3082000000002,30.859094238281276,0.014509862,0.00027394295,27.51989123256392,36.07784423828127,0.01422376,0.016807556,17.071604231017886,31.859094238281276,0.014723485,0.13317871,1.978057939739612,0,0,1
2019-03-21 15:00:00,1674.6519,30.388024902343773,0.014357266,0.0001951456,27.958285380823103,34.99739990234377,0.014242825,0.014877319,17.729431071956423,31.059899902343773,0.014864621,0.13623047,2.10616473243244,0,0,1
2019-03-21 16:00:00,1606.039,29.459649658203148,0.014349649,5.6415796e-05,28.83411123060644,33.22527465820315,0.0142390225,0.010181427,18.452192446072488,29.928399658203148,0.014925668,0.12164307,2.6053881256119897,0,0,1
2019-03-21 17:00:00,1477.7793,28.075463867187523,0.01452136,1.6272068e-05,29.381708426146066,31.012963867187523,0.014208555,0.006685257,18.866154693199004,28.466088867187523,0.0147845745,0.10458374,3.4039268620856085,0,0,1
2019-03-21 18:00:00,1460.8035,26.6372009277344,0.014857118,6.982684e-05,28.577166906182097,28.7934509277344,0.014258211,0.0044460297,17.831832231227846,26.8247009277344,0.014685457,0.08609009,4.43301109968982,0,0,1
2019-03-21 19:00:00,1508.8071,25.857446289062523,0.015166065,0.00046801567,27.65948170339759,27.419946289062523,0.01453664,0.012718201,16.695216378920186,25.404321289062523,0.014971515,0.078948975,5.373153518400513,0,0,1
2019-03-21 20:00:00,1441.3215,25.529962158203148,0.015268931,0.00310421,27.317011636631477,26.654962158203148,0.014822612,0.029121399,15.885125828749825,24.483087158203148,0.015204081,0.06530762,5.9142465572364085,0,0,1
2019-03-21 21:00:00,1381.7492,25.370690917968773,0.015249801,0.0037851334,27.513645118824392,26.151940917968773,0.014963699,0.032196045,15.581399921012718,23.933190917968773,0.015127731,0.054534912,6.3432146750394045,0,0,1
2019-03-21 22:00:00,1321.7329,25.210717773437523,0.015215481,0.004831314,27.333559105413634,25.757592773437523,0.015043819,0.028617859,14.942838901903553,23.491967773437523,0.014864529,0.05441284,6.695060383735917,0,0,1
2019-03-21 23:00:00,1266.6646,25.050408935546898,0.015196517,0.0075950623,27.33025710620394,25.409783935546898,0.015112594,0.015029907,14.366548116125504,23.128533935546898,0.014742568,0.052337646,6.66040444976033,0,0,1
2019-03-22 00:00:00,1199.32,24.890679931640648,0.015158585,0.012992859,26.991805702346817,25.093804931640648,0.015139512,0.016990662,13.97347725367018,22.828179931640648,0.014674119,0.047317505,6.5258357598005485,0,0,1
2019-03-22 01:00:00,1128.4495,24.792260742187523,0.015147433,0.025726318,25.695391194961587,24.792260742187523,0.015071139,0.019058228,13.60310162910962,22.542260742187523,0.014601931,0.04588318,6.416948161040188,0,0,1
2019-03-22 02:00:00,1093.6655,24.716455078125023,0.015113292,0.02785492,24.337223280639854,24.528955078125023,0.014987407,0.014431,13.18200506052746,22.325830078125023,0.014491497,0.044570923,6.38913050256421,0,0,1
2019-03-22 03:00:00,1056.7864,24.670343017578148,0.015060077,0.030441284,23.561768058923334,24.264093017578148,0.014903675,0.021095276,12.811254905679643,22.139093017578148,0.014392505,0.04725647,6.392433491861763,0,0,1
2019-03-22 04:00:00,1047.376,24.652856445312523,0.01499911,0.027313232,22.334361377037787,24.043481445312523,0.014838893,0.019294739,12.513007758296151,22.004418945312523,0.014358241,0.049957275,6.295191646503777,0,0,1
2019-03-22 05:00:00,1061.7977,24.644128417968773,0.01502214,0.022010803,20.87090806521836,23.816003417968773,0.014793258,0.022003174,11.816433496869411,21.941003417968773,0.014320236,0.045318604,6.289431999772376,0,0,1
2019-03-22 06:00:00,1114.0613999999998,24.723565673828148,0.015083327,0.021018982,20.116871963544835,23.786065673828148,0.014751448,0.017570496,11.58903158491562,21.918878173828148,0.01428987,0.04017639,6.392297422013617,0,0,1
2019-03-22 07:00:00,1241.9269,25.476770019531276,0.014900247,0.021903992,22.514356747764857,25.586145019531276,0.014556924,0.022102356,15.088205685424096,22.781457519531276,0.014156381,0.034606934,7.004725555990477,0,0,1
2019-03-22 08:00:00,1446.5752,26.488214111328148,0.0147095155,0.0156059265,23.583196133954747,28.144464111328148,0.013805432,0.017959595,17.52107931078573,24.644464111328148,0.013622327,0.024284363,7.2698101290710575,0,0,1
2019-03-22 09:00:00,1527.6493,27.700463867187523,0.014572039,0.00920105,23.710450931992785,30.591088867187523,0.01286687,0.01077652,18.039507424677648,26.872338867187523,0.012740985,0.012691498,7.01205132828949,0,0,1
2019-03-22 10:00:00,1582.7269,28.935968017578148,0.014014803,0.007522583,24.711483924364813,32.68596801757815,0.012073122,0.0060768127,18.06263600017733,28.826593017578148,0.011924349,0.007900238,6.612537370947536,0,0,1
2019-03-22 11:00:00,1635.9471999999998,29.960290527343773,0.013228788,0.00434494,25.939633524827286,34.31966552734377,0.011542692,0.003753662,17.806673594799193,30.210290527343773,0.011790647,0.0054531097,5.90367602254931,0,0,1
2019-03-22 12:00:00,1628.8864999999998,30.637536621093773,0.012576411,0.0021047592,26.759465072143456,35.38753662109377,0.011313746,0.002831459,17.621993073786463,31.012536621093773,0.01214535,0.004541397,5.143292991016832,0,0,1
2019-03-22 13:00:00,1681.3578,30.905725097656276,0.012225508,0.001121521,27.222330463773787,35.84322509765627,0.011214613,0.0023651123,17.57836827956652,31.390100097656276,0.012271284,0.004650116,4.898841944885593,0,0,1
2019-03-22 14:00:00,1686.3464,30.820642089843773,0.0120538585,0.0007574558,27.394233664878044,35.50814208984377,0.011336695,0.001982689,17.72731168707988,31.320642089843773,0.012351405,0.005563736,5.015855057333371,0,0,1
2019-03-22 15:00:00,1662.48,30.346765136718773,0.012099553,0.0006263256,27.40519234124698,34.34676513671877,0.011561681,0.0017623901,18.0445733363826,30.768640136718773,0.012473393,0.0069904327,5.420405742759272,0,0,1
2019-03-22 16:00:00,1558.8611,29.376519775390648,0.012541931,0.0006079674,27.253498691323447,32.57964477539065,0.011935394,0.0017738342,18.18095603015447,29.751519775390648,0.012629669,0.008239746,6.041659354720679,0,0,1
2019-03-22 17:00:00,1445.6647,27.986138916015648,0.013232429,0.0006594658,26.61245179107012,30.314263916015648,0.012446601,0.0020809174,18.13090946228808,28.267388916015648,0.012843329,0.00944519,6.740733079746785,0,0,1
2019-03-22 18:00:00,1424.7162,26.617608642578148,0.013919203,0.0007927418,24.97597687331503,27.992608642578148,0.012999861,0.003686905,17.0132467023344,26.476983642578148,0.013057081,0.011943817,7.170450513404687,0,0,1
2019-03-22 19:00:00,1463.3716,25.869744873046898,0.014441802,0.0009946823,23.65102431032818,26.635369873046898,0.0136559745,0.010959625,15.708858182657073,25.041619873046898,0.013312652,0.015422821,7.406822843006679,0,0,1
2019-03-22 20:00:00,1430.9092,25.566796875000023,0.014636341,0.0012383461,22.679985438750908,25.973046875000023,0.014071765,0.016082764,15.109482229615624,23.926171875000023,0.013919177,0.02483368,7.296990294107217,0,0,1
2019-03-22 21:00:00,1401.2511,25.407373046875023,0.01463643,0.0017089844,21.94381820072711,25.594873046875023,0.01425496,0.01764679,14.686909604157815,23.079248046875023,0.014373216,0.043823242,7.4728031055878095,0,0,1
2019-03-22 22:00:00,1331.1551,25.285180664062523,0.014537475,0.0032110214,22.177688273977843,25.253930664062523,0.014415405,0.019844055,14.143140902954691,22.519555664062523,0.0146709895,0.05177307,7.701505974476832,0,0,1
2019-03-22 23:00:00,1292.4117,25.122827148437523,0.014431005,0.0044059753,22.72175825810678,24.935327148437523,0.014522558,0.020584106,13.993579105971008,22.154077148437523,0.01481629,0.05557251,7.850398890571667,0,0,1
2019-03-23 00:00:00,1244.738,24.908624267578148,0.014385574,0.0069351196,23.04353676829996,24.611749267578148,0.01455342,0.01990509,13.764995895368504,21.877374267578148,0.014873855,0.058380127,7.707530562655434,0,0,1
2019-03-23 01:00:00,1204.5667999999998,24.695397949218773,0.014401053,0.008171082,23.178125026333085,24.289147949218773,0.01456127,0.017593384,13.46323500303052,21.656335449218773,0.014900778,0.060958862,7.510575170727047,0,0,1
2019-03-23 02:00:00,1145.5341,24.516320800781276,0.014431529,0.011508942,22.94485308209631,23.985070800781276,0.014622264,0.012966156,13.146579445503813,21.516320800781276,0.01497703,0.06350708,7.359302410569553,0,0,1
2019-03-23 03:00:00,1069.8026,24.432458496093773,0.0144581385,0.019599915,22.594400843193224,23.682458496093773,0.014740426,0.008430481,12.676519900955324,21.432458496093773,0.015060861,0.06329346,7.202042909714177,0,0,1
2019-03-23 04:00:00,1047.71,24.364282226562523,0.0145343,0.0368042,21.77008194508022,23.426782226562523,0.014824217,0.0058937073,12.415193626193629,21.379907226562523,0.0151103195,0.062423706,7.039139470262791,0,0,1
2019-03-23 05:00:00,1038.5837,24.263085937500023,0.014732522,0.050460815,21.146740081839265,23.208398437500023,0.014866036,0.004486084,12.302609590175228,21.380273437500023,0.015155953,0.06750488,6.884408642673238,0,0,1
2019-03-23 06:00:00,1001.8681,24.2961364746094,0.014965105,0.051315308,21.136254441860192,23.2180114746094,0.014843035,0.0033512115,12.765238732011788,21.4523864746094,0.0152092455,0.07672119,6.8379633772640025,0,0,1
2019-03-23 07:00:00,1058.6424,25.025964355468773,0.014907768,0.06173706,23.43712441105307,25.010339355468773,0.014728477,0.0028734207,16.15844126142814,22.205651855468773,0.01532357,0.07727051,7.246870641472655,0,0,1
2019-03-23 08:00:00,1198.9571999999998,26.208856201171898,0.014579527,0.04510498,24.562151006883763,27.771356201171898,0.013938658,0.0031881332,18.990092888916777,23.927606201171898,0.015071623,0.06619263,7.561759602266572,0,0,1
2019-03-23 09:00:00,1279.3421999999998,27.502313232421898,0.014297088,0.02722931,24.387403845194218,30.330438232421898,0.012916167,0.0032577515,19.223595663897623,26.299188232421898,0.014392455,0.052017212,7.2194701155125856,0,0,1
2019-03-23 10:00:00,1407.2575,28.661798095703148,0.013964987,0.01964569,24.316845967409805,32.45867309570315,0.012278891,0.003121376,18.47306424170141,28.349298095703148,0.0138123995,0.039871216,6.223737657622484,0,0,1
2019-03-23 11:00:00,1386.494,29.617974853515648,0.013590859,0.013786316,24.46963394146901,34.07109985351565,0.012019204,0.0030851364,17.405778780299677,29.727349853515648,0.013796853,0.032714844,4.912275830461242,0,0,1
2019-03-23 12:00:00,1352.0783,30.259454345703148,0.013243644,0.009521484,24.61156463473079,35.15007934570315,0.011912314,0.002922058,16.63730892355412,30.634454345703148,0.013583152,0.036605835,4.020851912117895,0,0,1
2019-03-23 13:00:00,1361.7874000000002,30.587182617187523,0.012995625,0.0070228577,24.639087197376487,35.64968261718752,0.011801625,0.0025568008,16.241700479711362,31.040307617187523,0.0134419445,0.040359497,3.483810540567377,0,0,1
2019-03-23 14:00:00,1367.3453,30.553308105468773,0.012930656,0.0058498383,24.61291849488673,35.42830810546877,0.011854911,0.0023565292,16.19274434684936,30.928308105468773,0.013613487,0.04359436,3.303046155726612,0,0,1
2019-03-23 15:00:00,1351.2945,30.172570800781276,0.013067811,0.005334854,24.598290249094774,34.37569580078127,0.012091248,0.0023298264,16.4553739448558,30.297570800781276,0.013743012,0.06503296,3.500423531111023,0,0,1
2019-03-23 16:00:00,1296.0479,29.382440185546898,0.013407198,0.0051002502,25.13267865260054,32.6168151855469,0.0124153765,0.0032377243,16.93124343010151,29.101190185546898,0.013735262,0.070007324,4.074979234420196,0,0,1
2019-03-23 17:00:00,1248.1535,28.125573730468773,0.013883984,0.0057430267,25.739651738725204,30.250573730468773,0.012758648,0.0039577484,17.319129167121016,27.656823730468773,0.013632214,0.070251465,4.989000757195558,0,0,1
2019-03-23 18:00:00,1260.34,26.7773376464844,0.014418014,0.009094238,25.61565340214358,27.8085876464844,0.013040909,0.0050735474,16.63804362130457,25.8710876464844,0.014158615,0.060638428,5.830128003084377,0,0,1
2019-03-23 19:00:00,1336.2863000000002,26.046777343750023,0.014845265,0.022262573,25.35084107939256,26.265527343750023,0.013502492,0.006029129,15.407284220246508,24.515527343750023,0.014490498,0.053131104,6.469430638869057,0,0,1
2019-03-23 20:00:00,1292.9548,25.753198242187523,0.015001638,0.026443481,25.044175472505707,25.378198242187523,0.013944967,0.005420685,14.310301792633174,23.784448242187523,0.014734609,0.053710938,6.552887351511664,0,0,1
2019-03-23 21:00:00,1260.0589,25.675897216796898,0.015036004,0.028038025,24.845341487939823,24.941522216796898,0.014246361,0.007123947,13.616348302723246,23.347772216796898,0.014860528,0.053512573,6.554297555957188,0,0,1
2019-03-23 22:00:00,1212.7366000000002,25.628991699218773,0.015036162,0.029846191,24.957121517288627,24.613366699218773,0.014505919,0.00646019,13.278000418172176,22.988366699218773,0.014898833,0.054534912,6.627850854106096,0,0,1
2019-03-23 23:00:00,1142.3536,25.545922851562523,0.015101186,0.026000977,25.036946441884425,24.327172851562523,0.014773122,0.0047397614,13.200363396930978,22.686547851562523,0.014872304,0.05519104,6.714679010577341,0,0,1
2019-03-24 00:00:00,1104.4622,25.445581054687523,0.01515473,0.020263672,24.793878451976937,24.117456054687523,0.014918218,0.004852295,12.910768919842168,22.383081054687523,0.01483048,0.05781555,6.662271008304762,0,0,1
2019-03-24 01:00:00,1068.4582,25.349908447265648,0.015185342,0.017311096,24.856869987906823,23.959283447265648,0.014933572,0.008403778,12.829467477190589,22.084283447265648,0.01477717,0.06237793,6.648593903079171,0,0,1
2019-03-24 02:00:00,1042.4415,25.2448669433594,0.015261693,0.015254974,24.62938081917881,23.7917419433594,0.014952702,0.019432068,12.897741483766842,21.7604919433594,0.014735265,0.06655884,6.69281794366002,0,0,1
2019-03-24 03:00:00,1021.6472,25.134179687500023,0.015425702,0.015716553,24.119600143534395,23.634179687500023,0.015055676,0.024215698,13.009436237338608,21.540429687500023,0.01468565,0.06680298,6.650218455232831,0,0,1
2019-03-24 04:00:00,980.0331,25.093194580078148,0.015520914,0.015640259,23.815674116391587,23.546319580078148,0.01507078,0.036972046,13.011704284788191,21.444757080078148,0.0146511635,0.07696533,6.536633716028796,0,0,1
2019-03-24 05:00:00,991.0627,25.137292480468773,0.015482517,0.014369965,22.7816210907276,23.481042480468773,0.015066715,0.030448914,12.776403773272255,21.418542480468773,0.014662357,0.079833984,6.483315563749594,0,0,1
2019-03-24 06:00:00,926.7084,25.339685058593773,0.015463224,0.01599884,22.160085106972,23.620935058593773,0.015123716,0.027542114,12.998286418951595,21.449060058593773,0.0146964695,0.07211304,6.527880434063248,0,0,1
2019-03-24 07:00:00,956.2278,26.263452148437523,0.015333259,0.021827698,25.53882219698051,25.513452148437523,0.0150814885,0.023788452,16.52534330764559,22.169702148437523,0.014715278,0.0594635,6.967484713928734,0,0,1
2019-03-24 08:00:00,1001.1358,27.460717773437523,0.015207204,0.028083801,28.38704419192145,28.288842773437523,0.014406118,0.017364502,19.345456747705487,24.038842773437523,0.014345082,0.045028687,7.374761933185844,0,0,1
2019-03-24 09:00:00,1056.6072,28.695489501953148,0.0152491275,0.034835815,28.595046909625307,30.867364501953148,0.013612622,0.012462616,19.310164215164036,26.304864501953148,0.013540143,0.035125732,7.173495192681107,0,0,1
2019-03-24 10:00:00,1102.3958,29.712854003906276,0.015359675,0.04536438,27.75531143082474,32.94722900390627,0.013215815,0.00957489,18.329449230853758,28.275354003906276,0.01276568,0.027946472,6.4308128275076175,0,0,1
2019-03-24 11:00:00,1145.7031000000002,30.392419433593773,0.015470304,0.052581787,26.805001717318166,34.54866943359377,0.013196744,0.0069618225,17.187099968711205,29.689294433593773,0.012620725,0.024101257,5.365368130755599,0,0,1
2019-03-24 12:00:00,1161.2986,30.915460205078148,0.015519913,0.05937195,26.37057353258552,35.61858520507815,0.013395127,0.005168915,16.409395011057118,30.556085205078148,0.012956437,0.021652222,4.336756428682191,0,0,1
2019-03-24 13:00:00,1178.1421,31.046350097656276,0.015546658,0.06838989,26.26240868822625,36.14010009765627,0.013555386,0.004114151,16.123314745465578,31.077600097656276,0.01287637,0.021697998,3.8684351458635935,0,0,1
2019-03-24 14:00:00,1183.5567,30.839959716796898,0.015520015,0.067474365,26.20692797201665,36.0430847167969,0.013654628,0.003332138,16.141364221032113,31.136834716796898,0.012880244,0.022972107,3.756268663407611,0,0,1
2019-03-24 15:00:00,1184.2159,30.356378173828148,0.0154551845,0.05432129,26.01775804177808,35.24700317382815,0.013738571,0.0064411163,16.31393194819543,30.778253173828148,0.012865005,0.023780823,3.946993886285207,0,0,1
2019-03-24 16:00:00,1162.3416,29.604516601562523,0.015401788,0.03591919,25.798989067675937,33.57326660156252,0.013830133,0.011585236,16.69171286906823,29.885766601562523,0.012941308,0.02419281,4.3835819062702015,0,0,1
2019-03-24 17:00:00,1139.4026,28.571557617187523,0.015378923,0.025505066,25.19698054071441,31.305932617187523,0.01390645,0.0137786865,16.867885218894884,28.509057617187523,0.013097734,0.024803162,5.188616775349946,0,0,1
2019-03-24 18:00:00,1170.4599,27.529870605468773,0.015481843,0.01940918,23.790479329729383,28.920495605468773,0.013971223,0.012252808,16.240447857323556,26.561120605468773,0.013841523,0.021476746,5.813395287259432,0,0,1
2019-03-24 19:00:00,1248.7,26.923242187500023,0.01577939,0.015209198,22.14708589625933,27.391992187500023,0.014188662,0.022346497,15.509232981621713,24.860742187500023,0.014322177,0.023750305,6.515311104877108,0,0,1
2019-03-24 20:00:00,1249.1406000000002,26.612603759765648,0.01609992,0.011722565,20.614168098460866,26.487603759765648,0.014562598,0.039352417,14.211031650191488,23.737603759765648,0.014833442,0.03314209,6.622407830742877,0,0,1
2019-03-24 21:00:00,1257.2638000000002,26.425256347656276,0.016405199,0.010444641,19.411615681448517,26.081506347656276,0.015005205,0.04826355,13.222966207593078,23.112756347656276,0.015112016,0.04069519,6.535328444944507,0,0,1
2019-03-24 22:00:00,1202.5571,26.257440185546898,0.01663427,0.011600494,19.494668437117483,25.819940185546898,0.015413567,0.05105591,12.98156182507378,22.632440185546898,0.015287682,0.052764893,6.472116911017252,0,0,1
2019-03-24 23:00:00,1150.2352,26.060968017578148,0.016794745,0.011959076,19.850569286878997,25.623468017578148,0.015795294,0.05657959,13.055077347747275,22.279718017578148,0.015356604,0.05796814,6.459311590450965,0,0,1
2019-03-25 00:00:00,1095.4992,25.885614013671898,0.016863702,0.014385223,19.97616733391416,25.448114013671898,0.016093133,0.054397583,13.243219383883144,22.026239013671898,0.0153568955,0.06329346,6.424631789525486,0,0,1
2019-03-25 01:00:00,1067.6071,25.713098144531276,0.016856352,0.013458252,20.2174903838096,25.275598144531276,0.01625363,0.04725647,13.266334265629377,21.853723144531276,0.015341917,0.075927734,6.391857773345534,0,0,1
2019-03-25 02:00:00,1026.1209,25.574365234375023,0.016780213,0.020263672,20.806965717943964,25.089990234375023,0.016337708,0.042037964,13.065158485125814,21.754052734375023,0.015353517,0.08673096,6.309074596491875,0,0,1
2019-03-25 03:00:00,998.4379,25.472253417968773,0.016742058,0.021331787,20.616674145157777,24.956628417968773,0.016368218,0.03605652,12.704212343194929,21.730065917968773,0.015418358,0.095825195,6.08889326252436,0,0,1
2019-03-25 04:00:00,997.7053,25.370538330078148,0.016841091,0.014476776,19.417266956049207,24.839288330078148,0.016429104,0.029891968,11.573368084352886,21.737725830078148,0.015540279,0.10205078,5.524679966974357,0,0,1
2019-03-25 05:00:00,1018.4779,25.298730468750023,0.016909504,0.009288788,17.838155147120297,24.736230468750023,0.016505146,0.028297424,10.162246554546904,21.736230468750023,0.015650654,0.10644531,5.042427093705055,0,0,1
2019-03-25 06:00:00,1033.5875,25.343133544921898,0.016901694,0.007369995,17.32011752998349,24.827508544921898,0.016566,0.024612427,9.621923946938772,21.772821044921898,0.015742026,0.106048584,4.575709685016251,0,0,1
2019-03-25 07:00:00,1159.9924,26.1479431152344,0.016581165,0.012245178,20.29732933328828,26.6323181152344,0.016451465,0.027046204,13.008269998289116,22.4916931152344,0.01589452,0.10235596,4.888362786904135,0,0,1
2019-03-25 08:00:00,1353.5956,27.390252685546898,0.01610803,0.013061523,21.878891060184877,29.234002685546898,0.01574182,0.031555176,15.073011671433417,24.187127685546898,0.01597833,0.09954834,5.2638126032034105,0,0,1
2019-03-25 09:00:00,1451.3571,28.714868164062523,0.015818061,0.012096405,21.296083503954947,31.792993164062523,0.015146675,0.02747345,14.141802032548156,26.886743164062523,0.015333595,0.095703125,5.19009076606895,0,0,1
2019-03-25 10:00:00,1545.3289,29.910424804687523,0.015520529,0.015716553,20.747577027562723,33.95729980468752,0.014952139,0.025985718,12.516539424108943,29.129174804687523,0.014826254,0.09008789,4.170951819983689,0,0,1
2019-03-25 11:00:00,1600.2392,30.879449462890648,0.0152612,0.019981384,20.67648545525206,35.61382446289065,0.014730957,0.040527344,11.636866384071045,30.598199462890648,0.014860657,0.1020813,2.585888717513932,0,0,1
2019-03-25 12:00:00,1597.6793,31.5527282714844,0.015062917,0.03465271,20.882368603236685,36.5996032714844,0.01446401,0.062316895,11.280394366249146,31.4902282714844,0.014719594,0.115356445,1.6295297562795985,0,0,1
2019-03-25 13:00:00,1633.5262,31.719079589843773,0.014925624,0.031326294,21.548575412191912,37.17220458984377,0.014250423,0.09576416,11.41567449634681,31.812829589843773,0.014933254,0.118255615,1.0864859308972403,0,0,1
2019-03-25 14:00:00,1621.3925000000002,31.543298339843773,0.014837892,0.02041626,22.590027531458883,37.07454833984377,0.014120729,0.1187439,11.87715338848183,31.433923339843773,0.0150934765,0.12207031,0.8421616672382827,0,0,1
2019-03-25 15:00:00,1553.4153,31.072839355468773,0.014792047,0.011634827,23.69529163574749,36.36971435546877,0.014097773,0.13098145,12.350379116401555,30.541589355468773,0.015234552,0.11968994,1.0134011549877002,0,0,1
2019-03-25 16:00:00,1474.9959,30.144250488281276,0.014895007,0.0027723312,24.67706316175129,34.80050048828127,0.014219806,0.11618042,12.689924439550229,29.409875488281276,0.015299365,0.10891724,1.5643005433844734,0,0,1
2019-03-25 17:00:00,1339.8903,28.818811035156276,0.015116209,0.0006427765,25.115211625237578,32.72506103515627,0.014429564,0.08432007,12.882743862101114,28.021936035156276,0.015322203,0.081451416,2.3096253234892785,0,0,1
2019-03-25 18:00:00,1312.1894,27.489770507812523,0.015375568,0.00059580803,24.388655617461747,30.286645507812523,0.014624072,0.061935425,12.186206023555288,26.271020507812523,0.015772296,0.058639526,2.588357866133713,0,0,1
2019-03-25 19:00:00,1366.975,26.728845214843773,0.015600677,0.003027916,22.89093711124677,28.478845214843773,0.014826293,0.049484253,12.177018705163364,24.963220214843773,0.015993591,0.057250977,2.9984015211657207,0,0,1
2019-03-25 20:00:00,1353.2855,26.386682128906276,0.015787736,0.008293152,21.526249674498068,27.449182128906276,0.01490654,0.033050537,12.006023573639244,24.371057128906276,0.015955582,0.05632019,3.5490841637867434,0,0,1
2019-03-25 21:00:00,1328.862,26.251000976562523,0.015932899,0.014118195,20.96498982446316,26.797875976562523,0.015112738,0.01789093,11.264962218280932,23.891625976562523,0.015833717,0.053726196,4.330306606846178,0,0,1
2019-03-25 22:00:00,1281.9579,26.137536621093773,0.015986554,0.020980835,20.62438702036549,26.309411621093773,0.015444868,0.0071163177,10.727884035546197,23.465661621093773,0.015696637,0.04975891,4.799988591657432,0,0,1
2019-03-25 23:00:00,1210.9748,26.049523925781276,0.015971594,0.021827698,20.631005517712293,25.987023925781276,0.015651159,0.0038557053,10.145766971901145,23.143273925781276,0.015605384,0.044067383,4.88273042899777,0,0,1
2019-03-26 00:00:00,1148.6812,25.957818603515648,0.015918514,0.021736145,20.934703521269117,25.707818603515648,0.01570489,0.004600525,9.916842196751618,22.942193603515648,0.015491268,0.043014526,4.950841381351333,0,0,1
2019-03-26 01:00:00,1106.387,25.8444763183594,0.015850086,0.021842957,20.84792303265221,25.4851013183594,0.015605944,0.0026483536,9.97760698483353,22.7663513183594,0.01540758,0.040756226,5.072730142139507,0,0,1
2019-03-26 02:00:00,1075.7193,25.738824462890648,0.01581198,0.022453308,19.931823458097007,25.301324462890648,0.015396178,0.0013775826,9.998042231605435,22.613824462890648,0.015350401,0.037078857,5.262236248302311,0,0,1
2019-03-26 03:00:00,1055.5838,25.646508789062523,0.015811933,0.025848389,18.83215405218206,25.130883789062523,0.015159619,0.00086951256,9.82017304168952,22.490258789062523,0.015285504,0.03491211,5.509849752049609,0,0,1
2019-03-26 04:00:00,1036.8152,25.558679199218773,0.015819369,0.02986908,18.620007244891305,24.964929199218773,0.014953433,0.000549078,9.51576239124952,22.363366699218773,0.015224276,0.03274536,5.7539800585579215,0,0,1
2019-03-26 05:00:00,1058.9281999999998,25.444421386718773,0.015895417,0.026855469,18.846039608451957,24.663171386718773,0.014854004,0.0003604889,8.987451732012468,22.272546386718773,0.015204956,0.030685425,5.958867704886627,0,0,1
2019-03-26 06:00:00,1066.8493,25.420434570312523,0.016017308,0.03126526,19.72828733950562,24.701684570312523,0.014815678,0.0004605055,9.834027634587075,22.264184570312523,0.015216221,0.029663086,6.181045661534196,0,0,1
2019-03-26 07:00:00,1175.3133,26.133233642578148,0.01573495,0.033340454,23.36381009318284,26.648858642578148,0.014670649,0.00070118904,14.520550149631012,23.117608642578148,0.015185633,0.02544403,6.711963218665479,0,0,1
2019-03-26 08:00:00,1357.3351,27.231103515625023,0.01544129,0.016281128,25.786324997656525,29.215478515625023,0.014212958,0.0010328293,17.64975686054423,25.106103515625023,0.014666907,0.02079773,7.158819761021266,0,0,1
2019-03-26 09:00:00,1449.3633,28.530297851562523,0.015216243,0.0044460297,26.686197686681712,31.561547851562523,0.013682735,0.0011396408,17.844263876548634,27.358422851562523,0.013911617,0.017082214,6.996418805262648,0,0,1
2019-03-26 10:00:00,1529.9868,29.674859619140648,0.014956791,0.0012207031,27.249923017200604,33.58110961914065,0.013495762,0.0014538765,17.274595025666486,29.268609619140648,0.0134538,0.01815033,6.350393922857374,0,0,1
2019-03-26 11:00:00,1578.6079,30.570581054687523,0.014655463,0.0003349781,27.879353125359213,35.10183105468752,0.013503425,0.0015859604,16.920688150899775,30.523706054687523,0.013743751,0.020011902,5.197422346055199,0,0,1
2019-03-26 12:00:00,1565.7771,31.125085449218773,0.014399815,0.00019478798,28.30485995453605,36.07821044921877,0.013514806,0.0013632774,16.93658391635868,31.312585449218773,0.013732243,0.028182983,4.546984937459588,0,0,1
2019-03-26 13:00:00,1605.6751000000002,31.311608886718773,0.014270086,0.00043702126,28.634357084447497,36.43660888671877,0.013530035,0.0015544891,17.189494477672962,31.686608886718773,0.013640661,0.039413452,4.235027071022966,0,0,1
2019-03-26 14:00:00,1612.8737,31.119653320312523,0.014228177,0.0009274483,29.054499906963635,36.07277832031252,0.0135071995,0.0021591187,17.65444315457569,31.619653320312523,0.013598752,0.048828125,4.247641609170873,0,0,1
2019-03-26 15:00:00,1585.7322,30.522515869140648,0.014338849,0.0014824867,29.469613691114372,34.85064086914065,0.013614057,0.0038347244,18.26072480583863,31.085015869140648,0.01357591,0.065979004,4.59077108525976,0,0,1
2019-03-26 16:00:00,1475.6696,29.595727539062523,0.014541082,0.0021848679,29.60586611382294,32.89260253906252,0.013770513,0.0038414001,18.74303036968582,30.064477539062523,0.013537817,0.063690186,5.367676984963308,0,0,1
2019-03-26 17:00:00,1358.5012,28.430139160156276,0.01473951,0.0029964447,29.36558611206455,30.539514160156276,0.0138468705,0.0032262802,18.957332301725547,28.617639160156276,0.013785835,0.0493927,6.3092942480670064,0,0,1
2019-03-26 18:00:00,1372.0084,27.254571533203148,0.014983714,0.0050086975,28.458744425524884,28.457696533203148,0.013942301,0.0024089813,17.716308425530293,26.817071533203148,0.014350474,0.040893555,6.611236803514419,0,0,1
2019-03-26 19:00:00,1394.0149,26.646752929687523,0.015189766,0.012619019,27.758192414019867,27.256127929687523,0.01432383,0.0030164719,16.100399538378237,25.428002929687523,0.014514565,0.045562744,6.841609940040084,0,0,1
2019-03-26 20:00:00,1362.1477,26.409997558593773,0.015277368,0.019096375,27.23792901858876,26.644372558593773,0.01481579,0.005794525,15.297063298844249,24.456872558593773,0.014853937,0.054885864,6.783312345592576,0,0,1
2019-03-26 21:00:00,1330.7467,26.298669433593773,0.01528872,0.023353577,27.004482049860723,26.267419433593773,0.015143761,0.009464264,14.917189198013675,23.814294433593773,0.015021691,0.066101074,6.89600888799993,0,0,1
2019-03-26 22:00:00,1275.555,26.184655761718773,0.015326876,0.024055481,27.20857911291492,25.997155761718773,0.015296359,0.0056095123,14.896715793034954,23.372155761718773,0.015048403,0.07546997,7.188722671671758,0,0,1
2019-03-26 23:00:00,1200.3537,26.029565429687523,0.015376367,0.025970459,27.39601936105052,25.732690429687523,0.015387811,0.0034303665,14.934486724952851,23.013940429687523,0.014994897,0.06814575,7.366362812570785,0,0,1
2019-03-27 00:00:00,1141.5161,25.838739013671898,0.015433489,0.027381897,27.30398879202594,25.510614013671898,0.015429675,0.0023908615,14.859470191434054,22.713739013671898,0.014929949,0.06472778,7.241107986140198,0,0,1
2019-03-27 01:00:00,1096.3488,25.634851074218773,0.015513505,0.028564453,26.97230116076911,25.275476074218773,0.015418137,0.0021848679,14.734414279921792,22.431726074218773,0.014899339,0.05937195,7.160513461578525,0,0,1
2019-03-27 02:00:00,1064.5503,25.475274658203148,0.01555156,0.031036377,26.110371495514748,25.084649658203148,0.015387528,0.0023260117,14.589706512908768,22.225274658203148,0.014883988,0.05342102,7.181207737412357,0,0,1
2019-03-27 03:00:00,1039.8366,25.387872314453148,0.015543835,0.03366089,25.560668223068145,24.934747314453148,0.0153645445,0.0022239685,14.41289715182489,22.090997314453148,0.014876263,0.05114746,7.263344636476198,0,0,1
2019-03-27 04:00:00,1025.9504,25.342401123046898,0.01555517,0.031600952,24.266457359054066,24.811151123046898,0.015360621,0.001701355,13.884473908746282,22.014276123046898,0.014902857,0.053207397,7.205824260591993,0,0,1
2019-03-27 05:00:00,1047.7626,25.261163330078148,0.015623762,0.031158447,22.631858260001128,24.683038330078148,0.01533766,0.0019397736,13.359138618385698,21.979913330078148,0.014925673,0.053741455,7.221813441649287,0,0,1
2019-03-27 06:00:00,1052.5226,25.301171875000023,0.015627498,0.031311035,21.985580948733656,24.754296875000023,0.015329951,0.004737854,13.611414035324016,22.019921875000023,0.014959926,0.051437378,7.263506290756846,0,0,1
2019-03-27 07:00:00,1144.0949,26.093469238281276,0.01537184,0.03363037,25.569050474413125,26.437219238281276,0.01519255,0.01952362,16.98312891624051,22.937219238281276,0.014952224,0.047943115,7.711835365777872,0,0,1
2019-03-27 08:00:00,1353.287,27.377648925781276,0.014891115,0.031845093,28.61903422327607,28.862023925781276,0.014566866,0.026321411,19.89627272621674,25.033898925781276,0.014563051,0.039764404,7.945235498105851,0,0,1
2019-03-27 09:00:00,1442.7389999999998,28.702966308593773,0.014540085,0.017608643,29.333975571046185,31.218591308593773,0.013887771,0.01828003,20.592508676074868,27.343591308593773,0.013933548,0.031692505,7.430192969423217,0,0,1
2019-03-27 10:00:00,1518.0201000000002,29.800378417968773,0.0142768,0.008979797,30.04446460690596,33.17537841796877,0.013338384,0.012519836,20.63165970250765,29.222253417968773,0.0135367485,0.02456665,6.56998571211424,0,0,1
2019-03-27 11:00:00,1556.6416000000002,30.566827392578148,0.014135583,0.008792877,30.47851015549855,34.53557739257815,0.013056024,0.009757996,20.26221067397347,30.379327392578148,0.0136167845,0.0235672,5.599667811759086,0,0,1
2019-03-27 12:00:00,1553.2034,30.997857666015648,0.014017282,0.008422852,30.434135145117068,35.34160766601565,0.013021646,0.008686066,19.98469330797372,31.154107666015648,0.013265787,0.021591187,5.188504817116744,0,0,1
2019-03-27 13:00:00,1590.0896,31.079858398437523,0.0139866825,0.007987976,30.335780344204053,35.57985839843752,0.013006305,0.008644104,20.013460413363934,31.454858398437523,0.012998676,0.029655457,5.069086291802521,0,0,1
2019-03-27 14:00:00,1598.8908,30.843225097656276,0.01401329,0.006832123,30.42558125776806,34.93697509765627,0.01307869,0.009262085,20.33255875576512,31.218225097656276,0.012891769,0.0337677,5.274973311514934,0,0,1
2019-03-27 15:00:00,1569.7331,30.298455810546898,0.014036099,0.0054187775,30.608015738387977,33.5640808105469,0.013147275,0.011550903,20.79556347409413,30.532830810546898,0.012792508,0.03300476,5.796378922533139,0,0,1
2019-03-27 16:00:00,1491.903,29.3481384277344,0.014200091,0.0049915314,31.10109374646754,31.8012634277344,0.013112903,0.017173767,21.1924242843026,29.4262634277344,0.012777209,0.022514343,6.5423962960863165,0,0,1
2019-03-27 17:00:00,1376.1716,28.104943847656276,0.01437937,0.005241394,30.94455601353815,29.854943847656276,0.013086188,0.020736694,20.901160263636346,27.964318847656276,0.013032782,0.023880005,7.02666105133836,0,0,1
2019-03-27 18:00:00,1359.6805000000002,26.925225830078148,0.014539685,0.018493652,29.53556888061516,27.956475830078148,0.013254132,0.022506714,18.845934676879647,26.253350830078148,0.013494458,0.02433014,6.9432739314363,0,0,1
2019-03-27 19:00:00,1414.4649000000002,26.404138183593773,0.014684832,0.03337097,28.56181422906577,26.857263183593773,0.01383034,0.03427124,16.777175439347836,25.013513183593773,0.013525164,0.037521362,7.13248922160685,0,0,1
2019-03-27 20:00:00,1382.9762,26.223413085937523,0.014757458,0.032852173,27.750726176889977,26.145288085937523,0.014452282,0.040252686,15.909804693206532,24.176538085937523,0.013998333,0.04650879,7.191111896050129,0,0,1
2019-03-27 21:00:00,1345.159,26.082727050781276,0.014822397,0.031845093,27.213801629789025,25.660852050781276,0.014929209,0.03135681,15.294033906871372,23.613977050781276,0.014250193,0.054153442,7.166687577091436,0,0,1
2019-03-27 22:00:00,1267.725,25.9518981933594,0.014948447,0.03388977,26.894453124886528,25.3112731933594,0.015223105,0.027320862,15.000602954190136,23.1862731933594,0.014307578,0.05770874,7.216270992130239,0,0,1
2019-03-27 23:00:00,1210.3363,25.801110839843773,0.015165981,0.037963867,26.359273812416927,25.019860839843773,0.0153605305,0.015457153,14.622993589833795,22.894860839843773,0.014410671,0.057891846,6.995302689651723,0,0,1
2019-03-28 00:00:00,1147.5451,25.665460205078148,0.015333961,0.0415802,25.625491670683274,24.743585205078148,0.015456031,0.008495331,14.22047801892292,22.681085205078148,0.01452143,0.05015564,6.826685896352169,0,0,1
2019-03-28 01:00:00,1094.3219,25.517968750000023,0.015479079,0.04386902,24.950446849177528,24.517968750000023,0.015490524,0.005630493,14.007697120272171,22.517968750000023,0.014601699,0.046447754,6.803257156511289,0,0,1
2019-03-28 02:00:00,1062.8543,25.428552246093773,0.015582252,0.041046143,24.62188844802669,24.334802246093773,0.015433479,0.013000488,13.74970645660562,22.381677246093773,0.014594246,0.04107666,6.82556352908857,0,0,1
2019-03-28 03:00:00,1036.7509,25.285668945312523,0.015742633,0.030723572,24.224013477941515,24.191918945312523,0.015296315,0.019088745,13.582881414154595,22.254418945312523,0.014529561,0.035842896,6.781304591086607,0,0,1
2019-03-28 04:00:00,1017.9629,25.096520996093773,0.015933333,0.025276184,22.35079102620465,24.049645996093773,0.015120803,0.019294739,13.112252441629456,22.159020996093773,0.014418899,0.029655457,6.644568917303948,0,0,1
2019-03-28 05:00:00,1042.8947,24.983056640625023,0.016040022,0.021255493,21.201612504777422,23.858056640625023,0.014979536,0.015464783,12.37327302846792,22.076806640625023,0.014308149,0.022262573,6.58008905588195,0,0,1
2019-03-28 06:00:00,1043.4786,24.982873535156276,0.016123772,0.023368835,21.72604254535596,23.951623535156276,0.0148534775,0.00863266,12.687257913619446,22.029748535156276,0.014262199,0.016601562,6.601522122773155,0,0,1
2019-03-28 07:00:00,1160.9846,25.800561523437523,0.015932884,0.038726807,25.34829305285386,25.894311523437523,0.014593925,0.0039863586,16.434479368741258,22.941186523437523,0.014189567,0.008377075,7.149681452344231,0,0,1
2019-03-28 08:00:00,1330.0114999999998,27.004571533203148,0.015478809,0.037963867,28.016028639294568,28.582696533203148,0.013743122,0.0016312599,19.60851370742956,25.004571533203148,0.013716419,0.0027399063,7.471177512511793,0,0,1
2019-03-28 09:00:00,1427.5729,28.253533935546898,0.01513919,0.026473999,28.594821285003498,31.003533935546898,0.012705413,0.001437664,19.997277982490125,27.347283935546898,0.012873259,0.0009274483,6.956043423364108,0,0,1
2019-03-28 10:00:00,1521.9594,29.419335937500023,0.014723281,0.019088745,28.636478928371048,33.10683593750002,0.0119995875,0.0019340515,19.183019973665736,29.388085937500023,0.0123657985,0.0010752678,5.7245716517756575,0,0,1
2019-03-28 11:00:00,1546.8297,30.325952148437523,0.014334046,0.013614655,28.23863625235075,34.73220214843752,0.011675202,0.0011782646,17.97686027906887,30.888452148437523,0.012342774,0.0038986206,4.1821336984156,0,0,1
2019-03-28 12:00:00,1537.3822,30.930444335937523,0.013982978,0.009731293,27.793176727524724,35.83669433593752,0.011411872,0.00071930885,16.907256524378884,31.805444335937523,0.012205329,0.018119812,2.840310893302276,0,0,1
2019-03-28 13:00:00,1563.5545000000002,31.175561523437523,0.013818868,0.0076122284,27.65158385557109,36.31618652343752,0.011152395,0.0011539459,16.107185750474628,31.831811523437523,0.012720236,0.039367676,1.930093833984484,0,0,1
2019-03-28 14:00:00,1568.2764,30.982598876953148,0.0139065515,0.0073604584,27.883778932624548,35.99822387695315,0.011125637,0.010456085,15.655867995667116,31.357598876953148,0.013097836,0.06893921,1.474654157956419,0,0,1
2019-03-28 15:00:00,1550.8864,30.360528564453148,0.014158259,0.008167267,28.178928083144665,34.59490356445315,0.011285792,0.033462524,15.640189443158004,30.563653564453148,0.013349543,0.13049316,1.235310941850069,0,0,1
2019-03-28 16:00:00,1470.0983,29.3469177246094,0.014455775,0.010219574,28.275835958816884,32.5344177246094,0.011632899,0.034088135,16.18929852837424,29.3781677246094,0.013467768,0.13482666,1.210550030153046,0,0,1
2019-03-28 17:00:00,1336.9679,28.1093688964844,0.014787673,0.012420654,27.81880807589843,30.3281188964844,0.012212752,0.018203735,17.029060424045166,28.1718688964844,0.013452529,0.098358154,1.737271647919126,0,0,1
2019-03-28 18:00:00,1343.8811,26.9389587402344,0.015165367,0.0152282715,26.2929219747764,28.2670837402344,0.012819328,0.01991272,16.683230915701582,26.8452087402344,0.013647118,0.07659912,2.891103695385012,0,0,1
2019-03-28 19:00:00,1388.8803,26.2714782714844,0.015523991,0.020858765,24.854738762264827,27.2402282714844,0.013616642,0.03665161,15.628998697317808,25.6933532714844,0.0140515175,0.0663147,4.190194372798945,0,0,1
2019-03-28 20:00:00,1365.4867,25.970086669921898,0.015771998,0.023605347,23.92077235834425,26.782586669921898,0.014272822,0.07144165,14.794317267967893,24.876336669921898,0.014455928,0.06347656,5.088458988242955,0,0,1
2019-03-28 21:00:00,1318.3127,25.773736572265648,0.015939955,0.023384094,23.396916230283725,26.617486572265648,0.014559033,0.09017944,14.249874186713306,24.320611572265648,0.014742139,0.07272339,5.410508326342939,0,0,1
2019-03-28 22:00:00,1231.5533,25.5988708496094,0.016054546,0.019569397,23.35183242044568,26.4738708496094,0.014677442,0.08123779,13.730114893644402,24.0051208496094,0.014845288,0.08248901,5.631993668677282,0,0,1
2019-03-28 23:00:00,1168.7667,25.403924560546898,0.01613865,0.016433716,23.224422044409952,26.278924560546898,0.014822579,0.06964111,13.232574791551857,23.732049560546898,0.014834023,0.095336914,5.944563492902972,0,0,1
2019-03-29 00:00:00,1111.3533,25.214959716796898,0.016199915,0.017181396,22.267176138404057,26.074334716796898,0.014941065,0.06253052,12.709861062863933,23.433709716796898,0.014796106,0.098602295,6.028772583345165,0,0,1
2019-03-29 01:00:00,1066.8428,25.068933105468773,0.016215436,0.027175903,20.24385343727192,25.865808105468773,0.015036696,0.061203003,12.268549555551443,23.162683105468773,0.0147734815,0.094055176,6.085697927203538,0,0,1
2019-03-29 02:00:00,1022.5741,24.985009765625023,0.016177408,0.04612732,18.50722438484908,25.656884765625023,0.015135996,0.061187744,11.904248878338434,22.922509765625023,0.014750712,0.09136963,6.221341475905873,0,0,1
2019-03-29 03:00:00,1008.1655,24.993981933593773,0.01610125,0.047027588,17.588383412897887,25.478356933593773,0.01522387,0.056777954,11.73740411786292,22.743981933593773,0.014705071,0.092803955,6.237737781831463,0,0,1
2019-03-29 04:00:00,999.4465,24.941217041015648,0.016002188,0.021598816,17.12922900921683,25.284967041015648,0.015281211,0.044448853,11.67070059509587,22.613092041015648,0.014667044,0.10079956,5.932167430868455,0,0,1
2019-03-29 05:00:00,1025.4872,24.813317871093773,0.01591822,0.015113831,16.465681806963357,25.078942871093773,0.015338385,0.043777466,10.874158313670153,22.516442871093773,0.014640295,0.103881836,5.454140103797352,0,0,1
2019-03-29 06:00:00,1017.15,24.822229003906276,0.015857128,0.015708923,16.988690265109554,25.009729003906276,0.015406994,0.0438385,10.518473281892424,22.478479003906276,0.014644055,0.10406494,5.070499965687661,0,0,1
2019-03-29 07:00:00,1126.5438,25.676599121093773,0.015601514,0.01675415,21.539913909655063,26.395349121093773,0.015319226,0.03517151,13.417681611965904,23.176599121093773,0.014609693,0.09625244,5.031340877115018,0,0,1
2019-03-29 08:00:00,1304.5191,26.872827148437523,0.015227662,0.016365051,23.826352124108134,28.794702148437523,0.014548646,0.030052185,15.78102935334612,24.950952148437523,0.014216768,0.072143555,5.070916313342934,0,0,1
2019-03-29 09:00:00,1408.9299,28.202539062500023,0.014781355,0.013828278,24.63182959950286,31.233789062500023,0.013507246,0.022216797,16.2439467391414,27.186914062500023,0.0136903515,0.05203247,4.849306434513393,0,0,1
2019-03-29 10:00:00,1535.2234999999998,29.457574462890648,0.014205387,0.009635925,24.466884020984143,33.25444946289065,0.012927463,0.014713287,15.514918761069865,29.238824462890648,0.013232639,0.044296265,4.207951634285016,0,0,1
2019-03-29 11:00:00,1534.5084,30.449548339843773,0.013663775,0.005914688,23.851766038682808,34.80892333984377,0.012679583,0.00868988,14.561827392762268,30.668298339843773,0.013717181,0.04219055,2.9365381086342643,0,0,1
2019-03-29 12:00:00,1550.606,31.154901123046898,0.013171753,0.0037145615,23.09443256613502,35.8892761230469,0.01251944,0.005208969,13.834093372346974,31.654901123046898,0.013953766,0.048171997,1.8859497322754064,0,0,1
2019-03-29 13:00:00,1589.1804,31.527856445312523,0.012801625,0.0024995804,22.36787832117343,36.41848144531252,0.012526967,0.0039157867,13.258121998219725,32.15285644531252,0.014071919,0.05445862,1.133143879269742,0,0,1
2019-03-29 14:00:00,1607.7016999999998,31.525659179687523,0.01266416,0.001803875,21.92314546890972,36.38503417968752,0.012564978,0.004213333,12.749292277721288,32.21315917968752,0.014060339,0.064453125,0.6174062659863173,0,0,1
2019-03-29 15:00:00,1581.6387,31.118463134765648,0.012744121,0.0015940666,21.852818455258276,35.66533813476565,0.012664013,0.0065193176,12.382451480837426,31.868463134765648,0.0137740895,0.077301025,1.1308784633468332,0,0,1
2019-03-29 16:00:00,1484.1647,30.264306640625023,0.012991971,0.0017442703,21.942736754768365,34.13930664062502,0.012839383,0.011833191,12.219624223191394,30.717431640625023,0.013815946,0.078308105,1.9054628716972863,0,0,1
2019-03-29 17:00:00,1345.6767,28.956872558593773,0.013434396,0.002363205,22.00560866561388,32.05062255859377,0.01325892,0.012794495,12.269942742472944,29.019372558593773,0.014285074,0.08203125,2.1257768086278714,0,0,1
2019-03-29 18:00:00,1323.077,27.5217224121094,0.014002742,0.0036592484,21.5774193036079,29.7560974121094,0.013804378,0.012931824,11.77161451132023,27.1623474121094,0.014887752,0.08520508,2.0124945741189357,0,0,1
2019-03-29 19:00:00,1384.3393999999998,26.5590759277344,0.014551977,0.0060253143,20.8394175067703,27.9809509277344,0.014391759,0.018341064,11.481761600764369,25.6840759277344,0.015410284,0.089141846,1.6573444291720578,0,0,1
2019-03-29 20:00:00,1343.3746,26.031365966796898,0.014883683,0.008148193,19.57492675767548,26.875115966796898,0.014803574,0.032073975,11.46970810882136,24.687615966796898,0.0155207375,0.0864563,1.549368883669446,0,0,1
2019-03-29 21:00:00,1295.9271,25.759118652343773,0.015051363,0.008422852,18.55074090429125,26.180993652343773,0.015093325,0.045211792,11.720961939683274,24.040368652343773,0.015604494,0.08175659,1.6931984626319658,0,0,1
2019-03-29 22:00:00,1257.802,25.579370117187523,0.015158006,0.0076122284,18.353431343420137,25.641870117187523,0.015425035,0.04777527,11.458607352754504,23.548120117187523,0.015604326,0.089538574,2.391836258948545,0,0,1
2019-03-29 23:00:00,1203.6749,25.403100585937523,0.015188406,0.0077762604,18.462528868738534,25.231225585937523,0.015680501,0.052978516,10.67988202490636,23.059350585937523,0.015588949,0.09817505,3.404743623030237,0,0,1
2019-03-30 00:00:00,1136.1685,25.246972656250023,0.015150233,0.007953644,18.632317652627076,24.918847656250023,0.015802547,0.053009033,10.115378424014136,22.653222656250023,0.015604182,0.098083496,4.149445885123031,0,0,1
2019-03-30 01:00:00,1064.7486,25.101770019531276,0.015119774,0.0073947906,18.43686063013493,24.679895019531276,0.015878899,0.04562378,9.907849927638116,22.320520019531276,0.015600426,0.09893799,4.556621112544618,0,0,1
2019-03-30 02:00:00,1041.7521,24.965447998046898,0.015119889,0.008243561,17.989496065453444,24.481072998046898,0.015894273,0.052520752,9.75278762874349,22.137322998046898,0.015566208,0.09942627,4.858985171857349,0,0,1
2019-03-30 03:00:00,1021.1577,24.835351562500023,0.015116206,0.011566162,17.561608568693803,24.272851562500023,0.015863886,0.048721313,9.704869917833536,22.038476562500023,0.015539638,0.094818115,5.08209464735149,0,0,1
2019-03-30 04:00:00,990.2549,24.777185058593773,0.015150708,0.013263702,16.200234983647324,24.058435058593773,0.015833538,0.044891357,9.345740742479151,22.011560058593773,0.015543622,0.08834839,5.178961025747672,0,0,1
2019-03-30 05:00:00,1005.2366,24.689904785156276,0.015227177,0.0134010315,14.275578753335214,23.783654785156276,0.015848972,0.04510498,8.874120680539747,21.986779785156276,0.015593388,0.08959961,5.17079124136409,0,0,1
2019-03-30 06:00:00,973.1783,24.833764648437523,0.015292126,0.013095856,14.164565251091943,23.802514648437523,0.015864331,0.04133606,9.707780812357749,21.990014648437523,0.015643079,0.09265137,5.274279424979187,0,0,1
2019-03-30 07:00:00,1031.529,25.801782226562523,0.015208249,0.012626648,17.41047821247062,25.676782226562523,0.015666014,0.03416443,13.35813614732858,22.645532226562523,0.015810972,0.09359741,5.900232704875266,0,0,1
2019-03-30 08:00:00,1154.6048,26.996911621093773,0.015097613,0.010314941,18.35230534595669,28.496911621093773,0.014876361,0.023132324,15.29465292450452,24.262536621093773,0.015681263,0.08496094,6.21897393364971,0,0,1
2019-03-30 09:00:00,1250.1481,28.283288574218773,0.014960265,0.009464264,18.087792569887284,31.298913574218773,0.014105773,0.0124053955,15.039903740676287,26.923913574218773,0.014876341,0.06304932,5.960008899758883,0,0,1
2019-03-30 10:00:00,1340.0516,29.508752441406276,0.014677992,0.007270813,18.198651064673182,33.68062744140627,0.013674727,0.0057258606,14.089762294651226,29.243127441406276,0.01439189,0.049224854,4.818261539624141,0,0,1
2019-03-30 11:00:00,1375.6996,30.621392822265648,0.014250749,0.0046977997,18.70496532592986,35.46514282226565,0.013518327,0.0024471283,13.299857501650497,30.855767822265648,0.014594072,0.04425049,2.983855782125157,0,0,1
2019-03-30 12:00:00,1358.6157,31.491815185546898,0.013888262,0.0028877258,19.25802834089236,36.6168151855469,0.013388537,0.0010128021,12.94878424751797,32.0386901855469,0.01429262,0.035583496,1.9945742825484127,0,0,1
2019-03-30 13:00:00,1354.1758,32.04152832031252,0.013686025,0.0018458366,20.00464828643495,37.21340332031252,0.013216817,0.0004400015,12.85644787463182,32.57277832031252,0.014376485,0.046188354,1.318627999976638,0,0,1
2019-03-30 14:00:00,1357.193,32.1730895996094,0.013598182,0.0013318062,20.9138441311676,37.1730895996094,0.013094642,0.00044584274,12.82247000384527,32.4699645996094,0.014425972,0.079437256,0.8946795887785514,0,0,1
2019-03-30 15:00:00,1339.5002,31.838464355468773,0.013544685,0.0009701252,21.829503929803103,36.54158935546877,0.013025886,0.001999855,12.917301392413632,31.885339355468773,0.014444954,0.10656738,0.6790750638253327,0,0,1
2019-03-30 16:00:00,1297.6805,31.011376953125023,0.013628532,0.000698328,22.963580253662677,35.16762695312502,0.013121177,0.0021009445,13.296585017447928,30.417626953125023,0.014727165,0.10839844,0.4222828276638691,0,0,1
2019-03-30 17:00:00,1243.4722,29.542016601562523,0.014036554,0.0005481243,24.12123781586532,33.04201660156252,0.013414758,0.0015029907,13.770111191244546,28.870141601562523,0.015016931,0.087371826,0.1329806413499518,0,0,1
2019-03-30 18:00:00,1251.9221,27.785485839843773,0.01474975,0.00053048134,24.41796420072746,30.472985839843773,0.01386474,0.0008161068,13.861786161984536,27.207360839843773,0.015352472,0.064331055,0.5380353845017699,0,0,1
2019-03-30 19:00:00,1313.7505,26.589715576171898,0.015409585,0.0006248951,23.855758835431285,28.245965576171898,0.01439869,0.0006120205,14.634927426162486,25.870965576171898,0.0156728,0.050735474,1.2319699791650378,0,0,1
2019-03-30 20:00:00,1293.6726,26.051293945312523,0.015802488,0.003170967,22.653573427565156,26.848168945312523,0.014753447,0.0005788803,14.996946680208072,25.098168945312523,0.015447722,0.03829956,2.373091064041698,0,0,1
2019-03-30 21:00:00,1260.5376,25.8464294433594,0.015993245,0.005126953,22.275716874117865,25.9870544433594,0.015009054,0.0010967255,14.193187272117784,24.4558044433594,0.015520223,0.032958984,2.999165681218944,0,0,1
2019-03-30 22:00:00,1208.2716999999998,25.747460937500023,0.016077224,0.007112503,22.265204477936777,25.403710937500023,0.0151884,0.0005903244,12.94976543670667,23.934960937500023,0.01543254,0.03086853,3.800707294493424,0,0,1
2019-03-30 23:00:00,1176.8612,25.656335449218773,0.016153703,0.014175415,22.274722565743875,25.031335449218773,0.015215287,0.00018829107,12.208020341178775,23.453210449218773,0.015402207,0.028572083,4.571115107560583,0,0,1
2019-03-31 00:00:00,1128.5453,25.569879150390648,0.016252922,0.020973206,22.746553439133915,24.726129150390648,0.01521151,0.002445221,11.970464617668014,23.069879150390648,0.015345024,0.028129578,5.096549920357716,0,0,1
2019-03-31 01:00:00,1095.3507,25.483300781250023,0.016413257,0.024887085,23.02072054082474,24.467675781250023,0.015184924,0.007621765,12.014271279856564,22.764550781250023,0.015287921,0.02909851,5.51728510353011,0,0,1
2019-03-31 02:00:00,1069.8968,25.377099609375023,0.016558414,0.02420044,22.449002997810464,24.314599609375023,0.015177494,0.0056762695,11.897737252662727,22.502099609375023,0.0152461585,0.030349731,5.685446369694156,0,0,1
2019-03-31 03:00:00,1035.9505,25.333459472656276,0.016611887,0.031166077,22.40892137252657,24.239709472656276,0.015124156,0.0075798035,11.286560769783229,22.302209472656276,0.015181377,0.030349731,5.713064780999296,0,0,1
2019-03-31 04:00:00,1019.153,25.283471679687523,0.016665356,0.033203125,21.923620158395583,24.174096679687523,0.015055554,0.015083313,10.734563572988844,22.142846679687523,0.015093701,0.030067444,5.680039471368247,0,0,1
2019-03-31 05:00:00,1009.7873,25.274255371093773,0.016688159,0.033981323,21.478077301412007,24.055505371093773,0.015063098,0.016838074,10.20799359520499,21.993005371093773,0.015055468,0.030708313,5.566747131832084,0,0,1
2019-03-31 06:00:00,951.303,25.364343261718773,0.016695743,0.030563354,21.565028299463016,24.129968261718773,0.015177493,0.010211945,10.294763934118572,21.958093261718773,0.015043979,0.03138733,5.502300183742406,0,0,1
2019-03-31 07:00:00,979.5508,26.129510498046898,0.016550632,0.028411865,24.19907222261934,26.067010498046898,0.01525745,0.0060977936,14.261119704191714,22.832635498046898,0.014944645,0.031402588,5.874774792189719,0,0,1
2019-03-31 08:00:00,1036.6435,27.315209960937523,0.016184311,0.031982422,25.497086733287112,28.737084960937523,0.014769059,0.00463295,16.392690993036013,24.971459960937523,0.014433365,0.020324707,5.839619538050585,0,0,1
2019-03-31 09:00:00,1088.5848,28.526055908203148,0.015871448,0.024719238,24.991151607947288,31.291680908203148,0.014151021,0.0048732758,16.015796931241777,27.432305908203148,0.013735219,0.014190674,5.0309384513734186,0,0,1
2019-03-31 10:00:00,1153.9047,29.641656494140648,0.015623541,0.019004822,24.27461035245822,33.42290649414065,0.013819189,0.0056972504,14.827816016110305,29.579156494140648,0.013342352,0.018447876,3.6758841482550593,0,0,1
2019-03-31 11:00:00,1202.4881,30.540155029296898,0.015463366,0.008049011,23.49656495007568,35.0870300292969,0.013651385,0.006996155,13.798064519078618,31.133905029296898,0.013544573,0.025039673,1.945180968468372,0,0,1
2019-03-31 12:00:00,1207.1541,31.184381103515648,0.015326074,0.0050468445,22.734322325969902,36.23125610351565,0.013506464,0.007581711,13.177857345746824,31.934381103515648,0.013952783,0.03768921,0.8582587597836366,0,0,1
2019-03-31 13:00:00,1209.606,31.527673339843773,0.015173512,0.00365448,21.89022362285934,36.82454833984377,0.013376789,0.0099983215,12.884040896654286,32.41829833984377,0.013868885,0.073394775,0.2124666458663346,0,0,1
2019-03-31 14:00:00,1211.9422,31.576104736328148,0.015131534,0.0026388168,21.275972294358542,36.85735473632815,0.013376773,0.016731262,12.886929495141352,32.12297973632815,0.013701023,0.11148071,0.7978674800410254,0,0,1
2019-03-31 15:00:00,1216.5395,31.275659179687523,0.015173468,0.002117157,21.315556478732777,36.02565917968752,0.013491186,0.018043518,13.239356445161194,31.119409179687523,0.01376203,0.13153076,1.2965922771352725,0,0,1
2019-03-31 16:00:00,1189.0943,30.637231445312523,0.015200112,0.001955986,21.965994115016453,34.74660644531252,0.01365516,0.012348175,13.650198094533996,29.824731445312523,0.014101479,0.14355469,1.4456056188330624,0,0,1
2019-03-31 17:00:00,1204.3113999999998,29.5190368652344,0.01540222,0.003036499,22.45922685061841,32.6752868652344,0.013849638,0.010726929,13.544007708426197,28.3627868652344,0.014616393,0.1262207,1.5214458064037568,0,0,1
2019-03-31 18:00:00,1204.3392,28.154504394531276,0.01582555,0.0083732605,22.553706288732204,30.201379394531276,0.014181415,0.007270813,12.925184674299478,26.826379394531276,0.015058795,0.087371826,1.6647542370021766,0,0,1
2019-03-31 19:00:00,1282.0450999999998,27.213433837890648,0.016260333,0.017585754,22.5153371799135,28.291558837890648,0.014726824,0.006652832,12.828134093565977,25.744683837890648,0.0152265495,0.053863525,1.9407106795263176,0,0,1
2019-03-31 20:00:00,1292.9121,26.729028320312523,0.016504394,0.022918701,21.879123802145493,27.213403320312523,0.015241729,0.0048179626,12.21827790033659,25.135278320312523,0.015096771,0.03593445,2.5794157036355863,0,0,1
2019-03-31 21:00:00,1279.1935,26.539636230468773,0.016572986,0.026626587,21.63816551626269,26.539636230468773,0.015657458,0.0041618347,11.032637897099036,24.664636230468773,0.0151768075,0.02897644,2.729675387272112,0,0,1
2019-03-31 22:00:00,1237.8225,26.464807128906276,0.016542405,0.030006409,21.9206624837295,26.027307128906276,0.015939683,0.0067310333,9.718958824342886,24.292932128906276,0.015188188,0.024154663,2.8986986364475054,0,0,1
2019-03-31 23:00:00,1176.2368,26.351831054687523,0.016504211,0.026000977,22.03189427249448,25.523706054687523,0.016183777,0.005897522,8.059290629518818,23.976831054687523,0.015153809,0.02129364,3.0642907275026454,0,0,1
2019-04-01 00:00:00,1124.5223,26.2265563964844,0.016504193,0.025665283,21.763171523599794,24.9765563964844,0.016351605,0.010414124,6.394934920873856,23.6640563964844,0.015111829,0.020774841,3.2952404812014824,0,0,1
2019-04-01 01:00:00,1075.9405000000002,26.104882812500023,0.016542356,0.032943726,21.783694225416525,24.573632812500023,0.016443174,0.016845703,5.627800267333501,23.339257812500023,0.015142363,0.022094727,3.5601055370182,0,0,1
2019-04-01 02:00:00,1039.2381,25.950952148437523,0.016618757,0.054977417,21.539905876442813,24.310327148437523,0.016489057,0.018821716,5.156388891950383,23.075952148437523,0.0151958745,0.02822876,3.6182097036594993,0,0,1
2019-04-01 03:00:00,1019.2918,25.793176269531276,0.016817246,0.074279785,20.374911375262588,24.105676269531276,0.01650444,0.01813507,4.851229395833697,22.933801269531276,0.015211259,0.037475586,3.595523936434289,0,0,1
2019-04-01 04:00:00,1014.2101,25.678918457031276,0.017015725,0.08590698,19.357805106216805,23.850793457031276,0.016527444,0.01436615,4.6742148163269,22.850793457031276,0.015199929,0.045684814,3.573770503718829,0,0,1
2019-04-01 05:00:00,1036.2569999999998,25.6142517089844,0.017191317,0.10324097,17.894203858743793,23.6142517089844,0.016565707,0.012447357,4.7923302827253895,22.7861267089844,0.015169527,0.05419922,3.61945076121588,0,0,1
2019-04-01 06:00:00,1051.7325,25.685449218750023,0.017259922,0.10809326,17.598194090351978,23.872949218750023,0.016596165,0.019302368,5.74639741241724,22.763574218750023,0.015165654,0.060775757,3.847704004601335,0,0,1
2019-04-01 07:00:00,1158.3273,26.408898925781276,0.017114889,0.1194458,19.415138928910768,26.330773925781276,0.01635195,0.031166077,11.021710897791774,23.580773925781276,0.015093099,0.057388306,4.53510515051154,0,0,1
2019-04-01 08:00:00,1357.2305,27.585290527343773,0.01680963,0.13061523,21.17445031615712,29.069665527343773,0.015493559,0.03250122,13.7258964370896,25.350915527343773,0.014497923,0.04347229,4.658851977952501,0,0,1
2019-04-01 09:00:00,1457.1134,28.746667480468773,0.016550155,0.10668945,22.42550252396027,31.621667480468773,0.014711471,0.029174805,13.56925594980248,27.387292480468773,0.013788315,0.03704834,4.11177951101745,0,0,1
2019-04-01 10:00:00,1546.3265,29.926232910156276,0.016222028,0.07458496,23.85513400115142,33.87935791015627,0.01393321,0.019363403,12.4550124407767,29.332482910156276,0.013402967,0.040252686,2.699807875473436,0,0,1
2019-04-01 11:00:00,1594.6392,30.979272460937523,0.015977833,0.058258057,24.71171199485776,35.71364746093752,0.013402914,0.013038635,11.786514910962351,30.729272460937523,0.013677572,0.049942017,1.019275549031562,0,0,1
2019-04-01 12:00:00,1603.4758000000002,31.637017822265648,0.015932016,0.06713867,24.716013930334565,37.02764282226565,0.013036661,0.008369446,11.613624411554571,31.699517822265648,0.0138224885,0.06619263,1.2107009760068377,0,0,1
2019-04-01 13:00:00,1642.1299,31.622399902343773,0.01590149,0.11105347,24.45301150632608,37.71614990234377,0.012761994,0.0049743652,11.437504442558051,32.09114990234377,0.013959809,0.08035278,2.3034023475060668,0,0,1
2019-04-01 14:00:00,1642.1973,31.139337158203148,0.01584049,0.13250732,24.726626036648227,37.82683715820315,0.012548406,0.0070056915,11.427090069268374,31.967462158203148,0.014223058,0.09185791,3.264634059243315,0,0,1
2019-04-01 15:00:00,1622.7413,30.311669921875023,0.015840568,0.13726807,25.79081956629853,37.23354492187502,0.012426413,0.011390686,11.693368822549216,31.280419921875023,0.014562643,0.107666016,3.87609016096286,0,0,1
2019-04-01 16:00:00,1519.1183,29.324792480468773,0.015916867,0.12411499,25.98130601661705,36.01229248046877,0.012369198,0.009902954,11.61720500849807,30.215417480468773,0.014913601,0.115753174,4.043498542903309,0,0,1
2019-04-01 17:00:00,1365.7265,28.424432373046898,0.015970126,0.09005737,25.042904151472605,34.0494323730469,0.012494937,0.012763977,11.000779932288998,28.908807373046898,0.015211001,0.109680176,3.999749097107622,0,0,1
2019-04-01 18:00:00,1374.1289,27.762292480468773,0.016008114,0.051330566,23.81928379778973,31.668542480468773,0.012899136,0.011978149,9.16765669406604,27.512292480468773,0.0153901335,0.08294678,3.809227343632151,0,0,1
2019-04-01 19:00:00,1418.6592999999998,27.431298828125023,0.016130028,0.030288696,22.92438864189168,30.040673828125023,0.013433037,0.008399963,7.484475815637545,26.400048828125023,0.0155349355,0.06594849,3.684710445130407,0,0,1
2019-04-01 20:00:00,1392.0729,27.245629882812523,0.016297728,0.02783966,21.926986663484453,28.901879882812523,0.014172942,0.0066452026,6.59412685384036,25.573754882812523,0.015733153,0.06047058,3.24314834218751,0,0,1
2019-04-01 21:00:00,1339.2287,27.087762451171898,0.016457817,0.034072876,20.80342153137578,28.103387451171898,0.014748832,0.019248962,5.79242855668411,25.025262451171898,0.01579406,0.06375122,2.9436205258415424,0,0,1
2019-04-01 22:00:00,1278.949,26.904107666015648,0.016595056,0.04650879,20.459774048751772,27.591607666015648,0.015015771,0.028877258,5.280435103348613,24.622857666015648,0.015748193,0.05833435,2.8472866242317747,0,0,1
2019-04-01 23:00:00,1214.0539,26.678979492187523,0.016640786,0.059188843,20.33370760380389,27.163354492187523,0.015290384,0.04260254,5.035683369179292,24.210229492187523,0.015732888,0.064208984,2.9271156875795192,0,0,1
2019-04-02 00:00:00,1160.3435,26.422723388671898,0.016694173,0.077697754,19.483117339560675,26.828973388671898,0.0155688375,0.052520752,5.488747787249264,23.907098388671898,0.015591726,0.06906128,3.071974242616496,0,0,1
2019-04-02 01:00:00,1096.9029,26.192559814453148,0.016747592,0.08682251,18.830534880461503,26.348809814453148,0.015992282,0.053482056,5.322765967020611,23.676934814453148,0.015473483,0.070617676,3.0522513460301157,0,0,1
2019-04-02 02:00:00,1080.5143,26.0090270996094,0.016785761,0.08493042,18.366262296920333,25.8996520996094,0.016411921,0.05921936,5.241189681255807,23.4465270996094,0.015366694,0.07861328,3.095687731009636,0,0,1
2019-04-02 03:00:00,1058.8352,25.868615722656276,0.016793398,0.08215332,18.0106885837071,25.571740722656276,0.016701845,0.058624268,5.590589665002181,23.243615722656276,0.01532474,0.10003662,3.228161278194928,0,0,1
2019-04-02 04:00:00,1054.1884,25.755242919921898,0.016854443,0.068359375,17.28048384942715,25.270867919921898,0.016839184,0.049743652,6.108928793298127,23.130242919921898,0.015328563,0.11187744,3.2915422775008065,0,0,1
2019-04-02 05:00:00,1069.3884999999998,25.661218261718773,0.01699942,0.04472351,16.280596327298976,25.036218261718773,0.016907867,0.039398193,6.591064412430375,23.067468261718773,0.015366729,0.11260986,3.423670630480361,0,0,1
2019-04-02 06:00:00,1063.9299,25.678643798828148,0.01709862,0.02619934,16.39248892747238,25.116143798828148,0.016900256,0.027557373,7.795523679514174,23.069268798828148,0.01546593,0.10650635,3.691869111606131,0,0,1
2019-04-02 07:00:00,1200.1853,26.295587158203148,0.017014712,0.01927185,19.585530783010352,26.983087158203148,0.016465396,0.017433167,12.18077513159144,23.967462158203148,0.015500277,0.09048462,4.273270387607485,0,0,1
2019-04-02 08:00:00,1386.9488,27.322076416015648,0.016747711,0.01039505,21.83701143378771,29.556451416015648,0.015542268,0.010887146,14.10511686939935,25.993951416015648,0.015233277,0.059127808,4.5584362295045295,0,0,1
2019-04-02 09:00:00,1471.2379,28.427392578125023,0.016534157,0.0020742416,22.584087137214315,32.06801757812502,0.014912911,0.007009506,13.6885788249395,28.224267578125023,0.014664955,0.03956604,4.230224811991847,0,0,1
2019-04-02 10:00:00,1522.1184,29.443200683593773,0.016328245,0.0023622513,23.36646767321577,34.14632568359377,0.014790922,0.012031555,12.911421789333286,30.130700683593773,0.014356047,0.038116455,3.0681892100158428,0,0,1
2019-04-02 11:00:00,1559.8806,30.227624511718773,0.016099427,0.003522873,24.15411429099848,35.68074951171877,0.01472995,0.0448761,12.699258467284478,31.555749511718773,0.01434848,0.04560852,1.673492950033674,0,0,1
2019-04-02 12:00:00,1556.4519,30.768731689453148,0.015924029,0.007286072,24.892773013777106,36.28435668945315,0.014554553,0.08892822,12.9589623798796,32.42498168945315,0.014394335,0.05809021,0.9406558041265304,0,0,1
2019-04-02 13:00:00,1588.0055,30.993981933593773,0.015916489,0.011875153,25.50689126638516,36.60335693359377,0.014371537,0.12597656,13.387049460643624,32.79085693359377,0.014253281,0.084747314,0.4929007022279182,0,0,1
2019-04-02 14:00:00,1586.1589,30.901147460937523,0.016000468,0.014102936,25.893167874520977,35.97927246093752,0.014234263,0.14245605,13.641165471331975,32.36989746093752,0.014257152,0.09286499,0.2843752728712428,0,0,1
2019-04-02 15:00:00,1577.2737,30.476586914062523,0.016076794,0.015533447,26.28968860695732,35.24221191406252,0.014199964,0.11697388,13.858752942150758,31.414086914062523,0.014383069,0.088653564,0.310131676779028,0,0,1
2019-04-02 16:00:00,1510.3796,29.703759765625023,0.016168267,0.016181946,26.986369850627256,34.20375976562502,0.014180809,0.07946777,13.983497762944696,30.235009765625023,0.014585167,0.08099365,0.479612706221442,0,0,1
2019-04-02 17:00:00,1381.9257,28.576959228515648,0.016320806,0.02016449,27.441697763131327,32.54570922851565,0.014226537,0.053115845,13.925841498160343,28.780084228515648,0.014863592,0.073638916,1.0416628482112835,0,0,1
2019-04-02 18:00:00,1352.7717,27.413171386718773,0.01653442,0.024513245,27.061541192599325,30.381921386718773,0.0144325225,0.04019165,13.432690630762965,27.303796386718773,0.01509628,0.060287476,1.4018828826424172,0,0,1
2019-04-02 19:00:00,1395.9746,26.672082519531276,0.01677096,0.020973206,26.243398165360084,28.672082519531276,0.015023829,0.03907776,13.49851813766392,26.172082519531276,0.015432002,0.06921387,1.8048453799459916,0,0,1
2019-04-02 20:00:00,1366.2091,26.2714782714844,0.01693888,0.01863861,25.15600352897504,27.6308532714844,0.015702918,0.046417236,13.74023282582614,25.5058532714844,0.015622809,0.0770874,2.3130288679199125,0,0,1
2019-04-02 21:00:00,1357.3419,26.087670898437523,0.016961847,0.024604797,24.86625892911684,27.056420898437523,0.016137872,0.053955078,13.269758579843645,25.025170898437523,0.01566485,0.07644653,3.262213964090916,0,0,1
2019-04-02 22:00:00,1320.5767999999998,25.939965820312523,0.016961938,0.027915955,24.613697834615383,26.643090820312523,0.016214257,0.042282104,12.545145136821109,24.596215820312523,0.015573387,0.081726074,4.283194848925401,0,0,1
2019-04-02 23:00:00,1224.1257,25.7695251464844,0.016908642,0.032958984,24.52482058958173,26.3632751464844,0.016191479,0.030448914,12.361341950241124,24.1601501464844,0.015501018,0.08569336,4.949033295996338,0,0,1
2019-04-03 00:00:00,1164.7273,25.613427734375023,0.016801912,0.042175293,24.411962322167906,26.097802734375023,0.016138155,0.021316528,12.36103748893006,23.785302734375023,0.015447696,0.083099365,5.379718171718357,0,0,1
2019-04-03 01:00:00,1114.9915999999998,25.507104492187523,0.016618937,0.041244507,23.82184283221707,25.788354492187523,0.016100138,0.018379211,12.5057012755019,23.491479492187523,0.01538679,0.075042725,5.712530126846972,0,0,1
2019-04-03 02:00:00,1072.4578,25.430078125000023,0.016428288,0.031967163,22.84295246448939,25.476953125000023,0.0160163,0.01839447,12.270318966476076,23.211328125000023,0.015329655,0.06661987,5.886802525117227,0,0,1
2019-04-03 03:00:00,1051.4764,25.365197753906276,0.016306296,0.01914215,21.959926562577323,25.240197753906276,0.01587905,0.018005371,12.05324840526987,22.990197753906276,0.015306845,0.06283569,5.889683973192208,0,0,1
2019-04-03 04:00:00,1036.1789,25.335229492187523,0.016245384,0.013420105,20.90957210677628,24.991479492187523,0.015734214,0.01739502,11.706156006133757,22.866479492187523,0.015280266,0.055419922,5.808929646264784,0,0,1
2019-04-03 05:00:00,1049.7155,25.313378906250023,0.016207239,0.011875153,19.787115586595856,24.735253906250023,0.015612145,0.018920898,11.247684393034962,22.750878906250023,0.015230675,0.047607422,5.6191186904876895,0,0,1
2019-04-03 06:00:00,1042.9870999999998,25.410546875000023,0.016153812,0.0138549805,19.578151685935524,24.769921875000023,0.015520572,0.022819519,11.586869602277217,22.676171875000023,0.015173434,0.04335022,5.5709227051433885,0,0,1
2019-04-03 07:00:00,1178.2959999999998,26.266748046875023,0.015726518,0.018592834,23.738827694467503,26.141748046875023,0.015375566,0.02355957,14.637856803734644,23.422998046875023,0.015020799,0.03767395,6.116851586951574,0,0,1
2019-04-03 08:00:00,1364.5372,27.3259216308594,0.0152954515,0.016471863,26.778258771291792,28.0446716308594,0.014666026,0.025558472,17.194796444863005,25.2634216308594,0.014429515,0.033584595,6.617336228105562,0,0,1
2019-04-03 09:00:00,1459.7377,28.343316650390648,0.015165795,0.009284973,27.66059344203283,29.827691650390648,0.013758171,0.027992249,17.73151953367631,27.405816650390648,0.013670433,0.032714844,6.569144515686099,0,0,1
2019-04-03 10:00:00,1520.4268,29.464166259765648,0.014967459,0.000998497,28.456909885207917,31.245416259765648,0.013063925,0.03919983,17.84666439914701,29.198541259765648,0.013155478,0.046401978,6.310928538902364,0,0,1
2019-04-03 11:00:00,1567.6958,30.408807373046898,0.014730907,0.0009095669,29.37729961078579,32.3150573730469,0.012724376,0.04737854,17.742298804555098,30.393182373046898,0.013269878,0.045013428,5.729224666047567,0,0,1
2019-04-03 12:00:00,1566.8216,30.977624511718773,0.014562929,0.0009522438,30.50629663727612,32.93074951171877,0.012701357,0.05126953,17.731826926665697,31.149499511718773,0.013162935,0.050628662,5.694661692416562,0,0,1
2019-04-03 13:00:00,1617.4711,31.164453125000023,0.014517153,0.0015645027,31.233434574230458,33.00820312500002,0.0128310565,0.05052185,17.959006588995233,31.367578125000023,0.013128603,0.057006836,5.913823356681426,0,0,1
2019-04-03 14:00:00,1598.8301,31.0156188964844,0.014520795,0.0036010742,31.80483793488741,32.5468688964844,0.013109357,0.045547485,18.495255062822658,31.1562438964844,0.013197095,0.060180664,6.3080516589365,0,0,1
2019-04-03 15:00:00,1583.2373,30.554956054687523,0.0145664755,0.0046863556,32.226563693181795,31.586206054687523,0.013399178,0.036102295,19.119460795951586,30.523706054687523,0.013307625,0.05380249,6.8240692426247564,0,0,1
2019-04-03 16:00:00,1505.8726,29.735070800781276,0.0147914495,0.004234314,31.98823584798036,30.313195800781276,0.013631782,0.02532959,19.22341306806238,29.516320800781276,0.013463935,0.046279907,7.238007222324046,0,0,1
2019-04-03 17:00:00,1380.9574,28.608483886718773,0.015100369,0.004383087,31.120428469338822,29.077233886718773,0.013818631,0.017845154,18.20813835871845,28.170983886718773,0.013685117,0.043029785,7.5177964212264925,0,0,1
2019-04-03 18:00:00,1363.2124,27.456506347656276,0.015462717,0.014167786,29.269947750356405,27.972131347656276,0.014047464,0.026275635,15.446259217950638,26.565881347656276,0.014039835,0.049697876,7.201396329903097,0,0,1
2019-04-03 19:00:00,1406.5613999999998,26.817285156250023,0.015786922,0.024993896,27.313692251759523,27.270410156250023,0.01436404,0.03479004,13.133583584126248,25.286035156250023,0.014520443,0.07904053,6.784954508415986,0,0,1
2019-04-03 20:00:00,1384.5148,26.545739746093773,0.015878422,0.026756287,25.435877054914663,26.764489746093773,0.014646276,0.03337097,11.412183916408962,24.483239746093773,0.014898046,0.08218384,6.655645234479048,0,0,1
2019-04-03 21:00:00,1364.4865,26.400659179687523,0.015878368,0.02494812,23.43735117140247,26.369409179687523,0.014840771,0.029090881,10.007955072535385,23.900659179687523,0.015226056,0.0748291,6.3618308893996725,0,0,1
2019-04-03 22:00:00,1299.8664,26.253259277343773,0.01584783,0.024902344,22.762139336684,26.003259277343773,0.0149857085,0.028144836,9.492402341318696,23.503259277343773,0.015470175,0.06964111,6.309640973452229,0,0,1
2019-04-03 23:00:00,1237.5524,26.005334472656276,0.015886009,0.02519226,22.64104206719894,25.661584472656276,0.015111625,0.03173828,9.375627444823673,23.177209472656276,0.015611351,0.06832886,6.351404446257647,0,0,1
2019-04-04 00:00:00,1173.983,25.818811035156276,0.015786892,0.029518127,22.650719799200093,25.256311035156276,0.015226131,0.035888672,8.449415780361322,22.912561035156276,0.015657192,0.070739746,6.265652567738606,0,0,1
2019-04-04 01:00:00,1121.1767,25.636865234375023,0.01553902,0.029823303,22.370393437833776,24.949365234375023,0.015371174,0.040878296,8.315422280989802,22.683740234375023,0.015634388,0.0725708,6.102937419487374,0,0,1
2019-04-04 02:00:00,1077.13,25.445581054687523,0.015409405,0.030883789,22.05271726720287,24.726831054687523,0.015558179,0.04032898,8.687280103795816,22.539331054687523,0.0155963255,0.08227539,5.949265442713188,0,0,1
2019-04-04 03:00:00,1050.0153,25.317407226562523,0.015439983,0.035827637,22.318508866245864,24.583032226562523,0.01579475,0.03779602,9.082960612731492,22.458032226562523,0.01554298,0.095458984,5.82284882735131,0,0,1
2019-04-04 04:00:00,1033.4867,25.208703613281276,0.01564216,0.036331177,22.129128860310136,24.427453613281276,0.016016,0.04396057,8.88061488522873,22.396203613281276,0.015516276,0.104034424,5.411145914389254,0,0,1
2019-04-04 05:00:00,1061.671,25.168267822265648,0.015787082,0.030731201,21.662657077789923,24.246392822265648,0.01605411,0.05105591,8.881677076901877,22.324517822265648,0.015504794,0.10922241,4.989026769551332,0,0,1
2019-04-04 06:00:00,1053.3808,25.244226074218773,0.01588621,0.026000977,21.68732728565053,24.259851074218773,0.01589384,0.040039062,9.720206283923524,22.275476074218773,0.015485667,0.1031189,4.964430045982874,0,0,1
2019-04-04 07:00:00,1159.2886,26.079034423828148,0.015649641,0.02973175,24.488729383561104,25.625909423828148,0.015493238,0.02898407,13.253324340673988,23.047784423828148,0.015439833,0.088012695,5.502722465181085,0,0,1
2019-04-04 08:00:00,1345.1795,27.186059570312523,0.015310052,0.018081665,25.96643861695789,27.873559570312523,0.014562371,0.021209717,15.998930723700187,24.936059570312523,0.014898065,0.054382324,5.945560619976507,0,0,1
2019-04-04 09:00:00,1455.6771,28.242578125000023,0.015157378,0.018875122,24.69752360296758,30.258203125000023,0.013475097,0.015647888,15.998484196386585,27.180078125000023,0.01381842,0.031814575,5.695363498035561,0,0,1
2019-04-04 10:00:00,1537.7635,29.242242431640648,0.014970392,0.012561798,23.85801659934638,32.33599243164065,0.012761682,0.019699097,15.06582034161824,29.023492431640648,0.012944788,0.020019531,4.960217819276362,0,0,1
2019-04-04 11:00:00,1574.6972,30.177545166015648,0.01483684,0.008956909,23.65313858594289,34.00567016601565,0.012471728,0.026046753,14.113405518585203,30.349420166015648,0.012937121,0.015472412,3.89503247738423,0,0,1
2019-04-04 12:00:00,1589.8818,30.827416992187523,0.014741457,0.003993988,23.62197385752895,35.10866699218752,0.012368715,0.02696228,13.49357879515927,31.343041992187523,0.012586153,0.01939392,3.0954547832047417,0,0,1
2019-04-04 13:00:00,1614.3616,31.0344177246094,0.014730009,0.018196106,23.644156574864724,35.5656677246094,0.012380156,0.027694702,13.289006696311406,31.8312927246094,0.012605223,0.027961731,2.4716056435842395,0,0,1
2019-04-04 14:00:00,1622.6614,30.893395996093773,0.014844451,0.032485962,23.651701567974914,35.47152099609377,0.012441192,0.03224182,13.523352757127247,31.690270996093773,0.01290277,0.052124023,2.152336968551448,0,0,1
2019-04-04 15:00:00,1595.0269,30.433435058593773,0.014981799,0.0471344,23.70778811971494,34.73031005859377,0.012719683,0.040023804,14.050094479280522,31.074060058593773,0.0132346675,0.075286865,2.0791826341840247,0,0,1
2019-04-04 16:00:00,1509.7376,29.668237304687523,0.015065748,0.05482483,23.76734634576052,33.27761230468752,0.013181288,0.050079346,14.840950167690844,30.043237304687523,0.013547499,0.08114624,2.226290870561221,0,0,1
2019-04-04 17:00:00,1420.3185,28.667443847656276,0.015168771,0.04978943,23.594683394202523,31.292443847656276,0.013723001,0.0493927,15.3994046678284,28.745568847656276,0.013719186,0.071624756,2.703858765254322,0,0,1
2019-04-04 18:00:00,1364.8237,27.640100097656276,0.0153328115,0.033599854,22.62645652845756,28.952600097656276,0.014272326,0.039733887,14.756432964736886,27.124475097656276,0.013986223,0.05796814,3.307222032349589,0,0,1
2019-04-04 19:00:00,1413.66,26.957391357421898,0.015595997,0.018844604,21.425759016055007,27.426141357421898,0.014897907,0.033569336,13.553136545589316,25.551141357421898,0.014722431,0.082214355,3.98218678422706,0,0,1
2019-04-04 20:00:00,1379.2899,26.591149902343773,0.015870644,0.012702942,20.026029478892045,26.528649902343773,0.015389992,0.03152466,12.38683310983751,24.606774902343773,0.01509626,0.09213257,4.592571023174849,0,0,1
2019-04-04 21:00:00,1331.3595,26.347619628906276,0.016130036,0.008560181,19.004837279673183,25.878869628906276,0.015740937,0.029075623,11.429173054254694,24.097619628906276,0.015294616,0.08862305,4.8217629954296015,0,0,1
2019-04-04 22:00:00,1276.3601,26.143609619140648,0.016336048,0.008457184,18.82608816945677,25.362359619140648,0.015962208,0.036132812,10.346688047498391,23.752984619140648,0.015351856,0.08703613,4.791964206026926,0,0,1
2019-04-04 23:00:00,1210.7397999999998,25.934381103515648,0.016496342,0.011608124,19.061574156243363,25.028131103515648,0.016069096,0.039764404,9.721479328752157,23.496881103515648,0.015321414,0.089660645,4.59212964187937,0,0,1
2019-04-05 00:00:00,1148.0125,25.723687744140648,0.016618535,0.016441345,19.450525664063644,24.770562744140648,0.016084477,0.03778076,9.3222970394466,23.270562744140648,0.015260503,0.09887695,4.353286626242962,0,0,1
2019-04-05 01:00:00,1099.8831,25.537500000000023,0.016687302,0.023200989,20.030953334569457,24.428125000000023,0.01609221,0.04902649,8.659952438082925,23.006250000000023,0.01514998,0.10317993,4.365937404063271,0,0,1
2019-04-05 02:00:00,1066.9893,25.414453125000023,0.016710144,0.03161621,20.31719077448447,24.164453125000023,0.016084533,0.04333496,8.760480400394895,22.742578125000023,0.015058381,0.10861206,4.399291640395743,0,0,1
2019-04-05 03:00:00,1032.2152,25.323175048828148,0.016687177,0.03942871,20.38309168491724,24.041925048828148,0.016038679,0.04135132,8.851489585044176,22.510675048828148,0.014962935,0.11102295,4.389202022541665,0,0,1
2019-04-05 04:00:00,1021.4488,25.264215087890648,0.01664132,0.044891357,19.373430127932306,24.014215087890648,0.015931787,0.050994873,8.61349039127467,22.279840087890648,0.014875116,0.11053467,4.143518108248715,0,0,1
2019-04-05 05:00:00,1035.5211000000002,25.193414306640648,0.016664233,0.039794922,17.464930069961138,23.896539306640648,0.015863147,0.043029785,7.677684729393039,22.068414306640648,0.014806475,0.101989746,3.909910645598091,0,0,1
2019-04-05 06:00:00,1037.0588,25.258813476562523,0.01674057,0.030387878,16.377827249144865,23.977563476562523,0.015840301,0.033798218,7.557510369306663,22.008813476562523,0.014749299,0.09661865,3.983186640625367,0,0,1
2019-04-05 07:00:00,1154.1203999999998,26.038659667968773,0.016580265,0.029754639,18.566941940120685,25.741784667968773,0.015695255,0.025421143,10.92451378899212,22.944909667968773,0.014604252,0.08459473,4.428574776538339,0,0,1
2019-04-05 08:00:00,1333.0363,27.108483886718773,0.016221605,0.03567505,18.77396681135834,28.374108886718773,0.01507338,0.0205307,12.484431864163756,24.795983886718773,0.014062486,0.06338501,4.207251786851059,0,0,1
2019-04-05 09:00:00,1445.5984,28.181176757812523,0.016015535,0.03794861,16.81079092875736,30.978051757812523,0.014291293,0.016960144,10.779535168479498,26.978051757812523,0.013345248,0.056259155,3.327486248776104,0,0,1
2019-04-05 10:00:00,1528.8117,29.188134765625023,0.015862873,0.050827026,15.03587561607212,33.32875976562502,0.013844899,0.014698029,8.133722678490809,28.985009765625023,0.012689046,0.06719971,2.009996239245868,0,0,1
2019-04-05 11:00:00,1568.6741,29.978601074218773,0.01564159,0.07543945,13.820441920147273,35.19735107421877,0.013509175,0.031784058,5.91893683101397,30.541101074218773,0.012532612,0.07254028,0.9745880962487574,0,0,1
2019-04-05 12:00:00,1579.9027999999998,30.456109619140648,0.0154469665,0.10256958,13.25227189649764,36.50298461914065,0.012841528,0.051864624,4.530852506895309,31.252984619140648,0.012902563,0.0690918,1.8058794558904403,0,0,1
2019-04-05 13:00:00,1568.8033,30.747094726562523,0.015290501,0.11856079,13.577441153036167,37.02834472656252,0.012830021,0.07220459,4.318209071862763,31.200219726562523,0.013116123,0.09075928,3.0253363887291727,0,0,1
2019-04-05 14:00:00,1530.4929,30.935876464843773,0.015137851,0.12677002,14.936948599753554,36.74837646484377,0.012940586,0.09341431,4.807729660475952,30.529626464843773,0.013360202,0.09362793,4.090187197367533,0,0,1
2019-04-05 15:00:00,1469.9539,30.825891113281276,0.015053906,0.10131836,16.884779392887676,35.56026611328127,0.013161816,0.123809814,5.252830243847474,29.466516113281276,0.013646282,0.110839844,4.988938203118099,0,0,1
2019-04-05 16:00:00,1407.0242999999998,30.332849121093773,0.015042459,0.07217407,18.7370893294697,34.22347412109377,0.01345173,0.14929199,5.554305607669264,28.239099121093773,0.013981973,0.1237793,5.489097651133712,0,0,1
2019-04-05 17:00:00,1296.563,29.303796386718773,0.015256052,0.05155945,20.1359845662109,32.74129638671877,0.013707285,0.18170166,5.294099949751053,27.038171386718773,0.01439393,0.123687744,5.237885137340748,0,0,1
2019-04-05 18:00:00,1349.1399,27.993859863281276,0.015626043,0.043762207,20.60555528714056,31.150109863281276,0.014065833,0.18444824,4.121625400762891,25.915734863281276,0.014817328,0.11450195,4.522599121829445,0,0,1
2019-04-05 19:00:00,1394.057,27.049951171875023,0.016022755,0.032226562,20.336669994971523,29.924951171875023,0.01444347,0.18927002,2.844012154034104,25.096826171875023,0.0151072275,0.11123657,3.742245545385063,0,0,1
2019-04-05 20:00:00,1343.4547,26.590722656250023,0.016289795,0.025512695,18.9772115391143,29.012597656250023,0.014771545,0.17352295,2.485115154062076,24.481347656250023,0.015359009,0.1105957,3.0926771488504072,0,0,1
2019-04-05 21:00:00,1281.4317,26.4013610839844,0.016457696,0.018218994,17.43993525081829,28.2763610839844,0.014973777,0.14007568,3.2582651474266267,24.0576110839844,0.015496391,0.11947632,2.557146884111307,0,0,1
2019-04-05 22:00:00,1219.6607,26.287408447265648,0.016541703,0.01335144,15.566857211943304,27.662408447265648,0.0151188215,0.10635376,3.4723647217734555,23.740533447265648,0.015561326,0.12301636,2.149107306366803,0,0,1
2019-04-05 23:00:00,1176.6818,26.184472656250023,0.016633293,0.009967804,13.741184035678751,27.153222656250023,0.015225669,0.0821228,3.280709807480175,23.481347656250023,0.015561363,0.12490845,1.965830965880224,0,0,1
2019-04-06 00:00:00,1120.9486000000002,26.0690856933594,0.016717244,0.007539749,12.425176208597495,26.6628356933594,0.015321064,0.07009888,2.7049273353166554,23.2878356933594,0.015542316,0.1239624,2.094920845038598,0,0,1
2019-04-06 01:00:00,1085.4864,25.960168457031276,0.01677067,0.005701065,11.049604341491854,26.147668457031276,0.015405008,0.06448364,2.416254113159784,23.132043457031276,0.01550419,0.11798096,2.1930668574160013,0,0,1
2019-04-06 02:00:00,1042.3928,25.827691650390648,0.016824083,0.0042915344,9.625269878616706,25.733941650390648,0.01549657,0.06097412,2.4332549293724464,23.015191650390648,0.015466052,0.11361694,2.0147140573603526,0,0,1
2019-04-06 03:00:00,1020.7908,25.723077392578148,0.016877435,0.003107071,8.22430332561065,25.394952392578148,0.015588068,0.06744385,2.374762482059845,22.894952392578148,0.015439295,0.10321045,1.820866586074564,0,0,1
2019-04-06 04:00:00,1009.7722,25.641656494140648,0.016900245,0.0025072098,7.407529912521936,25.172906494140648,0.0156948,0.076416016,2.600100313598994,22.797906494140648,0.015397255,0.09310913,1.6418401610327005,0,0,1
2019-04-06 05:00:00,1002.2187,25.566735839843773,0.016862035,0.0020627975,6.8318078765209975,25.082360839843773,0.015816808,0.07217407,3.382188503868295,22.644860839843773,0.015362859,0.08782959,1.5675345944506782,0,0,1
2019-04-06 06:00:00,975.6755,25.7299743652344,0.016839115,0.001367569,7.288645266645787,25.1830993652344,0.015915958,0.07022095,4.535033610260393,22.5424743652344,0.01540479,0.08782959,1.7550094105394858,0,0,1
2019-04-06 07:00:00,1055.2935,26.680596923828148,0.016648311,0.003780365,10.744283197563409,26.696221923828148,0.015702266,0.06781006,6.333276223711554,23.539971923828148,0.015576382,0.08139038,2.1469652315193146,0,0,1
2019-04-06 08:00:00,1175.5513,27.777978515625023,0.016465126,0.019798279,11.996101738030552,28.965478515625023,0.015061316,0.05986023,6.6844758228119,25.731103515625023,0.0150307985,0.074401855,2.3911380710917585,0,0,1
2019-04-06 09:00:00,1282.3659,28.848291015625023,0.016312437,0.03276062,11.938696542260123,31.457666015625023,0.0142410565,0.061050415,5.9727628661694885,28.035791015625023,0.014191465,0.07839966,2.1428750969270878,0,0,1
2019-04-06 10:00:00,1346.9449,29.828973388671898,0.016136901,0.05732727,11.964161035860066,33.7820983886719,0.013596314,0.06793213,4.573231226964764,29.938348388671898,0.013710755,0.07736206,1.7821127900061653,0,0,1
2019-04-06 11:00:00,1372.9045,30.567803955078148,0.015984293,0.0977478,12.137421263764477,35.45842895507815,0.013439889,0.108551025,2.8178939212924794,31.317803955078148,0.013939614,0.08883667,1.838345827329389,0,0,1
2019-04-06 12:00:00,1355.6055,31.120172119140648,0.015885074,0.13330078,12.653714589792276,36.46392211914065,0.013394075,0.14178467,1.2672777828129334,32.13579711914065,0.01396628,0.13012695,2.7676340545193305,0,0,1
2019-04-06 13:00:00,1305.5124,31.435723876953148,0.01574769,0.1383667,13.54064681656447,36.79509887695315,0.013352061,0.17285156,0.768918656247351,32.24822387695315,0.014008189,0.17626953,3.885247203959674,0,0,1
2019-04-06 14:00:00,1267.2059000000002,31.632989501953148,0.015560725,0.1328125,14.616949876559325,36.71111450195315,0.013332942,0.20111084,1.964555817698253,31.570489501953148,0.014237025,0.1998291,4.718977550552623,0,0,1
2019-04-06 15:00:00,1259.4729,31.463037109375023,0.015381422,0.104003906,15.812866216346556,35.66616210937502,0.013542738,0.21154785,3.019845903393569,30.463037109375023,0.014523115,0.2354126,5.020163551493142,0,0,1
2019-04-06 16:00:00,1257.6758,30.914727783203148,0.015316556,0.06411743,17.05456828111961,34.50847778320315,0.013844083,0.22357178,2.947426229238068,29.227227783203148,0.014801572,0.25170898,4.798150707681351,0,0,1
2019-04-06 17:00:00,1220.5382,29.948693847656276,0.015369928,0.03843689,18.04076393083197,33.15181884765627,0.014191187,0.234375,2.1212722349153594,27.901818847656276,0.015114344,0.26367188,4.198316113925182,0,0,1
2019-04-06 18:00:00,1248.6821,28.658349609375023,0.015610226,0.025886536,19.110006185916877,31.627099609375023,0.01455737,0.21960449,1.6018791577913678,26.533349609375023,0.0154996,0.26391602,3.447294065536452,0,0,1
2019-04-06 19:00:00,1298.6913,27.582574462890648,0.016014598,0.015369415,20.32531039856099,30.441949462890648,0.015160106,0.18829346,1.4377651766123785,25.395074462890648,0.01612904,0.25231934,2.7152287640799684,0,0,1
2019-04-06 20:00:00,1276.5625,26.836785888671898,0.01642665,0.0098724365,20.390469826995773,29.227410888671898,0.016014664,0.15252686,1.5729730915113114,24.555535888671898,0.016548721,0.2210083,2.0888279979394886,0,0,1
2019-04-06 21:00:00,1246.2397,26.461145019531276,0.016762387,0.0076446533,19.820602379507125,28.523645019531276,0.016289365,0.11679077,2.588784007056763,24.101770019531276,0.01672424,0.18585205,1.7546285250800169,0,0,1
2019-04-06 22:00:00,1181.2841,26.298059082031276,0.016899796,0.007581711,18.998516868126224,28.016809082031276,0.016426774,0.08291626,3.6173782515848494,23.844934082031276,0.016815873,0.18157959,1.5542968121087848,0,0,1
2019-04-06 23:00:00,1143.9117,26.192529296875023,0.016922837,0.008556366,18.294656517472124,27.551904296875023,0.01651848,0.06109619,4.595693290884745,23.614404296875023,0.016816026,0.18804932,1.599603459273917,0,0,1
2019-04-07 00:00:00,1106.5107,26.1037536621094,0.016999299,0.00951767,17.8974636902263,26.9943786621094,0.0166102,0.052719116,5.1709176256726135,23.4162536621094,0.016793305,0.18206787,1.832399705221306,0,0,1
2019-04-07 01:00:00,1069.5315,26.040551757812523,0.017029954,0.019943237,17.064895173361954,26.399926757812523,0.016663743,0.053390503,5.552665369421513,23.212426757812523,0.016732408,0.17327881,2.179707611975636,0,0,1
2019-04-07 02:00:00,1045.6237,25.979882812500023,0.017075844,0.025939941,15.736862719951572,25.854882812500023,0.016702004,0.050720215,5.93558857879599,23.042382812500023,0.01662571,0.16790771,2.4992717273435874,0,0,1
2019-04-07 03:00:00,1015.3491,25.929467773437523,0.017144594,0.026321411,14.729027189307494,25.398217773437523,0.016717348,0.042633057,6.434617858423898,22.898217773437523,0.016518984,0.16137695,2.7890631308675102,0,0,1
2019-04-07 04:00:00,994.0725,25.889703369140648,0.017121758,0.02205658,14.815439408706274,25.030328369140648,0.016740289,0.030143738,6.87308081733147,22.764703369140648,0.016435113,0.15667725,3.15837452609158,0,0,1
2019-04-07 05:00:00,988.3074,25.847436523437523,0.01703026,0.016464233,15.223936598148114,24.753686523437523,0.016755601,0.019210815,7.1119925051414725,22.644311523437523,0.016358873,0.14508057,3.595780665666505,0,0,1
2019-04-07 06:00:00,939.0324,25.9221130371094,0.016854784,0.012756348,16.223619408787656,24.7189880371094,0.016740343,0.015609741,7.8714423726687555,22.5939880371094,0.016313097,0.13470459,3.94510030466646,0,0,1
2019-04-07 07:00:00,968.5972,26.623132324218773,0.016503852,0.012779236,18.35993276247167,26.435632324218773,0.016374152,0.018196106,11.262746806938663,23.076257324218773,0.016511481,0.11608887,4.586454179761769,0,0,1
2019-04-07 08:00:00,1030.9077,27.749932861328148,0.016213946,0.008758545,18.74732339293837,29.015557861328148,0.015462452,0.020141602,12.906576174847029,24.234307861328148,0.016267352,0.087646484,5.093358708429955,0,0,1
2019-04-07 09:00:00,1072.6714,28.937951660156276,0.016107196,0.0035448074,17.955351806865295,31.625451660156276,0.014669054,0.01763153,11.87485807635174,26.766076660156276,0.015187853,0.060165405,4.691325928876321,0,0,1
2019-04-07 10:00:00,1148.5499,29.998956298828148,0.016107177,0.0031776428,16.73982923851287,33.95208129882815,0.014295195,0.011821747,9.844245941747957,29.030206298828148,0.014451598,0.05001831,3.487411177949996,0,0,1
2019-04-07 11:00:00,1193.9749,30.941186523437523,0.016091848,0.0032777786,15.45866325965446,35.76931152343752,0.014070058,0.007516861,8.112066817510678,30.566186523437523,0.0148101095,0.043502808,1.7382715981890573,0,0,1
2019-04-07 12:00:00,1216.7227,31.713250732421898,0.01603837,0.004098892,14.468452071547937,37.0413757324219,0.0137686245,0.037719727,6.781596656763573,31.650750732421898,0.014703225,0.051940918,1.1786311820290154,0,0,1
2019-04-07 13:00:00,1222.7729000000002,32.20552978515627,0.015969643,0.009944916,13.920840693112876,37.45552978515627,0.013783821,0.104156494,5.607584428972225,32.22115478515627,0.0143178785,0.079956055,1.5778125514066148,0,0,1
2019-04-07 14:00:00,1217.4604,32.3802429199219,0.015900943,0.02658844,13.893091694297992,36.7396179199219,0.013985965,0.15142822,4.675870131027889,32.1146179199219,0.014317844,0.116119385,2.3255139398134475,0,0,1
2019-04-07 15:00:00,1210.1162,32.18178710937502,0.015878065,0.039718628,14.38589282434412,35.77553710937502,0.0141767105,0.18884277,4.024524290986177,31.072412109375023,0.014554366,0.13995361,2.933429368209906,0,0,1
2019-04-07 16:00:00,1180.3612,31.598535156250023,0.015847577,0.04951477,15.50538178565261,34.56728515625002,0.014428509,0.20544434,3.989939911181938,29.754785156250023,0.014882458,0.14733887,2.988674922368684,0,0,1
2019-04-07 17:00:00,1150.2516,30.621270751953148,0.015923897,0.035705566,17.081583646662555,33.12127075195315,0.014722267,0.19519043,4.326396352898596,28.261895751953148,0.015225807,0.14141846,2.5004060272471857,0,0,1
2019-04-07 18:00:00,1196.6145,29.300988769531276,0.016091736,0.02143097,18.896429760095494,31.550988769531276,0.015042695,0.14935303,4.12524233713092,26.613488769531276,0.015870484,0.118011475,1.9095454450534948,0,0,1
2019-04-07 19:00:00,1249.8265,28.171899414062523,0.01627483,0.013458252,20.85409720801474,30.375024414062523,0.015237233,0.08383179,4.668809564049633,25.484399414062523,0.015916249,0.08721924,1.670767492517539,0,0,1
2019-04-07 20:00:00,1255.5582,27.4230895996094,0.016404605,0.011932373,21.48308891036993,29.5012145996094,0.0151571985,0.03439331,5.921355456910396,24.8605895996094,0.015939211,0.05419922,1.348648563102438,0,0,1
2019-04-07 21:00:00,1252.112,27.071557617187523,0.016473372,0.012371063,20.87901954190498,28.587182617187523,0.015351851,0.018936157,6.198814811021566,24.321557617187523,0.016137678,0.051635742,1.2481092324595704,0,0,1
2019-04-07 22:00:00,1204.9537,26.900292968750023,0.01650401,0.01442337,20.11168583750657,27.822167968750023,0.015485485,0.011852264,6.530330926942436,23.900292968750023,0.016183576,0.04812622,1.4410537065296507,0,0,1
2019-04-07 23:00:00,1150.6652,26.815118408203148,0.016549945,0.016242981,19.596646882330703,27.174493408203148,0.015401721,0.008728027,6.825579826122361,23.580743408203148,0.016069293,0.044677734,1.9089532164670544,0,0,1
2019-04-08 00:00:00,1069.0396999999998,26.730401611328148,0.016679795,0.02028656,18.945435977368238,26.558526611328148,0.0153675405,0.009391785,6.668090905007508,23.308526611328148,0.01586345,0.035232544,2.361378866933098,0,0,1
2019-04-08 01:00:00,1030.9882,26.620172119140648,0.016809635,0.027923584,18.14653519275658,26.042047119140648,0.015413455,0.010948181,6.287951828968649,23.057672119140648,0.01573389,0.032806396,2.6132367459600347,0,0,1
2019-04-08 02:00:00,1016.7421,26.517663574218773,0.01693181,0.03337097,17.472419279705942,25.611413574218773,0.015550889,0.013591766,5.707387644079171,22.861413574218773,0.015604295,0.033920288,2.8151136689756493,0,0,1
2019-04-08 03:00:00,995.5912,26.435662841796898,0.017015787,0.036499023,16.911957820482446,25.279412841796898,0.01571116,0.016792297,5.80863415537918,22.701287841796898,0.015497537,0.03488159,2.946474051681857,0,0,1
2019-04-08 04:00:00,981.5318,26.361535644531276,0.01706152,0.032302856,16.17218299638773,25.049035644531276,0.015840817,0.019508362,6.064185880660539,22.580285644531276,0.015402128,0.03364563,3.0034186482634166,0,0,1
2019-04-08 05:00:00,984.4418,26.295953369140648,0.017145393,0.024482727,15.208198785613453,24.827203369140648,0.015955208,0.016334534,5.743269768066287,22.499078369140648,0.015321968,0.031539917,3.0627288857388377,0,0,1
2019-04-08 06:00:00,1016.4152,26.3195739746094,0.01718353,0.026649475,14.81973261541788,24.8664489746094,0.016077267,0.011837006,6.517112542368174,22.4758239746094,0.015291438,0.02986145,3.279412283579132,0,0,1
2019-04-08 07:00:00,1138.509,26.841912841796898,0.017076744,0.037338257,16.516108414460206,26.545037841796898,0.016054405,0.009288788,10.285991208572089,23.466912841796898,0.015230429,0.023918152,3.9847271501089545,0,0,1
2019-04-08 08:00:00,1351.2936,27.845513916015648,0.016847914,0.042007446,17.323277771795645,28.876763916015648,0.015459364,0.008087158,12.22439281617378,25.517388916015648,0.01456291,0.012176514,4.308395389476432,0,0,1
2019-04-08 09:00:00,1436.8701,28.987115478515648,0.01664954,0.034866333,17.326644304199192,30.987115478515648,0.014608678,0.0076446533,12.070862472300616,27.799615478515648,0.013780889,0.0048160553,3.914554310126496,0,0,1
2019-04-08 10:00:00,1533.686,30.118981933593773,0.016374834,0.02633667,17.328674323109276,32.83773193359377,0.01403261,0.0077285767,11.004284201276825,30.009606933593773,0.013353594,0.003976822,2.6119672734049058,0,0,1
2019-04-08 11:00:00,1570.5387999999998,31.162469482421898,0.016107816,0.018325806,17.38234646496064,34.3812194824219,0.013624449,0.008277893,9.944693993741105,31.709344482421898,0.013815184,0.004327774,0.8189262633561186,0,0,1
2019-04-08 12:00:00,1579.2668,31.918847656250023,0.015909553,0.00851059,17.60987546600551,35.54384765625002,0.013086677,0.008277893,9.376445066851018,33.05947265625002,0.013220191,0.014621735,0.8996661103313893,0,0,1
2019-04-08 13:00:00,1617.0183,32.37746582031252,0.015734177,0.0063762665,17.917045405206913,36.26809082031252,0.01268242,0.008094788,8.910202620543247,33.59621582031252,0.01319359,0.045196533,2.535868741441278,0,0,1
2019-04-08 14:00:00,1630.6676,32.49624023437502,0.015547425,0.004629135,18.110566712501,36.48061523437502,0.0125109255,0.008598328,8.48051753750073,33.26186523437502,0.01378122,0.07745361,4.1366676668898,0,0,1
2019-04-08 15:00:00,1606.424,32.2280212402344,0.015444699,0.003821373,18.40152882568616,36.1655212402344,0.012503567,0.014450073,7.878275598753328,32.2123962402344,0.014273587,0.098236084,4.996447913148882,0,0,1
2019-04-08 16:00:00,1529.2873,31.490441894531276,0.015544129,0.004011154,18.801268652457857,35.30294189453127,0.012725067,0.01361084,6.960561957199273,30.896691894531276,0.014781189,0.11138916,5.395284692077827,0,0,1
2019-04-08 17:00:00,1410.7758,30.332116699218773,0.015788382,0.0048294067,19.532584704395244,33.97274169921877,0.013140983,0.01153183,5.686902156051863,29.441491699218773,0.015151328,0.12915039,5.801332804034054,0,0,1
2019-04-08 18:00:00,1390.7873,29.110314941406276,0.01604765,0.0052261353,20.14786866987366,31.891564941406276,0.013632947,0.009376526,2.272953776386744,27.844689941406276,0.015635662,0.12597656,5.553263266778935,0,0,1
2019-04-08 19:00:00,1440.1153,28.213952636718773,0.016284097,0.0068588257,20.376866991125585,30.151452636718773,0.014063944,0.006093979,0.6197319821596532,26.604577636718773,0.016192544,0.10891724,4.890940576676316,0,0,1
2019-04-08 20:00:00,1428.696,27.7202087402344,0.01648243,0.007780075,19.62652751444816,29.2358337402344,0.014391975,0.0022878647,0.9611845992054654,25.6889587402344,0.016802864,0.09674072,4.178017472657463,0,0,1
2019-04-08 21:00:00,1376.0117,27.538446044921898,0.01662723,0.006067276,18.60578892360457,28.585321044921898,0.014815248,0.0027751923,1.5315783090326198,25.022821044921898,0.017023958,0.0914917,3.645120389857539,0,0,1
2019-04-08 22:00:00,1318.6766,27.410852050781276,0.016764436,0.0046367645,17.926490753623423,27.863977050781276,0.015600953,0.0049057007,2.2712802208090253,24.473352050781276,0.0173519,0.09954834,3.332119060759062,0,0,1
2019-04-08 23:00:00,1250.2684,27.239648437500023,0.016916942,0.005712509,16.910378441887442,27.114648437500023,0.016474437,0.013343811,2.8449409254809352,24.099023437500023,0.017512035,0.10974121,3.229756489364302,0,0,1
2019-04-09 00:00:00,1171.4468000000002,27.091088867187523,0.017077055,0.013713837,15.670382521390447,26.481713867187523,0.016985502,0.024093628,2.894570287526168,23.872338867187523,0.01752719,0.11016846,3.132232845267032,0,0,1
2019-04-09 01:00:00,1117.8862,26.895593261718773,0.017275343,0.015792847,14.83302474368849,25.989343261718773,0.017168531,0.031181335,2.842056804921484,23.676843261718773,0.017496595,0.119018555,2.873020449269829,0,0,1
2019-04-09 02:00:00,1084.0622,26.694940185546898,0.01746609,0.01838684,14.65928279772086,25.569940185546898,0.017260097,0.03250122,3.2705015650017777,23.507440185546898,0.017412685,0.13439941,2.466447958293001,0,0,1
2019-04-09 03:00:00,1070.427,26.502130126953148,0.017618759,0.019821167,14.910569281350236,25.174005126953148,0.017305953,0.025154114,3.729777826846296,23.361505126953148,0.017260177,0.13977051,2.0458139759191605,0,0,1
2019-04-09 04:00:00,1052.3699,26.346398925781276,0.017733272,0.020339966,14.406523371355563,24.768273925781276,0.01726025,0.020484924,3.8194577848875793,23.205773925781276,0.017077144,0.13995361,1.7688655909857562,0,0,1
2019-04-09 05:00:00,1075.6763,26.248742675781276,0.017801933,0.01991272,13.095244434081026,24.483117675781276,0.01721447,0.017875671,3.838471687883296,23.076867675781276,0.016909294,0.14593506,1.7291449649628612,0,0,1
2019-04-09 06:00:00,1063.5901,26.348168945312523,0.017809618,0.017303467,12.99421084689052,24.551293945312523,0.01728319,0.016822815,4.565918560890842,23.020043945312523,0.016833056,0.15710449,1.818028466162329,0,0,1
2019-04-09 07:00:00,1200.4572999999998,27.1047302246094,0.017496856,0.028450012,14.398657974649836,25.8391052246094,0.017527374,0.015007019,6.744523611586916,23.4797302246094,0.017016204,0.15753174,1.9219028117330743,0,0,1
2019-04-09 08:00:00,1372.4285,28.209527587890648,0.017138239,0.033447266,13.749585553945742,28.553277587890648,0.016474482,0.013671875,7.546681929304418,24.381402587890648,0.016932245,0.16351318,1.872412353216378,0,0,1
2019-04-09 09:00:00,1467.4497,29.396997070312523,0.016932188,0.02433014,12.01971159374779,31.412622070312523,0.01531094,0.012680054,5.548149707735306,26.225122070312523,0.015970884,0.15698242,1.4750306166687934,0,0,1
2019-04-09 10:00:00,1525.5234,30.466333007812523,0.016703282,0.024681091,10.49079583159332,33.82570800781252,0.0146319,0.009807587,3.1348624537834566,27.935083007812523,0.0151926605,0.16357422,1.5339559996845913,0,0,1
2019-04-09 11:00:00,1581.6052,31.435998535156276,0.016398113,0.03677368,9.220283381809322,35.71724853515627,0.014246624,0.008422852,2.6099210996869595,29.139123535156276,0.01517741,0.16864014,2.2964060246221614,0,0,1
2019-04-09 12:00:00,1587.6863,32.25356445312502,0.016092965,0.055114746,8.399802627969468,36.97231445312502,0.01384611,0.03236389,4.458167028920234,29.816064453125023,0.015211771,0.17651367,3.590151512062183,0,0,1
2019-04-09 13:00:00,1626.4899,32.8459411621094,0.015879368,0.068878174,8.350184437433713,37.3303161621094,0.013556218,0.09249878,7.059324882906949,29.8459411621094,0.015398717,0.19189453,4.99598608645112,0,0,1
2019-04-09 14:00:00,1625.7616,33.10396728515627,0.015757231,0.09024048,9.013752957889642,37.01021728515627,0.013636259,0.14117432,9.620096212845752,29.463342285156276,0.015864043,0.20758057,5.855457342644409,0,0,1
2019-04-09 15:00:00,1588.626,33.0130554199219,0.015734278,0.08560181,10.1725880568943,35.3568054199219,0.014006219,0.1696167,11.351930260893669,28.528680419921898,0.016497217,0.20812988,6.28143616357753,0,0,1
2019-04-09 16:00:00,1525.4054,32.64272460937502,0.01574945,0.07684326,11.337138964909444,33.68959960937502,0.014601228,0.18457031,11.562185126888744,27.361474609375023,0.017176148,0.21331787,6.151055389656007,0,0,1
2019-04-09 17:00:00,1391.0816000000002,31.787011718750023,0.015848568,0.057647705,11.921857081408554,31.880761718750023,0.015352657,0.1842041,10.73210162880942,26.162011718750023,0.017786434,0.22149658,5.635492594190397,0,0,1
2019-04-09 18:00:00,1393.7269,30.663751220703148,0.016054515,0.037765503,11.93118960413726,30.007501220703148,0.01637495,0.1550293,9.226892267934652,25.116876220703148,0.018289927,0.24090576,4.9205239670569725,0,0,1
2019-04-09 19:00:00,1412.9238,29.747399902343773,0.016321516,0.027870178,11.825224731116371,28.794274902343773,0.017336225,0.10861206,8.284228850478161,24.528649902343773,0.018633222,0.27856445,4.410238413691554,0,0,1
2019-04-09 20:00:00,1397.5788,29.044763183593773,0.016565626,0.02508545,11.364375135342764,28.263513183593773,0.017671889,0.06939697,7.536858010352384,24.357263183593773,0.01877815,0.29003906,4.267141165773368,0,0,1
2019-04-09 21:00:00,1350.5093,28.5395446777344,0.016756333,0.019012451,10.539748178039842,27.7739196777344,0.017999925,0.057662964,6.780009052979493,24.3364196777344,0.018984117,0.2878418,4.2155437034646335,0,0,1
2019-04-09 22:00:00,1308.7955,28.163232421875023,0.016832607,0.012550354,9.520849954825708,27.319482421875023,0.018411892,0.06738281,6.6628982568055175,24.319482421875023,0.018831508,0.29248047,4.263704938423966,0,0,1
2019-04-09 23:00:00,1232.4521,27.830194091796898,0.016847845,0.0070991516,8.468576924149609,26.923944091796898,0.018770453,0.08947754,6.666913335369351,24.283319091796898,0.018900152,0.27600098,4.1603320481672,0,0,1
2019-04-10 00:00:00,1155.5925,27.522790527343773,0.016817292,0.007854462,7.226161728751864,26.632165527343773,0.019022187,0.11630249,6.450186562612347,24.194665527343773,0.018831452,0.25634766,4.307193403618453,0,0,1
2019-04-10 01:00:00,1105.8153,27.253350830078148,0.016809618,0.0178833,5.887089368750634,26.409600830078148,0.019243395,0.13830566,6.059779364091344,24.065850830078148,0.018724596,0.2376709,4.390251881231641,0,0,1
2019-04-10 02:00:00,1072.3551,27.026239013671898,0.016847722,0.029930115,4.38326011615905,26.260614013671898,0.019464605,0.15588379,5.535921747635824,23.885614013671898,0.018564336,0.22076416,4.39292431557367,0,0,1
2019-04-10 03:00:00,1049.0132,26.784082031250023,0.017007902,0.040664673,3.16914423459587,26.174707031250023,0.019624785,0.1531372,4.685731050497894,23.705957031250023,0.018381193,0.21362305,4.32827464371763,0,0,1
2019-04-10 04:00:00,1028.0946,26.6352478027344,0.017007865,0.038711548,2.3343654862175534,26.0258728027344,0.019640006,0.15899658,3.997313164501277,23.5727478027344,0.018259086,0.23272705,4.15536650710989,0,0,1
2019-04-10 05:00:00,1056.2064,26.563165283203148,0.016778948,0.024559021,1.7346301473634782,25.906915283203148,0.019540789,0.15228271,3.817925654215512,23.485040283203148,0.018152239,0.22296143,3.8910365904982434,0,0,1
2019-04-10 06:00:00,1040.7359,26.567529296875023,0.016771302,0.016403198,1.064575444744069,26.005029296875023,0.019578919,0.14837646,4.213652193421867,23.426904296875023,0.018091187,0.21295166,3.5755771824600404,0,0,1
2019-04-10 07:00:00,1159.6771,26.976434326171898,0.016954407,0.024208069,1.47208086262825,26.835809326171898,0.01970099,0.15771484,5.842873031989001,23.945184326171898,0.01843451,0.21264648,3.569400921732312,0,0,1
2019-04-10 08:00:00,1353.4627,27.692224121093773,0.017213821,0.041244507,2.0461740694306982,27.676599121093773,0.019060135,0.18371582,8.082636724389946,24.614099121093773,0.01873207,0.21697998,3.629854508629058,0,0,1
2019-04-10 09:00:00,1459.6896000000002,28.702020263671898,0.017168028,0.054779053,1.3705340372734762,29.327020263671898,0.018228514,0.21795654,9.856528536211735,25.780145263671898,0.018236144,0.22912598,3.834268179527116,0,0,1
2019-04-10 10:00:00,1525.8294,29.711022949218773,0.016984906,0.07836914,0.2599996430481698,30.367272949218773,0.017679181,0.24487305,11.201372689187265,27.336022949218773,0.01744267,0.24554443,4.358778862339356,0,0,1
2019-04-10 11:00:00,1582.0195,30.640496826171898,0.016954388,0.085235596,1.1463986979871812,30.859246826171898,0.017770734,0.2614746,12.543469180397816,28.046746826171898,0.017076459,0.26281738,4.999076899194008,0,0,1
2019-04-10 12:00:00,1572.1386,31.396783447265648,0.016832337,0.08779907,1.8139137739383155,30.709283447265648,0.018098816,0.28112793,13.912017106469612,28.303033447265648,0.016931519,0.28015137,5.603112752106402,0,0,1
2019-04-10 13:00:00,1618.3327,31.811547851562523,0.016702669,0.08337402,2.194318521631697,30.030297851562523,0.018487947,0.31445312,14.741345551772328,27.842797851562523,0.01718332,0.29919434,6.067647935645844,0,0,1
2019-04-10 14:00:00,1615.4915999999998,31.925256347656276,0.016717963,0.07147217,2.9170074865031297,29.144006347656276,0.01877027,0.34545898,14.855750895049423,27.019006347656276,0.017656378,0.31079102,6.161725324799174,0,0,1
2019-04-10 15:00:00,1569.4413000000002,31.832330322265648,0.016740868,0.06488037,3.7804376457812574,28.207330322265648,0.019044945,0.3355713,14.343765940937834,26.316705322265648,0.018037865,0.31689453,6.126911889455197,0,0,1
2019-04-10 16:00:00,1441.8061,31.481958007812523,0.016725615,0.06253052,4.390951237080464,27.341333007812523,0.019380644,0.30163574,12.805325163347572,25.575708007812523,0.01841934,0.3166504,5.976475901256795,0,0,1
2019-04-10 17:00:00,1332.2301,30.816522216796898,0.016756129,0.06314087,4.395740985834434,26.816522216796898,0.019746851,0.28051758,10.766614046548884,24.925897216796898,0.018808436,0.29870605,5.590134776474788,0,0,1
2019-04-10 18:00:00,1334.6917,29.837030029296898,0.017236775,0.052368164,3.490777745742648,26.493280029296898,0.019960469,0.26550293,9.02458917417149,24.555780029296898,0.019029683,0.26794434,5.168412369352675,0,0,1
2019-04-10 19:00:00,1388.2843,29.087731933593773,0.017587705,0.042999268,2.577482602627757,26.384606933593773,0.02004437,0.23596191,8.412261079793552,24.368981933593773,0.019067807,0.24932861,4.993328709789083,0,0,1
2019-04-10 20:00:00,1356.9807,28.457086181640648,0.017885208,0.037124634,2.543632661142331,26.378961181640648,0.020051956,0.13415527,7.878052430535519,24.269586181640648,0.01899147,0.23852539,4.740449117316028,0,0,1
2019-04-10 21:00:00,1313.7039,27.893090820312523,0.01814458,0.03742981,3.758160371599662,26.330590820312523,0.020074816,0.120666504,6.708525076390601,24.143090820312523,0.01889226,0.20324707,4.429879669380747,0,0,1
2019-04-10 22:00:00,1252.2464,27.470361328125023,0.018373461,0.034729004,6.5474997546009135,26.251611328125023,0.020120593,0.1144104,5.332277499035585,24.048486328125023,0.018793078,0.20703125,4.017177329835071,0,0,1
2019-04-10 23:00:00,1196.126,27.143945312500023,0.018350573,0.01978302,6.354765457039076,26.175195312500023,0.020143481,0.14453125,4.569680657946767,24.034570312500023,0.018671008,0.22668457,3.5656596136126506,0,0,1
2019-04-11 00:00:00,1124.0505,26.8586364746094,0.018373506,0.017684937,5.953538371474984,26.1867614746094,0.020151155,0.17150879,4.402033167040333,24.0617614746094,0.01858713,0.21325684,2.5926643912450147,0,0,1
2019-04-11 01:00:00,1083.2933,26.6372009277344,0.018449804,0.028694153,5.578958483062704,26.0903259277344,0.0201359,0.13110352,3.774631295292996,23.9965759277344,0.018480321,0.16766357,1.8907495088799824,0,0,1
2019-04-11 02:00:00,1045.2606999999998,26.5114685058594,0.018365882,0.049972534,2.863035456787944,25.9802185058594,0.020090126,0.11935425,3.0187406456843857,23.8083435058594,0.018358253,0.11791992,2.007777023298869,0,0,1
2019-04-11 03:00:00,1016.0821,26.391564941406276,0.018281972,0.06149292,0.8871284654142999,25.969689941406276,0.019907033,0.11682129,2.6467360981386694,23.547814941406276,0.018213307,0.09295654,1.9631428133530715,0,0,1
2019-04-11 04:00:00,1002.8687,26.263543701171898,0.01829728,0.06781006,3.0450153203870096,26.044793701171898,0.019632423,0.13745117,2.215772161721349,23.357293701171898,0.018053139,0.074798584,1.6623592826260298,0,0,1
2019-04-11 05:00:00,1024.4025,26.1406188964844,0.018251548,0.07147217,4.167396799330351,26.1093688964844,0.019418845,0.15148926,1.3666961807266274,23.2343688964844,0.017900595,0.07598877,1.3876087146130192,0,0,1
2019-04-11 06:00:00,1029.2579999999998,26.113000488281276,0.01818291,0.08343506,5.879076896142526,26.034875488281276,0.019418871,0.1529541,0.8278784863621623,23.191125488281276,0.01779381,0.09246826,1.2877333096337396,0,0,1
2019-04-11 07:00:00,1147.3801,26.338647460937523,0.018015064,0.10803223,8.264387575919034,26.494897460937523,0.019228138,0.15808105,1.306013284799677,23.869897460937523,0.018022694,0.11553955,1.721430726380687,0,0,1
2019-04-11 08:00:00,1336.1392999999998,26.892205810546898,0.017770922,0.12658691,9.888785721125222,27.189080810546898,0.018839037,0.18164062,1.630960399308315,25.064080810546898,0.017877733,0.1404419,1.8291359908269635,0,0,1
2019-04-11 09:00:00,1438.0765,27.522546386718773,0.01758781,0.14300537,10.3076782051279,28.272546386718773,0.01835075,0.21777344,1.5819752187343246,27.069421386718773,0.017000347,0.1762085,1.8888964142213156,0,0,1
2019-04-11 10:00:00,1516.5218,28.241479492187523,0.017511498,0.14501953,9.143373535082704,29.600854492187523,0.017717492,0.24273682,1.2278906183594125,28.663354492187523,0.016412865,0.19897461,2.451519812947144,0,0,1
2019-04-11 11:00:00,1548.7242,28.883142089843773,0.01776326,0.13671875,7.067934550799978,30.742517089843773,0.017160539,0.2541504,1.2738621262379068,29.789392089843773,0.016107682,0.21942139,3.231318998799116,0,0,1
2019-04-11 12:00:00,1559.0797,29.415856933593773,0.017778525,0.121032715,5.158036533541388,31.603356933593773,0.01670278,0.2397461,1.7639483669178615,30.384606933593773,0.016039023,0.23522949,4.045149950848227,0,0,1
2019-04-11 13:00:00,1596.9021,29.814050292968773,0.017458076,0.10296631,3.5152772655174367,32.01717529296877,0.016420478,0.22253418,2.443354632695488,30.345300292968773,0.01614582,0.24694824,4.783620843432124,0,0,1
2019-04-11 14:00:00,1610.5077,30.036218261718773,0.017091872,0.08728027,1.965909161670421,32.12996826171877,0.016252639,0.17333984,3.167842956378497,29.864343261718773,0.01635182,0.25708008,5.281600907986623,0,0,1
2019-04-11 15:00:00,1602.3428,30.091851806640648,0.01686303,0.070892334,1.409065929111717,31.982476806640648,0.016122978,0.13580322,4.000719270410453,29.107476806640648,0.016573112,0.2590332,5.45680438499213,0,0,1
2019-04-11 16:00:00,1520.993,30.0026794433594,0.016763885,0.06274414,3.1471125584083817,31.5808044433594,0.016115386,0.10165405,4.558299303131188,28.2058044433594,0.016748626,0.23925781,5.328607019899476,0,0,1
2019-04-11 17:00:00,1402.5793,29.798852539062523,0.016756259,0.03919983,5.468836348369645,30.720727539062523,0.01673337,0.06869507,4.697540053379065,27.205102539062523,0.01698514,0.2140503,4.949002859078162,0,0,1
2019-04-11 18:00:00,1394.1663999999998,29.335748291015648,0.016977454,0.024932861,6.949668168303875,29.491998291015648,0.018358374,0.043395996,4.320124717342634,26.163873291015648,0.017358923,0.19091797,4.345756908023929,0,0,1
2019-04-11 19:00:00,1431.9124,28.902551269531276,0.017007895,0.013286591,9.771645378633105,28.590051269531276,0.01883895,0.0317688,3.743180926190653,25.340051269531276,0.017641135,0.1786499,3.604557942814104,0,0,1
2019-04-11 20:00:00,1394.2326,28.361352539062523,0.017259581,0.007226944,11.907898815459372,28.001977539062523,0.01878546,0.030578613,2.79234989080415,24.751977539062523,0.017793639,0.15563965,2.771611593605003,0,0,1
2019-04-11 21:00:00,1359.9326999999998,27.824731445312523,0.017557114,0.004627228,13.08207239444672,27.340356445312523,0.018548936,0.02204132,2.1008040898260005,24.324731445312523,0.01786229,0.12307739,2.0478730635271485,0,0,1
2019-04-11 22:00:00,1298.5544,27.353479003906276,0.017778408,0.004179001,13.812409667673368,26.869104003906276,0.018457424,0.023628235,1.8551162725443424,24.040979003906276,0.017831814,0.13049316,1.5606060810340223,0,0,1
2019-04-11 23:00:00,1222.7323,26.949487304687523,0.017908078,0.0052108765,13.973835916095512,26.480737304687523,0.018312436,0.03239441,2.354094730279614,23.886987304687523,0.017740231,0.10702515,1.278591567038442,0,0,1
2019-04-12 00:00:00,1158.8105,26.634057617187523,0.017877549,0.0062789917,13.417259260718485,26.305932617187523,0.018266648,0.042907715,3.2492757533127725,23.665307617187523,0.017587632,0.06643677,1.0996482709438895,0,0,1
2019-04-12 01:00:00,1121.8397,26.421655273437523,0.01793096,0.019874573,12.547667024347843,25.921655273437523,0.018159842,0.03555298,2.844490970870152,23.406030273437523,0.01742742,0.05001831,0.9350542285309336,0,0,1
2019-04-12 02:00:00,1083.2005,26.284844970703148,0.017946253,0.036636353,12.512422013778105,25.534844970703148,0.017999658,0.026977539,2.4297674449267324,23.144219970703148,0.017290125,0.04966736,0.908453407502627,0,0,1
2019-04-12 03:00:00,1041.6403,26.154626464843773,0.017969174,0.037261963,12.523729051990696,25.185876464843773,0.017808957,0.016494751,2.7509118371728727,22.982751464843773,0.01712994,0.052230835,0.8102561712491977,0,0,1
2019-04-12 04:00:00,1027.4884000000002,26.042535400390648,0.018007329,0.033096313,11.532963204003236,24.823785400390648,0.017664006,0.011482239,3.194920328785617,22.870660400390648,0.01699262,0.04725647,0.8807422077891067,0,0,1
2019-04-12 05:00:00,1061.7231,25.955010986328148,0.018022496,0.02456665,10.024133194814056,24.548760986328148,0.017564733,0.009216309,3.621910486055701,22.751885986328148,0.016862828,0.041122437,1.0991199701168737,0,0,1
2019-04-12 06:00:00,1050.0918,26.175927734375023,0.018007072,0.017547607,10.473255166924174,24.660302734375023,0.017556937,0.00639534,4.718087125791172,22.691552734375023,0.016740592,0.038360596,1.3904530210984607,0,0,1
2019-04-12 07:00:00,1147.3168999999998,27.030694580078148,0.017839106,0.015018463,13.734392798090004,26.265069580078148,0.017320307,0.005580902,7.437230527467949,23.733819580078148,0.01665655,0.030929565,1.7936471889685757,0,0,1
2019-04-12 08:00:00,1352.6818,28.174829101562523,0.017571975,0.012588501,14.306477308154864,28.315454101562523,0.016748,0.0052948,7.847546751740441,25.706079101562523,0.015908767,0.014457703,1.9075023652108305,0,0,1
2019-04-12 09:00:00,1455.2003000000002,29.416406250000023,0.017426925,0.009319305,13.44474103139838,30.478906250000023,0.01597734,0.00472641,6.917933569398124,27.885156250000023,0.014867262,0.0060863495,1.3548626347623456,0,0,1
2019-04-12 10:00:00,1552.1662,30.513208007812523,0.017518416,0.0060577393,12.354946687120975,32.62258300781252,0.01540126,0.0035209656,5.485649266027956,29.841333007812523,0.014478103,0.0037117004,0.7201811188641308,0,0,1
2019-04-12 11:00:00,1589.8193,31.482568359375023,0.017419202,0.0071582794,11.914899701629986,34.45131835937502,0.014985426,0.0038347244,4.128076231651811,31.373193359375023,0.014489516,0.0028591156,1.34963846133918,0,0,1
2019-04-12 12:00:00,1591.7492,32.2116638183594,0.01731235,0.029304504,11.874825810811265,35.8054138183594,0.014512363,0.0076465607,2.743104705005385,32.3366638183594,0.014573398,0.0047187805,2.5295209701416863,0,0,1
2019-04-12 13:00:00,1647.2025999999998,32.64058837890627,0.017258901,0.06604004,12.255766253381283,36.43746337890627,0.014535208,0.011375427,1.331711052587352,32.74996337890627,0.014676352,0.025749207,4.017742247764311,0,0,1
2019-04-12 14:00:00,1659.987,32.79177246093752,0.017266488,0.10134888,13.072675590977296,36.58864746093752,0.014500832,0.014987946,1.4587349772721694,32.49489746093752,0.014928078,0.055221558,5.436469902595898,0,0,1
2019-04-12 15:00:00,1613.1947,32.45064697265627,0.017296959,0.12841797,14.148406887347818,36.29439697265627,0.014496971,0.026252747,3.075728497623273,31.700646972656276,0.015313316,0.080566406,6.52325000315316,0,0,1
2019-04-12 16:00:00,1498.2741,31.7836853027344,0.017403726,0.12640381,15.80977852421922,35.4086853027344,0.014577034,0.042099,5.085768517002993,30.3305603027344,0.015862588,0.09503174,6.538382493624442,0,0,1
2019-04-12 17:00:00,1385.2393000000002,30.8012634277344,0.017518125,0.10812378,17.964084881843824,33.6137634277344,0.015458189,0.051757812,6.072344644694318,28.8637634277344,0.016411863,0.1121521,5.872949159479758,0,0,1
2019-04-12 18:00:00,1395.6817,29.568688964843773,0.017624905,0.0736084,20.03520234202146,31.256188964843773,0.018128445,0.056015015,5.664579078005836,27.412438964843773,0.016846707,0.124298096,4.991292111328768,0,0,1
2019-04-12 19:00:00,1433.9169,28.5078063964844,0.01771644,0.040634155,21.31289136599974,29.9765563964844,0.019021066,0.0770874,4.963888676439445,26.3515563964844,0.01720527,0.12677002,4.166179906768786,0,0,1
2019-04-12 20:00:00,1401.8756,27.810449218750023,0.017739328,0.024742126,20.736680942798863,29.341699218750023,0.018578561,0.103302,4.51401030608333,25.685449218750023,0.01745704,0.13598633,3.520663893796492,0,0,1
2019-04-12 21:00:00,1361.6651000000002,27.477716064453148,0.017762257,0.014766693,19.2500004359654,28.743341064453148,0.018754078,0.117614746,3.8570896662722975,25.212091064453148,0.017647816,0.15008545,3.0253737951688526,0,0,1
2019-04-12 22:00:00,1316.3084,27.278833007812523,0.017823376,0.008430481,18.36620576883701,28.247583007812523,0.018792309,0.1222229,3.5604173254403446,24.810083007812523,0.017808117,0.14727783,2.641036650042609,0,0,1
2019-04-12 23:00:00,1262.7623,27.095086669921898,0.01783872,0.004552841,18.343904652244163,27.766961669921898,0.018700842,0.11151123,3.7712536822368383,24.485711669921898,0.017907385,0.14642334,2.4273984079680573,0,0,1
2019-04-13 00:00:00,1203.6372,26.938928222656276,0.017838785,0.003566742,18.695010208000586,27.376428222656276,0.018601725,0.100097656,4.545813581713393,24.235803222656276,0.017922709,0.14709473,2.375162712345852,0,0,1
2019-04-13 01:00:00,1161.6177,26.791528320312523,0.01781593,0.009807587,19.533618621999523,27.041528320312523,0.018472059,0.08465576,5.405285727882369,24.041528320312523,0.017892225,0.13800049,2.4176904176121927,0,0,1
2019-04-13 02:00:00,1130.4635,26.707971191406276,0.017732011,0.015277863,20.667802931200253,26.723596191406276,0.018288957,0.07577515,6.0152138277702845,23.879846191406276,0.017823564,0.1177063,2.556930279857996,0,0,1
2019-04-13 03:00:00,1093.8777,26.616540527343773,0.017686209,0.015258789,21.899684579746413,26.335290527343773,0.018189749,0.07678223,5.944621448832707,23.725915527343773,0.017701467,0.10934448,2.7615869350891225,0,0,1
2019-04-13 04:00:00,1083.0332,26.542291259765648,0.017602235,0.015419006,22.637883301580487,26.011041259765648,0.01805237,0.07003784,5.7958415580086,23.542291259765648,0.01754883,0.09637451,2.866520901973578,0,0,1
2019-04-13 05:00:00,1081.2705,26.467187500000023,0.01755642,0.016662598,23.14892747013516,25.701562500000023,0.017899742,0.05505371,5.585166177488686,23.326562500000023,0.017380944,0.084106445,2.9746815422856843,0,0,1
2019-04-13 06:00:00,1034.6587,26.557214355468773,0.017564015,0.019256592,22.70216089122045,25.713464355468773,0.017785268,0.037826538,5.684566685410499,23.244714355468773,0.017190175,0.080566406,3.032455196883032,0,0,1
2019-04-13 07:00:00,1087.6133,27.201806640625023,0.017594509,0.01701355,22.294023747925067,26.873681640625023,0.017525844,0.026916504,8.172610040287342,24.279931640625023,0.01693838,0.07879639,2.941932394076888,0,0,1
2019-04-13 08:00:00,1222.4729,28.309747314453148,0.01748766,0.011497498,21.73238696200687,28.450372314453148,0.016961232,0.017684937,9.97811423425664,26.200372314453148,0.016213551,0.06210327,1.9598303781311888,0,0,1
2019-04-13 09:00:00,1318.1572,29.4951110839844,0.017464738,0.0046520233,21.454201154841048,30.1669860839844,0.016251665,0.014789581,9.807728036392518,28.3544860839844,0.015420062,0.042999268,0.9971731750453984,0,0,1
2019-04-13 10:00:00,1390.8348,30.603631591796898,0.017586792,0.0026836395,20.985130495288725,31.744256591796898,0.01572522,0.012565613,8.960878833688463,30.056756591796898,0.015172088,0.041290283,0.9219346379531836,0,0,1
2019-04-13 11:00:00,1422.3509,31.526971435546898,0.017663078,0.004562378,19.70385467460837,33.1988464355469,0.0155077735,0.0100364685,7.61582565951153,31.401971435546898,0.014725761,0.03164673,1.5084714850846457,0,0,1
2019-04-13 12:00:00,1403.7269,32.16378173828127,0.017556263,0.016311646,18.36510882039263,34.58565673828127,0.014847828,0.016090393,6.331667953508485,32.25753173828127,0.014676167,0.030006409,2.5360362007267936,0,0,1
2019-04-13 13:00:00,1381.3652000000002,32.45351562500002,0.017388415,0.040893555,17.68154576237256,35.37539062500002,0.014565539,0.051651,4.762081308057644,32.59414062500002,0.014729571,0.059387207,3.745828940983376,0,0,1
2019-04-13 14:00:00,1378.3045000000002,32.40798339843752,0.017243458,0.049438477,17.638206306660226,35.57985839843752,0.014821124,0.10241699,3.336426525855599,32.32985839843752,0.014905048,0.08950806,4.675288243510994,0,0,1
2019-04-13 15:00:00,1352.1167,32.03554687500002,0.017113764,0.04147339,17.657775946919294,34.94179687500002,0.015038568,0.1303711,2.1967869205100765,31.598046875000023,0.015141564,0.082733154,5.318356057627271,0,0,1
2019-04-13 16:00:00,1323.7436,31.441217041015648,0.016976453,0.02482605,17.837381188492166,34.23809204101565,0.015183546,0.15484619,1.8337436895905488,30.534967041015648,0.015442945,0.06640625,5.847889504835621,0,0,1
2019-04-13 17:00:00,1273.1797,30.5112243652344,0.016900199,0.011318207,18.379185164926657,32.7143493652344,0.01562609,0.15344238,3.54742981726357,29.2455993652344,0.01587023,0.071136475,5.858225512247182,0,0,1
2019-04-13 18:00:00,1316.2446,29.3378845214844,0.017014667,0.0076732635,18.932157352801877,31.0097595214844,0.01748006,0.11465454,4.873577238955482,27.8222595214844,0.016709492,0.07217407,5.414137263586873,0,0,1
2019-04-13 19:00:00,1364.0076,28.355126953125023,0.017228343,0.006298065,19.54902029875444,29.808251953125023,0.018464305,0.063690186,4.980696502145495,26.777001953125023,0.017998911,0.076171875,4.650474942471119,0,0,1
2019-04-13 20:00:00,1343.955,27.727319335937523,0.017419107,0.0047779083,19.625655934251203,29.024194335937523,0.018281229,0.033843994,4.900378821774222,25.789819335937523,0.017678507,0.077545166,3.9353299946056457,0,0,1
2019-04-13 21:00:00,1312.5201,27.339013671875023,0.017548883,0.0038070679,19.7093011267097,28.479638671875023,0.018136347,0.023986816,5.105132381504953,25.057763671875023,0.017899835,0.059173584,3.528254281066749,0,0,1
2019-04-13 22:00:00,1264.8222,27.132165527343773,0.017610027,0.008163452,19.93183523989383,27.991540527343773,0.01820512,0.022338867,5.234371017226796,24.632165527343773,0.017861797,0.054595947,3.0340892716151058,0,0,1
2019-04-13 23:00:00,1212.0786,26.973901367187523,0.01761011,0.014839172,19.90781008561176,27.505151367187523,0.018479861,0.028785706,4.962786614815501,24.302026367187523,0.017907657,0.058273315,2.6952572652713367,0,0,1
2019-04-14 00:00:00,1169.3011,26.8530212402344,0.017640656,0.018875122,19.245658349233217,27.1342712402344,0.018662995,0.03630066,4.678546013549864,24.0873962402344,0.017930573,0.08010864,2.5188829050898405,0,0,1
2019-04-14 01:00:00,1132.6436,26.722924804687523,0.01772471,0.02468872,17.856189891912965,26.816674804687523,0.01872416,0.043014526,4.224868975531975,23.941674804687523,0.017892556,0.09295654,2.336977838139376,0,0,1
2019-04-14 02:00:00,1100.0635,26.606988525390648,0.017808702,0.03265381,16.495071229853167,26.497613525390648,0.018686082,0.042770386,3.673590518258316,23.841363525390648,0.01782396,0.093170166,2.0882956764416467,0,0,1
2019-04-14 03:00:00,1073.6992,26.498345947265648,0.017869707,0.04447937,15.636307266085351,26.092095947265648,0.018525835,0.043441772,3.3561651719950625,23.795220947265648,0.01770949,0.08956909,1.764734102163757,0,0,1
2019-04-14 04:00:00,1049.3384,26.425012207031276,0.017900193,0.062164307,15.091554030375992,25.768762207031276,0.018304551,0.04536438,3.3832841673850638,23.784387207031276,0.0175645,0.08850098,1.4228974415982318,0,0,1
2019-04-14 05:00:00,1038.3834,26.416589355468773,0.017923065,0.09875488,15.143792087246124,25.525964355468773,0.018068023,0.04586792,3.6018607575881143,23.729089355468773,0.017450042,0.08660889,1.3571719872424524,0,0,1
2019-04-14 06:00:00,973.3608,26.494714355468773,0.0179612,0.0914917,16.218232385390923,25.635339355468773,0.017862018,0.042007446,4.764533514383142,23.682214355468773,0.017396625,0.07546997,1.6456733894695037,0,0,1
2019-04-14 07:00:00,998.4544,27.014093017578148,0.01786201,0.06466675,18.90170149637349,27.123468017578148,0.017343212,0.036727905,7.47512405955985,24.154718017578148,0.017427135,0.06542969,2.157788681351827,0,0,1
2019-04-14 08:00:00,1062.4088,28.005426025390648,0.01761024,0.056259155,20.31708249090855,29.005426025390648,0.01660316,0.032485962,7.742691773160355,25.224176025390648,0.017045666,0.056900024,2.39344343209344,0,0,1
2019-04-14 09:00:00,1116.6681,29.118859863281276,0.017472913,0.07699585,19.17762835815105,30.915734863281276,0.015992811,0.030830383,6.152009756559218,27.196984863281276,0.016229322,0.0370636,1.7350647869161682,0,0,1
2019-04-14 10:00:00,1170.0123,30.0114685058594,0.017526321,0.1177063,17.142200478102144,32.7770935058594,0.015477828,0.040985107,3.895556412644941,29.4020935058594,0.015538863,0.02418518,0.5310047329594735,0,0,1
2019-04-14 11:00:00,1208.5383,30.621972656250023,0.017541578,0.117492676,15.529444050168834,33.79384765625002,0.015313796,0.09375,2.1552874465023875,31.246972656250023,0.015340499,0.022598267,1.4074718355304965,0,0,1
2019-04-14 12:00:00,1233.0348,31.188378906250023,0.017511047,0.086639404,14.553909625952423,34.06337890625002,0.015309966,0.17144775,1.611159399458101,32.42275390625002,0.0152680045,0.038772583,2.680444471026374,0,0,1
2019-04-14 13:00:00,1261.1974,31.737481689453148,0.017449962,0.08139038,14.046410766670087,34.19060668945315,0.01540147,0.22424316,1.2671482075386118,32.76873168945315,0.015199291,0.08627319,4.246041485167356,0,0,1
2019-04-14 14:00:00,1238.9007,31.993493652343773,0.017350702,0.093811035,13.862712982990711,34.04036865234377,0.015439537,0.24371338,1.950675447563951,32.36849365234377,0.015351799,0.14239502,5.592069869231185,0,0,1
2019-04-14 15:00:00,1235.8196,31.737207031250023,0.017243765,0.117248535,13.766432912718562,33.56533203125002,0.015561484,0.24108887,3.6001866769074,31.299707031250023,0.015756033,0.17279053,6.307175283158875,0,0,1
2019-04-14 16:00:00,1227.6484,31.2062927246094,0.017205535,0.13604736,13.919717961446658,32.7062927246094,0.015824614,0.2319336,4.411820131828852,29.8000427246094,0.01637393,0.1928711,5.914835330351004,0,0,1
2019-04-14 17:00:00,1202.1964,30.429498291015648,0.01723601,0.14508057,14.392772100360313,31.570123291015648,0.016389146,0.2434082,4.154170450242646,28.304498291015648,0.016915575,0.20605469,4.995142102668802,0,0,1
2019-04-14 18:00:00,1243.0922,29.565454101562523,0.017251253,0.1055603,15.180555052730597,29.971704101562523,0.018342257,0.25598145,2.934428424775429,27.018579101562523,0.017342806,0.20129395,3.9576897627349017,0,0,1
2019-04-14 19:00:00,1310.539,28.810876464843773,0.017274154,0.055114746,16.339415513677757,29.139001464843773,0.01820494,0.2536621,1.1911065862294998,26.123376464843773,0.017678512,0.19561768,3.007927819357412,0,0,1
2019-04-14 20:00:00,1324.6231,28.175683593750023,0.017327597,0.04096985,17.430280133358266,28.613183593750023,0.018151572,0.23937988,0.5126442967782479,25.613183593750023,0.017747214,0.18701172,2.1336326749219867,0,0,1
2019-04-14 21:00:00,1337.3451,27.706964111328148,0.017373411,0.039154053,18.076854892383604,28.113214111328148,0.01826605,0.19049072,0.8127059132737896,25.222589111328148,0.01776251,0.17114258,1.5452456684530145,0,0,1
2019-04-14 22:00:00,1268.3403,27.409082031250023,0.017434461,0.03904724,18.25548800791769,27.752832031250023,0.018227918,0.12780762,1.3358924697514685,24.940332031250023,0.017800672,0.15612793,1.2342140962054422,0,0,1
2019-04-14 23:00:00,1219.7115,27.202661132812523,0.017464958,0.032730103,17.875101881470474,27.358911132812523,0.018250786,0.11483765,1.931965989654629,24.687036132812523,0.017838798,0.14978027,1.0613924295532808,0,0,1
2019-04-15 00:00:00,1161.8577,27.064263916015648,0.017419167,0.030639648,17.573882534917384,27.017388916015648,0.018220253,0.11495972,2.7505498527137795,24.470513916015648,0.017808266,0.14007568,0.9502427744602,0,0,1
2019-04-15 01:00:00,1118.8786,26.920709228515648,0.017403895,0.030281067,17.768616353329723,26.733209228515648,0.018197352,0.110321045,3.356547571555171,24.280084228515648,0.017731959,0.13018799,0.9787594867115,0,0,1
2019-04-15 02:00:00,1080.9274,26.828668212890648,0.017350463,0.03366089,18.41945482969419,26.500543212890648,0.018166808,0.10116577,3.733107506075402,24.141168212890648,0.017617492,0.12487793,1.2205854254780824,0,0,1
2019-04-15 03:00:00,1056.9609,26.7607360839844,0.017426714,0.034851074,18.82292021550995,26.2763610839844,0.018098101,0.10223389,3.972749000749396,24.0263610839844,0.017419085,0.12435913,1.6606035824544203,0,0,1
2019-04-15 04:00:00,1046.1292,26.670678710937523,0.017571636,0.040405273,18.604815050583177,26.076928710937523,0.017983623,0.104766846,4.247019420467101,23.905053710937523,0.017197795,0.1244812,2.238941176029795,0,0,1
2019-04-15 05:00:00,1059.1904,26.626489257812523,0.01777761,0.048553467,17.225818462886128,25.892114257812523,0.017892051,0.10443115,4.605642347485624,23.767114257812523,0.017045189,0.11981201,2.762221271383105,0,0,1
2019-04-15 06:00:00,1062.0567,26.688531494140648,0.017991219,0.060333252,15.61624875047209,25.891656494140648,0.017800484,0.09503174,5.430668336825103,23.688531494140648,0.016938362,0.11260986,3.071434815264214,0,0,1
2019-04-15 07:00:00,1198.3327,27.151483154296898,0.018006459,0.103637695,16.318457290437838,26.838983154296898,0.017457142,0.08169556,8.201550016213828,24.042108154296898,0.01684679,0.09881592,3.288152734334604,0,0,1
2019-04-15 08:00:00,1388.8446,27.905480957031276,0.01775467,0.13031006,16.763329484117005,28.264855957031276,0.016785737,0.067596436,9.975340769977375,24.952355957031276,0.016434785,0.08248901,3.567534818044984,0,0,1
2019-04-15 09:00:00,1498.5021000000002,28.916680908203148,0.01762496,0.1303711,16.252156031849857,29.916680908203148,0.016167745,0.06048584,9.356383016554306,26.291680908203148,0.01584731,0.06375122,3.417926849631568,0,0,1
2019-04-15 10:00:00,1570.1222,30.003991699218773,0.017617326,0.12530518,14.394836787590105,31.628991699218773,0.015538316,0.05470276,7.870175131529931,27.769616699218773,0.0151186995,0.044403076,2.923074117612844,0,0,1
2019-04-15 11:00:00,1595.4878,30.9699645996094,0.017449485,0.1210022,12.819742349782032,33.2980895996094,0.014966117,0.041366577,6.339036491177079,29.1887145996094,0.014599906,0.031707764,2.122482529692984,0,0,1
2019-04-15 12:00:00,1598.1255,31.696679687500023,0.017220616,0.101867676,11.806683138105845,34.80605468750002,0.014561772,0.031227112,4.932272621555746,30.352929687500023,0.01434052,0.025382996,1.3942094857997074,0,0,1
2019-04-15 13:00:00,1649.1844,32.18172607421877,0.016991751,0.07382202,11.308451423974834,35.74422607421877,0.014214651,0.028656006,3.930321149153048,31.291101074218773,0.013692037,0.02166748,1.2320876191475023,0,0,1
2019-04-15 14:00:00,1651.4765,32.47442016601565,0.016701855,0.056854248,11.533531714995227,36.03692016601565,0.013779796,0.030586243,3.365685618075166,31.677545166015648,0.013016856,0.022232056,1.6320386229951596,0,0,1
2019-04-15 15:00:00,1622.4295,32.41469726562502,0.016480628,0.049179077,12.552961339019022,35.74282226562502,0.01350135,0.030891418,3.444398719901123,31.274072265625023,0.012707893,0.02218628,2.006616883288745,0,0,1
2019-04-15 16:00:00,1545.4469,31.986718750000023,0.016442489,0.043884277,14.720039845702937,34.68984375000002,0.013478469,0.03366089,4.093948897560421,30.314843750000023,0.012768935,0.02835083,1.7509127280263146,0,0,1
2019-04-15 17:00:00,1420.2473,31.147302246093773,0.016579857,0.043273926,17.887476507207452,33.03792724609377,0.01390194,0.030853271,3.5706269253899694,28.819177246093773,0.01370739,0.032836914,1.0190107819208585,0,0,1
2019-04-15 18:00:00,1390.2364,29.9431091308594,0.01693087,0.04310608,21.60638600362623,30.6774841308594,0.015015893,0.0233078,2.0622729367199057,27.0524841308594,0.014809899,0.032485962,0.3885231024710824,0,0,1
2019-04-15 19:00:00,1435.9499,28.765740966796898,0.017335277,0.048339844,24.69557381327263,29.421990966796898,0.015359264,0.011360168,2.6156487740697534,25.750115966796898,0.0151494555,0.04196167,0.6888275290814678,0,0,1
2019-04-15 20:00:00,1421.188,28.047265625000023,0.017449737,0.0642395,25.462259130223472,28.484765625000023,0.015923858,0.009624481,3.077177807066384,25.000390625000023,0.015500427,0.054763794,0.8929677768011122,0,0,1
2019-04-15 21:00:00,1392.2321,27.823663330078148,0.017465023,0.059158325,24.65330821774436,27.792413330078148,0.01623669,0.008152008,3.769329607220123,24.558038330078148,0.015771298,0.053955078,0.7083977900424014,0,0,1
2019-04-15 22:00:00,1333.0621999999998,27.6782165527344,0.017548986,0.060073853,24.304719593758943,27.1469665527344,0.01635117,0.015830994,4.475557358625752,24.2094665527344,0.016030736,0.046936035,0.6362008172925631,0,0,1
2019-04-15 23:00:00,1273.0805,27.503472900390648,0.017640587,0.070892334,24.45060244327054,26.487847900390648,0.016450401,0.02872467,4.883344545232164,23.815972900390648,0.016259667,0.056045532,1.248384968269498,0,0,1
