datetime,nat_demand,T2M_toc,QV2M_toc,TQL_toc,W2M_toc,T2M_san,QV2M_san,TQL_san,W2M_san,T2M_dav,QV2M_dav,TQL_dav,W2M_dav,Holiday_ID,holiday,school
2015-12-15 00:00:00,1023.6849,26.178887939453148,0.019431254,0.0034513474,9.359079083841928,24.733575439453148,0.018080851,0.01480484,3.7103193641225767,23.171075439453148,0.017668864,0.055740356,3.189251299684467,0,0,1
2015-12-15 01:00:00,986.0335,25.957818603515648,0.019293478,0.002943039,9.031389505437454,24.528131103515648,0.01787441,0.021781921,3.835091685724741,22.918756103515648,0.017561605,0.067474365,3.3027411780126563,0,0,1
2015-12-15 02:00:00,960.9218,25.771325683593773,0.019156195,0.0063495636,8.52554357143734,24.435388183593773,0.01769898,0.030349731,3.871646576948479,22.802575683593773,0.01745484,0.07662964,3.1734468986789017,0,0,1
2015-12-15 03:00:00,940.7934,25.655694580078148,0.019033708,0.015487671,7.82528255549691,24.429132080078148,0.017515458,0.036468506,3.760723072083658,22.804132080078148,0.017317094,0.08187866,3.09255725409782,0,0,1
2015-12-15 04:00:00,923.3521,25.587365722656276,0.018995283,0.03175354,6.993766911463196,24.368615722656276,0.017362593,0.032226562,3.504116992545437,22.774865722656276,0.017164228,0.08508301,2.8828698427033195,0,0,1
2015-12-15 05:00:00,936.4819,25.539758300781276,0.01894957,0.03982544,6.1994201696661495,23.914758300781276,0.017278733,0.024513245,3.64873671683141,22.539758300781276,0.017004075,0.070892334,2.603374761389366,0,0,1
2015-12-15 06:00:00,948.1626,25.558038330078148,0.01889607,0.038482666,5.53299288947143,23.558038330078148,0.01725575,0.019973755,3.790247511720542,22.323663330078148,0.016813245,0.05986023,2.1601185038961006,0,0,1
2015-12-15 07:00:00,1074.8868,26.375177001953148,0.019033523,0.031204224,5.999820153402013,24.922052001953148,0.018026443,0.019561768,5.185231948858639,22.859552001953148,0.016828628,0.06808472,1.9050967595915889,0,0,1
2015-12-15 08:00:00,1272.6307,27.278588867187523,0.01882026,0.041290283,6.8751033428401245,26.278588867187523,0.018270943,0.027671814,5.718542036433845,23.934838867187523,0.016844247,0.08831787,1.775697563001891,0,0,1
2015-12-15 09:00:00,1371.5492,27.914453125000023,0.018797198,0.042816162,6.677652059328313,27.539453125000023,0.018430987,0.053588867,5.21475691202277,24.851953125000023,0.01662282,0.121673584,1.739658662760188,0,0,1
2015-12-15 10:00:00,1441.0772,28.546472167968773,0.018819889,0.040863037,6.129335408985804,28.327722167968773,0.018446049,0.06188965,4.560955754054395,25.515222167968773,0.016340336,0.14190674,1.6260142125075132,0,0,1
2015-12-15 11:00:00,1463.5674,29.1435485839844,0.01875095,0.034820557,5.615233189537919,29.0966735839844,0.01839237,0.055526733,4.157668221947577,26.0966735839844,0.016134068,0.14654541,1.4823693235227375,0,0,1
2015-12-15 12:00:00,1467.4816,29.7194763183594,0.018620899,0.032211304,5.278467132700183,29.7351013183594,0.018330982,0.048446655,4.06663283010904,26.5007263183594,0.016004017,0.14190674,1.127996478592672,0,0,1
2015-12-15 13:00:00,1501.6155,30.110620117187523,0.0185137,0.035873413,5.1390185819647325,30.094995117187523,0.0182543,0.045578003,3.6740144147595335,26.719995117187523,0.015912076,0.14056396,0.7220851394167012,0,0,1
2015-12-15 14:00:00,1507.9483,30.297265625000023,0.01834551,0.044692993,5.212970421510135,30.219140625000023,0.018238699,0.03727722,3.304551570612867,26.719140625000023,0.015858328,0.14013672,0.6093022134299764,0,0,1
2015-12-15 15:00:00,1476.7429,30.253839111328148,0.018055195,0.044784546,5.249487999064226,30.050714111328148,0.018215412,0.027618408,3.119048204862206,26.456964111328148,0.015995258,0.1418457,0.9793626748717172,0,0,1
2015-12-15 16:00:00,1399.6681,30.028344726562523,0.0178949,0.037872314,5.715225063908501,29.590844726562523,0.01839844,0.028930664,3.2872244063052736,25.981469726562523,0.01649872,0.14007568,1.3619810130858685,0,0,1
2015-12-15 17:00:00,1296.3842,29.504968261718773,0.018162098,0.0438385,5.828786181051883,28.864343261718773,0.01875719,0.040740967,3.1527055701465496,25.348718261718773,0.017109241,0.13677979,1.6375264143815331,0,0,1
2015-12-15 18:00:00,1336.71,28.708276367187523,0.01922295,0.03605652,4.933548412703653,27.442651367187523,0.019039845,0.03061676,2.62670422409368,24.536401367187523,0.017605519,0.13110352,1.6530501718297588,0,0,1
2015-12-15 19:00:00,1334.865,28.273339843750023,0.019528117,0.0283432,5.110653252250038,26.913964843750023,0.018757548,0.020980835,2.4978671798915806,24.023339843750023,0.01771995,0.115875244,1.7353150907772268,0,0,1
2015-12-15 20:00:00,1311.2722,27.894219970703148,0.019589208,0.026023865,5.590404784640191,26.456719970703148,0.018444799,0.015106201,2.275473259338089,23.800469970703148,0.017605565,0.09869385,1.7051930245295055,0,0,1
2015-12-15 21:00:00,1245.9534,27.517877197265648,0.01952823,0.02243042,6.220648345274895,26.017877197265648,0.018162569,0.015602112,2.162398394364112,23.596002197265648,0.017597994,0.09313965,1.619973537705778,0,0,1
2015-12-15 22:00:00,1191.0954,27.189630126953148,0.019467408,0.02445221,6.388544571301194,25.627130126953148,0.017941529,0.017669678,2.152666773432901,23.478692626953148,0.017537171,0.09613037,1.2615434062987894,0,0,1
2015-12-15 23:00:00,1097.8048,26.935968017578148,0.019414423,0.03302002,6.200394999319237,25.248468017578148,0.017758844,0.017585754,2.290623858192649,23.396905517578148,0.01744604,0.10290527,0.7757766723497757,0,0,1
2015-12-16 00:00:00,1052.5581,26.676965332031276,0.019345824,0.04031372,6.1086723466015735,24.825402832031276,0.017613951,0.017944336,2.5048422591289627,23.286340332031276,0.017285887,0.10232544,0.4054405224627028,0,0,1
2015-12-16 01:00:00,1004.7692,26.428552246093773,0.01923135,0.039154053,6.235883634062682,24.436364746093773,0.017415553,0.019203186,2.7727067080216936,23.139489746093773,0.017140895,0.09552002,0.4303616080592342,0,0,1
2015-12-16 02:00:00,985.2749,26.236138916015648,0.019116841,0.03616333,6.23618860926779,24.103326416015648,0.017194234,0.02015686,2.937646552143369,22.962701416015648,0.017026387,0.08746338,0.8059829691100412,0,0,1
2015-12-16 03:00:00,955.9335,26.104455566406276,0.01900989,0.039978027,5.994064847853129,23.870080566406276,0.0169881,0.02154541,3.02790359301772,22.807580566406276,0.016904177,0.0776062,1.0763457668376255,0,0,1
2015-12-16 04:00:00,939.199,26.054498291015648,0.018887687,0.0415802,5.632183218630902,23.734185791015648,0.01683538,0.021011353,3.0242794975815626,22.671685791015648,0.016759086,0.06512451,1.116250297272953,0,0,1
2015-12-16 05:00:00,935.3761,26.044335937500023,0.01874257,0.03994751,5.281726103320123,23.606835937500023,0.016667375,0.020401001,3.013584593858218,22.497460937500023,0.01659871,0.05239868,1.188061015469566,0,0,1
2015-12-16 06:00:00,931.6947,26.083093261718773,0.018666059,0.042297363,5.088427715398701,23.551843261718773,0.016583234,0.021469116,2.9955170037747347,22.270593261718773,0.016407758,0.042007446,1.2965130367484232,0,0,1
2015-12-16 07:00:00,1066.3983,26.792993164062523,0.018711703,0.04875183,6.449769783347209,24.980493164062523,0.017193453,0.024879456,4.276645283565053,22.699243164062523,0.016453402,0.036117554,0.9288150303023712,0,0,1
2015-12-16 08:00:00,1268.0963,27.434167480468773,0.018475248,0.052093506,7.58718914168187,26.418542480468773,0.017117215,0.023612976,4.889348438126911,24.199792480468773,0.016621305,0.027069092,0.8744919817820273,0,0,1
2015-12-16 09:00:00,1376.3881,28.045709228515648,0.018628146,0.05142212,7.624097076486465,27.592584228515648,0.017369296,0.021942139,4.645039903204498,25.389459228515648,0.016301181,0.022697449,0.8151874124757544,0,0,1
2015-12-16 10:00:00,1458.4077,28.684259033203148,0.018681522,0.05152893,6.906101481364029,28.699884033203148,0.017621037,0.030647278,3.883676781972501,26.621759033203148,0.015912052,0.023109436,0.4436342961618306,0,0,1
2015-12-16 11:00:00,1492.5261,29.333947753906276,0.018780755,0.05166626,6.227505476132577,29.537072753906276,0.017735528,0.040298462,3.13024604829652,27.662072753906276,0.015782403,0.020462036,0.7621991095415338,0,0,1
2015-12-16 12:00:00,1480.0083,29.879418945312523,0.018780926,0.056396484,6.117708507580924,30.129418945312523,0.017903546,0.04046631,2.4047348820887,28.348168945312523,0.015973309,0.019088745,1.499787010330127,0,0,1
2015-12-16 13:00:00,1492.3855,30.213037109375023,0.018598236,0.070129395,6.3700498413100295,30.588037109375023,0.018087067,0.0345459,1.8537628851434391,28.666162109375023,0.016301788,0.02393341,2.3242005665813137,0,0,1
2015-12-16 14:00:00,1476.8429,30.315637207031276,0.01837756,0.0803833,6.92728258929578,30.846887207031276,0.01824786,0.051513672,1.7867923582966567,28.581262207031276,0.016638057,0.056503296,3.148901175534293,0,0,1
2015-12-16 15:00:00,1461.0791,30.362878417968773,0.01824092,0.087524414,7.625296615084397,30.753503417968773,0.018317213,0.101623535,2.196702085936879,28.081628417968773,0.016997328,0.08203125,3.7828241397721136,0,0,1
2015-12-16 16:00:00,1394.2544,30.162561035156276,0.018150272,0.09051514,8.606233125557905,30.287561035156276,0.01842493,0.12866211,2.4250289679301344,27.271936035156276,0.017509403,0.09411621,4.084605951062068,0,0,1
2015-12-16 17:00:00,1287.1852,29.548791503906276,0.018585907,0.061431885,8.906941572142241,29.705041503906276,0.018898712,0.13891602,2.4497701420295126,26.173791503906276,0.018089997,0.11077881,4.006806642898029,0,0,1
2015-12-16 18:00:00,1316.8778,28.700341796875023,0.019654598,0.044326782,8.047256793696006,28.794091796875023,0.018723812,0.13018799,2.4150052024358786,25.028466796875023,0.018731441,0.14257812,3.3482879220767074,0,0,1
2015-12-16 19:00:00,1340.1377,28.184930419921898,0.019769428,0.03414917,8.755350502095892,28.403680419921898,0.018411396,0.11984253,2.460300916898622,24.356805419921898,0.018754719,0.16351318,2.686499124498081,0,0,1
2015-12-16 20:00:00,1307.8057,27.783044433593773,0.019754859,0.026916504,9.652653103127724,27.814294433593773,0.018656226,0.12036133,2.1458601839428804,24.017419433593773,0.01848838,0.16711426,1.7591201557002458,0,0,1
2015-12-16 21:00:00,1247.5984,27.432397460937523,0.019717664,0.022209167,10.666398138798828,27.182397460937523,0.018863171,0.12020874,2.05230932885715,23.729272460937523,0.018039197,0.15924072,1.1349434445066513,0,0,1
2015-12-16 22:00:00,1159.7508,27.125421142578148,0.019642355,0.016708374,11.58009359450392,26.469171142578148,0.018864157,0.10269165,2.3025747741834297,23.445733642578148,0.017796041,0.14367676,0.9366243125518962,0,0,1
2015-12-16 23:00:00,1088.0977,26.861627197265648,0.019498078,0.01574707,12.18441171809356,25.752252197265648,0.018765656,0.084350586,2.570418240769361,23.260064697265648,0.017567841,0.13134766,1.2774121523399569,0,0,1
2015-12-17 00:00:00,1031.7489,26.669580078125023,0.019292714,0.015029907,12.41039875604066,25.255517578125023,0.01859081,0.072265625,2.799272391603539,23.114892578125023,0.017400624,0.11773682,1.686373754418176,0,0,1
2015-12-17 01:00:00,967.5017,26.5251403808594,0.0191175,0.018218994,12.138942009765724,24.8923278808594,0.018415596,0.06347656,3.070958808257473,23.0251403808594,0.01724067,0.10510254,2.0003160942151426,0,0,1
2015-12-17 02:00:00,944.8199,26.411187744140648,0.018972736,0.02204895,11.737648413941638,24.598687744140648,0.018232685,0.059036255,3.265583593662716,22.903375244140648,0.017065387,0.09841919,2.1250579108032746,0,0,1
2015-12-17 03:00:00,928.6454,26.280358886718773,0.018858545,0.02002716,11.4452077640259,24.342858886718773,0.018110864,0.056793213,3.393156764833339,22.835046386718773,0.016844384,0.0927124,2.1658209080454056,0,0,1
2015-12-17 04:00:00,918.6017,26.1813903808594,0.018744456,0.017616272,10.98759086493198,24.1110778808594,0.017989146,0.04989624,3.403448332251898,22.8063903808594,0.016638743,0.08673096,2.1338395749885017,0,0,1
2015-12-17 05:00:00,928.0261,26.126489257812523,0.018630479,0.015663147,10.418165422778005,23.923364257812523,0.01785991,0.042037964,3.39000976746764,22.806176757812523,0.016456101,0.08303833,1.9961032934389955,0,0,1
2015-12-17 06:00:00,938.2512,26.123986816406276,0.018592926,0.014091492,9.964453779640252,23.827111816406276,0.01779184,0.037902832,3.4390585178766417,22.795861816406276,0.016319366,0.08984375,1.842232576939853,0,0,1
2015-12-17 07:00:00,1076.9171,27.1359802246094,0.018951992,0.013328552,12.125247410088562,25.3625427246094,0.01847134,0.038589478,5.585500874134174,23.2453552246094,0.016487697,0.099365234,1.781652991233753,0,0,1
2015-12-17 08:00:00,1280.6641,28.001184082031276,0.018990507,0.015148163,14.49620297932776,27.001184082031276,0.018753996,0.036376953,6.975370335745678,24.368371582031276,0.01669406,0.09701538,2.1637952530754974,0,0,1
2015-12-17 09:00:00,1400.2947,28.684777832031276,0.019326594,0.021583557,15.272148542957671,28.356652832031276,0.018838312,0.03665161,8.020521479369368,25.598840332031276,0.01659527,0.09802246,2.3108076697473354,0,0,1
2015-12-17 10:00:00,1477.4923,29.328942871093773,0.01948719,0.02999878,15.695906952328444,29.438317871093773,0.019006537,0.03793335,8.280565313860778,26.782067871093773,0.016504096,0.11218262,1.8345327436218344,0,0,1
2015-12-17 11:00:00,1495.7886,29.880212402343773,0.019472262,0.034179688,15.871372290196692,30.348962402343773,0.01912131,0.03904724,8.365484907525511,27.723962402343773,0.016519686,0.1161499,1.2033226445340626,0,0,1
2015-12-17 12:00:00,1470.5752,30.234216308593773,0.01938865,0.041290283,15.988707686943782,30.952966308593773,0.019182656,0.042053223,8.451180803308782,28.265466308593773,0.017092202,0.11691284,0.297315199774777,0,0,1
2015-12-17 13:00:00,1481.3346,30.422692871093773,0.019251598,0.04508972,16.226567418075206,31.297692871093773,0.019160045,0.034805298,8.435257026089449,28.563317871093773,0.017237438,0.13012695,0.3922988872104982,0,0,1
2015-12-17 14:00:00,1504.4478,30.476342773437523,0.019053483,0.043121338,16.384794257149558,31.304467773437523,0.019129777,0.039031982,8.31747727606845,28.570092773437523,0.017123247,0.13677979,0.940882071664993,0,0,1
2015-12-17 15:00:00,1454.661,30.392968750000023,0.018839978,0.036010742,16.323821838767664,30.924218750000023,0.019313,0.036392212,7.828522909867313,28.158593750000023,0.017283581,0.12524414,1.5683166528491053,0,0,1
2015-12-17 16:00:00,1362.3865,30.0349060058594,0.018733196,0.021743774,16.1842422141082,30.2380310058594,0.019534282,0.03315735,6.781887343028688,27.4255310058594,0.017649822,0.12155151,1.9843156352136888,0,0,1
2015-12-17 17:00:00,1262.252,29.160272216796898,0.019160312,0.013851166,14.764860750310998,28.972772216796898,0.019373935,0.030075073,5.859195407403951,26.363397216796898,0.018244784,0.14605713,2.102943870600768,0,0,1
2015-12-17 18:00:00,1304.5409,28.010308837890648,0.019709613,0.0157547,13.134996524457469,27.025933837890648,0.01924422,0.031967163,4.051695087468654,25.385308837890648,0.018191364,0.17565918,2.4212105323123163,0,0,1
2015-12-17 19:00:00,1334.1168,27.433435058593773,0.01977841,0.018417358,13.70705624151683,26.253747558593773,0.018916288,0.024963379,4.331924108585462,24.738122558593773,0.01827542,0.17126465,2.2149387012292103,0,0,1
2015-12-17 20:00:00,1304.8045,27.0859313964844,0.019831706,0.025405884,14.07396944382649,25.6640563964844,0.018702555,0.016448975,4.793778195851549,24.3828063964844,0.018237162,0.14135742,1.94134256116452,0,0,1
2015-12-17 21:00:00,1260.1966,26.888543701171898,0.019861981,0.031906128,14.176171826563404,25.201043701171898,0.018542096,0.015892029,5.245256242629361,24.099481201171898,0.018084332,0.09222412,2.131936532695171,0,0,1
2015-12-17 22:00:00,1180.1862,26.752160644531276,0.01986186,0.038146973,14.017934314740977,24.861535644531276,0.01835887,0.018074036,5.435514395339539,23.884973144531276,0.01784007,0.06881714,2.321743444153152,0,0,1
2015-12-17 23:00:00,1117.0324,26.644647216796898,0.019770524,0.048294067,13.833531401415025,24.535272216796898,0.018153092,0.019515991,5.312602028259687,23.691522216796898,0.017573258,0.06088257,2.364395035515886,0,0,1
2015-12-18 00:00:00,1059.5705,26.597436523437523,0.01965661,0.056274414,13.842762165173982,24.284936523437523,0.01800866,0.02368164,5.104093053585348,23.495874023437523,0.017329644,0.060394287,2.4322624069730234,0,0,1
2015-12-18 01:00:00,1017.3389,26.532617187500023,0.019572316,0.061950684,13.85868739266308,24.126367187500023,0.017939625,0.028427124,4.855567353920723,23.306054687500023,0.017146168,0.05671692,2.51208488679012,0,0,1
2015-12-18 02:00:00,981.7312,26.489831542968773,0.01954894,0.06958008,13.934297547143316,24.005456542968773,0.017878102,0.034362793,4.568379173415308,23.138269042968773,0.016977834,0.05935669,2.6115036520102537,0,0,1
2015-12-18 03:00:00,963.0458,26.480187988281276,0.019502567,0.07797241,13.927192698895494,23.917687988281276,0.017801212,0.038101196,4.337659596521962,23.003625488281276,0.01681702,0.065460205,2.736011016572557,0,0,1
2015-12-18 04:00:00,944.1255,26.453942871093773,0.019456206,0.08300781,13.8428197543868,23.852380371093773,0.017731963,0.027450562,4.300665298270893,22.907067871093773,0.016717253,0.06997681,2.889949468085096,0,0,1
2015-12-18 05:00:00,955.8652,26.404626464843773,0.019402502,0.0848999,13.444921211077078,23.623376464843773,0.017617224,0.016822815,4.258646434065455,22.849938964843773,0.016610144,0.07284546,3.0170233675437745,0,0,1
2015-12-18 06:00:00,966.7879,26.399377441406276,0.019378383,0.085876465,12.900081864917835,23.547814941406276,0.017562587,0.012798309,4.190573017386798,22.750939941406276,0.01651736,0.06695557,3.024465951988676,0,0,1
2015-12-18 07:00:00,1101.6496,27.212762451171898,0.01963668,0.08654785,15.170958602682838,25.283074951171898,0.018286277,0.015815735,6.345718219770828,23.220574951171898,0.016577292,0.05529785,2.888247217375614,0,0,1
2015-12-18 08:00:00,1296.9738,28.067163085937523,0.019560141,0.08905029,18.47180569383568,27.028100585937523,0.01869802,0.022140503,7.930966765845283,24.309350585937523,0.016447349,0.038360596,2.7580918366741907,0,0,1
2015-12-18 09:00:00,1406.9112,28.796472167968773,0.019575542,0.09249878,20.01756927123792,28.437097167968773,0.018820232,0.028556824,9.370639098039838,25.437097167968773,0.01620335,0.034362793,2.572156943977545,0,0,1
2015-12-18 10:00:00,1485.3712,29.399316406250023,0.019667065,0.093444824,19.81421470177526,29.493066406250023,0.018812573,0.034957886,9.405012129634354,26.469628906250023,0.015928661,0.030570984,2.2144342534392787,0,0,1
2015-12-18 11:00:00,1518.1381,29.940576171875023,0.01975831,0.10058594,18.834632093270823,30.393701171875023,0.018827524,0.044784546,9.024766871434425,27.362451171875023,0.015783396,0.023597717,1.9434552990419895,0,0,1
2015-12-18 12:00:00,1517.5313,30.304467773437523,0.019750344,0.115112305,17.606332134018686,30.991967773437523,0.018941628,0.058120728,8.703119810366495,28.007592773437523,0.015859352,0.018600464,1.7325006264524443,0,0,1
2015-12-18 13:00:00,1537.6926,30.481256103515648,0.019666241,0.12792969,16.534648540442493,31.278131103515648,0.01905589,0.07147217,8.652683075668437,28.325006103515648,0.016316937,0.014984131,1.3683808233838142,0,0,1
2015-12-18 14:00:00,1540.6727,30.513970947265648,0.019582283,0.13873291,15.684101116481978,31.248345947265648,0.019193184,0.08200073,8.544339444436185,28.357720947265648,0.016789924,0.0125694275,1.198258295300695,0,0,1
2015-12-18 15:00:00,1503.9144,30.405084228515648,0.019528948,0.13989258,14.982395156042855,30.811334228515648,0.019582354,0.10092163,7.785255316808846,28.030084228515648,0.017079912,0.010982513,1.0296536765672066,0,0,1
2015-12-18 16:00:00,1430.0499,30.038018798828148,0.019605372,0.1361084,14.52849970822771,30.194268798828148,0.01976559,0.106933594,7.047182997508893,27.428643798828148,0.017148707,0.008693695,0.8172314706792371,0,0,1
2015-12-18 17:00:00,1305.1247,29.260888671875023,0.020162405,0.13256836,13.009712224030922,28.964013671875023,0.019758048,0.10494995,5.938505151093618,26.432763671875023,0.01757604,0.014759064,0.5835710613022707,0,0,1
2015-12-18 18:00:00,1346.6311,28.393151855468773,0.02067352,0.11984253,11.2710838808051,27.174401855468773,0.01979614,0.09915161,4.102947506112532,25.150964355468773,0.017858274,0.022315979,0.7242964767670568,0,0,1
2015-12-18 19:00:00,1370.3745,27.940484619140648,0.020757483,0.11630249,11.368239722562524,26.471734619140648,0.019468116,0.07421875,4.414797623986914,24.370172119140648,0.017705726,0.022644043,1.223483630658961,0,0,1
2015-12-18 20:00:00,1329.5488,27.6559997558594,0.020803463,0.115875244,11.712086113097252,25.9528747558594,0.019216549,0.046844482,4.663490476562356,23.9841247558594,0.017599117,0.021621704,1.4615756414873589,0,0,1
2015-12-18 21:00:00,1286.456,27.440606689453148,0.020810975,0.11306763,12.593625826921564,25.534356689453148,0.01897229,0.032058716,4.830299394462296,23.799981689453148,0.017415894,0.01878357,1.9317051767762417,0,0,1
2015-12-18 22:00:00,1205.967,27.270318603515648,0.020749735,0.106414795,13.420776299481073,25.192193603515648,0.018743204,0.025733948,4.881335487545163,23.606256103515648,0.01716392,0.016784668,2.7549339889538267,0,0,1
2015-12-18 23:00:00,1136.5321,27.114526367187523,0.020703405,0.099090576,13.6575940983907,24.934838867187523,0.018574804,0.025779724,4.957245517726186,23.294213867187523,0.016942114,0.018089294,3.1564837212471364,0,0,1
2015-12-19 00:00:00,1056.1199,27.016168212890648,0.020664541,0.09976196,13.881406470064848,24.781793212890648,0.018482534,0.025863647,4.997943647957668,22.992730712890648,0.016758291,0.02999115,3.4299866773941616,0,0,0
2015-12-19 01:00:00,1041.474,26.941094970703148,0.020618595,0.099975586,14.195459042739056,24.683282470703148,0.018474735,0.026435852,4.984628134491094,22.847344970703148,0.016704716,0.046707153,3.6075372709065983,0,0,0
2015-12-19 02:00:00,1017.8488,26.895776367187523,0.020556837,0.108947754,14.64397713342177,24.645776367187523,0.01851216,0.034805298,4.992439405506227,22.848901367187523,0.016780287,0.058395386,3.642963459322739,0,0,0
2015-12-19 03:00:00,994.197,26.889855957031276,0.020442015,0.11605835,15.645712297414171,24.671105957031276,0.018595701,0.04623413,5.068938166915696,22.936730957031276,0.016863829,0.08618164,3.693966536782897,0,0,0
2015-12-19 04:00:00,960.6363,26.849755859375023,0.02033511,0.11630249,15.695369907576072,24.677880859375023,0.018679531,0.059417725,5.05197055630474,23.006005859375023,0.016947659,0.10305786,3.595093900756721,0,0,0
2015-12-19 05:00:00,967.466,26.786767578125023,0.020258818,0.116882324,15.126878525276028,24.669580078125023,0.018732939,0.06573486,4.894729831865404,23.122705078125023,0.01706973,0.11450195,3.2012231873175496,0,0,0
2015-12-19 06:00:00,954.9139,26.734338378906276,0.02019793,0.12011719,13.818669751372951,24.687463378906276,0.018755974,0.07376099,4.892146301583406,23.281213378906276,0.017222466,0.13043213,2.6376868340003963,0,0,0
2015-12-19 07:00:00,1006.613,27.275659179687523,0.02041957,0.124176025,14.30529541990592,25.830346679687523,0.01940486,0.07180786,7.245488192772888,23.799096679687523,0.017619582,0.13824463,2.2816369854585044,0,0,0
2015-12-19 08:00:00,1169.0893,28.0004821777344,0.020336127,0.13092041,17.104632422749773,27.0629821777344,0.01992414,0.07437134,8.950300013452653,24.8051696777344,0.018047309,0.14642334,2.6168262799494744,0,0,0
2015-12-19 09:00:00,1239.8929,28.533044433593773,0.020259721,0.13604736,18.2293478971646,28.314294433593773,0.020114763,0.06829834,11.526561904292889,26.173669433593773,0.018192155,0.13708496,3.379419218253457,0,0,0
2015-12-19 10:00:00,1290.535,29.038507080078148,0.020183323,0.14190674,17.7279273108359,29.288507080078148,0.020107029,0.06326294,12.667784782718307,27.319757080078148,0.018123386,0.14349365,3.777343154165543,0,0,0
2015-12-19 11:00:00,1303.6903,29.435937500000023,0.020205883,0.1552124,16.91636336832994,29.982812500000023,0.020060925,0.06326294,12.688536941923704,27.967187500000023,0.018313793,0.14489746,3.667607856521904,0,0,0
2015-12-19 12:00:00,1281.0089,29.715478515625023,0.020235928,0.14642334,16.258687337556797,30.465478515625023,0.019984158,0.075683594,12.450967001990968,28.309228515625023,0.018389614,0.14733887,3.4169893560536817,0,0,0
2015-12-19 13:00:00,1255.1841,29.823937988281276,0.020212738,0.13891602,16.064250573381102,30.605187988281276,0.019915191,0.09463501,12.080691703293702,28.402062988281276,0.0184122,0.14709473,3.2085630405647825,0,0,0
2015-12-19 14:00:00,1254.4672,29.777947998046898,0.020128654,0.13079834,15.956258090204326,30.496697998046898,0.019899772,0.11047363,11.598725150199192,28.277947998046898,0.018434929,0.15570068,3.0729285078089963,0,0,0
2015-12-19 15:00:00,1230.6703,29.620080566406276,0.020075146,0.11703491,15.609612540422308,30.088830566406276,0.020090405,0.11657715,10.483185236318905,27.901330566406276,0.018541638,0.15753174,3.044012717123949,0,0,0
2015-12-19 16:00:00,1205.004,29.297631835937523,0.02021998,0.10662842,15.255963849701482,29.250756835937523,0.020540414,0.12063599,8.740568481742661,27.266381835937523,0.018747507,0.16174316,3.099648031127101,0,0,0
2015-12-19 17:00:00,1178.6639,28.625604248046898,0.020669807,0.10449219,13.810439133674985,28.141229248046898,0.020913947,0.11129761,6.675051742524612,26.297479248046898,0.019075263,0.1642456,3.020671640387673,0,0,0
2015-12-19 18:00:00,1260.7589,27.931970214843773,0.02083741,0.1010437,13.148529150332315,26.994470214843773,0.020532234,0.10290527,5.546967229371883,25.463220214843773,0.019151313,0.16168213,3.248075192546527,0,0,0
2015-12-19 19:00:00,1284.9382,27.614160156250023,0.020806722,0.09429932,14.306537782266878,26.489160156250023,0.02019637,0.08544922,5.768688032121211,25.059472656250023,0.018861227,0.15570068,3.781892232028207,0,0,0
2015-12-19 20:00:00,1264.9901,27.440087890625023,0.020806635,0.08453369,14.95873939465969,26.119775390625023,0.019952143,0.066589355,6.159784841619385,24.768212890625023,0.018655146,0.1538086,4.098807919887896,0,0,0
2015-12-19 21:00:00,1216.5971,27.334405517578148,0.020837061,0.07867432,15.122124103119136,25.850030517578148,0.019746058,0.05317688,6.668227371000655,24.576593017578148,0.018632166,0.15490723,4.184238846994604,0,0,0
2015-12-19 22:00:00,1158.2578,27.227685546875023,0.020859806,0.07714844,15.883402327033773,25.672998046875023,0.01953992,0.045791626,7.691034552106072,24.430810546875023,0.01866254,0.15704346,4.274171246958601,0,0,0
2015-12-19 23:00:00,1112.0842,27.105249023437523,0.020828709,0.08148193,16.9432686461908,25.534936523437523,0.019447789,0.040237427,8.484329274091214,24.277124023437523,0.018654332,0.15740967,4.417640216460852,0,0,0
2015-12-20 00:00:00,1052.9328,27.001489257812523,0.020759486,0.084472656,17.92427537802152,25.423364257812523,0.019424342,0.037857056,8.796776965934928,24.142114257812523,0.018623255,0.15924072,4.483720400148629,0,0,0
2015-12-20 01:00:00,1015.3251,26.918298339843773,0.020697525,0.08755493,19.406698364385683,25.332360839843773,0.019392898,0.039093018,8.866864858529963,24.043298339843773,0.01862233,0.15551758,4.3775226121424105,0,0,0
2015-12-20 02:00:00,987.0577,26.859796142578148,0.020498414,0.09146118,22.006429793824072,25.226983642578148,0.019331116,0.03904724,8.522993139052726,23.984796142578148,0.018613953,0.14678955,4.258723524149609,0,0,0
2015-12-20 03:00:00,966.4307,26.805871582031276,0.020208616,0.09176636,23.42541637722346,25.102746582031276,0.019247312,0.04573059,8.063178483670164,23.946496582031276,0.018606443,0.14538574,4.049783319398957,0,0,0
2015-12-20 04:00:00,937.9779,26.734765625000023,0.019956674,0.07904053,23.0474497147622,24.984765625000023,0.019109812,0.05343628,7.435441737953501,23.898828125000023,0.018537607,0.14709473,3.7891753391099225,0,0,0
2015-12-20 05:00:00,935.0676,26.674401855468773,0.019857174,0.06750488,21.5225953782625,24.893151855468773,0.018972164,0.05329895,6.900740243761189,23.822839355468773,0.018422848,0.1486206,3.5037211554895187,0,0,0
2015-12-20 06:00:00,886.9512,26.640771484375023,0.01981176,0.059524536,19.75036072220521,24.843896484375023,0.018888604,0.062683105,6.509089731310287,23.757958984375023,0.01830877,0.15203857,3.169770120594928,0,0,0
2015-12-20 07:00:00,908.4054,27.177941894531276,0.019942172,0.054656982,20.658216948474383,25.818566894531276,0.019575961,0.06985474,8.574429195523907,24.045129394531276,0.018492587,0.1585083,2.929617611471082,0,0,0
2015-12-20 08:00:00,996.2267,27.938867187500023,0.01989708,0.05458069,22.8144473831696,26.782617187500023,0.020217514,0.08154297,9.577624291529824,24.720117187500023,0.01875267,0.16516113,3.138219781206673,0,0,0
2015-12-20 09:00:00,1061.7108,28.674432373046898,0.019919695,0.05848694,22.32514663426001,27.768182373046898,0.020285906,0.08319092,11.253692448235933,25.596307373046898,0.018615069,0.1607666,3.870400964236445,0,0,0
2015-12-20 10:00:00,1131.8376,29.312219238281276,0.020034146,0.07446289,21.107243340511022,28.640344238281276,0.02010281,0.087402344,12.5039370020709,26.734094238281276,0.018180203,0.15789795,4.095451516211988,0,0,0
2015-12-20 11:00:00,1150.5956,29.676629638671898,0.020133482,0.099853516,19.76024263580483,29.301629638671898,0.019996153,0.08798218,12.594120942893106,27.504754638671898,0.017997252,0.15692139,3.879071428637016,0,0,0
2015-12-20 12:00:00,1167.7896,29.845269775390648,0.020156039,0.11657715,18.560337231959515,29.751519775390648,0.019972933,0.08654785,12.057252510594942,27.892144775390648,0.01824869,0.16149902,3.3051531005117245,0,0,0
2015-12-20 13:00:00,1169.7935,29.904809570312523,0.020110026,0.13067627,17.84796356637913,29.998559570312523,0.019987956,0.08706665,11.393467527268504,28.029809570312523,0.018317118,0.17346191,2.7772294342078965,0,0,0
2015-12-20 14:00:00,1161.2179,29.877465820312523,0.020094568,0.13024902,17.760563108435242,29.893090820312523,0.02006405,0.08859253,10.752259021534131,27.846215820312523,0.018355066,0.1784668,2.558113978008252,0,0,0
2015-12-20 15:00:00,1150.6361,29.661340332031276,0.0200791,0.11206055,18.142105453761705,29.348840332031276,0.020376647,0.08816528,9.690663915984723,27.364465332031276,0.018461669,0.17333984,2.66301762559353,0,0,0
2015-12-20 16:00:00,1135.0269,29.174401855468773,0.020246638,0.07577515,18.035890884160715,28.565026855468773,0.020803584,0.08413696,8.395265389315055,26.549401855468773,0.018644465,0.17028809,2.8774644323515526,0,0,0
2015-12-20 17:00:00,1116.1476,28.422937011718773,0.020589711,0.046707153,16.721317778862968,27.594812011718773,0.020887258,0.0796814,6.913279682908908,25.626062011718773,0.01871288,0.15930176,3.042027215012019,0,0,0
2015-12-20 18:00:00,1236.937,27.728631591796898,0.020696485,0.031341553,16.361113664547357,26.650506591796898,0.020482862,0.070251465,6.003470904637752,24.931756591796898,0.01836189,0.14575195,3.5293843781306293,0,0,0
2015-12-20 19:00:00,1257.6956,27.373895263671898,0.020604882,0.026367188,17.072747368181663,26.295770263671898,0.020185266,0.05670166,6.167341958608394,24.561395263671898,0.018224511,0.1326294,3.992479020017608,0,0,0
2015-12-20 20:00:00,1257.6743,27.193963623046898,0.020467626,0.026420593,17.539582432438262,26.084588623046898,0.019964086,0.049591064,6.426564423208137,24.404901123046898,0.018239843,0.12799072,4.023917323861471,0,0,0
2015-12-20 21:00:00,1226.2533,27.079797363281276,0.020200703,0.027175903,18.19844596012993,25.986047363281276,0.019903157,0.06289673,6.743216882939395,24.353234863281276,0.018384907,0.15649414,3.840150515467501,0,0,0
2015-12-20 22:00:00,1168.6746,26.909509277343773,0.020048264,0.028007507,17.347518752269778,25.940759277343773,0.019910935,0.052124023,7.223380940269726,24.354821777343773,0.018560532,0.16973877,3.609537532168973,0,0,0
2015-12-20 23:00:00,1117.5195,26.784387207031276,0.01998033,0.030166626,17.381788997255637,25.815637207031276,0.01985826,0.04156494,7.761248811146342,24.339074707031276,0.018668074,0.16748047,3.6142339168522417,0,0,0
2015-12-21 00:00:00,1078.8,26.689660644531276,0.01988226,0.03138733,18.17007579395062,25.650598144531276,0.01974493,0.046691895,8.263116279737677,24.275598144531276,0.018669186,0.17077637,3.808329280180552,0,0,0
2015-12-21 01:00:00,1020.4919,26.597375488281276,0.019761126,0.026687622,18.55447091978861,25.402062988281276,0.019494098,0.05860901,9.005523398193747,24.120812988281276,0.018502276,0.19140625,4.117830079402948,0,0,0
2015-12-21 02:00:00,993.2502,26.518395996093773,0.01970036,0.02217102,18.48426027212388,25.135583496093773,0.019212078,0.059570312,9.517658534251446,23.955895996093773,0.018281292,0.18945312,4.474144586395065,0,0,0
2015-12-21 03:00:00,970.3631,26.444604492187523,0.019692328,0.024597168,17.824842121125968,24.866479492187523,0.018937018,0.050216675,9.522385558314229,23.796166992187523,0.018059637,0.16741943,4.802833042938541,0,0,0
2015-12-21 04:00:00,956.6664,26.420800781250023,0.019676704,0.026550293,16.399283900560167,24.639550781250023,0.0187154,0.037200928,8.91380219222385,23.631738281250023,0.01784565,0.1418457,4.861866287476677,0,0,0
2015-12-21 05:00:00,974.643,26.395135498046898,0.019607661,0.028640747,14.733084679716178,24.410760498046898,0.018509028,0.02772522,8.165754455170909,23.481072998046898,0.017662166,0.12161255,4.791288559079485,0,0,0
2015-12-21 06:00:00,989.8966,26.386071777343773,0.019561803,0.024551392,13.103429086342278,24.268884277343773,0.018356359,0.020851135,7.804160138433128,23.347009277343773,0.017532384,0.10882568,4.609921511563233,0,0,0
2015-12-21 07:00:00,1095.4613,27.041589355468773,0.019821357,0.019767761,13.656226630638256,25.002526855468773,0.018875312,0.016456604,9.902743704940676,23.510339355468773,0.017669868,0.09893799,4.657418842437865,0,0,0
2015-12-21 08:00:00,1274.3913,27.847924804687523,0.019729903,0.016586304,15.84586374121266,26.097924804687523,0.019676497,0.01725769,10.474415743245707,24.066674804687523,0.017952254,0.09939575,4.873195390475456,0,0,0
2015-12-21 09:00:00,1430.5791,28.536706542968773,0.019737493,0.01864624,16.025522979915042,27.536706542968773,0.020088445,0.02217102,12.252105955377504,24.825769042968773,0.017990362,0.093688965,5.047142844636463,0,0,0
2015-12-21 10:00:00,1505.3755,29.217614746093773,0.019859636,0.026046753,16.55205832413676,28.717614746093773,0.019996965,0.024505615,13.12349379262059,26.045739746093773,0.017753923,0.09616089,4.938035098668412,0,0,0
2015-12-21 11:00:00,1527.9126,29.708886718750023,0.019935949,0.034713745,16.9538958908112,29.646386718750023,0.019981725,0.026138306,13.154711017979556,27.052636718750023,0.017670019,0.11166382,4.7250470840288,0,0,0
2015-12-21 12:00:00,1517.7611,29.997857666015648,0.0200808,0.046279907,17.182345915777436,30.232232666015648,0.020004505,0.027023315,12.784775143265804,27.591607666015648,0.017692799,0.1244812,4.348232850862921,0,0,0
2015-12-21 13:00:00,1520.3252,30.1735778808594,0.020210408,0.05404663,17.53759233120073,30.4548278808594,0.020027302,0.027954102,12.168113938740545,27.7048278808594,0.017891072,0.12548828,3.9006534689188457,0,0,0
2015-12-21 14:00:00,1495.3969,30.137719726562523,0.02014945,0.05114746,17.613541586773625,30.372094726562523,0.020096045,0.036087036,11.528954968831297,27.465844726562523,0.018226843,0.13226318,3.6212217437937446,0,0,0
2015-12-21 15:00:00,1459.3441,29.901666259765648,0.020042839,0.03451538,17.614700073841913,29.854791259765648,0.020325126,0.048355103,10.447967871974368,26.995416259765648,0.018333854,0.12823486,3.657970645684564,0,0,0
2015-12-21 16:00:00,1389.6335,29.469506835937523,0.020157557,0.023887634,17.41950999923021,29.047631835937523,0.020683985,0.055786133,9.009755378814898,26.313256835937523,0.018387537,0.1416626,3.697773247888228,0,0,0
2015-12-21 17:00:00,1254.2108,28.675988769531276,0.020539276,0.023124695,15.499186143735551,27.879113769531276,0.020768158,0.05381775,7.265085208653044,25.410363769531276,0.018197052,0.14147949,3.835740817557453,0,0,0
2015-12-21 18:00:00,1290.6387,27.905053710937523,0.020760873,0.023262024,14.337342462447427,26.576928710937523,0.020257333,0.049301147,5.899540343401996,24.483178710937523,0.017976144,0.13104248,4.181434887275207,0,0,0
2015-12-21 19:00:00,1340.6233,27.534936523437523,0.020753844,0.018112183,15.30887454091491,26.019311523437523,0.019815428,0.042556763,6.108720652472884,23.941186523437523,0.017747862,0.12237549,4.5853343498100925,0,0,0
2015-12-21 20:00:00,1317.6256,27.2910095214844,0.020624712,0.006664276,16.212332037156404,25.5722595214844,0.019434527,0.03489685,6.184702847866359,23.6738220214844,0.017672136,0.11190796,4.468153128077198,0,0,0
2015-12-21 21:00:00,1283.0846,27.079034423828148,0.02039578,0.003967285,16.337985798998044,25.235284423828148,0.019152189,0.030212402,6.047488925729731,23.579034423828148,0.01761868,0.109954834,4.074522545113978,0,0,0
2015-12-21 22:00:00,1215.7261,26.853814697265648,0.020128759,0.0061359406,16.118045261651325,25.002252197265648,0.018991979,0.028617859,5.922926460264279,23.525689697265648,0.017611058,0.12045288,3.792489125406546,0,0,0
2015-12-21 23:00:00,1130.8341,26.670678710937523,0.019899894,0.0068683624,15.541769772648664,24.834741210937523,0.018892813,0.028137207,5.785973820995993,23.475366210937523,0.017633963,0.13360596,3.735475227732337,0,0,0
2015-12-22 00:00:00,1075.5927,26.519708251953148,0.019678647,0.008113861,14.84535671814144,24.730645751953148,0.018839413,0.028129578,5.887172033809107,23.425958251953148,0.017664487,0.14117432,3.767938646120738,0,0,0
2015-12-22 01:00:00,1033.063,26.406823730468773,0.019533709,0.012283325,14.47799512482556,24.664636230468773,0.018824175,0.027816772,6.157089018214911,23.367761230468773,0.017672136,0.15142822,3.835563993896548,0,0,0
2015-12-22 02:00:00,995.6604,26.325341796875023,0.019403972,0.018867493,14.429080115042282,24.575341796875023,0.01879362,0.0337677,6.336748518772158,23.317529296875023,0.01765684,0.15808105,3.7825799012553727,0,0,0
2015-12-22 03:00:00,961.8211,26.274041748046898,0.019358167,0.024978638,14.12385443709175,24.477166748046898,0.018709669,0.03907776,6.417684848145758,23.250604248046898,0.017595777,0.15289307,3.695074906886853,0,0,0
2015-12-22 04:00:00,951.9381,26.221704101562523,0.01931237,0.03100586,13.474922845226777,24.370141601562523,0.018579949,0.0443573,6.364177574130719,23.206079101562523,0.017534722,0.16070557,3.516782658518677,0,0,0
2015-12-22 05:00:00,977.1119,26.220025634765648,0.019289494,0.03265381,13.138693540239682,24.259088134765648,0.018435001,0.045547485,6.140956649560176,23.173150634765648,0.01745081,0.16149902,3.299782789190989,0,0,0
2015-12-22 06:00:00,979.7387,26.268762207031276,0.01934261,0.031295776,12.916880381795266,24.190637207031276,0.018327901,0.042160034,5.943681869357035,23.135949707031276,0.01733608,0.1609497,3.1793887841128528,0,0,0
2015-12-22 07:00:00,1093.8944,27.150537109375023,0.019769719,0.031280518,15.022281668681462,25.291162109375023,0.019105962,0.039520264,8.280575015792266,23.455224609375023,0.017572453,0.15997314,3.073522715315649,0,0,0
2015-12-22 08:00:00,1226.3397,28.092431640625023,0.019861285,0.03477478,17.46074999899328,26.514306640625023,0.019899432,0.042526245,9.202642189923328,24.162744140625023,0.017992083,0.15563965,3.262256942113699,0,0,0
2015-12-22 09:00:00,1376.9686,28.884606933593773,0.02001356,0.040405273,17.43582432724943,27.915856933593773,0.02013563,0.047454834,10.726352782397711,25.103356933593773,0.018197764,0.13574219,3.542462142171324,0,0,0
2015-12-22 10:00:00,1469.5069,29.538415527343773,0.020066485,0.049819946,16.62342900016819,29.116540527343773,0.020020708,0.048049927,10.732649224161596,26.429040527343773,0.017998919,0.12579346,3.07118669717128,0,0,0
2015-12-22 11:00:00,1504.8878,30.070489501953148,0.020142583,0.051757812,15.258032022470346,30.070489501953148,0.01992133,0.04689026,10.08763338022081,27.476739501953148,0.017830877,0.124572754,2.5425467370387804,0,0,0
2015-12-22 12:00:00,1491.827,30.562188720703148,0.020073792,0.057357788,13.854252048927258,30.624688720703148,0.019883057,0.046569824,9.331466159245949,27.984063720703148,0.017891785,0.1184082,2.026253693640212,0,0,0
2015-12-22 13:00:00,1510.98,30.855676269531276,0.019997086,0.06271362,12.529175534048052,30.886926269531276,0.019890275,0.04966736,8.813271502548684,28.090051269531276,0.018227067,0.11834717,1.4532649729594074,0,0,0
2015-12-22 14:00:00,1480.3272,30.941796875000023,0.019951334,0.06417847,11.5358960128838,30.832421875000023,0.019943705,0.06387329,8.19894590813457,27.941796875000023,0.018517008,0.12030029,0.969980465013881,0,0,0
2015-12-22 15:00:00,1454.5598,30.858544921875023,0.019729868,0.059265137,10.949834953004856,30.452294921875023,0.020279184,0.08898926,6.7571444276665575,27.530419921875023,0.018776193,0.11859131,0.6581630710447403,0,0,0
2015-12-22 16:00:00,1381.3981,30.596582031250023,0.019539114,0.040298462,11.013259677902369,29.909082031250023,0.020653006,0.10598755,5.3757774677881445,26.909082031250023,0.019157644,0.13916016,0.6838284949379357,0,0,0
2015-12-22 17:00:00,1272.28,29.817102050781276,0.020126354,0.02696991,10.337781842782093,28.692102050781276,0.020263683,0.11312866,4.856721738783645,26.082727050781276,0.019447338,0.15325928,0.7452514767406616,0,0,0
2015-12-22 18:00:00,1311.1143,28.746392822265648,0.02087455,0.023345947,9.426780184485391,27.168267822265648,0.020073464,0.10824585,3.1950313050791523,25.340142822265648,0.018723061,0.14923096,0.3972447060672802,0,0,0
2015-12-22 19:00:00,1328.3921,28.183374023437523,0.02093608,0.02355957,10.56573060599812,26.573999023437523,0.019768782,0.092285156,3.629692767989646,24.792749023437523,0.018471785,0.13305664,0.4499797488662616,0,0,0
2015-12-22 20:00:00,1304.2936,27.754357910156276,0.020921567,0.025291443,11.353421230845772,26.137170410156276,0.019540647,0.07241821,4.159450176657334,24.434045410156276,0.018289426,0.11706543,0.8078455274459871,0,0,0
2015-12-22 21:00:00,1283.6549,27.435327148437523,0.020777375,0.025428772,12.03320018944738,25.763452148437523,0.01932016,0.05303955,4.365289252224269,24.193139648437523,0.018091828,0.106933594,1.0733495717913235,0,0,0
2015-12-22 22:00:00,1214.7718,27.176934814453148,0.020526309,0.023277283,12.896443910374956,25.426934814453148,0.019099612,0.037384033,4.393613751877798,23.973809814453148,0.017894167,0.09994507,1.4377982186841682,0,0,0
2015-12-22 23:00:00,1126.0736,26.985192871093773,0.02024462,0.021522522,13.539670107723325,25.110192871093773,0.0188637,0.03037262,4.337150418928157,23.797692871093773,0.017719291,0.09893799,1.7297599591220587,0,0,0
2015-12-23 00:00:00,1066.582,26.799523925781276,0.020054255,0.019180298,13.614883189013716,24.862023925781276,0.018696222,0.025787354,4.318735507438402,23.674523925781276,0.017574701,0.09841919,2.0387807190976357,0,0,0
2015-12-23 01:00:00,1012.3139,26.631707763671898,0.019916741,0.01952362,13.243946854918228,24.678582763671898,0.018581597,0.023239136,4.263827048539084,23.561395263671898,0.017467706,0.09561157,2.384578022244107,0,0,0
2015-12-23 02:00:00,979.2022,26.490045166015648,0.019794563,0.020729065,12.552675802385908,24.536920166015648,0.018482307,0.024467468,4.1197955852092845,23.427545166015648,0.017353157,0.093444824,2.5771328268846787,0,0,0
2015-12-23 03:00:00,950.5045,26.385095214843773,0.019680107,0.022270203,11.958518199665804,24.424157714843773,0.018405998,0.030334473,4.099957952051173,23.291345214843773,0.017284477,0.09976196,2.666608949473741,0,0,0
2015-12-23 04:00:00,933.6156,26.3088317871094,0.019580977,0.021759033,11.15920459250798,24.3400817871094,0.018352645,0.03652954,4.094706972977378,23.1838317871094,0.017215865,0.10644531,2.638473341988791,0,0,0
2015-12-23 05:00:00,927.8365,26.292321777343773,0.019520134,0.01953125,10.409852298271392,24.245446777343773,0.018291801,0.040740967,4.019498600507432,23.089196777343773,0.01716265,0.109313965,2.5461854902362666,0,0,0
2015-12-23 06:00:00,951.3493,26.320092773437523,0.019497555,0.019332886,9.92700514056435,24.210717773437523,0.018269222,0.044906616,4.0047241518841625,23.046655273437523,0.017117184,0.11743164,2.4801750179799837,0,0,0
2015-12-23 07:00:00,1067.0662,27.0815368652344,0.019886978,0.018379211,11.230374483300023,25.3705993652344,0.019024856,0.047729492,5.836564348864621,23.5268493652344,0.017453201,0.13867188,2.1331885775489363,0,0,0
2015-12-23 08:00:00,1268.094,27.873315429687523,0.019780414,0.021591187,13.564561504021674,26.654565429687523,0.019521015,0.05368042,7.408042130756248,24.709252929687523,0.017995136,0.14312744,1.879361865978061,0,0,0
2015-12-23 09:00:00,1393.2964,28.500146484375023,0.019872231,0.03087616,13.49037712457954,28.015771484375023,0.019673867,0.055633545,8.693404203293765,25.789208984375023,0.01800303,0.15362549,1.858443057095392,0,0,0
2015-12-23 10:00:00,1457.3612,29.161981201171898,0.019757705,0.040145874,12.3203070505695,29.177606201171898,0.019536452,0.05532837,8.504049440579317,26.896356201171898,0.017774062,0.16748047,1.520443226760088,0,0,0
2015-12-23 11:00:00,1491.5355,29.766015625000023,0.019582164,0.052947998,10.778651117638583,30.094140625000023,0.019437205,0.05706787,7.8004668169447315,27.672265625000023,0.017636668,0.17810059,1.4588908558483056,0,0,0
2015-12-23 12:00:00,1492.2668,30.228540039062523,0.019444881,0.07019043,9.554580101476326,30.775415039062523,0.019406734,0.05883789,6.995708168944312,28.056665039062523,0.017789302,0.1842041,1.9166374107560595,0,0,0
2015-12-23 13:00:00,1514.5071,30.508233642578148,0.019253582,0.08389282,8.643570348233892,31.117608642578148,0.019322246,0.0687561,6.215912825190377,28.086358642578148,0.01826939,0.19189453,2.3316562861042667,0,0,0
2015-12-23 14:00:00,1496.5915,30.630426025390648,0.01905503,0.081604004,8.145567323938131,31.130426025390648,0.019245764,0.084991455,5.299546402288343,27.911676025390648,0.01828446,0.20080566,2.88784480327516,0,0,0
2015-12-23 15:00:00,1462.5831,30.691735839843773,0.01903214,0.07147217,7.84781764121315,30.988610839843773,0.019421238,0.0904541,4.124250135755771,27.472985839843773,0.018185277,0.19464111,3.604028783964824,0,0,0
2015-12-23 16:00:00,1395.2651,30.532556152343773,0.019123767,0.058135986,7.686064453069164,30.720056152343773,0.019863818,0.11099243,2.985263009297535,26.720056152343773,0.018612597,0.20483398,3.8734915104432375,0,0,0
2015-12-23 17:00:00,1290.5812,29.950250244140648,0.019825902,0.04058838,6.758317019642411,29.715875244140648,0.01985642,0.12896729,2.4436159199569327,25.934625244140648,0.018986668,0.21826172,3.712647313749846,0,0,0
2015-12-23 18:00:00,1317.4814,29.098657226562523,0.020718586,0.03314209,5.513887409858068,28.208032226562523,0.020344745,0.13458252,1.4725759477248634,25.161157226562523,0.019200336,0.21002197,3.4090505289980797,0,0,0
2015-12-23 19:00:00,1352.9735,28.582116699218773,0.020703332,0.032043457,6.432084783977426,27.582116699218773,0.020092981,0.128479,1.84624838486112,24.683679199218773,0.019124048,0.20019531,3.118419322369812,0,0,0
2015-12-23 20:00:00,1332.128,28.163659667968773,0.020824693,0.033966064,7.673959125925928,27.038659667968773,0.019954942,0.09729004,2.5085895168823527,24.421472167968773,0.018909715,0.19506836,2.929603768334707,0,0,0
2015-12-23 21:00:00,1293.9723,27.833520507812523,0.020931544,0.037261963,9.048255794481236,26.567895507812523,0.019794764,0.062210083,3.442895108156657,24.239770507812523,0.018734278,0.1862793,2.7930346296316806,0,0,0
2015-12-23 22:00:00,1236.0243,27.508721923828148,0.020939773,0.03756714,10.88610712507566,26.086846923828148,0.019551223,0.047042847,4.358040311212885,24.086846923828148,0.018567031,0.17718506,2.6563367833939133,0,0,0
2015-12-23 23:00:00,1136.0368,27.2111755371094,0.020741383,0.035507202,12.979069489451534,25.7424255371094,0.01939861,0.038391113,5.204797028643385,23.9689880371094,0.018422047,0.17059326,2.668337952297898,0,0,0
2015-12-24 00:00:00,1086.2274,26.9601989746094,0.020366773,0.032592773,14.532744158313532,25.4445739746094,0.01926814,0.035476685,5.528663480505598,23.8586364746094,0.01826869,0.159729,2.7878005716756897,20,1,0
2015-12-24 01:00:00,1046.6606,26.766198730468773,0.020060807,0.02519989,15.064664389198311,25.188073730468773,0.019130021,0.03515625,5.277198756306419,23.742761230468773,0.0181382,0.14202881,2.945362635825775,20,1,0
2015-12-24 02:00:00,1011.2933,26.597985839843773,0.019869873,0.022758484,14.691457422720635,24.957360839843773,0.018961975,0.035232544,4.811919974510691,23.613610839843773,0.018000672,0.12414551,2.9764115711304573,20,1,0
2015-12-24 03:00:00,986.5691,26.452600097656276,0.019740367,0.02192688,14.01167769456628,24.788537597656276,0.018801952,0.036209106,4.661522549604233,23.491662597656276,0.017833019,0.111816406,2.766667604637753,20,1,0
2015-12-24 04:00:00,963.4643,26.355554199218773,0.019626122,0.021133423,12.835765937684874,24.660241699218773,0.01864193,0.037231445,4.42491965786687,23.410241699218773,0.017657738,0.11395264,2.414347309977796,20,1,0
2015-12-24 05:00:00,972.339,26.323022460937523,0.019519122,0.021141052,11.805379236278414,24.557397460937523,0.018519672,0.036361694,4.209902954976495,23.393334960937523,0.017520221,0.12008667,2.1168580647036954,20,1,0
2015-12-24 06:00:00,974.2156,26.3752380371094,0.019488454,0.021324158,11.190749612608167,24.5080505371094,0.018458486,0.035568237,4.125851435787579,23.4064880371094,0.017428517,0.13012695,1.877057960273848,20,1,0
2015-12-24 07:00:00,1085.4537,27.274621582031276,0.019923491,0.020149231,13.01627100409525,25.688684082031276,0.019366546,0.03665161,6.376258833519554,23.696496582031276,0.017688079,0.13989258,1.85669439371569,20,1,0
2015-12-24 08:00:00,1244.9468,28.164392089843773,0.019984694,0.020584106,15.518652107461584,26.765954589843773,0.020122023,0.042770386,7.865397588013546,24.359704589843773,0.018184157,0.14807129,2.2791676148779345,20,1,0
2015-12-24 09:00:00,1344.3127,28.868981933593773,0.020167876,0.028312683,15.712862448506431,28.040856933593773,0.02036624,0.04597473,9.217394526772878,25.095544433593773,0.018527556,0.1461792,2.655947076017417,20,1,0
2015-12-24 10:00:00,1416.9568,29.499291992187523,0.020289881,0.04244995,15.858272427421726,29.171166992187523,0.02017544,0.044570923,9.684192211867066,25.811791992187523,0.018397791,0.1272583,2.679059650504616,20,1,0
2015-12-24 11:00:00,1403.054,30.097802734375023,0.020228531,0.045150757,15.99572672999278,30.050927734375023,0.019961502,0.04020691,9.407493250609004,26.785302734375023,0.018145707,0.1187439,2.418371756498386,20,1,0
2015-12-24 12:00:00,1310.1909,30.599694824218773,0.02000695,0.054260254,16.12382220557799,30.693444824218773,0.019923026,0.04458618,8.914077768939597,27.521569824218773,0.018038565,0.10562134,2.043478105990116,20,1,0
2015-12-24 13:00:00,1293.1803,30.844506835937523,0.01981587,0.060577393,16.030109694231108,31.000756835937523,0.019899793,0.07220459,8.517744880203814,28.047631835937523,0.018022962,0.114227295,1.59962084420253,20,1,0
2015-12-24 14:00:00,1280.8357,30.905541992187523,0.019671075,0.064331055,15.69923039390586,30.968041992187523,0.019907586,0.11099243,8.166794604901751,28.171166992187523,0.018274896,0.118255615,1.0073119761415974,20,1,0
2015-12-24 15:00:00,1252.7922,30.821832275390648,0.019564468,0.057556152,15.60854358005351,30.665582275390648,0.020190079,0.13134766,7.463090606781436,27.837457275390648,0.018809158,0.11779785,0.963032872833262,20,1,0
2015-12-24 16:00:00,1234.3535,30.477410888671898,0.019526813,0.04295349,16.044633085692308,30.008660888671898,0.020724628,0.122406006,6.1495542225124025,27.196160888671898,0.019290302,0.13842773,1.037581958750744,20,1,0
2015-12-24 17:00:00,1172.9971,29.540948486328148,0.019984683,0.03075409,16.095813657133217,28.931573486328148,0.020534,0.11935425,5.849473636128569,26.290948486328148,0.019465884,0.17443848,0.8708609436683561,20,1,0
2015-12-24 18:00:00,1295.2426,28.289697265625023,0.020388687,0.017234802,16.131884999064642,27.211572265625023,0.020297134,0.10571289,4.206200511805627,25.258447265625023,0.019053543,0.17242432,0.5727654075931218,20,1,0
2015-12-24 19:00:00,1319.4407,27.565545654296898,0.020296806,0.0077323914,18.25204969627341,26.534295654296898,0.019961113,0.09194946,4.908224863474045,24.635858154296898,0.018717522,0.15112305,0.6763500183904954,20,1,0
2015-12-24 20:00:00,1274.8613,27.153222656250023,0.0198999,0.008426666,19.51137415236243,26.020410156250023,0.019724423,0.0769043,5.573459090695539,24.379785156250023,0.018419797,0.12573242,1.2898989789796518,20,1,0
2015-12-24 21:00:00,1213.2844,26.937921142578148,0.01948827,0.010070801,19.400320935298417,25.594171142578148,0.019465381,0.06491089,5.7079736652902895,24.203546142578148,0.018145496,0.115356445,2.197466709548792,20,1,0
2015-12-24 22:00:00,1142.4598,26.7170349121094,0.019275425,0.006090164,18.760101697764043,25.2482849121094,0.01922202,0.056167603,6.047211734355912,24.0139099121094,0.017978428,0.11755371,2.734840339519469,20,1,0
2015-12-24 23:00:00,1104.1824,26.501977539062523,0.019138534,0.0062942505,18.30812747766088,24.947290039062523,0.019008834,0.047225952,6.5530644098845245,23.853540039062523,0.017856795,0.12988281,2.8622526303480065,20,1,0
2015-12-25 00:00:00,1060.9547,26.363641357421898,0.019054634,0.00762558,18.174096119900724,24.699578857421898,0.018825753,0.036346436,7.148212775028119,23.715203857421898,0.01773475,0.14111328,2.858649029735466,21,1,0
2015-12-25 01:00:00,1055.9614,26.276696777343773,0.018985735,0.008293152,18.51095983060029,24.495446777343773,0.018642412,0.025917053,7.746668319745744,23.565759277343773,0.017597185,0.14605713,2.9405335901628638,21,1,0
2015-12-25 02:00:00,1032.0321,26.223504638671898,0.01893207,0.0084991455,19.031680644758165,24.293817138671898,0.01842853,0.016822815,8.253659549895197,23.379754638671898,0.017444339,0.14086914,3.291104912607865,21,1,0
2015-12-25 03:00:00,997.5317,26.193750000000023,0.01891664,0.009654999,19.5843639207574,24.115625000000023,0.018207107,0.011917114,8.50191851786978,23.178125000000023,0.017322097,0.123413086,3.842202983389082,21,1,0
2015-12-25 04:00:00,985.258,26.184716796875023,0.018893762,0.009437561,18.80521056021089,23.919091796875023,0.017978234,0.0094566345,8.027385620899011,23.012841796875023,0.017207665,0.10110474,4.209853779299064,21,1,0
2015-12-25 05:00:00,965.6744,26.188684082031276,0.018893657,0.008358002,17.06664854485821,23.743371582031276,0.017787395,0.008758545,7.481317321933348,22.876184082031276,0.01708549,0.08282471,4.358016559231492,21,1,0
2015-12-25 06:00:00,932.8852,26.235925292968773,0.018931368,0.007846832,15.669480983023774,23.657800292968773,0.017687777,0.008712769,7.207498555734035,22.767175292968773,0.016993502,0.072021484,4.406006385074791,21,1,0
2015-12-25 07:00:00,945.3513,27.105401611328148,0.019274525,0.007171631,17.311328755225126,24.738214111328148,0.018481068,0.009925842,9.672647873375947,23.081964111328148,0.017267995,0.069122314,4.477045949025708,21,1,0
2015-12-25 08:00:00,982.6155,28.044641113281276,0.019473117,0.010623932,19.536046910934925,26.154016113281276,0.019450229,0.01235199,10.5910798237137,23.896203613281276,0.017771762,0.07159424,4.720811240584194,21,1,0
2015-12-25 09:00:00,1013.5903,28.888452148437523,0.019794151,0.026100159,19.48505906728201,27.763452148437523,0.019916221,0.014133453,12.319035942207904,24.904077148437523,0.018001243,0.07217407,4.829891093667079,21,1,0
2015-12-25 10:00:00,1036.9628,29.633203125000023,0.020000694,0.04751587,19.393787183612236,29.055078125000023,0.019832848,0.014541626,12.73277014307403,26.430078125000023,0.017757652,0.086242676,4.532852794385276,21,1,0
2015-12-25 11:00:00,1064.1772,30.251611328125023,0.0200315,0.0619812,19.151032804919875,30.048486328125023,0.019764472,0.016578674,12.38893629999217,27.548486328125023,0.017590094,0.09222412,4.06064998347174,21,1,0
2015-12-25 12:00:00,1058.0841,30.662011718750023,0.01997031,0.07180786,18.905324349434583,30.677636718750023,0.0198635,0.019203186,11.857715325906764,28.208886718750023,0.017574681,0.09350586,3.456690793616892,21,1,0
2015-12-25 13:00:00,1045.9969,30.886865234375023,0.01986356,0.08078003,18.87615508934569,30.980615234375023,0.02000089,0.023269653,11.36906270776212,28.371240234375023,0.018017247,0.09249878,2.669579316762307,21,1,0
2015-12-25 14:00:00,1053.0528,30.965417480468773,0.019672722,0.07287598,19.369936302761733,30.902917480468773,0.020107597,0.027450562,11.139686508561775,28.231042480468773,0.018276542,0.09436035,2.3431427985426287,21,1,0
2015-12-25 15:00:00,1073.5065,30.747613525390648,0.019405497,0.05406189,20.420914464308247,30.497613525390648,0.020237101,0.03189087,10.863873997784866,27.888238525390648,0.0183679,0.07913208,2.6041869086941167,21,1,0
2015-12-25 16:00:00,1035.8187,30.090966796875023,0.019252751,0.023750305,21.52832919968205,29.731591796875023,0.02051923,0.041015625,10.017545650293435,27.169091796875023,0.018527959,0.07885742,3.0673394964706606,21,1,0
2015-12-25 17:00:00,1017.0479,28.895806884765648,0.019435888,0.0068683624,21.23629453761829,28.395806884765648,0.020610815,0.059402466,8.61537315158291,26.052056884765648,0.018756872,0.09811401,3.2937278790246856,21,1,0
2015-12-25 18:00:00,1114.003,27.641961669921898,0.019726034,0.0034294128,19.574024465522044,26.704461669921898,0.019947287,0.068115234,7.638708869924478,24.891961669921898,0.018451925,0.10122681,3.922895627903179,21,1,0
2015-12-25 19:00:00,1162.6168,27.079614257812523,0.019764537,0.002114296,18.9276130595702,25.954614257812523,0.019528026,0.066101074,7.605361402603363,24.267114257812523,0.018025035,0.09664917,4.8819548426457535,21,1,0
2015-12-25 20:00:00,1154.5107,26.809045410156276,0.019688291,0.003074646,18.38238252525193,25.527795410156276,0.01919238,0.060165405,7.2699737647001665,23.918420410156276,0.017834349,0.10543823,5.002172133698046,21,1,0
2015-12-25 21:00:00,1129.0838,26.648339843750023,0.019612065,0.0027837753,18.00757347997555,25.226464843750023,0.018955937,0.05229187,7.088886016471756,23.773339843750023,0.01778101,0.114349365,4.624989751855992,21,1,0
2015-12-25 22:00:00,1122.533,26.534143066406276,0.019451635,0.00288105,18.90467711206478,25.018518066406276,0.018810766,0.041534424,7.508578757601631,23.752893066406276,0.017773168,0.13659668,4.268663709893772,21,1,0
2015-12-25 23:00:00,1082.8792,26.433709716796898,0.019268526,0.003115654,19.947322281417385,24.847772216796898,0.018688692,0.030326843,8.052743773490755,23.730584716796898,0.017727388,0.1463623,4.044993166735033,21,1,0
2015-12-26 00:00:00,1019.044,26.330895996093773,0.01911647,0.002770424,20.63254030313164,24.651208496093773,0.018521378,0.02217102,8.534023456184546,23.643395996093773,0.017636368,0.14257812,4.142161421260235,0,0,0
2015-12-26 01:00:00,985.1964,26.209497070312523,0.019031866,0.0021686554,20.530102573887348,24.412622070312523,0.018314702,0.017158508,8.64848966257135,23.521997070312523,0.017513616,0.12460327,4.7301857420278175,0,0,0
2015-12-26 02:00:00,968.2724,26.1157165527344,0.018954474,0.0037059784,20.611951971778755,24.2016540527344,0.01812287,0.015930176,8.580179377461409,23.3735290527344,0.01737519,0.10714722,5.1394409522828415,0,0,0
2015-12-26 03:00:00,961.4372,26.0505310058594,0.018961834,0.004688263,20.536350634611185,24.0739685058594,0.0179929,0.020057678,8.506815863629312,23.2224060058594,0.017222332,0.098602295,5.504549918836232,0,0,0
2015-12-26 04:00:00,937.137,25.999597167968773,0.019030329,0.005449295,19.17239445735758,23.983972167968773,0.01788592,0.0206604,8.135423639728392,23.069909667968773,0.017039057,0.10134888,5.601408198956788,0,0,0
2015-12-26 05:00:00,928.7123,25.954949951171898,0.0190758,0.0059776306,17.34204966855253,23.908074951171898,0.01781695,0.016555786,7.979701702881366,22.947137451171898,0.01692431,0.08999634,5.285509814427846,0,0,0
2015-12-26 06:00:00,917.7397,25.971093750000023,0.01912917,0.0060424805,15.887289472936375,23.885156250000023,0.017763508,0.012989044,8.00776457207456,22.861718750000023,0.016840352,0.08016968,4.957383579151021,0,0,0
2015-12-26 07:00:00,949.2555,26.818170166015648,0.019480113,0.004781723,18.03668716090165,25.013482666015648,0.018328074,0.009471893,10.582719168877356,23.271295166015648,0.016954783,0.07751465,5.0363204010383695,0,0,0
2015-12-26 08:00:00,1063.7086,27.770288085937523,0.01958722,0.006883621,20.678871583828474,26.535913085937523,0.01896924,0.010353088,12.27785109216618,24.379663085937523,0.017092409,0.06515503,5.41543946826104,0,0,0
2015-12-26 09:00:00,1167.0192,28.6286560058594,0.019709192,0.011142731,20.98185674286072,28.0505310058594,0.019205652,0.012496948,14.019713473364716,25.7067810058594,0.017145716,0.058944702,5.460360679451021,0,0,0
2015-12-26 10:00:00,1250.9492,29.476647949218773,0.019732134,0.018318176,21.32536975678668,29.320397949218773,0.01928963,0.010398865,14.054667203336164,26.836022949218773,0.01713051,0.05744934,5.236274422893451,0,0,0
2015-12-26 11:00:00,1266.8683,30.106896972656276,0.019671533,0.039016724,21.801634183055125,30.278771972656276,0.019442651,0.007545471,13.75115046456554,27.731896972656276,0.017146204,0.059249878,4.863539373326886,0,0,0
2015-12-26 12:00:00,1257.2536,30.371484375000023,0.019511811,0.06564331,22.001261005675197,30.918359375000023,0.019557588,0.008792877,13.381688448169646,28.355859375000023,0.017207734,0.06567383,4.269224119875165,0,0,0
2015-12-26 13:00:00,1246.1145,30.4067321777344,0.019328916,0.07873535,21.8743419264854,31.2348571777344,0.019611204,0.014278412,12.814755494117843,28.6098571777344,0.01765045,0.07522583,3.498717694394036,0,0,0
2015-12-26 14:00:00,1238.5731,30.302758789062523,0.019077217,0.08602905,21.45213403289821,31.224633789062523,0.01967231,0.023857117,11.973797094656886,28.615258789062523,0.01766578,0.08480835,3.011393445922505,0,0,0
2015-12-26 15:00:00,1236.4873,30.038110351562523,0.018856555,0.06163025,20.91756105169918,30.897485351562523,0.019764453,0.03781128,10.924520011501167,28.334985351562523,0.017742664,0.10021973,2.824492513597061,0,0,0
2015-12-26 16:00:00,1186.9018,29.526452636718773,0.018818254,0.028320312,20.868420703685644,30.182702636718773,0.019962663,0.052383423,9.904260654883489,27.698327636718773,0.017963761,0.10977173,3.111794357281547,0,0,0
2015-12-26 17:00:00,1166.022,28.525994873046898,0.019016262,0.015541077,19.9253393127574,28.822869873046898,0.02030563,0.065216064,7.886211806353105,26.588494873046898,0.018367764,0.12976074,3.238126208156588,0,0,0
2015-12-26 18:00:00,1239.1621,27.376031494140648,0.019351488,0.008911133,17.839466712062915,27.016656494140648,0.020022875,0.06878662,6.297023424240387,25.391656494140648,0.018352037,0.13690186,3.586535774138693,0,0,0
2015-12-26 19:00:00,1280.541,26.844384765625023,0.019366492,0.007949829,17.867158198830914,26.219384765625023,0.01963352,0.07199097,6.585536558497392,24.656884765625023,0.018069495,0.14007568,4.4868447274295935,0,0,0
2015-12-26 20:00:00,1253.9799,26.569268798828148,0.019229408,0.011909485,17.974794822232806,25.600518798828148,0.019267555,0.06323242,7.340534919975311,24.131768798828148,0.018039223,0.14361572,4.798777257628756,0,0,0
2015-12-26 21:00:00,1201.7426,26.422235107421898,0.019069353,0.018554688,18.017736927653832,25.140985107421898,0.0189778,0.044647217,7.827390438496099,23.867547607421898,0.017940203,0.14068604,4.648709056455464,0,0,0
2015-12-26 22:00:00,1155.5134,26.287377929687523,0.01888644,0.024360657,17.764624626559343,24.756127929687523,0.018741481,0.02924347,8.062336140231686,23.670190429687523,0.017803065,0.13171387,4.489413033756729,0,0,0
2015-12-26 23:00:00,1103.1688,26.148950195312523,0.01872638,0.023117065,17.16842501526808,24.438012695312523,0.018520387,0.016113281,8.099924468641982,23.492700195312523,0.017635377,0.11828613,4.365234748584296,0,0,0
2015-12-27 00:00:00,1067.1587,26.032739257812523,0.018588962,0.032669067,17.020015333014104,24.196801757812523,0.018306674,0.008609772,8.155649518237713,23.329614257812523,0.017497959,0.10733032,4.291529931911712,0,0,0
2015-12-27 01:00:00,1041.2896,25.967340087890648,0.018482015,0.043624878,17.01326994936944,24.014215087890648,0.018115804,0.004550934,8.337464975629501,23.170465087890648,0.017391011,0.098480225,4.339171638805827,0,0,0
2015-12-27 02:00:00,1011.8492,25.950311279296898,0.018489579,0.060424805,17.054690756699188,23.864373779296898,0.01796315,0.0022706985,8.309710509838728,23.020623779296898,0.017299393,0.09262085,4.449488042463633,0,0,0
2015-12-27 03:00:00,982.3329,25.972985839843773,0.018550562,0.06997681,16.923300017907078,23.738610839843773,0.017841028,0.0012431145,8.25297592588884,22.902673339843773,0.017223047,0.08557129,4.510275762293789,0,0,0
2015-12-27 04:00:00,977.1949,25.993066406250023,0.01867254,0.044418335,15.951518421185058,23.618066406250023,0.017734125,0.001200676,7.748558727499949,22.829003906250023,0.017154291,0.0798645,4.37998606562031,0,0,0
2015-12-27 05:00:00,970.2045,25.952691650390648,0.01877155,0.027297974,14.731595552815666,23.483941650390648,0.017611882,0.0024700165,7.145395597020157,22.765191650390648,0.017070195,0.076171875,4.180471359762548,0,0,0
2015-12-27 06:00:00,937.2307,25.955285644531276,0.018824777,0.026176453,13.870123539314624,23.408410644531276,0.01752778,0.0039424896,6.815297039384739,22.674035644531276,0.016925057,0.07833862,4.018950267209732,0,0,0
2015-12-27 07:00:00,933.8857,26.6476989746094,0.019038307,0.024375916,15.721342773163766,24.4992614746094,0.018336402,0.0047473907,9.156923645027796,22.9680114746094,0.017138587,0.08105469,4.016670028136391,0,0,0
2015-12-27 08:00:00,977.289,27.393884277343773,0.018992579,0.027885437,17.632914301046405,25.839196777343773,0.019290125,0.0057697296,10.063293410587717,23.737634277343773,0.017565882,0.079956055,4.321844157938437,0,0,0
2015-12-27 09:00:00,1036.9065,28.151879882812523,0.019053893,0.028068542,17.82269802129579,27.370629882812523,0.01959558,0.0050086975,12.10650478837381,24.714379882812523,0.017726379,0.07485962,4.54657022300262,0,0,0
2015-12-27 10:00:00,1101.5556,28.901269531250023,0.019108005,0.021774292,17.95167975681687,28.651269531250023,0.019268222,0.0044498444,12.70844121634963,26.221582031250023,0.017498203,0.062683105,4.376210933403059,0,0,0
2015-12-27 11:00:00,1123.8643,29.648370361328148,0.019131778,0.014053345,17.71135936825253,29.632745361328148,0.01910889,0.0047626495,12.335838192038128,27.398370361328148,0.01733124,0.060684204,3.951130060718562,0,0,0
2015-12-27 12:00:00,1125.2394,30.231896972656276,0.019132396,0.015945435,17.28087007239463,30.341271972656276,0.019140026,0.005414963,11.57485775952864,28.106896972656276,0.0173166,0.07458496,3.188545293514096,0,0,0
2015-12-27 13:00:00,1142.6926,30.615563964843773,0.019125141,0.01802063,16.66323994211967,30.740563964843773,0.019224323,0.006090164,10.739016208024408,28.412438964843773,0.017431416,0.08175659,2.3090859445178564,0,0,0
2015-12-27 14:00:00,1136.7575,30.766931152343773,0.019110162,0.024208069,15.888666396165313,30.813806152343773,0.019285638,0.007417679,9.920287689836476,28.384118652343773,0.017759759,0.0982666,1.4926437311596892,0,0,0
2015-12-27 15:00:00,1130.3455,30.689050292968773,0.019026538,0.036193848,15.320659735993544,30.548425292968773,0.019423267,0.011562347,9.139031674533149,27.899987792968773,0.018294116,0.109558105,0.9363371541873396,0,0,0
2015-12-27 16:00:00,1122.1454,30.223535156250023,0.01891224,0.03578186,16.050190034971283,29.786035156250023,0.019820139,0.016914368,8.51765273843724,27.153222656250023,0.018759653,0.14440918,0.9514189588399916,0,0,0
2015-12-27 17:00:00,1097.5597,29.157250976562523,0.019247638,0.020385742,16.723026614241366,28.297875976562523,0.019873248,0.029121399,8.090430519710473,26.204125976562523,0.018828021,0.16583252,1.0501708709103106,0,0,0
2015-12-27 18:00:00,1177.6618,27.901025390625023,0.01962907,0.010169983,16.39080444819547,26.432275390625023,0.019545147,0.04348755,6.927877592591201,25.111962890625023,0.018820355,0.171875,1.3380361917202543,0,0,0
2015-12-27 19:00:00,1236.1398,27.206140136718773,0.019499356,0.0065574646,16.667603707992917,25.588952636718773,0.019110257,0.050231934,7.766414683542411,24.409265136718773,0.018377835,0.17224121,1.947404876902917,0,0,0
2015-12-27 20:00:00,1225.5412,26.775720214843773,0.019209506,0.006023407,16.034723616270888,24.986657714843773,0.018683078,0.05355835,7.806523089675313,23.924157714843773,0.017874362,0.13830566,3.302914251643681,0,0,0
2015-12-27 21:00:00,1199.6604,26.521539306640648,0.01892728,0.011444092,15.34360125747342,24.552789306640648,0.018309299,0.053985596,7.552700327817945,23.568414306640648,0.017615024,0.11239624,4.098756845927476,0,0,0
2015-12-27 22:00:00,1153.0129,26.309014892578148,0.018744525,0.014598846,14.606173372863426,24.254327392578148,0.018065508,0.050720215,7.340726864864339,23.309014892578148,0.017455157,0.08950806,4.328755956167055,0,0,0
2015-12-27 23:00:00,1066.4677,26.114923095703148,0.018615268,0.015331268,14.17850734370884,24.021173095703148,0.017928623,0.04612732,7.028393853499682,23.130548095703148,0.017303012,0.07800293,4.44318900128378,0,0,0
2015-12-28 00:00:00,1015.3316,25.952661132812523,0.018501796,0.01863861,14.14024670376234,23.843286132812523,0.01783041,0.04550171,6.74338734016659,22.991723632812523,0.017159022,0.07312012,4.410462956943168,0,0,0
2015-12-28 01:00:00,1022.9378,25.845910644531276,0.018418001,0.025657654,14.468050570297557,23.752160644531276,0.017769502,0.045791626,6.649978700761459,22.869348144531276,0.017029451,0.07873535,4.314676554857939,0,0,0
2015-12-28 02:00:00,949.2038,25.755029296875023,0.018386137,0.031677246,14.77885289181307,23.700341796875023,0.017752897,0.038757324,6.580224999056492,22.794091796875023,0.016928922,0.08911133,4.206256157925819,0,0,0
2015-12-28 03:00:00,948.3158,25.7216735839844,0.01837703,0.033935547,15.085803723999046,23.6513610839844,0.017720902,0.033935547,6.493364609415188,22.7607360839844,0.016851151,0.09906006,4.076800174590815,0,0,0
2015-12-28 04:00:00,924.191,25.727380371093773,0.018391177,0.034179688,15.111365157840432,23.555505371093773,0.017635867,0.032455444,6.225806356392117,22.774255371093773,0.016804263,0.10800171,3.893890760397144,0,0,0
2015-12-28 05:00:00,943.9812,25.756127929687523,0.018428586,0.03437805,14.65038680780013,23.482690429687523,0.017558835,0.038360596,5.962122203445954,22.818627929687523,0.016788267,0.10507202,3.727879382961403,0,0,0
2015-12-28 06:00:00,965.5634,25.811547851562523,0.01853488,0.031082153,13.884437856589868,23.530297851562523,0.017581206,0.04295349,5.753271707946618,22.874047851562523,0.01677249,0.09555054,3.4909324244239577,0,0,0
2015-12-28 07:00:00,1073.1037,26.6242614746094,0.018931113,0.025741577,15.238512959658488,24.6320739746094,0.018381797,0.039276123,7.872082196969536,23.2570739746094,0.017046653,0.081848145,3.2415155156517548,0,0,0
2015-12-28 08:00:00,1276.3321,27.524560546875023,0.018961228,0.021949768,17.913261317534374,25.868310546875023,0.019212998,0.024139404,8.747494592831215,24.102685546875023,0.017481126,0.06896973,3.254931965481698,0,0,0
2015-12-28 09:00:00,1366.1089,28.283746337890648,0.018983837,0.02143097,18.49258116560541,27.502496337890648,0.019746777,0.023918152,10.532236912155902,25.291558837890648,0.017610546,0.06047058,3.3719783226212385,0,0,0
2015-12-28 10:00:00,1458.4426,29.046105957031276,0.019006602,0.016471863,17.74197975026982,28.889855957031276,0.019586436,0.024383545,10.810596036473584,26.749230957031276,0.017320506,0.05307007,2.990551713864676,0,0,0
2015-12-28 11:00:00,1472.09,29.687554931640648,0.019075166,0.014945984,16.24195540621512,29.953179931640648,0.019510042,0.019599915,9.867181689335432,27.843804931640648,0.017167818,0.053100586,2.273287999851506,0,0,0
2015-12-28 12:00:00,1473.7318,30.149743652343773,0.019006487,0.017089844,14.541824309069336,30.680993652343773,0.019487139,0.016555786,8.640452916671938,28.649743652343773,0.017152544,0.055221558,1.2594391908212603,0,0,0
2015-12-28 13:00:00,1496.8455,30.480554199218773,0.01899126,0.017822266,12.938198329488678,31.121179199218773,0.019380359,0.025566101,7.536574304018388,28.996179199218773,0.017633228,0.064453125,0.0687245209308178,0,0,0
2015-12-28 14:00:00,1533.5125,30.607934570312523,0.018968193,0.023620605,11.81275686802188,31.217309570312523,0.019174187,0.0446167,6.800073971065527,29.029809570312523,0.017526237,0.07449341,0.9297672827330598,0,0,0
2015-12-28 15:00:00,1485.0545,30.513269042968773,0.018929718,0.028770447,11.829508193459317,30.982019042968773,0.019067047,0.04093933,6.255175966490882,28.622644042968773,0.01752591,0.08224487,1.6009449842949337,0,0,0
2015-12-28 16:00:00,1383.9276,30.158776855468773,0.018868428,0.024383545,12.994855244187326,30.440026855468773,0.01960085,0.031661987,5.2576357000363645,27.705651855468773,0.018052083,0.094573975,1.8604261411601477,0,0,0
2015-12-28 17:00:00,1285.8489,29.342309570312523,0.019326068,0.00875473,13.021454997529483,29.201684570312523,0.019585468,0.03250122,5.014815095058049,26.670434570312523,0.018608905,0.12664795,1.7552656170772796,0,0,0
2015-12-28 18:00:00,1324.4564,28.235131835937523,0.019943897,0.003493309,11.886436785494904,27.203881835937523,0.019463245,0.028030396,3.534185636188089,25.657006835937523,0.018913928,0.14056396,1.5284893561040351,0,0,0
2015-12-28 19:00:00,1347.5946,27.620751953125023,0.019974435,0.0023727417,12.2130363479332,26.433251953125023,0.019104684,0.02268982,3.973490151173881,25.230126953125023,0.018471444,0.12634277,1.0655805421879532,0,0,0
2015-12-28 20:00:00,1328.7926,27.233300781250023,0.019921413,0.0016174316,12.076933313876593,25.842675781250023,0.018906703,0.01752472,4.509194746003465,24.920800781250023,0.018334499,0.10247803,0.6042664237262364,0,0,0
2015-12-28 21:00:00,1274.3946,26.960534667968773,0.019838586,0.0013618469,11.89086762390033,25.319909667968773,0.018717065,0.013168335,4.8650459606512735,24.601159667968773,0.018190637,0.07998657,0.7690833659869732,0,0,0
2015-12-28 22:00:00,1195.7813,26.735650634765648,0.019710602,0.0013046265,12.278594487923971,24.884088134765648,0.018497529,0.0072250366,5.147595664678235,24.274713134765648,0.018024506,0.06536865,0.9887820311709888,0,0,0
2015-12-28 23:00:00,1131.2057,26.534722900390648,0.019613188,0.0019183159,12.680431976180428,24.480035400390648,0.018285673,0.003835678,5.250303161587359,23.995660400390648,0.01782791,0.057525635,1.3246185887386674,0,0,0
2015-12-29 00:00:00,1058.9899,26.355676269531276,0.019515913,0.0031633377,12.827464940958656,24.105676269531276,0.018096846,0.0036363602,5.102802224822582,23.785363769531276,0.017616194,0.057617188,1.762129988282347,0,0,0
2015-12-29 01:00:00,1038.2749,26.1745544433594,0.019425975,0.004114151,12.809654290494814,23.7995544433594,0.017930614,0.006504059,4.9725329526612,23.5651794433594,0.017419444,0.06362915,2.207982274227932,0,0,0
2015-12-29 02:00:00,984.6308,26.030725097656276,0.01934191,0.007286072,12.785691101467243,23.561975097656276,0.017770255,0.008811951,4.903812350057371,23.374475097656276,0.017281974,0.068847656,2.5939439062231475,0,0,0
2015-12-29 03:00:00,966.0185,25.932092285156276,0.019166484,0.009590149,12.76464713302581,23.393029785156276,0.017625347,0.0153923035,4.853612847995054,23.221154785156276,0.017167583,0.07382202,2.937014597294412,0,0,0
2015-12-29 04:00:00,937.817,25.866052246093773,0.018853912,0.012813568,11.929424285682936,23.264489746093773,0.01750351,0.020576477,4.685913873493992,23.147302246093773,0.017061004,0.08099365,3.0045326276313093,0,0,0
2015-12-29 05:00:00,950.8135,25.842218017578148,0.018639853,0.013282776,10.660652700055984,23.178155517578148,0.01741915,0.024108887,4.634888755426283,23.115655517578148,0.016969016,0.08862305,2.94111488631792,0,0,0
2015-12-29 06:00:00,968.9301,25.894311523437523,0.018494802,0.012664795,9.9738436150523,23.191186523437523,0.017403798,0.02885437,4.759686914293285,23.081811523437523,0.016900258,0.08392334,2.9161420651903365,0,0,0
2015-12-29 07:00:00,1091.2495,26.815606689453148,0.018678578,0.010276794,11.895821512531525,24.831231689453148,0.018190296,0.033569336,7.081564025111123,23.526544189453148,0.01713744,0.07635498,2.924396349899713,0,0,0
2015-12-29 08:00:00,1268.428,27.686822509765648,0.018526066,0.006149292,14.008667665962763,26.491510009765648,0.018800724,0.035247803,8.212044732003104,24.624322509765648,0.01733588,0.07192993,3.0856707416595563,0,0,0
2015-12-29 09:00:00,1388.3571,28.3503356933594,0.0187704,0.0020160675,14.16906875770067,28.0690856933594,0.019052688,0.03326416,9.381511349630564,25.9518981933594,0.017336074,0.061553955,3.023226452935668,0,0,0
2015-12-29 10:00:00,1456.8988,29.062615966796898,0.01903026,0.0019392967,14.296206391256264,29.234490966796898,0.019190477,0.028427124,9.465449320289077,27.179803466796898,0.017206835,0.052139282,2.7772928508488657,0,0,0
2015-12-29 11:00:00,1470.0627,29.674279785156276,0.019198626,0.0026817322,14.055855217220016,30.174279785156276,0.019313067,0.02229309,9.11494040130198,28.158654785156276,0.01714632,0.05117798,2.3720482925014887,0,0,0
2015-12-29 12:00:00,1473.5916,30.101098632812523,0.0191764,0.002872467,13.505473286238535,30.835473632812523,0.01941291,0.01776886,8.61200189797203,28.843286132812523,0.017261421,0.0488739,1.7140069053626532,0,0,0
2015-12-29 13:00:00,1502.5747,30.352990722656276,0.019139502,0.0024442673,12.776217067845131,31.243615722656276,0.019444678,0.016098022,8.196054458414899,29.149865722656276,0.017712805,0.04978943,0.793853217269823,0,0,0
2015-12-29 14:00:00,1514.8421,30.439508056640648,0.019094003,0.0018634796,12.234600280792248,31.314508056640648,0.019361032,0.02028656,7.801600424095436,29.158258056640648,0.01788093,0.038772583,0.4605562835198242,0,0,0
2015-12-29 15:00:00,1495.1257,30.302545166015648,0.019025225,0.0045833588,12.087682491846056,31.052545166015648,0.019383807,0.019500732,7.215142634324188,28.872857666015648,0.01794948,0.046417236,0.7493634848867238,0,0,0
2015-12-29 16:00:00,1412.6044,29.9277282714844,0.018956535,0.0055122375,12.703895668216337,30.4277282714844,0.019727103,0.023399353,6.271040870383677,28.1699157714844,0.018269889,0.03956604,0.9413611645804452,0,0,0
2015-12-29 17:00:00,1285.5189,29.149743652343773,0.019391458,0.0017313957,12.680689781753374,29.134118652343773,0.019795816,0.017456055,5.988657453630474,27.087243652343773,0.018933695,0.05116272,0.9193039022374684,0,0,0
2015-12-29 18:00:00,1318.6997,28.137017822265648,0.019917889,0.002667427,12.295931985412595,27.293267822265648,0.019704266,0.025344849,4.783552373906217,25.941705322265648,0.01940672,0.075408936,0.6185153841493057,0,0,0
2015-12-29 19:00:00,1364.3627,27.573510742187523,0.019917823,0.0027647018,12.951572520099951,26.550073242187523,0.01933799,0.0236969,5.575229273986814,25.307885742187523,0.018773414,0.07324219,0.5100242826697492,0,0,0
2015-12-29 20:00:00,1328.1561,27.229180908203148,0.019879615,0.001721859,12.8201549814649,25.940118408203148,0.01906327,0.019485474,6.265986174640325,24.877618408203148,0.018483436,0.05581665,0.8600529351410503,0,0,0
2015-12-29 21:00:00,1272.731,26.969445800781276,0.01987283,0.0020284653,12.546442593050935,25.391320800781276,0.018789455,0.015163422,6.724584721218966,24.617883300781276,0.018209621,0.045135498,1.7317386281931644,0,0,0
2015-12-29 22:00:00,1214.8522,26.766076660156276,0.019958803,0.003873825,13.115682588441295,24.961389160156276,0.0184787,0.010242462,7.156371613514444,24.414514160156276,0.017898867,0.041030884,3.0264840324128106,0,0,0
2015-12-29 23:00:00,1149.537,26.6103454589844,0.02008234,0.0054073334,14.367162361060796,24.6337829589844,0.018251285,0.009635925,7.584131685369163,24.1728454589844,0.017709598,0.03881836,3.7487664673466767,0,0,0
2015-12-30 00:00:00,1089.8722,26.4865661621094,0.020074178,0.007493973,15.568227544017486,24.4006286621094,0.018121053,0.012363434,7.782860896647984,23.9240661621094,0.01751833,0.040390015,4.10355294894675,0,0,0
2015-12-30 01:00:00,1051.9561,26.407556152343773,0.01987487,0.013607025,17.060797476872967,24.188806152343773,0.018051445,0.01473999,7.7024150578496275,23.673181152343773,0.017311394,0.047073364,4.38775651622056,0,0,0
2015-12-30 02:00:00,1010.7924,26.335076904296898,0.01961538,0.014324188,18.640445812607958,24.022576904296898,0.018005578,0.016464233,7.537579937411357,23.452264404296898,0.017120568,0.060256958,4.582705009856837,0,0,0
2015-12-30 03:00:00,988.0809,26.264703369140648,0.01936407,0.013801575,19.63612682026333,23.913140869140648,0.01797552,0.013332367,7.4031024203070865,23.256890869140648,0.01696081,0.07611084,4.671115763029071,0,0,0
2015-12-30 04:00:00,975.361,26.198388671875023,0.019212293,0.011425018,19.044803565452693,23.831201171875023,0.017930554,0.01317215,6.9521571043324615,23.143701171875023,0.016877698,0.088653564,4.55882088926409,0,0,0
2015-12-30 05:00:00,976.171,26.1455017089844,0.019129308,0.011096954,17.694031307095745,23.7783142089844,0.017916234,0.022529602,6.671286812434664,23.1220642089844,0.016863378,0.08917236,4.220698890666259,0,0,0
2015-12-30 06:00:00,993.15,26.141381835937523,0.019099772,0.010421753,16.767894967339885,23.805444335937523,0.017947733,0.030921936,6.647490273045672,23.164819335937523,0.016879618,0.103881836,4.003329305326504,0,0,0
2015-12-30 07:00:00,1125.538,26.820642089843773,0.019275634,0.008579254,18.972244171134847,25.351892089843773,0.018604247,0.035064697,9.493169220066624,23.687829589843773,0.017154662,0.10632324,3.9509885106365017,0,0,0
2015-12-30 08:00:00,1302.2294,27.650415039062523,0.019251432,0.00658226,21.124455386031737,26.994165039062523,0.019167509,0.031921387,11.976208122967748,24.923852539062523,0.017466154,0.10797119,4.080106603688308,0,0,0
2015-12-30 09:00:00,1401.7012,28.428430175781276,0.019365292,0.004301071,21.468324615395403,28.389367675781276,0.019304257,0.017303467,13.954930129551144,26.350305175781276,0.017671566,0.10751343,4.222860546269235,0,0,0
2015-12-30 10:00:00,1469.742,29.235192871093773,0.019510774,0.0043945312,21.568132161853327,29.524255371093773,0.01932004,0.007577896,13.969627354866626,27.571130371093773,0.01778653,0.0954895,3.983564406573231,0,0,0
2015-12-30 11:00:00,1501.8849,29.919030761718773,0.019695135,0.0071048737,21.412473319817003,30.387780761718773,0.019283148,0.0033798218,13.61970866358053,28.465905761718773,0.017833563,0.07901001,3.5361092074411493,0,0,0
2015-12-30 12:00:00,1492.9648,30.399194335937523,0.019857226,0.0073566437,20.834576155963266,30.985131835937523,0.019254504,0.0014925003,13.049662829022514,28.930444335937523,0.018132983,0.065216064,2.9220535990755474,0,0,0
2015-12-30 13:00:00,1523.4541,30.729394531250023,0.019827902,0.005947113,19.865194528982503,31.276269531250023,0.019263327,0.0006608963,12.538596205553004,29.018457031250023,0.0183478,0.058670044,2.5349497650180086,0,0,0
2015-12-30 14:00:00,1509.7037,30.804467773437523,0.01981249,0.004432678,19.19327191248389,31.202905273437523,0.019263174,0.00056505203,12.176448264333256,28.827905273437523,0.018233206,0.06147766,2.6453726151604373,0,0,0
2015-12-30 15:00:00,1490.5631,30.628991699218773,0.019757984,0.003189087,18.975835970229166,30.769616699218773,0.019208668,0.00070881844,11.915090049182464,28.386804199218773,0.018049,0.057357788,3.0441911115342792,0,0,0
2015-12-30 16:00:00,1428.9655,30.101892089843773,0.019673178,0.0021686554,19.156163503131083,29.898767089843773,0.019169638,0.00069975853,11.363266841581618,27.664392089843773,0.017926047,0.046295166,3.702478511729917,0,0,0
2015-12-30 17:00:00,1311.228,29.139123535156276,0.01981754,0.011726379,18.554103880624044,28.389123535156276,0.01919956,0.0015101433,9.757559079131385,26.514123535156276,0.017986486,0.033950806,4.08309461142342,0,0,0
2015-12-30 18:00:00,1349.2455,28.071923828125023,0.020145299,0.02584076,17.162929107791655,26.532861328125023,0.01873386,0.004415512,8.438189913200015,25.228173828125023,0.017749669,0.035003662,4.67977757438876,0,0,0
2015-12-30 19:00:00,1375.2541,27.534539794921898,0.020335859,0.018089294,17.653809565855752,25.768914794921898,0.018329328,0.003976822,8.842976592520706,24.440789794921898,0.017390912,0.035461426,5.457912419909139,0,0,0
2015-12-30 20:00:00,1350.5493,27.173394775390648,0.020304624,0.012516022,17.9966419902382,25.306207275390648,0.018160764,0.0026855469,8.852069392963536,23.868707275390648,0.017245237,0.043411255,5.642339911735683,0,0,0
2015-12-30 21:00:00,1313.7518,26.971704101562523,0.020144222,0.0076942444,18.368445224576348,25.049829101562523,0.01815295,0.0021705627,8.771198329504244,23.518579101562523,0.01714587,0.057724,5.552971977225006,0,0,0
2015-12-30 22:00:00,1251.408,26.779626464843773,0.020014811,0.005634308,18.74656257553468,24.920251464843773,0.018244792,0.0030069351,8.836866985781196,23.342126464843773,0.01713853,0.06970215,5.518754174996651,0,0,0
2015-12-30 23:00:00,1189.8864,26.575830078125023,0.019954344,0.0070991516,19.245003933270617,24.880517578125023,0.01836743,0.007091522,8.924530222093408,23.247705078125023,0.017184874,0.07748413,5.364298293556295,0,0,0
2015-12-31 00:00:00,1121.6919,26.444451904296898,0.019938437,0.009986877,19.88309140736355,24.749139404296898,0.018404929,0.0119018555,8.50728768235371,23.171014404296898,0.017230002,0.079071045,5.1193345962213535,22,1,0
2015-12-31 01:00:00,1078.9354,26.358666992187523,0.019831019,0.0117378235,20.551608859380924,24.327416992187523,0.018328028,0.010292053,7.259923528473439,23.077416992187523,0.017244654,0.08908081,4.846879745864759,22,1,0
2015-12-31 02:00:00,1042.23,26.2863708496094,0.019770231,0.011772156,20.48761349007137,24.1223083496094,0.0182825,0.0071754456,7.015143172746432,23.0285583496094,0.017244902,0.095336914,4.568816086151548,22,1,0
2015-12-31 03:00:00,1012.2385,26.213800048828148,0.019747231,0.013828278,20.294321613350217,24.049737548828148,0.0182595,0.0069618225,7.129782194152032,22.995050048828148,0.017221902,0.11105347,4.387296290436946,22,1,0
2015-12-31 04:00:00,999.6815,26.179040527343773,0.019701008,0.014408112,19.08780224753791,24.038415527343773,0.018243793,0.007991791,7.126770000452046,22.975915527343773,0.017175678,0.11816406,4.142798612303289,22,1,0
2015-12-31 05:00:00,999.9466,26.174401855468773,0.019593155,0.011173248,17.887251942192158,24.041589355468773,0.018227493,0.008815765,7.000794098634427,22.994714355468773,0.01714412,0.1133728,3.994064684008351,22,1,0
2015-12-31 06:00:00,1004.8148,26.205133056640648,0.01952351,0.008346558,17.046519199927477,24.080133056640648,0.018211255,0.00756073,6.786608794489584,23.033258056640648,0.01713551,0.10092163,3.8728810183379183,22,1,0
2015-12-31 07:00:00,1099.1906,26.892114257812523,0.019667514,0.0065898895,19.82477489983434,25.407739257812523,0.019026645,0.0056114197,9.363329136884742,23.462426757812523,0.017462619,0.096588135,4.003310202394903,22,1,0
2015-12-31 08:00:00,1213.4727,27.795617675781276,0.019567953,0.007452011,22.49096852430177,26.912805175781276,0.019903647,0.0043125153,10.901172539875729,24.303430175781276,0.017920004,0.09921265,4.542783885812423,22,1,0
2015-12-31 09:00:00,1297.4118,28.734918212890648,0.019643825,0.009189606,22.85779566432065,28.406793212890648,0.020238917,0.0034275055,13.441342445494817,25.492730712890648,0.018110316,0.08035278,5.067807733933766,22,1,0
2015-12-31 10:00:00,1369.5457,29.524072265625023,0.019895567,0.01902771,23.209293569245023,29.508447265625023,0.020055784,0.0025568008,14.15034302204726,26.906884765625023,0.017934812,0.064331055,5.190690841119423,22,1,0
2015-12-31 11:00:00,1361.7725,30.099145507812523,0.020132145,0.032409668,23.187154304827047,30.349145507812523,0.019994816,0.0022192001,14.02158363877839,27.864770507812523,0.017889103,0.05757141,4.989377923080809,22,1,0
2015-12-31 12:00:00,1309.8712,30.446343994140648,0.020246465,0.04725647,22.863217340377105,30.915093994140648,0.020070989,0.0020542145,13.687976116103846,28.469781494140648,0.01791187,0.052337646,4.533249167521189,22,1,0
2015-12-31 13:00:00,1286.0079,30.597772216796898,0.020177623,0.06123352,22.918719347581423,31.160272216796898,0.020124217,0.003042221,13.246779831465467,28.652459716796898,0.018316051,0.051101685,3.817951754537449,22,1,0
2015-12-31 14:00:00,1274.1877,30.517144775390648,0.019963618,0.064971924,23.397075763797385,31.032769775390648,0.020108577,0.00806427,12.71581491106799,28.595269775390648,0.01817071,0.055770874,3.428885436239322,22,1,0
2015-12-31 15:00:00,1263.8339,30.075616455078148,0.019673273,0.058258057,23.912525600932128,30.513116455078148,0.020016596,0.017662048,11.96805759588448,28.224053955078148,0.018246576,0.061569214,3.2606200622556303,22,1,0
2015-12-31 16:00:00,1240.1605,29.277429199218773,0.019406032,0.04270935,24.159895789824827,29.699304199218773,0.020123195,0.026260376,10.691608675182254,27.425866699218773,0.018437099,0.071899414,3.2265863464804325,22,1,0
2015-12-31 17:00:00,1211.8172,28.194238281250023,0.01923813,0.030014038,23.214819496138265,28.381738281250023,0.020268098,0.0345459,8.531780868613485,26.412988281250023,0.01848282,0.10055542,3.1361601746194565,22,1,0
2015-12-31 18:00:00,1286.4197,27.186853027343773,0.019184744,0.016342163,21.020284959075653,26.663415527343773,0.01974932,0.04524231,6.9940302242971,25.304040527343773,0.018269217,0.11444092,3.4781921709263086,22,1,0
2015-12-31 19:00:00,1327.8929,26.721643066406276,0.019085968,0.010040283,19.703712911282334,25.924768066406276,0.019383514,0.050476074,6.934806911363011,24.612268066406276,0.018071258,0.11715698,4.408015834766061,22,1,0
2015-12-31 20:00:00,1291.4469,26.522149658203148,0.018949477,0.011363983,18.57871606141616,25.451837158203148,0.019124953,0.04748535,7.01221723343406,24.217462158203148,0.017995803,0.118011475,4.663522776904209,22,1,0
2015-12-31 21:00:00,1242.5362,26.431176757812523,0.018836992,0.012630463,18.260525136459723,25.142114257812523,0.018928545,0.039215088,7.187345375056373,23.985864257812523,0.017875688,0.11480713,4.744049852868353,22,1,0
2015-12-31 22:00:00,1182.0172,26.319177246093773,0.018847743,0.012718201,18.280780793257517,24.920739746093773,0.018786708,0.032089233,7.613805303803324,23.787927246093773,0.017771998,0.110839844,4.880371010700662,22,1,0
2015-12-31 23:00:00,1142.543,26.2040954589844,0.018925352,0.01726532,18.483045952193557,24.7275329589844,0.018665953,0.036712646,8.076813508935928,23.5869079589844,0.01768176,0.104644775,5.056629744746768,22,1,0
2016-01-01 00:00:00,1051.9523,26.134423828125023,0.018925544,0.025894165,19.37830613803221,24.571923828125023,0.018544074,0.047058105,8.575731087261905,23.400048828125023,0.017575141,0.09768677,5.229912273043213,1,1,0
2016-01-01 01:00:00,1046.5185,25.997979736328148,0.01911586,0.023078918,18.581615024834424,24.396417236328148,0.018398697,0.056762695,8.833828261803214,23.224542236328148,0.017445022,0.096954346,5.545721817710581,1,1,0
2016-01-01 02:00:00,1016.3542,25.954492187500023,0.019176826,0.025375366,19.43671013015304,24.384179687500023,0.01836048,0.07366943,9.419010904466406,23.056054687500023,0.017299995,0.09841919,5.734006738297516,1,1,0
2016-01-01 03:00:00,1019.0894,25.923516845703148,0.019246215,0.02368164,19.606119609638743,24.345391845703148,0.0183078,0.099487305,9.673266943141364,22.915704345703148,0.01717865,0.09701538,5.877588012114232,1,1,0
2016-01-01 04:00:00,1005.5549,25.927758789062523,0.01928426,0.018852234,18.15876908756182,24.318383789062523,0.01826955,0.118621826,9.27031249177008,22.802758789062523,0.017064106,0.10031128,5.842376436584501,1,1,0
2016-01-01 05:00:00,960.8573,25.960534667968773,0.019276315,0.014461517,16.735154180258146,24.319909667968773,0.018246347,0.085754395,8.806782020758616,22.733972167968773,0.016964609,0.1111145,5.828739000964928,1,1,0
2016-01-01 06:00:00,934.6824,26.0261169433594,0.019290661,0.014595032,16.031687134254007,24.2448669433594,0.018161511,0.048309326,8.24211195722194,22.6745544433594,0.016895032,0.111328125,5.717570709204942,1,1,0
2016-01-01 07:00:00,933.0675,26.837121582031276,0.019511068,0.0185318,18.723971215623465,25.055871582031276,0.018702352,0.03916931,10.11227869043918,22.962121582031276,0.017069662,0.10800171,5.763261651203205,1,1,0
2016-01-01 08:00:00,967.5832,27.817651367187523,0.019304357,0.02192688,22.0205257309356,26.309838867187523,0.019571386,0.029434204,11.22640078497828,23.747338867187523,0.017465673,0.1003418,5.951295596202264,1,1,0
2016-01-01 09:00:00,989.1504,28.684442138671898,0.019258456,0.030731201,22.82260135945287,27.793817138671898,0.01996799,0.036026,13.806678946977868,24.895379638671898,0.01757999,0.090423584,6.119000354356003,1,1,0
2016-01-01 10:00:00,1007.7871,29.471246337890648,0.019402133,0.047943115,22.697503403823987,28.963433837890648,0.019837009,0.03604126,14.886240623881822,26.291558837890648,0.017403232,0.08898926,6.003696590379015,1,1,0
2016-01-01 11:00:00,999.3831,30.063012695312523,0.019515142,0.08514404,21.769199668320805,29.961450195312523,0.019774541,0.02519989,15.0239056942451,27.313012695312523,0.017378911,0.0847168,5.75704848128634,1,1,0
2016-01-01 12:00:00,980.5633,30.3403259277344,0.019544741,0.12542725,20.88183946596712,30.6293884277344,0.019735476,0.017623901,14.79067100132491,27.9809509277344,0.01740851,0.075531006,5.439833304852504,1,1,0
2016-01-01 13:00:00,985.6674,30.435113525390648,0.019513384,0.1638794,20.59503056112024,30.919488525390648,0.01968123,0.0128479,14.450424789995903,28.247613525390648,0.017499223,0.07507324,5.131231429220924,1,1,0
2016-01-01 14:00:00,990.3311,30.217309570312523,0.019399222,0.17999268,21.08720171796024,30.826684570312523,0.01955181,0.009220123,13.968811149719343,28.061059570312523,0.017942008,0.0796814,4.760288992852344,1,1,0
2016-01-01 15:00:00,983.7052,29.776696777343773,0.01928542,0.16589355,21.92658194355744,30.276696777343773,0.019499043,0.009483337,13.354976969320248,27.612634277343773,0.0180342,0.081207275,4.849729188260195,1,1,0
2016-01-01 16:00:00,978.1457,29.0798278808594,0.019240241,0.13006592,22.68018598207785,29.2673278808594,0.019614082,0.010307312,12.39641828799148,26.8376403808594,0.01800428,0.078063965,5.0101076157941336,1,1,0
2016-01-01 17:00:00,954.5712,28.202447509765648,0.019339552,0.08206177,22.083346317311435,27.780572509765648,0.019560805,0.0135269165,10.85954995081644,25.710260009765648,0.01772975,0.07589722,5.261365087641155,1,1,0
2016-01-01 18:00:00,1041.3174,27.322381591796898,0.019544847,0.048553467,19.67294998055706,26.111444091796898,0.019056566,0.028137207,9.10343176720656,24.423944091796898,0.01762224,0.07962036,5.324460198349556,1,1,0
2016-01-01 19:00:00,1096.2633,26.919396972656276,0.01955895,0.031311035,18.94014052309718,25.450646972656276,0.018635793,0.048690796,9.078579308702672,23.747521972656276,0.017354054,0.08068848,5.542108234605495,1,1,0
2016-01-01 20:00:00,1125.674,26.708947753906276,0.019436741,0.022323608,18.640217720692124,25.083947753906276,0.018284703,0.050186157,8.895429564938132,23.482385253906276,0.017041111,0.07867432,5.681145846479149,1,1,0
2016-01-01 21:00:00,1122.2571,26.536004638671898,0.01932274,0.01663971,18.400440028360865,24.809442138671898,0.01805626,0.057891846,8.4984306322797,23.387567138671898,0.01681267,0.07965088,5.733135852443729,1,1,0
2016-01-01 22:00:00,1087.6066,26.371362304687523,0.019231804,0.013221741,18.904950392768225,24.511987304687523,0.017942436,0.06689453,8.027140807767701,23.261987304687523,0.016714104,0.080322266,5.784898978417059,1,1,0
2016-01-01 23:00:00,1051.6972,26.210778808593773,0.019141212,0.010887146,19.63383681078657,24.320153808593773,0.017867103,0.06842041,8.195497234869755,23.062341308593773,0.016676918,0.08078003,5.704420884985315,1,1,0
2016-01-02 00:00:00,1004.4597,26.080133056640648,0.018996377,0.009830475,20.41393966129804,24.158258056640648,0.017783303,0.06674194,8.456923809399797,22.923883056640648,0.016608376,0.08087158,5.673309275975455,0,0,0
2016-01-02 01:00:00,978.7889,25.960717773437523,0.018767485,0.012294769,20.768735526415927,24.023217773437523,0.01769937,0.06536865,8.891136217487338,22.804467773437523,0.016516814,0.07861328,5.7343809737920175,0,0,0
2016-01-02 02:00:00,954.4416,25.8642517089844,0.018684046,0.015003204,20.73469011747169,23.9189392089844,0.017615931,0.063079834,9.167889251559348,22.8486267089844,0.016425746,0.08016968,5.785412257349323,0,0,0
2016-01-02 03:00:00,915.837,25.832788085937523,0.018677076,0.024177551,20.93049126221215,23.809350585937523,0.017532667,0.056274414,9.06900903606564,22.856225585937523,0.01636537,0.08078003,5.772744300533185,0,0,0
2016-01-02 04:00:00,915.001,25.781274414062523,0.018768039,0.029037476,19.587115938259227,23.687524414062523,0.017432895,0.05052185,8.599795804815455,22.820336914062523,0.016303744,0.079956055,5.767016880154235,0,0,0
2016-01-02 05:00:00,919.3919,25.7434020996094,0.01878297,0.030387878,18.264178402203576,23.5715270996094,0.017318126,0.046722412,8.103037836714547,22.6418395996094,0.016272899,0.077301025,5.551660567667457,0,0,0
2016-01-02 06:00:00,900.5639,25.7548767089844,0.018844243,0.03578186,16.97001036626244,23.6142517089844,0.017303105,0.046829224,7.778198952972748,22.6455017089844,0.016212102,0.0741272,5.359637765031428,0,0,0
2016-01-02 07:00:00,929.3805,26.552148437500023,0.019066159,0.043182373,19.376900998285645,24.724023437500023,0.017860714,0.045791626,9.935586674593472,23.208398437500023,0.016357724,0.07058716,5.3811403908017095,0,0,0
2016-01-02 08:00:00,1032.9802,27.510644531250023,0.01899854,0.061645508,22.638446736246788,26.315332031250023,0.018548405,0.04347229,11.657438243200904,24.291894531250023,0.016480839,0.06600952,5.382782380970707,0,0,0
2016-01-02 09:00:00,1119.3426,28.334771728515648,0.018946499,0.0718689,23.495734878805496,27.889459228515648,0.018862575,0.045715332,13.862265851973165,25.576959228515648,0.016550869,0.06640625,5.1101970606242855,0,0,0
2016-01-02 10:00:00,1201.9511,29.074182128906276,0.018962452,0.08648682,23.14114484719516,29.121057128906276,0.01886327,0.04057312,14.259828314262627,26.730432128906276,0.016551564,0.07546997,4.559115038880258,0,0,0
2016-01-02 11:00:00,1214.9812,29.660607910156276,0.019008571,0.099609375,22.08710705030341,30.051232910156276,0.018924648,0.040527344,13.606250885948956,27.660607910156276,0.016529018,0.08187866,3.8465743467226137,0,0,0
2016-01-02 12:00:00,1207.8154000000002,30.045312500000023,0.019022502,0.11004639,20.721328759907557,30.654687500000023,0.018946208,0.047592163,12.999836236949294,28.240625000000023,0.01652006,0.08288574,3.2525740011184165,0,0,0
2016-01-02 13:00:00,1213.9733,30.188409423828148,0.018983662,0.12762451,19.585927083849946,30.907159423828148,0.018907368,0.059890747,12.545240701956242,28.477471923828148,0.016534626,0.08074951,2.9706870030072885,0,0,0
2016-01-02 14:00:00,1199.3924,30.154504394531276,0.018890847,0.14147949,18.680029207978706,30.826379394531276,0.018867958,0.062561035,12.184584161411642,28.381066894531276,0.016563881,0.08660889,2.96870593229012,0,0,0
2016-01-02 15:00:00,1190.3459,29.871850585937523,0.018782903,0.13909912,18.20087378783296,30.434350585937523,0.018882085,0.061660767,11.809082234355616,27.989038085937523,0.016623784,0.08758545,3.2068314276087992,0,0,0
2016-01-02 16:00:00,1158.0375,29.328698730468773,0.01874386,0.10391235,18.174248454468916,29.641198730468773,0.019056665,0.06387329,10.89676404742813,27.320886230468773,0.016760217,0.07723999,3.680271711684638,0,0,0
2016-01-02 17:00:00,1120.0541,28.496606445312523,0.018980024,0.058029175,17.354306568743493,28.277856445312523,0.019361494,0.07070923,8.883124556482722,26.230981445312523,0.017004011,0.0932312,4.0351109525606725,0,0,0
2016-01-02 18:00:00,1182.9187,27.471826171875023,0.019430773,0.032485962,14.984030928335946,26.448388671875023,0.01908745,0.07910156,7.012625920598225,24.924951171875023,0.017126696,0.106414795,4.444856317641635,0,0,0
2016-01-02 19:00:00,1225.2524,26.955346679687523,0.01955484,0.0236969,14.481639039235004,25.666284179687523,0.018738495,0.07876587,7.111130910819357,24.142846679687523,0.017052399,0.098846436,5.347434353846822,0,0,0
2016-01-02 20:00:00,1192.2736,26.662133789062523,0.019549554,0.018928528,14.32644708324617,25.177758789062523,0.01845855,0.07867432,7.447733945370263,23.724633789062523,0.017016595,0.093688965,5.788151734404367,0,0,0
2016-01-02 21:00:00,1149.6953,26.465051269531276,0.019550582,0.014915466,14.21334969992587,24.879113769531276,0.018284103,0.0786438,7.926785645144097,23.550988769531276,0.017040512,0.10101318,5.674687045034469,0,0,0
2016-01-02 22:00:00,1113.8081,26.308282470703148,0.019564968,0.012817383,14.309831507428594,24.675469970703148,0.01815353,0.07052612,8.34982993129751,23.487969970703148,0.017054897,0.114746094,5.420388926244626,0,0,0
2016-01-02 23:00:00,1071.0141,26.195855712890648,0.019640896,0.0151023865,14.735549168651906,24.422418212890648,0.017992947,0.06588745,8.381707874054447,23.305230712890648,0.016970608,0.11834717,5.2453413648041245,0,0,0
2016-01-03 00:00:00,1007.336,26.126794433593773,0.019678421,0.018218994,15.137841994614233,24.228356933593773,0.017847367,0.05897522,8.095479466716007,23.228356933593773,0.016855545,0.124694824,5.243688746243475,0,0,0
2016-01-03 01:00:00,985.999,26.046533203125023,0.019555634,0.023277283,14.991289524143005,24.015283203125023,0.01770932,0.05152893,7.679917212278474,23.140283203125023,0.016748017,0.12423706,5.083710449905321,0,0,0
2016-01-03 02:00:00,954.8966,25.965386962890648,0.019326627,0.024421692,14.892360956408393,23.777886962890648,0.017579496,0.045043945,7.064646469309567,22.996636962890648,0.01665634,0.1237793,4.920417212265148,0,0,0
2016-01-03 03:00:00,918.7222,25.899468994140648,0.01908964,0.024642944,14.78617292368123,23.579156494140648,0.017464578,0.04043579,6.423342242285043,22.782281494140648,0.016571939,0.11569214,4.778496000707553,0,0,0
2016-01-03 04:00:00,896.3659,25.818261718750023,0.018959526,0.02633667,13.466835025326672,23.427636718750023,0.017364983,0.03970337,5.863601424937769,22.646386718750023,0.016495232,0.10519409,4.613826709772096,0,0,0
2016-01-03 05:00:00,899.0077,25.765252685546898,0.018883104,0.029556274,11.87626622566582,23.304315185546898,0.017326707,0.038742065,5.601750474912169,22.562127685546898,0.016441697,0.09509277,4.531180692997711,0,0,0
2016-01-03 06:00:00,866.5283999999999,25.796075439453148,0.01881445,0.03237915,10.619742423344531,23.280450439453148,0.017334348,0.037597656,5.647960159582697,22.514825439453148,0.01641119,0.08743286,4.474881755609255,0,0,0
2016-01-03 07:00:00,871.9125,26.696130371093773,0.018982438,0.03111267,12.402453844245604,24.844567871093773,0.017990617,0.035690308,8.38883377135684,23.055505371093773,0.016602067,0.07928467,4.50546735509193,0,0,0
2016-01-03 08:00:00,922.9785,27.5908142089844,0.018974898,0.030654907,14.248360147986796,26.6533142089844,0.018677352,0.03504944,10.015801834711583,24.3408142089844,0.016731856,0.06933594,4.531574314481633,0,0,0
2016-01-03 09:00:00,990.5658,28.437066650390648,0.019089269,0.03956604,14.614993947850376,28.304254150390648,0.019020604,0.032318115,10.645439052459457,25.819879150390648,0.016815709,0.05937195,4.048418690009461,0,0,0
2016-01-03 10:00:00,1055.4797,29.170861816406276,0.019158188,0.046173096,14.491674908808772,29.538049316406276,0.019242112,0.031044006,9.61798670902393,27.123986816406276,0.016831223,0.06655884,3.303184485644204,0,0,0
2016-01-03 11:00:00,1088.7265,29.794152832031276,0.019174749,0.04977417,14.086492131083666,30.536340332031276,0.019396001,0.035736084,8.422317150165892,28.145715332031276,0.016824896,0.069366455,2.4789187359187355,0,0,0
2016-01-03 12:00:00,1107.2068,30.191735839843773,0.019230193,0.07067871,13.371992448298553,31.222985839843773,0.01939804,0.06375122,7.215971255843605,28.847985839843773,0.016887968,0.069732666,2.074588714192186,0,0,0
2016-01-03 13:00:00,1116.5618,30.343103027343773,0.019225419,0.09411621,12.939942078025927,31.522790527343773,0.019194901,0.11038208,6.321564470359001,29.054040527343773,0.017554581,0.09515381,2.242680727842969,0,0,0
2016-01-03 14:00:00,1108.5839999999998,30.308618164062523,0.01909493,0.104644775,13.155111263765903,31.496118164062523,0.019026265,0.15344238,5.847880258187502,28.886743164062523,0.017714009,0.12915039,2.880273271947256,0,0,0
2016-01-03 15:00:00,1105.6982,30.106835937500023,0.018941447,0.10421753,13.729836734209435,31.200585937500023,0.018949077,0.17376709,5.53074550590924,28.364648437500023,0.01776652,0.1395874,3.571821581824046,0,0,0
2016-01-03 16:00:00,1086.5981000000002,29.703149414062523,0.01878853,0.077941895,14.423109394119098,30.609399414062523,0.019299699,0.17791748,4.572113564890569,27.601586914062523,0.017743303,0.14819336,4.045024103910965,0,0,0
2016-01-03 17:00:00,1075.5662,28.935998535156276,0.018933361,0.046173096,14.206779387546153,29.607873535156276,0.019497937,0.1585083,3.999183762239509,26.545373535156276,0.018094128,0.1539917,3.7655757460795938,0,0,0
2016-01-03 18:00:00,1163.5716,27.845727539062523,0.019489853,0.030815125,12.56572459270833,27.634790039062523,0.01964244,0.11779785,2.437594711224296,25.478540039062523,0.018826095,0.16448975,3.177893962733158,0,0,0
2016-01-03 19:00:00,1203.63,27.263269042968773,0.019574443,0.022499084,12.44637012190405,26.911706542968773,0.01922349,0.09246826,2.752246331107728,24.825769042968773,0.01834611,0.17279053,2.672812287415249,0,0,0
2016-01-03 20:00:00,1205.6064,26.894311523437523,0.019507049,0.015209198,12.150852427779697,26.339624023437523,0.01899588,0.07571411,3.2633813917097663,24.425561523437523,0.018072722,0.16040039,2.4223323552611,0,0,0
2016-01-03 21:00:00,1175.2953,26.646569824218773,0.019355336,0.010486603,11.788818512168293,25.818444824218773,0.018790761,0.061325073,3.6917316402346367,24.091882324218773,0.017898122,0.14984131,2.458949741304452,0,0,0
2016-01-03 22:00:00,1130.2595,26.421350097656276,0.019241482,0.008338928,12.033326011789336,25.351037597656276,0.018592983,0.04421997,4.218267855749601,23.780725097656276,0.017723233,0.12701416,2.721943141640518,0,0,0
2016-01-03 23:00:00,1078.0806,26.217950439453148,0.019149985,0.008243561,12.538691327742397,24.944512939453148,0.018394675,0.0335083,4.753728397148773,23.514825439453148,0.017555442,0.104766846,3.0435619899327024,0,0,0
2016-01-04 00:00:00,1003.1517,26.0747009277344,0.01908743,0.011692047,13.074339012228858,24.5590759277344,0.018171903,0.028755188,4.987824949993835,23.2778259277344,0.017363187,0.08517456,3.2466887287536537,0,0,0
2016-01-04 01:00:00,960.9647,25.979669189453148,0.019054374,0.023674011,13.170207422660749,24.198419189453148,0.01796337,0.028778076,4.956686376384105,23.057794189453148,0.017139396,0.07550049,3.3223352624770155,0,0,0
2016-01-04 02:00:00,942.5391,25.919519042968773,0.019052144,0.03831482,13.092609481484889,24.013269042968773,0.017816182,0.044326782,4.880664932023138,22.849206542968773,0.016931172,0.06692505,3.3137364940735017,0,0,0
2016-01-04 03:00:00,919.1677,25.849176025390648,0.019058244,0.041748047,13.152291902463146,23.989801025390648,0.017745988,0.062469482,4.808039911574183,22.731988525390648,0.01672365,0.062057495,3.340345498392309,0,0,0
2016-01-04 04:00:00,922.1749,25.783135986328148,0.019042017,0.042938232,12.452763096852758,23.955010986328148,0.017691614,0.07116699,4.472364693946365,22.650323486328148,0.016554834,0.059265137,3.320681123264624,0,0,0
2016-01-04 05:00:00,932.993,25.7228942871094,0.018988164,0.044326782,11.275432069201072,23.8869567871094,0.017637761,0.06933594,4.0486220876822285,22.5432067871094,0.016439946,0.05265808,3.227399877920324,0,0,0
2016-01-04 06:00:00,964.6706,25.718927001953148,0.018927427,0.037643433,10.13998921004404,23.859552001953148,0.017607542,0.057235718,3.719019904079035,22.445489501953148,0.016318174,0.04638672,3.13284588650919,0,0,0
2016-01-04 07:00:00,1081.367,26.5368591308594,0.01908755,0.02773285,11.643654466320044,25.2868591308594,0.018233057,0.038345337,5.350979029124427,23.0681091308594,0.016493555,0.039611816,3.1372032587525958,0,0,0
2016-01-04 08:00:00,1274.1229,27.445367431640648,0.018896382,0.02947998,12.733400592992474,27.007867431640648,0.018621724,0.039871216,6.817905276499078,24.453179931640648,0.016592305,0.032089233,3.2274806573289667,0,0,0
2016-01-04 09:00:00,1389.2894,28.1674743652344,0.018880423,0.03126526,12.406912089248156,28.5112243652344,0.018994864,0.041244507,7.498503421240109,26.0346618652344,0.016606864,0.029197693,2.849728521166208,0,0,0
2016-01-04 10:00:00,1481.5984,28.925866699218773,0.018948164,0.033599854,12.01122478023934,29.668054199218773,0.019276228,0.04725647,6.99200608343126,27.339929199218773,0.01661357,0.03527832,2.3485307503649056,0,0,0
2016-01-04 11:00:00,1497.4913,29.636590576171898,0.018924896,0.051986694,11.35662133759713,30.574090576171898,0.019420806,0.05697632,6.3475707085582345,28.324090576171898,0.016689483,0.053756714,1.9649264781971243,0,0,0
2016-01-04 12:00:00,1499.861,30.067224121093773,0.018924484,0.080444336,10.60490597609044,31.223474121093773,0.019450912,0.07858276,5.789609448004659,28.950036621093773,0.016895065,0.077545166,2.018424037918577,0,0,0
2016-01-04 13:00:00,1534.2053,30.233026123046898,0.019037731,0.11734009,10.098391550234892,31.529901123046898,0.0194192,0.108428955,5.246377152707818,29.108026123046898,0.017565258,0.104003906,2.41314687012052,0,0,0
2016-01-04 14:00:00,1528.7615,30.234826660156276,0.018983854,0.14831543,10.100707552459022,31.516076660156276,0.019365324,0.13482666,4.9628347115818,28.914514160156276,0.017854704,0.13708496,3.171633885431861,0,0,0
2016-01-04 15:00:00,1506.8984,30.094750976562523,0.018769909,0.17492676,10.549307531980327,31.235375976562523,0.019365001,0.14575195,4.731172834646436,28.383813476562523,0.01787727,0.17596436,4.1802218965103926,0,0,0
2016-01-04 16:00:00,1418.6486000000002,29.663781738281276,0.018540034,0.16400146,11.705077962049474,30.585656738281276,0.019875178,0.15301514,3.883241557126896,27.445031738281276,0.018112788,0.20654297,4.5222253881178345,0,0,0
2016-01-04 17:00:00,1294.676,28.884729003906276,0.01875272,0.12573242,12.419463688424932,29.494104003906276,0.019828465,0.1795044,3.502854258328968,26.415979003906276,0.01849332,0.23590088,3.986765640225241,0,0,0
2016-01-04 18:00:00,1323.6145,27.9272399902344,0.019324752,0.08163452,11.917929341749003,27.6772399902344,0.020202132,0.17034912,2.266902492914954,25.5444274902344,0.01895854,0.2647705,3.197467339641921,0,0,0
2016-01-04 19:00:00,1338.4462,27.345056152343773,0.019400932,0.05581665,12.872986494225712,26.915368652343773,0.019637443,0.13104248,2.6717752538433244,25.118493652343773,0.018699028,0.2640381,2.4886950205425813,0,0,0
2016-01-04 20:00:00,1283.8135,26.9580017089844,0.019409271,0.04220581,13.299719499197124,26.3486267089844,0.019210907,0.104156494,3.417950467306014,24.7548767089844,0.018608185,0.24822998,2.031062967933014,0,0,0
2016-01-04 21:00:00,1246.6055,26.683679199218773,0.01932678,0.03161621,12.961487665623244,25.824304199218773,0.018884275,0.08483887,3.858624063555412,24.449304199218773,0.018472288,0.2208252,1.9267417211774216,0,0,0
2016-01-04 22:00:00,1188.8703,26.458337402343773,0.019235991,0.024726868,12.28305492387539,25.333337402343773,0.018572234,0.07183838,4.239377488646353,24.153649902343773,0.018160246,0.18029785,2.158058502737116,0,0,0
2016-01-04 23:00:00,1116.8046,26.276086425781276,0.019106746,0.022850037,11.731935609304594,24.901086425781276,0.018259883,0.06173706,4.489850060608031,23.869836425781276,0.017817378,0.14788818,2.544179851944717,0,0,0
2016-01-05 00:00:00,1050.4793,26.124810791015648,0.019030608,0.02495575,11.264310478309708,24.515435791015648,0.017977752,0.05206299,4.483664924148388,23.609185791015648,0.017535247,0.12362671,2.7994153331960505,0,0,0
2016-01-05 01:00:00,1024.431,25.987664794921898,0.018977625,0.035308838,11.102137797923518,24.190789794921898,0.017711146,0.048217773,4.3623916525079,23.393914794921898,0.01727627,0.106903076,2.9438581410365408,0,0,0
2016-01-05 02:00:00,966.2084,25.881677246093773,0.018902421,0.04751587,11.007480824159463,23.905114746093773,0.017498612,0.050735474,4.219299829892978,23.225427246093773,0.01701796,0.092803955,3.000039725040637,0,0,0
2016-01-05 03:00:00,961.6943,25.8098083496094,0.018797182,0.053222656,11.04529705513314,23.7004333496094,0.017355226,0.054092407,4.109954897500819,23.0832458496094,0.016752504,0.088409424,2.9313738408393224,0,0,0
2016-01-05 04:00:00,955.2437,25.741906738281276,0.018722277,0.0521698,10.957940324086469,23.562219238281276,0.017272692,0.054992676,4.036828366093077,22.937219238281276,0.016525012,0.08502197,2.871720694463387,0,0,0
2016-01-05 05:00:00,968.1518,25.671533203125023,0.018677102,0.048934937,10.827624468443606,23.484033203125023,0.017250406,0.056625366,3.975330763676596,22.827783203125023,0.016350137,0.0874939,2.795783650676456,0,0,0
2016-01-05 06:00:00,979.3716,25.667565917968773,0.018692235,0.04598999,10.644816724956335,23.495690917968773,0.017303685,0.05607605,3.957584557367922,22.761315917968773,0.01622031,0.09655762,2.694686716162103,0,0,0
2016-01-05 07:00:00,1111.8647,26.624963378906276,0.018967144,0.042922974,13.472531870076772,25.218713378906276,0.018089764,0.06542969,6.059345165413352,23.249963378906276,0.01638078,0.107421875,2.603743856260732,0,0,0
2016-01-05 08:00:00,1288.1389,27.594842529296898,0.018783508,0.05757141,16.72975308743973,26.915155029296898,0.018608032,0.076416016,8.077235084376111,24.430780029296898,0.016456543,0.10787964,2.7845284159616863,0,0,0
2016-01-05 09:00:00,1384.0672,28.3481384277344,0.018706536,0.06866455,17.629207339413068,28.3090759277344,0.018874383,0.0814209,9.824907678068447,25.8168884277344,0.016440606,0.10974121,2.823411876602308,0,0,0
2016-01-05 10:00:00,1454.1767,29.060266113281276,0.018699365,0.07388306,17.522598707215252,29.364953613281276,0.018958764,0.08496094,10.109720526661322,26.997766113281276,0.016418176,0.107421875,2.3716345895146995,0,0,0
2016-01-05 11:00:00,1467.1391999999998,29.660729980468773,0.018700775,0.08615112,16.962866215979847,30.199792480468773,0.018922027,0.119018555,9.779644780173111,27.871667480468773,0.016427215,0.10916138,1.7211398055762497,0,0,0
2016-01-05 12:00:00,1484.6117,30.032250976562523,0.018702481,0.1003418,16.484025970090475,30.704125976562523,0.018908475,0.13635254,9.16367938477462,28.430688476562523,0.016467068,0.11602783,1.14874332949058,0,0,0
2016-01-05 13:00:00,1492.4639,30.233453369140648,0.01868809,0.11566162,16.46387043942558,30.999078369140648,0.01893986,0.13647461,8.556852144797741,28.678765869140648,0.016582377,0.13323975,0.6725580987863394,0,0,0
2016-01-05 14:00:00,1466.8042,30.233728027343773,0.018580206,0.12957764,16.88508975704647,31.046228027343773,0.018931158,0.14111328,8.21815413138927,28.444665527343773,0.01713062,0.1361084,0.8078195896243396,0,0,0
2016-01-05 15:00:00,1453.5992,30.038873291015648,0.018472126,0.1293335,17.72797820516135,30.632623291015648,0.018968036,0.1340332,7.777386530284777,28.031060791015648,0.017365864,0.1463623,1.2031860613500012,0,0,0
2016-01-05 16:00:00,1384.1337,29.581140136718773,0.018425489,0.11947632,18.424219048149087,30.049890136718773,0.019119764,0.12927246,7.2621291362991585,27.331140136718773,0.017494703,0.14300537,1.3689759081092296,0,0,0
2016-01-05 17:00:00,1279.4824,28.686730957031276,0.018660732,0.0831604,18.04358766731836,28.811730957031276,0.019484706,0.118377686,5.738718060616678,26.389855957031276,0.017462917,0.14660645,1.572805497070342,0,0,0
2016-01-05 18:00:00,1324.7897,27.646875000000023,0.019087778,0.05329895,16.42884326022805,26.998437500000023,0.019400584,0.112579346,4.383729752623543,25.209375000000023,0.017859446,0.15960693,1.5953035793372612,0,0,0
2016-01-05 19:00:00,1329.644,27.114190673828148,0.019195028,0.037078857,15.64653779267033,26.247003173828148,0.018958516,0.1005249,5.185130942005437,24.450128173828148,0.017745443,0.1439209,1.412559848969082,0,0,0
2016-01-05 20:00:00,1290.3294999999998,26.807489013671898,0.019112809,0.02332306,14.40205978920637,25.604364013671898,0.018616898,0.0899353,5.618115324130242,23.971551513671898,0.017510636,0.12384033,1.4037922706252082,0,0,0
2016-01-05 21:00:00,1261.6107,26.578759765625023,0.018969418,0.014736176,13.332879307328154,25.055322265625023,0.018336179,0.07772827,5.50068853403369,23.727197265625023,0.017275693,0.11691284,1.663056108495064,0,0,0
2016-01-05 22:00:00,1194.7726,26.3652282714844,0.018840661,0.009002686,13.4054888742637,24.6308532714844,0.018062463,0.066986084,5.641644928672904,23.5449157714844,0.017078271,0.112701416,2.185295716445866,0,0,0
2016-01-05 23:00:00,1125.8042,26.1760192871094,0.01872576,0.0051670074,14.175508762493752,24.3244567871094,0.01784838,0.06262207,5.753685773366295,23.3947692871094,0.016887076,0.111450195,2.6679971924099317,0,0,0
2016-01-06 00:00:00,1049.6273,26.006311035156276,0.018602697,0.0029325485,14.956752964079993,24.100061035156276,0.017702429,0.061538696,5.79811568727904,23.193811035156276,0.016702978,0.115448,3.0808414753262947,0,0,0
2016-01-06 01:00:00,1022.6137,25.834405517578148,0.018457795,0.0021543503,15.376172634159918,23.912530517578148,0.01762619,0.06442261,5.801685387634974,22.998468017578148,0.016550446,0.120391846,3.409491455718586,0,0,0
2016-01-06 02:00:00,996.8009,25.7082458496094,0.018367002,0.004224777,16.012605574748928,23.7551208496094,0.017581174,0.071380615,5.755780079699598,22.8410583496094,0.016429136,0.1272583,3.6577898744244313,0,0,0
2016-01-06 03:00:00,944.3611,25.636041259765648,0.01830736,0.009075165,16.604487058578943,23.612603759765648,0.017536791,0.07803345,5.707608796334685,22.745416259765648,0.016346605,0.13287354,3.754529491057269,0,0,0
2016-01-06 04:00:00,943.1726,25.581628417968773,0.018241202,0.011764526,15.902162483998223,23.480065917968773,0.017478263,0.080322266,5.512910850940276,22.691003417968773,0.016288077,0.1361084,3.656340847353924,0,0,0
2016-01-06 05:00:00,955.207,25.569543457031276,0.018256463,0.014724731,15.37664768229124,23.366418457031276,0.01741723,0.072906494,5.396996807409151,22.663293457031276,0.016242303,0.13781738,3.4864062901557875,0,0,0
2016-01-06 06:00:00,965.8371,25.610406494140648,0.018315611,0.01865387,15.121544611916976,23.329156494140648,0.017384825,0.06387329,5.3713590204379775,22.657281494140648,0.01618701,0.14257812,3.311850420041215,0,0,0
2016-01-06 07:00:00,1078.323,26.468682861328148,0.018543173,0.023872375,18.244079775049737,24.804620361328148,0.017902303,0.059829712,8.07784330780767,23.156182861328148,0.016345907,0.14764404,3.3725566030153744,0,0,0
2016-01-06 08:00:00,1257.1468,27.445336914062523,0.01832809,0.03817749,22.46562498641588,26.593774414062523,0.018343348,0.061950684,10.25396082574762,24.335961914062523,0.016504664,0.13568115,3.687499537063829,0,0,0
2016-01-06 09:00:00,1362.0517,28.307885742187523,0.018187191,0.046218872,23.44151895229948,28.018823242187523,0.01844659,0.06149292,12.004205424599188,25.675073242187523,0.016531613,0.13336182,3.519655111929803,0,0,0
2016-01-06 10:00:00,1461.7851,29.071557617187523,0.018116726,0.04789734,23.322595836709517,29.094995117187523,0.018513454,0.058624268,11.992612624793622,26.813745117187523,0.016491665,0.13934326,2.9694721411743696,0,0,0
2016-01-06 11:00:00,1479.3376999999998,29.700860595703148,0.01813049,0.050582886,22.985190664168183,29.966485595703148,0.018603513,0.057907104,11.460440341019128,27.661798095703148,0.016452024,0.13861084,2.395443384584765,0,0,0
2016-01-06 12:00:00,1482.3471,30.138879394531276,0.018153006,0.046585083,22.40807748660085,30.607629394531276,0.018641287,0.06832886,10.78473595562582,28.232629394531276,0.01646691,0.13873291,1.8386090649002376,0,0,0
2016-01-06 13:00:00,1501.9877,30.359582519531276,0.01811512,0.040985107,21.75322165997236,30.953332519531276,0.01861866,0.0809021,10.126772610945402,28.468957519531276,0.016528206,0.13977051,1.2797204736506698,0,0,0
2016-01-06 14:00:00,1497.0509,30.354516601562523,0.018061575,0.042510986,21.284698233854527,30.963891601562523,0.018549856,0.089660645,9.55731660268304,28.323266601562523,0.016711172,0.13623047,0.7785445128046783,0,0,0
2016-01-06 15:00:00,1458.312,30.083612060546898,0.017946754,0.034362793,21.054157373891965,30.692987060546898,0.018526588,0.0793457,8.995476959458538,27.896112060546898,0.016970191,0.13043213,0.5148532831817337,0,0,0
2016-01-06 16:00:00,1370.0341999999998,29.4909606933594,0.0178321,0.029373169,21.027143277072405,30.0534606933594,0.018785775,0.072906494,8.171158460197981,27.2565856933594,0.017122567,0.13604736,0.3937304117234981,0,0,0
2016-01-06 17:00:00,1252.5494,28.4990173339844,0.01800797,0.022346497,20.02698237861509,28.7490173339844,0.019190526,0.07122803,6.889972067279419,26.3271423339844,0.017321324,0.1630249,0.3889387945196231,0,0,0
2016-01-06 18:00:00,1275.8742,27.371270751953148,0.018481001,0.012557983,17.62121032229785,26.832208251953148,0.019198164,0.07507324,5.308570758694004,25.222833251953148,0.017824873,0.18725586,0.654069843132547,0,0,0
2016-01-06 19:00:00,1311.9382999999998,26.828637695312523,0.018695638,0.009120941,16.045736156490637,26.086450195312523,0.01880245,0.073913574,5.867587077303686,24.594262695312523,0.017627522,0.17102051,1.34099695341033,0,0,0
2016-01-06 20:00:00,1262.3972,26.564813232421898,0.018757368,0.0068569183,14.55287352826539,25.471063232421898,0.018513227,0.06661987,6.061121027528783,24.197625732421898,0.017269636,0.14337158,2.206295673232605,0,0,0
2016-01-06 21:00:00,1237.8296,26.384606933593773,0.018766195,0.00582695,13.574436812547033,24.962731933593773,0.018255025,0.058441162,5.99322376029417,23.845544433593773,0.017087728,0.11834717,2.917867621082663,0,0,0
2016-01-06 22:00:00,1168.3577,26.240258789062523,0.01874562,0.008117676,13.30514698106504,24.560571289062523,0.018020827,0.055786133,5.947662952398775,23.584008789062523,0.016998488,0.10134888,3.319282049430183,0,0,0
2016-01-06 23:00:00,1088.0292,26.130334472656276,0.018631086,0.013957977,13.613620377770165,24.255334472656276,0.017845258,0.056427002,5.959437551905263,23.372521972656276,0.01692973,0.09631348,3.4960477857924706,0,0,0
2016-01-07 00:00:00,1037.579,26.014306640625023,0.018560272,0.018989563,13.511890667949006,23.998681640625023,0.017743926,0.058425903,5.811563133292633,23.233056640625023,0.016836029,0.09838867,3.4952173307897643,0,0,0
2016-01-07 01:00:00,986.6557,25.898339843750023,0.01845158,0.022903442,13.576482112337896,23.788964843750023,0.017658124,0.05845642,5.6628731105733845,23.078027343750023,0.016727338,0.10290527,3.4364385804141206,0,0,0
2016-01-07 02:00:00,967.6828,25.776055908203148,0.018328357,0.022407532,13.769779535660453,23.604180908203148,0.017588306,0.058288574,5.614896688215727,22.932305908203148,0.016604114,0.110198975,3.3551929237053706,0,0,0
2016-01-07 03:00:00,928.2355,25.6498962402344,0.018228661,0.01573944,13.951529142186295,23.4467712402344,0.017503869,0.05935669,5.654125705796454,22.8061462402344,0.016504418,0.11853027,3.291564455175729,0,0,0
2016-01-07 04:00:00,920.7442,25.532312011718773,0.018160008,0.009155273,13.529742474526332,23.305749511718773,0.017412327,0.049301147,5.569275987233229,22.704187011718773,0.016420506,0.12835693,3.2399245444094524,0,0,0
2016-01-07 05:00:00,938.7455,25.396875000000023,0.018061582,0.010665894,12.76388701879695,23.193750000000023,0.01732153,0.0410614,5.434172365821003,22.607812500000023,0.016352598,0.13348389,3.1954335920524213,0,0,0
2016-01-07 06:00:00,960.1761,25.3596130371094,0.018024322,0.008640289,12.180264735609857,23.1721130371094,0.017253753,0.03564453,5.308487232478543,22.5314880371094,0.01629245,0.13598633,3.212870137900107,0,0,0
2016-01-07 07:00:00,1067.8792999999998,26.418634033203148,0.018307509,0.008895874,14.896018839216769,24.793634033203148,0.017872633,0.036132812,7.759594049945286,22.949884033203148,0.016514601,0.13201904,3.4156350459363787,0,0,0
2016-01-07 08:00:00,1245.8526000000002,27.483544921875023,0.01804794,0.013313293,18.11128054476523,26.592919921875023,0.01829208,0.043380737,9.287415610093026,23.881982421875023,0.016697537,0.11288452,3.832688155958423,0,0,0
2016-01-07 09:00:00,1358.7768,28.358300781250023,0.017910378,0.01638794,19.13802212053365,28.069238281250023,0.0183834,0.04776001,10.57041396673861,25.303613281250023,0.01662864,0.09240723,3.912874831504515,0,0,0
2016-01-07 10:00:00,1450.4774,29.071496582031276,0.017873188,0.027153015,19.3608600037666,29.219934082031276,0.01848354,0.05342102,10.47663623348634,26.641809082031276,0.016377827,0.07739258,3.6507294278718856,0,0,0
2016-01-07 11:00:00,1483.2667,29.655847167968773,0.017881777,0.03765869,19.407649193784493,30.140222167968773,0.018576052,0.054977417,10.21350659717308,27.616784667968773,0.016233828,0.067596436,3.2028819815395786,0,0,0
2016-01-07 12:00:00,1477.5331,29.925805664062523,0.017859414,0.056396484,19.41819308108197,30.769555664062523,0.018629983,0.056488037,9.9,28.238305664062523,0.016188577,0.067840576,2.7656439777305044,0,0,0
2016-01-07 13:00:00,1492.5151,30.048730468750023,0.017912775,0.062805176,19.47787224838018,31.095605468750023,0.018645197,0.07080078,9.600777952144137,28.548730468750023,0.01621905,0.06762695,2.317114773185845,0,0,0
2016-01-07 14:00:00,1495.4249000000002,30.049462890625023,0.017942779,0.0730896,19.50504805734244,31.096337890625023,0.018606536,0.08514404,9.295632278089688,28.526025390625023,0.016355865,0.07055664,1.8329736819211897,0,0,0
2016-01-07 15:00:00,1453.0794,29.8737731933594,0.017919777,0.07577515,19.45638670415304,30.8112731933594,0.018568275,0.078948975,8.910459929646557,28.1393981933594,0.01661515,0.06695557,1.5116794031034937,0,0,0
2016-01-07 16:00:00,1385.39,29.378930664062523,0.017904809,0.06817627,19.69082512377721,30.035180664062523,0.018827965,0.059814453,7.945571500894701,27.527368164062523,0.016775658,0.059753418,1.62161763966239,0,0,0
2016-01-07 17:00:00,1262.2778,28.468469238281276,0.018118173,0.05142212,19.241655724038964,28.749719238281276,0.019079477,0.05203247,6.974367149930437,26.570031738281276,0.017088205,0.062149048,1.7994387407265786,0,0,0
2016-01-07 18:00:00,1284.5695,27.365106201171898,0.018635748,0.035446167,17.251581321880863,26.763543701171898,0.019024847,0.06542969,5.341057671374668,25.326043701171898,0.01760578,0.07217407,1.8969483702294327,0,0,0
2016-01-07 19:00:00,1335.6102999999998,26.776940917968773,0.018831737,0.028327942,16.222188631368432,25.933190917968773,0.018595226,0.072784424,6.017538815140592,24.581628417968773,0.017504223,0.08148193,2.446165442352741,0,0,0
2016-01-07 20:00:00,1286.588,26.472558593750023,0.01876977,0.021110535,15.332078761869058,25.238183593750023,0.018296748,0.070251465,6.435551780038912,24.050683593750023,0.017282039,0.06777954,3.356615692333741,0,0,0
2016-01-07 21:00:00,1275.2409,26.2756286621094,0.01862616,0.0145225525,14.360211429580213,24.7131286621094,0.018031068,0.06417847,6.4097624707660295,23.6115661621094,0.01712317,0.05645752,3.976762237029272,0,0,0
2016-01-07 22:00:00,1188.9903000000002,26.115991210937523,0.018405754,0.009326935,13.470806141542806,24.319116210937523,0.017795403,0.058410645,6.260433363127911,23.303491210937523,0.017032463,0.05543518,4.113197302328455,0,0,0
2016-01-07 23:00:00,1103.0451,25.980310058593773,0.018207384,0.0057468414,12.91007868026999,24.011560058593773,0.017604662,0.055892944,6.027877389618984,23.058435058593773,0.016918017,0.056137085,4.054028986559513,0,0,0
2016-01-08 00:00:00,1028.7166000000002,25.828637695312523,0.018029753,0.0033092499,12.677320838945604,23.773950195312523,0.017495696,0.057159424,5.843788634799802,22.852075195312523,0.01680905,0.057418823,3.9671370849771472,0,0,0
2016-01-08 01:00:00,980.0702,25.673608398437523,0.017866444,0.0017080307,12.75994095959054,23.579858398437523,0.01741631,0.060791016,5.716932434414086,22.634545898437523,0.016676258,0.059265137,3.831385320417505,0,0,0
2016-01-08 02:00:00,952.8356,25.523095703125023,0.017712267,0.0010061264,13.077819269359896,23.429345703125023,0.017353686,0.06677246,5.6910142743419785,22.491845703125023,0.016560229,0.06109619,3.7275743485525297,0,0,0
2016-01-08 03:00:00,930.354,25.419305419921898,0.017551744,0.0014166832,13.541769031939818,23.309930419921898,0.017292345,0.072784424,5.722084429089023,22.395867919921898,0.016445482,0.061965942,3.64462001091421,0,0,0
2016-01-08 04:00:00,929.1955,25.339776611328148,0.017445337,0.0038576126,13.573769849816632,23.199151611328148,0.017224085,0.07684326,5.657084157564875,22.324151611328148,0.016346704,0.066589355,3.4087629669244977,0,0,0
2016-01-08 05:00:00,928.6593,25.251336669921898,0.01737083,0.0049266815,13.304639308302328,23.087274169921898,0.017141948,0.07778931,5.561134541111048,22.306024169921898,0.016264567,0.067993164,3.099441924160131,0,0,0
2016-01-08 06:00:00,941.4477,25.224694824218773,0.017335584,0.0061092377,13.00195053726315,23.029382324218773,0.017060926,0.074157715,5.467501650209531,22.295007324218773,0.016153028,0.06954956,2.784551164082694,0,0,0
2016-01-08 07:00:00,1063.3958,26.200646972656276,0.017513063,0.0067768097,15.485758671071055,24.395959472656276,0.01781061,0.06726074,7.933028650710776,22.739709472656276,0.016345765,0.06777954,2.604851865016124,0,0,0
2016-01-08 08:00:00,1256.1764,27.138757324218773,0.01727051,0.009250641,18.33530732133692,25.896569824218773,0.01839203,0.056549072,8.94438773706545,23.654382324218773,0.016591493,0.06259155,2.6429776301222105,0,0,0
2016-01-08 09:00:00,1357.4489,27.855493164062523,0.017340627,0.012916565,18.740142525993,27.472680664062523,0.018385854,0.042785645,10.002197176833588,25.128930664062523,0.01653191,0.049545288,2.582413973931081,0,0,0
2016-01-08 10:00:00,1440.3955,28.630731201171898,0.017548662,0.009933472,18.021507307852268,28.779168701171898,0.01831923,0.031463623,9.458641569741854,26.693231201171898,0.016259294,0.04660034,2.1668514296419064,0,0,0
2016-01-08 11:00:00,1455.5832,29.352807617187523,0.017694142,0.018630981,17.069822406079616,29.805932617187523,0.01833501,0.023887634,8.786959201456249,27.813745117187523,0.01619878,0.04814148,1.589590886132665,0,0,0
2016-01-08 12:00:00,1443.3301,29.848596191406276,0.017769268,0.034210205,16.336521913864885,30.520471191406276,0.018326214,0.025268555,8.370698326266474,28.528283691406276,0.016266277,0.049591064,1.109647682955928,0,0,0
2016-01-08 13:00:00,1465.5476,30.113580322265648,0.017814383,0.051849365,16.19733941164762,30.863580322265648,0.01821874,0.03666687,8.353084309796728,28.816705322265648,0.016494498,0.050216675,0.9649166842551038,0,0,0
2016-01-08 14:00:00,1473.2539,30.167687988281276,0.017799003,0.061325073,16.60366229367786,30.870812988281276,0.018058402,0.041305542,8.534562197755,28.620812988281276,0.017135246,0.059692383,1.0237840336602575,0,0,0
2016-01-08 15:00:00,1439.1731000000002,29.973962402343773,0.017776929,0.05657959,17.32651091093298,30.536462402343773,0.017899,0.042556763,8.554281788859763,28.216149902343773,0.017219983,0.046203613,1.1011925015068822,0,0,0
2016-01-08 16:00:00,1361.8426000000002,29.513238525390648,0.017786572,0.047729492,18.33298831037056,29.716363525390648,0.017977307,0.027198792,7.892699879002424,27.481988525390648,0.017458508,0.040405273,1.1737646949628189,0,0,0
2016-01-08 17:00:00,1249.2386,28.597039794921898,0.01798614,0.037261963,18.29532060674301,28.347039794921898,0.018024286,0.0149002075,7.182334328004438,26.472039794921898,0.01759704,0.057495117,1.3114426959102607,0,0,0
2016-01-08 18:00:00,1255.3065,27.4123474121094,0.018422553,0.025489807,16.33111612854144,26.0920349121094,0.017873237,0.011356354,5.631422237086606,25.2560974121094,0.017720649,0.06552124,1.256202027842539,0,0,0
2016-01-08 19:00:00,1269.3207,26.811914062500023,0.018469505,0.02003479,15.26281698961552,25.155664062500023,0.017439537,0.009380341,6.298837009441408,24.397851562500023,0.017721824,0.06967163,1.0442226955642375,0,0,0
2016-01-08 20:00:00,1217.9004,26.490441894531276,0.0183108,0.014198303,14.264666524653505,24.435754394531276,0.017112985,0.007953644,6.752898852627541,23.842004394531276,0.017456308,0.05656433,1.256180543545191,0,0,0
2016-01-08 21:00:00,1183.81,26.249475097656276,0.018075299,0.008724213,13.61784139458405,23.858850097656276,0.016831707,0.005996704,6.891241103674621,23.429162597656276,0.017213177,0.050308228,1.7069039925425031,0,0,0
2016-01-08 22:00:00,1133.0389,26.023217773437523,0.017885335,0.0048160553,13.83052862452088,23.413842773437523,0.016603597,0.006998062,6.821224870514889,23.054467773437523,0.01694692,0.04446411,2.206717531846333,0,0,0
2016-01-08 23:00:00,1062.5088,25.8173767089844,0.017755862,0.0036716461,14.204283629644843,23.0908142089844,0.016504642,0.009975433,6.488544781297749,22.7783142089844,0.016703006,0.041229248,2.625049617843352,0,0,0
2016-01-09 00:00:00,1025.4395,25.621667480468773,0.017686943,0.005132675,14.036500330289485,22.816979980468773,0.01646624,0.01102066,5.954946000937747,22.566979980468773,0.016473869,0.041244507,2.983792872350615,2,1,0
2016-01-09 01:00:00,1001.9801,25.492791748046898,0.017616397,0.009471893,13.7972336857484,22.594354248046898,0.0164491,0.015312195,5.528707632497158,22.414666748046898,0.016227847,0.04295349,3.2012551602787847,2,1,0
2016-01-09 02:00:00,948.2047,25.390557861328148,0.017492998,0.014411926,13.863963357585332,22.445245361328148,0.016440142,0.01714325,5.276447773624608,22.234307861328148,0.015990008,0.047348022,3.2943581166320564,2,1,0
2016-01-09 03:00:00,930.3694,25.292993164062523,0.017423969,0.015983582,13.74993342712932,22.316430664062523,0.016424518,0.01966858,5.101362068947478,22.035180664062523,0.015783649,0.050842285,3.363064910629756,2,1,0
2016-01-09 04:00:00,898.4618,25.190148925781276,0.017378794,0.01676941,13.113843455190256,22.190148925781276,0.016371714,0.018714905,4.856859317685989,21.893273925781276,0.015620219,0.04901123,3.3425114371675417,2,1,0
2016-01-09 05:00:00,891.1148,25.084680175781276,0.017303688,0.017059326,12.15845500492104,22.076867675781276,0.01627372,0.019218445,4.659950162514655,21.772180175781276,0.015476449,0.04525757,3.3270504745424585,2,1,0
2016-01-09 06:00:00,880.5111999999999,25.036187744140648,0.017205898,0.015041351,11.287126908837394,22.067437744140648,0.016214076,0.022132874,4.558770563378906,21.692437744140648,0.015351956,0.04324341,3.3244669278984493,2,1,0
2016-01-09 07:00:00,888.0876000000001,26.0458923339844,0.017313587,0.012264252,13.27053349242539,24.0693298339844,0.017077075,0.020744324,6.737404783351055,22.2412048339844,0.015509234,0.038330078,3.3797938442562203,2,1,0
2016-01-09 08:00:00,966.734,27.025659179687523,0.01692479,0.009990692,15.5248670489382,26.056909179687523,0.017519882,0.022201538,8.009461420361715,23.564721679687523,0.015376022,0.023910522,3.499958856885776,2,1,0
2016-01-09 09:00:00,1013.2809,27.789239501953148,0.016970763,0.008792877,15.786843503227937,27.679864501953148,0.01762689,0.0231781,8.85678080042916,25.047052001953148,0.015185486,0.012878418,3.081234102034033,2,1,0
2016-01-09 10:00:00,1097.6944,28.4924255371094,0.01717427,0.010307312,16.532334124201526,28.8127380371094,0.017723586,0.022285461,8.790313621888982,26.3127380371094,0.014980819,0.007446289,2.553858838555862,2,1,0
2016-01-09 11:00:00,1141.6006,29.076928710937523,0.017319435,0.012817383,17.462092741775347,29.756616210937523,0.017838234,0.02104187,8.668585287123094,27.342553710937523,0.0147712175,0.005344391,2.050520867956612,2,1,0
2016-01-09 12:00:00,1148.0415,29.473901367187523,0.017381823,0.02457428,17.848993276208077,30.442651367187523,0.017885363,0.019760132,8.378674453196721,28.028588867187523,0.014661944,0.0044517517,1.6442357574804216,2,1,0
2016-01-09 13:00:00,1148.7769,29.690209960937523,0.017351167,0.038497925,17.67425635687552,30.846459960937523,0.017793672,0.018943787,7.88886509612649,28.354272460937523,0.014780061,0.004957199,1.591047852824537,2,1,0
2016-01-09 14:00:00,1137.176,29.7080017089844,0.017235061,0.054214478,17.30356125532254,30.9111267089844,0.017593643,0.022377014,7.382833426309627,28.3330017089844,0.015033981,0.0058898926,1.7737833373181024,2,1,0
2016-01-09 15:00:00,1118.2330000000002,29.5234313964844,0.01708087,0.057937622,17.404097212796774,30.6015563964844,0.017401304,0.048721313,7.205716200526108,27.9765563964844,0.015356627,0.011074066,1.9354812786484863,2,1,0
2016-01-09 16:00:00,1086.9176,29.093927001953148,0.016965281,0.049545288,17.616697600935115,29.843927001953148,0.017789256,0.041503906,6.090243986532126,27.320489501953148,0.015828501,0.01524353,2.17056499684946,2,1,0
2016-01-09 17:00:00,1045.6326,28.3105407714844,0.01715511,0.033355713,17.016843076881877,28.5605407714844,0.01793331,0.033599854,5.831879354288677,26.3105407714844,0.016514242,0.030586243,2.503045147254324,2,1,0
2016-01-09 18:00:00,1108.4951,27.125421142578148,0.017734077,0.019042969,14.671205649418168,26.578546142578148,0.01806977,0.019111633,4.514415178158446,25.023858642578148,0.017245796,0.06399536,2.686596311290114,2,1,0
2016-01-09 19:00:00,1135.0391,26.5017028808594,0.017826397,0.013824463,13.67144567964323,25.6188903808594,0.017620403,0.016647339,4.981462142428319,24.2673278808594,0.01739915,0.08358765,3.0083555116830976,2,1,0
2016-01-09 20:00:00,1123.5702,26.165551757812523,0.01762619,0.010494232,12.605922397031504,24.931176757812523,0.017366791,0.01158905,5.255875542146957,23.884301757812523,0.017397309,0.092285156,2.9051093096365395,2,1,0
2016-01-09 21:00:00,1151.7652,25.928369140625023,0.017382225,0.007440567,11.49939011656612,24.365869140625023,0.017168602,0.01002121,5.449606872518644,23.576806640625023,0.017351707,0.09136963,2.720989420465429,2,1,0
2016-01-09 22:00:00,1072.9402,25.693048095703148,0.017168434,0.005168915,11.317163284783566,23.919610595703148,0.017023476,0.009757996,5.805219626596818,23.302423095703148,0.017252358,0.09249878,2.482586262059936,2,1,0
2016-01-09 23:00:00,1033.3422,25.451806640625023,0.01699218,0.0035133362,11.819268254900503,23.498681640625023,0.016885368,0.009796143,5.922492141170932,23.029931640625023,0.01712188,0.10153198,2.3550294198792305,2,1,0
2016-01-10 00:00:00,990.8444,25.237115478515648,0.016854,0.0025377274,12.366632080715242,23.096490478515648,0.016777705,0.009925842,5.726643422219853,22.791802978515648,0.016945552,0.109802246,2.288517284885613,0,0,0
2016-01-10 01:00:00,950.3125,25.045343017578148,0.016739046,0.0032815933,12.406297924035664,22.764093017578148,0.016662752,0.010040283,5.357793468531652,22.568780517578148,0.016777193,0.12466431,2.028790740557729,0,0,0
2016-01-10 02:00:00,913.166,24.902612304687523,0.016655186,0.0059223175,12.277523420028396,22.480737304687523,0.016533116,0.010555267,5.138183659639895,22.402612304687523,0.016563633,0.13861084,1.5565710701713216,0,0,0
2016-01-10 03:00:00,891.1345,24.833276367187523,0.01662574,0.008159637,12.01452074788127,22.239526367187523,0.016404487,0.010848999,4.974124089486619,22.247338867187523,0.016351081,0.15325928,1.258603723582384,0,0,0
2016-01-10 04:00:00,868.9881,24.778649902343773,0.016620442,0.009422302,11.286457832358712,22.044274902343773,0.01626186,0.010730743,4.76178039160394,22.130212402343773,0.016200826,0.15600586,1.0763938954486425,0,0,0
2016-01-10 05:00:00,860.7882999999999,24.724725341796898,0.016622547,0.010276794,10.620111352369086,21.873162841796898,0.016134266,0.010234833,4.647668715559824,22.005975341796898,0.016111378,0.14935303,1.1854267392571392,0,0,0
2016-01-10 06:00:00,824.6872000000001,24.7585388183594,0.016676832,0.010749817,10.398729664906137,21.8522888183594,0.01606648,0.009811401,4.652660728437318,21.9069763183594,0.016043592,0.14978027,1.4540151220162327,0,0,0
2016-01-10 07:00:00,860.2388,25.893029785156276,0.017041387,0.009860992,12.413475731245644,23.885217285156276,0.01674384,0.008998871,6.987543038387519,22.572717285156276,0.016209783,0.14227295,1.5829768292303068,0,0,0
2016-01-10 08:00:00,898.1788,27.005059814453148,0.016712409,0.010044098,14.66782286045957,25.895684814453148,0.01706336,0.01071167,7.59220972334645,23.911309814453148,0.016277533,0.12615967,1.654969733269748,0,0,0
2016-01-10 09:00:00,958.7721,27.804376220703148,0.016817668,0.020339966,14.517523033789926,27.530938720703148,0.01716862,0.011734009,7.795699269052512,25.249688720703148,0.016199687,0.12271118,1.4695727766822493,0,0,0
2016-01-10 10:00:00,1024.1012,28.536401367187523,0.01684821,0.038650513,14.150671435490096,28.778588867187523,0.017290715,0.01373291,7.0351279833118285,26.466088867187523,0.016039494,0.12332153,1.04774822881026,0,0,0
2016-01-10 11:00:00,1068.8111,29.146661376953148,0.016813887,0.051696777,14.239908761150083,29.779473876953148,0.017370833,0.020332336,6.301560453891777,27.435723876953148,0.015921248,0.11578369,0.7537348782744816,0,0,0
2016-01-10 12:00:00,1089.895,29.707543945312523,0.016904943,0.05899048,14.797816471170776,30.410668945312523,0.017347448,0.033935547,5.765571943829817,28.090356445312523,0.015859716,0.1187439,1.0821389320307746,0,0,0
2016-01-10 13:00:00,1096.7033,30.002069091796898,0.016933681,0.07449341,15.537860618819543,30.736444091796898,0.017261745,0.05293274,5.59643304508005,28.322381591796898,0.015781643,0.10568237,1.592932231011146,0,0,0
2016-01-10 14:00:00,1081.7447000000002,30.046258544921898,0.016948353,0.0970459,16.554022059980007,30.796258544921898,0.017184865,0.06637573,5.708752317250623,28.257196044921898,0.015788686,0.10824585,1.9067412797071488,0,0,0
2016-01-10 15:00:00,1060.0037,29.942590332031276,0.016917907,0.10189819,17.601552981438836,30.567590332031276,0.01713916,0.056121826,5.944188454999539,27.841027832031276,0.015842162,0.09408569,1.8932762686542768,0,0,0
2016-01-10 16:00:00,1035.6898,29.388452148437523,0.016888048,0.10583496,19.079208449732903,29.919702148437523,0.017605212,0.041656494,5.801527739610004,27.115014648437523,0.016010668,0.08251953,1.5421129620287763,0,0,0
2016-01-10 17:00:00,1013.6939,28.323846435546898,0.017110065,0.06674194,19.961981893849394,28.433221435546898,0.017720416,0.036819458,6.231146055710983,26.026971435546898,0.01628609,0.08383179,1.1747171406457977,0,0,0
2016-01-10 18:00:00,1118.6813,27.094934082031276,0.017553078,0.03742981,18.92189262005012,26.180871582031276,0.017621743,0.038253784,5.612510885045428,24.766809082031276,0.016736733,0.09136963,1.2002780234607753,0,0,0
2016-01-10 19:00:00,1143.2499,26.504541015625023,0.017634086,0.025650024,18.31827395707908,25.254541015625023,0.017313652,0.03956604,6.67498832444445,23.949853515625023,0.01669567,0.09133911,1.8975209375967803,0,0,0
2016-01-10 20:00:00,1133.8642,26.141137695312523,0.01742799,0.016174316,17.61984112497985,24.406762695312523,0.017069409,0.034698486,7.361751068831278,23.438012695312523,0.016405651,0.080566406,3.0409605023454267,0,0,0
2016-01-10 21:00:00,1122.471,25.826593017578148,0.017293874,0.009468079,16.151821976155325,23.685968017578148,0.016790334,0.031341553,7.477698838508649,23.021905517578148,0.016187612,0.07507324,4.078270092717955,0,0,0
2016-01-10 22:00:00,1082.5468,25.593774414062523,0.017166048,0.005420685,15.472704572633454,23.132836914062523,0.016548067,0.030548096,7.2506916847447425,22.664086914062523,0.015975863,0.06588745,4.696858224439072,0,0,0
2016-01-10 23:00:00,1025.6178,25.410607910156276,0.016967164,0.00868988,15.660686093789849,22.754357910156276,0.016372072,0.031150818,6.929795171509731,22.379357910156276,0.015799867,0.06150818,4.81263959409708,0,0,0
2016-01-11 00:00:00,958.4911,25.222833251953148,0.016797757,0.008880615,15.568500643294891,22.488458251953148,0.016271329,0.031799316,6.795156798922011,22.136895751953148,0.015634274,0.054367065,4.791972588545105,0,0,0
2016-01-11 01:00:00,917.4018,25.040338134765648,0.016434519,0.0082473755,16.28979629642146,22.290338134765648,0.016236154,0.028144836,6.824473803011355,21.907525634765648,0.01546177,0.05722046,4.799187239739543,0,0,0
2016-01-11 02:00:00,888.7572,24.835595703125023,0.016096512,0.0069293976,16.9140617241628,22.077783203125023,0.016172806,0.035003662,6.772146895318895,21.694970703125023,0.015276353,0.055145264,4.891345360691783,0,0,0
2016-01-11 03:00:00,872.7538999999999,24.632287597656276,0.015866883,0.0069828033,17.132981387035244,21.874475097656276,0.016072877,0.04322815,6.689050541033677,21.515100097656276,0.0151687935,0.052764893,4.987520616531785,0,0,0
2016-01-11 04:00:00,864.7785,24.523278808593773,0.015676262,0.0066833496,16.53886015611934,21.679528808593773,0.015920402,0.045791626,6.489708532245196,21.382653808593773,0.0150506515,0.049118042,5.02070685368489,0,0,0
2016-01-11 05:00:00,871.6056,24.399499511718773,0.015494635,0.0048942566,15.639196070621775,21.516687011718773,0.015784552,0.042373657,6.45602343328825,21.243249511718773,0.014956763,0.042556763,4.982389220725511,0,0,0
2016-01-11 06:00:00,887.652,24.336724853515648,0.015379097,0.00370121,15.014657755332475,21.477349853515648,0.015688088,0.0357666,6.748521719228402,21.125787353515648,0.014898445,0.039245605,4.918956479848848,0,0,0
2016-01-11 07:00:00,1017.7455,25.482141113281276,0.015616473,0.0020303726,17.105680144703122,23.318078613281276,0.016169604,0.029701233,10.005841490718206,21.607141113281276,0.015002307,0.03727722,5.179527193238356,0,0,0
2016-01-11 08:00:00,1209.8393,26.726403808593773,0.015272115,0.0014333725,20.89646807309043,25.249841308593773,0.016534781,0.02570343,12.055512828448435,22.867028808593773,0.01489446,0.03152466,5.745540236129277,0,0,0
2016-01-11 09:00:00,1342.5563,27.5190368652344,0.015412474,0.0015664101,21.385100409660225,26.7924743652344,0.016358519,0.017158508,13.632487706553636,24.1284118652344,0.014706755,0.02519989,5.835629345215161,0,0,0
2016-01-11 10:00:00,1421.7102000000002,28.210412597656276,0.015636772,0.001871109,21.670179038159755,27.811975097656276,0.016128868,0.010482788,13.774737380167291,25.140100097656276,0.014496177,0.02204895,5.6338282772133645,0,0,0
2016-01-11 11:00:00,1455.569,28.758386230468773,0.015770184,0.0022068024,21.9200512789384,28.539636230468773,0.015838848,0.006914139,13.570280167140885,25.914636230468773,0.014301525,0.017684937,5.293860063906177,0,0,0
2016-01-11 12:00:00,1458.3414,29.147790527343773,0.015793305,0.0027036667,21.41168021054108,29.007165527343773,0.015602569,0.004961014,12.845760848519008,26.460290527343773,0.014164428,0.019935608,4.7957831814571605,0,0,0
2016-01-11 13:00:00,1492.9557,29.346032714843773,0.015748087,0.0034704208,20.22634910355999,29.236657714843773,0.015446727,0.0038547516,11.693254140007928,26.728845214843773,0.014115398,0.015983582,4.212375127373464,0,0,0
2016-01-11 14:00:00,1491.336,29.348016357421898,0.015665019,0.0041446686,18.752548069050007,29.191766357421898,0.015336954,0.0034036636,10.35665175603115,26.746453857421898,0.014024698,0.009223938,3.8100297022585385,0,0,0
2016-01-11 15:00:00,1457.1405,29.181939697265648,0.015600746,0.005300522,17.46385931405522,28.838189697265648,0.015310829,0.003238678,9.199841166244711,26.455377197265648,0.013987129,0.009056091,3.680472787050362,0,0,0
2016-01-11 16:00:00,1381.6793,28.8373962402344,0.015550594,0.010150909,16.111957104683594,28.1655212402344,0.015577297,0.0031290054,7.907163887128876,25.8842712402344,0.01421545,0.009426117,3.674799629510039,0,0,0
2016-01-11 17:00:00,1258.157,28.132226562500023,0.015940232,0.025466919,13.5753695948748,26.819726562500023,0.016130967,0.0039024353,6.697740817295341,24.968164062500023,0.0148530435,0.00976181,3.6603304116615183,0,0,0
2016-01-11 18:00:00,1241.8882,27.083215332031276,0.01705447,0.036834717,10.707232310965628,24.458215332031276,0.015986355,0.0051898956,5.374751094998811,23.583215332031276,0.015368374,0.009029388,3.995855029182816,0,0,0
2016-01-11 19:00:00,1270.3308,26.568444824218773,0.01735055,0.026977539,10.70211627745476,23.654382324218773,0.015637752,0.0055561066,5.842229142184727,22.670007324218773,0.015195246,0.009559631,4.558760565914695,0,0,0
2016-01-11 20:00:00,1204.4773,26.1464782714844,0.017479677,0.018547058,10.887699914579372,23.0683532714844,0.0154540725,0.005010605,6.292592625805814,22.1464782714844,0.015015382,0.01128006,5.004372714096811,0,0,0
2016-01-11 21:00:00,1161.1882,25.800408935546898,0.017495917,0.015846252,11.14251485110212,22.581658935546898,0.015306281,0.005252838,6.5759953575814,21.901971435546898,0.014905738,0.013977051,5.345972823565217,0,0,0
2016-01-11 22:00:00,1110.7882,25.524072265625023,0.017422704,0.012073517,11.36740471764107,22.180322265625023,0.015217809,0.006668091,6.603884464175181,21.688134765625023,0.014802007,0.014480591,5.542670198751583,0,0,0
2016-01-11 23:00:00,1044.2007,25.244683837890648,0.017311193,0.010322571,11.34977157295691,21.916558837890648,0.015224553,0.012020111,6.513741376011333,21.479058837890648,0.014724827,0.013534546,5.527156792056789,0,0,0
2016-01-12 00:00:00,988.7386,24.988458251953148,0.017235136,0.009113312,11.289859745583696,21.761895751953148,0.015285824,0.015907288,6.487535377361882,21.285333251953148,0.01464877,0.01001358,5.449277154424916,0,0,0
2016-01-12 01:00:00,957.3649,24.772760009765648,0.017180258,0.0076580048,11.305900181155412,21.546197509765648,0.015341574,0.020721436,6.485036075582875,21.085260009765648,0.014590079,0.018821716,5.424521939357316,0,0,0
2016-01-12 02:00:00,934.4121,24.638269042968773,0.01714069,0.0071029663,11.068990395260144,21.372644042968773,0.015382115,0.026145935,6.386276271226195,20.950769042968773,0.01462299,0.031539917,5.364693423823603,0,0,0
2016-01-12 03:00:00,887.2465,24.595849609375023,0.017087717,0.010070801,10.969806326840446,21.330224609375023,0.015466469,0.026779175,6.440630277273357,21.009912109375023,0.014711159,0.033843994,5.37383981292911,0,0,0
2016-01-12 04:00:00,887.0599,24.599084472656276,0.016966505,0.010005951,11.007578510642965,21.380334472656276,0.015593214,0.029220581,6.7044434345871045,21.044396972656276,0.014746351,0.034622192,5.44501056638591,0,0,0
2016-01-12 05:00:00,905.6362,24.582604980468773,0.016914755,0.008674622,10.894593450095837,21.363854980468773,0.015678793,0.024658203,6.621818509835291,21.035729980468773,0.014736563,0.03425598,5.392904865627566,0,0,0
2016-01-12 06:00:00,919.0422,24.672875976562523,0.016985979,0.0082092285,11.12066321035023,21.266625976562523,0.015681352,0.022575378,6.303049929639408,21.008813476562523,0.014700975,0.035598755,5.29710956425462,0,0,0
2016-01-12 07:00:00,1075.5424,25.901177978515648,0.017515019,0.006362915,13.987684478770484,23.291802978515648,0.016378239,0.022537231,8.872731979059033,21.510552978515648,0.014840915,0.03276062,5.487862472901847,0,0,0
2016-01-12 08:00:00,1267.3029,27.157312011718773,0.017392777,0.009380341,17.970430729819316,25.282312011718773,0.017003678,0.023597717,10.562994712665754,22.797937011718773,0.015000962,0.020500183,5.707894630373812,0,0,0
2016-01-12 09:00:00,1370.7211,28.112634277343773,0.017297564,0.01651001,19.74765023075481,26.987634277343773,0.017190753,0.022789001,11.843943919504152,24.472009277343773,0.015096483,0.013217926,5.49802865852333,0,0,0
2016-01-12 10:00:00,1419.2686,28.911706542968773,0.017310372,0.027885437,19.837917088412745,28.278894042968773,0.017157784,0.023162842,11.649121977500265,25.880456542968773,0.014952889,0.009609222,4.9065988171246975,0,0,0
2016-01-12 11:00:00,1465.6116,29.552514648437523,0.017353905,0.038330078,19.418615073922243,29.279077148437523,0.0170411,0.023780823,11.173139665635302,26.857202148437523,0.0146798035,0.008792877,4.112881591160893,0,0,0
2016-01-12 12:00:00,1475.854,29.935968017578148,0.017382106,0.04899597,19.04117284800845,29.959405517578148,0.017008265,0.026237488,10.54500393559476,27.529718017578148,0.014563044,0.009056091,3.350765614774393,0,0,0
2016-01-12 13:00:00,1502.8389000000002,30.135827636718773,0.017343491,0.06022644,18.680272031514605,30.307702636718773,0.01698491,0.028526306,9.934846171017067,27.893640136718773,0.014524431,0.009326935,2.6837453794328545,0,0,0
2016-01-12 14:00:00,1516.3298,30.087091064453148,0.01726869,0.079589844,18.500453386679347,30.352716064453148,0.016971143,0.029556274,9.363459486237714,27.915216064453148,0.014609845,0.0139045715,2.181710614863567,0,0,0
2016-01-12 15:00:00,1492.3653000000002,29.750451660156276,0.017171409,0.088256836,18.37370162424962,30.094201660156276,0.017056968,0.029388428,8.826565572826238,27.664514160156276,0.01476052,0.01865387,2.034435320544425,0,0,0
2016-01-12 16:00:00,1386.115,29.136437988281276,0.01729245,0.07321167,18.66999260745441,29.425500488281276,0.017368743,0.028198242,8.158709051451122,27.019250488281276,0.015110442,0.017906189,2.330132473793811,0,0,0
2016-01-12 17:00:00,1260.9554,28.251092529296898,0.017726153,0.06726074,18.2672653090866,27.985467529296898,0.017810076,0.029800415,7.036704573728712,26.008905029296898,0.015734881,0.027191162,2.61614842253662,0,0,0
2016-01-12 18:00:00,1266.989,27.200830078125023,0.018373752,0.065093994,16.091945391466304,25.755517578125023,0.017656589,0.030426025,5.701622210101367,24.708642578125023,0.01626804,0.048202515,3.0758516853451305,0,0,0
2016-01-12 19:00:00,1290.9765,26.654382324218773,0.018654734,0.06616211,15.15408677982184,24.951257324218773,0.017289072,0.026809692,6.497429524326061,23.865319824218773,0.016297251,0.0552063,3.911325969598303,0,0,0
2016-01-12 20:00:00,1234.7207999999998,26.360070800781276,0.018675124,0.06472778,14.58184117877732,24.321008300781276,0.017057693,0.023956299,7.148340939729497,23.352258300781276,0.016279494,0.05088806,4.584372640971882,0,0,0
2016-01-12 21:00:00,1197.4934,26.142419433593773,0.01858579,0.056884766,14.295141672591186,23.783044433593773,0.016853917,0.021903992,7.445298625216611,23.079919433593773,0.016258825,0.043899536,5.082021383031111,0,0,0
2016-01-12 22:00:00,1136.2188,25.963800048828148,0.018497648,0.052337646,14.643789762670089,23.385675048828148,0.016689481,0.023597717,7.651394974921622,22.893487548828148,0.016163053,0.043792725,5.280718313686908,0,0,0
2016-01-12 23:00:00,1060.22,25.852990722656276,0.01838394,0.049591064,15.693525546530005,23.079553222656276,0.016568145,0.028450012,7.613360907821469,22.634240722656276,0.016018828,0.05052185,5.367780888834066,0,0,0
2016-01-13 00:00:00,1019.8028,25.746759033203148,0.018224165,0.053359985,16.400699982009986,22.801446533203148,0.016492292,0.034469604,7.44511684677014,22.371759033203148,0.01588194,0.055099487,5.374063479430144,0,0,0
2016-01-13 01:00:00,985.4709,25.585076904296898,0.018140877,0.043014526,15.777839862062567,22.577264404296898,0.01646241,0.040740967,7.257925008798976,22.108514404296898,0.015760506,0.05126953,5.310218022929925,0,0,0
2016-01-13 02:00:00,950.4006,25.4355407714844,0.018063998,0.03390503,15.52531048008154,22.3808532714844,0.016461825,0.045288086,7.02222421182666,21.8808532714844,0.015618777,0.049545288,5.272027252838826,0,0,0
2016-01-13 03:00:00,922.4792,25.296838378906276,0.017933272,0.023223877,15.459505138693824,22.335900878906276,0.016491316,0.051742554,6.831185055604629,21.695275878906276,0.01543083,0.050079346,5.237929085792217,0,0,0
2016-01-13 04:00:00,915.9886,25.239648437500023,0.017802685,0.014873505,15.636044836605071,22.372460937500023,0.016520947,0.055603027,7.12125380963409,21.528710937500023,0.015269727,0.04989624,5.264428339514399,0,0,0
2016-01-13 05:00:00,925.6299,25.2082458496094,0.017625548,0.010951996,16.1847966379536,22.3957458496094,0.016557433,0.05203247,6.948703515957012,21.4113708496094,0.015187956,0.055923462,4.977852817141987,0,0,0
2016-01-13 06:00:00,961.5595,25.205712890625023,0.01748056,0.010932922,16.45161501484519,22.440087890625023,0.016580291,0.04171753,6.487531090810728,21.369775390625023,0.015165038,0.07272339,4.76416676107881,0,0,0
2016-01-13 07:00:00,1088.1328,26.054956054687523,0.017365823,0.015476227,20.146546037987317,24.187768554687523,0.017243752,0.039886475,8.928458676830624,21.992456054687523,0.01538218,0.09793091,4.993423541000759,0,0,0
2016-01-13 08:00:00,1258.4171,27.039880371093773,0.017021842,0.009674072,24.49899397049614,26.063317871093773,0.017906852,0.034622192,11.463155580033396,23.321130371093773,0.015591331,0.11224365,5.160797100600063,0,0,0
2016-01-13 09:00:00,1352.5058,27.876031494140648,0.016937088,0.011993408,25.718528676523395,27.743218994140648,0.01818068,0.031280518,13.761525964179736,24.876031494140648,0.015930008,0.118621826,4.699315699007721,0,0,0
2016-01-13 10:00:00,1438.3743,28.675836181640648,0.016883567,0.005525589,25.279895016416024,28.918023681640648,0.01822634,0.036636353,13.935804466128394,26.269586181640648,0.016021445,0.11077881,3.836787092361023,0,0,0
2016-01-13 11:00:00,1476.8656,29.372338867187523,0.01689165,0.0009047985,24.123851917205144,29.723901367187523,0.018219166,0.057052612,13.23502872730534,27.403588867187523,0.015930347,0.104888916,2.65737068500417,0,0,0
2016-01-13 12:00:00,1477.7215,29.854882812500023,0.01686093,0.0005121231,22.990035019657498,30.214257812500023,0.018188445,0.07058716,12.314748621058149,28.151757812500023,0.015823333,0.1262207,1.321887637138834,0,0,0
2016-01-13 13:00:00,1489.2735,30.137475585937523,0.016676882,0.00019717216,21.93037181366842,30.504663085937523,0.018111208,0.07885742,11.42847984958469,28.301538085937523,0.016219119,0.15515137,0.3697701671779965,0,0,0
2016-01-13 14:00:00,1479.98,30.159051513671898,0.016470231,0.00018447638,20.999289277175176,30.518426513671898,0.018011369,0.081085205,10.51968526507195,27.854364013671898,0.016622819,0.15393066,0.9390675771515709,0,0,0
2016-01-13 15:00:00,1441.3437,29.908135986328148,0.016295165,0.000109136105,20.31966836403381,30.048760986328148,0.017973632,0.06088257,9.28925391741905,27.298760986328148,0.016752928,0.16638184,1.0996113464446209,0,0,0
2016-01-13 16:00:00,1370.5474,29.280908203125023,0.016204316,5.710125e-05,20.04756480813388,29.374658203125023,0.018111665,0.04270935,8.41188494628935,26.632470703125023,0.016875703,0.1671753,1.1146906313840166,0,0,0
2016-01-13 17:00:00,1255.1891999999998,28.175714111328148,0.01648631,0.00010961294,18.703587576516487,28.128839111328148,0.018408917,0.043014526,7.067212961181819,25.855401611328148,0.016501568,0.16186523,1.2339632472650437,0,0,0
2016-01-13 18:00:00,1254.112,26.762902832031276,0.017165346,0.00033080578,15.53583208432191,25.989465332031276,0.018202944,0.036254883,5.315447704446546,24.872277832031276,0.017050905,0.17840576,1.23394998355771,0,0,0
2016-01-13 19:00:00,1275.2868999999998,26.069635009765648,0.017371513,0.00033664703,14.45855053360173,25.132135009765648,0.017646171,0.025642395,5.726148348582417,24.218072509765648,0.016669609,0.17095947,1.1008924418618669,0,0,0
2016-01-13 20:00:00,1224.8051,25.669091796875023,0.01722813,0.0005981922,13.580986330059597,24.458154296875023,0.017205242,0.015647888,5.975696197554825,23.653466796875023,0.01659489,0.13897705,1.2820135669778907,0,0,0
2016-01-13 21:00:00,1192.3194999999998,25.404809570312523,0.017009938,0.003296852,13.012262805019148,23.889184570312523,0.01684972,0.009117126,6.154131185661352,23.271997070312523,0.016369069,0.107666016,1.8604388051639889,0,0,0
2016-01-13 22:00:00,1105.3613,25.233483886718773,0.016884957,0.003973007,13.012995588995592,23.436608886718773,0.01658741,0.00819397,6.330292841569178,22.960046386718773,0.016190682,0.09698486,2.407896530794161,0,0,0
2016-01-13 23:00:00,1047.6328,25.043969726562523,0.01673041,0.0039577484,13.480609395772747,23.059594726562523,0.016394716,0.012088776,6.331617688482193,22.668969726562523,0.016059022,0.0925293,2.7764624788540497,0,0,0
2016-01-14 00:00:00,1038.0824,24.813195800781276,0.016531205,0.0031080246,13.91117575376182,22.727258300781276,0.016279435,0.017166138,6.1006059783367,22.438195800781276,0.015897965,0.0892334,2.980667978729981,0,0,0
2016-01-14 01:00:00,997.9371,24.5297790527344,0.016300986,0.0025110245,14.159693710118008,22.4282165527344,0.016209433,0.023513794,5.764749242750036,22.2329040527344,0.015713522,0.09085083,3.046683733292016,0,0,0
2016-01-14 02:00:00,943.8292,24.281884765625023,0.016086724,0.0019397736,14.116982447407455,22.188134765625023,0.0161325,0.026481628,5.461006875313757,22.078759765625023,0.015529777,0.09008789,2.9835299572713643,0,0,0
2016-01-14 03:00:00,926.0489,24.078302001953148,0.015925895,0.0013332367,13.999196236562131,21.992364501953148,0.016047966,0.025726318,5.323241671539601,21.976739501953148,0.015376579,0.08898926,2.885471171244166,0,0,0
2016-01-14 04:00:00,909.1144,23.914178466796898,0.015795575,0.001013279,13.371550167495014,21.843865966796898,0.015963422,0.02609253,5.203454579405544,21.921990966796898,0.015284406,0.09365845,2.718405739922888,0,0,0
2016-01-14 05:00:00,928.9186,23.787133789062523,0.015703874,0.0011997223,12.409965030396505,21.685571289062523,0.01588698,0.029037476,5.037545766693538,21.880883789062523,0.0152651835,0.09109497,2.605467732442174,0,0,0
2016-01-14 06:00:00,950.1868,23.744500732421898,0.015673596,0.0004711151,11.44350734351339,21.635125732421898,0.015841443,0.027885437,5.016738363030365,21.869500732421898,0.015257795,0.08734131,2.6031541399109,0,0,0
2016-01-14 07:00:00,1040.7083,24.9719177246094,0.01601727,0.00022494793,13.159840476509869,23.5187927246094,0.016436886,0.021316528,7.55932504638214,22.4562927246094,0.01543362,0.0869751,2.7232353831418705,0,0,0
2016-01-14 08:00:00,1223.3908,26.202539062500023,0.015804768,0.0008337498,15.769505917895184,25.483789062500023,0.016720295,0.016464233,8.780071964186233,23.804101562500023,0.015430928,0.07128906,3.0281307681002168,0,0,0
2016-01-14 09:00:00,1355.1545,27.065606689453148,0.01592688,0.0011663437,15.00935066216406,27.104669189453148,0.016666932,0.010807037,9.113380898177343,25.198419189453148,0.015240235,0.058502197,2.858890059575866,0,0,0
2016-01-14 10:00:00,1437.322,27.991479492187523,0.015910566,0.0014266968,14.01517079309486,28.288354492187523,0.016673505,0.007062912,8.247510513618106,26.374291992187523,0.015132368,0.047531128,2.254722769415787,0,0,0
2016-01-14 11:00:00,1470.2743,28.8559509277344,0.015854847,0.0018815994,13.5002371194996,29.2387634277344,0.01670171,0.004758835,7.542110797878508,27.3559509277344,0.015114796,0.04371643,1.516994160709446,0,0,0
2016-01-14 12:00:00,1456.3981,29.497338867187523,0.015839119,0.0029745102,13.357026263515696,29.927026367187523,0.01670887,0.0032215118,7.164309399925191,28.044213867187523,0.015182991,0.056640625,0.761204074404477,0,0,0
2016-01-14 13:00:00,1497.8255,29.919519042968773,0.015876649,0.004722595,13.613720698834287,30.310144042968773,0.016692994,0.0023946762,7.251944040569653,28.294519042968773,0.015319704,0.07800293,0.3325680567082344,0,0,0
2016-01-14 14:00:00,1512.4902,30.069848632812523,0.015983775,0.006788254,14.202540210733432,30.335473632812523,0.016662791,0.0057201385,7.772445411134606,28.155786132812523,0.015487865,0.09680176,0.7537498347438802,0,0,0
2016-01-14 15:00:00,1487.7151,29.9736267089844,0.016029065,0.008583069,15.078123401068568,29.9892517089844,0.016631788,0.011680603,8.285737443149321,27.6298767089844,0.015678113,0.10772705,1.168566016133206,0,0,0
2016-01-14 16:00:00,1418.897,29.496057128906276,0.016074598,0.014190674,16.149258301890274,29.246057128906276,0.016776502,0.01127243,8.059538299929608,26.792932128906276,0.015853345,0.10958862,1.2630321646375426,0,0,0
2016-01-14 17:00:00,1301.8325000000002,28.484155273437523,0.016456258,0.029251099,15.95911453658981,27.741967773437523,0.017127644,0.012996674,6.948364221741056,25.781030273437523,0.01604427,0.12438965,1.1096389375941291,0,0,0
2016-01-14 18:00:00,1291.4396,27.124780273437523,0.017319066,0.033843994,14.18426908162288,25.374780273437523,0.016975744,0.008075714,5.715944075816037,24.718530273437523,0.016342504,0.13702393,0.8885287400557936,0,0,0
2016-01-14 19:00:00,1311.8614,26.4155212402344,0.017602054,0.018226624,14.421751093471652,24.3998962402344,0.01651868,0.0067005157,6.384894772516108,23.9702087402344,0.016472904,0.13793945,0.7265261696376938,0,0,0
2016-01-14 20:00:00,1271.0888,25.960534667968773,0.017624557,0.013271332,13.896515877511728,23.640222167968773,0.016182601,0.006164551,6.8113172599844525,23.429284667968773,0.016480148,0.13201904,1.1584552849350331,0,0,0
2016-01-14 21:00:00,1231.6583,25.624078369140648,0.017436396,0.012123108,13.123331803165186,23.014703369140648,0.015910517,0.006456375,6.887101299286996,23.022515869140648,0.016322505,0.10501099,1.8391133757549083,0,0,0
2016-01-14 22:00:00,1177.8224,25.349267578125023,0.017247235,0.010177612,12.552999245980224,22.521142578125023,0.015706098,0.00851059,6.831526325078226,22.677392578125023,0.016163861,0.07992554,2.557352142758389,0,0,0
2016-01-14 23:00:00,1114.3199000000002,25.120568847656276,0.017172053,0.008808136,12.14814998529346,22.136193847656276,0.015608028,0.009559631,6.582837426867082,22.378381347656276,0.016004756,0.059555054,3.081124417297316,0,0,0
2016-01-15 00:00:00,1006.9322,24.924035644531276,0.017150164,0.0079422,11.951927042451196,21.822473144531276,0.015578508,0.009906769,6.2968784228142844,22.103723144531276,0.01581502,0.048095703,3.317632325328296,0,0,0
2016-01-15 01:00:00,955.1682,24.749810791015648,0.01715152,0.0066928864,11.896541509621052,21.546685791015648,0.015587494,0.007900238,6.073891856532439,21.859185791015648,0.015610382,0.0415802,3.409538581203577,0,0,0
2016-01-15 02:00:00,918.6647,24.6325622558594,0.017173411,0.005460739,11.753709202766306,21.3122497558594,0.015601755,0.0054397583,5.940654971685761,21.6481872558594,0.015399576,0.03907776,3.4694815034484616,0,0,0
2016-01-15 03:00:00,904.0888,24.528375244140648,0.017163591,0.0045108795,11.55779189803786,21.145562744140648,0.015580492,0.0037231445,5.910728631197693,21.465875244140648,0.015199022,0.0385437,3.51740389564521,0,0,0
2016-01-15 04:00:00,886.737,24.419061279296898,0.017108627,0.0044555664,11.04859479712089,20.997186279296898,0.015521713,0.0026445389,5.774602950677742,21.309686279296898,0.01499147,0.03593445,3.4969352573797274,0,0,0
2016-01-15 05:00:00,893.4696,24.312921142578148,0.017090062,0.0032110214,10.530451274885344,20.844171142578148,0.015453556,0.0019569397,5.6579222408546,21.164483642578148,0.014797428,0.031600952,3.5587907132391483,0,0,0
2016-01-15 06:00:00,912.041,24.324395751953148,0.017149733,0.002409935,10.355259562379306,20.808770751953148,0.015394973,0.0015702248,5.641728725495844,21.043145751953148,0.014616774,0.02798462,3.665222005326231,0,0,0
2016-01-15 07:00:00,1009.8233,25.573785400390648,0.017592616,0.001434803,12.97619711584852,23.065972900390648,0.016097255,0.0015983582,8.0317494325423,21.526910400390648,0.014636225,0.021690369,3.830131857970229,0,0,0
2016-01-15 08:00:00,1224.3886,26.829064941406276,0.017493464,0.00856781,16.107582458161882,25.211877441406276,0.016524531,0.0022716522,9.30741484597696,22.852502441406276,0.014479853,0.016792297,4.008167901593965,0,0,0
2016-01-15 09:00:00,1325.4356,27.881005859375023,0.017408758,0.017158508,16.630340682053745,26.998193359375023,0.016554266,0.0025148392,10.36021821193578,24.334130859375023,0.014295965,0.010227203,3.789529638065535,0,0,0
2016-01-15 10:00:00,1412.174,28.835107421875023,0.017353963,0.025749207,15.607503054983784,28.233544921875023,0.016591024,0.002418518,9.68882267936148,25.577294921875023,0.014130543,0.0047512054,3.309178441075633,0,0,0
2016-01-15 11:00:00,1457.9589,29.588677978515648,0.017383639,0.0385437,13.86416438768313,29.229302978515648,0.0166207,0.0022916794,8.602237259594816,26.612115478515648,0.01404578,0.0042877197,2.6929872517161835,0,0,0
2016-01-15 12:00:00,1443.5446,30.069055175781276,0.017680285,0.05758667,11.769158944648693,29.959680175781276,0.016665576,0.002439499,7.52959799981502,27.350305175781276,0.014105913,0.0039958954,2.180529209174878,0,0,0
2016-01-15 13:00:00,1476.6816,30.344781494140648,0.017946362,0.080596924,10.390663276773957,30.422906494140648,0.016672254,0.0028095245,6.744641351347972,27.751031494140648,0.014280438,0.0051822662,2.1276543184966243,0,0,0
2016-01-15 14:00:00,1469.5065000000002,30.376855468750023,0.017884402,0.10366821,10.5627764892506,30.548730468750023,0.016625552,0.0030260086,6.379099140603012,27.790917968750023,0.014569429,0.006921768,2.50281737934027,0,0,0
2016-01-15 15:00:00,1431.1106,30.166925048828148,0.01772328,0.0932312,12.082915181959756,30.323175048828148,0.016594129,0.0047187805,6.388596806728028,27.487237548828148,0.014949994,0.013500214,2.9186380450650606,0,0,0
2016-01-15 16:00:00,1351.4095,29.628808593750023,0.01760806,0.07785034,15.208120766743647,29.691308593750023,0.016944302,0.010410309,6.154274529622636,26.847558593750023,0.015437497,0.021888733,3.0864920078843374,0,0,0
2016-01-15 17:00:00,1223.2634999999998,28.598474121093773,0.017737348,0.06047058,17.77708519402451,28.410974121093773,0.017416913,0.01128006,5.914480088280004,25.856286621093773,0.016119916,0.026298523,2.903513987651205,0,0,0
2016-01-15 18:00:00,1215.2524,27.357751464843773,0.01807294,0.036132812,17.996773850292023,25.935876464843773,0.017310001,0.011367798,4.849198271172094,24.678063964843773,0.017035343,0.032211304,2.533446770144412,0,0,0
2016-01-15 19:00:00,1256.962,26.690789794921898,0.01826403,0.019493103,17.303616969214417,25.042352294921898,0.016936515,0.0108680725,5.807668319279493,23.964227294921898,0.016440604,0.0393219,2.385430092808505,0,0,0
2016-01-15 20:00:00,1200.8952,26.3164001464844,0.018225906,0.014209747,15.323462862522986,24.3554626464844,0.016684769,0.0079574585,6.586920540095963,23.3945251464844,0.016440628,0.030944824,2.363447054004235,0,0,0
2016-01-15 21:00:00,1164.94,26.013635253906276,0.018112669,0.009712219,13.688846085083773,23.623010253906276,0.016426573,0.0052871704,6.751678181888526,22.927697753906276,0.016251097,0.026000977,2.48441208721765,0,0,0
2016-01-15 22:00:00,1117.0235,25.776788330078148,0.01796475,0.0074424744,12.852182112485425,23.065850830078148,0.016148955,0.003296852,6.867048588412113,22.526788330078148,0.015973479,0.024635315,2.7589189180583555,0,0,0
2016-01-15 23:00:00,1049.3879,25.551873779296898,0.017864788,0.0055828094,12.128993376045768,22.637811279296898,0.015919292,0.0018043518,6.753538958753938,22.169061279296898,0.01569804,0.026115417,3.067384197595497,0,0,0
2016-01-16 00:00:00,1003.6166,25.347497558593773,0.017816408,0.004240036,11.675109562165751,22.300622558593773,0.0157641,0.0010108948,6.528918858710303,21.870935058593773,0.015409335,0.029907227,3.4113194697803286,0,0,0
2016-01-16 01:00:00,965.5535,25.209313964843773,0.01782503,0.0041122437,11.585427878573958,22.014001464843773,0.015696429,0.002500534,6.195567195318287,21.639001464843773,0.0151318535,0.034622192,3.661424701621227,0,0,0
2016-01-16 02:00:00,935.5192,25.109826660156276,0.017800713,0.004119873,11.751868845260365,21.773889160156276,0.01570263,0.0065364838,5.814194896065035,21.453576660156276,0.0148901,0.03845215,3.817432142452757,0,0,0
2016-01-16 03:00:00,913.2038,25.018731689453148,0.017839087,0.0066452026,11.661322295653502,21.612481689453148,0.015748633,0.010051727,5.503526787980419,21.284356689453148,0.014699591,0.040145874,3.962484276677173,0,0,0
2016-01-16 04:00:00,895.6891,24.980096435546898,0.017888615,0.014694214,11.52330495156819,21.503533935546898,0.01580579,0.01391983,5.258614420846639,21.151971435546898,0.014562198,0.04324341,4.014865684115325,0,0,0
2016-01-16 05:00:00,891.6778999999999,24.9763122558594,0.017895808,0.018577576,11.533903562822276,21.4919372558594,0.015904536,0.0149383545,5.113781708195005,21.0622497558594,0.014493099,0.0519104,3.992330422427891,0,0,0
2016-01-16 06:00:00,908.0838,25.041528320312523,0.017889561,0.019348145,11.803388296618971,21.650903320312523,0.016035618,0.014060974,5.112536236697537,21.033715820312523,0.0144830365,0.055755615,4.009341428144897,0,0,0
2016-01-16 07:00:00,964.3326,26.1027770996094,0.018060552,0.018203735,15.614227233585748,23.9777770996094,0.016977178,0.013889313,7.524488828412615,21.6574645996094,0.014722692,0.048950195,4.294352666546672,0,0,0
2016-01-16 08:00:00,1071.6832,27.198297119140648,0.01755684,0.019569397,20.08446747464902,26.088922119140648,0.017648393,0.019638062,9.21128972668622,23.135797119140648,0.015023881,0.037109375,4.474013195241774,0,0,0
2016-01-16 09:00:00,1181.4072,28.118005371093773,0.017258964,0.021850586,21.85492572214128,27.789880371093773,0.017915092,0.028053284,10.431701218872414,24.852380371093773,0.015153252,0.02835083,4.020216721343797,0,0,0
2016-01-16 10:00:00,1269.0801,28.900231933593773,0.017183857,0.019584656,22.27498335404208,28.978356933593773,0.018045979,0.03164673,10.160780892887686,26.290856933593773,0.015249806,0.027748108,3.204145885510926,0,0,0
2016-01-16 11:00:00,1306.1056,29.5073181152344,0.01719374,0.022987366,22.272949124337185,29.9213806152344,0.018223708,0.038345337,9.534053830839264,27.3979431152344,0.015343612,0.030509949,2.2959163642679936,0,0,0
2016-01-16 12:00:00,1294.7305,29.887475585937523,0.017215924,0.023529053,22.001483464943977,30.590600585937523,0.018322187,0.058761597,8.976519740229424,28.137475585937523,0.015480236,0.03314209,1.5380860630580306,0,0,0
2016-01-16 13:00:00,1263.4499999999998,30.050592041015648,0.01720728,0.027679443,21.606879092573596,30.980279541015648,0.018389836,0.066101074,8.599485364197832,28.503717041015648,0.015635625,0.03778076,1.3839326440250224,0,0,0
2016-01-16 14:00:00,1235.3449,29.953790283203148,0.017115368,0.027915955,21.175705243361104,31.024102783203148,0.018297924,0.063568115,8.2876309069483,28.500665283203148,0.01583363,0.04133606,1.6973600337172632,0,0,0
2016-01-16 15:00:00,1216.7364,29.635400390625023,0.016947178,0.019111633,20.72341629437956,30.752587890625023,0.018198399,0.06085205,7.912475050755801,28.174462890625023,0.016062168,0.0435791,2.0592941303033,0,0,0
2016-01-16 16:00:00,1203.4951,29.082421875000023,0.016837606,0.013473511,20.00665492154804,30.019921875000023,0.01842452,0.056045532,6.74654070903721,27.512109375000023,0.016433248,0.038238525,2.5347068070824035,0,0,0
2016-01-16 17:00:00,1181.6937,28.225305175781276,0.016911294,0.009056091,18.380688094416342,28.787805175781276,0.018650796,0.04748535,5.670323869447302,26.475305175781276,0.017018106,0.043823242,2.761769867117765,0,0,0
2016-01-16 18:00:00,1203.4464,27.073907470703148,0.01743609,0.006717682,15.562027536597045,26.589532470703148,0.018626276,0.039352417,4.1585350535563,25.253594970703148,0.01757342,0.056427002,2.586539114956641,0,0,0
2016-01-16 19:00:00,1250.0789,26.474694824218773,0.017603375,0.005132675,14.701479529836815,25.748132324218773,0.018206097,0.03665161,4.829930277966831,24.552819824218773,0.017733075,0.07623291,2.5823791251093984,0,0,0
2016-01-16 20:00:00,1216.0157000000002,26.157037353515648,0.017512824,0.00274086,14.079532556143748,25.110162353515648,0.017871406,0.03152466,5.291716367633333,24.227349853515648,0.017657783,0.07925415,2.537961150298142,0,0,0
2016-01-16 21:00:00,1160.3257,25.916101074218773,0.017408963,0.0017333031,13.268599852091103,24.509851074218773,0.01758444,0.02545166,5.284503623439251,23.994226074218773,0.017561551,0.07434082,2.654924112948799,0,0,0
2016-01-16 22:00:00,1127.102,25.690057373046898,0.017305484,0.0010652542,12.865412275081296,24.033807373046898,0.017343631,0.018836975,5.295292213741018,23.760369873046898,0.017427554,0.0741272,2.58884458021886,0,0,0
2016-01-16 23:00:00,1066.8728,25.488671875000023,0.017207121,0.00063204765,12.852192210066429,23.652734375000023,0.017191863,0.01361084,5.327624917823575,23.543359375000023,0.017245268,0.07702637,2.333150629883303,0,0,0
2016-01-17 00:00:00,998.1228,25.294702148437523,0.017083712,0.0003746748,13.00373135935826,23.325952148437523,0.017076083,0.010681152,5.36061832519628,23.318139648437523,0.017076083,0.08068848,2.15333663498278,0,0,0
2016-01-17 01:00:00,968.469,25.102258300781276,0.016967714,0.00023782253,13.297852375764188,23.047570800781276,0.016990602,0.008323669,5.290461972694019,23.086633300781276,0.016906679,0.084503174,2.1151910176152806,0,0,0
2016-01-17 02:00:00,959.4656,24.920495605468773,0.016875336,0.00017046928,13.6446904681789,22.787683105468773,0.016898224,0.0060424805,5.094999745587015,22.881433105468773,0.016753266,0.089141846,2.152367205760279,0,0,0
2016-01-17 03:00:00,926.5984,24.7744079589844,0.016791027,0.0001283884,13.802026301351312,22.5712829589844,0.016798656,0.004175186,4.989534912299166,22.6884704589844,0.016615551,0.08880615,2.1610051903704264,0,0,0
2016-01-17 04:00:00,887.5314999999999,24.637597656250023,0.016745083,0.000100106,13.382853084576158,22.395410156250023,0.016691677,0.0028800964,4.827744907861821,22.536035156250023,0.016485684,0.085357666,2.1349722823816197,0,0,0
2016-01-17 05:00:00,867.3295999999999,24.517907714843773,0.016714297,8.034706e-05,12.53400976979928,22.236657714843773,0.016584598,0.0018606186,4.687480682333241,22.400720214843773,0.016401492,0.07992554,2.201699101451956,0,0,0
2016-01-17 06:00:00,844.1814999999999,24.484429931640648,0.016722092,6.6906214e-05,11.44351868408694,22.210992431640648,0.016516099,0.0011973381,4.524257491506953,22.257867431640648,0.016325364,0.07034302,2.275753567151083,0,0,0
2016-01-17 07:00:00,830.5944999999999,25.7495056152344,0.017112166,0.00020205975,12.657695718209354,24.2338806152344,0.017241865,0.00085139275,6.547267329221073,22.8823181152344,0.016440779,0.058258057,2.093776985108431,0,0,0
2016-01-17 08:00:00,904.8866,27.014733886718773,0.016866365,0.0014419556,14.119203890005585,26.241296386718773,0.017499605,0.0018372536,7.938201065942464,24.413171386718773,0.01655356,0.044906616,1.8722936362724547,0,0,0
2016-01-17 09:00:00,952.1414,27.958184814453148,0.016933227,0.0029172897,13.4882578328424,27.786309814453148,0.017551208,0.0021438599,8.581601018318066,25.911309814453148,0.016628051,0.035598755,1.367484780389033,0,0,0
2016-01-17 10:00:00,1011.9601,28.794854736328148,0.017122246,0.002664566,13.415353218060718,28.919854736328148,0.017724968,0.0019960403,8.206104369661725,27.216729736328148,0.016649224,0.027709961,0.6982886648648678,0,0,0
2016-01-17 11:00:00,1056.4223,29.473321533203148,0.01733586,0.0025148392,14.047108080397306,29.817071533203148,0.01784703,0.0016474724,7.893297659990959,28.192071533203148,0.016611068,0.021896362,0.0404258132716136,0,0,0
2016-01-17 12:00:00,1074.3721,29.987145996093773,0.017542012,0.002210617,14.401812630056329,30.487145996093773,0.017931111,0.0012412071,7.569868453380763,28.768395996093773,0.016573079,0.015335083,0.7571259891055762,0,0,0
2016-01-17 13:00:00,1079.8794,30.283471679687523,0.0177932,0.0027570724,14.695637145038416,30.892846679687523,0.017961048,0.0018525124,7.519685195258577,29.002221679687523,0.016625904,0.021812439,1.3900073233418375,0,0,0
2016-01-17 14:00:00,1091.267,30.344659423828148,0.017914683,0.004627228,15.674399770533606,30.969659423828148,0.017899424,0.0031166077,7.762611056652918,28.750909423828148,0.017250925,0.033172607,1.7612920517568136,0,0,0
2016-01-17 15:00:00,1075.8738,30.156762695312523,0.017867938,0.00976181,17.52370396064965,30.641137695312523,0.017791644,0.002776146,8.073612337192358,28.297387695312523,0.017509356,0.026359558,1.9245399941074408,0,0,0
2016-01-17 16:00:00,1066.8247,29.532556152343773,0.017684624,0.020187378,19.46117206960449,29.891931152343773,0.0178601,0.0028047562,8.01229641517365,27.634118652343773,0.016959831,0.031707764,1.9144999201234851,0,0,0
2016-01-17 17:00:00,1060.5375,28.401330566406276,0.017593004,0.027870178,20.50183734382497,28.401330566406276,0.018180467,0.002450943,6.988665256685809,26.573205566406276,0.016868211,0.04109192,1.517571882433921,0,0,0
2016-01-17 18:00:00,1100.9908,27.145135498046898,0.017738918,0.02683258,20.05003194830197,26.176385498046898,0.017891506,0.002916336,5.936360017259449,25.332635498046898,0.01708279,0.054397583,1.0185621930995183,0,0,0
2016-01-17 19:00:00,1144.1009,26.502618408203148,0.01771692,0.021469116,19.250415843088582,25.166680908203148,0.017480409,0.0044670105,6.691090364766434,24.486993408203148,0.017198121,0.06628418,0.5037431160099122,0,0,0
2016-01-17 20:00:00,1129.5974,26.1528259277344,0.017634014,0.015331268,17.584728212878378,24.3637634277344,0.017031291,0.004032135,7.286510022088898,23.8793884277344,0.017145732,0.063812256,0.6325614812809016,0,0,0
2016-01-17 21:00:00,1124.442,25.872125244140648,0.017589074,0.011882782,16.71602534201427,23.723687744140648,0.016673546,0.003730774,7.504651450666852,23.465875244140648,0.016841393,0.0566864,1.6591937855193977,0,0,0
2016-01-17 22:00:00,1078.3726,25.665216064453148,0.017490244,0.014030457,16.60539737877217,23.243341064453148,0.016437387,0.0073871613,7.215627828393434,23.141778564453148,0.016467905,0.050109863,2.595484563094875,0,0,0
2016-01-17 23:00:00,1038.0803,25.502648925781276,0.017360011,0.016441345,16.940942204202024,22.901086425781276,0.016291896,0.010749817,6.76764661085477,22.799523925781276,0.016207973,0.043533325,3.1605213338225138,0,0,0
2016-01-18 00:00:00,990.4342,25.322137451171898,0.017222254,0.019264221,17.705662018950235,22.650262451171898,0.016222803,0.0101623535,6.333627978380975,22.525262451171898,0.015993921,0.042907715,3.5584268996885755,0,0,0
2016-01-18 01:00:00,961.237,25.067193603515648,0.017107617,0.01877594,18.019844102936645,22.387506103515648,0.016214978,0.010528564,6.073123387721933,22.254693603515648,0.015780102,0.045333862,3.8313764492158,0,0,0
2016-01-18 02:00:00,939.1385,24.857629394531276,0.017015176,0.02015686,17.985137601935296,22.146691894531276,0.01620646,0.012451172,5.898306251126681,21.990441894531276,0.015580851,0.0513916,4.003581108177815,0,0,0
2016-01-18 03:00:00,910.7643,24.730004882812523,0.016901052,0.037506104,17.39775436642985,21.933129882812523,0.01617626,0.018836975,5.886695709689691,21.808129882812523,0.015371358,0.056533813,4.189762963848588,0,0,0
2016-01-18 04:00:00,901.4376,24.680108642578148,0.016787171,0.043945312,17.74600860850696,21.758233642578148,0.016077638,0.0258255,6.103346747663679,21.672296142578148,0.0152117,0.06820679,4.342979856869061,0,0,0
2016-01-18 05:00:00,917.5904,24.530969238281276,0.016650647,0.03352356,17.672287715878582,21.616906738281276,0.015964001,0.022155762,6.490002532041553,21.570031738281276,0.0151438415,0.07406616,4.512327284955103,0,0,0
2016-01-18 06:00:00,920.7477,24.508905029296898,0.016467975,0.018417358,18.141619022548053,21.579217529296898,0.015872883,0.016693115,6.941421950821087,21.524530029296898,0.0151442755,0.07543945,4.698851465345951,0,0,0
2016-01-18 07:00:00,1025.3593,25.436395263671898,0.016216932,0.009902954,22.050473079666784,23.389520263671898,0.016308485,0.011489868,10.533652062563414,22.116082763671898,0.015335737,0.07293701,5.23117321327213,0,0,0
2016-01-18 08:00:00,1234.536,26.473474121093773,0.015541282,0.008842468,26.118815828501933,25.356286621093773,0.016720023,0.009403229,13.36736325726432,23.442224121093773,0.015358176,0.056900024,5.853104662516181,0,0,0
2016-01-18 09:00:00,1356.3615,27.322534179687523,0.015139622,0.008365631,27.45197836828901,26.970971679687523,0.016604465,0.009132385,15.692227591228162,24.806909179687523,0.015250248,0.041305542,5.985725569950136,0,0,0
2016-01-18 10:00:00,1423.3289,28.062829589843773,0.015065924,0.003602028,27.661485302944943,28.039392089843773,0.01645066,0.008239746,15.994433979824388,25.914392089843773,0.015088812,0.034683228,5.920411141269248,0,0,0
2016-01-18 11:00:00,1446.1242,28.571832275390648,0.015125798,0.002081871,27.506276061624924,28.821832275390648,0.016457127,0.0060596466,15.930256252490716,26.712457275390648,0.014938878,0.03239441,5.774329248092878,0,0,0
2016-01-18 12:00:00,1434.2192,28.884912109375023,0.015162772,0.0017819405,27.125982023824243,29.338037109375023,0.016440695,0.0056705475,15.742001491611989,27.181787109375023,0.014911002,0.03050232,5.6776565518079805,0,0,0
2016-01-18 13:00:00,1454.1996,29.008660888671898,0.015173181,0.0019540787,26.64759058268317,29.555535888671898,0.016370995,0.008728027,15.332746221386865,27.344598388671898,0.014856561,0.03768921,5.646008102508471,0,0,0
2016-01-18 14:00:00,1450.7714999999998,28.914208984375023,0.015183558,0.002339363,26.363129687758885,29.398583984375023,0.016240228,0.01650238,14.913263845905687,27.179833984375023,0.014813532,0.04425049,5.69030541617672,0,0,0
2016-01-18 15:00:00,1431.666,28.526025390625023,0.015182856,0.003209114,26.423170879941456,28.869775390625023,0.016025905,0.023468018,14.50041596966987,26.721337890625023,0.014854792,0.053482056,5.843966820922286,0,0,0
2016-01-18 16:00:00,1366.7525,27.842736816406276,0.01512132,0.0053901672,26.243459390229056,27.967736816406276,0.015804151,0.022720337,13.44774953173436,25.967736816406276,0.014839033,0.058441162,6.037849510928023,0,0,0
2016-01-18 17:00:00,1229.2085,26.9057556152344,0.01510563,0.012554169,24.918722224166235,26.4838806152344,0.015826609,0.026252747,10.848513551489692,24.8510681152344,0.014945413,0.053878784,6.149558744650404,0,0,0
2016-01-18 18:00:00,1188.1198,25.909875488281276,0.015361387,0.012901306,21.704279759708573,24.417687988281276,0.0155978985,0.026603699,8.663586080263853,23.589562988281276,0.015113432,0.051101685,6.3587248448751135,0,0,0
2016-01-18 19:00:00,1241.269,25.4982849121094,0.0156165715,0.012161255,19.79166299256408,23.5998474121094,0.0153648015,0.015468597,8.762688789020892,22.8264099121094,0.015093958,0.05480957,6.710895563956029,0,0,0
2016-01-18 20:00:00,1182.0041,25.313500976562523,0.015764456,0.016471863,18.968283544898007,23.001000976562523,0.01526473,0.009643555,8.65752904373219,22.376000976562523,0.014990072,0.052200317,6.882247428430461,0,0,0
2016-01-18 21:00:00,1135.6997,25.1852966308594,0.01585709,0.023368835,18.86470092309891,22.6306091308594,0.015166629,0.0041389465,8.928430990891203,22.1384216308594,0.014926303,0.04812622,6.883476815871903,0,0,0
2016-01-18 22:00:00,1110.3499,25.086999511718773,0.016028134,0.025062561,19.09127584407318,22.336999511718773,0.015097348,0.0016503334,9.238311318991762,22.008874511718773,0.014898984,0.045684814,6.866399713839298,0,0,0
2016-01-18 23:00:00,1070.0132,25.002496337890648,0.016221166,0.021308899,19.43338159431934,22.135308837890648,0.015088201,0.0053272247,9.625531827427274,21.924371337890648,0.014859319,0.04170227,6.853425326465908,0,0,0
2016-01-19 00:00:00,1009.6561,24.913293457031276,0.016367571,0.016937256,19.98454116764136,22.014855957031276,0.015082019,0.0077495575,10.117675268013867,21.835168457031276,0.014776844,0.04071045,6.87957128686108,0,0,0
2016-01-19 01:00:00,970.934,24.819848632812523,0.016443804,0.021324158,20.559022713081287,21.944848632812523,0.014959887,0.0041885376,10.551816810990196,21.788598632812523,0.014696673,0.041381836,6.858837738894178,0,0,0
2016-01-19 02:00:00,944.775,24.768029785156276,0.016516779,0.02256012,21.09064195852408,21.846154785156276,0.0147315,0.0030641556,10.871334052601457,21.760217285156276,0.014624689,0.049743652,7.0926227040210055,0,0,0
2016-01-19 03:00:00,939.1207,24.722497558593773,0.016576014,0.02433014,21.448786347740416,21.699060058593773,0.014485559,0.008731842,10.834966322455289,21.769372558593773,0.014603815,0.054397583,7.341255529223957,0,0,0
2016-01-19 04:00:00,923.3315,24.6262145996094,0.016667515,0.030937195,21.405363148827988,21.5949645996094,0.014294774,0.007007599,11.139977751731914,21.8137145996094,0.014496953,0.052764893,7.577573509048538,0,0,0
2016-01-19 05:00:00,940.447,24.540368652343773,0.016682923,0.043701172,21.634651237199854,21.509118652343773,0.014123261,0.0034542084,11.39944591179533,21.821618652343773,0.014500916,0.05606079,7.733064120090096,0,0,0
2016-01-19 06:00:00,962.3918,24.533654785156276,0.016652668,0.041137695,22.245289356615935,21.424279785156276,0.013951861,0.0029821396,11.384435167135305,21.877404785156276,0.014581286,0.053329468,7.773108092109688,0,0,0
2016-01-19 07:00:00,1036.0221,25.443688964843773,0.016629862,0.040603638,26.376253441409546,22.896813964843773,0.014299081,0.0025806427,14.332221355035184,22.357751464843773,0.014722512,0.045684814,8.086140028034299,0,0,0
2016-01-19 08:00:00,1220.6643,26.596063232421898,0.016263323,0.057525635,32.74171606228246,24.807000732421898,0.015034991,0.00244236,16.048155405876162,23.361688232421898,0.014664966,0.05014038,8.519631390724218,0,0,0
2016-01-19 09:00:00,1328.5604,27.475885009765648,0.016102731,0.06878662,35.42495313599582,26.600885009765648,0.015259683,0.0027885437,19.660057743643545,24.499322509765648,0.0145120025,0.0496521,8.64769075472778,0,0,0
2016-01-19 10:00:00,1355.1338,28.248834228515648,0.016125211,0.07507324,35.85895587990363,27.655084228515648,0.015347013,0.006055832,20.995361949456168,25.428521728515648,0.014542112,0.044189453,8.715057457424251,0,0,0
2016-01-19 11:00:00,1403.3449,28.882501220703148,0.016163016,0.08602905,35.57642272978056,28.398126220703148,0.015621329,0.009593964,21.07091537478724,26.070001220703148,0.014484549,0.04295349,8.78611134047268,0,0,0
2016-01-19 12:00:00,1413.4304,29.095727539062523,0.016139925,0.08822632,34.64992866013354,28.830102539062523,0.01581949,0.012393951,20.918231090791917,26.408227539062523,0.014430941,0.038024902,8.80552060617383,0,0,0
2016-01-19 13:00:00,1427.7113,29.2451110839844,0.016139774,0.088409424,33.57901953569395,28.9951110839844,0.015910892,0.015937805,20.57727477244125,26.4404235839844,0.014354495,0.02986145,8.775501060852227,0,0,0
2016-01-19 14:00:00,1435.4539,29.132867431640648,0.016086172,0.088653564,32.428945200490354,28.820367431640648,0.01599462,0.014591217,19.88841855213437,26.164117431640648,0.014274192,0.028457642,8.671990840653653,0,0,0
2016-01-19 15:00:00,1416.8644000000002,28.649499511718773,0.016101217,0.07373047,31.412741866358942,28.368249511718773,0.016017294,0.009967804,18.969068699379456,25.680749511718773,0.014277791,0.03288269,8.45167547013984,0,0,0
2016-01-19 16:00:00,1343.2543,27.978112792968773,0.016238144,0.053833008,30.99691772888728,27.587487792968773,0.015940597,0.009254456,17.469797537143055,24.939050292968773,0.0143384235,0.038391113,8.191965637753361,0,0,0
2016-01-19 17:00:00,1215.8987000000002,27.127038574218773,0.016482057,0.03781128,30.078264123054872,26.252038574218773,0.015856447,0.0122795105,15.175456650727366,23.908288574218773,0.014403047,0.03479004,7.724397772860298,0,0,0
2016-01-19 18:00:00,1197.8379,26.251367187500023,0.016932782,0.027061462,27.487354214686302,24.602929687500023,0.015643414,0.015701294,12.80091781305893,22.899804687500023,0.014537151,0.03942871,7.240568595603973,0,0,0
2016-01-19 19:00:00,1230.9019999999998,25.870996093750023,0.017330466,0.025978088,25.791850839017904,23.941308593750023,0.0154307475,0.014472961,12.387865294027408,22.449121093750023,0.014606773,0.04017639,7.000876633384155,0,0,0
2016-01-19 20:00:00,1183.3346,25.683190917968773,0.017567825,0.034500122,24.945082442467964,23.503503417968773,0.015221785,0.008060455,11.837623603602474,22.276940917968773,0.014573286,0.035995483,6.819927401338044,0,0,0
2016-01-19 21:00:00,1154.354,25.559411621093773,0.017684143,0.033081055,24.40905096063401,23.184411621093773,0.015105408,0.00422287,11.275558674371284,22.129724121093773,0.0145408325,0.029434204,6.553728041509308,0,0,0
2016-01-19 22:00:00,1117.7193,25.475762939453148,0.017701557,0.028305054,23.87713633940444,22.764825439453148,0.015134266,0.004983902,9.815138945254338,22.022637939453148,0.014516285,0.026473999,6.16542203697711,0,0,0
2016-01-19 23:00:00,1068.8107,25.4113708496094,0.017704386,0.03074646,23.407249853477555,22.3801208496094,0.015201945,0.013626099,8.865934722728925,21.9348083496094,0.014473338,0.028038025,5.740900983909727,0,0,0
2016-01-20 00:00:00,1006.1905,25.350946044921898,0.0177295,0.03678894,23.18441859579403,22.233758544921898,0.015307168,0.022529602,8.621329347461867,21.811883544921898,0.014475564,0.031150818,5.371226134732152,0,0,0
2016-01-20 01:00:00,987.9559,25.227593994140648,0.01775949,0.047851562,22.43533162724833,22.157281494140648,0.015432525,0.019088745,8.583623965876724,21.672906494140648,0.014471222,0.03694153,5.326366797175786,0,0,0
2016-01-20 02:00:00,941.1257,25.1569763183594,0.017848808,0.06350708,22.260160184628333,22.1335388183594,0.015579063,0.011642456,8.718275803006861,21.5397888183594,0.014468987,0.04371643,5.536743849542287,0,0,0
2016-01-20 03:00:00,929.1504,25.111169433593773,0.01802163,0.08602905,21.863786914042503,22.181481933593773,0.015740441,0.007001877,8.935610886041216,21.462731933593773,0.014443445,0.052200317,5.753516069223538,0,0,0
2016-01-20 04:00:00,910.9716,25.038690185546898,0.018226333,0.102752686,19.96456547264976,22.234002685546898,0.015891738,0.0063095093,8.89167556214059,21.421502685546898,0.014438339,0.059951782,5.815590294145587,0,0,0
2016-01-20 05:00:00,918.297,25.011010742187523,0.018354867,0.09552002,18.479231291797344,22.229760742187523,0.015989754,0.012813568,8.489689544824644,21.425073242187523,0.014471504,0.06573486,5.821157925438505,0,0,0
2016-01-20 06:00:00,953.3866,25.058160400390648,0.018437577,0.083496094,17.763291532314945,22.284722900390648,0.01601906,0.02040863,8.15734931640622,21.480035400390648,0.014523698,0.06939697,5.7891560535362,0,0,0
2016-01-20 07:00:00,1040.868,25.985192871093773,0.018452432,0.08364868,21.734276164068053,23.563317871093773,0.016392495,0.038085938,10.386636063216848,22.086755371093773,0.014755989,0.06277466,6.135806625054563,0,0,0
2016-01-20 08:00:00,1237.717,27.154748535156276,0.018055351,0.08480835,27.065301585734417,25.217248535156276,0.01693383,0.0594635,12.196714496656035,23.334436035156276,0.014831931,0.06777954,6.410387193051895,0,0,0
2016-01-20 09:00:00,1339.1636,28.173394775390648,0.017742673,0.10443115,28.90179040768117,27.064019775390648,0.017323056,0.06515503,15.088802839535386,24.696832275390648,0.01493887,0.08294678,6.274177272404458,0,0,0
2016-01-20 10:00:00,1414.957,28.910791015625023,0.017590215,0.113220215,28.59602200246101,28.488916015625023,0.017674139,0.058563232,16.43400255946529,25.973291015625023,0.015091588,0.09555054,5.858833363637639,0,0,0
2016-01-20 11:00:00,1460.9073,29.526208496093773,0.0176509,0.121520996,27.763172648189254,29.526208496093773,0.017956076,0.04371643,16.66644316459841,26.994958496093773,0.015274344,0.10058594,5.584612362624974,0,0,0
2016-01-20 12:00:00,1466.4319,29.950830078125023,0.017772397,0.116119385,26.651745136084955,30.107080078125023,0.018085202,0.043884277,16.378848266353362,27.653955078125023,0.015510281,0.106048584,5.439287131387776,0,0,0
2016-01-20 13:00:00,1516.0708,30.146752929687523,0.017825497,0.1131897,25.689040178222317,30.365502929687523,0.018123044,0.057128906,16.022968409835855,27.943627929687523,0.015750302,0.10348511,5.415788933088256,0,0,0
2016-01-20 14:00:00,1511.4448,30.084039306640648,0.017818078,0.11868286,25.25066372744997,30.287164306640648,0.018024072,0.06347656,15.72970852125284,27.802789306640648,0.016048059,0.09579468,5.369969598268516,0,0,0
2016-01-20 15:00:00,1449.1704,29.652124023437523,0.017757602,0.11703491,25.12310787534867,29.839624023437523,0.017864414,0.049819946,15.300741559177524,27.355249023437523,0.016056247,0.08761597,5.668191719533203,0,0,0
2016-01-20 16:00:00,1380.7017,28.920312500000023,0.01772685,0.0899353,25.67833004521776,28.857812500000023,0.017658185,0.045394897,14.51116454611328,26.592187500000023,0.015857648,0.082977295,6.241115942351303,0,0,0
2016-01-20 17:00:00,1250.6784,27.947625732421898,0.01769564,0.058044434,25.781493109649222,27.369500732421898,0.017482016,0.059677124,12.67814268619168,25.478875732421898,0.015750144,0.072631836,6.532395479787311,0,0,0
2016-01-20 18:00:00,1229.4406,26.926843261718773,0.017794153,0.0332489,23.77815105363108,25.528405761718773,0.017168542,0.065093994,10.610392719159137,24.223718261718773,0.015779993,0.07546997,6.405684855026359,0,0,0
2016-01-20 19:00:00,1244.9867,26.407739257812523,0.017816879,0.018508911,22.16087374069831,24.673364257812523,0.01705394,0.055725098,9.714953727513803,23.470239257812523,0.015703537,0.081848145,6.499171735371331,0,0,0
2016-01-20 20:00:00,1217.0398,26.184045410156276,0.017565822,0.019050598,21.98177698201648,24.168420410156276,0.017008876,0.055847168,8.895065872951998,22.965295410156276,0.015742397,0.08483887,6.276840775854303,0,0,0
2016-01-20 21:00:00,1166.5304,25.985375976562523,0.017459914,0.01342392,20.825332825784265,23.891625976562523,0.01700978,0.04647827,8.356391776571964,22.649438476562523,0.015811965,0.09552002,5.839955789059029,0,0,0
2016-01-20 22:00:00,1114.2613,25.776940917968773,0.017547304,0.010173798,19.41801422463746,23.714440917968773,0.01708954,0.044265747,7.7933635649517585,22.425378417968773,0.015922243,0.1182251,5.532459822421356,0,0,0
2016-01-20 23:00:00,1059.8327000000002,25.642846679687523,0.01765661,0.012203217,19.120020606377004,23.556909179687523,0.017183587,0.04447937,7.2835142827488735,22.299096679687523,0.016031548,0.12536621,5.23040587475045,0,0,0
2016-01-21 00:00:00,1000.8463,25.540429687500023,0.01771686,0.012340546,19.22734749578404,23.415429687500023,0.017266726,0.045700073,7.029695042904794,22.243554687500023,0.016129946,0.121917725,4.828098191862771,0,0,0
2016-01-21 01:00:00,965.0819,25.407678222656276,0.017747037,0.011478424,18.75399273894345,23.290490722656276,0.017304532,0.044067383,6.93508672031564,22.204553222656276,0.016228788,0.11590576,4.283138038151166,0,0,0
2016-01-21 02:00:00,928.1378,25.307305908203148,0.01768605,0.009712219,18.934957817842545,23.151055908203148,0.017281692,0.036514282,7.041121756633373,22.221368408203148,0.016350906,0.10317993,3.8333116992395246,0,0,0
2016-01-21 03:00:00,912.8415,25.250421142578148,0.017602386,0.01543045,19.36429163977989,22.984796142578148,0.017159881,0.038711548,7.292157561717056,22.281671142578148,0.016480865,0.10043335,3.594291058486987,0,0,0
2016-01-21 04:00:00,897.2547,25.205529785156276,0.0175323,0.01903534,18.915591539031613,22.783654785156276,0.016937207,0.047225952,7.372158328081855,22.346154785156276,0.01640315,0.11856079,3.4617414986412425,0,0,0
2016-01-21 05:00:00,910.1355,25.178277587890648,0.017432846,0.023780823,18.60362388009841,22.584527587890648,0.0167462,0.039855957,7.285577034178368,22.279840087890648,0.016212143,0.13726807,3.623051986814117,0,0,0
2016-01-21 06:00:00,939.2704,25.202355957031276,0.017318219,0.024749756,18.32698246119127,22.499230957031276,0.016639203,0.030174255,7.16920460969819,22.217980957031276,0.01605174,0.14520264,3.8660799195169,0,0,0
2016-01-21 07:00:00,1048.8723,26.006433105468773,0.017180583,0.021957397,21.227354230495923,24.123620605468773,0.017119547,0.027015686,10.43907644461911,22.600183105468773,0.016234538,0.14227295,4.310578297896766,0,0,0
2016-01-21 08:00:00,1229.0293,27.010583496093773,0.016570058,0.018424988,25.606974605319937,26.034020996093773,0.017615285,0.027877808,13.02079293222899,23.487145996093773,0.016478505,0.13043213,5.056422438351155,0,0,0
2016-01-21 09:00:00,1327.6187,27.8659606933594,0.016226463,0.009407043,27.073012547975736,27.6159606933594,0.017538719,0.027755737,15.485384344468123,24.8347106933594,0.016478233,0.11376953,5.553972090994771,0,0,0
2016-01-21 10:00:00,1406.3309000000002,28.656182861328148,0.01613471,0.0046863556,26.977510775579063,28.703057861328148,0.017431706,0.024513245,15.875272502813116,26.343682861328148,0.016142339,0.097717285,5.509286122678961,0,0,0
2016-01-21 11:00:00,1454.1924,29.325341796875023,0.01605071,0.0022096634,26.53723044346141,29.544091796875023,0.017408742,0.020401001,15.754003223108434,27.380029296875023,0.015859975,0.08981323,5.138438029171771,0,0,0
2016-01-21 12:00:00,1451.6776,29.762963867187523,0.015959298,0.00047802925,25.894435635383136,30.122338867187523,0.017416513,0.015960693,15.32502029193574,27.973901367187523,0.015661752,0.08834839,4.874103123252883,0,0,0
2016-01-21 13:00:00,1474.5424,29.988793945312523,0.015822442,0.0003092289,25.21228991956664,30.426293945312523,0.01737121,0.012710571,14.703592071735796,28.215356445312523,0.015540155,0.08673096,4.723965340819063,0,0,0
2016-01-21 14:00:00,1521.3392,29.928552246093773,0.015677787,0.00023776293,24.44593629357508,30.397302246093773,0.017257072,0.01020813,13.871321121367624,28.076989746093773,0.015570977,0.079559326,4.56255243767691,0,0,0
2016-01-21 15:00:00,1615.2451,29.560327148437523,0.015502533,0.00019621849,23.630750904397097,29.997827148437523,0.017097076,0.0093307495,12.880120613528549,27.599389648437523,0.01566275,0.07659912,4.445543608063181,0,0,0
2016-01-21 16:00:00,1478.4616,28.820214843750023,0.015422504,0.00015437603,22.75429394787732,29.210839843750023,0.017104786,0.010307312,11.384668038696532,26.906152343750023,0.0156552,0.07196045,4.607110200683843,0,0,0
2016-01-21 17:00:00,1224.1042,27.728723144531276,0.015613477,0.00012266636,21.156181828038243,27.713098144531276,0.017471233,0.012710571,8.498151030554254,25.814660644531276,0.015800396,0.07788086,4.744192815927797,0,0,0
2016-01-21 18:00:00,1212.4585,26.448785400390648,0.016175354,0.00013959408,17.45326427981299,25.480035400390648,0.01722821,0.018447876,6.487553237961201,24.394097900390648,0.01622113,0.0826416,4.849999005032467,0,0,0
2016-01-21 19:00:00,1247.9928,25.810815429687523,0.016556896,0.00037288666,15.398700768297386,24.584252929687523,0.016823925,0.018112183,6.818870307007896,23.545190429687523,0.016404308,0.083099365,5.440886302021563,0,0,0
2016-01-21 20:00:00,1211.4664,25.447900390625023,0.016671501,0.00048100948,14.131718416139858,23.947900390625023,0.016496025,0.0146102905,7.165363829719734,23.111962890625023,0.01644262,0.08251953,5.654046191415114,0,0,0
2016-01-21 21:00:00,1163.8638,25.170861816406276,0.016673768,0.0010204315,13.139459721157335,23.420861816406276,0.016231263,0.011123657,7.288206905673188,22.842736816406276,0.01639911,0.07345581,5.637796053334074,0,0,0
2016-01-21 22:00:00,1111.2343,24.960107421875023,0.016646855,0.0030126572,13.043420277309076,22.999169921875023,0.015983097,0.0065402985,7.503662817132562,22.678857421875023,0.016250126,0.07043457,5.729023764567827,0,0,0
2016-01-21 23:00:00,1049.5924,24.839501953125023,0.016642204,0.0061855316,13.407238220925535,22.605126953125023,0.015764823,0.004480362,7.649350890501789,22.519189453125023,0.016108146,0.07354736,5.632605911254707,0,0,0
2016-01-22 00:00:00,991.6292,24.733850097656276,0.016665377,0.0074653625,13.588059355760263,22.202600097656276,0.015566744,0.0030317307,7.710028130149734,22.319787597656276,0.016016878,0.076690674,5.272047180005191,0,0,0
2016-01-22 01:00:00,951.3867,24.601525878906276,0.016680062,0.007314682,13.32007449155031,21.804650878906276,0.0153601775,0.0021877289,7.704825655321881,22.132775878906276,0.015962899,0.07223511,4.881158559726663,0,0,0
2016-01-22 02:00:00,916.9004,24.448571777343773,0.016740756,0.0061149597,12.882935739347618,21.448571777343773,0.015165285,0.0016117096,7.633022228159125,21.972009277343773,0.015863376,0.06854248,4.612486936969402,0,0,0
2016-01-22 03:00:00,896.5045,24.326440429687523,0.016778922,0.00749588,12.898544495552969,21.107690429687523,0.014974569,0.0017900467,7.408422934552082,21.810815429687523,0.015710806,0.06832886,4.49076681848902,0,0,0
2016-01-22 04:00:00,889.6849,24.231866455078148,0.01680953,0.0073719025,12.621851692074296,20.825616455078148,0.014799184,0.0019340515,7.046134781963839,21.684991455078148,0.015565938,0.062301636,4.463041455414162,0,0,0
2016-01-22 05:00:00,890.0853999999999,24.160302734375023,0.016862262,0.006467819,12.05642268174351,20.629052734375023,0.014657366,0.0017318726,6.739212189428603,21.589990234375023,0.015466082,0.056671143,4.391267186236283,0,0,0
2016-01-22 06:00:00,911.335,24.197320556640648,0.016861694,0.0051651,11.332843353301016,20.580133056640648,0.014561432,0.001347065,6.517119654190503,21.517633056640648,0.015362519,0.049316406,4.3839211172573815,0,0,0
2016-01-22 07:00:00,1036.0656,25.496728515625023,0.017114408,0.0035190582,13.847746093458548,22.684228515625023,0.015119321,0.0009596348,8.980309499661846,22.113916015625023,0.015405423,0.03845215,4.688389771509742,0,0,0
2016-01-22 08:00:00,1200.1848,26.8583923339844,0.016787557,0.0036010742,16.97859874213953,24.8974548339844,0.015772847,0.00076150894,10.536108762731496,23.5224548339844,0.015357046,0.022460938,4.922928476124387,0,0,0
2016-01-22 09:00:00,1309.8043,27.923913574218773,0.016749116,0.00851059,17.169432851392518,26.916101074218773,0.016154023,0.00075006485,11.804251619341423,25.095788574218773,0.015246125,0.012454987,4.678001778304213,0,0,0
2016-01-22 10:00:00,1407.1484,28.812646484375023,0.016886594,0.010665894,15.598719177484648,28.250146484375023,0.016253354,0.0008895397,11.116053236508217,26.375146484375023,0.0150250215,0.008895874,4.000419978505388,0,0,0
2016-01-22 11:00:00,1457.2258,29.475000000000023,0.017131438,0.011745453,13.288923920408392,29.318750000000023,0.016337981,0.0010828972,10.030510329311795,27.482812500000023,0.014873139,0.0061893463,3.08670773862643,0,0,0
2016-01-22 12:00:00,1455.4183,29.940576171875023,0.017321628,0.015815735,11.27979830460104,30.128076171875023,0.016451877,0.0014324188,8.774262617380435,28.331201171875023,0.014784854,0.0056858063,2.125356511895847,0,0,0
2016-01-22 13:00:00,1480.625,30.261102294921898,0.01735147,0.02293396,10.164098398554255,30.643914794921898,0.016512237,0.0015835762,7.716465326021076,28.815789794921898,0.014799438,0.011066437,1.2766219929497515,0,0,0
2016-01-22 14:00:00,1479.5886,30.418115234375023,0.01730512,0.035003662,10.19590589598565,30.800927734375023,0.016488776,0.0019335747,7.106451364849868,28.918115234375023,0.014928564,0.02381897,0.5979822974842115,0,0,0
2016-01-22 15:00:00,1457.2369,30.362725830078148,0.017228413,0.044647217,11.439238169185806,30.589288330078148,0.016495991,0.0029344559,6.8459864559992445,28.558038330078148,0.015378285,0.035690308,0.4039135899052087,0,0,0
2016-01-22 16:00:00,1388.0179,29.907434082031276,0.017228104,0.046920776,13.41016112570003,29.969934082031276,0.016846634,0.0040187836,6.411937648810338,27.883996582031276,0.016159989,0.040008545,0.6957641514823765,0,0,0
2016-01-22 17:00:00,1237.8702999999998,28.935998535156276,0.017380305,0.030258179,15.646510145208774,28.592248535156276,0.01730401,0.0068264008,6.105206225237059,26.951623535156276,0.01644189,0.05644226,0.8596737384006684,0,0,0
2016-01-22 18:00:00,1236.0185,27.667047119140648,0.017624171,0.0154418945,17.468126377718626,26.073297119140648,0.01727322,0.0066013336,4.8617132790970095,25.721734619140648,0.016815456,0.08154297,1.048233932880548,0,0,0
2016-01-22 19:00:00,1267.613,26.789117431640648,0.017799994,0.007862091,18.25957616942976,25.125054931640648,0.016930243,0.0064811707,5.6261380684648765,24.859429931640648,0.017128607,0.10461426,1.5524607014865253,0,0,0
2016-01-22 20:00:00,1235.7263,26.275506591796898,0.017877271,0.009033203,17.3080977787353,24.384881591796898,0.016687086,0.0072231293,6.397371858160924,24.314569091796898,0.017251661,0.11553955,1.995854248489448,0,0,0
2016-01-22 21:00:00,1189.8188,25.905206298828148,0.017785987,0.011070251,15.896049958932409,23.725518798828148,0.01648136,0.0064582825,6.84615051810168,23.928643798828148,0.017282447,0.114990234,2.374544937306199,0,0,0
2016-01-22 22:00:00,1130.788,25.6191345214844,0.017648164,0.011814117,15.171093840520236,23.1503845214844,0.016213838,0.005672455,7.019084421752594,23.6113220214844,0.017243806,0.10256958,2.7718632574166,0,0,0
2016-01-22 23:00:00,1076.2974,25.386926269531276,0.01754005,0.011692047,14.64074929492996,22.668176269531276,0.01602943,0.0072841644,6.917901410421835,23.371301269531276,0.017150952,0.095825195,3.2154799270157577,0,0,0
2016-01-23 00:00:00,998.5798,25.193322753906276,0.017462928,0.012710571,13.949120623035917,22.310510253906276,0.01592942,0.01115036,6.596453433388638,23.154260253906276,0.017005164,0.09225464,3.4931537085196527,0,0,0
2016-01-23 01:00:00,952.3351,25.043756103515648,0.017363612,0.022979736,14.086593910194283,22.035943603515648,0.01588351,0.01979065,6.207897702834268,22.965631103515648,0.016821925,0.09185791,3.668597432332133,0,0,0
2016-01-23 02:00:00,945.163,24.884820556640648,0.017294208,0.031295776,14.018784689041873,21.892633056640648,0.015913287,0.026885986,5.968648396371192,22.759820556640648,0.016592303,0.10055542,3.926121734884978,0,0,0
2016-01-23 03:00:00,920.1467,24.754968261718773,0.017240455,0.034317017,14.000324953940105,21.817468261718773,0.015966346,0.042495728,5.920011346909242,22.575280761718773,0.016256263,0.117492676,4.187185199348871,0,0,0
2016-01-23 04:00:00,907.5771,24.656549072265648,0.01714845,0.04081726,13.967149394455236,21.734674072265648,0.015996411,0.051223755,5.990226796844734,22.445611572265648,0.0158896,0.12060547,4.337442326230994,0,0,0
2016-01-23 05:00:00,922.3591,24.527520751953148,0.017041259,0.039657593,12.97389856856384,21.629083251953148,0.01600366,0.045776367,6.096324369826753,22.261895751953148,0.015675597,0.12063599,4.370674501823616,0,0,0
2016-01-23 06:00:00,913.4572,24.530358886718773,0.01696561,0.03437805,12.682436288665697,21.663171386718773,0.016050084,0.03300476,6.293384375459506,22.077233886718773,0.015569433,0.1156311,4.483827559919892,0,0,0
2016-01-23 07:00:00,972.4511,25.6865173339844,0.016987719,0.033096313,16.924740900623046,23.6552673339844,0.016705431,0.023330688,9.498985846746969,22.5146423339844,0.015690722,0.10070801,4.766602012667081,0,0,0
2016-01-23 08:00:00,1104.6754,26.856744384765648,0.016566887,0.044906616,22.20699402206642,25.848931884765648,0.017459527,0.018714905,11.757745937830697,23.708306884765648,0.015712395,0.08670044,5.276599442677717,0,0,0
2016-01-23 09:00:00,1209.551,27.754174804687523,0.016368013,0.041259766,24.224624715915688,27.722924804687523,0.017512422,0.015808105,14.339669398882188,25.136987304687523,0.015509707,0.074523926,5.610697943370608,0,0,0
2016-01-23 10:00:00,1302.2109,28.517144775390648,0.01635309,0.037002563,24.42482081711639,28.837457275390648,0.017161805,0.012126923,14.97724992920578,26.415582275390648,0.015243013,0.06613159,5.663989930838994,0,0,0
2016-01-23 11:00:00,1316.3026,29.123010253906276,0.016383506,0.03503418,23.71980385350252,29.615197753906276,0.016932823,0.013664246,15.149407796332826,27.287072753906276,0.015113212,0.062805176,5.769302371475743,0,0,0
2016-01-23 12:00:00,1291.608,29.509942626953148,0.01642896,0.042007446,23.05135449052086,30.056817626953148,0.016840948,0.018157959,15.257495766441762,27.767755126953148,0.015040412,0.057662964,5.897418498356988,0,0,0
2016-01-23 13:00:00,1269.7763,29.661157226562523,0.016405925,0.04269409,23.06547415559587,30.192407226562523,0.016764507,0.02143097,15.422486304136228,27.817407226562523,0.01489149,0.056991577,6.062353576779613,0,0,0
2016-01-23 14:00:00,1254.0096999999998,29.612573242187523,0.016329508,0.047042847,23.70061872616261,29.932885742187523,0.016611796,0.02583313,15.636739632761474,27.518823242187523,0.014719707,0.055603027,6.320609795329439,0,0,0
2016-01-23 15:00:00,1208.5149,29.266900634765648,0.016253058,0.052337646,24.70303382929097,29.305963134765648,0.016428534,0.022583008,15.705796472852937,26.891900634765648,0.014471593,0.050476074,6.755102365368994,0,0,0
2016-01-23 16:00:00,1163.6246,28.578881835937523,0.016176874,0.058792114,25.22609667326954,28.407006835937523,0.016421014,0.019004822,14.835512619804645,26.016381835937523,0.014307673,0.039718628,7.237866343975747,0,0,0
2016-01-23 17:00:00,1126.9496,27.562280273437523,0.01625315,0.05088806,24.91545338750397,27.031030273437523,0.01661936,0.015270233,12.475942180884829,24.851342773437523,0.014441168,0.03895569,7.450112893702098,0,0,0
2016-01-23 18:00:00,1147.1924,26.502404785156276,0.01663471,0.04095459,22.7561569702292,25.111779785156276,0.016611822,0.014789581,10.02816086022993,23.502404785156276,0.014811285,0.061264038,7.130124556107552,0,0,0
2016-01-23 19:00:00,1208.3786,25.912622070312523,0.017017435,0.034805298,20.28759388787338,24.412622070312523,0.016658854,0.021148682,10.023773464599271,22.725122070312523,0.015140603,0.069488525,7.075238766365007,0,0,0
2016-01-23 20:00:00,1175.336,25.591729736328148,0.017202951,0.028923035,19.07157382817924,24.138604736328148,0.01670704,0.045959473,10.696680627205325,22.302667236328148,0.015387156,0.069244385,7.336632214883728,0,0,0
2016-01-23 21:00:00,1136.5673000000002,25.3974548339844,0.017241314,0.026763916,19.13376378938673,24.0224548339844,0.016745403,0.043151855,11.780121815542218,22.1787048339844,0.015501813,0.0753479,7.510692009466211,0,0,0
2016-01-23 22:00:00,1089.3524,25.257165527343773,0.017211208,0.030784607,19.93774448352501,23.905603027343773,0.016776333,0.029373169,12.56194651736648,22.116540527343773,0.015452634,0.082458496,7.814557868619749,0,0,0
2016-01-23 23:00:00,1056.2387,25.196191406250023,0.017144267,0.039031982,21.10593281000092,23.797753906250023,0.016785685,0.02054596,12.841179690492064,22.047753906250023,0.015374247,0.08660889,7.941081345381117,0,0,0
2016-01-24 00:00:00,993.7675,25.189538574218773,0.017070064,0.0513916,22.433684376449367,23.712976074218773,0.016742,0.030570984,12.7775055699494,22.017663574218773,0.015311489,0.09030151,7.9900032526613565,0,0,0
2016-01-24 01:00:00,960.7328,25.073297119140648,0.017055089,0.05303955,21.34763230499572,23.713922119140648,0.016505772,0.046447754,13.50009063690277,22.057672119140648,0.015315588,0.09460449,7.95326612066288,0,0,0
2016-01-24 02:00:00,940.5626,24.994409179687523,0.016932935,0.056610107,21.490787594130087,23.635034179687523,0.016276807,0.039367676,13.950365467821658,22.103784179687523,0.015372724,0.08685303,7.826246748495409,0,0,0
2016-01-24 03:00:00,914.626,24.955285644531276,0.016856764,0.061553955,22.20272587717448,23.509973144531276,0.016170118,0.031723022,13.897342554097095,22.111535644531276,0.0154949175,0.081970215,7.759703555392958,0,0,0
2016-01-24 04:00:00,903.3328,24.865258789062523,0.016864225,0.058944702,21.500911789123546,23.404321289062523,0.016070768,0.0388031,13.374747939542228,22.154321289062523,0.015635893,0.07601929,7.5229684615766494,0,0,0
2016-01-24 05:00:00,889.9288,24.742547607421898,0.01685534,0.05857849,20.315967988207,23.344110107421898,0.015871149,0.05609131,13.403718551973098,22.164422607421898,0.015756708,0.09017944,7.225061858549259,0,0,0
2016-01-24 06:00:00,869.7795000000001,24.760400390625023,0.016845187,0.068603516,20.934934952486568,23.330712890625023,0.01567789,0.055862427,13.841676407423424,22.229150390625023,0.015906772,0.087249756,7.12425684215403,0,0,0
2016-01-24 07:00:00,867.7364,25.594323730468773,0.016927289,0.070739746,24.6275440741464,24.289636230468773,0.01589732,0.049362183,15.930815636395408,22.734948730468773,0.016187238,0.07949829,7.269958038838643,0,0,0
2016-01-24 08:00:00,918.7349,26.680932617187523,0.016712291,0.083618164,29.34326552116026,25.813745117187523,0.016376598,0.045562744,17.954801804445353,23.790307617187523,0.016368968,0.09146118,7.648826150030388,0,0,0
2016-01-24 09:00:00,973.8029,27.629083251953148,0.016497832,0.078826904,31.395226493561584,27.238458251953148,0.016543608,0.042938232,19.75729453280128,25.121270751953148,0.016291838,0.09710693,7.706910354277017,0,0,0
2016-01-24 10:00:00,1031.0207,28.360253906250023,0.0163676,0.073150635,31.772016254019874,28.375878906250023,0.016634628,0.035751343,20.30550742019999,26.391503906250023,0.016146347,0.095947266,7.350084405531178,0,0,0
2016-01-24 11:00:00,1062.7904,28.919946289062523,0.016344333,0.0765686,31.473728581474308,29.224633789062523,0.016786838,0.03488159,20.39086381864456,27.248071289062523,0.01599338,0.10192871,6.986197067281357,0,0,0
2016-01-24 12:00:00,1087.5784,29.298181152343773,0.016366724,0.08328247,31.63571524407037,29.712243652343773,0.016893152,0.032714844,20.52754260726705,27.735681152343773,0.015992884,0.09918213,6.773566420229108,0,0,0
2016-01-24 13:00:00,1086.3114,29.402276611328148,0.016373733,0.085998535,31.996401336499204,29.863214111328148,0.01692305,0.027824402,20.54691383967337,27.824151611328148,0.016121963,0.09793091,6.524954775949489,0,0,0
2016-01-24 14:00:00,1075.7073,29.225366210937523,0.016274104,0.09591675,32.358649761006234,29.608178710937523,0.016968379,0.029937744,20.297338467211382,27.569116210937523,0.016007075,0.1088562,6.700724070125919,0,0,0
2016-01-24 15:00:00,1062.181,28.802209472656276,0.016090754,0.10043335,32.495566761188506,29.114709472656276,0.016968135,0.035339355,19.613428949416484,26.841271972656276,0.01588476,0.12173462,7.077412647501912,0,0,0
2016-01-24 16:00:00,1042.1147,28.103662109375023,0.016052455,0.088012695,31.91439683882397,28.314599609375023,0.0169985,0.03201294,18.170089398312705,25.877099609375023,0.015831202,0.13012695,7.521314682989064,0,0,0
2016-01-24 17:00:00,1015.9255,27.213342285156276,0.016220624,0.06958008,30.1744649894964,27.064904785156276,0.017136151,0.037017822,15.467657720668944,24.619592285156276,0.015907818,0.13439941,7.4783930091639155,0,0,0
2016-01-24 18:00:00,1067.2691,26.376184082031276,0.016664373,0.05644226,26.19101079818913,25.657434082031276,0.017145025,0.04322815,13.03267366604958,23.376184082031276,0.016023504,0.15081787,7.032979694473284,0,0,0
2016-01-24 19:00:00,1114.3079,25.972436523437523,0.017078495,0.051086426,23.453123035163976,25.144311523437523,0.017170047,0.058624268,12.864127774016804,22.870874023437523,0.016056156,0.1552124,6.752233517192895,0,0,0
2016-01-24 20:00:00,1113.4465,25.726495361328148,0.017278535,0.04260254,21.821129524513296,24.913995361328148,0.017164094,0.065216064,13.049961642504917,22.749932861328148,0.01608835,0.15875244,6.725676389805758,0,0,0
2016-01-24 21:00:00,1106.9929,25.565942382812523,0.01735541,0.035690308,21.051906544658586,24.769067382812523,0.017157046,0.055496216,13.35116395483834,22.706567382812523,0.01608893,0.15557861,6.888594023673179,0,0,0
2016-01-24 22:00:00,1077.5936,25.439599609375023,0.017378366,0.03492737,21.09806440252762,24.673974609375023,0.017118966,0.051071167,14.027188673954829,22.658349609375023,0.016043222,0.14227295,7.100860863196386,0,0,0
2016-01-24 23:00:00,1035.4765,25.382928466796898,0.01726284,0.03843689,23.24107868941244,24.609490966796898,0.017049218,0.03694153,14.912518765868588,22.593865966796898,0.015973473,0.13000488,7.243491662383045,0,0,0
2016-01-25 00:00:00,993.9308,25.300988769531276,0.017215768,0.04319763,24.110478180265417,24.558801269531276,0.017002145,0.035598755,15.520260825570878,22.527551269531276,0.015903512,0.110198975,7.324574569481927,0,0,0
2016-01-25 01:00:00,950.6668,25.203210449218773,0.017153746,0.05340576,24.90703378628716,24.539147949218773,0.016909605,0.039733887,16.000052394781154,22.468835449218773,0.01584149,0.098724365,7.373004925377351,0,0,0
2016-01-25 02:00:00,921.9498,25.0773864746094,0.01719893,0.06341553,24.770687598678567,24.4992614746094,0.016901383,0.026649475,15.824322148128616,22.3820739746094,0.015741715,0.09887695,7.318343659285567,0,0,0
2016-01-25 03:00:00,877.7352000000001,24.957391357421898,0.017244603,0.08102417,23.703150942944767,24.465203857421898,0.016969945,0.017791748,15.15546181302679,22.230828857421898,0.015608097,0.10507202,7.048551735346555,0,0,0
2016-01-25 04:00:00,878.6999,24.9509216308594,0.017221527,0.09466553,22.35303160313128,24.4040466308594,0.017015534,0.017333984,13.78433300177092,22.1071716308594,0.0155163575,0.09698486,6.541731278734166,0,0,0
2016-01-25 05:00:00,889.1366,24.919976806640648,0.01716036,0.0708313,20.29680503921257,24.271539306640648,0.017015401,0.018035889,12.172942816106517,22.005914306640648,0.015470449,0.09057617,5.754579859691954,0,0,0
2016-01-25 06:00:00,936.0423,24.868005371093773,0.01707609,0.05479431,18.134087212169096,24.133630371093773,0.016984537,0.038879395,10.713450582163752,21.907067871093773,0.015389995,0.09942627,5.1273959406984,0,0,0
2016-01-25 07:00:00,1054.7138,25.7026306152344,0.017006943,0.039916992,19.771536186864097,25.2338806152344,0.017281601,0.06384277,12.025285630987565,22.3432556152344,0.015542099,0.10134888,4.887008970136472,0,0,0
2016-01-25 08:00:00,1239.7299,26.8715759277344,0.016502906,0.03704834,24.256966697211123,26.6528259277344,0.017670203,0.0488739,13.532442098000722,23.3793884277344,0.015755225,0.10418701,4.795174927290243,0,0,0
2016-01-25 09:00:00,1336.7477,27.846459960937523,0.016189508,0.022010803,25.14057039983972,27.979272460937523,0.017997675,0.04118347,14.952153579584463,24.729272460937523,0.015769891,0.095581055,4.971775259651517,0,0,0
2016-01-25 10:00:00,1416.9744999999998,28.689660644531276,0.01611272,0.011249542,24.48012262650238,29.103723144531276,0.018203175,0.071502686,15.519412685568373,25.978723144531276,0.015693104,0.09866333,4.994997043093244,0,0,0
2016-01-25 11:00:00,1445.131,29.376123046875023,0.016120031,0.0064811707,24.166652761871894,29.993310546875023,0.018210486,0.06488037,15.390554221363267,26.985498046875023,0.015700415,0.09692383,4.841950290183684,0,0,0
2016-01-25 12:00:00,1456.8813,29.8381286621094,0.016142724,0.0071792603,24.608392614320564,30.6428161621094,0.01821792,0.06607056,15.166927798751434,27.7365661621094,0.015745996,0.088012695,4.664188279799361,0,0,0
2016-01-25 13:00:00,1449.9414000000002,30.0156188964844,0.016157871,0.008388519,25.342790470044807,30.9374938964844,0.01818729,0.070892334,14.945449085399137,28.0546813964844,0.016257053,0.07879639,4.302337035795078,0,0,0
2016-01-25 14:00:00,1467.9255,29.869012451171898,0.016142383,0.018005371,25.74961734820737,30.853387451171898,0.018118396,0.04624939,14.507353397925645,28.103387451171898,0.016249195,0.08126831,4.102794248639271,0,0,0
2016-01-25 15:00:00,1458.0188,29.424157714843773,0.01612637,0.013256073,25.75627878025949,30.361657714843773,0.018033719,0.046539307,13.88619273133487,27.869470214843773,0.016050076,0.08035278,4.021979099873814,0,0,0
2016-01-25 16:00:00,1371.4717,28.613092041015648,0.016117882,0.01266098,25.238103560645968,29.441217041015648,0.017887902,0.06085205,12.700802442776192,27.230279541015648,0.01614077,0.0847168,4.130871717069328,0,0,0
2016-01-25 17:00:00,1240.9456,27.596887207031276,0.01614754,0.021865845,24.039577428877248,27.971887207031276,0.018016743,0.06411743,9.9630269407823,26.065637207031276,0.01652901,0.08157349,4.129027103615051,0,0,0
2016-01-25 18:00:00,1212.2341,26.678369140625023,0.01643685,0.03023529,21.69486689878183,26.092431640625023,0.017863547,0.07266235,7.666679016877331,24.631494140625023,0.016871726,0.08425903,3.982619536594037,0,0,0
2016-01-25 19:00:00,1240.0135,26.241754150390648,0.016711393,0.02758789,20.112780319735545,25.226129150390648,0.017565886,0.07366943,7.713170684884404,23.827691650390648,0.016650358,0.09310913,4.185214427253818,0,0,0
2016-01-25 20:00:00,1197.2125,26.0229431152344,0.016811281,0.01941681,18.96814410327632,24.5541931152344,0.017360598,0.06774902,7.32260044621594,23.3588806152344,0.016605288,0.09353638,4.422356692116862,0,0,0
2016-01-25 21:00:00,1149.6067,25.834436035156276,0.01685817,0.013134003,17.673700404106693,23.998498535156276,0.017155716,0.05570984,7.117799569871148,23.053186035156276,0.016530106,0.09625244,4.478153528414123,0,0,0
2016-01-25 22:00:00,1096.9474,25.600122070312523,0.016912006,0.010639191,15.85369368874838,23.537622070312523,0.016934894,0.043289185,7.075298596878111,22.826684570312523,0.016461872,0.091674805,4.369451815181357,0,0,0
2016-01-25 23:00:00,1038.8317,25.380303955078148,0.01691952,0.0089149475,14.67064710067484,23.091241455078148,0.016736414,0.029533386,7.0246720451287805,22.669366455078148,0.016438868,0.09384155,4.263259587329859,0,0,0
2016-01-26 00:00:00,988.9688,25.161920166015648,0.016873568,0.007701874,14.13114466604719,22.669732666015648,0.016537875,0.015499115,6.935007189779261,22.568170166015648,0.016446322,0.10101318,4.09766887593756,0,0,0
2016-01-26 01:00:00,946.6989,24.972436523437523,0.016774347,0.006193161,13.936708184574028,22.300561523437523,0.01636236,0.008026123,6.8454263133897175,22.464624023437523,0.016400507,0.1081543,3.97192739096483,0,0,0
2016-01-26 02:00:00,920.2575,24.811822509765648,0.016675306,0.0053138733,13.864090840424517,21.999322509765648,0.016202284,0.005077362,6.720720646909373,22.350885009765648,0.016324354,0.10635376,3.780438054451484,0,0,0
2016-01-26 03:00:00,892.2977000000001,24.670495605468773,0.016591746,0.0045204163,13.781186323991925,21.772058105468773,0.01604243,0.008491516,6.521442206315823,22.287683105468773,0.016233165,0.09744263,3.5778784814395244,0,0,0
2016-01-26 04:00:00,892.7436,24.543908691406276,0.016531186,0.0050258636,13.653406191894724,21.567346191406276,0.015882688,0.0114860535,6.196424699313327,22.231408691406276,0.01611157,0.090545654,3.2970697528031225,0,0,0
2016-01-26 05:00:00,898.1441,24.503228759765648,0.016508538,0.009181976,13.522445634932575,21.440728759765648,0.015783746,0.00825119,6.161930170854013,22.151666259765648,0.015966851,0.08633423,3.1654904004597504,0,0,0
2016-01-26 06:00:00,919.2311,24.554010009765648,0.016531218,0.012348175,13.228477969688395,21.429010009765648,0.015722502,0.004714966,6.135514286562123,22.069635009765648,0.015814055,0.07244873,3.1093200203333566,0,0,0
2016-01-26 07:00:00,1051.5916,25.586511230468773,0.016614502,0.013175964,15.955656994066546,23.406823730468773,0.016278809,0.0030355453,9.04325873168291,22.516198730468773,0.015958374,0.059051514,3.3546008272527863,0,0,0
2016-01-26 08:00:00,1224.4942,26.681695556640648,0.016354615,0.010864258,18.79827798302156,25.572320556640648,0.016758973,0.0022363663,11.414300481990304,23.478570556640648,0.01603418,0.03968811,3.885535088882986,0,0,0
2016-01-26 09:00:00,1328.032,27.649194335937523,0.01636192,0.016403198,19.099393761086127,27.352319335937523,0.016804425,0.001850605,12.704755682639728,24.992944335937523,0.015820233,0.021820068,3.959473143989288,0,0,0
2016-01-26 10:00:00,1400.1520999999998,28.498712158203148,0.016483702,0.012454987,18.06498013797009,28.608087158203148,0.016773619,0.0016512871,12.3493538073548,26.545587158203148,0.0152897015,0.0136528015,3.722452590671226,0,0,0
2016-01-26 11:00:00,1429.3976,29.269189453125023,0.016658556,0.012592316,16.910485151427224,29.628564453125023,0.016826402,0.0017056465,11.655047169004456,27.691064453125023,0.01494957,0.013935089,3.230952859051164,0,0,0
2016-01-26 12:00:00,1417.8279,29.8088317871094,0.016703656,0.0069522858,16.668948057562094,30.3713317871094,0.01690965,0.0016708374,11.062480385973078,28.4650817871094,0.0148306405,0.019233704,2.709141229490346,0,0,0
2016-01-26 13:00:00,1464.9952,30.191857910156276,0.016672887,0.010131836,17.175005836985566,30.785607910156276,0.016924657,0.002204895,10.747831422177269,28.863732910156276,0.014899053,0.016525269,2.2510641347271942,0,0,0
2016-01-26 14:00:00,1482.3141999999998,30.296166992187523,0.016612291,0.009693146,17.945161980349372,30.796166992187523,0.016902208,0.003903389,10.665530204631107,28.843041992187523,0.015292405,0.026603699,1.9782165831567595,0,0,0
2016-01-26 15:00:00,1467.296,30.082360839843773,0.01653626,0.013168335,18.68631976735264,30.394860839843773,0.016894842,0.0080833435,10.6335022493377,28.410485839843773,0.015857244,0.03337097,1.9320002755822403,0,0,0
2016-01-26 16:00:00,1404.3897000000002,29.443139648437523,0.016513485,0.0135269165,19.402486260360966,29.521264648437523,0.016894955,0.013221741,10.486861286560185,27.708764648437523,0.015926022,0.025634766,2.127597770416718,0,0,0
2016-01-26 17:00:00,1243.648,28.355249023437523,0.016566956,0.010475159,19.72276779714445,27.917749023437523,0.01714679,0.01574707,8.696785826368085,26.636499023437523,0.015811646,0.025756836,2.175060978396407,0,0,0
2016-01-26 18:00:00,1229.5411,27.098992919921898,0.016834076,0.007282257,18.00283287644332,25.606805419921898,0.016948517,0.01663971,6.875949574869812,25.020867919921898,0.016200837,0.031707764,2.323319972541225,0,0,0
2016-01-26 19:00:00,1253.2077000000002,26.346582031250023,0.017108155,0.005748749,15.590287104538938,24.502832031250023,0.016650392,0.015693665,6.93903202770872,23.955957031250023,0.016261293,0.03543091,3.3126854524341423,0,0,0
2016-01-26 20:00:00,1212.3753,25.870050048828148,0.017237555,0.0023403168,12.57169951246019,23.721612548828148,0.016329657,0.015060425,6.921144917651296,23.205987548828148,0.01603211,0.030677795,4.293659525755147,0,0,0
2016-01-26 21:00:00,1193.5317,25.487817382812523,0.017184172,0.0013799667,10.378125595464924,23.120629882812523,0.016108427,0.011547089,6.718557597399549,22.706567382812523,0.015963469,0.027503967,4.61226418985635,0,0,0
2016-01-26 22:00:00,1132.6047,25.181054687500023,0.017062383,0.000790596,9.819727489007729,22.688867187500023,0.015986638,0.010356903,6.622180367486153,22.446679687500023,0.015849309,0.026222229,4.83887197866501,0,0,0
2016-01-26 23:00:00,1061.8639,24.925012207031276,0.016971083,0.00046432018,10.178489083093249,22.323449707031276,0.015925856,0.011741638,6.51549013286397,22.268762207031276,0.015727492,0.02960205,4.856641416350952,0,0,0
2016-01-27 00:00:00,1011.1499,24.692590332031276,0.016909502,0.00029838085,10.661943578121068,22.005090332031276,0.015871905,0.011631012,6.448109105637715,22.075402832031276,0.015593431,0.038208008,4.799225226100928,0,0,0
2016-01-27 01:00:00,964.6473,24.492944335937523,0.016871035,0.00028896332,11.232395466518252,21.750756835937523,0.015825808,0.008640289,6.514096430129461,21.883569335937523,0.015459598,0.04345703,4.741758762441827,0,0,0
2016-01-27 02:00:00,933.5597,24.340600585937523,0.016855614,0.0012550354,11.919663181538652,21.543725585937523,0.01577987,0.01096344,6.671098070135437,21.715600585937523,0.015348809,0.04284668,4.748412031461268,0,0,0
2016-01-27 03:00:00,910.3948,24.267358398437523,0.016878266,0.0032138824,12.535414864454012,21.407983398437523,0.015741486,0.010913849,6.872591222308203,21.587670898437523,0.015188355,0.038726807,4.918593388430816,0,0,0
2016-01-27 04:00:00,908.2616,24.265557861328148,0.016863074,0.0053482056,12.776448756296316,21.328057861328148,0.015726294,0.008155823,6.81245172605997,21.445245361328148,0.01503965,0.03807068,4.921647106889215,0,0,0
2016-01-27 05:00:00,909.5602,24.318902587890648,0.016825246,0.008460999,13.057151939314998,21.240777587890648,0.015718983,0.0056972504,6.667441900319838,21.334527587890648,0.014933156,0.0368042,4.873293193455268,0,0,0
2016-01-27 06:00:00,924.8379,24.450616455078148,0.016878514,0.010135651,12.83337915651802,21.286553955078148,0.015726475,0.0037994385,6.576729028595916,21.224053955078148,0.014856724,0.03504944,4.786285064959356,0,0,0
2016-01-27 07:00:00,1048.1036,25.582788085937523,0.01709208,0.010658264,15.82021796846757,23.410913085937523,0.016298624,0.0024614334,9.437375928050583,21.903100585937523,0.014936776,0.032974243,4.923905953046031,0,0,0
2016-01-27 08:00:00,1219.2435,26.847436523437523,0.016924556,0.013221741,18.85811595288565,25.581811523437523,0.016817745,0.0015640259,11.391797357203467,23.456811523437523,0.0147806965,0.020500183,4.983658537359095,0,0,0
2016-01-27 09:00:00,1307.8527,27.8395935058594,0.016909847,0.014225006,18.84931908144123,27.4645935058594,0.01675726,0.0011696815,12.124506844785405,25.1442810058594,0.014617213,0.0135650635,4.436592170372679,0,0,0
2016-01-27 10:00:00,1397.1923,28.677117919921898,0.017017422,0.015991211,17.90390080405566,28.833367919921898,0.016681729,0.0011777878,11.321736129427103,26.567742919921898,0.014339505,0.008552551,3.678451458777528,0,0,0
2016-01-27 11:00:00,1442.832,29.340020751953148,0.017056182,0.017784119,17.222089183225158,29.871270751953148,0.016735747,0.0012698174,10.507259191984325,27.730645751953148,0.014118866,0.00851059,2.7546736277091943,0,0,0
2016-01-27 12:00:00,1464.0711,29.811883544921898,0.017064227,0.021392822,16.67710674194498,30.561883544921898,0.016812457,0.0012812614,9.72742371940263,28.546258544921898,0.014039173,0.008708954,1.8698281715109415,0,0,0
2016-01-27 13:00:00,1478.641,30.053338623046898,0.017041609,0.02445221,16.33167691816957,30.912713623046898,0.016827986,0.0014543533,9.125910406812782,28.990838623046898,0.014085217,0.0067005157,1.1692357532815123,0,0,0
2016-01-27 14:00:00,1463.2941999999998,30.083306884765648,0.016980782,0.02519226,16.225752388976574,30.880181884765648,0.016797677,0.0016226768,8.745852611193978,29.036431884765648,0.014287607,0.0036745071,0.8928037235628434,0,0,0
2016-01-27 15:00:00,1463.9765,29.850427246093773,0.016896944,0.024513245,16.31009722673075,30.506677246093773,0.016744357,0.0034646988,8.495397789382997,28.647302246093773,0.014898042,0.006746292,1.1658826405203375,0,0,0
2016-01-27 16:00:00,1394.5150999999998,29.282922363281276,0.016866073,0.02294159,16.219910402626713,29.767297363281276,0.016820297,0.0070858,7.928991247720035,28.001672363281276,0.015569076,0.010494232,1.58698339917635,0,0,0
2016-01-27 17:00:00,1245.0049,28.340020751953148,0.016949657,0.01304245,16.06939079226622,28.308770751953148,0.017216686,0.008903503,6.514822606140365,27.121270751953148,0.015614513,0.00696373,2.0997468557369445,0,0,0
2016-01-27 18:00:00,1225.5747,27.171319580078148,0.017163081,0.007991791,15.859982294791925,25.780694580078148,0.017132564,0.008159637,5.229300744920181,25.772882080078148,0.015866084,0.0056915283,2.449523308175288,0,0,0
2016-01-27 19:00:00,1275.6907,26.424768066406276,0.017368909,0.005788803,15.839868381993796,24.791955566406276,0.016674634,0.0069618225,6.104557104892985,24.690393066406276,0.016125318,0.0048828125,2.7446215815871398,0,0,0
2016-01-27 20:00:00,1208.2486,25.947839355468773,0.017536948,0.0049877167,15.04607821342466,23.971276855468773,0.016354391,0.0044345856,6.705470414013141,23.916589355468773,0.016217062,0.008422852,3.0889206108420524,0,0,0
2016-01-27 21:00:00,1189.1909,25.6044860839844,0.017598541,0.0043621063,14.191064940930785,23.2060485839844,0.016042145,0.0029239655,7.117665428755463,23.3857360839844,0.016087921,0.011787415,3.430385393117295,0,0,0
2016-01-27 22:00:00,1150.4831,25.348535156250023,0.017615592,0.003645897,13.627203750875346,22.614160156250023,0.015792167,0.0015873909,7.334004962104927,22.989160156250023,0.015960013,0.012866974,3.521159072043228,0,0,0
2016-01-27 23:00:00,1067.3171,25.130639648437523,0.017600918,0.0031290054,13.089683652221485,22.169702148437523,0.015647793,0.0006849766,7.081321202835116,22.560327148437523,0.015830899,0.014656067,3.490196477666123,0,0,0
2016-01-28 00:00:00,1011.6839,24.957330322265648,0.01755458,0.0028772354,12.476931331870231,21.824517822265648,0.015517531,0.00027239323,6.59352399248887,22.129205322265648,0.015631972,0.016448975,3.3674605653148797,0,0,0
2016-01-28 01:00:00,956.4428,24.813531494140648,0.017484883,0.0036649704,11.974825659898393,21.555718994140648,0.015421132,0.000120550394,6.124109264144036,21.813531494140648,0.015428761,0.017562866,3.226191176506748,0,0,0
2016-01-28 02:00:00,950.6569,24.759606933593773,0.017369417,0.0072155,11.901413072306823,21.345544433593773,0.015385776,0.0003863573,5.729580608418408,21.595544433593773,0.015252261,0.018791199,3.14274127316221,0,0,0
2016-01-28 03:00:00,933.7221,24.736291503906276,0.017315025,0.0099487305,11.576738534300269,21.220666503906276,0.015392418,0.002978325,5.468393651196911,21.415979003906276,0.015125389,0.021652222,3.1586403736916524,0,0,0
2016-01-28 04:00:00,920.5973,24.742822265625023,0.017238202,0.008262634,10.913190870930077,21.149072265625023,0.015403332,0.0034561157,5.148348637973163,21.297509765625023,0.015018048,0.025672913,3.191365839540094,0,0,0
2016-01-28 05:00:00,911.5412,24.702264404296898,0.017154159,0.004491806,10.115668001693384,21.100701904296898,0.015429916,0.0027475357,4.868737326765889,21.202264404296898,0.014914932,0.027915955,3.236403013570399,0,0,0
2016-01-28 06:00:00,963.8215,24.683068847656276,0.017093433,0.0039901733,9.5099647983417,21.167443847656276,0.015460743,0.003622055,4.6814548483262906,21.120568847656276,0.014842762,0.029968262,3.3225747391537443,0,0,0
2016-01-28 07:00:00,1046.4618,25.879418945312523,0.01717056,0.0048828125,11.924916565801135,23.434106445312523,0.016132962,0.007347107,6.800025350860016,21.918481445312523,0.015038144,0.027664185,3.252619837694413,0,0,0
2016-01-28 08:00:00,1209.3108,27.151055908203148,0.017017987,0.0058918,13.805148980242814,25.736993408203148,0.016606,0.0093307495,7.858273601068991,23.846368408203148,0.015152601,0.026573181,3.098469647170068,0,0,0
2016-01-28 09:00:00,1320.1931,28.164147949218773,0.017109627,0.009346008,13.303648524235616,27.820397949218773,0.016758675,0.008571625,8.331012472328133,25.781335449218773,0.015274757,0.034820557,2.469308108247105,0,0,0
2016-01-28 10:00:00,1391.315,29.046594238281276,0.01704144,0.010284424,12.682198009899732,29.234094238281276,0.016820187,0.007247925,7.5099975327895345,27.343469238281276,0.015305751,0.05014038,1.87421806815653,0,0,0
2016-01-28 11:00:00,1442.7435,29.781274414062523,0.016874315,0.012905121,12.752182322712423,30.359399414062523,0.016790392,0.0059070587,7.055792810784675,28.484399414062523,0.015340808,0.05883789,1.900179153077248,0,0,0
2016-01-28 12:00:00,1426.871,30.341943359375023,0.016728759,0.023765564,13.464841455205418,31.154443359375023,0.016766906,0.004501343,6.98574945840498,29.154443359375023,0.015462279,0.06826782,2.404384232521428,0,0,0
2016-01-28 13:00:00,1469.5645000000002,30.666802978515648,0.01658342,0.03831482,14.686698376146172,31.573052978515648,0.016690232,0.0032835007,7.129718703703906,29.338677978515648,0.015980698,0.07739258,2.743783292807359,0,0,0
2016-01-28 14:00:00,1472.6671,30.709405517578148,0.016438242,0.047958374,16.420003470677184,31.600030517578148,0.016690012,0.0023899078,7.229194057387058,29.193780517578148,0.016178843,0.081451416,3.2342574919211136,0,0,0
2016-01-28 15:00:00,1448.398,30.4321228027344,0.01629308,0.03819275,18.29558812724737,31.2758728027344,0.016781362,0.0021352768,7.1550472531467735,28.7602478027344,0.016323598,0.07763672,3.7013600453073408,0,0,0
2016-01-28 16:00:00,1377.903,29.772668457031276,0.016239287,0.022666931,19.436106024798963,30.632043457031276,0.017147185,0.0040187836,6.152716646065381,27.975793457031276,0.016506316,0.074523926,3.9487822937256194,0,0,0
2016-01-28 17:00:00,1240.4478,28.757714843750023,0.016292319,0.012641907,19.348741641269232,29.163964843750023,0.017596945,0.0048561096,5.094390218555463,26.960839843750023,0.016811118,0.07821655,3.829864415689663,0,0,0
2016-01-28 18:00:00,1209.4190999999998,27.523950195312523,0.016559491,0.0071697235,17.551932360564855,26.680200195312523,0.017635236,0.0037755966,3.480050578571948,25.820825195312523,0.017475018,0.08416748,3.1559439301097125,0,0,0
2016-01-28 19:00:00,1248.873,26.779504394531276,0.016979612,0.0036973953,15.077283999376398,25.740441894531276,0.017116942,0.0027713776,4.005625045521618,24.998254394531276,0.016910948,0.07711792,2.430748512698398,0,0,0
2016-01-28 20:00:00,1204.2685,26.315301513671898,0.017271921,0.0018086433,12.831928670394785,25.002801513671898,0.016936228,0.0021438599,4.6174348437674775,24.479364013671898,0.016936228,0.06274414,2.053298911475986,0,0,0
2016-01-28 21:00:00,1153.9634,25.977258300781276,0.017412761,0.0009262562,11.320406395185133,24.352258300781276,0.016825298,0.0018153191,4.96403853543038,24.039758300781276,0.01693211,0.058807373,2.104376707515358,0,0,0
2016-01-28 22:00:00,1118.8902,25.711633300781276,0.017452966,0.0005607605,10.925275737154708,23.805383300781276,0.016690027,0.0017228127,5.142985691098864,23.672570800781276,0.016819727,0.058441162,2.27355379731335,0,0,0
2016-01-28 23:00:00,1056.0742,25.479760742187523,0.017413225,0.00045490265,11.145288137251251,23.393823242187523,0.016528215,0.0019068718,5.232093693777969,23.354760742187523,0.016657915,0.055480957,2.4146806773546867,0,0,0
2016-01-29 00:00:00,1001.648,25.291345214843773,0.017335031,0.0020284653,11.796204405867584,23.072595214843773,0.016373727,0.0018715858,5.392684845495282,23.064782714843773,0.016488168,0.05342102,2.6413123072628677,0,0,0
2016-01-29 01:00:00,955.8248,25.148034667968773,0.017265521,0.0042419434,12.64318075213868,22.827722167968773,0.0162737,0.0021018982,5.675997249013868,22.804284667968773,0.01628133,0.0493927,2.9712687695351323,0,0,0
2016-01-29 02:00:00,938.6251,25.059960937500023,0.017211802,0.007347107,13.72424984742378,22.630273437500023,0.016189463,0.002951622,5.954835997276128,22.567773437500023,0.016052134,0.05029297,3.447496405551909,0,0,0
2016-01-29 03:00:00,911.6265,25.014794921875023,0.017151168,0.014190674,14.9590104013434,22.483544921875023,0.0161212,0.004425049,6.2556029938878535,22.335107421875023,0.015846541,0.058425903,3.906685783797306,0,0,0
2016-01-29 04:00:00,902.7179,24.969781494140648,0.017081697,0.017929077,15.877237429603303,22.344781494140648,0.01603647,0.0071983337,6.478982597590299,22.110406494140648,0.015700776,0.061325073,4.296036750178078,0,0,0
2016-01-29 05:00:00,926.8702,24.903100585937523,0.017012216,0.021842957,16.471839566917282,22.207788085937523,0.015936472,0.014762878,6.572131368776388,21.973413085937523,0.015589334,0.059158325,4.584289905717869,0,0,0
2016-01-29 06:00:00,931.1953,24.886315917968773,0.016966093,0.026641846,16.083057222252798,22.151940917968773,0.01586746,0.020233154,6.304324627611981,21.933190917968773,0.015524137,0.054656982,4.734155884761627,0,0,0
2016-01-29 07:00:00,1026.5025,25.758874511718773,0.016882224,0.030509949,18.30777102709308,23.985437011718773,0.016340537,0.030906677,8.66220393479954,22.524499511718773,0.015589042,0.05154419,5.098258113715643,0,0,0
2016-01-29 08:00:00,1223.7001,26.815515136718773,0.016531551,0.039138794,21.160130708287152,25.979577636718773,0.016691769,0.045959473,11.353324887117063,23.963952636718773,0.015444362,0.0382843,5.256386986216364,0,0,0
2016-01-29 09:00:00,1310.6781,27.8015075683594,0.016355498,0.037475586,22.10094126082095,27.6374450683594,0.016897185,0.049438477,13.131350235554187,25.5905700683594,0.01500128,0.033569336,4.830969425557124,0,0,0
2016-01-29 10:00:00,1386.4065,28.703393554687523,0.016264435,0.029953003,22.14190751953218,28.875268554687523,0.01695871,0.046829224,13.678081576701336,26.906518554687523,0.014627931,0.037490845,4.499873655452902,0,0,0
2016-01-29 11:00:00,1429.4934,29.426843261718773,0.016235001,0.024375916,21.779837973756507,29.817468261718773,0.01687587,0.042526245,13.701798336310668,27.911218261718773,0.014438279,0.03489685,4.013838500190963,0,0,0
2016-01-29 12:00:00,1427.1152,29.923608398437523,0.016265964,0.024047852,21.37680977638666,30.454858398437523,0.016792392,0.03765869,13.255409863731774,28.548608398437523,0.014343357,0.038742065,3.5450718185617887,0,0,0
2016-01-29 13:00:00,1442.0515999999998,30.165673828125023,0.01623504,0.021812439,21.1445727588268,30.759423828125023,0.016669916,0.0320282,12.831891587424897,28.712548828125023,0.014823603,0.03479004,3.261458737180318,0,0,0
2016-01-29 14:00:00,1437.0484,30.203881835937523,0.016151274,0.024543762,21.143077480390524,30.672631835937523,0.016517485,0.027656555,12.72841292443607,28.578881835937523,0.014789427,0.03817749,3.1429517911927114,0,0,0
2016-01-29 15:00:00,1417.8656,29.9304138183594,0.01599156,0.02823639,21.54024671152944,30.1179138183594,0.016289106,0.02645874,12.869270291215782,28.1022888183594,0.014698377,0.036087036,3.435013904793261,0,0,0
2016-01-29 16:00:00,1350.1903,29.276818847656276,0.01585426,0.03565979,22.10350576358908,29.104943847656276,0.01611366,0.0289917,12.752552073255908,27.261193847656276,0.01466789,0.0289917,4.146291817979501,0,0,0
2016-01-29 17:00:00,1215.9518,28.199151611328148,0.015914699,0.038009644,22.28706726578377,27.496026611328148,0.016204616,0.027252197,11.11755527298168,26.011651611328148,0.0148008065,0.024902344,4.961701901154523,0,0,0
2016-01-29 18:00:00,1218.0487,27.060998535156276,0.016264778,0.030799866,20.75524244886887,25.342248535156276,0.016203742,0.026176453,8.756886611439613,24.482873535156276,0.014742713,0.026809692,5.979470713612837,0,0,0
2016-01-29 19:00:00,1262.1158,26.409326171875023,0.01665389,0.029655457,18.785360504582,24.315576171875023,0.016173238,0.039886475,8.245331653705014,23.432763671875023,0.015051717,0.031692505,6.733794022213164,0,0,0
2016-01-29 20:00:00,1210.6372,26.006494140625023,0.016921584,0.025924683,16.99670055907968,23.740869140625023,0.016173903,0.03845215,7.990420127393544,22.865869140625023,0.015224044,0.03390503,6.60631635302349,0,0,0
2016-01-29 21:00:00,1174.1399,25.692285156250023,0.017128492,0.03137207,15.083245689741627,23.364160156250023,0.016167188,0.044403076,7.742704144435697,22.567285156250023,0.015221143,0.050369263,6.5473949872277,0,0,0
2016-01-29 22:00:00,1119.3835,25.483422851562523,0.017175833,0.045181274,14.853771493728138,23.100610351562523,0.016153494,0.046936035,7.534528596404951,22.397485351562523,0.01524178,0.05505371,6.089393349484504,0,0,0
2016-01-29 23:00:00,1065.5706,25.352868652343773,0.017199915,0.04975891,14.921453129262227,22.868493652343773,0.01612417,0.040863037,7.302973718998368,22.274743652343773,0.015223902,0.05253601,5.748822249165688,0,0,0
2016-01-30 00:00:00,1037.7552,25.265435791015648,0.01723881,0.047088623,15.08691791464002,22.656060791015648,0.01611729,0.034942627,7.063529979578193,22.140435791015648,0.015239909,0.054336548,5.505757221249926,0,0,0
2016-01-30 01:00:00,993.3959,25.133874511718773,0.017246936,0.049087524,15.31573709206775,22.477624511718773,0.016087268,0.04170227,6.959897383229368,22.016687011718773,0.015251849,0.060928345,5.280980737808139,0,0,0
2016-01-30 02:00:00,971.3341,25.012414550781276,0.017200982,0.052871704,15.763577957261116,22.317102050781276,0.016018426,0.03491211,7.0157972284939065,21.895227050781276,0.015232598,0.061767578,5.304344778773764,0,0,0
2016-01-30 03:00:00,953.4944,24.979089355468773,0.017140087,0.057373047,16.73496511236315,22.182214355468773,0.015911754,0.033096313,7.147859607788631,21.822839355468773,0.015164073,0.06347656,5.490514048289589,0,0,0
2016-01-30 04:00:00,946.4293,24.948052978515648,0.017117573,0.065093994,17.653501514505734,22.057427978515648,0.015797688,0.033462524,7.3400659808693565,21.729302978515648,0.015133931,0.06607056,5.568812421969038,0,0,0
2016-01-30 05:00:00,938.1169,24.917504882812523,0.017048797,0.07373047,18.35349531847472,21.964379882812523,0.015713653,0.03262329,7.503132829578641,21.659692382812523,0.01511856,0.062438965,5.673962260408853,0,0,0
2016-01-30 06:00:00,952.2568,24.889672851562523,0.017025208,0.075042725,17.90191046892761,21.991235351562523,0.015667176,0.03491211,7.551179503206664,21.600610351562523,0.0150797125,0.050079346,5.688872769866069,0,0,0
2016-01-30 07:00:00,984.6127,25.624658203125023,0.016962638,0.08328247,20.78935645754686,23.921533203125023,0.01617681,0.03503418,10.634429746762088,22.202783203125023,0.015085807,0.044174194,6.017619944931363,0,0,0
2016-01-30 08:00:00,1102.9513,26.577233886718773,0.01663265,0.10272217,24.251893299560784,25.975671386718773,0.016663168,0.0448761,13.445886418242036,23.686608886718773,0.0149007775,0.03933716,6.458761926355383,0,0,0
2016-01-30 09:00:00,1176.2814,27.4355407714844,0.016478846,0.09429932,25.23622394300239,27.5683532714844,0.016745875,0.04425049,15.63363612897784,25.3261657714844,0.014689753,0.041656494,6.397989338700479,0,0,0
2016-01-30 10:00:00,1249.0434,28.323999023437523,0.016425217,0.080963135,24.53874216302375,28.714624023437523,0.016745651,0.044067383,15.618131517710184,26.753686523437523,0.014525497,0.047698975,5.900147866158042,0,0,0
2016-01-30 11:00:00,1269.9375,29.159753417968773,0.016440706,0.0637207,22.888905785481327,29.659753417968773,0.016837435,0.05116272,14.896585531525233,27.878503417968773,0.014540986,0.05203247,5.231804307672616,0,0,0
2016-01-30 12:00:00,1239.8382,29.781945800781276,0.016525635,0.04966736,21.180004118575862,30.250695800781276,0.016937623,0.05960083,13.976575775566642,28.625695800781276,0.014664064,0.05809021,4.590957689792017,0,0,0
2016-01-30 13:00:00,1228.4301,30.198449707031276,0.01655004,0.038528442,19.92652776549549,30.557824707031276,0.017023062,0.063812256,13.168610548268662,28.979699707031276,0.015024161,0.05834961,3.9397072409287057,0,0,0
2016-01-30 14:00:00,1227.1014,30.355645751953148,0.016451672,0.029624939,19.55676746360421,30.590020751953148,0.017031506,0.05747986,12.561690702418312,28.949395751953148,0.015467481,0.058242798,3.4157709647189094,0,0,0
2016-01-30 15:00:00,1203.6784,30.188775634765648,0.016230652,0.021743774,19.89485819729384,30.329400634765648,0.01700885,0.048202515,12.209630991915368,28.563775634765648,0.015574525,0.06236267,3.269093775860782,0,0,0
2016-01-30 16:00:00,1188.897,29.588769531250023,0.01604015,0.016334534,20.843193952243965,29.541894531250023,0.016986195,0.040908813,11.82585496452962,27.870019531250023,0.015593831,0.058425903,3.509132236905772,0,0,0
2016-01-30 17:00:00,1123.9177,28.490777587890648,0.016029805,0.014434814,21.587457066831764,28.068902587890648,0.017181844,0.035629272,9.846830712124698,26.787652587890648,0.015800923,0.051956177,3.76434038592516,0,0,0
2016-01-30 18:00:00,1144.548,27.172479248046898,0.016303634,0.014888763,20.732105335695906,25.969354248046898,0.017173385,0.036956787,7.691848462878017,25.234979248046898,0.016189193,0.057662964,3.927172452014934,0,0,0
2016-01-30 19:00:00,1192.4742,26.425744628906276,0.016643865,0.013496399,18.995457702568743,24.917932128906276,0.016903264,0.04676819,8.073863395323379,24.167932128906276,0.01595722,0.0657959,5.117189341304535,0,0,0
2016-01-30 20:00:00,1165.6607,25.983422851562523,0.016865492,0.011947632,16.519633455066312,24.186547851562523,0.016621351,0.048324585,8.23866635112985,23.358422851562523,0.016171217,0.060455322,5.6835724266674745,0,0,0
2016-01-30 21:00:00,1102.4758,25.686791992187523,0.016964285,0.01292038,14.683363768899284,23.616479492187523,0.016483633,0.040405273,7.924626608153983,22.952416992187523,0.016308157,0.06210327,5.693688190681637,0,0,0
2016-01-30 22:00:00,1071.1348,25.528955078125023,0.016941201,0.020767212,14.681282832668028,23.107080078125023,0.016399514,0.03440857,7.716196232319024,22.693017578125023,0.01643766,0.06796265,5.645690128251014,0,0,0
2016-01-30 23:00:00,1033.828,25.385034179687523,0.016948726,0.023666382,14.715943483676,22.791284179687523,0.016407039,0.039123535,7.579245588057035,22.510034179687523,0.016498592,0.078704834,5.523382538733802,0,0,0
2016-01-31 00:00:00,996.4727,25.2844177246094,0.016925476,0.023719788,15.369460910335029,22.5578552246094,0.01638379,0.048355103,7.560729803554252,22.3156677246094,0.016460083,0.08102417,5.427628884843221,0,0,0
2016-01-31 01:00:00,948.4061,25.175958251953148,0.016901916,0.030151367,15.992600923607071,22.324395751953148,0.016322082,0.051742554,7.638344401180144,22.090020751953148,0.01633734,0.08074951,5.341095853510011,0,0,0
2016-01-31 02:00:00,933.144,25.050256347656276,0.01687066,0.035324097,16.484175928152233,22.097131347656276,0.016229792,0.053253174,7.722323796666172,21.854943847656276,0.016153498,0.08560181,5.256795811748912,0,0,0
2016-01-31 03:00:00,906.4073,24.906091308593773,0.016793799,0.0308609,16.444314047035803,21.913903808593773,0.016107153,0.056274414,7.8725602648630995,21.624841308593773,0.015939306,0.09463501,5.254188893710059,0,0,0
2016-01-31 04:00:00,886.3776,24.739282226562523,0.016694402,0.020645142,15.365618118182184,21.754907226562523,0.01597724,0.0471344,7.632693922201373,21.395532226562523,0.015748357,0.10479736,5.192119312096921,0,0,0
2016-01-31 05:00:00,880.1890000000001,24.545556640625023,0.016602946,0.015220642,14.218660091577007,21.654931640625023,0.015908672,0.034423828,7.310628704374382,21.162744140625023,0.015542462,0.10687256,5.113886541176903,0,0,0
2016-01-31 06:00:00,840.5340000000001,24.499475097656276,0.016557291,0.013206482,13.676314005930776,21.671350097656276,0.015878275,0.04005432,7.004467938819981,21.015100097656276,0.01530607,0.095947266,5.2529640658732815,0,0,0
2016-01-31 07:00:00,843.7261,25.590417480468773,0.016465807,0.012020111,17.143958920086494,23.582604980468773,0.01644292,0.047073364,10.097083095435671,21.371667480468773,0.015397692,0.08493042,5.734423811286425,0,0,0
2016-01-31 08:00:00,903.2409,26.799127197265648,0.016008062,0.016365051,20.57469304204595,25.580377197265648,0.016809149,0.04537964,12.29403154664579,22.252252197265648,0.015672369,0.072387695,6.0323015756931335,0,0,0
2016-01-31 09:00:00,950.5343,27.785119628906276,0.01582436,0.014507294,21.363789849266745,27.386682128906276,0.016823811,0.043380737,13.8921909214282,23.925744628906276,0.015694661,0.055648804,5.967739523789867,0,0,0
2016-01-31 10:00:00,1026.5061,28.686822509765648,0.015824236,0.016197205,21.094334757519725,28.780572509765648,0.016716875,0.036895752,13.928581037580928,25.975885009765648,0.015065111,0.04473877,5.767367007702743,0,0,0
2016-01-31 11:00:00,1054.7336,29.443444824218773,0.015893029,0.014148712,20.5153633420576,29.849694824218773,0.016587304,0.026855469,13.483565435938464,27.349694824218773,0.014676141,0.051483154,5.107642662979946,0,0,0
2016-01-31 12:00:00,1079.3171,29.946923828125023,0.01596276,0.01638031,19.848056803796155,30.603173828125023,0.016534965,0.018791199,12.767743767569376,28.259423828125023,0.014608544,0.048965454,4.213030669069248,0,0,0
2016-01-31 13:00:00,1082.8149,30.222070312500023,0.015979989,0.01763153,19.375610578206828,31.003320312500023,0.016483529,0.014377594,12.11360107708222,28.737695312500023,0.0148203205,0.050216675,3.4386830475424293,0,0,0
2016-01-31 14:00:00,1088.9223000000002,30.291345214843773,0.015958047,0.023216248,19.0828125,31.010095214843773,0.016385293,0.014263153,11.59755079787441,28.806970214843773,0.015012001,0.04548645,2.852662835183289,0,0,0
2016-01-31 15:00:00,1074.9219,30.106042480468773,0.015919412,0.027313232,18.956587084934128,30.621667480468773,0.016255105,0.015533447,11.230789384009846,28.481042480468773,0.015133585,0.057006836,2.47321157863522,0,0,0
2016-01-31 16:00:00,1081.8004,29.559686279296898,0.01591921,0.024368286,19.0942614018308,29.762811279296898,0.016155722,0.01563263,10.868549996587417,27.731561279296898,0.0156025905,0.056259155,2.504957826796173,0,0,0
2016-01-31 17:00:00,1063.5335,28.594323730468773,0.015972218,0.020454407,19.209538426967693,28.109948730468773,0.016475758,0.01802826,8.952487118351415,26.578698730468773,0.015789112,0.054519653,2.606210019470492,0,0,0
2016-01-31 18:00:00,1088.8438999999998,27.381616210937523,0.016216341,0.015533447,18.221519985675695,25.608178710937523,0.01647574,0.020629883,7.201999577381109,24.865991210937523,0.016017977,0.07266235,2.570317713027816,0,0,0
2016-01-31 19:00:00,1124.7769,26.600305175781276,0.016482938,0.011772156,17.270206432246326,24.467492675781276,0.016185392,0.02330017,7.83581393417342,23.834680175781276,0.016109098,0.078430176,3.67723766633404,0,0,0
2016-01-31 20:00:00,1132.9442,26.095849609375023,0.016620094,0.008495331,15.702496460135452,23.642724609375023,0.01591056,0.021270752,8.146228099990823,23.228662109375023,0.015994484,0.061187744,4.652337292875714,0,0,0
2016-01-31 21:00:00,1111.3017,25.703149414062523,0.016718917,0.006044388,14.03800860440656,23.015649414062523,0.015742354,0.017829895,8.130538212602344,22.734399414062523,0.0159102,0.049224854,4.95880370572324,0,0,0
2016-01-31 22:00:00,1076.8564,25.396173095703148,0.016710842,0.0045833588,13.611824460252151,22.583673095703148,0.015703762,0.015113831,7.924485068935905,22.357110595703148,0.015764797,0.042129517,4.980234610764766,0,0,0
2016-01-31 23:00:00,1025.9697,25.125543212890648,0.016664872,0.0037488937,13.677327495331491,22.180230712890648,0.015726456,0.012783051,7.500402409248399,22.063043212890648,0.015631089,0.038619995,4.80561440659039,0,0,0
2016-02-01 00:00:00,977.5645,24.871423339843773,0.01660385,0.0028982162,13.384214777124408,21.801110839843773,0.015695952,0.008670807,7.146857719583975,21.879235839843773,0.015516661,0.036743164,4.612369200549908,0,0,0
2016-02-01 01:00:00,912.5744,24.644891357421898,0.01652761,0.0025730133,13.340339131083743,21.410516357421898,0.015638785,0.0050029755,6.769852397893016,21.723016357421898,0.015387016,0.03364563,4.441307652166628,0,0,0
2016-02-01 02:00:00,888.1965,24.513879394531276,0.016405616,0.004196167,14.137021877794565,21.107629394531276,0.015581641,0.0025758743,6.6944331485693445,21.584191894531276,0.015234504,0.033340454,4.367035485967508,0,0,0
2016-02-01 03:00:00,860.2918,24.416711425781276,0.016337752,0.0049877167,14.484421078506802,20.854211425781276,0.015513778,0.0012483597,6.675245001936369,21.393273925781276,0.015063643,0.03274536,4.409662115426647,0,0,0
2016-02-01 04:00:00,851.5924,24.332299804687523,0.016292818,0.004835129,14.485968889851115,20.644799804687523,0.01544214,0.0006401539,6.586625002344433,21.207299804687523,0.014889009,0.030891418,4.455769683933106,0,0,0
2016-02-01 05:00:00,875.7209,24.251062011718773,0.016260458,0.0045642853,14.317890292283812,20.477624511718773,0.015367819,0.00042057037,6.515580000687685,21.032312011718773,0.01472695,0.02835083,4.5392549384026655,0,0,0
2016-02-01 06:00:00,898.1592,24.283135986328148,0.016274406,0.004228592,14.247723431686897,20.494073486328148,0.015286399,0.0005033016,6.502139646055492,20.892510986328148,0.014588309,0.026496887,4.652391753825864,0,0,0
2016-02-01 07:00:00,991.3139,25.463098144531276,0.016403582,0.0034265518,17.849699566019815,22.947473144531276,0.015823748,0.0020103455,9.36960298753597,21.541223144531276,0.014641191,0.021705627,4.987955815417046,0,0,0
2016-02-01 08:00:00,1179.8858,26.718652343750023,0.016213076,0.0037117004,21.36210857142121,25.437402343750023,0.016113894,0.0035085678,11.720684078679742,23.124902343750023,0.014504093,0.013206482,5.178921349941216,0,0,0
2016-02-01 09:00:00,1295.6342,27.772546386718773,0.016251901,0.0027809143,21.485294568388625,27.374108886718773,0.015992502,0.0033960342,12.697823321422092,24.991296386718773,0.014211039,0.0053424835,4.772917687915353,0,0,0
2016-02-01 10:00:00,1396.7327,28.754205322265648,0.016306499,0.004421234,20.13973949063116,28.793267822265648,0.015825847,0.002737999,11.920664276200748,26.660455322265648,0.013773539,0.0036439896,3.945417694200168,0,0,0
2016-02-01 11:00:00,1421.6223,29.551049804687523,0.016392453,0.0061969757,18.30347282101324,30.019799804687523,0.015713437,0.0021743774,10.785455637765564,28.051049804687523,0.013375026,0.005334854,2.920442801763283,0,0,0
2016-02-01 12:00:00,1428.0975,30.144708251953148,0.01638725,0.0072250366,17.070980866849673,30.894708251953148,0.01563957,0.0016255379,9.675831923092227,29.004083251953148,0.013198164,0.0074768066,1.947675882509073,0,0,0
2016-02-01 13:00:00,1446.9792,30.516046142578148,0.016302371,0.0072727203,16.45345853027326,31.391046142578148,0.015585209,0.0013437271,8.902201870921305,29.516046142578148,0.0132506145,0.008651733,1.094850211872311,0,0,0
2016-02-01 14:00:00,1451.3355,30.650781250000023,0.016164277,0.0064888,16.274470251225008,31.478906250000023,0.015599702,0.0011062622,8.30622189346966,29.478906250000023,0.013936494,0.016357422,0.3724796236468778,0,0,0
2016-02-01 15:00:00,1433.0076,30.5314880371094,0.01605675,0.0054512024,16.6602542127835,31.1564880371094,0.015743945,0.0009598732,7.943214903906576,29.1252380371094,0.014427875,0.015037537,0.6919451808225764,0,0,0
2016-02-01 16:00:00,1370.2599,29.986962890625023,0.01608644,0.0050411224,17.38305038460822,30.408837890625023,0.015987258,0.0009367466,7.523984126973179,28.486962890625023,0.014640671,0.019378662,0.983555098085512,0,0,0
2016-02-01 17:00:00,1233.4444,28.950036621093773,0.016245935,0.014743805,18.18136391235209,28.793786621093773,0.016635034,0.0014491081,6.351379878385335,27.371911621093773,0.015105342,0.02935028,1.1949994294312842,0,0,0
2016-02-01 18:00:00,1199.3921,27.648370361328148,0.0166272,0.015331268,18.812002611650417,26.031182861328148,0.016573794,0.0021686554,5.34197049677852,25.835870361328148,0.0153035,0.036392212,0.93729088167586,0,0,0
2016-02-01 19:00:00,1230.1170000000002,26.778375244140648,0.01702463,0.011100769,18.924196286186767,24.958062744140648,0.016307468,0.004262924,6.315105503315473,24.700250244140648,0.0153766805,0.038848877,0.2897765410715441,0,0,0
2016-02-01 20:00:00,1189.8993,26.298913574218773,0.017281879,0.008228302,17.38817320781234,24.072351074218773,0.016160358,0.008613586,7.336547560995301,23.869226074218773,0.0156263,0.044433594,0.7248279083652267,0,0,0
2016-02-01 21:00:00,1147.7824,25.905725097656276,0.0174484,0.009288788,15.026945128502318,23.304162597656276,0.01604459,0.010044098,7.727107425369987,23.257287597656276,0.01568601,0.040115356,1.3461394662560606,0,0,0
2016-02-01 22:00:00,1104.2542999999998,25.593408203125023,0.017471302,0.009479523,14.082877179645587,22.765283203125023,0.015968312,0.009269714,7.696466358409419,22.780908203125023,0.01559447,0.040634155,2.0450599811776624,0,0,0
2016-02-01 23:00:00,1032.2541,25.340051269531276,0.017410064,0.010025024,13.778044758401023,22.355676269531276,0.015914703,0.009338379,7.45388529804269,22.332238769531276,0.015491271,0.043640137,2.8413348075941043,0,0,0
2016-02-02 00:00:00,982.2506,25.113427734375023,0.01728696,0.008220673,13.596102335532112,22.043115234375023,0.015852634,0.009414673,7.022096165432342,21.996240234375023,0.015448276,0.048965454,3.479288462869272,0,0,0
2016-02-02 01:00:00,938.941,24.918023681640648,0.017148288,0.006263733,13.664122751930838,21.777398681640648,0.015836032,0.0077495575,6.571593021976984,21.761773681640648,0.01542023,0.054504395,3.8849131670935626,0,0,0
2016-02-02 02:00:00,918.5759,24.814385986328148,0.016956236,0.00819397,14.615890341962794,21.540948486328148,0.015834715,0.008590698,6.126964086024823,21.603448486328148,0.015369322,0.050872803,4.036369082672138,0,0,0
2016-02-02 03:00:00,875.7684,24.814080810546898,0.016795168,0.011425018,15.422363689065712,21.353143310546898,0.015788088,0.015239716,5.790928333158496,21.470330810546898,0.015292177,0.05278015,4.080785286165928,0,0,0
2016-02-02 04:00:00,874.8017,24.799493408203148,0.016710829,0.010509491,15.155510744293975,21.229180908203148,0.015719008,0.017753601,5.514348868340891,21.369805908203148,0.01517732,0.05206299,4.105521338622361,0,0,0
2016-02-02 05:00:00,882.6034999999999,24.709436035156276,0.016695304,0.0077114105,14.204100900491992,21.139123535156276,0.015657706,0.015193939,5.382579455819076,21.271936035156276,0.015054985,0.04824829,4.087182828864217,0,0,0
2016-02-02 06:00:00,938.7722,24.688317871093773,0.016687585,0.0049381256,13.295247351679246,21.211755371093773,0.015615654,0.012374878,5.278239415285484,21.211755371093773,0.014955712,0.046798706,4.039822570001649,0,0,0
2016-02-02 07:00:00,1021.8426,25.750268554687523,0.01669556,0.00356102,16.155662134569035,23.469018554687523,0.016138615,0.011188507,8.020944472562666,21.781518554687523,0.015131534,0.04397583,4.275003071834063,0,0,0
2016-02-02 08:00:00,1205.2014,26.955621337890648,0.016474372,0.010990143,19.32023993491225,25.955621337890648,0.016535407,0.014789581,10.281178887303934,22.986871337890648,0.015257482,0.034454346,4.559670075979426,0,0,0
2016-02-02 09:00:00,1305.1562,28.011560058593773,0.016558472,0.015098572,19.43342420623279,27.855310058593773,0.016566101,0.014633179,11.18628950847998,24.917810058593773,0.014788453,0.019989014,4.428419531137741,0,0,0
2016-02-02 10:00:00,1365.8693,28.905114746093773,0.0166581,0.015769958,17.819317697120674,29.233239746093773,0.016474994,0.013442993,10.402891204672851,26.780114746093773,0.014144214,0.015975952,3.700897535800688,0,0,0
2016-02-02 11:00:00,1423.0506,29.575799560546898,0.016704556,0.023170471,16.045527410781382,30.388299560546898,0.01639175,0.012210846,9.267774641455716,28.107049560546898,0.01373672,0.018867493,2.6131121470389136,0,0,0
2016-02-02 12:00:00,1422.8661,30.089990234375023,0.016712604,0.03135681,14.742181445000746,31.214990234375023,0.01626247,0.009822845,8.147513083874385,29.074365234375023,0.013580738,0.023864746,1.542798820312876,0,0,0
2016-02-02 13:00:00,1449.1039999999998,30.429284667968773,0.016682267,0.036254883,13.886789952349105,31.710534667968773,0.016049027,0.0071849823,7.09565657886261,29.679284667968773,0.013699175,0.02344513,0.6581054112380161,0,0,0
2016-02-02 14:00:00,1452.8470000000002,30.573419189453148,0.016606359,0.04425049,13.533789653006512,31.854669189453148,0.015927343,0.0051136017,6.081368986026227,29.698419189453148,0.01452735,0.028961182,1.1013392786344869,0,0,0
2016-02-02 15:00:00,1420.3888,30.492791748046898,0.016515143,0.055923462,13.7257447087602,31.617791748046898,0.015988715,0.0039367676,5.352477582005285,29.492791748046898,0.014748938,0.03578186,1.8992200128824923,0,0,0
2016-02-02 16:00:00,1353.2527,29.970727539062523,0.016530616,0.04710388,14.77560098268135,30.970727539062523,0.016324623,0.0039157867,4.943218788128307,28.783227539062523,0.015321358,0.04585266,2.4150638969924576,0,0,0
2016-02-02 17:00:00,1233.5689,29.078790283203148,0.016691038,0.02544403,16.102568797020957,29.578790283203148,0.016988585,0.0092659,4.793514722399407,27.547540283203148,0.015729735,0.06037903,2.553263953920529,0,0,0
2016-02-02 18:00:00,1184.4399,27.920007324218773,0.016965322,0.015445709,17.396670950393066,27.013757324218773,0.01711791,0.011943817,3.861709432341802,26.185632324218773,0.015706472,0.07345581,2.6135918867978365,0,0,0
2016-02-02 19:00:00,1223.6894,27.055444335937523,0.017178806,0.012233734,18.41172049867126,26.055444335937523,0.01675156,0.011917114,4.927496162308544,25.039819335937523,0.016202243,0.08383179,2.032457923312862,0,0,0
2016-02-02 20:00:00,1222.6201999999998,26.537744140625023,0.017284827,0.009365082,17.36012421207554,25.233056640625023,0.016666846,0.010925293,5.756052785470996,24.303369140625023,0.015827613,0.08609009,1.5064109557962329,0,0,0
2016-02-02 21:00:00,1189.0403,26.2038513183594,0.017300317,0.006494522,15.63985358440422,24.5085388183594,0.016606042,0.00875473,6.034722384662672,23.8679138183594,0.015911767,0.07714844,1.5665225557066484,0,0,0
2016-02-02 22:00:00,1113.2758,25.928674316406276,0.01730946,0.003955841,14.333416544354815,23.975549316406276,0.016523633,0.0067310333,6.339130322829536,23.498986816406276,0.015890393,0.0713501,1.812114361482516,0,0,0
2016-02-02 23:00:00,1081.1488000000002,25.691674804687523,0.017303538,0.0021429062,13.914237517980894,23.597924804687523,0.016426157,0.0051002502,6.578037123285692,23.144799804687523,0.015815806,0.072143555,2.0648851613493795,0,0,0
2016-02-03 00:00:00,1029.5203,25.482324218750023,0.01730406,0.0011358261,13.946218950319611,23.318261718750023,0.016327497,0.00425148,6.682097581248507,22.833886718750023,0.015732404,0.06790161,2.3829023860799867,0,0,0
2016-02-03 01:00:00,983.8632,25.318078613281276,0.01725733,0.0020771027,14.28469691375945,23.091516113281276,0.01623499,0.0049991608,6.657619178613433,22.568078613281276,0.015662786,0.057006836,2.8022777335837943,0,0,0
2016-02-03 02:00:00,948.1479,25.221826171875023,0.017180301,0.004047394,14.799719008793977,22.893701171875023,0.01618848,0.0077400208,6.515566485025579,22.339013671875023,0.015612461,0.046813965,3.243594555079455,0,0,0
2016-02-03 03:00:00,938.8558,25.1425720214844,0.01704243,0.0042381287,15.145480609268963,22.7128845214844,0.016195567,0.013328552,6.363615079943251,22.1425720214844,0.015527994,0.0418396,3.642383254987673,0,0,0
2016-02-03 04:00:00,916.1576,25.048791503906276,0.016881766,0.0025072098,15.098954938888388,22.572229003906276,0.016218008,0.016304016,6.190313857692377,21.986291503906276,0.015413107,0.036712646,3.943740390094831,0,0,0
2016-02-03 05:00:00,927.5591,24.946160888671898,0.016766958,0.0007786751,14.97936896019992,22.422723388671898,0.016255789,0.016357422,6.059743160810349,21.922723388671898,0.015317374,0.03390503,4.149038725136449,0,0,0
2016-02-03 06:00:00,973.373,24.932702636718773,0.01674403,0.0002142191,14.984539853840948,22.417077636718773,0.016324414,0.012756348,6.160380994607254,21.862390136718773,0.015248668,0.03300476,4.229631657085562,0,0,0
2016-02-03 07:00:00,1065.0834,25.951257324218773,0.016743496,0.00010240078,18.65448665700891,24.271569824218773,0.016774014,0.009414673,9.444688448677285,22.537194824218773,0.015320615,0.03036499,4.572347559987109,0,0,0
2016-02-03 08:00:00,1256.458,27.165063476562523,0.01652196,0.0007584095,23.202630676552605,26.477563476562523,0.016964465,0.008010864,11.905269956127476,24.141625976562523,0.015247851,0.02584076,4.711165747735556,0,0,0
2016-02-03 09:00:00,1331.9216,28.244683837890648,0.01655247,0.00041854382,24.167422967410943,28.291558837890648,0.016743205,0.005121231,12.765171440219412,26.025933837890648,0.014935039,0.01838684,4.39430167369081,0,0,0
2016-02-03 10:00:00,1419.8490000000002,29.249902343750023,0.016574465,0.00028014183,23.58295295687153,29.718652343750023,0.016536318,0.0031442642,12.093449021963345,27.609277343750023,0.014583193,0.01663971,3.649627909571936,0,0,0
2016-02-03 11:00:00,1434.4243,30.073022460937523,0.016604153,0.00012725592,22.42266617179931,30.916772460937523,0.016360013,0.0022697449,11.048213327534588,28.916772460937523,0.014319149,0.02204132,2.5136568167708933,0,0,0
2016-02-03 12:00:00,1446.4055,30.6315856933594,0.016565304,6.484985e-05,21.42615242955604,31.7253356933594,0.016351681,0.0019512177,9.92061628873014,29.8347106933594,0.014356594,0.027305603,1.2007945068064405,0,0,0
2016-02-03 13:00:00,1488.0312,30.961572265625023,0.016412258,0.0005123615,20.708602179375436,32.11782226562502,0.016580105,0.002254486,8.891597025585746,30.149072265625023,0.015088558,0.04045105,0.4984417765682041,0,0,0
2016-02-03 14:00:00,1493.9218999999998,31.007196044921898,0.016236594,0.003938675,20.47309360222601,32.1009460449219,0.016938498,0.004058838,8.200088109729323,30.179071044921898,0.014813711,0.06478882,1.1727332169334748,0,0,0
2016-02-03 15:00:00,1458.1628,30.659814453125023,0.016099332,0.0050296783,20.859696012277105,31.706689453125023,0.017022489,0.011260986,7.978394339079663,29.831689453125023,0.014779447,0.063934326,1.703034972864949,0,0,0
2016-02-03 16:00:00,1388.8705,29.854638671875023,0.016075863,0.0026435852,21.90781231891003,30.917138671875023,0.017098201,0.013092041,7.86832533122941,28.964013671875023,0.015229,0.06283569,1.869808857731613,0,0,0
2016-02-03 17:00:00,1251.8361,28.625573730468773,0.016235387,0.0012493134,22.66578049816111,29.422448730468773,0.017471349,0.010192871,6.774332516154542,27.766198730468773,0.015899694,0.07006836,1.7380729430467692,0,0,0
2016-02-03 18:00:00,1230.9639,27.376763916015648,0.01655525,0.0017008781,21.446357940706356,27.126763916015648,0.017386854,0.008392334,5.547107324167482,26.423638916015648,0.016486585,0.06906128,1.5948609418251676,0,0,0
2016-02-03 19:00:00,1280.8827,26.729760742187523,0.016860846,0.0075473785,19.727085690772327,26.011010742187523,0.016975287,0.0059928894,6.604171509685807,25.542260742187523,0.016418342,0.07473755,1.7996896416607828,0,0,0
2016-02-03 20:00:00,1232.117,26.421716308593773,0.017014302,0.00825119,17.944094395695778,25.140466308593773,0.016770162,0.0046977997,7.411703793251353,24.796716308593773,0.01654891,0.072509766,1.973396246472109,0,0,0
2016-02-03 21:00:00,1186.0205999999998,26.211877441406276,0.017068593,0.0064086914,16.638675034298036,24.469689941406276,0.016648976,0.0033540726,7.513294902772053,24.211877441406276,0.016572682,0.06239319,2.2128707381160404,0,0,0
2016-02-03 22:00:00,1142.4723,25.986962890625023,0.017084852,0.0050411224,16.30647307506897,23.955712890625023,0.016581312,0.00310421,7.148968113951783,23.768212890625023,0.01648213,0.05204773,2.4554475507267126,0,0,0
2016-02-03 23:00:00,1077.4758,25.759057617187523,0.0170852,0.004682541,16.609420649411046,23.602807617187523,0.016497737,0.003004074,6.793770438604835,23.391870117187523,0.016352778,0.043914795,2.751859258346361,0,0,0
2016-02-04 00:00:00,1025.1664,25.557336425781276,0.017023781,0.008720398,17.369835403532203,23.330773925781276,0.016436318,0.0023450851,6.427075014608761,23.041711425781276,0.016237954,0.038345337,3.083260248366212,0,0,0
2016-02-04 01:00:00,981.0389,25.453027343750023,0.0169081,0.015090942,18.228024380133316,23.078027343750023,0.016419819,0.0016956329,6.165444088276535,22.703027343750023,0.016137531,0.032577515,3.520242487672167,0,0,0
2016-02-04 02:00:00,957.8082,25.355279541015648,0.016808026,0.017799377,18.552969410587497,22.847467041015648,0.016457073,0.001270771,6.051118832375973,22.409967041015648,0.016014569,0.033065796,3.921354663876037,0,0,0
2016-02-04 03:00:00,929.6442,25.2336364746094,0.016708361,0.017356873,18.25546228053872,22.6476989746094,0.016487109,0.0027894974,6.001364695798373,22.2023864746094,0.015861498,0.033691406,4.204697971905072,0,0,0
2016-02-04 04:00:00,901.4049,25.109582519531276,0.01661652,0.015022278,17.022320076838522,22.445520019531276,0.016441043,0.006668091,5.659310034763962,22.070520019531276,0.01573914,0.03930664,4.148300820378158,0,0,0
2016-02-04 05:00:00,903.8926,24.956384277343773,0.016578317,0.013175964,15.340500487278613,22.261071777343773,0.016349435,0.011623383,5.382622796911198,22.011071777343773,0.015670419,0.045272827,3.900604949395983,0,0,0
2016-02-04 06:00:00,931.7014,24.932275390625023,0.016570607,0.011909485,14.747049979343725,22.236962890625023,0.01628069,0.01259613,5.36415947266154,22.002587890625023,0.015616934,0.053085327,3.679534061415746,0,0,0
2016-02-04 07:00:00,1022.2425,25.982507324218773,0.016448593,0.011074066,18.8575326373948,24.123132324218773,0.016685104,0.01576233,8.378065940708533,22.560632324218773,0.015807724,0.062683105,3.7274970498639415,0,0,0
2016-02-04 08:00:00,1226.5741,27.082604980468773,0.016135963,0.009021759,22.40029238101331,26.348229980468773,0.016860755,0.022949219,10.561811103702016,23.785729980468773,0.015968116,0.05947876,3.909532283116421,0,0,0
2016-02-04 09:00:00,1326.889,28.1000915527344,0.016098049,0.0050964355,23.23550262321261,28.2875915527344,0.016738918,0.026069641,11.569679912864176,25.7407165527344,0.015438106,0.051727295,3.6885696411508393,0,0,0
2016-02-04 10:00:00,1396.4017,29.068627929687523,0.016090639,0.0035715103,22.965389701581547,29.756127929687523,0.016655214,0.026412964,11.075169602036222,27.490502929687523,0.014915712,0.05430603,2.924539250984871,0,0,0
2016-02-04 11:00:00,1445.3623,29.879724121093773,0.016014524,0.0031394958,22.23338842351781,30.989099121093773,0.016663022,0.02166748,10.456738860838009,28.817224121093773,0.014660305,0.059402466,2.041915623284399,0,0,0
2016-02-04 12:00:00,1444.6311,30.430017089843773,0.015938343,0.0026130676,21.403917271390927,31.851892089843773,0.016663136,0.023887634,9.807695901447174,29.758142089843773,0.014694751,0.07458496,1.264629811978251,0,0,0
2016-02-04 13:00:00,1465.7591,30.735955810546898,0.01579354,0.0020971298,20.56341204165597,32.2515808105469,0.016625144,0.050704956,9.174778703312729,30.079705810546898,0.01534722,0.08337402,1.3018914346303156,0,0,0
2016-02-04 14:00:00,1474.9513,30.747155761718773,0.01564094,0.0017647743,19.93474389043037,32.13778076171877,0.016716685,0.07159424,8.633232990501654,29.950280761718773,0.015499796,0.07928467,1.893902664829496,0,0,0
2016-02-04 15:00:00,1448.8069,30.448815917968773,0.015484567,0.0019173622,19.815644967081585,31.558190917968773,0.016770119,0.058624268,8.008794375779393,29.464440917968773,0.015854592,0.103393555,2.385414710786731,0,0,0
2016-02-04 16:00:00,1395.6007,29.737634277343773,0.015416023,0.0023002625,20.788272030842784,30.784509277343773,0.016701575,0.042434692,7.704230496389884,28.643884277343773,0.016182777,0.11709595,2.658541624784015,0,0,0
2016-02-04 17:00:00,1254.1386,28.516564941406276,0.0155149065,0.0035629272,21.89394188267863,29.282189941406276,0.016907271,0.035598755,6.296932154696607,27.157189941406276,0.016258772,0.12713623,2.589286751206665,0,0,0
2016-02-04 18:00:00,1228.9328,27.093438720703148,0.015945785,0.006132126,21.32369008664149,26.812188720703148,0.016830795,0.033477783,4.94489074933488,25.484063720703148,0.016487472,0.14068604,2.0304552031560856,0,0,0
2016-02-04 19:00:00,1272.4995,26.286889648437523,0.016457193,0.012622833,19.878449269531263,25.583764648437523,0.016541116,0.026359558,5.848949866307133,24.380639648437523,0.01662504,0.15716553,1.0978686893459404,0,0,0
2016-02-04 20:00:00,1225.5751,25.893029785156276,0.016764024,0.026306152,18.205763774000985,24.666467285156276,0.016252855,0.016548157,6.521218802501951,23.900842285156276,0.01644359,0.14178467,0.6046934282766324,0,0,0
2016-02-04 21:00:00,1179.6346,25.692224121093773,0.016872127,0.03779602,17.97087090064737,23.918786621093773,0.016017634,0.012477875,7.072807341579514,23.567224121093773,0.016231257,0.10696411,1.9169316053412744,0,0,0
2016-02-04 22:00:00,1138.2764,25.535729980468773,0.016926931,0.039001465,17.963072778413444,23.293542480468773,0.015866445,0.011287689,7.014145895635738,23.215417480468773,0.016095327,0.09164429,3.010797111116668,0,0,0
2016-02-04 23:00:00,1072.9144,25.405053710937523,0.016966268,0.04260254,18.011649291302312,22.834741210937523,0.015745565,0.015216827,6.773023098739375,22.850366210937523,0.015959188,0.08959961,3.831018156470139,0,0,0
2016-02-05 00:00:00,1007.9754,25.2861267089844,0.016919514,0.040878296,18.248165073904094,22.5126892089844,0.015675923,0.020370483,6.481581247044284,22.5283142089844,0.015744587,0.09207153,4.386564477804725,0,0,0
2016-02-05 01:00:00,962.4603,25.167443847656276,0.01681104,0.03994751,18.28728033052501,22.245568847656276,0.015624669,0.02607727,6.23091670668741,22.229943847656276,0.015556005,0.09310913,4.575321380083435,0,0,0
2016-02-05 02:00:00,935.4901,25.040612792968773,0.016664734,0.03630066,17.226060978031153,22.017175292968773,0.0155661,0.031723022,6.080761783836392,22.017175292968773,0.0154135125,0.09869385,4.604978616273419,0,0,0
2016-02-05 03:00:00,908.396,24.891320800781276,0.016496472,0.035705566,15.74013511163483,21.821008300781276,0.015497021,0.035217285,6.193645297030634,21.891320800781276,0.015310101,0.10076904,4.631934834244249,0,0,0
2016-02-05 04:00:00,882.0038,24.717065429687523,0.016313171,0.029945374,14.3771513388897,21.615502929687523,0.015390013,0.040802002,6.376013381297813,21.779565429687523,0.015252684,0.10064697,4.501488572916833,0,0,0
2016-02-05 05:00:00,905.9896,24.516564941406276,0.01620641,0.020103455,12.85820799638962,21.415002441406276,0.015271809,0.04324341,6.455033117278797,21.727502441406276,0.015145924,0.107299805,4.521725547867409,0,0,0
2016-02-05 06:00:00,931.6842,24.491845703125023,0.016145188,0.015003204,12.393054345903105,21.374658203125023,0.01518007,0.051467896,6.5310770608739,21.640283203125023,0.0150847025,0.10443115,4.6108758811750254,0,0,0
2016-02-05 07:00:00,1036.0065,25.825830078125023,0.016099652,0.014289856,16.754939111173773,23.466455078125023,0.015561779,0.045333862,10.058984310530416,22.278955078125023,0.0151650505,0.09732056,5.034725752391528,0,0,0
2016-02-05 08:00:00,1209.7801,27.142358398437523,0.015580843,0.033569336,22.621437060294195,25.798608398437523,0.015840244,0.048553467,13.354353188547645,23.845483398437523,0.015020083,0.08444214,5.694833421690723,0,0,0
2016-02-05 09:00:00,1300.3435,28.052270507812523,0.015210723,0.053268433,25.23176382097728,27.677270507812523,0.015607451,0.05706787,15.93186762837081,25.614770507812523,0.014699553,0.06997681,5.8827006805856845,0,0,0
2016-02-05 10:00:00,1381.0479,28.902185058593773,0.015073895,0.056243896,26.660064354237225,28.980310058593773,0.015318036,0.05543518,17.316772568311258,26.995935058593773,0.014299512,0.064819336,6.238449073402032,0,0,0
2016-02-05 11:00:00,1394.9138,29.569604492187523,0.015061835,0.056762695,27.735251141530863,29.913354492187523,0.015115241,0.046966553,18.341378505071766,27.897729492187523,0.013970831,0.069000244,6.687680302266054,0,0,0
2016-02-05 12:00:00,1391.2733999999998,30.063775634765648,0.015067865,0.043273926,28.353276526618963,30.532525634765648,0.015014459,0.03138733,18.683788979810544,28.329400634765648,0.013728906,0.06677246,7.004592778460817,0,0,0
2016-02-05 13:00:00,1415.1936,30.293237304687523,0.015124732,0.034194946,28.77556221791385,30.824487304687523,0.014869147,0.018730164,18.655565264993857,28.340112304687523,0.013675147,0.054977417,7.159281150172776,0,0,0
2016-02-05 14:00:00,1411.8002,30.175195312500023,0.015120589,0.02923584,29.02064772510713,30.690820312500023,0.01466664,0.010410309,18.476485506248142,28.003320312500023,0.013526046,0.04510498,7.5102567347950355,0,0,0
2016-02-05 15:00:00,1378.7016,29.726342773437523,0.015086192,0.023162842,29.3327098340903,30.054467773437523,0.014384287,0.0055885315,18.32715375663488,27.288842773437523,0.013262766,0.042938232,8.124817023931264,0,0,0
2016-02-05 16:00:00,1284.9725,28.964135742187523,0.014986869,0.03640747,29.11846665086705,28.948510742187523,0.0140866,0.004131317,17.788976346135247,26.261010742187523,0.013090964,0.03895569,8.749230914512372,0,0,0
2016-02-05 17:00:00,1163.4403,27.874383544921898,0.014971221,0.035583496,28.057238194667427,27.296258544921898,0.014002288,0.0054779053,15.762259894288563,24.936883544921898,0.013235534,0.034973145,8.95472406776908,0,0,0
2016-02-05 18:00:00,1172.8622,26.812432861328148,0.0151771195,0.037994385,25.88875600290461,25.124932861328148,0.014246333,0.0047626495,12.337352012048187,23.421807861328148,0.013616908,0.040405273,8.572045425016988,0,0,0
2016-02-05 19:00:00,1224.3607000000002,26.284814453125023,0.015478613,0.02319336,23.82046580284385,24.144189453125023,0.014410498,0.009552002,11.835715363788005,22.519189453125023,0.014032843,0.03981018,8.197115265105987,0,0,0
2016-02-05 20:00:00,1191.2487,25.931359863281276,0.015609946,0.007030487,22.34592092272694,23.704797363281276,0.014480796,0.010219574,11.8665973175537,22.165734863281276,0.014255729,0.031417847,8.111737330342958,0,0,0
2016-02-05 21:00:00,1150.9048,25.6870056152344,0.015409147,0.012809753,22.723479267263755,23.4291931152344,0.014535582,0.009151459,12.170112747510164,22.0385681152344,0.014287626,0.029563904,8.081247748354713,0,0,0
2016-02-05 22:00:00,1108.8126,25.538964843750023,0.015105824,0.012432098,22.80299960030444,23.226464843750023,0.014628987,0.010879517,12.38893629999217,21.976464843750023,0.014186482,0.03491211,8.069386423602353,0,0,0
2016-02-05 23:00:00,1034.4924,25.356103515625023,0.014882153,0.008972168,22.236362308521155,22.785791015625023,0.014729565,0.0063667297,11.3208065327952,21.957666015625023,0.0140810665,0.03579712,8.120554974011167,0,0,0
2016-02-06 00:00:00,992.3,25.131555175781276,0.014779897,0.0066127777,21.76005231402224,22.279992675781276,0.014699789,0.0041503906,10.388935394817668,21.873742675781276,0.01392922,0.0415802,8.08422115785596,3,1,0
2016-02-06 01:00:00,957.5944,24.898309326171898,0.014794993,0.0044078827,21.24412687393253,21.960809326171898,0.0145012615,0.0027427673,10.140823816545808,21.726434326171898,0.0138718365,0.04689026,7.990780911436939,3,1,0
2016-02-06 02:00:00,908.4364,24.657739257812523,0.014938147,0.0023202896,20.331341757041063,21.673364257812523,0.014285834,0.001511097,9.909584053310166,21.571801757812523,0.01388529,0.041656494,7.847792442586885,3,1,0
2016-02-06 03:00:00,894.6875,24.358666992187523,0.015154757,0.0007929802,18.747171100071903,21.428979492187523,0.014082827,0.0014672279,9.746808618415496,21.436791992187523,0.01385776,0.038619995,7.729140140731276,3,1,0
2016-02-06 04:00:00,889.851,24.109002685546898,0.01533015,0.00029742718,17.964535528177844,21.210565185546898,0.013861491,0.0013065338,9.590043770190007,21.304315185546898,0.013888194,0.042297363,7.594401013760895,3,1,0
2016-02-06 05:00:00,893.9458999999999,23.993188476562523,0.015356589,0.0005097389,18.32185229736462,21.001000976562523,0.013617087,0.0007138252,9.591927806261229,21.227563476562523,0.013964225,0.039413452,7.4966336286582065,3,1,0
2016-02-06 06:00:00,887.3986,24.051049804687523,0.015356169,0.00064754486,18.991489552297868,20.918237304687523,0.013433562,0.00039827824,9.897083823985437,21.183862304687523,0.013948546,0.028747559,7.5433786725906655,3,1,0
2016-02-06 07:00:00,884.1354,25.216943359375023,0.01542829,0.003156662,23.070099143421658,22.865380859375023,0.013669714,0.00026082993,13.526622918817935,21.732568359375023,0.01391767,0.016540527,8.118986384450258,3,1,0
2016-02-06 08:00:00,988.8806,26.535302734375023,0.015164889,0.0051555634,28.751827578631037,25.332177734375023,0.014024295,0.00020891428,16.915223545601055,23.168115234375023,0.013597049,0.0099105835,8.83274037608202,3,1,0
2016-02-06 09:00:00,1065.6641,27.610559082031276,0.015168481,0.002691269,30.15228900475986,27.344934082031276,0.014081292,0.000184834,19.581543979574835,24.805871582031276,0.013322167,0.011432648,8.673942835701457,3,1,0
2016-02-06 10:00:00,1140.9639,28.561364746093773,0.0152481785,0.004272461,29.590357142823464,28.764489746093773,0.014176249,0.00017470121,19.6768899981679,26.295739746093773,0.013077616,0.013450623,8.138267909790953,3,1,0
2016-02-06 11:00:00,1147.0068,29.285974121093773,0.015312686,0.00086307526,28.582255245893496,29.895349121093773,0.014248385,0.00021076202,19.3451130218241,27.489099121093773,0.012905612,0.007425308,7.723868929825078,3,1,0
2016-02-06 12:00:00,1120.7833,29.780603027343773,0.015358161,0.0026426315,27.6712626096834,30.686853027343773,0.014385413,0.00041627884,18.82229772375208,28.218103027343773,0.012970161,0.008605957,7.256434806422057,3,1,0
2016-02-06 13:00:00,1122.4919,30.015893554687523,0.015323847,0.0009381771,27.104700864609462,31.094018554687523,0.014492243,0.0015997887,18.26292237844945,28.453393554687523,0.013290613,0.007961273,6.676180668684967,3,1,0
2016-02-06 14:00:00,1119.3295,29.9614196777344,0.01525944,7.3850155e-05,26.92218890378518,31.0082946777344,0.014603312,0.0018110275,17.83672360907253,28.3364196777344,0.013493235,0.013999939,6.315845507925323,3,1,0
2016-02-06 15:00:00,1099.7798,29.555139160156276,0.015175706,8.234382e-05,27.26768700789897,30.445764160156276,0.01461876,0.0013599396,17.492052158992387,27.852014160156276,0.0136040505,0.01865387,6.151265363079096,3,1,0
2016-02-06 16:00:00,1092.288,28.722100830078148,0.015083905,0.0001604557,27.813183684100384,29.300225830078148,0.01458418,0.0009794235,17.12064689162746,27.018975830078148,0.013729688,0.021728516,6.237605272524676,3,1,0
2016-02-06 17:00:00,1065.1273,27.545098876953148,0.015014777,0.0007162094,27.683646586569445,27.576348876953148,0.014534125,0.0010962486,15.463193515530046,25.873223876953148,0.013786444,0.020889282,6.464705767032006,3,1,0
2016-02-06 18:00:00,1087.5328000000002,26.419732666015648,0.015060736,0.0043029785,26.17802930206261,25.310357666015648,0.014683081,0.0041160583,11.814806380588344,24.435357666015648,0.013798071,0.009628296,6.754566479034916,3,1,0
2016-02-06 19:00:00,1139.4228,25.922479248046898,0.015065474,0.007472992,25.00051384969964,24.211541748046898,0.0148632955,0.005739212,10.80850133086392,23.406854248046898,0.014058394,0.006778717,6.905530106666479,3,1,0
2016-02-06 20:00:00,1114.6816,25.725549316406276,0.015035731,0.0060634613,24.14140035921096,23.733361816406276,0.014963252,0.005815506,10.6595987824877,22.748986816406276,0.014261347,0.005830765,6.958480567821121,3,1,0
2016-02-06 21:00:00,1067.3531,25.576104736328148,0.0149988625,0.0052928925,24.038751711815337,23.521417236328148,0.01497216,0.007173538,11.1940856576559,22.310479736328148,0.014327476,0.0061187744,7.232489572115995,3,1,0
2016-02-06 22:00:00,1026.6643,25.413110351562523,0.0150083145,0.0063152313,24.630855134530005,23.405297851562523,0.01493965,0.004983902,12.253959439386875,21.999047851562523,0.01430641,0.013389587,7.555575024012497,3,1,0
2016-02-06 23:00:00,988.5663,25.258325195312523,0.015063638,0.009742737,25.446033520929,23.273950195312523,0.014815683,0.003118515,12.835964294517073,21.758325195312523,0.014327401,0.022476196,7.648119167915772,3,1,0
2016-02-07 00:00:00,949.1672,25.108972167968773,0.015144711,0.013519287,25.466408071486576,23.132409667968773,0.014637357,0.0026302338,13.036731525423342,21.523034667968773,0.014431363,0.030097961,7.6966112879229405,4,1,0
2016-02-07 01:00:00,892.4066,24.981378173828148,0.015244555,0.017333984,24.942742708418404,22.989190673828148,0.014447283,0.0025177002,12.989694889000518,21.348565673828148,0.014523577,0.036026,7.771906320027927,4,1,0
2016-02-07 02:00:00,865.1618,24.873956298828148,0.015362008,0.01953125,23.91937725519557,22.850518798828148,0.0143167805,0.003019333,12.612679886078588,21.217706298828148,0.014534218,0.04171753,7.86642560373991,4,1,0
2016-02-07 03:00:00,842.0451999999999,24.786737060546898,0.015490325,0.020126343,23.50654349921046,22.747674560546898,0.014246734,0.004711151,12.26591788439132,21.122674560546898,0.014448913,0.041610718,7.96397046175757,4,1,0
2016-02-07 04:00:00,825.9464,24.736199951171898,0.015600575,0.02079773,22.79467920156684,22.634637451171898,0.014223469,0.0044231415,11.635026134925544,21.017449951171898,0.014364613,0.041748047,7.867505327337477,4,1,0
2016-02-07 05:00:00,816.4592,24.663598632812523,0.015707841,0.02217102,21.63819978795548,22.476098632812523,0.014246812,0.002407074,11.156738311595284,20.929223632812523,0.014304033,0.04298401,7.676792037454716,4,1,0
2016-02-07 06:00:00,808.9001999999999,24.680566406250023,0.015730562,0.023017883,22.196260869390397,22.477441406250023,0.014345827,0.001897335,11.237301976853436,20.914941406250023,0.014273347,0.043411255,7.484009702683341,4,1,0
2016-02-07 07:00:00,814.0682,25.431787109375023,0.015684394,0.023025513,25.276092958448714,24.017724609375023,0.014639167,0.0019893646,14.084838556211462,21.525537109375023,0.014318733,0.040878296,7.706727930549242,4,1,0
2016-02-07 08:00:00,853.9602,26.511041259765648,0.015360238,0.024917603,29.075516994140663,25.964166259765648,0.0148376245,0.0017094612,17.0969069243356,22.987603759765648,0.01407087,0.031845093,8.278431732266734,4,1,0
2016-02-07 09:00:00,900.9448,27.555291748046898,0.015189804,0.02256012,29.994064781538707,27.672479248046898,0.014758743,0.0019731522,18.59214141709192,24.734979248046898,0.013774551,0.029388428,8.166617535294122,4,1,0
2016-02-07 10:00:00,938.4416,28.527215576171898,0.015113124,0.019180298,30.191499759283964,29.074090576171898,0.014651545,0.0026216507,19.16501493728577,26.222528076171898,0.013499507,0.030296326,7.732632971433368,4,1,0
2016-02-07 11:00:00,964.5556,29.298974609375023,0.015059449,0.017745972,30.265783467899546,30.111474609375023,0.0145711675,0.0038986206,19.61090688270706,27.345849609375023,0.013358094,0.030677795,7.483477497482188,4,1,0
2016-02-07 12:00:00,958.4082,29.763635253906276,0.015021021,0.013988495,30.546459436111924,30.732385253906276,0.014559442,0.0048274994,20.01477393170129,27.888635253906276,0.01333111,0.032730103,7.586626704579492,4,1,0
2016-02-07 13:00:00,943.9057,29.901422119140648,0.014962996,0.022766113,31.30612403507674,30.854547119140648,0.014566268,0.005838394,20.708743031962783,27.932672119140648,0.0133226765,0.032287598,7.959054332514632,4,1,0
2016-02-07 14:00:00,945.3462,29.730493164062523,0.014832557,0.021080017,32.300742126064705,30.402368164062523,0.014409126,0.006635666,21.537667936355568,27.527368164062523,0.013196052,0.027183533,8.675150722106766,4,1,0
2016-02-07 15:00:00,941.5877,29.298181152343773,0.014702318,0.02433014,33.097144611662685,29.501306152343773,0.014099596,0.007976532,22.236255589061532,26.798181152343773,0.012978075,0.020812988,9.54493255783242,4,1,0
2016-02-07 16:00:00,928.4106,28.529992675781276,0.014667763,0.025802612,33.22697070199524,28.248742675781276,0.013786568,0.010402679,22.152677049599838,25.694055175781276,0.013004555,0.027870178,10.187299787742187,4,1,0
2016-02-07 17:00:00,917.9815,27.544641113281276,0.014739832,0.019378662,32.052940083829725,26.747766113281276,0.013606867,0.012199402,20.503159963318957,24.263391113281276,0.013301691,0.023925781,10.288901666240111,4,1,0
2016-02-07 18:00:00,956.278,26.577813720703148,0.015040878,0.0131073,28.92255779431056,25.171563720703148,0.013602737,0.0111198425,17.681436716107182,22.757501220703148,0.013801102,0.03668213,9.782480676028952,4,1,0
2016-02-07 19:00:00,1008.602,26.035913085937523,0.015506526,0.011577606,26.2497732621346,24.434350585937523,0.013690731,0.007375717,16.975777690528414,22.074975585937523,0.014083644,0.044326782,9.54786308706922,4,1,0
2016-02-07 20:00:00,1005.123,25.7292419433594,0.015912224,0.017539978,25.02479365032229,23.9792419433594,0.013829398,0.0030736923,16.7426479681778,22.0573669433594,0.014043021,0.039901733,9.44468386846506,4,1,0
2016-02-07 21:00:00,983.6745,25.530603027343773,0.016257698,0.017280579,24.857166336123647,23.710290527343773,0.013991767,0.0013699532,16.93879931882072,22.077478027343773,0.013915473,0.035980225,9.472215969149508,4,1,0
2016-02-07 22:00:00,947.3021,25.4235778808594,0.016602641,0.016738892,25.63334259443112,23.6032653808594,0.01409257,0.0015554428,17.27934229552779,22.0485778808594,0.013768321,0.045303345,9.667744706210842,4,1,0
2016-02-07 23:00:00,936.8565,25.3735290527344,0.016872056,0.024017334,27.011327274820484,23.5610290527344,0.014136918,0.009140015,17.518130431037104,21.9204040527344,0.013599046,0.05076599,9.83543140421316,4,1,0
2016-02-08 00:00:00,893.9207,25.311212158203148,0.016972845,0.03694153,28.23490518144994,23.514337158203148,0.014138525,0.011917114,17.74182300752578,21.748712158203148,0.013512915,0.050827026,9.92271345882084,5,1,0
2016-02-08 01:00:00,877.6384,25.2123962402344,0.017010937,0.0499115,29.06646803808444,23.5014587402344,0.014180431,0.008232117,18.15774945736517,21.6108337402344,0.013470897,0.053848267,9.971664547948428,5,1,0
2016-02-08 02:00:00,853.2361999999999,25.108728027343773,0.017031416,0.049331665,29.57886340203508,23.460290527343773,0.014105544,0.0034503937,18.31104093083469,21.546228027343773,0.013499008,0.055725098,10.018293611884255,5,1,0
2016-02-08 03:00:00,843.3054999999999,25.022027587890648,0.017067777,0.045944214,29.756676989197786,23.436090087890648,0.014042722,0.015041351,18.10316672258592,21.529840087890648,0.013665067,0.047470093,9.960644492473584,5,1,0
2016-02-08 04:00:00,830.5869,24.974572753906276,0.01715759,0.047836304,28.0545623822398,23.388635253906276,0.014132535,0.018447876,16.605861823814536,21.521447753906276,0.013712918,0.04246521,9.776257180934504,5,1,0
2016-02-08 05:00:00,833.3607000000001,24.962182617187523,0.01724116,0.05206299,26.03319339234288,23.251245117187523,0.014486948,0.018623352,14.69874193685865,21.509057617187523,0.0135866795,0.043441772,9.262971725498137,5,1,0
2016-02-08 06:00:00,839.1569,25.002465820312523,0.01729474,0.06283569,23.987677958644856,23.330590820312523,0.014880038,0.029777527,13.659541892640355,21.455590820312523,0.013522006,0.03768921,8.549258752112449,5,1,0
2016-02-08 07:00:00,844.4336000000001,25.857995605468773,0.017287472,0.06665039,24.501091570768427,24.537683105468773,0.015238981,0.037109375,14.850277152509566,21.943933105468773,0.013644437,0.03538513,8.351056946885643,5,1,0
2016-02-08 08:00:00,914.2273,27.0771423339844,0.01684538,0.06564331,26.81816547852945,26.2958923339844,0.015411055,0.03439331,16.785930218730968,23.2958923339844,0.013572371,0.029548645,8.805235666373777,5,1,0
2016-02-08 09:00:00,973.1566,28.160455322265648,0.016472211,0.05822754,27.333553679283657,28.097955322265648,0.015285841,0.023849487,18.53952902186404,24.957330322265648,0.013534895,0.025817871,8.089673135045986,5,1,0
2016-02-08 10:00:00,1018.823,29.054986572265648,0.016319595,0.040222168,27.227453200100665,29.633111572265648,0.01520189,0.02381134,19.10127161396612,26.500299072265648,0.013321244,0.02999878,7.361553795832809,5,1,0
2016-02-08 11:00:00,1040.4528,29.782922363281276,0.016281156,0.022521973,27.281623306079933,30.751672363281276,0.015174894,0.030677795,19.01372340853956,27.689172363281276,0.0131607335,0.037597656,6.785100919665917,5,1,0
2016-02-08 12:00:00,1031.6828,30.257165527343773,0.016281025,0.0102005005,26.88704491393767,31.460290527343773,0.015270131,0.038330078,18.364648486314103,28.475915527343773,0.013309376,0.052841187,6.0827686228861175,5,1,0
2016-02-08 13:00:00,1059.6026000000002,30.460015869140648,0.016264914,0.0053863525,26.258617098465564,31.756890869140648,0.015475271,0.039474487,17.445447328954458,28.717828369140648,0.013934134,0.07281494,5.354754198347412,5,1,0
2016-02-08 14:00:00,1052.8807,30.393426513671898,0.016180413,0.004333496,25.606618395244,31.690301513671898,0.015634911,0.039031982,16.67046727194356,28.557489013671898,0.014181512,0.0899353,5.163589104034395,5,1,0
2016-02-08 15:00:00,1051.5615,30.041894531250023,0.016073387,0.003712654,25.38321762142078,31.245019531250023,0.015684288,0.040039062,16.22713943741438,28.088769531250023,0.014314811,0.09069824,5.230900611284749,5,1,0
2016-02-08 16:00:00,1021.9775,29.273126220703148,0.01605837,0.0038871765,25.960357680479625,30.257501220703148,0.01561968,0.034576416,16.050280901866127,27.304376220703148,0.014563009,0.08148193,5.542073667490236,5,1,0
2016-02-08 17:00:00,991.0504,28.081872558593773,0.016142877,0.008575439,26.589461867850485,28.628747558593773,0.015631707,0.028160095,14.858150950175569,26.206872558593773,0.014784844,0.084503174,5.771279382463582,5,1,0
2016-02-08 18:00:00,1017.1251,26.916864013671898,0.016363993,0.016540527,26.303184507941037,26.604364013671898,0.01589097,0.03086853,12.407809124273482,24.846551513671898,0.014819042,0.09573364,5.902379189870233,5,1,0
2016-02-08 19:00:00,1059.2892,26.326013183593773,0.016646264,0.011875153,25.41096084669653,25.669763183593773,0.016287683,0.045059204,12.880677642766518,23.880700683593773,0.015032646,0.10647583,6.220704970810166,5,1,0
2016-02-08 20:00:00,1030.1421,26.0585876464844,0.016831418,0.0070171356,24.756086676101464,25.3632751464844,0.016625425,0.0670166,13.333868382844694,23.2929626464844,0.015347502,0.11242676,6.154567734191491,5,1,0
2016-02-08 21:00:00,1015.181,25.877557373046898,0.016917858,0.0049209595,24.439200907878003,25.275994873046898,0.016803417,0.08578491,13.890251281310896,22.940057373046898,0.01575819,0.10946655,5.931262605772299,5,1,0
2016-02-08 22:00:00,964.4774,25.726464843750023,0.016905576,0.0070533752,24.49621505461513,25.195214843750023,0.016821653,0.08117676,14.192177092504169,22.804589843750023,0.016150266,0.11251831,5.685586313093208,5,1,0
2016-02-08 23:00:00,931.3315,25.599420166015648,0.016847307,0.00667572,24.656855424185373,25.029107666015648,0.016702348,0.072387695,14.23953249710411,22.685357666015648,0.016282732,0.12628174,5.677766755664243,5,1,0
2016-02-09 00:00:00,897.3577,25.482507324218773,0.016792158,0.00507164,24.91574804681613,24.826257324218773,0.016555646,0.057739258,14.274941519435403,22.560632324218773,0.016227582,0.14068604,5.936355853218373,6,1,0
2016-02-09 01:00:00,859.7982000000001,25.371545410156276,0.016759621,0.006965637,25.33233012304416,24.637170410156276,0.016462075,0.049591064,14.496335986001531,22.559045410156276,0.016126381,0.14105225,6.289904107119425,6,1,0
2016-02-09 02:00:00,847.1358,25.292321777343773,0.016750911,0.0060749054,25.872687991136885,24.526696777343773,0.016354183,0.054260254,14.818394823133756,22.534509277343773,0.016041378,0.12036133,6.072240838668655,6,1,0
2016-02-09 03:00:00,841.2453,25.269219970703148,0.0167647,0.00422287,26.4293894432462,24.464532470703148,0.016306937,0.049621582,14.551855193169986,22.472344970703148,0.015925467,0.11077881,5.851935491961202,6,1,0
2016-02-09 04:00:00,825.1738,25.280816650390648,0.016817559,0.0029344559,26.49905276350989,24.390191650390648,0.01629876,0.040008545,13.68771335383268,22.468316650390648,0.015879143,0.1053772,5.714367537457616,6,1,0
2016-02-09 05:00:00,820.9154,25.292810058593773,0.01693237,0.0023431778,25.922519523237263,24.324060058593773,0.016360166,0.033996582,12.670819738736816,22.488122558593773,0.015848996,0.10333252,5.687897462475931,6,1,0
2016-02-09 06:00:00,817.6138,25.3351989746094,0.017076721,0.004594803,24.187526571569705,24.3898864746094,0.016351929,0.04988098,12.257863699403112,22.5617614746094,0.015871277,0.09194946,5.589683996832759,6,1,0
2016-02-09 07:00:00,823.7902,26.143640136718773,0.01724286,0.014961243,23.816811671348383,25.628015136718773,0.016518068,0.043762207,13.890341596254734,23.128015136718773,0.016014528,0.10498047,5.7274858932954125,6,1,0
2016-02-09 08:00:00,869.1583,27.258142089843773,0.017058792,0.04849243,26.14910814795781,27.367517089843773,0.016509475,0.04916382,16.37918557290741,24.437829589843773,0.015960159,0.10736084,5.991466968092918,6,1,0
2016-02-09 09:00:00,888.4868,28.342919921875023,0.016814562,0.062210083,27.630638631094097,29.014794921875023,0.016257616,0.037963867,18.302498393627317,26.202294921875023,0.01570067,0.09561157,6.290214322779588,6,1,0
2016-02-09 10:00:00,896.5647,29.2997985839844,0.016693076,0.05647278,28.31441422414466,30.4560485839844,0.016082725,0.022529602,19.302348168977414,27.7685485839844,0.015365561,0.08630371,6.582219918011876,6,1,0
2016-02-09 11:00:00,933.7181,29.965173339843773,0.016593553,0.037200928,28.90977765636784,31.543298339843773,0.01599846,0.015792847,19.936945402748822,28.840173339843773,0.015384294,0.070892334,6.41847681283206,6,1,0
2016-02-09 12:00:00,932.8641,30.411035156250023,0.016425455,0.021560669,29.2381695576524,32.20791015625002,0.015929544,0.015068054,20.058063770992725,29.364160156250023,0.015353525,0.06604004,6.384731924692148,6,1,0
2016-02-09 13:00:00,935.3668,30.551629638671898,0.016326116,0.018600464,29.887470960423475,32.4422546386719,0.015975164,0.021499634,19.690583463890487,29.426629638671898,0.015170263,0.06561279,6.658623216960604,6,1,0
2016-02-09 14:00:00,936.7552,30.308953857421898,0.01624213,0.015777588,30.67497224316822,32.2933288574219,0.01599799,0.03843689,19.38447147525565,29.090203857421898,0.014968022,0.065979004,6.983234884923163,6,1,0
2016-02-09 15:00:00,931.9403,29.779504394531276,0.016142888,0.010082245,31.3929824470984,31.654504394531276,0.015929265,0.048309326,19.26907808641329,28.482629394531276,0.014807744,0.07223511,7.378467750585859,6,1,0
2016-02-09 16:00:00,926.1395,28.9416442871094,0.01602863,0.016273499,31.66896855497409,30.4416442871094,0.0158913,0.038894653,19.055454176227464,27.5510192871094,0.014788853,0.07546997,7.931117539618619,6,1,0
2016-02-09 17:00:00,914.0384,27.889855957031276,0.015983107,0.02519226,30.59101250999579,28.905480957031276,0.015990736,0.031906128,17.731614331175567,26.186730957031276,0.01511717,0.0826416,8.219378624144348,6,1,0
2016-02-09 18:00:00,950.8138,27.003045654296898,0.016097842,0.03073883,28.84177096999328,27.128045654296898,0.016280947,0.035751343,15.433949312532937,24.581170654296898,0.015708743,0.119384766,7.753767724478913,6,1,0
2016-02-09 19:00:00,1034.4694,26.565118408203148,0.016364865,0.027503967,27.273602443732823,26.182305908203148,0.016654782,0.063446045,15.70829482879102,23.768243408203148,0.016021542,0.14196777,7.818046922427264,6,1,0
2016-02-09 20:00:00,1032.1294,26.345605468750023,0.016594749,0.023139954,26.288103274662035,25.806542968750023,0.016785484,0.079711914,16.8212608683091,23.400292968750023,0.016106468,0.15374756,8.40441168328798,6,1,0
2016-02-09 21:00:00,1022.2021,26.158624267578148,0.016788652,0.015830994,25.807420346603596,25.611749267578148,0.01681917,0.07788086,17.537602902448352,23.197686767578148,0.015995195,0.15429688,8.946502722570749,6,1,0
2016-02-09 22:00:00,979.0459,25.940454101562523,0.01703481,0.015350342,25.249634825832445,25.456079101562523,0.016760152,0.07299805,18.18586224605048,23.088891601562523,0.0158904,0.14910889,9.139492154860404,6,1,0
2016-02-09 23:00:00,949.8981,25.774774169921898,0.017233951,0.021156311,25.48419891876631,25.282586669921898,0.016669376,0.070892334,18.31334247408818,23.009149169921898,0.015791995,0.15002441,8.996474071286595,6,1,0
2016-02-10 00:00:00,926.0135,25.645104980468773,0.017385596,0.028961182,25.3576199427343,25.113854980468773,0.016630286,0.06338501,17.945651670513236,22.934167480468773,0.015730018,0.14434814,8.707653480773988,7,1,0
2016-02-10 01:00:00,907.1935,25.525476074218773,0.017528797,0.030769348,24.938994316130717,24.994226074218773,0.016628528,0.062194824,17.446439870648575,22.877038574218773,0.015735889,0.13214111,8.278825872350923,7,1,0
2016-02-10 02:00:00,889.5807,25.461206054687523,0.01756591,0.03718567,25.330874190518166,24.859643554687523,0.016619865,0.06436157,17.02722986885524,22.828393554687523,0.01578826,0.12756348,7.918312982002987,7,1,0
2016-02-10 03:00:00,863.2652999999999,25.429101562500023,0.017527195,0.04309082,25.54687973050415,24.725976562500023,0.01658878,0.0592041,16.495405410543967,22.804101562500023,0.015841099,0.12945557,7.67032396351029,7,1,0
2016-02-10 04:00:00,864.2574,25.448815917968773,0.017518867,0.034561157,25.07946736331414,24.675378417968773,0.016580451,0.06259155,16.002568916085394,22.823815917968773,0.015893806,0.13867188,7.541839580204557,7,1,0
2016-02-10 05:00:00,860.6162,25.4760681152344,0.017540645,0.03756714,24.2778707831973,24.6870056152344,0.016625118,0.06604004,15.823301280179187,22.8901306152344,0.015976619,0.1472168,7.568426607564278,7,1,0
2016-02-10 06:00:00,890.5981,25.532678222656276,0.017562497,0.025001526,24.177139973330988,24.751428222656276,0.01663934,0.0715332,15.985462985333545,22.938928222656276,0.015990842,0.15338135,7.832199450734384,7,1,0
2016-02-10 07:00:00,925.6465,26.327294921875023,0.017485319,0.017112732,27.512124025305443,25.811669921875023,0.016791044,0.07022095,18.21041422088447,23.350732421875023,0.01608151,0.14575195,8.386718891003433,7,1,0
2016-02-10 08:00:00,1031.4292,27.5436950683594,0.016889555,0.018600464,33.622906696719845,27.5749450683594,0.01683615,0.066589355,21.124498682337485,24.3952575683594,0.016126616,0.13873291,9.018837288733478,7,1,0
2016-02-10 09:00:00,1112.5267,28.697564697265648,0.016286347,0.023605347,36.91982097941895,29.322564697265648,0.016690705,0.057876587,23.307695471944253,25.939752197265648,0.015920136,0.13934326,9.35927816248552,7,1,0
2016-02-10 10:00:00,1193.0095,29.558221435546898,0.016095482,0.01915741,37.635424901540986,30.776971435546898,0.01662954,0.053955078,23.905466209577792,27.323846435546898,0.015675865,0.12094116,9.105288894821202,7,1,0
2016-02-10 11:00:00,1235.2295,30.097802734375023,0.016049774,0.015899658,37.53383595574444,31.785302734375023,0.016560944,0.050582886,23.72190887283924,28.207177734375023,0.01573697,0.10946655,8.20733291906751,7,1,0
2016-02-10 12:00:00,1280.9554,30.444360351562523,0.016049884,0.0058193207,36.335113541507184,32.38186035156252,0.01649239,0.047927856,22.915315156051683,28.803735351562523,0.015767597,0.09851074,7.583491606126135,7,1,0
2016-02-10 13:00:00,1319.8886,30.528985595703148,0.016034678,0.0153541565,34.6575440752533,32.51336059570315,0.016454294,0.050231934,22.01114815975184,28.950860595703148,0.01575239,0.09579468,7.217554150897836,7,1,0
2016-02-10 14:00:00,1329.2469,30.311730957031276,0.016034184,0.024887085,33.49788450934719,32.23360595703127,0.016308842,0.048858643,21.467376968921503,28.717980957031276,0.015744267,0.09890747,7.046132589339541,7,1,0
2016-02-10 15:00:00,1298.4833,29.857751464843773,0.01598796,0.022987366,33.07609413049987,31.560876464843773,0.016079513,0.040130615,21.346703618383184,28.170251464843773,0.015728561,0.10614014,7.183205663456645,7,1,0
2016-02-10 16:00:00,1234.2008,29.084832763671898,0.01595705,0.019340515,33.194518590471006,30.459832763671898,0.015865497,0.031341553,21.214432507291946,27.194207763671898,0.01582735,0.11303711,7.62097333804158,7,1,0
2016-02-10 17:00:00,1143.4515,28.007470703125023,0.016025087,0.025390625,32.59531734980909,28.866845703125023,0.015872499,0.039245605,19.528660508027503,25.851220703125023,0.016009828,0.121520996,7.929308844484538,7,1,0
2016-02-10 18:00:00,1197.5231,26.990808105468773,0.016367825,0.020744324,30.68015338168044,27.100183105468773,0.016261013,0.07519531,16.550363201293397,24.350183105468773,0.016268643,0.15124512,7.807463083317351,7,1,0
2016-02-10 19:00:00,1211.9021,26.416284179687523,0.016848072,0.015953064,28.912310196665423,26.150659179687523,0.016680226,0.0869751,16.032224476961627,23.658471679687523,0.016329274,0.15545654,7.884453554249724,7,1,0
2016-02-10 20:00:00,1181.4885,26.131799316406276,0.017244622,0.015922546,27.30382311534169,25.748986816406276,0.01688604,0.09320068,16.225085101029347,23.600549316406276,0.016283318,0.1574707,8.021071982528357,7,1,0
2016-02-10 21:00:00,1149.0989,25.9628845214844,0.01748867,0.021560669,26.602605912906764,25.5253845214844,0.016946983,0.0887146,16.42213126435396,23.6191345214844,0.016191673,0.16656494,8.110716025544322,7,1,0
2016-02-10 22:00:00,1118.7521000000002,25.8273864746094,0.017625969,0.036514282,27.03106519761612,25.3664489746094,0.016916435,0.070373535,16.916454696955867,23.6633239746094,0.016122978,0.16400146,8.230399120382081,7,1,0
2016-02-10 23:00:00,1060.6391,25.724755859375023,0.017671824,0.046447754,28.366811944549937,25.287255859375023,0.016817331,0.06619263,17.765427496222408,23.693505859375023,0.016031504,0.15368652,8.539888044065671,7,1,0
2016-02-11 00:00:00,1004.4951,25.648522949218773,0.017672163,0.057128906,29.333483440130696,25.234460449218773,0.016642194,0.06854248,18.699158267084133,23.664147949218773,0.016001325,0.1494751,8.783230604214019,0,0,0
2016-02-11 01:00:00,971.7803,25.550744628906276,0.01768072,0.052108765,29.6710169085046,25.144494628906276,0.016444758,0.06436157,19.095462096227397,23.621057128906276,0.015956476,0.14367676,9.112237205954584,0,0,0
2016-02-11 02:00:00,931.5914,25.493066406250023,0.01764413,0.05479431,30.2826134077739,25.102441406250023,0.016400538,0.059143066,19.411299232736383,23.563378906250023,0.01586648,0.1395874,9.41758902924625,0,0,0
2016-02-11 03:00:00,903.1617,25.4677673339844,0.017545592,0.050247192,30.94738371950093,25.1396423339844,0.016485106,0.055358887,19.573093716110108,23.4599548339844,0.01568402,0.1449585,9.696424210569248,0,0,0
2016-02-11 04:00:00,899.6183,25.459436035156276,0.017362693,0.03579712,30.46177870969132,25.209436035156276,0.016546348,0.05529785,19.226398678065785,23.365686035156276,0.015569786,0.14361572,9.596445021442085,0,0,0
2016-02-11 05:00:00,912.7611,25.432489013671898,0.017110568,0.018745422,29.56172813391788,25.237176513671898,0.016599398,0.059158325,18.658376773013,23.323114013671898,0.015565614,0.13696289,9.36432667573947,0,0,0
2016-02-11 06:00:00,956.6027,25.474511718750023,0.016782027,0.018745422,29.279442063315727,25.255761718750023,0.016659956,0.06362915,18.14730754459636,23.287011718750023,0.015504102,0.13647461,9.198646752718512,0,0,0
2016-02-11 07:00:00,1072.2546,26.164910888671898,0.016415013,0.0121536255,31.03550899539938,26.243035888671898,0.01684226,0.05178833,19.202007760929096,23.664910888671898,0.015495672,0.13476562,9.193523055127514,0,0,0
2016-02-11 08:00:00,1199.2241,27.249810791015648,0.01584993,0.017692566,34.70855758637288,27.906060791015648,0.016940933,0.053634644,21.00593674802696,24.796685791015648,0.015426498,0.12634277,9.215346407244688,0,0,0
2016-02-11 09:00:00,1327.2853,28.285821533203148,0.015604967,0.023078918,35.7783178554338,29.582696533203148,0.01671123,0.04927063,22.42521041720365,26.270196533203148,0.015398974,0.11001587,8.80734758109299,0,0,0
2016-02-11 10:00:00,1406.0264000000002,29.142633056640648,0.015574,0.024055481,35.77629484316505,30.986383056640648,0.01659634,0.032455444,23.17071813636941,27.720758056640648,0.015471003,0.095947266,8.357815621932254,0,0,0
2016-02-11 11:00:00,1422.6608,29.792352294921898,0.015711175,0.012493134,35.83179500051573,31.901727294921898,0.01640545,0.025985718,23.59997244364536,28.745477294921898,0.015726434,0.08099365,7.802646745440348,0,0,0
2016-02-11 12:00:00,1417.99,30.173364257812523,0.01580268,0.016822815,35.74984835932656,32.40773925781252,0.016214667,0.02267456,23.598245174015982,29.267114257812523,0.015772162,0.06958008,7.828262799357885,0,0,0
2016-02-11 13:00:00,1437.4686,30.255639648437523,0.015848525,0.024780273,35.67637681021838,32.55251464843752,0.016008742,0.02254486,23.255776200956703,29.458764648437523,0.01565779,0.064453125,7.976893859616224,0,0,0
2016-02-11 14:00:00,1435.4734,30.0246520996094,0.015932478,0.03353882,35.45412556432961,32.3059020996094,0.015749373,0.025779724,22.70951270201732,29.1965270996094,0.015497603,0.069885254,8.069940102507369,0,0,0
2016-02-11 15:00:00,1406.0262,29.494958496093773,0.015993398,0.037490845,34.75964272617272,31.526208496093773,0.015489859,0.027114868,22.080154788262533,28.526208496093773,0.015322012,0.07446289,8.251759039877332,0,0,0
2016-02-11 16:00:00,1334.9584,28.719171142578148,0.01599327,0.025856018,33.30742682040275,30.312921142578148,0.015272292,0.02684021,20.95524252618076,27.469171142578148,0.015192184,0.076049805,8.318602088169259,0,0,0
2016-02-11 17:00:00,1202.3906,27.724725341796898,0.015970321,0.01915741,30.752647501786587,28.724725341796898,0.015279861,0.029060364,18.547839780811888,26.130975341796898,0.01516542,0.07659912,7.953612661943043,0,0,0
2016-02-11 18:00:00,1198.2898,26.8325134277344,0.01604668,0.017112732,27.368201979930248,27.0043884277344,0.0155927325,0.02773285,14.94753376192758,24.6293884277344,0.015413442,0.09524536,7.033658669466727,0,0,0
2016-02-11 19:00:00,1238.0466,26.361047363281276,0.016268093,0.010204315,24.42239682743844,26.048547363281276,0.016100246,0.03173828,13.896354449717649,23.743859863281276,0.015749294,0.1156311,6.584221271880227,0,0,0
2016-02-11 20:00:00,1197.5121,26.041040039062523,0.01657341,0.010723114,21.563093317244704,25.572290039062523,0.01644371,0.031311035,13.996643154424037,23.298852539062523,0.015924912,0.11935425,6.6748855581009865,0,0,0
2016-02-11 21:00:00,1171.8975,25.841455078125023,0.01682533,0.013805389,20.28782112586653,25.255517578125023,0.016649853,0.018875122,13.943591904096602,23.052392578125023,0.016024243,0.115356445,6.93305361562521,0,0,0
2016-02-11 22:00:00,1127.2109,25.7058044433594,0.016985718,0.019454956,20.70040243006405,25.0964294433594,0.016772095,0.011943817,14.27219442131635,22.9323669433594,0.016062561,0.11218262,7.192916127121475,0,0,0
2016-02-11 23:00:00,1073.6129,25.5856872558594,0.017069807,0.022773743,21.959121706549357,24.9919372558594,0.016810408,0.011451721,14.293408903614894,22.9059997558594,0.016070357,0.11621094,7.403623291868677,0,0,0
2016-02-12 00:00:00,1043.0428,25.455957031250023,0.017100662,0.021385193,23.49135679338553,24.885644531250023,0.016787857,0.022598267,14.578234179906676,22.901269531250023,0.016055435,0.112701416,7.542852704554652,0,0,0
2016-02-12 01:00:00,1023.4501,25.3366638183594,0.017108822,0.018875122,24.33407644870313,24.7585388183594,0.01675024,0.027915955,14.73383547817571,22.8835388183594,0.016033078,0.11331177,7.590184709917411,0,0,0
2016-02-12 02:00:00,984.6779,25.254174804687523,0.017055986,0.016044617,25.21872669318161,24.636987304687523,0.016674517,0.03387451,14.899117544783694,22.840112304687523,0.0159955,0.11437988,7.544943251652349,0,0,0
2016-02-12 03:00:00,970.7747,25.215478515625023,0.016911583,0.01121521,26.072876194368643,24.520166015625023,0.01657589,0.03451538,15.161415588395531,22.770166015625023,0.015965538,0.12265015,7.460899679837063,0,0,0
2016-02-12 04:00:00,945.8269,25.193444824218773,0.016759578,0.008029938,25.80214980284089,24.427819824218773,0.016576473,0.023880005,14.839974088003562,22.732507324218773,0.015958492,0.12738037,7.3153052011209265,0,0,0
2016-02-12 05:00:00,960.0636,25.187585449218773,0.016607553,0.010169983,25.273983391032672,24.398522949218773,0.016569406,0.029403687,14.372092574949209,22.695397949218773,0.015951425,0.12149048,7.197086102217476,0,0,0
2016-02-12 06:00:00,991.7851,25.222680664062523,0.01645542,0.010089874,24.48350915328488,24.425805664062523,0.016279943,0.029754639,14.430395757438832,22.652368164062523,0.015913732,0.10925293,7.260246134597403,0,0,0
2016-02-12 07:00:00,1106.8121,25.941033935546898,0.016264562,0.0058021545,26.8616517768666,25.566033935546898,0.016249303,0.019958496,16.588124791375254,23.097283935546898,0.015959386,0.087677,7.761663242519815,0,0,0
2016-02-12 08:00:00,1262.7592,27.014367675781276,0.015905758,0.0089149475,31.052426450706918,27.420617675781276,0.016073605,0.011569977,19.355067099768046,24.264367675781276,0.01575317,0.07397461,8.384297598966018,0,0,0
2016-02-12 09:00:00,1376.8785,28.082635498046898,0.015791183,0.016723633,32.62126291904705,29.254510498046898,0.015661484,0.005174637,20.696306114666747,25.879510498046898,0.015302901,0.056259155,8.56570109208666,0,0,0
2016-02-12 10:00:00,1402.0694999999998,28.976953125000023,0.015806096,0.013206482,32.93279278063176,30.742578125000023,0.015462772,0.0033578873,20.969426204051185,27.289453125000023,0.014932529,0.044418335,8.38381148757557,0,0,0
2016-02-12 11:00:00,1427.233,29.622216796875023,0.015935471,0.005918503,32.5273589396656,31.856591796875023,0.015359451,0.0036640167,20.66140918102401,28.247216796875023,0.014810135,0.04447937,7.965307735381975,0,0,0
2016-02-12 12:00:00,1428.7029,29.992211914062523,0.016041955,0.011230469,31.53631242654797,32.57033691406252,0.015313348,0.0035982132,20.00942112853157,28.757836914062523,0.014840325,0.04408264,7.491000826577784,0,0,0
2016-02-12 13:00:00,1436.0404,30.082666015625023,0.016110372,0.015575409,30.829899352605693,32.83266601562502,0.015301656,0.0025186539,19.38857848600582,28.848291015625023,0.014798116,0.043151855,7.303062993032458,0,0,0
2016-02-12 14:00:00,1427.4775,29.891381835937523,0.016064515,0.014976501,30.29299150748661,32.54763183593752,0.015236726,0.001853466,18.921012750662747,28.563256835937523,0.0147141125,0.04914856,7.299440383363531,0,0,0
2016-02-12 15:00:00,1411.2635,29.3920837402344,0.015957706,0.012989044,29.92040686672413,31.7202087402344,0.01508414,0.00126791,18.619854574485807,27.8764587402344,0.014557712,0.049301147,7.63315500387031,0,0,0
2016-02-12 16:00:00,1344.0865,28.566033935546898,0.015850835,0.01292038,29.77001523971808,30.425408935546898,0.01488953,0.0012836456,18.463723117239866,26.909783935546898,0.014408878,0.04486084,8.345977869812115,0,0,0
2016-02-12 17:00:00,1224.6291,27.497033691406276,0.015743796,0.012260437,29.20730300921784,28.747033691406276,0.014759603,0.0032863617,17.514517729553052,25.606408691406276,0.01448113,0.043640137,8.572134098444156,0,0,0
2016-02-12 18:00:00,1207.8626,26.462854003906276,0.015774028,0.015457153,27.699221845913662,26.790979003906276,0.014969126,0.006860733,14.399018063444682,24.040979003906276,0.0149538675,0.050613403,7.746967066763645,0,0,0
2016-02-12 19:00:00,1235.534,25.982202148437523,0.015850391,0.026260376,26.24142570623218,25.747827148437523,0.015426959,0.011024475,13.725264749943976,23.240014648437523,0.015335406,0.06265259,7.143945069540793,0,0,0
2016-02-12 20:00:00,1196.9875000000002,25.7805114746094,0.015843721,0.028144836,25.65754476311957,25.2648864746094,0.015828462,0.009662628,13.701794277113985,23.0695739746094,0.015302034,0.064208984,7.32487661108047,0,0,0
2016-02-12 21:00:00,1156.3977,25.645227050781276,0.01582263,0.025405884,25.79560179370534,24.988977050781276,0.016059142,0.0064105988,13.767485552825743,23.012414550781276,0.015326719,0.063323975,7.644989886280304,0,0,0
2016-02-12 22:00:00,1119.7231,25.502008056640648,0.015793892,0.025253296,25.22531861481139,24.806695556640648,0.016160103,0.0025310516,13.892785215664423,23.041070556640648,0.015351387,0.057235718,7.720501406500321,0,0,0
2016-02-12 23:00:00,1073.9715,25.350671386718773,0.015787125,0.025764465,24.230933137779463,24.639733886718773,0.016145706,0.0009422302,14.331632347014086,23.006921386718773,0.015291214,0.056411743,7.857701861622301,0,0,0
2016-02-13 00:00:00,1012.0822,25.214471435546898,0.01575626,0.026298523,23.93232068794713,24.464471435546898,0.016046178,0.0013747215,14.63393338188971,22.894158935546898,0.015214574,0.05783081,8.103965932783879,0,0,0
2016-02-13 01:00:00,983.454,25.082452392578148,0.015686035,0.02684021,23.971775204805475,24.269952392578148,0.015861511,0.001645565,14.724050287212128,22.793389892578148,0.015171052,0.06074524,8.32665223917794,0,0,0
2016-02-13 02:00:00,956.0192,24.930261230468773,0.01574639,0.026649475,23.585260941770525,24.164636230468773,0.0155556565,0.0027866364,14.81313255794328,22.711511230468773,0.01513604,0.06100464,8.4259630597996,0,0,0
2016-02-13 03:00:00,932.0566,24.817712402343773,0.015822602,0.02394104,22.60638399682951,24.028649902343773,0.015238954,0.0108680725,14.635711127996752,22.661462402343773,0.015052034,0.06903076,8.368909683584366,0,0,0
2016-02-13 04:00:00,921.7093,24.731652832031276,0.015929647,0.024337769,21.78959644099733,23.833215332031276,0.015078969,0.014450073,14.332383047731604,22.630090332031276,0.01500649,0.072052,8.274784299684121,0,0,0
2016-02-13 05:00:00,920.4427,24.663110351562523,0.016067278,0.028274536,20.66511528509081,23.631860351562523,0.0151250465,0.008018494,13.821355864374794,22.584985351562523,0.014980088,0.07443237,7.979956877168861,0,0,0
2016-02-13 06:00:00,916.3232,24.698144531250023,0.016235758,0.024284363,19.93037486411435,23.534082031250023,0.015259194,0.009971619,13.32466631215665,22.510644531250023,0.014999795,0.07858276,7.52066186203978,0,0,0
2016-02-13 07:00:00,955.0236,25.510705566406276,0.016382571,0.029037476,22.89593852312004,24.987268066406276,0.0155357085,0.01726532,15.515260510730084,23.096643066406276,0.015089389,0.07846069,7.394192262064466,0,0,0
2016-02-13 08:00:00,1095.023,26.6772399902344,0.016087404,0.03996277,27.069329020284165,27.1616149902344,0.015572419,0.010025024,18.744148720789905,24.5522399902344,0.014981141,0.065826416,7.63494401232983,0,0,0
2016-02-13 09:00:00,1196.3444,27.837304687500023,0.015851036,0.030639648,28.709013934287288,29.118554687500023,0.015206352,0.004131317,19.855166899018773,26.274804687500023,0.014840141,0.06460571,7.494051748886595,0,0,0
2016-02-13 10:00:00,1266.5198,28.855187988281276,0.015691034,0.017753601,29.36968864049879,30.714562988281276,0.014886132,0.0025806427,19.952858374478875,27.808312988281276,0.014775506,0.07247925,7.051511456410267,0,0,0
2016-02-13 11:00:00,1281.6808,29.574365234375023,0.015525877,0.015670776,29.844847758769696,31.839990234375023,0.014656126,0.0025291443,19.78512416705197,28.918115234375023,0.015091001,0.07293701,6.300999480392321,0,0,0
2016-02-13 12:00:00,1257.9154,29.988916015625023,0.01542921,0.0033359528,30.06413353556261,32.55141601562502,0.014582347,0.004547119,19.3369691486151,29.551416015625023,0.015352916,0.06135559,5.877465783347772,0,0,0
2016-02-13 13:00:00,1246.4861,30.158410644531276,0.01536345,0.002049446,30.11144613319696,32.84591064453127,0.014493699,0.008453369,18.957104110719246,29.752160644531276,0.015344377,0.06314087,5.9642580715351405,0,0,0
2016-02-13 14:00:00,1233.6283,30.020898437500023,0.015320485,0.0015611649,29.98516936887431,32.55214843750002,0.014458364,0.014362335,18.872228654938898,29.520898437500023,0.0152441915,0.0619812,6.2932439545707055,0,0,0
2016-02-13 15:00:00,1194.7162,29.551568603515648,0.01533892,0.0014338493,29.995185587811683,31.692193603515648,0.01446154,0.019371033,19.04613067499446,28.848443603515648,0.0150223,0.062194824,6.880439199135332,0,0,0
2016-02-13 16:00:00,1164.6306,28.694055175781276,0.015460647,0.011817932,30.36636921652853,30.350305175781276,0.014442123,0.020576477,19.11603564036005,27.787805175781276,0.014697707,0.057998657,7.782378509680979,0,0,0
2016-02-13 17:00:00,1128.6801,27.528955078125023,0.01560208,0.022987366,30.226237276939965,28.622705078125023,0.014522521,0.014797211,18.125032361231888,26.341455078125023,0.014484374,0.05407715,8.594746519814773,0,0,0
2016-02-13 18:00:00,1133.1449,26.5246520996094,0.015907712,0.023086548,29.056907539041763,26.6965270996094,0.01485867,0.0073947906,14.797399684219885,24.6496520996094,0.01466412,0.055130005,8.634722475894508,0,0,0
2016-02-13 19:00:00,1197.2359,26.044000244140648,0.016335836,0.020111084,27.365403691775995,25.715875244140648,0.015378347,0.007896423,14.084924990908249,23.567437744140648,0.015019765,0.07171631,8.17066420620482,0,0,0
2016-02-13 20:00:00,1170.4005000000002,25.8613220214844,0.01659518,0.01914978,26.065795900804236,25.2597595214844,0.015687281,0.023292542,14.28336525508796,23.0644470214844,0.015115076,0.07336426,7.95231421993854,0,0,0
2016-02-13 21:00:00,1139.2759,25.7326599121094,0.016686335,0.022651672,25.17237582427753,24.9279724121094,0.015763178,0.024810791,14.343338976188209,22.8264099121094,0.015152826,0.06713867,8.06848307196846,0,0,0
2016-02-13 22:00:00,1114.2005,25.569787597656276,0.016732382,0.01738739,24.643794010905733,24.663537597656276,0.015832113,0.0184021,14.642238375785318,22.702600097656276,0.015149281,0.060333252,8.124477785201124,0,0,0
2016-02-13 23:00:00,1061.494,25.436456298828148,0.01677141,0.019683838,24.320802049963643,24.444268798828148,0.015901659,0.0076465607,14.81827721841104,22.639581298828148,0.015070054,0.059143066,8.067860738268221,0,0,0
2016-02-14 00:00:00,1022.4501,25.286706542968773,0.016826125,0.027442932,23.78224871629902,24.294519042968773,0.01600978,0.0025577545,14.80967870184742,22.560144042968773,0.015056104,0.060516357,7.968608641324335,0,0,0
2016-02-14 01:00:00,1003.159,25.124169921875023,0.016896732,0.034622192,23.15116981533243,24.202294921875023,0.015988834,0.0076293945,14.787602227084175,22.483544921875023,0.015004643,0.060256958,7.953550891677191,0,0,0
2016-02-14 02:00:00,968.4048,24.961633300781276,0.016957244,0.046875,22.86260538467972,24.071008300781276,0.015919646,0.017364502,14.951159959784606,22.375695800781276,0.014924009,0.066101074,7.930374941338215,0,0,0
2016-02-14 03:00:00,954.4095,24.816552734375023,0.017017568,0.041244507,22.5624705272704,23.918115234375023,0.015957082,0.010929108,14.920862531096352,22.308740234375023,0.014911855,0.072784424,7.763807103775113,0,0,0
2016-02-14 04:00:00,945.8862,24.768334960937523,0.017032215,0.03744507,22.112044877996325,23.768334960937523,0.016009877,0.018043518,14.069373125048465,22.244897460937523,0.014911244,0.07522583,7.519242633462747,0,0,0
2016-02-14 05:00:00,927.9798,24.760278320312523,0.017016781,0.028495789,21.443537324069226,23.674340820312523,0.015963925,0.031585693,13.26506016907057,22.205590820312523,0.0149759175,0.06918335,7.20202017099765,0,0,0
2016-02-14 06:00:00,884.4198,24.793664550781276,0.017001227,0.029121399,21.283310361096504,23.645227050781276,0.015894964,0.046676636,12.50888720935274,22.199914550781276,0.014990881,0.07330322,7.015533411324485,0,0,0
2016-02-14 07:00:00,883.9848999999999,25.623254394531276,0.016970152,0.029930115,23.78108871906546,25.092004394531276,0.015955443,0.055358887,14.764049581133886,22.795129394531276,0.015036101,0.07168579,7.221916126644175,0,0,0
2016-02-14 08:00:00,933.3184,26.809930419921898,0.016481787,0.0546875,27.923530942956795,27.184930419921898,0.015894324,0.059509277,17.374459193753072,24.184930419921898,0.014791877,0.06619263,7.644969273387567,0,0,0
2016-02-14 09:00:00,990.6411,27.833123779296898,0.016115077,0.0770874,29.229116831542367,29.129998779296898,0.01570309,0.05189514,18.547234712115674,25.848748779296898,0.014535792,0.071136475,7.5499256256684415,0,0,0
2016-02-14 10:00:00,1070.6692999999998,28.739404296875023,0.01586345,0.079437256,29.86199605843102,30.817529296875023,0.015577348,0.039733887,18.912128807403786,27.387841796875023,0.014345201,0.07388306,7.1704490051775736,0,0,0
2016-02-14 11:00:00,1106.9326999999998,29.462304687500023,0.015734438,0.06536865,30.097359049068004,32.11855468750002,0.01550937,0.039916992,18.707330060648605,28.602929687500023,0.014349702,0.06878662,6.636883619751736,0,0,0
2016-02-14 12:00:00,1102.087,29.929986572265648,0.015689662,0.04763794,29.95004825747364,32.99248657226565,0.0154150035,0.044906616,18.171823871045333,29.273736572265648,0.014678767,0.06851196,5.854428507785452,0,0,0
2016-02-14 13:00:00,1119.8457,30.137170410156276,0.015632048,0.039535522,29.74925447956375,33.41842041015627,0.01535739,0.03907776,17.55626038618585,29.512170410156276,0.014857665,0.08004761,5.51335922084452,0,0,0
2016-02-14 14:00:00,1113.6929,30.029870605468773,0.015588649,0.023284912,29.819726055276213,33.40487060546877,0.015272029,0.033432007,17.024155515993,29.436120605468773,0.014837153,0.069488525,5.526505750990843,0,0,0
2016-02-14 15:00:00,1105.4941,29.586938476562523,0.015526675,0.012332916,30.31461445589198,32.93068847656252,0.01514902,0.027290344,16.81959875510456,29.040063476562523,0.01476755,0.0652771,5.778389310181474,0,0,0
2016-02-14 16:00:00,1094.8695,28.719140625000023,0.015537672,0.0065288544,31.032429641475463,31.828515625000023,0.015041761,0.022331238,17.11011310479812,28.187890625000023,0.014755659,0.06463623,6.350651555913877,0,0,0
2016-02-14 17:00:00,1064.7797,27.561791992187523,0.015629305,0.0072841644,31.27554219825648,30.014916992187523,0.014969363,0.025466919,16.840604839925188,26.874291992187523,0.014801516,0.070251465,7.045294518362158,0,0,0
2016-02-14 18:00:00,1071.0589,26.525964355468773,0.015816106,0.014385223,30.234461664119976,27.760339355468773,0.015205754,0.029205322,14.626457728583334,25.166589355468773,0.015079869,0.081451416,7.264817684482491,0,0,0
2016-02-14 19:00:00,1122.0885,26.071191406250023,0.016036894,0.019950867,29.127370456613438,26.360253906250023,0.015678313,0.04508972,14.390799873606651,24.086816406250023,0.015346435,0.09674072,7.298180512771458,0,0,0
2016-02-14 20:00:00,1127.2607,25.909570312500023,0.016128415,0.021766663,28.235973253048584,25.620507812500023,0.01605975,0.061264038,14.009631968857429,23.690820312500023,0.01556384,0.098480225,6.831847224955119,0,0,0
2016-02-14 21:00:00,1121.846,25.840203857421898,0.016151594,0.022232056,27.21843555851309,25.215203857421898,0.016174482,0.05317688,13.576309596167016,23.527703857421898,0.015747236,0.10449219,6.3689013402325685,0,0,0
2016-02-14 22:00:00,1095.7209,25.734185791015648,0.016228644,0.024154663,26.381607931673667,24.913873291015648,0.016198127,0.032104492,13.32890511665856,23.429498291015648,0.015801398,0.10787964,6.194133684301544,0,0,0
2016-02-14 23:00:00,1051.4471999999998,25.603326416015648,0.016359603,0.029251099,25.501105933049136,24.611138916015648,0.016207015,0.010471344,12.656204101479274,23.353326416015648,0.015711104,0.10598755,6.24341594730321,0,0,0
2016-02-15 00:00:00,979.8198,25.451837158203148,0.01657454,0.032791138,23.91723277131993,24.287774658203148,0.01618544,0.003394127,11.75526381741355,23.209649658203148,0.015556014,0.08987427,6.236183406728897,0,0,0
2016-02-15 01:00:00,960.4285,25.3142028808594,0.016752023,0.032043457,22.942685386504795,24.0485778808594,0.016088266,0.0017609596,11.45216880814094,23.0095153808594,0.015416879,0.0715332,6.227445439207254,0,0,0
2016-02-15 02:00:00,928.1873,25.213403320312523,0.0168588,0.029327393,22.7438592893989,23.877465820312523,0.015981419,0.0024776459,11.403444934140158,22.791528320312523,0.01533292,0.061584473,6.165086496679154,0,0,0
2016-02-15 03:00:00,905.8613,25.148095703125023,0.016947374,0.02268982,22.48006966413788,23.788720703125023,0.015902147,0.0126571655,11.477222362061012,22.601220703125023,0.015253648,0.057174683,6.052452715720925,0,0,0
2016-02-15 04:00:00,887.562,25.109826660156276,0.017045418,0.018424988,20.90602994383906,23.781701660156276,0.015855232,0.030731201,11.040550942149634,22.437951660156276,0.015241065,0.04951477,5.79220104066734,0,0,0
2016-02-15 05:00:00,911.9379,25.0771423339844,0.017121764,0.015018463,19.18537152441373,23.7255798339844,0.015885802,0.033691406,10.058517388211357,22.3349548339844,0.015229673,0.041549683,5.558838502879773,0,0,0
2016-02-15 06:00:00,950.5855,25.131555175781276,0.017190749,0.012199402,18.51176171128165,23.584680175781276,0.015947158,0.017372131,9.05121638516876,22.264367675781276,0.015168958,0.041885376,5.478507979606965,0,0,0
2016-02-15 07:00:00,1073.7896,25.846246337890648,0.017197983,0.012680054,20.671169471378565,24.986871337890648,0.01611461,0.004732132,11.737497308992804,22.947808837890648,0.015210525,0.03590393,5.887786080765955,0,0,0
2016-02-15 08:00:00,1250.181,27.000207519531276,0.016785352,0.020339966,24.49693453548305,27.351770019531276,0.016022412,0.0027179718,15.368355944632397,24.570520019531276,0.01497337,0.026565552,6.351820869399073,0,0,0
2016-02-15 09:00:00,1353.7096,28.159295654296898,0.016562799,0.020431519,25.08648706965752,29.471795654296898,0.015700677,0.0031147003,16.20538774543764,26.401483154296898,0.01465545,0.02305603,6.245219124827748,0,0,0
2016-02-15 10:00:00,1428.0413,29.161157226562523,0.016546989,0.017417908,25.318601803615444,31.254907226562523,0.015509391,0.003241539,16.125448729902764,28.051782226562523,0.014460349,0.01563263,5.813782217050907,0,0,0
2016-02-15 11:00:00,1457.9506,29.8915954589844,0.016591186,0.010231018,25.13192622582504,32.5947204589844,0.015500182,0.0026493073,15.514553901142788,29.3759704589844,0.014474029,0.013717651,5.071662850446934,0,0,0
2016-02-15 12:00:00,1469.6486,30.3991638183594,0.016690271,0.010112762,24.379236861341788,33.4929138183594,0.015667932,0.0015621185,14.548234812836697,30.1491638183594,0.014950769,0.019325256,4.044348588414228,0,0,0
2016-02-15 13:00:00,1484.7627,30.614526367187523,0.016803913,0.012203217,23.71532329186956,33.94265136718752,0.015773945,0.00088095665,13.87162050072601,30.520776367187523,0.015022449,0.021118164,3.584143802599755,0,0,0
2016-02-15 14:00:00,1504.5232,30.492639160156276,0.016872423,0.016197205,23.24623658269848,33.93013916015627,0.015834825,0.0007388592,13.631969104463195,30.586389160156276,0.014892595,0.026664734,3.431971127135196,0,0,0
2016-02-15 15:00:00,1465.0667,30.071740722656276,0.016903311,0.025543213,23.09260753897703,33.38424072265627,0.015858084,0.00068950653,13.737842142497406,30.196740722656276,0.014828117,0.031311035,3.470534472900088,0,0,0
2016-02-15 16:00:00,1380.7515,29.246057128906276,0.016896144,0.02243805,23.0607217540428,32.21480712890627,0.015766993,0.00077700615,13.752115748532484,29.402307128906276,0.014801875,0.03125,3.804879258354239,0,0,0
2016-02-15 17:00:00,1251.2424,28.116479492187523,0.016911916,0.023216248,23.104527017473696,30.335229492187523,0.015653066,0.0012516975,13.09985184913319,28.085229492187523,0.014947347,0.031280518,4.43271137024033,0,0,0
2016-02-15 18:00:00,1210.0221,26.968682861328148,0.017033547,0.022834778,22.7332447769961,27.921807861328148,0.015625924,0.0021896362,11.452340405744277,26.265557861328148,0.015477152,0.02594757,5.143198970606243,0,0,0
2016-02-15 19:00:00,1262.6921,26.325646972656276,0.017209802,0.019325256,22.124951833898844,26.403771972656276,0.015584741,0.0029354095,12.128314693454602,24.903771972656276,0.015653405,0.020240784,6.117597642500472,0,0,0
2016-02-15 20:00:00,1233.1377,26.054833984375023,0.01730965,0.016159058,20.993791283637588,25.484521484375023,0.015634999,0.0025091171,12.342832170188707,24.101708984375023,0.015623555,0.018844604,6.353976979243692,0,0,0
2016-02-15 21:00:00,1205.0713,25.916894531250023,0.017339991,0.014743805,20.162296649359117,24.948144531250023,0.015737819,0.0024871826,11.83384911572726,23.612207031250023,0.015692042,0.0206604,6.327769032956896,0,0,0
2016-02-15 22:00:00,1151.3882,25.780053710937523,0.017302062,0.020629883,19.84054360937049,24.639428710937523,0.015806701,0.0023727417,11.377640711518378,23.217553710937523,0.015722778,0.021492004,6.224599719678933,0,0,0
2016-02-15 23:00:00,1096.1007,25.634362792968773,0.017249504,0.020706177,19.879275571031357,24.415612792968773,0.015860954,0.0018663406,11.127559595439102,22.853112792968773,0.015723625,0.023223877,6.071535266868354,0,0,0
2016-02-16 00:00:00,1035.3556,25.462121582031276,0.017250692,0.021110535,19.491142444430047,24.212121582031276,0.015915548,0.001593113,11.002390944987717,22.508996582031276,0.015656149,0.027320862,5.9499592883857,0,0,0
2016-02-16 01:00:00,998.5201,25.288293457031276,0.017274966,0.023757935,18.96691775477004,24.022668457031276,0.015955081,0.0022230148,10.93595608522853,22.194543457031276,0.015501132,0.030158997,6.153456344711247,0,0,0
2016-02-16 02:00:00,973.6778,25.128076171875023,0.017322555,0.026260376,18.187118155020272,23.885888671875023,0.016025558,0.0052108765,10.799345378109876,21.917138671875023,0.015384688,0.0365448,6.284861386757614,0,0,0
2016-02-16 03:00:00,949.4808,25.024743652343773,0.017367365,0.024291992,17.42612792295543,23.805993652343773,0.016123774,0.012722015,10.624884743458049,21.735681152343773,0.01535702,0.047790527,6.152530326412006,0,0,0
2016-02-16 04:00:00,947.1739,24.953881835937523,0.01744172,0.018341064,15.84919862857327,23.719506835937523,0.016251534,0.0110321045,9.829819209317444,21.703881835937523,0.015393228,0.04989624,5.690436009092078,0,0,0
2016-02-16 05:00:00,958.67,24.884057617187523,0.01753231,0.013122559,14.32416071005933,23.626245117187523,0.016372642,0.0076770782,9.005909734224034,21.696557617187523,0.015438042,0.050872803,5.173688340853053,0,0,0
2016-02-16 06:00:00,983.6733,24.859582519531276,0.01764633,0.009670258,13.7613229856341,23.656457519531276,0.016486662,0.006023407,8.690749795258416,21.703332519531276,0.015491025,0.051879883,5.020240796001852,0,0,0
2016-02-16 07:00:00,1120.8126,25.632653808593773,0.017707273,0.009422302,17.453444858444357,25.296716308593773,0.016707823,0.0054073334,11.745370077682471,22.374841308593773,0.015620634,0.045455933,5.574255146851435,0,0,0
2016-02-16 08:00:00,1268.2592,26.879968261718773,0.017478528,0.015125275,20.93593621725498,27.715905761718773,0.016593518,0.005947113,15.230145206072295,24.036218261718773,0.015552104,0.02809906,5.984300654574502,0,0,0
2016-02-16 09:00:00,1364.4232,28.079431152343773,0.017311256,0.016174316,21.16097997173708,29.923181152343773,0.016197365,0.0054855347,15.14328851378454,26.305993652343773,0.015113991,0.019950867,5.654389106274977,0,0,0
2016-02-16 10:00:00,1441.9774,29.168603515625023,0.0173119,0.022590637,20.64508986945258,31.777978515625023,0.016144603,0.004501343,13.653149553740938,28.293603515625023,0.014683574,0.01285553,4.604758693324633,0,0,0
2016-02-16 11:00:00,1485.2517,29.980004882812523,0.017380308,0.034576416,19.82294313937845,33.15187988281252,0.016380858,0.004026413,12.025518939901335,29.839379882812523,0.014759611,0.010654449,3.1335205617388,0,0,0
2016-02-16 12:00:00,1481.3680000000002,30.458581542968773,0.017387796,0.05885315,18.980752909673168,34.08358154296877,0.01646464,0.0043182373,11.18261956686345,30.771081542968773,0.015346934,0.013339996,1.6442318228281947,0,0,0
2016-02-16 13:00:00,1494.3959000000002,30.666894531250023,0.017318599,0.0920105,18.631310007228404,34.62001953125002,0.016387813,0.008338928,10.783935424724543,31.291894531250023,0.015464655,0.014041901,0.9259545871369484,0,0,0
2016-02-16 14:00:00,1501.3354,30.507348632812523,0.017272726,0.088653564,19.039152093487907,34.69484863281252,0.016265646,0.013923645,10.625550695172633,31.382348632812523,0.015430228,0.019012451,0.8153984347082107,0,0,0
2016-02-16 15:00:00,1463.4992,30.116723632812523,0.017264638,0.06411743,20.244192282405148,34.25734863281252,0.0161126,0.015148163,10.6118469468693,31.022973632812523,0.015261922,0.023597717,1.3471347921170786,0,0,0
2016-02-16 16:00:00,1356.0586,29.423486328125023,0.01718739,0.056152344,22.008012429203696,33.20473632812502,0.015959058,0.017478943,10.63655466615086,30.126611328125023,0.01550511,0.033462524,1.8799684500076024,0,0,0
2016-02-16 17:00:00,1257.4495000000002,28.323175048828148,0.017110348,0.05027771,22.900391581156697,31.463800048828148,0.015996456,0.018127441,9.93523337947768,28.573175048828148,0.015927792,0.029907227,1.897203985653768,0,0,0
2016-02-16 18:00:00,1248.2996,27.236291503906276,0.017170856,0.054656982,22.54720487674484,28.970666503906276,0.01636977,0.019340515,7.665574634011757,26.705041503906276,0.016529987,0.034988403,1.565471004290661,0,0,0
2016-02-16 19:00:00,1275.2363,26.6398864746094,0.017384263,0.05378723,21.62640140645153,27.4367614746094,0.016506882,0.024040222,8.458415482847172,25.4211364746094,0.016491624,0.0382843,1.2104570604742022,0,0,0
2016-02-16 20:00:00,1247.4747,26.356408691406276,0.017659094,0.047454834,20.59627878596281,26.465783691406276,0.016484167,0.021118164,8.86829872838164,24.614221191406276,0.01644602,0.0398407,1.3205582492710668,0,0,0
2016-02-16 21:00:00,1216.5812,26.169274902343773,0.017903553,0.03767395,20.58548033766572,25.880212402343773,0.01655315,0.020896912,8.687874427246209,24.130212402343773,0.016370045,0.039260864,1.6904601074866614,0,0,0
2016-02-16 22:00:00,1165.595,26.029565429687523,0.01810241,0.032974243,21.79160999920433,25.396752929687523,0.01671386,0.027511597,9.164100525916153,23.678002929687523,0.016240837,0.035842896,2.845447548390388,0,0,0
2016-02-16 23:00:00,1101.1857000000002,25.903344726562523,0.018263321,0.033721924,23.105681396950462,25.114282226562523,0.016836625,0.036071777,9.602084207786495,23.247094726562523,0.016088944,0.033493042,4.048497111898596,0,0,0
2016-02-17 00:00:00,1058.9384,25.780358886718773,0.018348254,0.04386902,22.67701413799541,24.960046386718773,0.016936816,0.04899597,9.52857219363512,22.936608886718773,0.016021289,0.04423523,4.763775007532125,0,0,0
2016-02-17 01:00:00,1021.8546,25.716241455078148,0.01834959,0.062927246,20.38182191441141,24.856866455078148,0.017052593,0.059646606,8.709808923528403,22.684991455078148,0.016007366,0.067871094,4.908586046527633,0,0,0
2016-02-17 02:00:00,992.0426,25.642907714843773,0.018305428,0.0687561,19.550557839320422,24.791345214843773,0.01715339,0.07974243,8.61532867885079,22.533532714843773,0.016031869,0.08847046,4.729452596526682,0,0,0
2016-02-17 03:00:00,974.3482,25.551721191406276,0.018230377,0.060638428,20.140503524046974,24.762658691406276,0.017223297,0.066345215,9.17437960738599,22.536096191406276,0.016078888,0.10971069,4.712641056691835,0,0,0
2016-02-17 04:00:00,959.3849,25.468041992187523,0.018154219,0.048538208,20.32578895980126,24.741479492187523,0.01726158,0.065460205,8.606072637188944,22.577416992187523,0.016140059,0.13311768,4.538183548568933,0,0,0
2016-02-17 05:00:00,972.6001,25.423974609375023,0.018108496,0.042556763,19.856571184105608,24.673974609375023,0.017269263,0.07299805,7.693114553654101,22.619287109375023,0.016216407,0.1348877,4.369155327981519,0,0,0
2016-02-17 06:00:00,997.8917,25.459802246093773,0.018100582,0.04750061,19.14156473298999,24.631677246093773,0.017268978,0.06329346,7.228764914599988,22.655114746093773,0.016292416,0.1281128,4.445167392715541,0,0,0
2016-02-17 07:00:00,1115.3121,26.231317138671898,0.018046713,0.052703857,21.817671908228824,26.270379638671898,0.017390585,0.06726074,10.793370691823444,23.246942138671898,0.016497945,0.11114502,5.077303794777587,0,0,0
2016-02-17 08:00:00,1272.75,27.411035156250023,0.017618941,0.06411743,25.487766266349173,28.457910156250023,0.017176436,0.08248901,14.806298333375365,24.520410156250023,0.016588973,0.08630371,5.615383962002104,0,0,0
2016-02-17 09:00:00,1372.7675,28.514459228515648,0.017244538,0.058654785,26.600031894291853,30.467584228515648,0.016939363,0.06918335,16.110017737693184,26.717584228515648,0.016199311,0.06253052,5.9080538365694695,0,0,0
2016-02-17 10:00:00,1534.9213,29.555505371093773,0.017068565,0.046051025,26.623580920589102,32.18050537109377,0.016862571,0.062469482,16.562005271576346,28.758630371093773,0.015695274,0.067474365,5.486945761669594,0,0,0
2016-02-17 11:00:00,1475.9699,30.349877929687523,0.016938565,0.029518127,25.73214065607719,33.49050292968752,0.016824124,0.05680847,16.354551469232216,30.021752929687523,0.01586282,0.06842041,4.304753432971843,0,0,0
2016-02-17 12:00:00,1496.1786000000002,30.908593750000023,0.016861863,0.023422241,25.009680840470303,34.36171875000002,0.01678557,0.049438477,15.937572466517237,30.846093750000023,0.015740342,0.07333374,3.6642833781414175,0,0,0
2016-02-17 13:00:00,1524.7671,31.177880859375023,0.016823482,0.012523651,24.77277616341724,34.84975585937502,0.016739558,0.049728394,15.544060724003362,31.287255859375023,0.015518856,0.07046509,3.391088666723572,0,0,0
2016-02-17 14:00:00,1551.3432,31.162011718750023,0.016747227,0.0035448074,24.86393663217136,34.83388671875002,0.016655674,0.043945312,15.203342160656778,31.380761718750023,0.0153167145,0.05519104,3.378270395768832,0,0,0
2016-02-17 15:00:00,1513.7113,30.815118408203148,0.01667781,0.0011353493,25.08432706602808,34.34636840820315,0.01654048,0.034606934,15.006404852078084,31.018243408203148,0.015239668,0.040786743,3.4933236505165537,0,0,0
2016-02-17 16:00:00,1434.7959,30.045465087890648,0.016707512,0.0010390282,25.609892638434637,33.23296508789065,0.016448112,0.024169922,15.062654182626336,30.170465087890648,0.015250296,0.040374756,4.08391787853863,0,0,0
2016-02-17 17:00:00,1291.217,28.830590820312523,0.016882285,0.003080368,26.211436237803483,31.268090820312523,0.016432151,0.016540527,14.627301032174044,28.752465820312523,0.01550518,0.042633057,5.051563198515504,0,0,0
2016-02-17 18:00:00,1256.011,27.607629394531276,0.017240351,0.011257172,25.787598011091315,28.951379394531276,0.016546076,0.01209259,13.040338399275802,26.810754394531276,0.01624853,0.046401978,5.667343978046765,0,0,0
2016-02-17 19:00:00,1300.4441000000002,26.9257751464844,0.017735936,0.015491486,25.015903937877237,27.4570251464844,0.016767003,0.01304245,13.56326029109967,25.3945251464844,0.016583897,0.047332764,6.2841740329957085,0,0,0
2016-02-17 20:00:00,1270.8194,26.611840820312523,0.018147789,0.0184021,24.179062050170117,26.705590820312523,0.017087303,0.027946472,13.990352718114226,24.627465820312523,0.016476952,0.04800415,6.614323773755698,0,0,0
2016-02-17 21:00:00,1259.8959,26.425500488281276,0.018460717,0.021308899,22.833398429982008,26.339562988281276,0.017262902,0.024848938,13.79458722649096,24.120812988281276,0.016583886,0.06239319,6.736507893345553,0,0,0
2016-02-17 22:00:00,1214.0353,26.254815673828148,0.01863672,0.028961182,22.19070966000961,26.098565673828148,0.017362611,0.025413513,13.58549906184979,23.786065673828148,0.016737001,0.07766724,6.663880402379076,0,0,0
2016-02-17 23:00:00,1151.8656,26.093316650390648,0.018668298,0.04319763,22.19308446446494,25.882379150390648,0.017295007,0.039611816,13.717786750778853,23.562066650390648,0.016829614,0.08477783,6.469136898246315,0,0,0
2016-02-18 00:00:00,1096.8414,25.945367431640648,0.018631436,0.052261353,22.214806809908623,25.679742431640648,0.017136075,0.048034668,13.98512796942842,23.390679931640648,0.016800381,0.09112549,6.488755500451616,0,0,0
2016-02-18 01:00:00,1044.9635,25.793603515625023,0.018571902,0.058151245,22.67803440840732,25.488916015625023,0.017061282,0.049484253,13.681909626638168,23.231103515625023,0.0167027,0.10467529,6.516585534737895,0,0,0
2016-02-18 02:00:00,1007.5516,25.682519531250023,0.018542906,0.066345215,23.25351205203004,25.377832031250023,0.017123839,0.04649353,13.254861122765076,23.159082031250023,0.016666075,0.112335205,6.371926049013491,0,0,0
2016-02-18 03:00:00,987.5561,25.640679931640648,0.018513558,0.076690674,24.033042896789127,25.343804931640648,0.017254708,0.04562378,12.96365636745954,23.156304931640648,0.016644357,0.10986328,6.484030652566193,0,0,0
2016-02-18 04:00:00,977.5301,25.664514160156276,0.018400995,0.06561279,23.674966343631205,25.367639160156276,0.017416803,0.04508972,12.529528684283898,23.203576660156276,0.016669123,0.11288452,6.269321020861994,0,0,0
2016-02-18 05:00:00,990.5189,25.693872070312523,0.018257797,0.0443573,22.047304821731476,25.365747070312523,0.017517745,0.063568115,11.79245806047892,23.209497070312523,0.016655624,0.12384033,6.080259716484952,0,0,0
2016-02-18 06:00:00,1005.5621,25.754602050781276,0.018090155,0.024772644,20.908719725197788,25.426477050781276,0.017548468,0.08050537,11.654286800052208,23.199914550781276,0.0166482,0.11880493,5.911273846899837,0,0,0
2016-02-18 07:00:00,1112.8649,26.572900390625023,0.017730983,0.010643005,24.048271957778454,26.822900390625023,0.01764706,0.08938599,14.103673610586885,23.776025390625023,0.01676205,0.11288452,6.074237012633318,0,0,0
2016-02-18 08:00:00,1301.6418,27.767541503906276,0.016997796,0.005464554,27.902641909631235,28.845666503906276,0.01745556,0.08743286,16.861234375644333,25.134729003906276,0.01670025,0.11734009,6.328659401263407,0,0,0
2016-02-18 09:00:00,1422.9145,28.880151367187523,0.016623167,0.0015540123,28.579408897229477,30.841088867187523,0.017111449,0.077941895,17.944533835005693,27.036401367187523,0.016256956,0.10189819,6.573031649382326,0,0,0
2016-02-18 10:00:00,1466.7298,29.845025634765648,0.016424112,0.0007247925,29.50175927040332,32.48565063476565,0.016805582,0.071380615,18.39106336098736,28.673150634765648,0.015912943,0.10397339,6.457783513773639,0,0,0
2016-02-18 11:00:00,1491.6491,30.526574707031276,0.016332073,0.0005414486,30.549851557344457,33.60469970703127,0.016667766,0.066223145,18.385954438583703,29.667199707031276,0.016049786,0.11917114,5.895420369309689,0,0,0
2016-02-18 12:00:00,1508.7675,30.904443359375023,0.016354695,0.00077962875,30.915014200665407,34.27944335937502,0.016575947,0.063690186,18.090053510444413,30.138818359375023,0.016026631,0.12866211,5.760137263093029,0,0,0
2016-02-18 13:00:00,1517.5474,30.969384765625023,0.01640717,0.0032157898,30.91514533262783,34.48500976562502,0.016437687,0.061050415,17.91789800815826,30.203759765625023,0.015934147,0.13696289,5.933147111749228,0,0,0
2016-02-18 14:00:00,1532.9169,30.749047851562523,0.016398473,0.005865097,31.003115077863548,34.20217285156252,0.016154332,0.059951782,17.92816192958274,29.858422851562523,0.015833898,0.14123535,6.239432661968339,0,0,0
2016-02-18 15:00:00,1500.0756,30.204309082031276,0.01640512,0.0039081573,31.237010073626504,33.40743408203127,0.01590158,0.048599243,18.02946044927016,29.251184082031276,0.01577188,0.13250732,6.591439677822075,0,0,0
2016-02-18 16:00:00,1426.4478,29.292932128906276,0.01648057,0.0020723343,31.630434296406637,32.01168212890627,0.015710002,0.03665161,18.22846036485115,28.355432128906276,0.015786296,0.12689209,7.029277677475348,0,0,0
2016-02-18 17:00:00,1270.1116,28.135156250000023,0.016632546,0.007823944,31.6154087018152,30.088281250000023,0.015552986,0.024887085,17.91048949219696,27.057031250000023,0.016052712,0.1076355,7.3687344849401315,0,0,0
2016-02-18 18:00:00,1265.3479,27.082635498046898,0.016838228,0.025718689,30.48052632996292,27.988885498046898,0.015579379,0.026947021,15.593777310456424,25.410760498046898,0.016594088,0.121917725,6.902324251882478,0,0,0
2016-02-18 19:00:00,1303.2229,26.588342285156276,0.017013611,0.030021667,29.367867235748708,26.697717285156276,0.015922608,0.036483765,14.913718003240364,24.580529785156276,0.016929688,0.13397217,6.7422121516514135,0,0,0
2016-02-18 20:00:00,1263.2826,26.357019042968773,0.017036198,0.028312683,28.284455306533744,26.083581542968773,0.016288517,0.044265747,15.12621995782166,24.341394042968773,0.01687598,0.12963867,7.219962294207995,0,0,0
2016-02-18 21:00:00,1238.2602,26.195520019531276,0.017089123,0.022323608,26.99156026541488,25.789270019531276,0.016455883,0.03996277,15.391154902441762,24.179895019531276,0.01673817,0.11166382,7.672266206731115,0,0,0
2016-02-18 22:00:00,1168.2352,26.044213867187523,0.017089026,0.01638031,26.74003325843312,25.583276367187523,0.016516821,0.037002563,15.45574471048432,24.067651367187523,0.01652445,0.09957886,7.946466661193575,0,0,0
2016-02-18 23:00:00,1132.7154,25.933374023437523,0.017035369,0.01712799,27.368920022593603,25.386499023437523,0.016470794,0.03404236,15.642603462685498,23.956811523437523,0.016363982,0.09136963,8.13217866653838,0,0,0
2016-02-19 00:00:00,1076.0295999999998,25.763269042968773,0.016990237,0.014186859,27.70202032220106,25.185144042968773,0.016349368,0.029464722,16.088557111247578,23.841394042968773,0.016219668,0.09246826,8.272263383844788,0,0,0
2016-02-19 01:00:00,1038.693,25.592858886718773,0.016877323,0.02294159,27.981691336458347,25.014733886718773,0.016228825,0.03099823,16.49687917152521,23.694421386718773,0.016076237,0.090545654,8.400210936486406,0,0,0
2016-02-19 02:00:00,1004.9467,25.521905517578148,0.016672995,0.021400452,28.24199221924188,24.881280517578148,0.016154196,0.02735138,16.70675307007712,23.560968017578148,0.015940573,0.08483887,8.558163209268653,0,0,0
2016-02-19 03:00:00,985.4165,25.432519531250023,0.016597595,0.0124053955,27.74242394207184,24.721582031250023,0.016177978,0.01663208,16.64857691276389,23.401269531250023,0.015765991,0.08514404,8.720963286992795,0,0,0
2016-02-19 04:00:00,984.1674,25.364953613281276,0.016527873,0.018676758,26.738011457733112,24.552453613281276,0.016207438,0.0052547455,16.06681396501273,23.239953613281276,0.015703898,0.07635498,8.591673230952788,0,0,0
2016-02-19 05:00:00,990.9809,25.399804687500023,0.016366811,0.024223328,26.15385510709445,24.391992187500023,0.016061636,0.0027399063,15.32339833588028,23.157617187500023,0.015710684,0.06838989,8.40244230459983,0,0,0
2016-02-19 06:00:00,1008.2902,25.505426025390648,0.016229078,0.02394104,26.336525609441303,24.310113525390648,0.015809461,0.006793976,15.041487243653023,23.106988525390648,0.0156378,0.068237305,8.32616721553793,0,0,0
2016-02-19 07:00:00,1116.2597,26.201379394531276,0.016091818,0.018180847,28.752903959147925,25.607629394531276,0.015725607,0.0073661804,17.50163153318119,23.599816894531276,0.015538686,0.06704712,8.678626330974032,0,0,0
2016-02-19 08:00:00,1271.2002,27.287011718750023,0.01571074,0.018959045,32.7122541792266,27.638574218750023,0.015493301,0.010471344,21.106396599538076,24.896386718750023,0.015176681,0.06236267,9.245897915582937,0,0,0
2016-02-19 09:00:00,1369.4574,28.388146972656276,0.015402476,0.0156059265,34.519797096761195,29.599084472656276,0.015028636,0.0057411194,22.959806972316965,26.474084472656276,0.014750163,0.056228638,9.302012576481632,0,0,0
2016-02-19 10:00:00,1434.2753,29.302819824218773,0.015248133,0.013618469,35.83121136673741,31.224694824218773,0.01459582,0.0034360886,23.679746834716163,27.818444824218773,0.01433642,0.047409058,9.373190963155883,0,0,0
2016-02-19 11:00:00,1461.4354999999998,29.954248046875023,0.015206828,0.008728027,37.02576136144308,32.37612304687502,0.014272227,0.003083229,23.84957401686941,28.626123046875023,0.01410438,0.044525146,9.53452083509872,0,0,0
2016-02-19 12:00:00,1458.1332000000002,30.343225097656276,0.015151583,0.0035104752,37.72917122503654,33.01510009765627,0.014140688,0.0031414032,23.589975782044817,28.952600097656276,0.01405295,0.043380737,9.636776064983335,0,0,0
2016-02-19 13:00:00,1474.7982000000002,30.412469482421898,0.015176952,0.0013833046,38.05712371590033,33.1937194824219,0.014074504,0.003501892,23.10859009189345,28.928094482421898,0.014082134,0.047302246,9.658351928675485,0,0,0
2016-02-19 14:00:00,1485.9961,30.2021423339844,0.015164702,0.0015907288,38.03607312652975,32.8271423339844,0.014108031,0.007923126,22.5560341080301,28.6240173339844,0.014092772,0.05050659,9.62955037145792,0,0,0
2016-02-19 15:00:00,1451.7166,29.691491699218773,0.01513001,0.0015025139,37.67323146990135,31.910241699218773,0.014180151,0.014492035,22.021448451328794,28.019616699218773,0.014080969,0.053131104,9.63399670526671,0,0,0
2016-02-19 16:00:00,1375.9239,28.882684326171898,0.0151254805,0.0012507439,35.70485365754958,30.679559326171898,0.014240471,0.015579224,20.87518208133072,27.132684326171898,0.014137474,0.05253601,9.344156268929463,0,0,0
2016-02-19 17:00:00,1251.5028000000002,27.871453857421898,0.015155158,0.0021982193,32.57753939446696,29.090203857421898,0.014361701,0.013759613,18.99282168862228,25.949578857421898,0.014293036,0.054718018,8.829471015335209,0,0,0
2016-02-19 18:00:00,1214.5891,26.942163085937523,0.01529985,0.004179001,28.841902957518904,27.223413085937523,0.014689499,0.015640259,15.669516477641116,24.520288085937523,0.014693313,0.068725586,7.973775801974942,0,0,0
2016-02-19 19:00:00,1284.1944,26.498223876953148,0.01560925,0.00522995,25.87669374976149,26.091973876953148,0.0152048925,0.027023315,14.841712164804644,23.599786376953148,0.015090452,0.09039307,7.696751798696151,0,0,0
2016-02-19 20:00:00,1251.6894,26.271569824218773,0.015793053,0.0052719116,24.92577926657256,25.435632324218773,0.015564172,0.029029846,14.725880102724073,23.255944824218773,0.015228478,0.07965088,7.704928319598844,0,0,0
2016-02-19 21:00:00,1211.8094,26.091760253906276,0.015923452,0.005094528,25.10754918105123,25.060510253906276,0.015786123,0.017448425,14.824120460395498,23.130822753906276,0.015255879,0.07104492,7.7625565236563,0,0,0
2016-02-19 22:00:00,1159.0524999999998,25.955285644531276,0.01603863,0.0062789917,24.97859850553632,24.869348144531276,0.01590893,0.027389526,14.72762157373818,23.080285644531276,0.015191767,0.06774902,7.764462960875066,0,0,0
2016-02-19 23:00:00,1108.4821,25.849145507812523,0.016085438,0.008506775,24.38660510995868,24.739770507812523,0.015887074,0.029907227,14.791873432845492,23.067895507812523,0.015066915,0.06866455,7.865064838818766,0,0,0
2016-02-20 00:00:00,1064.6599,25.723718261718773,0.016071513,0.01128006,23.78853832550589,24.637780761718773,0.015835002,0.03124237,14.79840279286,23.004968261718773,0.014991954,0.07336426,8.039534908905718,0,0,0
2016-02-20 01:00:00,1015.9846,25.605310058593773,0.016027234,0.01292038,23.375965628032752,24.534997558593773,0.015790723,0.029136658,14.891616490469351,22.964685058593773,0.014970563,0.07977295,8.16540291590395,0,0,0
2016-02-20 02:00:00,987.6454,25.557946777343773,0.015945135,0.01838684,23.65922848292451,24.409509277343773,0.015815435,0.02922821,15.139811196201908,22.940759277343773,0.015071569,0.07476807,8.188739297271988,0,0,0
2016-02-20 03:00:00,960.9173,25.481347656250023,0.015952857,0.016792297,23.09555320049119,24.348535156250023,0.015853675,0.029563904,15.331851432066546,23.004785156250023,0.015197548,0.072143555,8.401840662240144,0,0,0
2016-02-20 04:00:00,952.5564,25.353845214843773,0.016028631,0.010719299,22.439516973345714,24.314782714843773,0.015891302,0.023628235,15.415081971798452,23.103845214843773,0.015219916,0.074279785,8.726495818973643,0,0,0
2016-02-20 05:00:00,956.9238,25.236383056640648,0.016104363,0.007511139,22.048789228556576,24.345758056640648,0.015921257,0.030334473,15.46742758907067,23.119195556640648,0.015146875,0.06921387,8.82102784843447,0,0,0
2016-02-20 06:00:00,948.8356,25.241265869140648,0.016119087,0.0051441193,22.0194952018731,24.428765869140648,0.015867317,0.0337677,15.49993810825912,23.116265869140648,0.015092934,0.071746826,8.630472719190385,0,0,0
2016-02-20 07:00:00,984.8165,26.154199218750023,0.015958318,0.0042743683,25.82592577978208,25.794824218750023,0.015920172,0.032440186,17.297430917133557,23.724511718750023,0.015092382,0.07009888,8.637564382575377,0,0,0
2016-02-20 08:00:00,1104.4535,27.392388916015648,0.015454148,0.005443573,31.21266991046189,27.861138916015648,0.015629625,0.02570343,20.05748392590627,25.204888916015648,0.01492009,0.06390381,8.873322238566482,0,0,0
2016-02-20 09:00:00,1187.9499,28.5168395996094,0.015209491,0.0045757294,32.69809463969432,29.8762145996094,0.015049274,0.013584137,20.90426100228749,26.8605895996094,0.014610584,0.0605011,8.762585823193852,0,0,0
2016-02-20 10:00:00,1267.0534,29.413751220703148,0.015174618,0.0016355515,32.846366785919514,31.585626220703148,0.01458334,0.008876801,20.835056663749217,28.241876220703148,0.014251461,0.05340576,8.530901488846437,0,0,0
2016-02-20 11:00:00,1286.3665,30.070397949218773,0.015204405,0.0012464523,32.48297480748569,32.78914794921877,0.014403319,0.0075130463,19.996556687537737,29.148522949218773,0.014117217,0.047302246,7.997219308146905,0,0,0
2016-02-20 12:00:00,1258.3735,30.453942871093773,0.015291093,0.0015029907,31.8831688176916,33.54769287109377,0.014448045,0.007329941,18.983603499948625,29.657067871093773,0.014177201,0.040496826,7.454226453472777,0,0,0
2016-02-20 13:00:00,1243.981,30.560968017578148,0.015305099,0.0025463104,31.082426172949805,33.88909301757815,0.014526901,0.007516861,18.118970542110254,29.810968017578148,0.014187393,0.0410614,7.0699977026562015,0,0,0
2016-02-20 14:00:00,1226.0319,30.397912597656276,0.015273177,0.0024461746,30.335340319740165,33.72603759765627,0.014559829,0.007827759,17.682019686405447,29.616662597656276,0.014220321,0.043792725,6.838305889945112,0,0,0
2016-02-20 15:00:00,1210.4816,29.943200683593773,0.015183717,0.0019116402,30.19888723988591,32.92757568359377,0.014554292,0.008693695,17.293883601845472,29.068200683593773,0.014306337,0.05088806,6.633568895972018,0,0,0
2016-02-20 16:00:00,1171.9352,29.1181579589844,0.015174824,0.0013523102,30.79586524457641,31.5400329589844,0.014579731,0.009521484,17.104368675733404,28.1962829589844,0.014438587,0.060897827,6.648804197138918,0,0,0
2016-02-20 17:00:00,1127.8475,27.955285644531276,0.015273092,0.008441925,31.0581861236771,29.783410644531276,0.014636038,0.010631561,16.457553490556588,27.017785644531276,0.014544485,0.07141113,6.805321092506888,0,0,0
2016-02-20 18:00:00,1152.6244000000002,26.921411132812523,0.015470963,0.023590088,30.178154487986525,27.765161132812523,0.014959794,0.01675415,13.73053707308748,25.515161132812523,0.014845353,0.10235596,6.503677967910967,0,0,0
2016-02-20 19:00:00,1205.8978,26.456231689453148,0.015703805,0.026924133,29.276213464256056,26.534356689453148,0.015429146,0.04032898,13.391547250047102,24.456231689453148,0.015318519,0.108795166,6.155503234495556,0,0,0
2016-02-20 20:00:00,1175.1411,26.296166992187523,0.015872288,0.021835327,28.584532293710797,25.811791992187523,0.015742589,0.048355103,13.801930035508734,24.022729492187523,0.015628148,0.12524414,5.776910847197004,0,0,0
2016-02-20 21:00:00,1152.3931,26.120629882812523,0.016048841,0.018180847,27.73974895118916,25.394067382812523,0.015865736,0.04852295,14.028875033900505,23.800317382812523,0.01581233,0.12664795,5.6830456001778815,0,0,0
2016-02-20 22:00:00,1115.7257,26.031671142578148,0.01614899,0.023147583,27.252792120161317,25.117608642578148,0.015950626,0.04005432,13.653582260077934,23.672296142578148,0.015927738,0.12454224,5.67298193856788,0,0,0
2016-02-20 23:00:00,1076.1673999999998,25.954797363281276,0.016180992,0.026313782,26.538146085057186,24.915734863281276,0.016036034,0.03239441,12.853697141772182,23.556359863281276,0.01595211,0.11367798,5.768054342429239,0,0,0
2016-02-21 00:00:00,1037.0293,25.841210937500023,0.016174927,0.02709961,26.160273758042045,24.708398437500023,0.016121522,0.03138733,11.784651883680368,23.419335937500023,0.01590027,0.10888672,5.878755234511793,0,0,0
2016-02-21 01:00:00,1003.5973,25.715600585937523,0.016184276,0.032958984,24.653382415530068,24.520288085937523,0.016214794,0.031555176,10.733086243938612,23.285913085937523,0.015810436,0.11236572,5.804781291301486,0,0,0
2016-02-21 02:00:00,967.0622,25.603814697265648,0.016208922,0.038726807,22.86582175307416,24.408502197265648,0.016285216,0.03703308,9.987150905652737,23.174127197265648,0.01574353,0.11355591,5.636924007112646,0,0,0
2016-02-21 03:00:00,950.0828,25.510095214843773,0.016256394,0.04017639,21.32261544565674,24.377282714843773,0.016332688,0.047729492,9.841795495137829,23.103845214843773,0.015691819,0.11148071,5.539299789963163,0,0,0
2016-02-21 04:00:00,932.2906,25.381280517578148,0.016395286,0.0287323,18.74365087815572,24.428155517578148,0.016387656,0.057052612,9.702522803154215,23.037530517578148,0.01564379,0.1104126,5.273517479862241,0,0,0
2016-02-21 05:00:00,907.8458,25.282373046875023,0.016441299,0.023033142,17.222971883448192,24.313623046875023,0.01642604,0.054367065,8.901161568096185,22.938623046875023,0.015586807,0.11117554,4.930691635952313,0,0,0
2016-02-21 06:00:00,888.4312,25.243951416015648,0.01645556,0.025657654,16.26165635121946,24.243951416015648,0.016432673,0.05378723,8.524443165780454,22.876763916015648,0.015543847,0.11035156,4.711704020982382,0,0,0
2016-02-21 07:00:00,889.0590000000001,26.035363769531276,0.01633971,0.027778625,19.319595082464605,25.738488769531276,0.01645415,0.062561035,11.712878079658116,23.605676269531276,0.0154890325,0.106933594,5.130491000319356,0,0,0
2016-02-21 08:00:00,930.0831,27.122399902343773,0.015880411,0.039108276,23.731488519755377,27.763024902343773,0.016094035,0.06637573,14.87594668156792,25.216149902343773,0.015220469,0.0932312,5.6079015334133215,0,0,0
2016-02-21 09:00:00,992.6068,28.161828613281276,0.0155929625,0.03857422,25.402335700829116,29.739953613281276,0.015562445,0.062194824,16.2263701390861,27.052453613281276,0.014814764,0.074401855,5.843163882966831,0,0,0
2016-02-21 10:00:00,1049.1601999999998,29.0593200683594,0.015443091,0.02721405,26.36516804766548,31.3874450683594,0.015080695,0.07342529,16.578634120878743,28.6374450683594,0.014481788,0.05996704,5.738120370872766,0,0,0
2016-02-21 11:00:00,1088.8946,29.797814941406276,0.015434024,0.01651001,26.687001696899426,32.37593994140627,0.014735934,0.090911865,16.020700424826963,29.704064941406276,0.014648196,0.061920166,5.005342928545099,0,0,0
2016-02-21 12:00:00,1102.8049,30.295587158203148,0.015535898,0.011802673,26.719424436389232,32.92058715820315,0.014574594,0.09222412,15.282169139343916,30.373712158203148,0.014647073,0.0690918,4.322301344622654,0,0,0
2016-02-21 13:00:00,1111.8539,30.498376464843773,0.015637962,0.01064682,26.58568344905064,33.23275146484377,0.014489738,0.07699585,14.714968351277609,30.717126464843773,0.014550773,0.07846069,3.929122448561485,0,0,0
2016-02-21 14:00:00,1099.3018,30.383752441406276,0.015683087,0.014141083,26.21371082570925,33.25875244140627,0.014408977,0.05053711,14.490056057460228,30.665002441406276,0.014630229,0.08041382,3.8703339029027584,0,0,0
2016-02-21 15:00:00,1097.9175,29.942102050781276,0.015659904,0.014476776,25.82013629856672,32.84835205078127,0.0143056875,0.025558472,14.613447961659324,30.223352050781276,0.01471386,0.07644653,4.216341292351132,0,0,0
2016-02-21 16:00:00,1084.2274,29.147271728515648,0.015705645,0.010639191,26.178868748387742,31.725396728515648,0.01427132,0.01184082,15.153177362510068,29.366021728515648,0.014755786,0.06561279,5.082729053955689,0,0,0
2016-02-21 17:00:00,1055.345,28.012841796875023,0.015804883,0.013813019,26.678340639045185,29.825341796875023,0.014450666,0.0074043274,15.301130095988189,28.012841796875023,0.014862653,0.05479431,6.107165315056144,0,0,0
2016-02-21 18:00:00,1080.9479,26.905450439453148,0.01595778,0.015151978,25.99930928413201,27.499200439453148,0.014870591,0.015224457,13.070219542360336,26.296075439453148,0.0151223615,0.052642822,6.669487869641742,0,0,0
2016-02-21 19:00:00,1163.6051,26.327233886718773,0.016193982,0.01184845,24.761892339961808,26.092858886718773,0.015411969,0.034118652,12.76774037944744,25.077233886718773,0.015198346,0.0690918,7.020088479878287,0,0,0
2016-02-21 20:00:00,1140.5531,26.090539550781276,0.016361203,0.025489807,23.46038702838221,25.309289550781276,0.015865292,0.032669067,12.9441999253157,24.379602050781276,0.01544186,0.07736206,6.723170940018445,0,0,0
2016-02-21 21:00:00,1136.0623,26.004052734375023,0.016376194,0.029174805,23.31420534825298,24.863427734375023,0.016009983,0.023925781,13.109260756821188,23.941552734375023,0.015605625,0.08163452,6.585333862878274,0,0,0
2016-02-21 22:00:00,1128.688,25.8964782714844,0.01644498,0.030433655,23.678665331781925,24.5605407714844,0.015979586,0.01322937,13.146107957070235,23.6464782714844,0.01567441,0.07687378,6.413889041836569,0,0,0
2016-02-21 23:00:00,1089.7307,25.739221191406276,0.016636355,0.028579712,23.93718403022534,24.325158691406276,0.015858157,0.011787415,13.170483794135356,23.434533691406276,0.015598757,0.07312012,6.37071847190461,0,0,0
2016-02-22 00:00:00,1030.4941,25.545373535156276,0.01684347,0.024040222,23.89284757585841,24.146936035156276,0.015782984,0.01701355,12.90667911878358,23.240686035156276,0.015412958,0.07543945,6.452378761426533,0,0,0
2016-02-22 01:00:00,1005.5259999999998,25.3659606933594,0.016905906,0.019248962,24.322549148778105,24.0065856933594,0.01585305,0.020133972,11.87393066731432,23.0456481933594,0.015364769,0.07885742,5.922840903226188,0,0,0
2016-02-22 02:00:00,972.3452,25.227349853515648,0.016853746,0.0125694275,23.760279192584637,23.969537353515648,0.015961107,0.03366089,11.17156544588621,22.922662353515648,0.015343126,0.08358765,5.4466789696195335,0,0,0
2016-02-22 03:00:00,950.3734,25.112573242187523,0.01677126,0.01014328,21.198970381007747,23.964135742187523,0.01601595,0.032669067,11.159548488220189,22.792260742187523,0.015291158,0.0925293,5.172468644384056,0,0,0
2016-02-22 04:00:00,938.4418,25.032556152343773,0.016719712,0.0077228546,18.058603179750943,23.837243652343773,0.016025437,0.03704834,10.107161715401816,22.673181152343773,0.015281571,0.09259033,4.711850752489187,0,0,0
2016-02-22 05:00:00,959.3877,24.980310058593773,0.01668353,0.0055274963,16.233613808550338,23.675622558593773,0.015996885,0.04359436,8.582621012144854,22.605310058593773,0.015275906,0.093811035,4.188043708234347,0,0,0
2016-02-22 06:00:00,994.7887,25.054986572265648,0.01663079,0.0039806366,16.255843994984012,23.531549072265648,0.01599755,0.041244507,7.0727201852676025,22.570611572265648,0.015272758,0.09832764,3.83125971035248,0,0,0
2016-02-22 07:00:00,1111.378,25.983728027343773,0.016492222,0.0043411255,19.496536745493017,25.186853027343773,0.016042087,0.034072876,10.029708749606275,23.358728027343773,0.015298222,0.093811035,4.003474407447262,0,0,0
2016-02-22 08:00:00,1285.5044,27.1625915527344,0.016117122,0.006925583,21.91466810660513,27.5844665527344,0.015728023,0.029373169,13.089171399613758,25.0141540527344,0.015007045,0.078552246,4.280996533986581,0,0,0
2016-02-22 09:00:00,1357.1255,28.2687927246094,0.016016556,0.004014969,21.73506205105661,29.6750427246094,0.015219285,0.028717041,13.361301516107842,26.9484802246094,0.014605119,0.06059265,4.216469903860906,0,0,0
2016-02-22 10:00:00,1442.1493,29.270928955078148,0.015969614,0.001449585,21.545029309886477,31.427178955078148,0.014939645,0.022079468,12.68797975732408,28.661553955078148,0.014169076,0.049423218,3.873046365296392,0,0,0
2016-02-22 11:00:00,1474.5328,30.058160400390648,0.015914006,0.00052165985,21.63115352861506,32.85503540039065,0.014899298,0.021072388,11.802006011108046,30.011285400390648,0.01404862,0.047195435,3.260054151635252,0,0,0
2016-02-22 12:00:00,1474.0762,30.623376464843773,0.015866462,0.00049614906,21.705123676192866,33.82650146484377,0.014821235,0.018821716,11.255010297881558,30.842126464843773,0.014607612,0.040863037,2.292649822768158,0,0,0
2016-02-22 13:00:00,1505.5589,30.932519531250023,0.015804084,0.0016732216,21.81395424615894,34.44814453125002,0.014686378,0.0128479,10.979517513993404,31.338769531250023,0.014789375,0.044921875,1.6238423889869775,0,0,0
2016-02-22 14:00:00,1520.7669,30.918847656250023,0.015757214,0.004293442,22.158029173099703,34.68447265625002,0.014574658,0.0058956146,10.933887091623594,31.387597656250023,0.014883649,0.03768921,1.182429705500312,0,0,0
2016-02-22 15:00:00,1493.6428,30.531030273437523,0.015710743,0.005563736,22.852730739368848,34.42165527343752,0.014501485,0.0034627914,11.055794383354888,30.984155273437523,0.014963063,0.044906616,0.8722393997151796,0,0,0
2016-02-22 16:00:00,1410.6466,29.676660156250023,0.015763989,0.0013833046,23.818440065592103,33.42666015625002,0.014573804,0.0030670166,11.34241642955441,30.145410156250023,0.015046827,0.04347229,0.5485286050099346,0,0,0
2016-02-22 17:00:00,1283.2381,28.447290039062523,0.015848026,0.0011172295,24.275761022925472,31.556665039062523,0.014814242,0.004137039,11.412903560259382,28.884790039062523,0.015180453,0.042251587,0.70501509493028,0,0,0
2016-02-22 18:00:00,1255.0876,27.231988525390648,0.015970653,0.0073242188,23.30324068903997,28.966363525390648,0.015287823,0.00481987,10.006866378909123,27.122613525390648,0.015695995,0.03993225,1.118249807476741,0,0,0
2016-02-22 19:00:00,1286.3634000000002,26.602807617187523,0.016193079,0.018951416,21.75352733554,27.274682617187523,0.015510247,0.0043678284,11.42901733019025,25.782495117187523,0.016025232,0.049926758,2.0449921778969995,0,0,0
2016-02-22 20:00:00,1261.8237,26.380822753906276,0.016332164,0.027275085,20.22134936077964,26.224572753906276,0.015744701,0.008480072,11.13339934719715,24.951135253906276,0.016217723,0.05278015,2.773158560466613,0,0,0
2016-02-22 21:00:00,1219.8318,26.2326599121094,0.016472057,0.025558472,19.17193996875453,25.4279724121094,0.01592274,0.0114479065,10.37085301627384,24.3889099121094,0.01629658,0.047210693,3.4504966129628523,0,0,0
2016-02-22 22:00:00,1195.9637,26.049523925781276,0.01661066,0.023880005,18.510405637973584,24.854211425781276,0.016030826,0.009105682,9.42467003201716,23.932336425781276,0.016282596,0.048080444,3.7070748657619217,0,0,0
2016-02-22 23:00:00,1130.7367,25.848352050781276,0.016726233,0.02558899,17.917188198335428,24.395227050781276,0.016085364,0.0054302216,8.521149798969876,23.590539550781276,0.016199805,0.04612732,3.786594154129267,0,0,0
2016-02-23 00:00:00,1083.8615,25.647241210937523,0.01684209,0.024864197,17.62484182733214,23.928491210937523,0.01608678,0.0048732758,7.481391251456714,23.420678710937523,0.016048633,0.041503906,3.928167236392393,0,0,0
2016-02-23 01:00:00,1028.0004,25.462121582031276,0.016941827,0.019348145,17.506024946395687,23.501184082031276,0.01601104,0.005498886,6.778820841041167,23.173059082031276,0.015873712,0.041366577,4.02134869739859,0,0,0
2016-02-23 02:00:00,993.0136,25.316827392578148,0.017018562,0.017074585,17.019515712854396,23.215264892578148,0.0159123,0.004283905,6.628232194824154,22.855889892578148,0.015729195,0.04206848,4.191058900630857,0,0,0
2016-02-23 03:00:00,975.1685,25.198449707031276,0.017080486,0.018737793,15.62269543551619,23.026574707031276,0.015806377,0.002363205,6.619026104838845,22.612512207031276,0.015600383,0.034576416,4.411812252663602,0,0,0
2016-02-23 04:00:00,971.8769,25.112481689453148,0.017127043,0.018463135,14.957793311498584,22.878106689453148,0.015753752,0.0011072159,6.471797749248484,22.409356689453148,0.0154790925,0.027656555,4.5120768235037785,0,0,0
2016-02-23 05:00:00,978.779,25.0102478027344,0.017204162,0.016227722,14.14096910730312,22.7758728027344,0.015746947,0.0004479885,6.5111899670949285,22.2133728027344,0.015373106,0.021873474,4.497192632446796,0,0,0
2016-02-23 06:00:00,1003.764,25.029412841796898,0.017264819,0.012962341,14.129525183213914,22.896600341796898,0.015777087,0.00028407574,6.906296104864135,22.060662841796898,0.0152773615,0.019126892,4.3912634920846285,0,0,0
2016-02-23 07:00:00,1096.2501000000002,25.797906494140648,0.017202029,0.012561798,17.81055388731494,24.977593994140648,0.015897403,0.0010957718,10.86715798544698,22.883843994140648,0.015176425,0.016143799,4.687241887424893,0,0,0
2016-02-23 08:00:00,1279.5914,26.930383300781276,0.01690276,0.01587677,20.5675444396589,27.750695800781276,0.015682057,0.0025892258,13.599257303041806,24.781945800781276,0.014682607,0.008434296,4.660114105366587,0,0,0
2016-02-23 09:00:00,1367.7913,28.123193359375023,0.016695391,0.014038086,20.843613778602847,30.138818359375023,0.015283954,0.003572464,13.1227285632161,26.888818359375023,0.013967884,0.0028543472,4.116072332797618,0,0,0
2016-02-23 10:00:00,1452.7536,29.186608886718773,0.016580055,0.012073517,20.61908637700664,32.24910888671877,0.015191505,0.0037212372,11.727619143766992,28.920983886718773,0.013234565,0.0021877289,3.161632245395391,0,0,0
2016-02-23 11:00:00,1480.4082999999998,30.028741455078148,0.016533488,0.0133628845,20.569229373544463,33.84124145507815,0.015400524,0.0031471252,10.139017396527626,30.638116455078148,0.012760754,0.0018787384,2.0675160361040548,0,0,0
2016-02-23 12:00:00,1479.0546,30.601007080078148,0.016494427,0.016311646,20.332679114317923,34.94475708007815,0.015422496,0.0021533966,9.003340940259223,31.757257080078148,0.013160381,0.0013847351,1.1252958194902138,0,0,0
2016-02-23 13:00:00,1504.6988,30.884912109375023,0.016440397,0.024017334,19.84668928157674,35.66616210937502,0.015109068,0.0016169548,8.266659343880312,32.46303710937502,0.013098722,0.00096964836,1.6160071734455677,0,0,0
2016-02-23 14:00:00,1525.6876,30.885675048828148,0.01634836,0.032913208,19.280849723927112,35.91692504882815,0.014856814,0.0023202896,7.761644531878112,32.58880004882815,0.013117312,0.00072813034,2.672492909506803,0,0,0
2016-02-23 15:00:00,1492.4549,30.487145996093773,0.016233299,0.037643433,18.94629122794077,35.62777099609377,0.014730307,0.0051078796,7.546396545028583,32.01839599609377,0.013856742,0.000644207,3.5319807528687432,0,0,0
2016-02-23 16:00:00,1415.3073,29.7460876464844,0.016156634,0.018951416,19.026280572329217,34.7460876464844,0.014710864,0.009716034,7.651535912207164,30.9804626464844,0.014436206,0.0062389374,3.83818349311956,0,0,0
2016-02-23 17:00:00,1278.8272,28.643823242187523,0.016118571,0.010566711,19.24766833959975,33.14382324218752,0.014943645,0.011249542,7.556148359878796,29.518823242187523,0.015080974,0.009925842,3.881951708179306,0,0,0
2016-02-23 18:00:00,1250.056,27.4367614746094,0.016172366,0.0070343018,19.24188824847237,30.4055114746094,0.015760379,0.0028924942,5.1633012643946525,27.6398864746094,0.0154628325,0.0076084137,3.899700395373411,0,0,0
2016-02-23 19:00:00,1311.6304,26.618310546875023,0.016310334,0.0054302216,19.38055363953775,28.649560546875023,0.016195893,0.0029182434,5.564893739822015,26.149560546875023,0.015967011,0.014492035,3.468438125199233,0,0,0
2016-02-23 20:00:00,1275.7197,26.191979980468773,0.016464029,0.0033464432,18.598140057506637,27.309167480468773,0.016555581,0.0061511993,6.040447392346616,25.106042480468773,0.016296182,0.026260376,3.01722819193697,0,0,0
2016-02-23 21:00:00,1226.9123,25.913842773437523,0.016595514,0.0023088455,17.651811337124737,26.288842773437523,0.016511591,0.009525299,6.3206933901472375,24.390405273437523,0.016381891,0.029823303,2.8509716485740264,0,0,0
2016-02-23 22:00:00,1170.9186,25.695489501953148,0.016757563,0.0023880005,16.673368890646373,25.523614501953148,0.016482905,0.008769989,6.7176395623517084,23.875177001953148,0.016330317,0.031723022,2.8511362471041948,0,0,0
2016-02-23 23:00:00,1109.5952000000002,25.530480957031276,0.016917815,0.0046024323,16.091347059687468,24.905480957031276,0.016582122,0.006122589,6.775825230638136,23.444543457031276,0.016154876,0.030311584,3.1085862935473645,0,0,0
2016-02-24 00:00:00,1050.004,25.415734863281276,0.017056182,0.009178162,15.684870219692408,24.275109863281276,0.016621307,0.0035896301,6.213923128947269,23.071984863281276,0.015911773,0.029197693,3.2714871764213758,0,0,0
2016-02-24 01:00:00,998.6848,25.3027282714844,0.017218301,0.010974884,14.715071662938314,23.7402282714844,0.016615579,0.00333786,5.835694736808828,22.8027282714844,0.015669534,0.028419495,3.457055593631185,0,0,0
2016-02-24 02:00:00,964.9583,25.198632812500023,0.017357262,0.010089874,13.819133050337834,23.354882812500023,0.016586693,0.0045204163,5.703393518266695,22.573632812500023,0.015476617,0.02848816,3.539530176246671,0,0,0
2016-02-24 03:00:00,945.7602,25.107019042968773,0.01746411,0.009971619,12.71128852945686,23.067956542968773,0.016556213,0.0069675446,5.5408823640952445,22.325769042968773,0.015320251,0.030097961,3.6147316636020737,0,0,0
2016-02-24 04:00:00,917.1793,25.028161621093773,0.017502496,0.008693695,11.470683823200174,22.848474121093773,0.016518304,0.007980347,5.246896589460822,22.160974121093773,0.015213677,0.032577515,3.6107002738302367,0,0,0
2016-02-24 05:00:00,926.6307,24.929528808593773,0.017464878,0.005399704,10.548874615130847,22.718591308593773,0.016473057,0.0064525604,4.998215664051656,22.077966308593773,0.015141728,0.034454346,3.5606932907425675,0,0,0
2016-02-24 06:00:00,951.2318,24.998315429687523,0.017396513,0.0046653748,10.859099240540992,22.865502929687523,0.016450468,0.008327484,5.163797044726722,22.045190429687523,0.015100065,0.037246704,3.4458673769934736,0,0,0
2016-02-24 07:00:00,1068.5814,25.933557128906276,0.017305337,0.0044727325,14.230203872045903,25.081994628906276,0.016412698,0.010372162,8.929539399608478,22.980432128906276,0.015119515,0.037872314,3.5589795516719045,0,0,0
2016-02-24 08:00:00,1258.1492,27.047967529296898,0.017046226,0.013843536,16.62977064019255,28.071405029296898,0.015955223,0.0126571655,11.390416664761434,25.094842529296898,0.01473452,0.033706665,3.3283004155741467,0,0,0
2016-02-24 09:00:00,1348.5551,28.189843750000023,0.016901517,0.022499084,16.828597334074573,30.182031250000023,0.01555493,0.048034668,10.536838975040736,27.392968750000023,0.014196898,0.027244568,2.582685419684477,0,0,0
2016-02-24 10:00:00,1460.091,29.272363281250023,0.016810156,0.02809143,16.139969801183195,31.569238281250023,0.015406348,0.038467407,9.03553276969604,29.397363281250023,0.013842322,0.016693115,1.9620393552595263,0,0,0
2016-02-24 11:00:00,1456.6082,30.132012939453148,0.016747568,0.034225464,15.596929952333191,33.06951293945315,0.015530679,0.020202637,7.726234841028688,31.022637939453148,0.013783548,0.0073776245,2.2876884632957424,0,0,0
2016-02-24 12:00:00,1441.0988,30.808679199218773,0.016731119,0.042816162,15.459047827372936,34.26180419921877,0.015693521,0.021469116,6.507557674332639,32.02742919921877,0.014335489,0.005432129,3.014328247505017,0,0,0
2016-02-24 13:00:00,1489.6148,31.255242919921898,0.0167074,0.05621338,15.246287590043694,34.8489929199219,0.015543918,0.03492737,5.728878949333219,32.5521179199219,0.014609317,0.005504608,4.166750207190675,0,0,0
2016-02-24 14:00:00,1507.7396,31.3928161621094,0.016623005,0.0770874,15.049643710662094,34.9240661621094,0.015333638,0.04460144,5.349708495710276,32.5490661621094,0.014872059,0.026481628,5.601865757350752,0,0,0
2016-02-24 15:00:00,1495.554,31.124963378906276,0.01653841,0.09188843,15.395375872858756,34.65621337890627,0.015207081,0.04637146,5.328953481570301,31.859338378906276,0.015237599,0.09454346,6.614491713322374,0,0,0
2016-02-24 16:00:00,1405.4445,30.427789306640648,0.016591141,0.07449341,16.798635563619936,33.94341430664065,0.015145371,0.04838562,5.3133356886650684,30.505914306640648,0.015797684,0.12020874,6.539685737688738,0,0,0
2016-02-24 17:00:00,1271.4025,29.241845703125023,0.016734926,0.052337646,18.4447968380112,32.53872070312502,0.015632479,0.028648376,4.705149560673461,28.929345703125023,0.016361086,0.13708496,5.7045538630383845,0,0,0
2016-02-24 18:00:00,1251.9791,27.919854736328148,0.016894566,0.032714844,19.8444709053352,29.841729736328148,0.017497288,0.011161804,3.625644137274955,27.419854736328148,0.016749607,0.1605835,4.676934589606375,0,0,0
2016-02-24 19:00:00,1312.1971,27.029840087890648,0.017009573,0.021209717,20.65674151091195,28.607965087890648,0.017482596,0.00843811,3.0517655124902863,26.397027587890648,0.016986685,0.16217041,3.805893626700569,0,0,0
2016-02-24 20:00:00,1290.5631999999998,26.610986328125023,0.017108649,0.015010834,19.410628115176586,27.814111328125023,0.017505378,0.009254456,2.586040616010791,25.696923828125023,0.017070502,0.1338501,3.1488305237011702,0,0,0
2016-02-24 21:00:00,1283.7822,26.358544921875023,0.017162574,0.0117378235,17.78396272317169,27.139794921875023,0.017406715,0.0065727234,2.7086071153811075,25.163232421875023,0.017116798,0.08822632,3.0410684605236686,0,0,0
2016-02-24 22:00:00,1208.1405,26.129052734375023,0.017232073,0.010028839,16.76866521938303,26.519677734375023,0.017178668,0.004837036,3.3532017381744814,24.722802734375023,0.017094744,0.053497314,3.1017542966639327,0,0,0
2016-02-24 23:00:00,1127.7582,25.946862792968773,0.017271489,0.009925842,16.615644156556336,25.915612792968773,0.016905278,0.0037202835,4.180793607291274,24.337487792968773,0.01700446,0.051818848,3.0271078993939686,0,0,0
2016-02-25 00:00:00,1075.8895,25.772485351562523,0.017326377,0.011371613,16.47750072342077,25.334985351562523,0.016677879,0.0040073395,4.818035800121502,24.038110351562523,0.016860984,0.06564331,3.033401394349474,0,0,0
2016-02-25 01:00:00,1010.2715,25.623986816406276,0.017418545,0.016418457,15.926573604047316,24.803674316406276,0.016518276,0.008480072,5.2278685439028685,23.842736816406276,0.016670864,0.07928467,3.2221559004334344,0,0,0
2016-02-25 02:00:00,971.3523,25.513696289062523,0.017518248,0.026123047,15.627295192755012,24.404321289062523,0.016396727,0.014980316,5.686443289379153,23.685571289062523,0.016465392,0.08609009,3.48472263124505,0,0,0
2016-02-25 03:00:00,949.4109,25.472558593750023,0.017571596,0.037750244,16.58096592757215,24.042871093750023,0.01639667,0.020339966,5.862728708194146,23.535058593750023,0.016289858,0.09005737,3.746226105484925,0,0,0
2016-02-25 04:00:00,941.6674,25.479943847656276,0.017564546,0.043426514,17.626649586202298,23.862756347656276,0.016488802,0.024673462,5.838362459761115,23.339318847656276,0.016153108,0.08959961,3.932466024747973,0,0,0
2016-02-25 05:00:00,968.4234,25.469934082031276,0.017564902,0.047607422,17.436523252634064,23.751184082031276,0.016603598,0.038024902,5.6745560896761225,23.227746582031276,0.01594747,0.08255005,4.045692060042378,0,0,0
2016-02-25 06:00:00,998.8492,25.517938232421898,0.017525485,0.043624878,17.742641537700962,23.846063232421898,0.016686251,0.039916992,5.905673189607492,23.197625732421898,0.015755465,0.077819824,4.084298621282939,0,0,0
2016-02-25 07:00:00,1110.5995,26.287896728515648,0.017364245,0.04335022,21.28840613953788,25.850396728515648,0.01678441,0.050750732,10.336196385469568,23.834771728515648,0.015754443,0.086639404,4.296311133546043,0,0,0
2016-02-25 08:00:00,1282.063,27.431939697265648,0.016920747,0.04975891,24.87305358325881,28.510064697265648,0.016432466,0.053710938,14.111462564238488,25.369439697265648,0.015448274,0.07757568,4.526798940270032,0,0,0
2016-02-25 09:00:00,1370.4785,28.589501953125023,0.016553523,0.037887573,25.83992028049892,30.745751953125023,0.01582873,0.049728394,14.908580577684402,27.277001953125023,0.014817835,0.07034302,4.449710257880772,0,0,0
2016-02-25 10:00:00,1444.5172,29.665979003906276,0.016279021,0.029846191,25.32081894549054,32.54097900390627,0.015386383,0.04095459,14.483083888906584,29.009729003906276,0.014131348,0.075408936,4.150686852939616,0,0,0
2016-02-25 11:00:00,1474.2336,30.518975830078148,0.016119534,0.021484375,24.380619844939083,33.84710083007815,0.01502853,0.029556274,13.980334027929043,30.222100830078148,0.013918453,0.074523926,3.773033463544792,0,0,0
2016-02-25 12:00:00,1492.6512,31.046441650390648,0.016147448,0.018707275,23.775530133519272,34.60894165039065,0.014621568,0.016532898,13.782184478840394,30.937066650390648,0.013927293,0.06707764,3.2903189883628725,0,0,0
2016-02-25 13:00:00,1499.1123,31.297082519531276,0.016191024,0.026878357,23.386401524072003,34.85958251953127,0.014283676,0.009719849,13.80479757423751,31.265832519531276,0.013871688,0.059143066,3.0480011299686893,0,0,0
2016-02-25 14:00:00,1518.166,31.267602539062523,0.016227277,0.0496521,23.12576094081656,34.48635253906252,0.014052899,0.007516861,13.970706265071994,31.095727539062523,0.013911755,0.060440063,3.072148121734801,0,0,0
2016-02-25 15:00:00,1493.707,30.843316650390648,0.016256582,0.06491089,22.89644594557148,33.51519165039065,0.013998281,0.007106781,14.06870019565818,30.468316650390648,0.013921987,0.05505371,3.458166851188264,0,0,0
2016-02-25 16:00:00,1416.7525,30.012048339843773,0.016385425,0.057266235,23.07090809953326,31.996423339843773,0.014264454,0.0075645447,14.250306987467342,29.480798339843773,0.0139325755,0.04788208,4.282844774360505,0,0,0
2016-02-25 17:00:00,1296.4518,28.894464111328148,0.016553128,0.05392456,23.13524018416291,30.113214111328148,0.014661038,0.0077934265,14.119993895186274,28.144464111328148,0.014241422,0.04135132,5.239797881064844,0,0,0
2016-02-25 18:00:00,1278.6812,27.826074218750023,0.016774783,0.041366577,22.350260155719003,28.044824218750023,0.015187868,0.0119895935,12.410548141386736,26.513574218750023,0.014814028,0.0368042,5.973051013462369,0,0,0
2016-02-25 19:00:00,1339.5897,27.211572265625023,0.017111572,0.030517578,21.60555310393043,26.930322265625023,0.015677245,0.024414062,11.804834810722566,25.328759765625023,0.015028748,0.04144287,6.622136273704631,0,0,0
2016-02-25 20:00:00,1303.9996,26.910363769531276,0.017418824,0.027397156,21.003740773130005,26.261926269531276,0.015992127,0.02596283,11.86286695131862,24.621301269531276,0.015389405,0.047821045,6.74661604935175,0,0,0
2016-02-25 21:00:00,1272.4408,26.724969482421898,0.01761179,0.028816223,20.8630505452045,25.849969482421898,0.016169835,0.028526306,11.60372707079901,24.139031982421898,0.015582371,0.059280396,6.842466636411912,0,0,0
2016-02-25 22:00:00,1223.9868,26.573449707031276,0.01771365,0.028015137,20.6003097955316,25.612512207031276,0.016256435,0.029708862,11.551485674538254,23.776574707031276,0.015745265,0.069610596,6.809241528054203,0,0,0
2016-02-25 23:00:00,1163.5004,26.407861328125023,0.017707733,0.027946472,20.387763807880884,25.439111328125023,0.016349701,0.02897644,11.477726331974855,23.525048828125023,0.015899567,0.074645996,6.661489473756764,0,0,0
2016-02-26 00:00:00,1099.7991,26.255700683593773,0.017617201,0.029655457,20.20503124616964,25.263513183593773,0.016457533,0.031585693,11.0747963019038,23.318200683593773,0.015938735,0.08227539,6.711410075946748,0,0,0
2016-02-26 01:00:00,1046.323,26.138055419921898,0.017503416,0.028678894,19.78921235724694,25.130242919921898,0.01658026,0.034973145,10.891758033779771,23.153680419921898,0.015977537,0.08892822,6.725706251986678,0,0,0
2016-02-26 02:00:00,999.2646,26.032525634765648,0.01737465,0.03073883,19.468076191565157,25.071588134765648,0.016703263,0.036102295,10.88801946616132,23.102838134765648,0.016031876,0.09298706,6.6555335806411495,0,0,0
2016-02-26 03:00:00,964.3222,25.895654296875023,0.017251646,0.03253174,19.15754870444758,25.036279296875023,0.01681677,0.041900635,10.861709913661622,23.130029296875023,0.016099608,0.09490967,6.404744648544665,0,0,0
2016-02-26 04:00:00,945.7481,25.776025390625023,0.017197045,0.041152954,18.620397544411183,25.049462890625023,0.016914757,0.0594635,10.403035557168444,23.104150390625023,0.016167076,0.09454346,5.812656700729214,0,0,0
2016-02-26 05:00:00,971.2368,25.658532714843773,0.017150246,0.045654297,18.849656111517284,24.924157714843773,0.017012917,0.06484985,9.513470930758691,23.033532714843773,0.01621183,0.10134888,5.364111374127631,0,0,0
2016-02-26 06:00:00,978.0331,25.630334472656276,0.017065657,0.048431396,19.578127065355535,24.919396972656276,0.017134322,0.051651,9.029648582742963,22.989709472656276,0.016226424,0.10861206,5.102270540930926,0,0,0
2016-02-26 07:00:00,1089.6591,26.345391845703148,0.016775155,0.042144775,23.026987354112247,26.079766845703148,0.017271066,0.038131714,11.218143984437283,23.470391845703148,0.016248727,0.11853027,5.277445547165399,0,0,0
2016-02-26 08:00:00,1272.4407,27.431665039062523,0.016248226,0.05354309,26.214705660119087,28.353540039062523,0.016988277,0.036468506,14.89151191367738,24.525415039062523,0.016042233,0.11578369,5.3972633102841625,0,0,0
2016-02-26 09:00:00,1372.3477,28.455529785156276,0.015858805,0.05529785,26.80001867492936,30.549279785156276,0.01629368,0.03668213,16.574541484307765,25.994592285156276,0.015572702,0.113708496,5.50384539644322,0,0,0
2016-02-26 10:00:00,1459.2443,29.418603515625023,0.015559381,0.045211792,28.043796640777742,32.40297851562502,0.015830224,0.032546997,16.82744348702684,27.551416015625023,0.015105432,0.11947632,5.400113867512841,0,0,0
2016-02-26 11:00:00,1474.6381,30.172448730468773,0.015359595,0.03807068,29.821032461180504,33.84432373046877,0.015607551,0.044403076,16.822091863326722,28.984948730468773,0.014810279,0.11364746,5.356346879080749,0,0,0
2016-02-26 12:00:00,1469.7922,30.666772460937523,0.015194211,0.027908325,31.36135503838681,34.68239746093752,0.015495572,0.058303833,16.935041136239757,29.994897460937523,0.0150263645,0.10159302,4.986908486073724,0,0,0
2016-02-26 13:00:00,1487.5499,30.770715332031276,0.015029103,0.027389526,32.554447555811215,35.11446533203127,0.015414387,0.057128906,17.33340250343802,30.583215332031276,0.015204579,0.10897827,4.894843775094417,0,0,0
2016-02-26 14:00:00,1501.9196,30.395043945312523,0.014879024,0.02458191,33.145950884815385,35.05129394531252,0.015256679,0.06549072,17.935533513858957,30.645043945312523,0.0151956435,0.12484741,5.216004632900965,0,0,0
2016-02-26 15:00:00,1466.073,29.711389160156276,0.01477457,0.023590088,33.15739050597944,34.30513916015627,0.015133152,0.06010437,18.80807658459556,30.164514160156276,0.015178928,0.13317871,5.765715033595817,0,0,0
2016-02-26 16:00:00,1383.902,28.885461425781276,0.014842256,0.021720886,32.602806129676885,32.68233642578127,0.015029176,0.06530762,19.577401059976875,29.151086425781276,0.0152389845,0.13043213,6.4741706758898285,0,0,0
2016-02-26 17:00:00,1256.9529,27.994012451171898,0.014800027,0.025878906,31.364039556392,30.400262451171898,0.015021279,0.0680542,19.338120899453365,27.447137451171898,0.015467599,0.13269043,7.197979691298979,0,0,0
2016-02-26 18:00:00,1239.5904,27.121118164062523,0.014804152,0.03186035,29.24186729637004,28.136743164062523,0.0152619155,0.06964111,16.609694488122578,25.527368164062523,0.015723495,0.14904785,7.463536498198191,0,0,0
2016-02-26 19:00:00,1291.0329000000002,26.650506591796898,0.014957657,0.018722534,27.399133899671877,26.767694091796898,0.015640488,0.074798584,15.013933348062997,24.369256591796898,0.01586937,0.1552124,7.303386655143043,0,0,0
2016-02-26 20:00:00,1267.5785,26.382989501953148,0.015009163,0.017250061,26.051846827903223,26.047052001953148,0.015848396,0.06289673,14.437506373020105,24.000177001953148,0.015856026,0.14251709,6.912947589531571,0,0,0
2016-02-26 21:00:00,1216.4923,26.151208496093773,0.015064481,0.01663971,24.97651428580739,25.588708496093773,0.015880827,0.04978943,14.079431603836476,23.776208496093773,0.015781645,0.13098145,6.603240379412276,0,0,0
2016-02-26 22:00:00,1168.5369,25.929589843750023,0.015105638,0.017814636,25.097823053920404,25.226464843750023,0.015849505,0.03652954,13.943790013398228,23.609277343750023,0.015757952,0.11483765,6.523343790260683,0,0,0
2016-02-26 23:00:00,1116.3975,25.775201416015648,0.0150090875,0.02104187,25.864349667838827,24.908013916015648,0.01573388,0.030067444,13.942240519702295,23.501763916015648,0.01574914,0.099090576,6.468825948518145,0,0,0
2016-02-27 00:00:00,1072.0202,25.631646728515648,0.0147791,0.021820068,26.472111859442347,24.600396728515648,0.015454302,0.019866943,14.065398334133718,23.366021728515648,0.015629778,0.09375,6.512581682333618,0,0,0
2016-02-27 01:00:00,1019.586,25.441125488281276,0.014642283,0.020477295,26.71248034992843,24.323937988281276,0.015050456,0.008972168,13.757854823188731,23.222375488281276,0.01550822,0.084503174,6.647273429690723,0,0,0
2016-02-27 02:00:00,989.551,25.240869140625023,0.014662641,0.017723083,26.339293370250857,24.092431640625023,0.014597791,0.0035171509,13.468279995605938,23.092431640625023,0.01530351,0.06524658,6.9102216307984925,0,0,0
2016-02-27 03:00:00,958.4811,25.044824218750023,0.014800211,0.020103455,25.444243098114303,23.849511718750023,0.014292857,0.0016355515,12.966004868774348,22.951074218750023,0.014987132,0.053085327,7.228724307140409,0,0,0
2016-02-27 04:00:00,952.7568,24.938287353515648,0.014940226,0.03286743,23.51958485139632,23.563287353515648,0.014242137,0.0008842945,12.201570040875984,22.766412353515648,0.014673198,0.048446655,7.176603163411496,0,0,0
2016-02-27 05:00:00,938.6024,24.906854248046898,0.015115038,0.03553772,21.49562374554321,23.305291748046898,0.014344469,0.0017662048,11.83207554181418,22.594354248046898,0.0145237595,0.044174194,6.923940656040752,0,0,0
2016-02-27 06:00:00,939.2744,25.002282714843773,0.015320711,0.030937195,20.255940900996627,23.252282714843773,0.014374666,0.004337311,11.98626707099083,22.478845214843773,0.014408998,0.047836304,6.71852241450031,0,0,0
2016-02-27 07:00:00,983.8027,26.005426025390648,0.015255945,0.029914856,23.30660625010559,24.981988525390648,0.014325159,0.005678177,14.848634136848426,23.138238525390648,0.014355676,0.044433594,7.056891915761654,0,0,0
2016-02-27 08:00:00,1113.8938,27.274316406250023,0.014660948,0.030433655,27.28494568637436,27.446191406250023,0.013966673,0.016571045,18.23178042273471,24.704003906250023,0.014008635,0.04109192,7.422779930440613,0,0,0
2016-02-27 09:00:00,1223.7098,28.383386230468773,0.014348888,0.027130127,29.44658958493485,29.633386230468773,0.013574504,0.021224976,19.57937068157761,26.555261230468773,0.013551616,0.035629272,7.289694851740651,0,0,0
2016-02-27 10:00:00,1283.3918,29.432702636718773,0.014233825,0.018592834,31.069582925335464,31.542077636718773,0.013303039,0.020393372,20.20559278812264,28.245202636718773,0.013089416,0.03691101,7.185965234512587,0,0,0
2016-02-27 11:00:00,1282.6377,30.180932617187523,0.01425264,0.013969421,32.124524710735024,33.04030761718752,0.013260819,0.017677307,20.55135386664229,29.493432617187523,0.012948014,0.04319763,7.1530732119224165,0,0,0
2016-02-27 12:00:00,1249.2015,30.652703857421898,0.014297494,0.012302399,33.04169091652312,33.9495788574219,0.013317117,0.016540527,20.64149034486673,30.199578857421898,0.01327897,0.045578003,6.93481292648312,0,0,0
2016-02-27 13:00:00,1246.6848,30.831445312500023,0.014296202,0.009860992,33.95223248294834,34.30019531250002,0.013315825,0.02029419,20.938312848610536,30.378320312500023,0.01369348,0.0493927,6.899584691361433,0,0,0
2016-02-27 14:00:00,1233.9902,30.637780761718773,0.014260917,0.007417679,34.71323496363635,34.05965576171877,0.013166099,0.03805542,21.38144511178698,30.106530761718773,0.013799339,0.06123352,7.380026678641874,0,0,0
2016-02-27 15:00:00,1213.4278,30.078912353515648,0.014226014,0.0064697266,35.12205164797311,33.00078735351565,0.0131083075,0.04673767,21.993687060331936,29.469537353515648,0.013737733,0.0640564,8.237036601391075,0,0,0
2016-02-27 16:00:00,1193.3004999999998,29.147119140625023,0.014321085,0.007162094,34.99295953183833,31.381494140625023,0.013195749,0.03755188,22.273202164663456,28.475244140625023,0.013699289,0.06384277,9.153801125364511,0,0,0
2016-02-27 17:00:00,1135.9496,27.995050048828148,0.014607004,0.011051178,33.90379071942376,29.416925048828148,0.013489298,0.03437805,21.327406280816056,27.041925048828148,0.013889841,0.088134766,9.598941363138373,0,0,0
2016-02-27 18:00:00,1158.0949,26.992944335937523,0.014911898,0.02986145,31.992100961421414,27.446069335937523,0.014023074,0.037200928,18.33668173620098,25.282006835937523,0.01445032,0.09729004,9.197226085436084,0,0,0
2016-02-27 19:00:00,1216.4641,26.546289062500023,0.015221141,0.044311523,30.46789506012076,26.186914062500023,0.014820598,0.050354004,16.257872398225796,24.038476562500023,0.015118144,0.097595215,8.669760418389904,0,0,0
2016-02-27 20:00:00,1188.0616,26.324182128906276,0.015424163,0.05331421,29.63118247889639,25.238244628906276,0.015515716,0.04611206,15.417609800340855,23.324182128906276,0.015607269,0.108062744,8.299124471607788,0,0,0
2016-02-27 21:00:00,1153.9252,26.1525817871094,0.015608685,0.054153442,29.121172880928704,24.6447692871094,0.015887158,0.04135132,15.21532119757936,23.0588317871094,0.015826123,0.107666016,8.103133930476483,0,0,0
2016-02-27 22:00:00,1113.9326,25.948785400390648,0.015889112,0.05227661,27.60030381408659,24.198785400390648,0.016064588,0.032608032,15.22520060289642,22.956597900390648,0.015881483,0.101257324,7.879935238567236,0,0,0
2016-02-27 23:00:00,1076.216,25.778649902343773,0.016005963,0.054092407,26.741319107011304,23.880212402343773,0.01603648,0.025535583,15.392249398730984,22.888024902343773,0.015830487,0.09539795,7.705049830627707,0,0,0
2016-02-28 00:00:00,1006.7835,25.626977539062523,0.01596893,0.05090332,26.150718921239168,23.611352539062523,0.015885007,0.023246765,15.494017892531996,22.798852539062523,0.015747678,0.092437744,7.674326734803485,0,0,0
2016-02-28 01:00:00,989.0429,25.504724121093773,0.015855523,0.034683228,25.480958969778417,23.426599121093773,0.015718194,0.016410828,15.842867515410203,22.684411621093773,0.015615197,0.08755493,7.915296767184263,0,0,0
2016-02-28 02:00:00,941.9186,25.375360107421898,0.015803507,0.025108337,25.499046972080645,23.273797607421898,0.015647104,0.01688385,15.988101626388376,22.547235107421898,0.01545637,0.08016968,8.2314044494737,0,0,0
2016-02-28 03:00:00,909.0921,25.294274902343773,0.015797472,0.019966125,26.196422967534048,23.122399902343773,0.015572405,0.023162842,15.61883977197903,22.419274902343773,0.015335894,0.073150635,8.4005989951052,0,0,0
2016-02-28 04:00:00,889.2973000000001,25.249780273437523,0.015789002,0.018157959,25.197161051372998,23.031030273437523,0.015624971,0.019065857,14.84086355570664,22.273217773437523,0.015174837,0.07839966,8.1697728095339,0,0,0
2016-02-28 05:00:00,874.5333,25.106652832031276,0.015801733,0.023719788,22.80132578960425,22.942590332031276,0.015733069,0.016578674,13.872011644378317,22.153527832031276,0.015137976,0.076690674,7.78507631650353,0,0,0
2016-02-28 06:00:00,848.9685999999999,25.015100097656276,0.015845034,0.021697998,20.5484849802936,22.929162597656276,0.015814517,0.01651001,13.044817875577351,22.108850097656276,0.015169834,0.07699585,7.4532560056293,0,0,0
2016-02-28 07:00:00,838.0504999999999,25.948358154296898,0.015667422,0.024459839,23.45387135252725,24.042108154296898,0.01618622,0.016609192,14.480894795796084,22.588983154296898,0.015255434,0.06802368,7.510349304771882,0,0,0
2016-02-28 08:00:00,888.6986,27.158593750000023,0.015161952,0.0385437,27.228873086138098,26.025781250000023,0.016268214,0.013694763,16.605374305041934,23.830468750000023,0.014994105,0.06265259,7.830474844378989,0,0,0
2016-02-28 09:00:00,943.6675,28.241113281250023,0.014955122,0.038467407,27.377119727435037,28.522363281250023,0.015008528,0.00850296,18.90901121849661,25.639550781250023,0.014424879,0.045440674,7.8376355319191235,0,0,0
2016-02-28 10:00:00,1005.743,29.2541442871094,0.014980913,0.03729248,27.22285712770268,30.4260192871094,0.014237047,0.005508423,19.111043563447403,27.3635192871094,0.013935686,0.03378296,7.679544238037795,0,0,0
2016-02-28 11:00:00,1055.4441000000002,30.044763183593773,0.015094811,0.03378296,27.080152635242783,31.872888183593773,0.013847405,0.005405426,18.6626806599176,28.591638183593773,0.013584191,0.03201294,7.499060518550885,0,0,0
2016-02-28 12:00:00,1077.6224,30.543603515625023,0.015246729,0.046554565,26.7720824631567,32.84047851562502,0.013671259,0.009941101,17.98350058623073,29.262353515625023,0.01353393,0.033309937,7.20615700680763,0,0,0
2016-02-28 13:00:00,1092.5939,30.699914550781276,0.015356728,0.05809021,26.702323281009008,33.30928955078127,0.013727852,0.008506775,17.34099413282435,29.418664550781276,0.013598152,0.038467407,6.94489673447099,0,0,0
2016-02-28 14:00:00,1107.2045,30.476617431640648,0.015371271,0.062088013,26.80180799164664,33.28911743164065,0.013780543,0.005908966,16.94582816577936,29.179742431640648,0.013578364,0.04460144,6.9943529457178855,0,0,0
2016-02-28 15:00:00,1085.4205,30.072656250000023,0.015347867,0.056106567,27.20192347064688,32.51015625000002,0.013944059,0.00607872,16.82681989193981,28.603906250000023,0.013574033,0.048675537,7.259570262580208,0,0,0
2016-02-28 16:00:00,1053.4165,29.245568847656276,0.015240905,0.040390015,27.70662523493577,31.104943847656276,0.014081237,0.009189606,16.855590644475235,27.636193847656276,0.013486144,0.049713135,7.790123658282206,0,0,0
2016-02-28 17:00:00,1031.6936,28.202722167968773,0.015187599,0.02708435,27.369088014761576,29.030847167968773,0.014340736,0.016540527,16.094833815144206,26.265222167968773,0.013425209,0.049591064,8.161824224985823,0,0,0
2016-02-28 18:00:00,1057.0816,27.236047363281276,0.015298489,0.022224426,25.85367678202492,26.470422363281276,0.014936092,0.034561157,13.132412841089357,24.431359863281276,0.013841274,0.06317139,7.768003950563914,0,0,0
2016-02-28 19:00:00,1142.5903999999998,26.721032714843773,0.015535309,0.011634827,24.039333727040752,24.994470214843773,0.015359833,0.0473938,12.465689422601612,23.142907714843773,0.014360382,0.07849121,7.125042258689443,0,0,0
2016-02-28 20:00:00,1147.9313,26.440332031250023,0.015768649,0.005662918,21.99941495637672,24.315332031250023,0.01551688,0.035232544,11.74888527634926,22.776269531250023,0.014517429,0.07650757,6.741296192013055,0,0,0
2016-02-28 21:00:00,1135.5563,26.282189941406276,0.015822973,0.012073517,20.76738935083605,24.016564941406276,0.015571203,0.01966095,10.752576276219935,22.579064941406276,0.014621343,0.07058716,6.537527541618611,0,0,0
2016-02-28 22:00:00,1090.772,26.192468261718773,0.015786022,0.017059326,21.289021545258773,23.825280761718773,0.015671581,0.01027298,10.207597662958122,22.473718261718773,0.01474461,0.06573486,6.489797090670569,0,0,0
2016-02-28 23:00:00,1010.1097,26.099877929687523,0.015741156,0.013568878,22.37004315074976,23.646752929687523,0.015840339,0.0064086914,9.992098341507525,22.443627929687523,0.014856146,0.060546875,6.576329666116306,0,0,0
2016-02-29 00:00:00,981.4181,25.972863769531276,0.015673643,0.013450623,22.88894574418563,23.558801269531276,0.016009336,0.008110046,10.087660947742368,22.410363769531276,0.014922148,0.057800293,6.737783363059544,0,0,1
2016-02-29 01:00:00,949.5285,25.845910644531276,0.015609753,0.013458252,23.030812954320872,23.494348144531276,0.016101848,0.015785217,10.10410533223102,22.377160644531276,0.0149269225,0.059448242,6.79296969062224,0,0,1
2016-02-29 02:00:00,912.7387,25.746392822265648,0.01558752,0.015617371,23.540526293475857,23.457330322265648,0.016064357,0.017555237,10.245719544372353,22.363580322265648,0.014900874,0.06564331,6.680804773953011,0,0,1
2016-02-29 03:00:00,888.9286999999999,25.664575195312523,0.015599128,0.015361786,23.64687254794655,23.414575195312523,0.01594245,0.014656067,10.40372105567038,22.445825195312523,0.01487815,0.08157349,6.650284432659879,0,0,1
2016-02-29 04:00:00,880.6522,25.567529296875023,0.015659887,0.017349243,22.152280916526124,23.333154296875023,0.015804846,0.007375717,10.0124228485221,22.505029296875023,0.014881688,0.08944702,6.518908742140398,0,0,1
2016-02-29 05:00:00,923.4939,25.463739013671898,0.015788192,0.016662598,19.77601467765337,23.205926513671898,0.01569664,0.0035104752,9.545832462607692,22.541864013671898,0.0149337,0.08691406,6.269371785355197,0,0,1
2016-02-29 06:00:00,947.1854,25.442834472656276,0.015931088,0.014629364,18.852488499713665,23.247521972656276,0.01558395,0.0041675568,9.72698789544155,22.614709472656276,0.015034634,0.07266235,6.115120205637378,0,0,1
2016-02-29 07:00:00,1037.3579,26.146752929687523,0.015922202,0.015945435,21.36278549548201,24.990502929687523,0.015452995,0.005739212,13.210571304199892,23.334252929687523,0.015052452,0.060806274,6.564014578292252,0,0,1
2016-02-29 08:00:00,1217.7828,27.176477050781276,0.015677134,0.026123047,24.520120173746317,27.582727050781276,0.014746348,0.0074424744,17.263921066231003,24.934289550781276,0.014818828,0.04145813,6.9216824155585925,0,0,1
2016-02-29 09:00:00,1332.1919,28.251031494140648,0.01569877,0.02720642,25.259053927212943,29.782281494140648,0.01400886,0.004831314,17.770769760298375,26.946343994140648,0.014420847,0.031211853,6.585842936098239,0,0,1
2016-02-29 10:00:00,1419.9263,29.259881591796898,0.015766649,0.023513794,25.30008386892056,31.681756591796898,0.013660937,0.002614975,17.022734665246897,28.759881591796898,0.014015703,0.02368927,5.823671810020726,0,0,1
2016-02-29 11:00:00,1448.9828,30.053063964843773,0.015857827,0.023490906,24.803136762549183,33.20931396484377,0.013641489,0.0012750626,15.874926046364408,30.099938964843773,0.013977182,0.019424438,4.8170191999911625,0,0,1
2016-02-29 12:00:00,1443.7213,30.540124511718773,0.01594147,0.023094177,24.11655713917453,34.24324951171877,0.013847202,0.00078463554,14.633032180595372,31.024499511718773,0.013927311,0.011089325,3.975229328665784,0,0,1
2016-02-29 13:00:00,1450.7399,30.774072265625023,0.015986886,0.025306702,23.68974839623985,34.78969726562502,0.014010874,0.00077438354,13.896601260049543,31.555322265625023,0.013797251,0.01776123,3.418815394583333,0,0,1
2016-02-29 14:00:00,1458.215,30.696801757812523,0.015971279,0.023986816,23.41363808736968,34.80617675781252,0.01407156,0.0012350082,13.529924719488983,31.462426757812523,0.013953305,0.016220093,3.1524506164361408,0,0,1
2016-02-29 15:00:00,1422.0886,30.306542968750023,0.015909925,0.019203186,23.12852816993804,34.18154296875002,0.014136091,0.0018310547,13.39764512279773,30.931542968750023,0.014063612,0.036712646,3.257425768834239,0,0,1
2016-02-29 16:00:00,1338.6868,29.5878845214844,0.015803143,0.014789581,23.17928747127015,32.8535095214844,0.014159009,0.0039634705,13.454960574089132,29.8691345214844,0.014105603,0.03894043,3.7815241438425153,0,0,1
2016-02-29 17:00:00,1229.3924,28.539025878906276,0.015749762,0.018592834,23.398793585562604,30.867150878906276,0.014166663,0.0042495728,13.528263413321923,28.476525878906276,0.014143775,0.034439087,4.746614392015947,0,0,1
2016-02-29 18:00:00,1182.6601999999998,27.440454101562523,0.015826372,0.020111084,23.199215934921536,28.440454101562523,0.014254717,0.0050582886,12.557722935885815,26.706079101562523,0.014460711,0.02267456,5.6685013452605535,0,0,1
2016-02-29 19:00:00,1248.9811,26.762353515625023,0.016048452,0.019981384,22.62932414004352,26.840478515625023,0.014404318,0.005914688,13.028611222543391,25.340478515625023,0.014488242,0.017166138,6.719959244604502,0,0,1
2016-02-29 20:00:00,1209.6781,26.431054687500023,0.016293967,0.018341064,21.65453891880713,25.931054687500023,0.014653647,0.0047893524,12.857059282303709,24.501367187500023,0.014821494,0.022392273,6.656059103364061,0,0,1
2016-02-29 21:00:00,1165.3039,26.250695800781276,0.016561748,0.019676208,20.227593805182583,25.375695800781276,0.015043498,0.002705574,12.232579171809194,24.071008300781276,0.0149748335,0.031417847,6.604449419613301,0,0,1
2016-02-29 22:00:00,1125.015,26.083093261718773,0.016799944,0.025535583,19.3945907995687,25.067468261718773,0.015384691,0.0014719963,12.003855867785989,23.809655761718773,0.015094774,0.037246704,6.551783870611654,0,0,1
2016-02-29 23:00:00,1044.2987,25.943902587890648,0.016992016,0.03161621,18.96992418755649,24.842340087890648,0.015637798,0.0015339851,11.717353979348058,23.592340087890648,0.015145702,0.034729004,6.520937582366895,0,0,1
2016-03-01 00:00:00,981.0915,25.815301513671898,0.017115325,0.03503418,19.221920089160253,24.619989013671898,0.01578018,0.008399963,11.352891058051096,23.369989013671898,0.015104979,0.032196045,6.34939053832176,0,0,1
2016-03-01 01:00:00,969.5289,25.678552246093773,0.017169312,0.034484863,19.917398554975847,24.428552246093773,0.015780762,0.019340515,11.1600629275609,23.139489746093773,0.014972045,0.03352356,6.0844266868711765,0,0,1
2016-03-01 02:00:00,937.55,25.572534179687523,0.017161965,0.03199768,20.087223581383668,24.236596679687523,0.01571238,0.022102356,10.746641143535031,22.892846679687523,0.014857887,0.04144287,5.793952123579134,0,0,1
2016-03-01 03:00:00,909.4547,25.511865234375023,0.017123552,0.025016785,19.859654536167,24.058740234375023,0.015651079,0.01927948,10.132654577243729,22.668115234375023,0.014792772,0.047195435,5.522382200615758,0,0,1
2016-03-01 04:00:00,902.9859,25.455163574218773,0.017053468,0.013847351,18.744816006998587,23.775476074218773,0.015622957,0.019752502,8.587642165427352,22.447351074218773,0.01476465,0.05368042,5.234456906716911,0,0,1
2016-03-01 05:00:00,932.5518,25.354028320312523,0.017051846,0.010669708,16.740412513818544,23.541528320312523,0.015613705,0.021659851,7.467622802460246,22.283715820312523,0.014785916,0.054504395,5.073298419894084,0,0,1
2016-03-01 06:00:00,954.8637,25.301446533203148,0.01710383,0.016708374,15.324952545839304,23.629571533203148,0.015631357,0.019309998,7.816948113597079,22.207696533203148,0.014815012,0.04862976,5.042124523884299,0,0,1
2016-03-01 07:00:00,1055.6663999999998,26.141870117187523,0.017026724,0.025794983,18.76729205068029,25.266870117187523,0.015645804,0.012710571,11.548033470092092,22.962182617187523,0.014818014,0.045288086,5.610521435907351,0,0,1
2016-03-01 08:00:00,1224.1683,27.325769042968773,0.016713245,0.043563843,22.04264241684279,27.833581542968773,0.0152941765,0.0054473877,14.974482690094424,24.841394042968773,0.014523608,0.039398193,5.882174879071805,0,0,1
2016-03-01 09:00:00,1300.6496,28.474267578125023,0.016506683,0.057632446,22.52162278882213,30.255517578125023,0.014683257,0.003320694,15.21902733520724,26.903955078125023,0.013981353,0.028556824,5.389023687942381,0,0,1
2016-03-01 10:00:00,1383.5355,29.484277343750023,0.016452778,0.063812256,22.45583556185897,32.29677734375002,0.01440047,0.002450943,14.33991978387463,28.765527343750023,0.013401019,0.021751404,4.463867849793487,0,0,1
2016-03-01 11:00:00,1422.7479,30.3029724121094,0.016429352,0.06600952,22.489924379783904,33.8185974121094,0.014502929,0.0022239685,13.302910381626347,30.2717224121094,0.013301299,0.020980835,3.4565161452510216,0,0,1
2016-03-01 12:00:00,1424.3581,30.8642517089844,0.016428443,0.07891846,23.15806420018737,34.8330017089844,0.014585945,0.002620697,12.937282182269657,31.2861267089844,0.013426277,0.018234253,2.507426494232216,0,0,1
2016-03-01 13:00:00,1426.0453,31.090661621093773,0.016404847,0.0932312,24.257745244471984,35.27816162109377,0.014608124,0.0046806335,13.02325640410045,31.653161621093773,0.01378415,0.028564453,1.732289659686674,0,0,1
2016-03-01 14:00:00,1452.8003,30.965203857421898,0.016366243,0.1076355,25.293289585320352,35.2308288574219,0.0145504465,0.0077667236,13.216793821347734,31.387078857421898,0.014138459,0.036224365,1.3590319338703407,0,0,1
2016-03-01 15:00:00,1413.0442,30.4870544433594,0.016366024,0.1060791,25.697023675064703,34.5964294433594,0.014443416,0.015731812,13.353996398760756,30.7995544433594,0.014260311,0.040405273,1.2717962489011456,0,0,1
2016-03-01 16:00:00,1330.1475,29.696862792968773,0.016358472,0.088531494,25.508953470366446,33.18123779296877,0.014386274,0.017936707,13.420922266371283,29.853112792968773,0.014386274,0.028633118,1.389503318946007,0,0,1
2016-03-01 17:00:00,1233.4773,28.674188232421898,0.016389826,0.06314087,24.682573949795216,31.033563232421898,0.014432888,0.044662476,13.11298152304914,28.564813232421898,0.014394741,0.028793335,1.5772874433831838,0,0,1
2016-03-01 18:00:00,1223.1514,27.685357666015648,0.016543133,0.043548584,23.08397604294312,28.716607666015648,0.014605266,0.07196045,11.993317536334295,26.935357666015648,0.014219982,0.039886475,1.967723197200998,0,0,1
2016-03-01 19:00:00,1276.8729,27.110131835937523,0.016818855,0.029464722,21.627849554284715,27.250756835937523,0.014797066,0.048736572,12.056151014428895,25.672631835937523,0.014617776,0.047164917,3.1627078398910675,0,0,1
2016-03-01 20:00:00,1239.933,26.782891845703148,0.017071733,0.019554138,20.267278395170955,26.345391845703148,0.01509572,0.0156059265,11.444668343914438,24.806329345703148,0.015011797,0.057769775,4.210007543126686,0,0,1
2016-03-01 21:00:00,1188.5691,26.584588623046898,0.01727114,0.01360321,19.05597695129692,25.615838623046898,0.015539267,0.008449554,10.595223556255492,24.248651123046898,0.015302756,0.06530762,4.796324037602301,0,0,1
2016-03-01 22:00:00,1140.2942,26.402001953125023,0.017371511,0.01651764,18.671388722747366,25.159814453125023,0.015899038,0.0067977905,10.264343282035856,23.933251953125023,0.0153497225,0.06716919,5.4200528700386,0,0,1
2016-03-01 23:00:00,1079.1374,26.2443786621094,0.017327389,0.018692017,19.190201929569582,24.8381286621094,0.016160091,0.009635925,10.128106518063252,23.7209411621094,0.015290341,0.057540894,5.69681837730706,0,0,1
2016-03-02 00:00:00,1022.5703,26.086633300781276,0.017305147,0.0235672,18.96249976664212,24.633508300781276,0.016336214,0.020858765,9.830001839126306,23.492883300781276,0.015199434,0.050125122,5.571971169763427,0,0,1
2016-03-02 01:00:00,976.8145,25.920190429687523,0.01732104,0.032333374,18.565926086521927,24.506127929687523,0.01645129,0.029594421,9.484305646916171,23.240502929687523,0.015093258,0.044555664,5.319686645801752,0,0,1
2016-03-02 02:00:00,961.1939,25.759545898437523,0.017352099,0.038009644,18.407128296704723,24.384545898437523,0.016505236,0.031707764,8.851554514249212,22.986108398437523,0.015048021,0.041809082,5.112622964215017,0,0,1
2016-03-02 03:00:00,933.406,25.619042968750023,0.017390326,0.048950195,18.643400809342516,24.244042968750023,0.01657398,0.033691406,7.957942766388819,22.720605468750023,0.015025213,0.04876709,4.956932449979489,0,0,1
2016-03-02 04:00:00,926.8784,25.522424316406276,0.01744324,0.055999756,17.85418108529659,24.194299316406276,0.016649783,0.044448853,7.0402154998958055,22.514611816406276,0.015020907,0.04815674,4.748817252425707,0,0,1
2016-03-02 05:00:00,938.7281,25.446618652343773,0.017464979,0.05305481,16.71407620309163,24.118493652343773,0.016755445,0.046691895,6.393081415296146,22.345056152343773,0.015065533,0.0476532,4.549554610199122,0,0,1
2016-03-02 06:00:00,947.0957,25.465051269531276,0.017471015,0.04812622,17.03482879722831,24.293176269531276,0.016883552,0.050598145,6.909046644589207,22.285363769531276,0.015136421,0.05267334,4.509145750693914,0,0,1
2016-03-02 07:00:00,1093.6777,26.254571533203148,0.017324453,0.053955078,21.605931802690204,25.840509033203148,0.017034536,0.06375122,10.646450257065586,23.160821533203148,0.015222555,0.057250977,5.032437749895521,0,0,1
2016-03-02 08:00:00,1233.2282,27.394403076171898,0.016827196,0.05807495,25.8396189403486,28.019403076171898,0.01665935,0.058517456,14.30245520582221,25.105340576171898,0.015144915,0.057540894,5.231259450596302,0,0,1
2016-03-02 09:00:00,1331.4995,28.557183837890648,0.016597372,0.04762268,25.841102647905146,30.041558837890648,0.016078573,0.045959473,14.838008408485065,27.541558837890648,0.014827352,0.058624268,4.810022250340126,0,0,1
2016-03-02 10:00:00,1416.0415,29.578820800781276,0.016489994,0.047943115,24.920556354710868,31.969445800781276,0.015704166,0.03552246,14.10310792150632,29.703820800781276,0.014506351,0.050247192,3.5848589543005738,0,0,1
2016-03-02 11:00:00,1444.3557,30.334497070312523,0.016428713,0.045837402,24.293330994043053,33.63137207031252,0.015513185,0.028305054,12.96710199313408,31.178247070312523,0.014876131,0.046813965,1.8047421216749169,0,0,1
2016-03-02 12:00:00,1447.9914,30.836755371093773,0.01625309,0.027130127,24.13957051701819,34.86800537109377,0.015364265,0.034194946,12.316763270872066,32.05550537109377,0.015192604,0.055252075,0.8386636201463816,0,0,1
2016-03-02 13:00:00,1492.4353,31.063653564453148,0.016062234,0.013446808,24.14312562898016,35.34490356445315,0.0151810385,0.047042847,12.25574507541323,32.37615356445315,0.015097115,0.08206177,0.4098007601647148,0,0,1
2016-03-02 14:00:00,1492.8517000000002,30.966333007812523,0.015848553,0.0037908554,24.118218591296877,35.27883300781252,0.014982617,0.058120728,12.65639599525169,32.16945800781252,0.014994062,0.11383057,0.6012271052639055,0,0,1
2016-03-02 15:00:00,1482.1753,30.545617675781276,0.01567314,0.002817154,24.401032035139064,34.71749267578127,0.014734725,0.05026245,13.251588718967252,31.154992675781276,0.015043715,0.13189697,1.028399091784055,0,0,1
2016-03-02 16:00:00,1382.8396,29.799951171875023,0.01549009,0.002333641,25.07273653412348,33.59682617187502,0.014620339,0.024719238,14.020942353972083,29.846826171875023,0.01536039,0.13140869,0.9215294309874512,0,0,1
2016-03-02 17:00:00,1259.4782,28.726770019531276,0.015425408,0.002090454,25.620519461089284,31.711145019531276,0.0146662835,0.016288757,14.32929720510863,28.367395019531276,0.015631402,0.12121582,0.891889496654058,0,0,1
2016-03-02 18:00:00,1236.0363,27.5876403808594,0.015578497,0.0038833618,24.80548866816387,29.1813903808594,0.014876593,0.022270203,13.219104830260926,26.7751403808594,0.01584934,0.095184326,1.1494116376852874,0,0,1
2016-03-02 19:00:00,1284.7731,26.941278076171898,0.015888076,0.0060653687,23.56974844991324,27.394403076171898,0.015132766,0.041046143,13.7603825990581,25.753778076171898,0.015689712,0.081604004,1.957089579735151,0,0,1
2016-03-02 20:00:00,1271.0504,26.667687988281276,0.016071873,0.01039505,22.127982742203542,26.448937988281276,0.0154958535,0.04736328,13.450972375145003,25.027062988281276,0.015682774,0.07977295,2.5619108611419352,0,0,1
2016-03-02 21:00:00,1235.1101,26.548913574218773,0.016148958,0.017829895,21.467570416557244,25.923913574218773,0.0158743,0.043182373,12.33692423395894,24.525476074218773,0.01555768,0.08023071,3.8806793456804023,0,0,1
2016-03-02 22:00:00,1179.3678,26.451623535156276,0.016233934,0.026771545,21.82301444234013,25.607873535156276,0.016050829,0.036392212,11.845569641921047,24.100061035156276,0.015581621,0.07418823,4.7076332278449815,0,0,1
2016-03-02 23:00:00,1121.484,26.299127197265648,0.016235119,0.030296326,21.789823330096915,25.338189697265648,0.016166454,0.027160645,11.74757443329975,23.806939697265648,0.0155942505,0.07354736,5.067359270683294,0,0,1
2016-03-03 00:00:00,1046.6793,26.064508056640648,0.01619043,0.030525208,21.82364082430164,25.150445556640648,0.01632776,0.033187866,11.653903945581996,23.611383056640648,0.015541932,0.07546997,5.352266291541033,0,0,1
2016-03-03 01:00:00,1004.0921,25.838769531250023,0.01611489,0.032592773,21.94867954323007,25.018457031250023,0.016442955,0.046813965,11.430283608109486,23.455957031250023,0.015519798,0.08093262,5.357351688783328,0,0,1
2016-03-03 02:00:00,971.0246,25.663232421875023,0.015970532,0.033935547,22.137512930764505,24.866357421875023,0.016466442,0.04888916,11.14351200485045,23.342919921875023,0.015531841,0.087402344,5.145262218499572,0,0,1
2016-03-03 03:00:00,951.7734,25.514916992187523,0.015841104,0.03503418,22.371628791401697,24.702416992187523,0.01639042,0.043395996,10.853605559056945,23.249291992187523,0.015539742,0.09118652,4.914858366981349,0,0,1
2016-03-03 04:00:00,938.5475,25.423883056640648,0.015711213,0.032714844,21.487191690360127,24.494195556640648,0.016306305,0.027893066,9.881894079422418,23.158258056640648,0.015543365,0.08547974,4.584124767752512,0,0,1
2016-03-03 05:00:00,943.5107,25.341027832031276,0.01568758,0.030578613,19.63179269822037,24.278527832031276,0.016244525,0.019241333,8.872863615554698,23.067590332031276,0.015481585,0.08258057,4.3812121597810885,0,0,1
2016-03-03 06:00:00,960.3133,25.362878417968773,0.01567886,0.026771545,18.86068822452496,24.237878417968773,0.016159512,0.017616272,8.67170757070212,22.941003417968773,0.015388944,0.08230591,4.424421744629803,0,0,1
2016-03-03 07:00:00,1059.3593,26.140039062500023,0.0154604595,0.02242279,20.73667140636667,25.866601562500023,0.015929667,0.02243805,12.32741260863508,23.538476562500023,0.015258281,0.0753479,4.870339216759313,0,0,1
2016-03-03 08:00:00,1252.1373,27.191949462890648,0.015123574,0.03227234,22.431254598468808,28.106011962890648,0.015253274,0.023719788,14.964422896881748,25.027886962890648,0.014833657,0.061782837,5.051227837664746,0,0,1
2016-03-03 09:00:00,1357.5932,28.226953125000023,0.015107318,0.030464172,21.576293142735384,30.289453125000023,0.014500781,0.019439697,15.2493183621516,26.711328125000023,0.014260455,0.047439575,4.9420717904230775,0,0,1
2016-03-03 10:00:00,1418.7374,29.177514648437523,0.014969319,0.029815674,20.603373027311303,32.17751464843752,0.0138172805,0.01902008,14.748378320545534,28.318139648437523,0.013645619,0.038391113,4.7482174610546855,0,0,1
2016-03-03 11:00:00,1453.9393,29.937066650390648,0.014793298,0.024612427,20.04777380554024,33.40581665039065,0.013431451,0.030509949,13.92435169731179,29.640191650390648,0.013397119,0.030426025,4.285613928028552,0,0,1
2016-03-03 12:00:00,1446.4959,30.484277343750023,0.01467822,0.021026611,19.571826335536457,34.12490234375002,0.013144712,0.03552246,13.260863869261383,30.499902343750023,0.0135032935,0.03187561,3.5116808930627723,0,0,1
2016-03-03 13:00:00,1486.8846999999998,30.785668945312523,0.014677714,0.018096924,19.307442498047998,34.45754394531252,0.013006876,0.033416748,12.680126403996844,30.863793945312523,0.013479899,0.036972046,2.755086100318104,0,0,1
2016-03-03 14:00:00,1495.8269,30.8249450683594,0.014768747,0.013008118,19.146100850967283,34.3718200683594,0.012907174,0.028816223,12.079123718108168,30.8874450683594,0.013479379,0.03414917,2.298346397726076,0,0,1
2016-03-03 15:00:00,1460.8593999999998,30.604943847656276,0.014894233,0.011024475,18.974087707541997,33.85494384765627,0.012868629,0.02143097,11.505052952451836,30.573693847656276,0.013383613,0.026473999,2.244399185623989,0,0,1
2016-03-03 16:00:00,1362.1768,30.025506591796898,0.015092237,0.019859314,18.916623243822627,32.7755065917969,0.012952192,0.013828278,11.086119721348592,29.838006591796898,0.013345106,0.018463135,2.48711678701704,0,0,1
2016-03-03 17:00:00,1242.3656999999998,29.033990478515648,0.015324994,0.036895752,18.673521419959325,31.049615478515648,0.013245984,0.011898041,10.549080238204198,28.627740478515648,0.0135168275,0.016593933,2.874585264394849,0,0,1
2016-03-03 18:00:00,1196.3147,27.955468750000023,0.0155962035,0.043304443,18.647496056894465,28.658593750000023,0.013959698,0.014568329,8.66113337846359,26.955468750000023,0.013833813,0.020271301,3.230158038805216,0,0,1
2016-03-03 19:00:00,1249.9732,27.224572753906276,0.015894217,0.05015564,19.110623833311667,27.115197753906276,0.014318747,0.016532898,9.725150358709715,25.615197753906276,0.0142043065,0.02092743,4.170124617711081,0,0,1
2016-03-03 20:00:00,1227.8481,26.775170898437523,0.016169257,0.05293274,18.80597426268445,26.134545898437523,0.014628119,0.009033203,10.01772825060545,24.681420898437523,0.014498419,0.020454407,5.259469881068871,0,0,1
2016-03-03 21:00:00,1194.5241,26.505273437500023,0.016436504,0.044448853,18.067293187688158,25.341210937500023,0.014944958,0.0012807846,9.377033275602567,24.114648437500023,0.014811443,0.026756287,5.609513777607377,0,0,1
2016-03-03 22:00:00,1132.7565,26.318688964843773,0.01666645,0.03956604,18.05717063767157,24.623376464843773,0.015235938,0.0019307137,8.65236489045809,23.857751464843773,0.015075721,0.043151855,5.688013715075606,0,0,1
2016-03-03 23:00:00,1066.4971,26.148889160156276,0.01686602,0.041122437,17.930559491663445,24.148889160156276,0.015408806,0.0038938522,8.674394165343317,23.719201660156276,0.015252403,0.04220581,5.793602536000706,0,0,1
2016-03-04 00:00:00,1027.784,25.975366210937523,0.016966589,0.041152954,18.62700019900076,23.826928710937523,0.01550556,0.011299133,8.722491282411978,23.561303710937523,0.0153071955,0.04159546,5.634231377673718,0,0,1
2016-03-04 01:00:00,970.7348,25.791406250000023,0.016998516,0.03717041,19.051959776508127,23.619531250000023,0.015602337,0.01714325,8.586171503045575,23.283593750000023,0.015289532,0.05126953,5.363542511446584,0,0,1
2016-03-04 02:00:00,940.3033,25.632104492187523,0.016953763,0.051696777,18.948938932882992,23.460229492187523,0.015702542,0.02330017,8.26509979021647,23.007104492187523,0.015271482,0.056411743,5.185379433207662,0,0,1
2016-03-04 03:00:00,926.2,25.517297363281276,0.016908372,0.08062744,18.492770977605705,23.314172363281276,0.015771592,0.027015686,7.998677730958135,22.821984863281276,0.015229906,0.05722046,4.8848145036413975,0,0,1
2016-03-04 04:00:00,922.196,25.428674316406276,0.01686202,0.059051514,17.589975692792954,23.100549316406276,0.015839681,0.02696991,7.2599877954806065,22.608361816406276,0.015202627,0.059555054,3.983480634054037,0,0,1
2016-03-04 05:00:00,934.4523,25.270104980468773,0.016807303,0.027038574,15.89974356390534,22.848229980468773,0.015899405,0.027160645,5.949704818455938,22.441979980468773,0.015105948,0.063568115,3.293498501233075,0,0,1
2016-03-04 06:00:00,947.5798,25.196679687500023,0.01676745,0.017936707,14.44824101390879,22.938867187500023,0.015966363,0.026916504,5.2547110864142255,22.384179687500023,0.015012689,0.06506348,3.2437378017659237,0,0,1
2016-03-04 07:00:00,1037.7331,26.046929931640648,0.016544642,0.011100769,16.94156597587259,25.531304931640648,0.016010584,0.032928467,9.97126202063609,23.289117431640648,0.01499206,0.05404663,3.6873945835369,0,0,1
2016-03-04 08:00:00,1235.2434999999998,27.216180419921898,0.016169652,0.009567261,18.650791223018636,28.153680419921898,0.015547857,0.030731201,11.476573522054782,25.255242919921898,0.014750585,0.030418396,3.715098564000756,0,0,1
2016-03-04 09:00:00,1354.5943,28.346276855468773,0.016015552,0.009029388,17.963398226457187,30.596276855468773,0.014741443,0.031570435,10.430681044671246,27.361901855468773,0.013989948,0.019966125,3.1854910365110145,0,0,1
2016-03-04 10:00:00,1431.065,29.297143554687523,0.015923025,0.016410828,17.389420627728413,32.56276855468752,0.014301779,0.040924072,8.49629248151195,29.265893554687523,0.0131077785,0.014053345,2.432216752155896,0,0,1
2016-03-04 11:00:00,1448.1866,29.923913574218773,0.01588418,0.04434204,16.53214198916765,33.90828857421877,0.014095086,0.038085938,7.048014267814994,30.752038574218773,0.012771386,0.010444641,1.3816228035512723,0,0,1
2016-03-04 12:00:00,1406.5063,30.288873291015648,0.015914118,0.08248901,15.516780369086268,35.05449829101565,0.013526117,0.025032043,6.176350316968351,31.663873291015648,0.013377344,0.009902954,0.470973879238666,0,0,1
2016-03-04 13:00:00,1444.6926999999998,30.355035400390648,0.015989928,0.108551025,15.189063233351105,35.85503540039065,0.013285307,0.01228714,5.49552071323054,32.33941040039065,0.01293054,0.010280609,0.6750592563368627,0,0,1
2016-03-04 14:00:00,1445.1715,30.146997070312523,0.016096333,0.11904907,15.903200827815269,36.11574707031252,0.013178089,0.015029907,5.204604974537357,32.55324707031252,0.012655475,0.008865356,1.1546095851477531,0,0,1
2016-03-04 15:00:00,1426.7453,29.827722167968773,0.016172282,0.11859131,16.842219381623387,35.70272216796877,0.013208263,0.038986206,5.502031187046065,32.21834716796877,0.012647502,0.022956848,1.5899630265165594,0,0,1
2016-03-04 16:00:00,1343.7128,29.227746582031276,0.01620252,0.10409546,18.092611332775245,34.85274658203127,0.013326239,0.05003357,6.642620400459967,31.196496582031276,0.012921881,0.033584595,1.78850873147733,0,0,1
2016-03-04 17:00:00,1219.1041,28.277978515625023,0.016194804,0.089141846,19.46356875621805,33.18422851562502,0.013730508,0.041656494,7.435196135344711,29.621728515625023,0.013719064,0.035842896,1.3596103017324137,0,0,1
2016-03-04 18:00:00,1218.456,27.264825439453148,0.016202675,0.059143066,20.431511943511463,30.764825439453148,0.014741646,0.02709198,6.449291172556715,27.639825439453148,0.015084969,0.04576111,0.9576713097014194,0,0,1
2016-03-04 19:00:00,1261.1252,26.540460205078148,0.016264338,0.04637146,21.12269654485837,29.071710205078148,0.015318294,0.030792236,8.046730737670748,26.259210205078148,0.015661616,0.06689453,0.2984956945481414,0,0,1
2016-03-04 20:00:00,1229.1673,26.176599121093773,0.016394328,0.041763306,20.83260417832072,27.676599121093773,0.015768718,0.03237915,9.62571737018842,25.551599121093773,0.015406322,0.07080078,0.7433816586721091,0,0,1
2016-03-04 21:00:00,1168.9916,26.001855468750023,0.016539952,0.035079956,20.302471690670775,26.736230468750023,0.016021153,0.03023529,10.69295187579722,25.001855468750023,0.015498539,0.067840576,1.7827024701706984,0,0,1
2016-03-04 22:00:00,1124.5725,25.874047851562523,0.016694015,0.030944824,20.32558829381689,26.124047851562523,0.016236251,0.032714844,10.916368880153687,24.631860351562523,0.015633529,0.063079834,2.6246308366863498,0,0,1
2016-03-04 23:00:00,1081.8656,25.746911621093773,0.016817642,0.031417847,20.020422251513736,25.692224121093773,0.016436173,0.03300476,10.350056125654548,24.332849121093773,0.015612198,0.05984497,3.436157918940351,0,0,1
2016-03-05 00:00:00,1039.8804,25.616967773437523,0.01682653,0.030395508,19.25589298559928,25.335717773437523,0.016536614,0.030517578,9.13844437630916,24.007592773437523,0.015605828,0.05697632,4.073988254131301,0,0,1
2016-03-05 01:00:00,997.519,25.492364501953148,0.016835194,0.034362793,18.02315595826105,24.968927001953148,0.016583424,0.02294159,7.673939798794519,23.679864501953148,0.015618306,0.0496521,4.092625797041774,0,0,1
2016-03-05 02:00:00,967.1145,25.404229736328148,0.016813077,0.03364563,17.12422359739199,24.451104736328148,0.016599454,0.03049469,6.221060110439786,23.396417236328148,0.015603818,0.051239014,3.973095873248428,0,0,1
2016-03-05 03:00:00,960.153,25.338403320312523,0.016775193,0.037857056,16.478682073837852,24.166528320312523,0.016614975,0.03224182,6.251270116305694,23.096215820312523,0.015588821,0.05644226,3.992767685985561,0,0,1
2016-03-05 04:00:00,929.3981,25.268334960937523,0.016820451,0.029403687,14.946075924699269,23.877709960937523,0.016599199,0.03501892,6.053676311100358,22.807397460937523,0.01558449,0.05909729,4.121566550374093,0,0,1
2016-03-05 05:00:00,945.9604,25.213952636718773,0.016864832,0.019851685,13.39709390470757,23.604577636718773,0.016559657,0.031723022,5.935918092106006,22.549890136718773,0.015575464,0.062423706,4.124615918398246,0,0,1
2016-03-05 06:00:00,929.5063,25.2502380371094,0.01691646,0.01613617,12.399920364862496,23.6408630371094,0.016504472,0.031097412,6.735411328369568,22.4377380371094,0.015562243,0.06643677,4.13475147012442,0,0,1
2016-03-05 07:00:00,981.5491,26.092858886718773,0.01670899,0.016029358,15.616230546906658,25.514733886718773,0.016441962,0.029380798,10.572827055051793,23.170983886718773,0.015514989,0.06881714,4.612033057419417,0,0,1
2016-03-05 08:00:00,1096.3396,27.235772705078148,0.016380008,0.015708923,17.746732229393032,28.110772705078148,0.01598328,0.02772522,12.797992417731637,24.657647705078148,0.015220339,0.060546875,4.704837450306586,0,0,1
2016-03-05 09:00:00,1210.6908,28.3955017089844,0.016249748,0.009552002,17.27591431954245,30.3955017089844,0.015437218,0.022758484,12.207505515786949,26.5673767089844,0.014758202,0.05491638,4.425047793372724,0,0,1
2016-03-05 10:00:00,1273.7075,29.438989257812523,0.016058626,0.007949829,16.48101077378109,32.45461425781252,0.01512021,0.017150879,10.826416705241726,28.454614257812523,0.014067354,0.054992676,3.767111943237592,0,0,1
2016-03-05 11:00:00,1284.0534,30.300744628906276,0.015867617,0.013996124,16.141755494579186,34.12886962890627,0.014971163,0.011962891,9.50972760938566,30.050744628906276,0.013838198,0.05305481,2.775677917773152,0,0,1
2016-03-05 12:00:00,1277.5677,30.880242919921898,0.01576062,0.027008057,16.38453551829867,35.3177429199219,0.014688689,0.011978149,8.963033020258333,31.208367919921898,0.013788421,0.049743652,1.5328763755998098,0,0,1
2016-03-05 13:00:00,1253.2192,31.043725585937523,0.015691806,0.05557251,17.366574745642737,35.93435058593752,0.014211704,0.03149414,9.015359855997424,31.746850585937523,0.013990452,0.04486084,0.7555261667044845,0,0,1
2016-03-05 14:00:00,1267.8055,30.699609375000023,0.015653556,0.08248901,18.912920867613995,36.01210937500002,0.013814871,0.047210693,9.306804308961938,32.02773437500002,0.013891165,0.04295349,0.2393227156754827,0,0,1
2016-03-05 15:00:00,1239.4515,29.899957275390648,0.015691662,0.07489014,20.50950301068061,35.52495727539065,0.013757611,0.051071167,9.761058897359932,31.774957275390648,0.013723278,0.044784546,0.4181694657583783,0,0,1
2016-03-05 16:00:00,1203.0109,28.948327636718773,0.015790844,0.050094604,21.55680915901433,34.37020263671877,0.013959789,0.039367676,10.017449105202251,30.885827636718773,0.013616466,0.04496765,1.0768446659104276,0,0,1
2016-03-05 17:00:00,1164.7383,27.949243164062523,0.01587489,0.03239441,21.311250149500157,32.77736816406252,0.014471083,0.026443481,10.031113782296506,29.292993164062523,0.014326124,0.04573059,1.404406796796992,0,0,1
2016-03-05 18:00:00,1198.8338,27.030297851562523,0.015966684,0.023841858,20.27087120227733,30.295922851562523,0.015344888,0.023422241,8.39074742403705,27.420922851562523,0.015440255,0.059921265,1.5246934309005709,0,0,1
2016-03-05 19:00:00,1234.3172,26.557305908203148,0.016142583,0.017608643,19.137090832841697,28.510430908203148,0.015959477,0.025993347,9.685156702951057,26.166680908203148,0.015883183,0.07974243,1.7349892657439865,0,0,1
2016-03-05 20:00:00,1205.8647,26.358117675781276,0.016341852,0.012813568,18.336497722920694,27.264367675781276,0.016341852,0.027572632,11.730069181818743,25.326867675781276,0.015884088,0.08786011,2.4081815532080144,0,0,1
2016-03-05 21:00:00,1169.6681999999998,26.239862060546898,0.016548263,0.009742737,18.359650022873595,26.583612060546898,0.016471969,0.031799316,12.398014432615325,24.692987060546898,0.016189681,0.09396362,2.6357195372313176,0,0,1
2016-03-05 22:00:00,1144.3695,26.097314453125023,0.016716372,0.009098053,18.769625227392204,26.066064453125023,0.016563784,0.0317688,12.099644900068911,24.183251953125023,0.01623572,0.10021973,2.861732111719229,0,0,1
2016-03-05 23:00:00,1085.9264,25.914910888671898,0.016800584,0.00799942,18.810637958422145,25.657098388671898,0.016556444,0.03504944,10.91757574902028,23.672723388671898,0.01609105,0.101989746,3.400524400493106,0,0,1
2016-03-06 00:00:00,1034.1904,25.742761230468773,0.016801137,0.007724762,18.853091638536497,25.352136230468773,0.016534109,0.03807068,9.897429739482774,23.242761230468773,0.016045827,0.09716797,3.828590884138911,0,0,1
2016-03-06 01:00:00,982.1968,25.575311279296898,0.016763814,0.010059357,18.33119559476669,25.083123779296898,0.016527303,0.04852295,8.95451047393205,22.903436279296898,0.016023763,0.08932495,3.9341385143856233,0,0,1
2016-03-06 02:00:00,934.998,25.414422607421898,0.016741907,0.010570526,16.4945129981279,24.805047607421898,0.016520655,0.05168152,8.10743029258326,22.680047607421898,0.015971338,0.083465576,3.9618500618752295,0,0,1
2016-03-06 03:00:00,910.2357,25.258996582031276,0.016765738,0.009807587,14.149411020051524,24.508996582031276,0.016506338,0.049453735,7.344913045785258,22.501184082031276,0.015888358,0.08572388,3.965859718681192,0,0,1
2016-03-06 04:00:00,886.8046,25.095391845703148,0.01681239,0.008556366,11.451649682755011,24.118829345703148,0.016499585,0.044067383,6.081953011599377,22.361016845703148,0.01579768,0.085235596,3.840601283621756,0,0,1
2016-03-06 05:00:00,873.409,24.985375976562523,0.016834766,0.007846832,9.576655423557982,23.844750976562523,0.016483814,0.036117554,5.43964784492138,22.266625976562523,0.015720874,0.079437256,3.628704078060488,0,0,1
2016-03-06 06:00:00,851.0235,25.087487792968773,0.016871346,0.007715225,9.151758694088487,23.876550292968773,0.016497506,0.026359558,5.86373922431198,22.204675292968773,0.015658272,0.07723999,3.511185588144019,0,0,1
2016-03-06 07:00:00,844.5260999999999,26.128808593750023,0.016755668,0.013015747,13.10958178169566,25.738183593750023,0.01648864,0.020858765,9.58477662161996,22.863183593750023,0.015748588,0.074645996,3.820416722660492,0,0,1
2016-03-06 08:00:00,913.281,27.276239013671898,0.016487774,0.029884338,15.686205028567048,28.385614013671898,0.015961345,0.02053833,11.185960798882707,24.448114013671898,0.015515025,0.06213379,3.79843473822722,0,0,1
2016-03-06 09:00:00,951.9532,28.370202636718773,0.016349915,0.041046143,15.276529418497471,30.792077636718773,0.015396241,0.019897461,9.913148644716577,26.979577636718773,0.014682893,0.047531128,3.1378949680438404,0,0,1
2016-03-06 10:00:00,1018.0554,29.367059326171898,0.016212266,0.06362915,14.750289748627214,32.7420593261719,0.015243333,0.023391724,8.195895363269596,29.117059326171898,0.013927262,0.044189453,2.1288162621194147,0,0,1
2016-03-06 11:00:00,1074.2459,30.143579101562523,0.016112868,0.10406494,14.212579232752429,34.22170410156252,0.015052382,0.037200928,6.854498504057497,30.721704101562523,0.013602797,0.03945923,1.0296294813930422,0,0,1
2016-03-06 12:00:00,1075.0246,30.667871093750023,0.015998252,0.13690186,13.85265952786226,35.01162109375002,0.0145143345,0.08218384,5.858205205493855,31.745996093750023,0.01381243,0.04411316,0.9806778278307824,0,0,1
2016-03-06 13:00:00,1107.6908,31.016412353515648,0.015891269,0.14300537,14.194435093016674,35.17266235351565,0.014327243,0.14758301,5.294476682830111,32.37578735351565,0.013331607,0.04978943,1.952081647591964,0,0,1
2016-03-06 14:00:00,1079.1992,31.049707031250023,0.015776664,0.13977051,15.150412072346882,34.89345703125002,0.014369042,0.19232178,5.206585730160903,32.26845703125002,0.013663323,0.05921936,2.9925085133596374,0,0,1
2016-03-06 15:00:00,1055.2006,30.880517578125023,0.015684957,0.12207031,16.495715608085984,34.25551757812502,0.014464254,0.20697021,5.181646043391438,31.677392578125023,0.014204854,0.07055664,3.7517039585731498,0,0,1
2016-03-06 16:00:00,1035.7958999999998,30.348779296875023,0.015585606,0.08370972,17.9866851388786,33.16127929687502,0.0144831585,0.16235352,5.179614886987491,30.551904296875023,0.014578526,0.06561279,4.162871143187735,0,0,1
2016-03-06 17:00:00,1015.4316,29.409967041015648,0.0154749,0.052627563,18.93747657698892,31.956842041015648,0.014570816,0.097717285,4.65812087191531,28.956842041015648,0.014807328,0.070617676,4.346117378429837,0,0,1
2016-03-06 18:00:00,1083.8854,28.208154296875023,0.015444489,0.032806396,18.90167926412641,29.692529296875023,0.015806885,0.068115234,2.1170931490324163,27.083154296875023,0.015597077,0.07699585,3.819417132902273,0,0,1
2016-03-06 19:00:00,1143.7619,27.270410156250023,0.015540198,0.021873474,18.746005458286035,28.457910156250023,0.015997961,0.054016113,2.059409100448464,25.770410156250023,0.016104773,0.08010864,3.0394593595061608,0,0,1
2016-03-06 20:00:00,1153.2551999999998,26.713006591796898,0.015654871,0.013881683,17.390575566388637,27.619256591796898,0.015883753,0.043411255,2.213039775242717,25.134881591796898,0.016112635,0.07601929,2.404615862933767,0,0,1
2016-03-06 21:00:00,1130.8026,26.3967224121094,0.015761826,0.009315491,15.259746781194368,26.8654724121094,0.015952561,0.032928467,2.458789048924781,24.6154724121094,0.01621196,0.07659912,1.9238219880136889,0,0,1
2016-03-06 22:00:00,1091.2493,26.0971618652344,0.015861973,0.0071411133,13.466430277370584,26.1596618652344,0.015854344,0.020904541,2.8729861678213062,24.1752868652344,0.016243443,0.070617676,1.7924375038744205,0,0,1
2016-03-06 23:00:00,1026.233,25.801965332031276,0.015962046,0.0051612854,12.430108065392432,25.505090332031276,0.015618722,0.010246277,3.318350324972025,23.770715332031276,0.016221445,0.06793213,1.8558716821954977,0,0,1
2016-03-07 00:00:00,982.1059,25.503320312500023,0.016016271,0.004070282,11.621902269668364,24.776757812500023,0.015466954,0.0104599,3.652755522827377,23.393945312500023,0.016084936,0.06375122,2.0167551997221635,0,0,1
2016-03-07 01:00:00,939.466,25.200158691406276,0.016009351,0.0039806366,10.946033794153657,24.168908691406276,0.015399,0.013248444,3.902864724514715,23.036096191406276,0.01590254,0.062927246,2.184652008043355,0,0,1
2016-03-07 02:00:00,906.8858,24.951745605468773,0.01594873,0.0038042068,10.485753950917855,23.670495605468773,0.015338377,0.014995575,4.086271748921048,22.709558105468773,0.01569696,0.059509277,2.2944581188669844,0,0,1
2016-03-07 03:00:00,888.7399,24.760705566406276,0.015872275,0.004037857,9.748964096205128,23.213830566406276,0.015357291,0.018409729,4.263346015895404,22.432580566406276,0.015483176,0.0499115,2.4257368266142967,0,0,1
2016-03-07 04:00:00,874.7774000000001,24.610131835937523,0.015810523,0.0051956177,8.800818270873368,22.828881835937523,0.015474829,0.023956299,4.350848358562844,22.172631835937523,0.015291723,0.041778564,2.534092946943979,0,0,1
2016-03-07 05:00:00,894.7557999999999,24.469018554687523,0.015786469,0.007692337,7.939408801190852,22.539331054687523,0.01564914,0.02633667,4.401788889757513,21.937768554687523,0.015092195,0.035888672,2.7275232339598454,0,0,1
2016-03-07 06:00:00,908.4848,24.5566345214844,0.015846215,0.0096206665,7.791372193128466,22.7597595214844,0.015846215,0.03378296,5.168752531445401,21.7753845214844,0.014884912,0.02922821,2.9805348960166,0,0,1
2016-03-07 07:00:00,1028.1887,25.717675781250023,0.015822258,0.012794495,11.234243910320457,24.834863281250023,0.016028251,0.038894653,9.164008813881267,22.608300781250023,0.014647332,0.023040771,3.646870434128127,0,0,1
2016-03-07 08:00:00,1233.0128000000002,26.902764892578148,0.01572251,0.013851166,12.951843537005844,27.371514892578148,0.01570725,0.038894653,11.197431746707275,24.566827392578148,0.014047857,0.017601013,3.828122155013293,0,0,1
2016-03-07 09:00:00,1334.5809,28.027185058593773,0.015699293,0.010601044,12.669023827189164,29.558435058593773,0.015172866,0.03616333,11.38316867498905,26.777185058593773,0.013433364,0.02029419,3.4649217750339605,0,0,1
2016-03-07 10:00:00,1407.9368,29.093133544921898,0.015618916,0.0083351135,12.079475189581412,31.452508544921898,0.014573689,0.028160095,10.478432810716551,28.624383544921898,0.012780781,0.021888733,2.580412919690441,0,0,1
2016-03-07 11:00:00,1432.8956999999998,30.062768554687523,0.015427882,0.0066223145,11.380602144156269,33.03151855468752,0.0140965525,0.021209717,8.839384883175697,30.062768554687523,0.012276942,0.021652222,1.4596152244711604,0,0,1
2016-03-07 12:00:00,1422.3903,30.869409179687523,0.015172005,0.0047664642,10.607664266874703,34.19753417968752,0.01365757,0.018547058,7.434881120461216,31.088159179687523,0.012536049,0.02179718,0.3128325151210028,0,0,1
2016-03-07 13:00:00,1449.8771000000002,31.479302978515648,0.014923797,0.0035562515,10.010028388319432,34.88555297851565,0.012970672,0.017974854,6.447824936452045,31.729302978515648,0.012581573,0.023834229,0.7187421777548353,0,0,1
2016-03-07 14:00:00,1446.1169,31.812921142578148,0.014767091,0.0051574707,10.037747215941565,35.00042114257815,0.012440125,0.03025055,5.680888853775024,32.03167114257815,0.012188355,0.02609253,1.4876304849725934,0,0,1
2016-03-07 15:00:00,1412.9056,31.832147216796898,0.014698066,0.0094566345,10.924734968728664,34.3633972167969,0.012397803,0.07168579,5.16502865985552,31.722772216796898,0.012428321,0.022972107,2.3112071098610443,0,0,1
2016-03-07 16:00:00,1329.7903,31.408807373046898,0.014774049,0.01902008,12.833091191240912,33.2681823730469,0.0126721505,0.067108154,5.217068455409859,30.861932373046898,0.012946809,0.035873413,2.768301606736187,0,0,1
2016-03-07 17:00:00,1201.0844000000002,30.504479980468773,0.014991463,0.025115967,15.07689953123976,31.832604980468773,0.013488472,0.047805786,4.273056170590064,29.457604980468773,0.01371354,0.037963867,2.759838399717221,0,0,1
2016-03-07 18:00:00,1195.5634,29.267663574218773,0.015316027,0.020065308,17.0506435239283,29.580163574218773,0.014881152,0.044769287,2.937513624119108,27.658288574218773,0.014720934,0.04310608,2.4688496900300896,0,0,1
2016-03-07 19:00:00,1238.2494000000002,28.168664550781276,0.015659815,0.008388519,19.15085145337304,28.528039550781276,0.01507235,0.04460144,3.743252122790148,26.371789550781276,0.014946465,0.0499115,1.9501991940508916,0,0,1
2016-03-07 20:00:00,1226.473,27.296166992187523,0.015881564,0.004179001,19.898174136949727,27.686791992187523,0.015130068,0.03996277,4.577513520217171,25.483666992187523,0.015347506,0.052719116,1.2774250781565204,0,0,1
2016-03-07 21:00:00,1206.6451,26.743554687500023,0.016026981,0.00491333,19.23661721864324,26.962304687500023,0.015244967,0.027572632,5.791994588153903,24.884179687500023,0.015534884,0.05117798,0.8167718388183487,0,0,1
2016-03-07 22:00:00,1149.1333,26.443200683593773,0.016027503,0.0053596497,17.82634810690662,26.224450683593773,0.015436226,0.016578674,6.193952102520282,24.427575683593773,0.01569181,0.051239014,0.5056926042937767,0,0,1
2016-03-07 23:00:00,1079.1125000000002,26.257287597656276,0.015921313,0.0048885345,16.296508948804252,25.554162597656276,0.015593248,0.010501862,6.363150626680713,24.069787597656276,0.015768725,0.054977417,0.4562778542781996,0,0,1
2016-03-08 00:00:00,1021.4931,26.077050781250023,0.015853336,0.004398346,15.115356811390347,24.959863281250023,0.015708378,0.009002686,6.553072661489623,23.780175781250023,0.01581519,0.060760498,0.7456724809012225,0,0,1
2016-03-08 01:00:00,977.6817,25.9018493652344,0.015876904,0.004327774,14.09405556222772,24.4174743652344,0.015762463,0.008224487,6.553309831754986,23.5268493652344,0.01580061,0.06713867,1.1981167827915429,0,0,1
2016-03-08 02:00:00,956.3638,25.729211425781276,0.01602245,0.0043258667,13.104150641612982,23.947961425781276,0.015785938,0.010169983,6.484408300107455,23.307336425781276,0.01576305,0.06890869,1.7247399258477651,0,0,1
2016-03-08 03:00:00,931.8495,25.564996337890648,0.016152339,0.004278183,12.600706244158005,23.533746337890648,0.015816646,0.012619019,6.309365994360563,23.104058837890648,0.015679317,0.067718506,2.235429410966261,0,0,1
2016-03-08 04:00:00,919.7313,25.413262939453148,0.01625905,0.004234314,11.733635311864605,23.210137939453148,0.015854692,0.011455536,6.169239245090044,22.928887939453148,0.015614365,0.06707764,2.632398755987685,0,0,1
2016-03-08 05:00:00,946.0678,25.247460937500023,0.016304655,0.004295349,10.596577808079164,22.911523437500023,0.015892668,0.007789612,6.032848864892585,22.778710937500023,0.0155798625,0.06542969,3.023923669805395,0,0,1
2016-03-08 06:00:00,949.6927,25.285424804687523,0.016280998,0.003835678,10.715927191851142,22.847924804687523,0.015937675,0.00532341,6.5555877380155865,22.683862304687523,0.015560021,0.060043335,3.466511877590086,0,0,1
2016-03-08 07:00:00,1066.5833,26.295495605468773,0.016036114,0.0043849945,14.761187112102336,24.920495605468773,0.015929302,0.00406456,10.588759605665446,23.318933105468773,0.015475352,0.05064392,4.297061552679728,0,0,1
2016-03-08 08:00:00,1242.3966,27.415368652343773,0.015791465,0.0061206818,16.012791593876013,27.743493652343773,0.015192558,0.003493309,12.39310421090785,24.766931152343773,0.014898826,0.035827637,4.703005580463218,0,0,1
2016-03-08 09:00:00,1343.961,28.374475097656276,0.015676633,0.007637024,15.50170264952143,30.155725097656276,0.014146938,0.0046863556,11.519693022452593,26.405725097656276,0.014108791,0.025482178,4.554863782451752,0,0,1
2016-03-08 10:00:00,1431.6481,29.230554199218773,0.015481817,0.007127762,14.992451958324104,32.38680419921877,0.013196813,0.004339218,9.976926895692,27.949304199218773,0.013158666,0.024147034,3.9149949330264224,0,0,1
2016-03-08 11:00:00,1451.0698,30.049951171875023,0.01526422,0.006521225,14.58771134642649,34.20620117187502,0.012693114,0.0030403137,8.128366011375999,29.221826171875023,0.012330717,0.027763367,2.980358263920152,0,0,1
2016-03-08 12:00:00,1446.649,30.722497558593773,0.01508857,0.006887436,14.40561652323672,35.59749755859377,0.012353432,0.0014390945,6.794231149994506,29.988122558593773,0.012471688,0.030273438,1.6519227096128155,0,0,1
2016-03-08 13:00:00,1486.2361999999998,31.194909667968773,0.014966226,0.0089530945,14.617524005680329,36.55428466796877,0.011960245,0.0006492138,5.969196862873944,30.429284667968773,0.012662149,0.027503967,0.8075830927044035,0,0,1
2016-03-08 14:00:00,1515.9613,31.375268554687523,0.0149011,0.012767792,15.223425933197648,36.89089355468752,0.011948524,0.000510931,5.469016581114191,30.687768554687523,0.012406288,0.023025513,0.4326385327448773,0,0,1
2016-03-08 15:00:00,1466.9934,31.313562011718773,0.014900872,0.009487152,16.025033231275266,36.59481201171877,0.012116143,0.0005836487,5.353128142614829,30.626062011718773,0.012272545,0.015106201,0.2870682760912073,0,0,1
2016-03-08 16:00:00,1389.509,30.893457031250023,0.015022739,0.004858017,17.272810527546113,35.69033203125002,0.012398227,0.0005848408,5.727215334121674,30.080957031250023,0.012493595,0.0076618195,0.3725534495227278,0,0,1
2016-03-08 17:00:00,1270.8303,29.940698242187523,0.015251584,0.0010881424,18.69611556563695,34.03444824218752,0.012897916,0.0030822754,5.837690548778545,29.003198242187523,0.012890287,0.0047187805,0.570145254826238,0,0,1
2016-03-08 18:00:00,1263.4303,28.607751464843773,0.0155684445,0.0006098747,19.80173401608923,30.764001464843773,0.014580438,0.0042362213,3.307495534465656,27.217126464843773,0.01411123,0.0036392212,0.895787333852568,0,0,1
2016-03-08 19:00:00,1315.232,27.542169189453148,0.015927454,0.0009763241,20.799232600801083,29.198419189453148,0.014947078,0.0041160583,4.118036238975458,25.792169189453148,0.014329097,0.007888794,1.174462545521168,0,0,1
2016-03-08 20:00:00,1277.0193000000002,26.875909423828148,0.01615679,0.0010986328,20.58901641764119,28.047784423828148,0.015267966,0.004137039,4.391091622640973,24.891534423828148,0.0142952185,0.015205383,1.5644600994511848,0,0,1
2016-03-08 21:00:00,1239.6415,26.483941650390648,0.016256785,0.0013632774,20.101878929568336,27.171441650390648,0.015264964,0.0041828156,5.652108263278776,24.343316650390648,0.014292216,0.01700592,2.0751194333553933,0,0,1
2016-03-08 22:00:00,1176.9415,26.208642578125023,0.016303647,0.0021266937,20.114012385963555,26.427392578125023,0.0153308995,0.0036373138,6.6899808129005525,23.989892578125023,0.014323819,0.014022827,2.599190747425804,0,0,1
2016-03-08 23:00:00,1116.6794,25.992822265625023,0.016311768,0.005765915,20.81996342636546,25.820947265625023,0.015632752,0.005601883,7.612842615995871,23.563134765625023,0.014377716,0.014873505,3.099285403304916,0,0,1
2016-03-09 00:00:00,1043.5951,25.852349853515648,0.01619002,0.009864807,21.77813092747713,25.313287353515648,0.016022174,0.010879517,7.984915086728271,23.117974853515648,0.014530627,0.023635864,3.626517148044531,0,0,1
2016-03-09 01:00:00,1005.5441,25.725457763671898,0.016090713,0.011703491,22.21010054646713,24.881707763671898,0.016289078,0.016212463,7.984301719254589,22.756707763671898,0.014702164,0.037200928,4.08313244902899,0,0,1
2016-03-09 02:00:00,968.1017,25.602441406250023,0.01605298,0.013038635,22.256158801874548,24.516503906250023,0.01643445,0.016227722,8.016302654331959,22.516503906250023,0.014828462,0.04798889,4.386772271472669,0,0,1
2016-03-09 03:00:00,928.7437,25.493737792968773,0.016151987,0.013866425,21.63701852563589,24.181237792968773,0.01649531,0.019805908,7.852334369125888,22.345300292968773,0.014916025,0.05355835,4.49004395614212,0,0,1
2016-03-09 04:00:00,905.106,25.427301025390648,0.016235806,0.020370483,20.4037643549791,23.841363525390648,0.016479947,0.02053833,7.258935191986492,22.231988525390648,0.014969327,0.05873108,4.333736726373591,0,0,1
2016-03-09 05:00:00,932.8611,25.3920837402344,0.016289212,0.024909973,18.99267657034321,23.5561462402344,0.01643417,0.016159058,6.679476790467722,22.1342712402344,0.015018918,0.06781006,4.003206195945885,0,0,1
2016-03-09 06:00:00,933.6156,25.524499511718773,0.01635781,0.021858215,18.433259021317223,23.571374511718773,0.016380697,0.011325836,7.035689272431523,22.118249511718773,0.015079886,0.095336914,3.655519970125132,0,0,1
2016-03-09 07:00:00,1042.5319,26.319055175781276,0.016159406,0.018615723,20.44110266053462,25.608117675781276,0.016174665,0.006685257,11.082707683907104,23.006555175781276,0.015133252,0.108062744,3.896962479479022,0,0,1
2016-03-09 08:00:00,1238.9627,27.353234863281276,0.015983887,0.012199402,21.02507179057489,28.290734863281276,0.015388795,0.003891945,12.61029400621158,24.689172363281276,0.014919587,0.090545654,3.8716068719939463,0,0,1
2016-03-09 09:00:00,1348.022,28.524133300781276,0.016021201,0.0019798279,19.590881429707828,30.758508300781276,0.014529655,0.0049324036,11.632055629602448,26.602258300781276,0.0144953225,0.07141113,3.3068847364254568,0,0,1
2016-03-09 10:00:00,1433.5699,29.700463867187523,0.015913712,0.0004889965,18.13482260946217,32.80983886718752,0.013918624,0.0067367554,10.1995879370538,28.419213867187523,0.0139033655,0.042800903,2.4799670316058373,0,0,1
2016-03-09 11:00:00,1472.2299,30.750329589843773,0.015653826,0.00039970875,17.203928529854792,34.56282958984377,0.013834217,0.0021457672,8.716660929787999,30.140954589843773,0.01378844,0.029640198,1.4346128827472662,0,0,1
2016-03-09 12:00:00,1471.3365,31.589746093750023,0.015378795,0.0002809763,16.719017375198447,35.94912109375002,0.013536296,0.0007443428,7.846455618203205,31.370996093750023,0.0140322065,0.019050598,0.3563141790101874,0,0,1
2016-03-09 13:00:00,1494.7863,32.12728271484377,0.015161041,0.0001975298,16.64780778629293,36.86165771484377,0.013135437,0.0006556511,7.306194932402145,32.45540771484377,0.01316214,0.015583038,0.4291567039915119,0,0,1
2016-03-09 14:00:00,1524.0121,32.35820922851565,0.015042525,0.00015240908,17.11200413232783,37.17070922851565,0.013013106,0.0008997917,6.990240612554845,32.85820922851565,0.01277278,0.01234436,1.3985224078950331,0,0,1
2016-03-09 15:00:00,1487.9899,32.20418701171877,0.015034696,0.00013542175,18.061762857674097,36.84481201171877,0.013115903,0.0037174225,6.955640740460333,32.57918701171877,0.012898466,0.009788513,2.4447795972186204,0,0,1
2016-03-09 16:00:00,1392.7057,31.510217285156276,0.015305394,0.00016325712,19.58725917646209,35.80709228515627,0.013371343,0.009971619,7.161433187396668,31.635217285156276,0.013325566,0.0041980743,3.256694811644377,0,0,1
2016-03-09 17:00:00,1274.5211,30.111444091796898,0.015812712,0.00027918816,21.198039845951488,34.0333190917969,0.013817625,0.016319275,6.951175905822975,30.158319091796898,0.0140274335,0.0049552917,3.4480364809606705,0,0,1
2016-03-09 18:00:00,1251.6555,28.484643554687523,0.016408028,0.00067067146,22.3419736236616,31.234643554687523,0.014828743,0.012428284,4.251060292992155,28.203393554687523,0.014817299,0.011054993,3.358124466325727,0,0,1
2016-03-09 19:00:00,1292.8162,27.380487060546898,0.01687387,0.007452011,22.620754090547027,29.677362060546898,0.015122923,0.013839722,4.021297792216501,26.630487060546898,0.015042814,0.013931274,3.2801233417301385,0,0,1
2016-03-09 20:00:00,1267.4299,26.908319091796898,0.017057627,0.017585754,21.246307310702733,28.689569091796898,0.015321941,0.028450012,4.764528326204349,25.517694091796898,0.015409679,0.017616272,2.893614732452109,0,0,1
2016-03-09 21:00:00,1223.5805,26.773156738281276,0.017004238,0.025672913,20.300060193202786,27.960656738281276,0.015367733,0.04258728,6.319932196531067,24.804406738281276,0.015543209,0.023674011,2.6760335583314654,0,0,1
2016-03-09 22:00:00,1174.3289,26.695520019531276,0.016927911,0.024658203,21.081221279257043,27.320520019531276,0.015386773,0.032211304,7.239590847825649,24.367395019531276,0.015474511,0.019721985,2.855971204644584,0,0,1
2016-03-09 23:00:00,1096.1671,26.564080810546898,0.016882185,0.023597717,22.36270243519504,26.704705810546898,0.015493635,0.021110535,7.850544520645042,24.001580810546898,0.015386824,0.017570496,3.3000168799922287,0,0,1
2016-03-10 00:00:00,1054.0055,26.411767578125023,0.01686694,0.026023865,22.52953932533717,26.177392578125023,0.015798824,0.015693665,7.632313782125525,23.489892578125023,0.015360134,0.024475098,3.71813204719926,0,0,1
2016-03-10 01:00:00,985.6318,26.265039062500023,0.016935622,0.032928467,22.0301753394811,25.733789062500023,0.016058242,0.02192688,6.880541365305153,23.077539062500023,0.015329635,0.035690308,3.944490124493168,0,0,1
2016-03-10 02:00:00,952.9589,26.155084228515648,0.017133985,0.026725769,21.592432985456856,25.405084228515648,0.016226087,0.030906677,6.478609164703824,22.811334228515648,0.015249523,0.047180176,3.961824714568999,0,0,1
2016-03-10 03:00:00,921.6032,26.0219665527344,0.017309418,0.024787903,21.734068030048256,25.1625915527344,0.016348114,0.033050537,6.271806273490113,22.6313415527344,0.015165559,0.057128906,3.869272342848817,0,0,1
2016-03-10 04:00:00,911.6216,25.9287048339844,0.017385634,0.019866943,20.558244774850216,24.8974548339844,0.016409071,0.040527344,5.4085868274468645,22.5380798339844,0.015077741,0.064819336,3.657982893881369,0,0,1
2016-03-10 05:00:00,929.9113,25.831567382812523,0.017400768,0.013553619,17.960746994966204,24.690942382812523,0.016416576,0.046066284,4.720011993813229,22.417504882812523,0.015020397,0.07080078,3.3744656330505918,0,0,1
2016-03-10 06:00:00,943.1018,25.846276855468773,0.017377678,0.00831604,15.017688362231958,24.705651855468773,0.016431633,0.03970337,4.86131079481016,22.330651855468773,0.015039269,0.06655884,3.20585485332324,0,0,1
2016-03-10 07:00:00,1067.2037,26.636865234375023,0.017156208,0.012756348,16.729976936502286,26.324365234375023,0.01637038,0.030479431,8.26812853910633,23.269677734375023,0.015050494,0.059295654,3.5789167182934145,0,0,1
2016-03-10 08:00:00,1265.7695,27.795312500000023,0.016713496,0.02773285,18.37781123863371,28.779687500000023,0.01590478,0.026046753,9.96834964342882,25.435937500000023,0.01484811,0.04322815,3.498824664726732,0,0,1
2016-03-10 09:00:00,1361.8811,28.919946289062523,0.016453916,0.026626587,17.652352575581443,31.138696289062523,0.015298064,0.026222229,9.067202410109662,27.841821289062523,0.014310057,0.03274536,2.833200750240823,0,0,1
2016-03-10 10:00:00,1435.9598,30.042779541015648,0.01624779,0.022598267,16.72465546257372,33.27715454101565,0.01493935,0.02645111,7.510909637342355,29.902154541015648,0.0136232795,0.031105042,1.7886008340790758,0,0,1
2016-03-10 11:00:00,1478.4035,31.019128417968773,0.016125677,0.016311646,16.245826753411336,35.00350341796877,0.014744757,0.0262146,6.2292259579221465,31.394128417968773,0.013894079,0.032928467,0.5698541361743769,0,0,1
2016-03-10 12:00:00,1474.2026,31.744561767578148,0.016026497,0.014144897,16.209701684822505,36.33831176757815,0.014252663,0.030036926,5.4500771753288975,32.52581176757815,0.01371479,0.04751587,0.473526851796003,0,0,1
2016-03-10 13:00:00,1500.6332000000002,32.1920104980469,0.015965464,0.013393402,16.58478124281627,36.9888854980469,0.014298441,0.058776855,4.988342661408637,33.2388854980469,0.013375284,0.055633545,1.4499911521773217,0,0,1
2016-03-10 14:00:00,1520.0272,32.31533203125002,0.01594258,0.009521484,17.19912738804374,36.92470703125002,0.014412885,0.08306885,4.877984005187441,33.29970703125002,0.013596539,0.05419922,2.684573209503598,0,0,1
2016-03-10 15:00:00,1491.5708,32.10097656250002,0.015965428,0.012454987,17.78055904715307,36.44472656250002,0.014428104,0.08792114,4.729693180077037,32.72597656250002,0.014008488,0.06817627,3.553886521193041,0,0,1
2016-03-10 16:00:00,1411.9475,31.4311462402344,0.016132982,0.012557983,18.89002335037557,35.2748962402344,0.014492663,0.07104492,4.787391613562535,31.5717712402344,0.0144812185,0.055847168,3.805700598843092,0,0,1
2016-03-10 17:00:00,1290.8408,30.216912841796898,0.016453205,0.021858215,20.196036495726556,33.8575378417969,0.01467937,0.04081726,4.61353403921811,30.045037841796898,0.014862476,0.031570435,3.811702412208467,0,0,1
2016-03-10 18:00:00,1244.2478,28.823052978515648,0.016857553,0.04170227,21.37122499559864,31.151177978515648,0.01576655,0.028442383,1.3987105400307969,28.182427978515648,0.0151829,0.03868103,3.831262331471348,0,0,1
2016-03-10 19:00:00,1288.4047,27.7358337402344,0.017254472,0.046173096,22.293579121440896,29.5639587402344,0.016201615,0.024894714,1.0925834772921992,26.6108337402344,0.015789628,0.050979614,3.391902142316483,0,0,1
2016-03-10 20:00:00,1261.3445000000002,27.122644042968773,0.017445626,0.04525757,21.737503692293213,28.622644042968773,0.016346993,0.031814575,1.7079983274219377,25.528894042968773,0.016194405,0.06774902,2.744631010175875,0,0,1
2016-03-10 21:00:00,1234.4607,26.876031494140648,0.017430428,0.039245605,20.352392497470507,27.876031494140648,0.01627839,0.038513184,2.6401161705813325,24.813531494140648,0.01640809,0.06994629,2.259004931395114,0,0,1
2016-03-10 22:00:00,1175.7835,26.740106201171898,0.01730851,0.035476685,19.59666391124253,27.208856201171898,0.016255654,0.043945312,3.5931044103165557,24.302606201171898,0.016454019,0.068481445,1.8364175605539208,0,0,1
2016-03-10 23:00:00,1112.266,26.594049072265648,0.01722492,0.03440857,19.177482060381895,26.594049072265648,0.016309394,0.050323486,4.362112925498914,23.961236572265648,0.016393317,0.06878662,1.6270535192391602,0,0,1
2016-03-11 00:00:00,1057.0303,26.415917968750023,0.017209815,0.02835083,18.75953971184249,26.009667968750023,0.01639347,0.05354309,4.861834351545858,23.704980468750023,0.016332434,0.073394775,1.7759751972129054,0,0,1
2016-03-11 01:00:00,1024.6288000000002,26.223229980468773,0.017232683,0.030303955,18.47217637553377,25.551354980468773,0.01650026,0.05255127,5.290749610474386,23.402917480468773,0.01626375,0.080322266,2.1457943957848404,0,0,1
2016-03-11 02:00:00,992.1069,26.064813232421898,0.017301297,0.02394867,18.15263002114488,25.174188232421898,0.01662228,0.051513672,5.585121918579572,23.150750732421898,0.016187405,0.08657837,2.501960131883302,0,0,1
2016-03-11 03:00:00,965.8847,25.963800048828148,0.017362276,0.0233078,18.07629012572748,24.854425048828148,0.016744295,0.04988098,5.718982118992501,22.971612548828148,0.016118685,0.084106445,2.76088516367091,0,0,1
2016-03-11 04:00:00,947.9099,25.891870117187523,0.017400414,0.018104553,17.599032644216756,24.532495117187523,0.01682058,0.050872803,5.362163741232915,22.860620117187523,0.016019493,0.08102417,2.7023781793258843,0,0,1
2016-03-11 05:00:00,970.5679,25.867333984375023,0.017423484,0.015487671,16.80127449650863,24.234521484375023,0.01685128,0.05029297,4.987913381324616,22.773583984375023,0.015905235,0.085113525,2.639766939236208,0,0,1
2016-03-11 06:00:00,977.9722,25.916223144531276,0.017461767,0.012126923,16.491498969743258,24.275598144531276,0.016881933,0.04071045,5.702418526983508,22.736535644531276,0.015851965,0.09341431,2.9585856495744585,0,0,1
2016-03-11 07:00:00,1081.9093,26.5651794433594,0.017332163,0.018447876,18.50484610105236,26.1276794433594,0.016798105,0.030776978,9.694852749285172,23.6823669433594,0.015829172,0.08908081,3.863045833500407,0,0,1
2016-03-11 08:00:00,1271.9757000000002,27.709588623046898,0.017004289,0.028373718,19.440499032291115,28.584588623046898,0.016256608,0.025398254,11.977034221996814,25.725213623046898,0.015550889,0.07077026,4.025967821609453,0,0,1
2016-03-11 09:00:00,1368.3283,28.9838806152344,0.016790973,0.026390076,18.27917093045484,30.8901306152344,0.015616046,0.019889832,12.017396714409651,27.9682556152344,0.015032398,0.05493164,3.2615925546321143,0,0,1
2016-03-11 10:00:00,1446.2956,30.097863769531276,0.016570034,0.022636414,17.10731518529781,33.03536376953127,0.015051785,0.014324188,11.380187818053352,29.910363769531276,0.014620724,0.052200317,2.187332714768825,0,0,1
2016-03-11 11:00:00,1468.8683,31.038293457031276,0.016371537,0.015800476,16.494609659738796,34.75704345703127,0.014944839,0.009700775,10.328619060847464,31.257043457031276,0.0152194975,0.04774475,1.0812787228556384,0,0,1
2016-03-11 12:00:00,1465.8428,31.788873291015648,0.016218781,0.012168884,16.596197349980272,36.00762329101565,0.014883638,0.0074768066,9.748194201576537,32.28887329101565,0.0149446735,0.046813965,0.9701296758491128,0,0,1
2016-03-11 13:00:00,1505.765,32.27510986328127,0.01611193,0.005250931,17.38816254571795,36.86885986328127,0.014708122,0.0077209473,9.776715460299048,32.93135986328127,0.014536461,0.047958374,1.156698393611035,0,0,1
2016-03-11 14:00:00,1513.3888,32.41170654296877,0.016050937,0.003684044,18.55941025421808,37.13045654296877,0.0144907255,0.020584106,10.0934763169166,33.11483154296877,0.014238955,0.046035767,1.4394604235273862,0,0,1
2016-03-11 15:00:00,1484.6734,32.11135253906252,0.016111968,0.0049533844,19.913978444188043,36.67385253906252,0.014429687,0.036239624,10.52627265104188,32.67385253906252,0.014109252,0.049865723,1.9085236219903567,0,0,1
2016-03-11 16:00:00,1401.2255,31.343286132812523,0.016294843,0.010585785,21.06514623120826,35.60891113281252,0.014585858,0.040161133,10.692447328399869,31.655786132812523,0.014234906,0.044189453,1.9040533798652977,0,0,1
2016-03-11 17:00:00,1302.1629,30.066705322265648,0.0165924,0.02041626,22.043702140909737,33.78545532226565,0.014963524,0.023643494,10.155058531374143,29.988580322265648,0.01483001,0.043655396,1.7015342394791273,0,0,1
2016-03-11 18:00:00,1238.2318,28.570001220703148,0.016928233,0.031723022,23.270003405063772,31.351251220703148,0.015619792,0.020118713,8.55309910071692,27.882501220703148,0.015936412,0.057556152,1.875452078678676,0,0,1
2016-03-11 19:00:00,1288.0498,27.423944091796898,0.017141856,0.042007446,24.58384635708953,29.470819091796898,0.016165294,0.020080566,8.374844513773542,26.408319091796898,0.01658491,0.06918335,1.9695821365870367,0,0,1
2016-03-11 20:00:00,1259.372,26.775659179687523,0.017119061,0.040222168,24.94926586714668,28.103784179687523,0.016600262,0.019042969,8.52547942125149,25.666284179687523,0.01637138,0.07058716,2.1218989476241625,0,0,1
2016-03-11 21:00:00,1223.2423,26.532922363281276,0.016905665,0.03147888,24.699606344815848,27.314172363281276,0.016692042,0.017913818,7.792521794631042,25.095422363281276,0.016569972,0.07168579,1.7882374709383844,0,0,1
2016-03-11 22:00:00,1169.2699,26.420922851562523,0.016600968,0.02344513,24.27300848761931,26.827172851562523,0.016669633,0.021759033,6.965241921982199,24.686547851562523,0.016623856,0.07595825,1.4755251046749636,0,0,1
2016-03-11 23:00:00,1110.4613,26.265039062500023,0.01630406,0.024398804,23.59655234806229,26.421289062500023,0.0168076,0.033920288,6.342657385630003,24.358789062500023,0.016510054,0.08081055,1.3543965274664882,0,0,1
2016-03-12 00:00:00,1034.4542,26.173272705078148,0.016045105,0.028297424,22.890242744248585,26.063897705078148,0.016899597,0.039001465,5.996957617941511,24.048272705078148,0.01635028,0.08786011,1.412169882083472,0,0,1
2016-03-12 01:00:00,1022.2436,26.059716796875023,0.015930906,0.025154114,21.973247992031947,25.747216796875023,0.016953245,0.04147339,5.817122402026722,23.786279296875023,0.016220823,0.08898926,1.7467893016450884,0,0,1
2016-03-12 02:00:00,997.4266,25.922692871093773,0.015877886,0.026107788,20.99239124331253,25.422692871093773,0.016984148,0.04612732,5.515770825411614,23.555505371093773,0.016144915,0.09579468,2.0701818149994065,0,0,1
2016-03-12 03:00:00,977.5388,25.811120605468773,0.015824903,0.028152466,20.219472839547024,25.279870605468773,0.016923536,0.055221558,6.688831118435944,23.350183105468773,0.016099561,0.1088562,2.432930616036201,0,0,1
2016-03-12 04:00:00,950.2334,25.743005371093773,0.015748931,0.025100708,18.65697239689641,25.289880371093773,0.01676364,0.057022095,7.929029437942502,23.227380371093773,0.016046477,0.10739136,2.6110613973317416,0,0,1
2016-03-12 05:00:00,945.3527,25.698754882812523,0.015694926,0.020736694,16.582459662089462,25.011254882812523,0.016610453,0.054992676,7.525723951627095,23.151879882812523,0.016000101,0.11029053,2.739162760508272,0,0,1
2016-03-12 06:00:00,941.2948,25.7404724121094,0.015671482,0.017845154,15.29475312865826,24.8498474121094,0.016518345,0.054351807,7.568481722801404,23.0529724121094,0.01594614,0.12124634,2.976144240421644,0,0,1
2016-03-12 07:00:00,995.2903,26.303491210937523,0.01562925,0.016700745,15.83560510874644,26.295678710937523,0.016182382,0.047973633,11.377812889991992,23.975366210937523,0.015884835,0.117889404,3.817083671366325,0,0,1
2016-03-12 08:00:00,1126.0672,27.251977539062523,0.015648138,0.010852814,15.725103351878044,28.455102539062523,0.015548956,0.032409668,13.178919014949136,25.876977539062523,0.015388738,0.10720825,4.18236864119684,0,0,1
2016-03-12 09:00:00,1215.1312,28.411462402343773,0.015647864,0.0040454865,15.86286698586452,30.692712402343773,0.015079474,0.017463684,12.689088257846963,27.942712402343773,0.014785742,0.091156006,3.733750576023074,0,0,1
2016-03-12 10:00:00,1290.0369,29.618249511718773,0.0155829415,0.0030546188,17.374789264965294,32.85262451171877,0.014774226,0.008296967,12.035147977267115,29.821374511718773,0.014491938,0.067993164,2.751263525867621,0,0,1
2016-03-12 11:00:00,1324.254,30.652673339843773,0.015494814,0.0030565262,19.00834749459031,34.55892333984377,0.01479291,0.0034828186,11.07619959962806,31.183923339843773,0.014930239,0.06021118,1.441955260881664,0,0,1
2016-03-12 12:00:00,1312.4085,31.360894775390648,0.015410467,0.0071163177,20.070638773379496,35.73589477539065,0.01474671,0.008781433,10.573657595876366,32.14214477539065,0.014788671,0.05479431,0.8591664588362489,0,0,1
2016-03-12 13:00:00,1284.8716000000002,31.639855957031276,0.01542126,0.02571106,20.58898880374987,36.40548095703127,0.014520992,0.027641296,10.353454146145994,32.65548095703127,0.014585841,0.05595398,0.5395723867103799,0,0,1
2016-03-12 14:00:00,1257.9949,31.514581298828148,0.015447465,0.037521362,20.771646585667757,36.46770629882815,0.014264909,0.05529785,10.043606868310354,32.48333129882815,0.014440385,0.056762695,0.5094171398377911,0,0,1
2016-03-12 15:00:00,1233.7705,31.082727050781276,0.015428056,0.045959473,21.090028968671763,35.56710205078127,0.014138688,0.0730896,9.79695567120644,31.738977050781276,0.014405717,0.058502197,0.8075533799931215,0,0,1
2016-03-12 16:00:00,1198.9861,30.195581054687523,0.015362747,0.037704468,21.8320301177536,34.41433105468752,0.014237411,0.06414795,9.661935013492691,30.633081054687523,0.014519699,0.059432983,1.1382684695142276,0,0,1
2016-03-12 17:00:00,1148.8307,28.987023925781276,0.0152745405,0.024543762,22.848124500993308,32.79952392578127,0.01446201,0.03869629,9.433101913614973,29.127648925781276,0.0148968855,0.060821533,1.079650383627357,0,0,1
2016-03-12 18:00:00,1142.7212,27.671960449218773,0.015186485,0.017936707,23.29100793042326,30.546960449218773,0.014896568,0.023345947,8.155931390261406,27.328210449218773,0.015579399,0.06478882,1.0775139710832702,0,0,1
2016-03-12 19:00:00,1207.6904,26.802117919921898,0.015144482,0.0130729675,22.81014010161003,28.770867919921898,0.015266553,0.019813538,8.631761504533278,25.973992919921898,0.015979901,0.06594849,0.8481962735694407,0,0,1
2016-03-12 20:00:00,1164.5514,26.360711669921898,0.015122094,0.0083351135,21.38484610808332,27.423211669921898,0.015476861,0.016204834,9.859596794039808,24.970086669921898,0.016079584,0.069885254,0.9518758586696828,0,0,1
2016-03-12 21:00:00,1123.0339,26.180017089843773,0.015103352,0.0050182343,19.840460757165918,26.523767089843773,0.015545857,0.013687134,10.302315172158837,24.320642089843773,0.016240131,0.07272339,1.139753428822803,0,0,1
2016-03-12 22:00:00,1088.1808,26.015832519531276,0.01517636,0.0033836365,18.57248022719504,25.828332519531276,0.015821043,0.014091492,9.998506415407276,23.859582519531276,0.016194884,0.07348633,1.6496999489454895,0,0,1
2016-03-12 23:00:00,1048.4626,25.837609863281276,0.01527635,0.002213478,18.002370144248978,25.243859863281276,0.016073622,0.014652252,9.177916306021586,23.454797363281276,0.016111769,0.07397461,2.406304548561773,0,0,1
2016-03-13 00:00:00,1011.5809,25.635217285156276,0.015353404,0.0027694702,18.0789162093227,24.775842285156276,0.016204081,0.014591217,8.410643292475417,23.049279785156276,0.016074382,0.07647705,3.062948433878181,0,0,1
2016-03-13 01:00:00,964.5073,25.466973876953148,0.0153922625,0.0048618317,18.55439231673094,24.404473876953148,0.01625057,0.011230469,8.12932162336762,22.701348876953148,0.016067464,0.07901001,3.639932483738612,0,0,1
2016-03-13 02:00:00,919.5676,25.3640075683594,0.015389044,0.008144379,19.15469625472667,24.0905700683594,0.016266424,0.007968903,8.29299759603291,22.4577575683594,0.016029913,0.075286865,4.148277915859279,0,0,1
2016-03-13 03:00:00,896.8548999999999,25.326837158203148,0.015324376,0.010856628,19.70248090739463,23.787774658203148,0.016251348,0.005542755,8.343491796720272,22.303399658203148,0.01597669,0.0692749,4.517047501211865,0,0,1
2016-03-13 04:00:00,886.2478,25.306909179687523,0.015289536,0.00951767,19.266675809618267,23.478784179687523,0.016205063,0.0039691925,7.740698542455384,22.174096679687523,0.015892258,0.06594849,4.592639480574221,0,0,1
2016-03-13 05:00:00,867.5274999999999,25.267846679687523,0.015281088,0.0070858,17.680017655307708,23.174096679687523,0.01612795,0.0031280518,7.064230950162681,22.080346679687523,0.015807515,0.06259155,4.496272202437738,0,0,1
2016-03-13 06:00:00,829.0428,25.348901367187523,0.015245957,0.0044441223,16.929978312136555,23.161401367187523,0.016043229,0.0030984879,7.364372199313031,22.028588867187523,0.015722794,0.05836487,4.412624433021902,0,0,1
2016-03-13 07:00:00,845.7945,26.160485839843773,0.01512341,0.0016264915,19.046564804693126,25.168298339843773,0.015768094,0.005056381,11.075872644355584,22.629235839843773,0.015852017,0.05114746,4.838450830740952,0,0,1
2016-03-13 08:00:00,914.5517,27.316430664062523,0.015039197,0.00062036514,18.877360490140223,27.894555664062523,0.014825574,0.0067272186,12.80960266997943,23.917993164062523,0.015630476,0.042099,4.837711418322487,0,0,1
2016-03-13 09:00:00,959.025,28.521783447265648,0.015008469,0.0006864071,17.06805560202132,30.334283447265648,0.01411583,0.007659912,11.543801346082766,26.537408447265648,0.01448967,0.03337097,4.08667363204072,0,0,1
2016-03-13 10:00:00,1035.3461,29.6684509277344,0.014836642,0.0007612705,15.238909571527724,32.5278259277344,0.013726565,0.007862091,9.630001835332678,28.8715759277344,0.013734194,0.024269104,2.739604214394094,0,0,1
2016-03-13 11:00:00,1087.4802,30.665429687500023,0.014531306,0.00069212914,13.590659636600064,34.19667968750002,0.01378744,0.007249832,7.542883018350188,30.649804687500023,0.013570002,0.028022766,1.1627939237214404,0,0,1
2016-03-13 12:00:00,1096.2957,31.461816406250023,0.014225959,0.00054621696,12.578253317231736,35.52431640625002,0.013337134,0.006011963,6.3476958111747965,31.743066406250023,0.013867377,0.02986145,0.8194109949371942,0,0,1
2016-03-13 13:00:00,1120.0012000000002,32.02327880859377,0.013974041,0.005470276,12.17700043523073,36.36702880859377,0.012936443,0.0048980713,5.480044677162431,32.44515380859377,0.013592571,0.035568237,2.111792986683725,0,0,1
2016-03-13 14:00:00,1117.7566,32.30867919921877,0.013809889,0.0005955696,12.276093338329064,36.52742919921877,0.013046949,0.008739471,4.789260885040791,32.40242919921877,0.013958662,0.07159424,3.497898031930701,0,0,1
2016-03-13 15:00:00,1105.2604,32.28640136718752,0.013729681,0.0007469654,12.953493373220535,36.16140136718752,0.013187994,0.028701782,4.234823323407348,31.489526367187523,0.014401068,0.104766846,4.587884900319705,0,0,1
2016-03-13 16:00:00,1088.9916,31.817773437500023,0.013798256,0.0011553764,14.59818737326525,35.19277343750002,0.013187905,0.06842041,3.796364101369525,30.052148437500023,0.014812966,0.14233398,5.171511859418808,0,0,1
2016-03-13 17:00:00,1056.7781,30.687829589843773,0.014057605,0.0035629272,16.655889263433572,33.65657958984377,0.013317553,0.06478882,2.95724526844038,28.328454589843773,0.01518294,0.18206787,5.225017156983457,0,0,1
2016-03-13 18:00:00,1075.5214,29.126092529296898,0.014500148,0.004749298,18.91377170722093,30.907342529296898,0.015026576,0.057144165,1.1701127496825272,26.579217529296898,0.015667446,0.19195557,4.49116157400098,0,0,1
2016-03-13 19:00:00,1142.2389,27.755273437500023,0.014931388,0.0052375793,21.76587462841417,29.567773437500023,0.015186973,0.02796936,0.695517353355573,25.411523437500023,0.01598806,0.19818115,3.553989331441397,0,0,1
2016-03-13 20:00:00,1147.3166,26.737756347656276,0.015175906,0.0041561127,22.9067754858509,28.534631347656276,0.0151225,0.010219574,0.8896482954642793,24.878381347656276,0.01595029,0.1864624,2.664163757368768,0,0,1
2016-03-13 21:00:00,1137.0835,26.261193847656276,0.015191598,0.003373146,22.039557152260876,27.636193847656276,0.014977975,0.0057353973,1.8444972693137935,24.433068847656276,0.015920205,0.16052246,2.1071177497734963,0,0,1
2016-03-13 22:00:00,1088.3351,26.016137695312523,0.015157641,0.0024614334,21.004748172753256,26.891137695312523,0.014932574,0.0059223175,2.8247690005086685,24.047387695312523,0.01590532,0.1307373,2.021071151294448,0,0,1
2016-03-13 23:00:00,1031.1815,25.803308105468773,0.015158146,0.0016570091,20.17651583851473,26.272058105468773,0.014837711,0.0074596405,3.7535905585787344,23.725183105468773,0.015905827,0.11364746,2.244840122298828,0,0,1
2016-03-14 00:00:00,976.9953,25.604394531250023,0.015193157,0.0011172295,19.354286748091333,25.674707031250023,0.014762096,0.0110321045,4.639230858589552,23.440332031250023,0.0158531,0.11517334,2.449266751197722,0,0,1
2016-03-14 01:00:00,930.9691,25.410180664062523,0.015231989,0.00088334084,18.69499830786184,25.183618164062523,0.014766596,0.010902405,5.729762615858902,23.207055664062523,0.015769862,0.122528076,2.6553573167522138,0,0,1
2016-03-14 02:00:00,902.8789,25.219750976562523,0.015258737,0.0010333061,18.147667827994177,24.758813476562523,0.014869638,0.008377075,6.559728087162961,23.016625976562523,0.015663095,0.12750244,2.999098971479903,0,0,1
2016-03-14 03:00:00,883.5171,25.038415527343773,0.015231954,0.001390934,17.505129689027942,24.350915527343773,0.015006887,0.008289337,7.280832214157451,22.843103027343773,0.0155295,0.122528076,3.49722142280554,0,0,1
2016-03-14 04:00:00,870.7216,24.856958007812523,0.01517836,0.001707077,15.942566692325856,23.966333007812523,0.015193619,0.011798859,7.481093050809038,22.692895507812523,0.015388168,0.099975586,3.7865853819943194,0,0,1
2016-03-14 05:00:00,887.0314999999999,24.652429199218773,0.015189599,0.0018086433,13.623960906836736,23.668054199218773,0.01536889,0.012729645,7.482276283944762,22.582116699218773,0.015284967,0.076812744,3.920322683054294,0,0,1
2016-03-14 06:00:00,900.257,24.719384765625023,0.015219917,0.0017318726,13.305571497671142,23.656884765625023,0.015502204,0.010112762,8.058887286181749,22.539697265625023,0.015223731,0.061019897,3.988929353636845,0,0,1
2016-03-14 07:00:00,1009.292,25.936944580078148,0.015063143,0.0016598701,17.654617474997202,25.507257080078148,0.015379763,0.007329941,10.86298657063916,23.366632080078148,0.015189028,0.05215454,4.174037470621502,0,0,1
2016-03-14 08:00:00,1214.4179,27.312158203125023,0.014837857,0.0019931793,18.708971786423103,28.249658203125023,0.014830228,0.0055599213,11.430159798053271,25.265283203125023,0.014818784,0.047073364,3.6356832155521546,0,0,1
2016-03-14 09:00:00,1319.1193,28.608239746093773,0.014749949,0.0024995804,17.42405180136807,30.780114746093773,0.014318888,0.004442215,9.609634095211309,27.436364746093773,0.014376109,0.049819946,2.376414765049196,0,0,1
2016-03-14 10:00:00,1422.4495,29.879541015625023,0.014437228,0.0027074814,16.155861807020358,33.00454101562502,0.01409772,0.0029029846,7.72496097888165,29.301416015625023,0.014185458,0.06814575,1.0013462839015062,0,0,1
2016-03-14 11:00:00,1457.7401,30.962670898437523,0.013941198,0.00228405,15.121120400470572,34.75954589843752,0.014444738,0.0053195953,6.308607107425875,30.712670898437523,0.01454392,0.089141846,0.5836241932477542,0,0,1
2016-03-14 12:00:00,1459.7063,31.812524414062523,0.013468114,0.001613617,14.761895455329643,36.14064941406252,0.01421198,0.022369385,6.160844183458663,31.609399414062523,0.014574376,0.111968994,1.6799603830502876,0,0,1
2016-03-14 13:00:00,1490.028,32.3725524902344,0.013101517,0.0010256767,15.162994552811584,36.8569274902344,0.014154374,0.04710388,6.435868658376927,31.8725524902344,0.01482576,0.12173462,2.5917969228346363,0,0,1
2016-03-14 14:00:00,1499.8837,32.59298095703127,0.012853248,0.0006289482,16.007758281386952,36.95235595703127,0.014180763,0.06524658,6.805784200066945,31.811730957031276,0.014981849,0.14465332,3.391692955483819,0,0,1
2016-03-14 15:00:00,1491.0149,32.4216247558594,0.012799598,0.00039339066,17.03426576116425,36.0778747558594,0.014184333,0.07095337,7.027650177123498,31.2341247558594,0.015141822,0.13348389,4.011112051517826,0,0,1
2016-03-14 16:00:00,1399.5564,31.645074462890648,0.013032282,0.00030732155,18.46468970576478,35.08257446289065,0.0141194705,0.05079651,7.122202900413824,30.129449462890648,0.015359247,0.10845947,4.117728777924027,0,0,1
2016-03-14 17:00:00,1263.8723,30.212121582031276,0.013535702,0.00034487247,19.671009206709485,33.63399658203127,0.014043056,0.03677368,6.736671640292671,28.868371582031276,0.01538583,0.09365845,4.056024457541769,0,0,1
2016-03-14 18:00:00,1224.2592,28.559381103515648,0.014199417,0.00065231323,20.591051339445297,30.918756103515648,0.014481705,0.02407074,3.68048475047848,27.418756103515648,0.015465897,0.070495605,3.690021294323025,0,0,1
2016-03-14 19:00:00,1271.9262,27.301934814453148,0.014828895,0.0011730194,21.471224867586223,29.208184814453148,0.014313911,0.010177612,3.308847181033705,26.270684814453148,0.015721535,0.05290222,2.9771026265449287,0,0,1
2016-03-14 20:00:00,1238.6645,26.509423828125023,0.01520288,0.0015468597,21.094736695672825,27.915673828125023,0.0144017935,0.0033979416,4.347651887053488,25.431298828125023,0.01583612,0.042526245,2.2502270107190503,0,0,1
2016-03-14 21:00:00,1204.5981000000002,26.125573730468773,0.015267645,0.0025129318,20.25687139276564,26.828698730468773,0.014172827,0.0022411346,6.037981798365054,24.734948730468773,0.01579026,0.038238525,1.938418718142784,0,0,1
2016-03-14 22:00:00,1138.7065,25.980798339843773,0.015233309,0.0061092377,19.252308496548903,25.949548339843773,0.014035494,0.002243042,7.020794667968533,24.215173339843773,0.015683444,0.03904724,2.1922511922837637,0,0,1
2016-03-14 23:00:00,1064.6347,25.9345642089844,0.015252436,0.005739212,18.20852866247699,25.2939392089844,0.0142453555,0.0018053055,7.33368939257803,23.7470642089844,0.015614832,0.041900635,2.685152524313452,0,0,1
2016-03-15 00:00:00,1000.8182,25.838647460937523,0.0152334515,0.005077362,17.462713468826543,24.698022460937523,0.0144399945,0.0012817383,7.637230661391141,23.315209960937523,0.015504295,0.04055786,3.3093051935457587,0,0,1
2016-03-15 01:00:00,964.623,25.706903076171898,0.015245002,0.004497528,16.444403487718688,24.113153076171898,0.014565986,0.0010056496,7.519323586824093,22.902215576171898,0.015382331,0.041030884,3.938777934186903,0,0,1
2016-03-15 02:00:00,926.7094,25.594384765625023,0.015187884,0.00491333,15.534218613660997,23.594384765625023,0.014592791,0.0017991066,7.366119520946902,22.563134765625023,0.015248919,0.038360596,4.4110237396922845,0,0,1
2016-03-15 03:00:00,892.8715,25.483056640625023,0.01507732,0.004304886,14.539033701610382,23.170556640625023,0.01450893,0.0029525757,7.393477648171311,22.256494140625023,0.015119282,0.03475952,4.683071974705255,0,0,1
2016-03-15 04:00:00,871.7935,25.340051269531276,0.014989574,0.0028953552,14.239265156976794,22.800988769531276,0.014367779,0.0021362305,7.542923982745196,22.066613769531276,0.01492091,0.032089233,4.934787087992834,0,0,1
2016-03-15 05:00:00,903.2992,25.149713134765648,0.015012318,0.0024318695,14.171956634791064,22.446588134765648,0.014215047,0.0012440681,7.670883486319772,21.782525634765648,0.014745289,0.027046204,5.147147849933466,0,0,1
2016-03-15 06:00:00,912.0817,25.200250244140648,0.015092207,0.0020017624,14.937641989061037,22.434625244140648,0.014085127,0.0006968975,8.207881057078225,21.559625244140648,0.014607741,0.022117615,5.258245108096549,0,0,1
2016-03-15 07:00:00,1009.9328000000002,26.3156677246094,0.015019378,0.0017151833,19.25257363293799,24.7062927246094,0.013970336,0.0008702278,12.553956728012432,22.3859802246094,0.014370879,0.017372131,5.938504370618167,0,0,1
2016-03-15 08:00:00,1195.8306,27.585961914062523,0.01486256,0.0015501976,21.28552743012293,27.648461914062523,0.013451122,0.0019235611,15.35832156786138,24.320336914062523,0.013733409,0.0044841766,6.057265781687312,0,0,1
2016-03-15 09:00:00,1307.6271000000002,28.820397949218773,0.014912052,0.0016155243,21.111140487561222,30.242272949218773,0.012508793,0.0015282631,15.215159546225268,26.773522949218773,0.01279108,0.0010976791,5.512920379179962,0,0,1
2016-03-15 10:00:00,1411.115,30.001519775390648,0.014900473,0.0020256042,20.283902894013508,32.61089477539065,0.011738089,0.0007865429,14.50979830411753,29.157769775390648,0.011684683,0.00059366226,4.605619872431102,0,0,1
2016-03-15 11:00:00,1429.0528,30.981774902343773,0.014885085,0.0032873154,19.462221211989,34.46614990234377,0.011501448,0.00031507015,13.299597758470345,30.997399902343773,0.011257308,0.0003684759,3.32030331742756,0,0,1
2016-03-15 12:00:00,1438.7014,31.663446044921898,0.014946053,0.00881958,18.85653047236098,35.7259460449219,0.011558602,0.000117093325,12.149706010440612,32.2728210449219,0.011161873,0.00026595592,1.8649085888180197,0,0,1
2016-03-15 13:00:00,1475.817,32.03518066406252,0.015010871,0.013122559,18.34091892315652,36.47268066406252,0.011486091,4.400313e-05,11.4756914715836,32.87893066406252,0.011581458,0.00018286705,0.9008520027423368,0,0,1
2016-03-15 14:00:00,1484.7914,32.12590942382815,0.015029943,0.020774841,18.139104224045383,36.65715942382815,0.01141361,1.99005e-05,11.148035233851536,33.09465942382815,0.011646306,0.00011578202,0.1587255102631448,0,0,1
2016-03-15 15:00:00,1472.3708,31.874658203125023,0.015022354,0.025802612,18.32385637532064,36.21840820312502,0.011447983,1.2218952e-05,11.146653176836432,32.85903320312502,0.011398392,7.280707e-05,0.9300937406149448,0,0,1
2016-03-15 16:00:00,1396.9514,31.164117431640648,0.015045338,0.024116516,19.406527044557777,35.00786743164065,0.011634999,8.895993e-06,11.501636780067674,31.851617431640648,0.011520558,5.1483512e-05,1.76797743326129,0,0,1
2016-03-15 17:00:00,1265.3502999999998,29.950341796875023,0.0151903415,0.024238586,21.30953688620866,32.79409179687502,0.012020328,1.12354755e-05,12.111891428300837,29.997216796875023,0.012310245,7.855892e-05,1.8216471181113203,0,0,1
2016-03-15 18:00:00,1217.0548,28.446954345703148,0.015468684,0.02027893,23.15260480228649,29.868829345703148,0.012603846,3.309548e-05,11.979730386136064,27.618829345703148,0.013591853,0.009666443,1.523921553958211,0,0,1
2016-03-15 19:00:00,1264.9314000000002,27.258416748046898,0.0158272,0.018508911,24.085040642258797,27.727166748046898,0.012989065,4.9471855e-05,13.369145789580816,25.945916748046898,0.013809225,0.021133423,1.2309664084997722,0,0,1
2016-03-15 20:00:00,1236.0342,26.557672119140648,0.016155308,0.014053345,23.956597603282187,26.323297119140648,0.01316077,5.725026e-05,14.424825726122444,24.963922119140648,0.013732974,0.01737976,2.488334937362341,0,0,1
2016-03-15 21:00:00,1205.6379,26.227471923828148,0.016353805,0.01115036,23.82786263943678,25.399346923828148,0.013351637,5.2914023e-05,14.124575053886783,24.196221923828148,0.013767439,0.009399414,4.122199054326168,0,0,1
2016-03-15 22:00:00,1128.1189000000002,26.071252441406276,0.016453251,0.012435913,23.237041972439314,24.915002441406276,0.013458715,4.1514635e-05,13.03694436342201,23.602502441406276,0.013794408,0.0039539337,5.347543851397083,0,0,1
2016-03-15 23:00:00,1067.2599,25.986199951171898,0.016491793,0.022628784,22.80406409733732,24.611199951171898,0.013581179,2.7395785e-05,12.337690116553803,22.962762451171898,0.013749026,0.001727581,5.902393847896051,0,0,1
2016-03-16 00:00:00,1018.6018,25.905877685546898,0.016469207,0.028671265,22.551100906598982,24.343377685546898,0.013741699,2.8893352e-05,11.806358092152994,22.398065185546898,0.013676849,0.0017948151,5.965524359883773,0,0,1
2016-03-16 01:00:00,966.1878,25.819421386718773,0.016514858,0.02632904,21.92981723944077,23.944421386718773,0.013878903,5.9470534e-05,10.657537602915992,21.952233886718773,0.01360806,0.0018720627,5.885041529039787,0,0,1
2016-03-16 02:00:00,934.3431,25.7546325683594,0.016522357,0.025917053,20.83128823621041,23.5515075683594,0.013993213,0.00012367964,9.181021200488184,21.5905700683594,0.013577411,0.0013127327,5.659734523060335,0,0,1
2016-03-16 03:00:00,921.9183,25.701501464843773,0.016491704,0.029289246,19.95742932570544,23.264001464843773,0.014099889,0.0002721548,7.920901295789924,21.310876464843773,0.013581091,0.0010552406,5.424585166575519,0,0,1
2016-03-16 04:00:00,903.8189,25.667016601562523,0.016544987,0.025749207,18.83938513463156,23.073266601562523,0.014244724,0.0008172989,7.213775950312272,21.088891601562523,0.013577152,0.0018310547,5.253201701859768,0,0,1
2016-03-16 05:00:00,911.6023,25.615014648437523,0.01668221,0.022529602,17.894561640445705,22.982202148437523,0.014446797,0.0022001266,6.950980983084134,20.857202148437523,0.013565602,0.0057964325,5.112028836128679,0,0,1
2016-03-16 06:00:00,924.8813,25.641412353515648,0.01680418,0.020362854,17.271322827858935,23.250787353515648,0.014709909,0.0077648163,7.619577659857508,20.789849853515648,0.013531168,0.007463455,5.143583151798495,0,0,1
2016-03-16 07:00:00,1032.2251,26.378320312500023,0.01665159,0.022636414,20.758073233566677,25.253320312500023,0.015091379,0.017356873,11.721470192102844,21.886132812500023,0.013527353,0.0032949448,5.7221881074516014,0,0,1
2016-03-16 08:00:00,1228.7161,27.605859375000023,0.01621684,0.024497986,23.615505904820772,27.949609375000023,0.01515254,0.022468567,14.470670378683083,24.230859375000023,0.013313856,0.0030946732,5.784484209362091,0,0,1
2016-03-16 09:00:00,1323.1775,28.943750000000023,0.01594229,0.017784119,24.31385103291499,30.568750000000023,0.01469107,0.02457428,14.45224991016348,26.850000000000023,0.012535766,0.0021018982,5.062689968359584,0,0,1
2016-03-16 10:00:00,1429.1890999999998,30.167169189453148,0.01570573,0.011604309,23.387322145944864,32.93279418945315,0.014221813,0.020233154,13.086880889502114,29.245294189453148,0.01154771,0.002412796,3.745714279223439,0,0,1
2016-03-16 11:00:00,1449.8557999999998,31.174615478515648,0.015446118,0.0070343018,21.690844426476204,34.75274047851565,0.014030865,0.012981415,11.172364752431642,31.049615478515648,0.0113834655,0.002152443,2.2754455916023817,0,0,1
2016-03-16 12:00:00,1458.1736999999998,31.926721191406276,0.015228505,0.004388809,20.335482416032654,35.98922119140627,0.01390862,0.008152008,9.97463047805923,32.20797119140627,0.011745687,0.002161026,1.2343880799964626,0,0,1
2016-03-16 13:00:00,1490.6815,32.36562500000002,0.015056684,0.004781723,19.500838182481694,36.74062500000002,0.013706281,0.032669067,9.18715485839277,33.02187500000002,0.011295392,0.005207062,1.4790227611368827,0,0,1
2016-03-16 14:00:00,1494.7382,32.46843872070315,0.014915394,0.009422302,19.37066561743304,36.43718872070315,0.0135688055,0.07476807,8.699603907020025,33.21843872070315,0.011039661,0.0069770813,2.7244042418998435,0,0,1
2016-03-16 15:00:00,1464.6837,32.12990722656252,0.014838816,0.019256592,19.921532809561164,35.70803222656252,0.013625742,0.09744263,8.728178613745948,32.61428222656252,0.011623026,0.00554657,3.999901281569157,0,0,1
2016-03-16 16:00:00,1396.2763,31.289208984375023,0.014949231,0.011566162,21.97853583835048,34.64858398437502,0.013850599,0.10015869,9.501405029798658,31.476708984375023,0.012328534,0.003112793,4.524236831800175,0,0,1
2016-03-16 17:00:00,1257.2359,29.864923095703148,0.0151970405,0.003938675,24.838700474456505,32.97429809570315,0.01425481,0.08483887,10.179302016576466,29.896173095703148,0.013064625,0.0023756027,4.608233455704625,0,0,1
2016-03-16 18:00:00,1226.5771,28.299829101562523,0.015513624,0.0073833466,26.31530583225135,30.784204101562523,0.014807905,0.06387329,9.661632156385016,27.924829101562523,0.01412126,0.0020151138,4.603833761248173,0,0,1
2016-03-16 19:00:00,1276.2721,27.3737731933594,0.015773002,0.012954712,26.05789503073142,28.9362731933594,0.015231316,0.045181274,10.181792321698676,26.1393981933594,0.014914696,0.008106232,3.973429689988454,0,0,1
2016-03-16 20:00:00,1235.7526,26.991571044921898,0.01591049,0.014247894,25.49570129064423,27.522821044921898,0.015441282,0.034210205,10.947576657044484,25.054071044921898,0.014899595,0.025726318,3.161547218007551,0,0,1
2016-03-16 21:00:00,1205.4941,26.786096191406276,0.015987085,0.017539978,25.231207352461173,26.754846191406276,0.015418696,0.028648376,11.40208678972408,24.286096191406276,0.015063929,0.037719727,2.876165074334322,0,0,1
2016-03-16 22:00:00,1142.8051,26.603356933593773,0.015987484,0.02998352,24.990582857696275,26.134606933593773,0.015590756,0.030044556,10.852598281763314,23.775231933593773,0.01504144,0.04244995,2.986159359820615,0,0,1
2016-03-16 23:00:00,1085.3673,26.422906494140648,0.016018426,0.043167114,24.628781633804486,25.641656494140648,0.015789544,0.027915955,9.700332160060444,23.376031494140648,0.014969384,0.04272461,3.081496953449913,0,0,1
2016-03-17 00:00:00,1020.1018,26.257592773437523,0.016011188,0.045135498,24.49798092365853,25.304467773437523,0.015912006,0.023109436,8.423504628214886,23.054467773437523,0.014840077,0.04168701,3.128023886404032,0,0,1
2016-03-17 01:00:00,981.8662000000002,26.104547119140648,0.015973387,0.047790527,24.07687684346033,25.057672119140648,0.015973387,0.027954102,7.545141872642018,22.768609619140648,0.014745055,0.045211792,3.303952619940271,0,0,1
2016-03-17 02:00:00,949.8986,25.951196289062523,0.016011657,0.054748535,23.811062102871364,24.888696289062523,0.016049804,0.03605652,7.838950604253591,22.544946289062523,0.014710846,0.045639038,3.6576587251965034,0,0,1
2016-03-17 03:00:00,935.0852,25.830712890625023,0.016118465,0.07183838,23.28488648717668,24.690087890625023,0.016133724,0.04096985,7.591212141023299,22.385400390625023,0.014718472,0.044403076,4.036254827804253,0,0,1
2016-03-17 04:00:00,924.6446,25.8005310058594,0.016217526,0.04548645,22.1227585513844,24.5661560058594,0.01617938,0.044769287,7.320061023020048,22.2458435058594,0.014760313,0.045654297,4.122794550082646,0,0,1
2016-03-17 05:00:00,943.4522,25.791650390625023,0.016308708,0.018310547,20.623583980155423,24.619775390625023,0.016125603,0.042099,8.281702601318438,22.104150390625023,0.014843865,0.04663086,4.026794902946905,0,0,1
2016-03-17 06:00:00,968.1312,25.852716064453148,0.01636914,0.010025024,19.872368151032624,24.696466064453148,0.016102111,0.037261963,8.512777960856248,22.032403564453148,0.014946258,0.05052185,3.974679358163829,0,0,1
2016-03-17 07:00:00,1065.2465,26.624688720703148,0.016147446,0.0072669983,22.800281763845422,26.124688720703148,0.015933823,0.038711548,11.292093370171187,22.945001220703148,0.014999222,0.05180359,4.4456562058195415,0,0,1
2016-03-17 08:00:00,1245.1722,27.819055175781276,0.01579633,0.0063667297,24.49333792902212,28.381555175781276,0.015239383,0.035507202,13.175369309636544,25.069055175781276,0.014594699,0.042053223,4.405009558555807,0,0,1
2016-03-17 09:00:00,1351.6095,29.119348144531276,0.015613133,0.004201889,23.736868928592987,30.744348144531276,0.014571721,0.026634216,12.50302165626811,27.384973144531276,0.013873631,0.03416443,3.7115656283780463,0,0,1
2016-03-17 10:00:00,1424.3812,30.300378417968773,0.015422287,0.0021820068,22.377613434140216,32.92537841796877,0.014102402,0.01750946,10.877856764627303,29.456628417968773,0.01324791,0.034469604,2.415848779614709,0,0,1
2016-03-17 11:00:00,1459.8618,31.305535888671898,0.015116946,0.0010099411,21.179602631469574,34.5711608886719,0.014006869,0.0096206665,8.941184082470892,30.993035888671898,0.013724581,0.030220032,0.7141183593403849,0,0,1
2016-03-17 12:00:00,1456.3807,32.06926879882815,0.0148382755,0.0005238056,20.18625526015716,35.83489379882815,0.013560352,0.005094528,7.6782867749955965,32.25676879882815,0.0134649845,0.028175354,0.465438588481894,0,0,1
2016-03-17 13:00:00,1464.343,32.46462402343752,0.014620628,0.0009598732,19.19596539068232,36.58962402343752,0.013232078,0.018684387,6.523858647988593,32.98024902343752,0.013178673,0.023864746,2.017684023239165,0,0,1
2016-03-17 14:00:00,1466.8463000000002,32.53484497070315,0.01444113,0.0062446594,17.96724123251325,36.20671997070315,0.013365385,0.06350708,5.477082836121597,32.87859497070315,0.01361334,0.028770447,3.702719271681667,0,0,1
2016-03-17 15:00:00,1456.7891,32.24880371093752,0.014360841,0.008148193,16.990264546365037,35.35817871093752,0.0136284195,0.105773926,4.908661427350823,32.26442871093752,0.01399463,0.04449463,4.928603137133464,0,0,1
2016-03-17 16:00:00,1401.3835,31.544458007812523,0.014482867,0.0034446716,18.15187900369397,34.18508300781252,0.013868701,0.13555908,5.288440182473338,31.091333007812523,0.014372241,0.053512573,5.685599356185986,0,0,1
2016-03-17 17:00:00,1250.8655,30.275933837890648,0.014887204,0.0015883446,20.91626818192488,32.79155883789065,0.014173856,0.10983276,5.639896960839075,29.369683837890648,0.014757505,0.07095337,5.767522107145207,0,0,1
2016-03-17 18:00:00,1225.7469,28.627069091796898,0.0155471545,0.0033245087,24.243791804089536,31.048944091796898,0.014681218,0.052581787,4.273211094858088,27.595819091796898,0.01522672,0.084472656,5.126453647544982,0,0,1
2016-03-17 19:00:00,1275.9876,27.352258300781276,0.016199572,0.012439728,26.51523903344974,29.789758300781276,0.014902575,0.02482605,4.931275028992001,26.336633300781276,0.015627367,0.07220459,4.652738429319082,0,0,1
2016-03-17 20:00:00,1242.4295,26.746911621093773,0.016497267,0.038848877,26.91133206850177,28.793786621093773,0.015139235,0.016448975,6.29174233532133,25.512536621093773,0.015856398,0.05595398,4.480688715942131,0,0,1
2016-03-17 21:00:00,1210.3441,26.550561523437523,0.016604304,0.06253052,26.50168975624995,27.925561523437523,0.01521957,0.011985779,7.611400385771303,24.894311523437523,0.015963435,0.044830322,4.233757547214698,0,0,1
2016-03-17 22:00:00,1168.3416,26.4865661621094,0.016726676,0.07714844,24.75787694256365,27.1115661621094,0.015120688,0.0157547,7.80041175635784,24.3771911621094,0.015956108,0.047042847,3.5824505536220217,0,0,1
2016-03-17 23:00:00,1101.144,26.470361328125023,0.016826201,0.08792114,22.69779854069002,26.532861328125023,0.015113401,0.034729004,6.87597159438732,23.876611328125023,0.015895415,0.047821045,2.792368287315994,0,0,1
2016-03-18 00:00:00,1045.5264,26.447595214843773,0.01684942,0.094177246,21.208697740862856,26.150720214843773,0.015212913,0.062347412,6.475603032843895,23.447595214843773,0.015750786,0.04536438,2.2487877441088564,0,0,1
2016-03-18 01:00:00,1007.1816,26.409936523437523,0.01681921,0.108551025,19.579804350486253,25.847436523437523,0.015369626,0.07589722,5.99009912896006,23.128686523437523,0.015545102,0.042892456,2.0200739071327627,0,0,1
2016-03-18 02:00:00,969.5008,26.386743164062523,0.016773669,0.121917725,17.861495321968953,25.574243164062523,0.015556782,0.07702637,5.637025962911912,22.902368164062523,0.015362232,0.03918457,2.115961457718147,0,0,1
2016-03-18 03:00:00,954.1496,26.385949707031276,0.016735602,0.11502075,16.253442731765034,25.370324707031276,0.01575141,0.08517456,5.401508406726045,22.682824707031276,0.015228797,0.043792725,2.4223871253204377,0,0,1
2016-03-18 04:00:00,945.0272,26.325036621093773,0.016704908,0.08337402,16.188209820947815,25.231286621093773,0.015934339,0.104003906,6.02046983336561,22.481286621093773,0.015152326,0.05670166,2.978170294081984,0,0,1
2016-03-18 05:00:00,957.5479,26.240075683593773,0.016719734,0.04472351,16.698298000932002,25.161950683593773,0.016086495,0.118774414,6.611639431947902,22.318200683593773,0.015106117,0.061157227,3.446612004806463,0,0,1
2016-03-18 06:00:00,970.108,26.227014160156276,0.016726922,0.023841858,17.215523487899006,25.180139160156276,0.016177606,0.09951782,7.108675467816651,22.227014160156276,0.0150599,0.053604126,3.7286339872026137,0,0,1
2016-03-18 07:00:00,1086.4858,26.820214843750023,0.01656636,0.020149231,19.421162748404125,26.382714843750023,0.016146744,0.051574707,9.552766652821926,23.023339843750023,0.015044296,0.0443573,4.152435527946367,0,0,1
2016-03-18 08:00:00,1271.1017,27.8552185058594,0.016428726,0.023704529,20.19057748680033,28.6520935058594,0.015795486,0.01953888,11.392427157783814,24.9958435058594,0.014666336,0.033615112,4.018049861972639,0,0,1
2016-03-18 09:00:00,1358.8551,29.0932556152344,0.016390342,0.030418396,19.855182461232825,31.1713806152344,0.01526882,0.011230469,10.856683752061915,27.4057556152344,0.013910788,0.023666382,3.3577919385590254,0,0,1
2016-03-18 10:00:00,1436.976,30.224450683593773,0.016359637,0.028945923,18.79107909688766,33.49007568359377,0.015077897,0.008975983,8.902555206050527,29.677575683593773,0.013227769,0.020454407,2.26118921909917,0,0,1
2016-03-18 11:00:00,1467.4873,31.213769531250023,0.016260313,0.02129364,17.543320308977403,35.35439453125002,0.0148298,0.0068798065,6.825241428338982,31.370019531250023,0.013593839,0.023223877,1.3389472546833108,0,0,1
2016-03-18 12:00:00,1452.8953,31.995263671875023,0.016122876,0.018669128,16.672840350302636,36.72963867187502,0.01455885,0.02645874,5.099424060389631,32.55776367187502,0.0136433225,0.029930115,1.8442039810154245,0,0,1
2016-03-18 13:00:00,1531.3363,32.43544921875002,0.01596258,0.018478394,16.119905456568627,37.09169921875002,0.014810542,0.107666016,3.7778670532922503,33.02919921875002,0.013895014,0.045074463,3.107243619609804,0,0,1
2016-03-18 14:00:00,1499.0761,32.55339965820315,0.01580227,0.022834778,16.217286614345692,36.39714965820315,0.015058405,0.16204834,2.7187835112512424,32.85027465820315,0.014303095,0.060958862,4.306415690873339,0,0,1
2016-03-18 15:00:00,1471.5547,32.22957763671877,0.01574879,0.027168274,16.751906274527876,35.40145263671877,0.0152566945,0.18334961,1.938830732070296,31.995202636718773,0.014764599,0.062423706,5.074594926875938,0,0,1
2016-03-18 16:00:00,1390.7972000000002,31.529443359375023,0.01580215,0.02519989,17.96466487190788,34.20131835937502,0.015481717,0.19006348,2.117870465583408,30.841943359375023,0.015165097,0.060775757,5.333817512866285,0,0,1
2016-03-18 17:00:00,1266.7455,30.339501953125023,0.015977604,0.022994995,19.717551979875736,32.80825195312502,0.01577924,0.16772461,2.49839138825826,29.370751953125023,0.015531285,0.06515503,5.155009860631501,0,0,1
2016-03-18 18:00:00,1251.7882,28.897088623046898,0.016313303,0.022117615,21.583775339596087,31.193963623046898,0.016275156,0.123565674,1.6817255021317432,27.709588623046898,0.016008127,0.07562256,4.477895290235823,0,0,1
2016-03-18 19:00:00,1300.8732,27.726464843750023,0.016725356,0.028785706,22.95997492612739,30.148339843750023,0.016404921,0.08605957,2.4909261418529787,26.507714843750023,0.016465956,0.08370972,3.820136467558172,0,0,1
2016-03-18 20:00:00,1265.2539000000002,26.995812988281276,0.017084079,0.044891357,22.750899922104733,29.433312988281276,0.016389804,0.060791016,3.910064153510824,25.792687988281276,0.016717868,0.08010864,3.4374958287994044,0,0,1
2016-03-18 21:00:00,1223.9487,26.720056152343773,0.017305568,0.05088806,21.481377844919795,28.798181152343773,0.016466334,0.046157837,5.5414600653128,25.298181152343773,0.016863063,0.07635498,3.344547443310592,0,0,1
2016-03-18 22:00:00,1156.838,26.655786132812523,0.017412705,0.050216675,20.76711320146968,28.171411132812523,0.016581101,0.034072876,6.863313795521689,24.921411132812523,0.016893907,0.077056885,3.149324317398646,0,0,1
2016-03-18 23:00:00,1103.2198,26.590356445312523,0.017458886,0.050445557,20.54437882888757,27.496606445312523,0.016573876,0.02960968,7.791748935312744,24.559106445312523,0.016825646,0.08026123,2.852965834524356,0,0,1
2016-03-19 00:00:00,1082.763,26.496942138671898,0.017505104,0.044540405,20.47934336444096,26.809442138671898,0.016559059,0.02745819,8.43653607775199,24.246942138671898,0.01668113,0.080078125,2.7493116124072423,0,0,1
2016-03-19 01:00:00,1039.5111,26.370782470703148,0.017505534,0.040130615,20.18322853840283,26.245782470703148,0.01655949,0.02394867,8.482712117990861,23.980157470703148,0.016460307,0.07662964,2.877017684802614,0,0,1
2016-03-19 02:00:00,1006.9088,26.264459228515648,0.017452471,0.033294678,20.049840851340008,25.858209228515648,0.016544573,0.022163391,8.397056513458152,23.764459228515648,0.016254656,0.07168579,3.048716878675887,0,0,1
2016-03-19 03:00:00,989.3773,26.1906677246094,0.017337877,0.025642395,19.856276143086543,25.5656677246094,0.01653679,0.021774292,8.183712018089318,23.5812927246094,0.016101915,0.06939697,3.1594904711531795,0,0,1
2016-03-19 04:00:00,975.166,26.1611267089844,0.017253641,0.016586304,18.50307003632216,25.3017517089844,0.016574625,0.022354126,7.075449481071283,23.4580017089844,0.01601005,0.06454468,3.091876263638453,0,0,1
2016-03-19 05:00:00,970.1713,26.140344238281276,0.01728385,0.008441925,16.278909380698696,25.093469238281276,0.01663535,0.022857666,6.036241615844136,23.359094238281276,0.015963964,0.05937195,3.0117711447822675,0,0,1
2016-03-19 06:00:00,959.606,26.206842041015648,0.017359907,0.004573822,14.70829523328362,25.144342041015648,0.016703779,0.023246765,6.062518203550716,23.316217041015648,0.015963728,0.05532837,3.0227811872819896,0,0,1
2016-03-19 07:00:00,1008.9529,26.911737060546898,0.017321592,0.008041382,15.288999215425363,26.942987060546898,0.016650205,0.024299622,9.621050750227448,24.161737060546898,0.015917784,0.054153442,3.563832517676763,0,0,1
2016-03-19 08:00:00,1144.4323,28.120172119140648,0.017168883,0.01556015,15.206544862421314,29.401422119140648,0.016184691,0.024116516,10.854899679218525,26.026422119140648,0.015387421,0.049682617,3.6447929577835616,0,0,1
2016-03-19 09:00:00,1236.5026,29.544030761718773,0.016993307,0.023902893,14.384557215903708,31.762780761718773,0.015734456,0.022895813,9.555206820706427,28.153405761718773,0.014784597,0.042770386,2.899481213962185,0,0,1
2016-03-19 10:00:00,1321.2039000000002,30.784692382812523,0.016924553,0.040222168,13.649812818648131,33.90969238281252,0.015650444,0.018936157,7.668899392908971,30.034692382812523,0.014799767,0.033584595,1.4539379528428502,0,0,1
2016-03-19 11:00:00,1327.9162,31.763604736328148,0.016893955,0.06790161,13.135098619152553,35.70110473632815,0.015143009,0.014183044,6.101673315705038,31.529229736328148,0.014963718,0.030319214,0.341423351330913,0,0,1
2016-03-19 12:00:00,1274.0174,32.4650817871094,0.016832847,0.11074829,12.909484623462248,36.9963317871094,0.014746208,0.032913208,4.493393053248452,32.7463317871094,0.014250297,0.025405884,1.1625344748153497,0,0,1
2016-03-19 13:00:00,1250.1667000000002,32.81038818359377,0.016794635,0.14923096,12.642924625687694,37.21663818359377,0.014917805,0.11380005,3.032800854243423,33.20101318359377,0.0143303415,0.025611877,2.7694381960797605,0,0,1
2016-03-19 14:00:00,1249.1975,32.80202636718752,0.01681747,0.15863037,12.638085108945392,36.53640136718752,0.015135189,0.16320801,1.7187512852057074,33.08327636718752,0.014555355,0.033065796,4.207617513882107,0,0,1
2016-03-19 15:00:00,1224.9354,32.56435546875002,0.016901307,0.15362549,13.216862086759102,35.65810546875002,0.015306762,0.18634033,1.2036614274924478,32.36123046875002,0.014856628,0.042800903,5.212543931954311,0,0,1
2016-03-19 16:00:00,1174.1765,31.973901367187523,0.016977506,0.11734009,15.12773233245687,34.56765136718752,0.015524106,0.18847656,1.514172777346575,31.208276367187523,0.015131192,0.04736328,5.903875429467489,0,0,1
2016-03-19 17:00:00,1142.4291999999998,30.922967529296898,0.017038485,0.074523926,17.57188436096474,33.4073425292969,0.015703341,0.1564331,1.9581297499437431,29.735467529296898,0.015535493,0.039154053,5.713798936205774,0,0,1
2016-03-19 18:00:00,1187.3148,29.534143066406276,0.017106976,0.04397583,19.772093162581072,31.877893066406276,0.016885724,0.097961426,2.4448179872317977,28.252893066406276,0.016038861,0.03315735,4.9576729346972055,0,0,1
2016-03-19 19:00:00,1217.7782,28.371789550781276,0.017152617,0.03049469,22.478918346297966,30.903039550781276,0.016961882,0.042388916,2.9778514996658063,27.074914550781276,0.016641447,0.026679993,4.338005781779255,0,0,1
2016-03-19 20:00:00,1204.3815,27.523522949218773,0.017175304,0.03538513,23.969295086288916,30.211022949218773,0.016542064,0.012496948,4.028576454924721,26.320397949218773,0.016824352,0.020126343,3.980466366094263,0,0,1
2016-03-19 21:00:00,1161.8965,27.153863525390648,0.017228538,0.03691101,23.24474357005676,29.497613525390648,0.01645034,0.0057640076,4.825494995816583,25.841363525390648,0.016892845,0.012374878,3.9594302227020046,0,0,1
2016-03-19 22:00:00,1123.185,26.991113281250023,0.017297138,0.03529358,21.239731578100645,28.772363281250023,0.016496051,0.0087890625,4.428716411414754,25.412988281250023,0.016969074,0.014022827,3.864429547453788,0,0,1
2016-03-19 23:00:00,1080.6326,26.902062988281276,0.01735057,0.0362854,20.02732674443397,28.167687988281276,0.016511336,0.012119293,4.108836804091872,25.011437988281276,0.016999617,0.022224426,3.447722931611853,0,0,1
2016-03-20 00:00:00,1030.5456,26.804956054687523,0.01737352,0.04374695,20.238575879080063,27.679956054687523,0.016396958,0.019119263,5.1013805428225005,24.617456054687523,0.016938645,0.030799866,2.82200934511688,0,0,1
2016-03-20 01:00:00,1001.5835,26.652551269531276,0.01747276,0.046310425,20.72553462867801,27.230676269531276,0.016389387,0.020011902,6.037099997970718,24.308801269531276,0.016824262,0.037261963,2.4117772042444567,0,0,1
2016-03-20 02:00:00,975.8627,26.510797119140648,0.017633073,0.047348022,21.219837221317672,26.776422119140648,0.016427629,0.025611877,6.4654675987705605,24.042047119140648,0.016679399,0.038009644,2.303382057947988,0,0,1
2016-03-20 03:00:00,950.56,26.366784667968773,0.017762884,0.042160034,20.83796913428949,26.413659667968773,0.016465887,0.03503418,5.854045584117682,23.835534667968773,0.016511664,0.039154053,2.4254158076464085,0,0,1
2016-03-20 04:00:00,931.2462,26.284143066406276,0.017808689,0.0385437,19.19883037819296,26.002893066406276,0.016587986,0.032852173,4.079609210148153,23.674768066406276,0.016374363,0.038024902,2.32730275835431,0,0,1
2016-03-20 05:00:00,906.1434,26.305383300781276,0.017694278,0.03251648,18.17779667259256,25.571008300781276,0.01677875,0.031982422,4.062695251467778,23.555383300781276,0.01626758,0.038024902,1.8489441758451064,0,0,1
2016-03-20 06:00:00,877.7425000000001,26.382409667968773,0.01757988,0.02242279,18.980032706518905,25.648034667968773,0.01694664,0.020187378,4.578460472756988,23.538659667968773,0.0161837,0.039123535,1.5396339796181806,0,0,1
2016-03-20 07:00:00,874.0913,27.005090332031276,0.017358746,0.021583557,21.15696582118497,27.301965332031276,0.01681706,0.016716003,7.058448761135425,24.442590332031276,0.016107526,0.0393219,2.168517680188652,0,0,1
2016-03-20 08:00:00,929.1908,28.128320312500023,0.017099546,0.042938232,18.529515038210512,29.565820312500023,0.016222166,0.015716553,8.201346193856194,26.393945312500023,0.015581296,0.030769348,2.0982256307324203,0,0,1
2016-03-20 09:00:00,988.781,29.305017089843773,0.016909081,0.07937622,14.478733541839423,31.945642089843773,0.015688378,0.014541626,6.926869759003927,28.476892089843773,0.014940698,0.021438599,1.5959976772348812,0,0,1
2016-03-20 10:00:00,1034.7589,30.398706054687523,0.016665116,0.1182251,13.548016414933103,34.02370605468752,0.01574196,0.04335022,5.994187534182284,30.367456054687523,0.0149218,0.03049469,0.5792793600530333,0,0,1
2016-03-20 11:00:00,1074.1699,31.467065429687523,0.016512636,0.13671875,14.340633421758463,35.40456542968752,0.015547518,0.13452148,6.111444131659034,31.826440429687523,0.014868502,0.053955078,0.6362346432974136,0,0,1
2016-03-20 12:00:00,1077.0764,32.1372009277344,0.016436415,0.17541504,15.147537756528262,35.9809509277344,0.015368299,0.20220947,5.869678908864101,32.6528259277344,0.014948682,0.09539795,2.081655081428357,0,0,1
2016-03-20 13:00:00,1087.4421,32.28716430664065,0.01641351,0.2008667,15.590929240586044,36.02153930664065,0.015448391,0.19891357,5.312203605013016,32.77153930664065,0.015162289,0.14886475,3.3211495986366915,0,0,1
2016-03-20 14:00:00,1105.4174,32.14925537109377,0.016436301,0.19146729,16.273406988839618,35.91488037109377,0.0155512905,0.19885254,4.952951695632371,32.19613037109377,0.015532217,0.16247559,3.98728217124888,0,0,1
2016-03-20 15:00:00,1130.9508,31.771417236328148,0.016504927,0.13140869,17.08545210537373,35.66204223632815,0.015627546,0.18237305,4.529338451357527,31.349542236328148,0.015986128,0.16296387,4.232541665572315,0,0,1
2016-03-20 16:00:00,1082.6438,31.128320312500023,0.016596438,0.09289551,17.97878938293069,34.70644531250002,0.015650393,0.15911865,4.355694266600664,30.253320312500023,0.016344668,0.1515503,4.107481638518498,0,0,1
2016-03-20 17:00:00,1066.1192,30.154626464843773,0.01670327,0.05973816,18.637980415400264,33.56087646484377,0.01570382,0.11416626,4.551804980999569,29.060876464843773,0.016565941,0.114990234,3.8406582041733657,0,0,1
2016-03-20 18:00:00,1127.3405,28.966882324218773,0.0167949,0.035064697,19.33519345159357,31.966882324218773,0.016077736,0.06845093,2.967773466420903,27.826257324218773,0.016596535,0.07122803,3.598221148646969,0,0,1
2016-03-20 19:00:00,1189.9462,28.036798095703148,0.016878974,0.020774841,20.00659685057666,30.849298095703148,0.01630677,0.04008484,3.1622890537759742,26.833673095703148,0.016817939,0.036483765,2.839716987141919,0,0,1
2016-03-20 20:00:00,1189.6163,27.460137939453148,0.016940204,0.014282227,19.728359385982912,29.991387939453148,0.016314594,0.02520752,3.667971792006527,26.116387939453148,0.016963093,0.026649475,2.0652808290772717,0,0,1
2016-03-20 21:00:00,1190.3124,27.161401367187523,0.016993437,0.010147095,18.661626306051648,29.067651367187523,0.016467009,0.023834229,2.985029078202972,25.520776367187523,0.017054472,0.029273987,1.6881036823032556,0,0,1
2016-03-20 22:00:00,1138.2431,27.029077148437523,0.017069595,0.010231018,18.14136081356547,28.388452148437523,0.016398208,0.029914856,3.534668211575313,25.091577148437523,0.017046707,0.031921387,1.4195559006662162,0,0,1
2016-03-20 23:00:00,1067.6171000000002,26.939141845703148,0.0171611,0.015792847,18.47751764840899,27.907891845703148,0.016375272,0.04032898,4.200715848680725,24.751641845703148,0.016993253,0.034103394,1.4812212663591835,0,0,1
2016-03-21 00:00:00,1001.7901,26.832543945312523,0.017275497,0.025390625,18.85433784578571,27.457543945312523,0.01647441,0.042266846,4.624989751855992,24.488793945312523,0.01685588,0.032424927,1.9669502642461827,0,0,1
2016-03-21 01:00:00,978.6665000000002,26.713464355468773,0.017382292,0.039413452,19.43427260906005,27.025964355468773,0.01653543,0.034942627,5.242932963686122,24.229089355468773,0.016703276,0.032821655,2.522234922910167,0,0,1
2016-03-21 02:00:00,966.6066,26.6267028808594,0.017473837,0.047164917,19.76386570418961,26.6579528808594,0.016634604,0.028572083,5.463912397182264,24.0017028808594,0.01655068,0.038009644,3.046752063325137,0,0,1
2016-03-21 03:00:00,957.8655,26.561486816406276,0.017588297,0.050125122,19.793811732714754,26.342736816406276,0.016756693,0.036468506,5.620731840167024,23.811486816406276,0.016421,0.049194336,3.3802553839952765,0,0,1
2016-03-21 04:00:00,969.9408,26.519372558593773,0.017672235,0.03857422,18.565456751375848,26.113122558593773,0.016878778,0.03894043,5.652212405204476,23.659997558593773,0.016298944,0.06503296,3.408127819726793,0,0,1
2016-03-21 05:00:00,972.6351,26.5119567871094,0.017695205,0.022819519,17.159057227426047,25.9494567871094,0.01700093,0.03286743,6.018573138053823,23.5588317871094,0.01625325,0.08053589,3.311430667082844,0,0,1
2016-03-21 06:00:00,986.3587,26.584130859375023,0.0176267,0.014717102,17.491672012209552,25.974755859375023,0.01713079,0.028030396,7.432665665182369,23.552880859375023,0.016283927,0.089416504,3.3939748657927886,0,0,1
2016-03-21 07:00:00,1111.7172999999998,27.355249023437523,0.01733709,0.009563446,20.757584989461723,27.542749023437523,0.016978508,0.0259552,12.463700828742189,24.495874023437523,0.016352898,0.08862305,4.147293274402746,0,0,1
2016-03-21 08:00:00,1288.6179,28.628106689453148,0.016841328,0.011135101,22.89214005491722,29.878106689453148,0.016223347,0.02355194,14.50771462254948,26.487481689453148,0.016139423,0.08074951,4.765751283066839,0,0,1
2016-03-21 09:00:00,1402.3479000000002,29.944848632812523,0.016536117,0.009300232,22.89913509684577,32.28859863281252,0.015483259,0.017616272,14.318198893351097,28.569848632812523,0.015750289,0.07217407,4.874407248039999,0,0,1
2016-03-21 10:00:00,1471.4572,31.103845214843773,0.016375896,0.009597778,22.65399134754424,34.33822021484377,0.015239115,0.011623383,13.615879011466092,30.135095214843773,0.015719768,0.060165405,4.069961564353519,0,0,1
2016-03-21 11:00:00,1500.2610000000002,32.0070739746094,0.016268967,0.015563965,22.89776303222397,35.9289489746094,0.015296219,0.017074585,13.63136615939804,31.2570739746094,0.0156166535,0.056381226,3.5355089549103766,0,0,1
2016-03-21 12:00:00,1454.9582,32.52504882812502,0.016215455,0.017044067,23.46461497932429,36.86879882812502,0.015387665,0.048675537,14.031292324894403,31.884423828125023,0.0155021055,0.07513428,3.268282586662937,0,0,1
2016-03-21 13:00:00,1452.1986,32.68197021484377,0.01623822,0.01613617,24.01591345589615,37.13509521484377,0.015376098,0.08270264,14.556409544866847,31.869470214843773,0.015460022,0.08703613,3.089535245480426,0,0,1
2016-03-21 14:00:00,1470.8862,32.53444824218752,0.016283892,0.01915741,24.50331206686341,36.78444824218752,0.015326403,0.100250244,15.023571689143305,31.518823242187523,0.015425585,0.09674072,3.179253693402326,0,0,1
2016-03-21 15:00:00,1464.5002,32.00649414062502,0.016329616,0.018928528,25.01188089270808,35.88149414062502,0.015303463,0.10220337,15.337186344735612,30.912744140625023,0.015353054,0.098602295,3.5836561418369963,0,0,1
2016-03-21 16:00:00,1401.7822,31.086694335937523,0.016398039,0.022033691,26.29269069734867,34.28981933593752,0.015329924,0.097595215,15.79493120227405,30.039819335937523,0.015322295,0.07962036,4.36463250884377,0,0,1
2016-03-21 17:00:00,1263.124,29.739221191406276,0.016558059,0.04020691,27.624235906606145,32.37984619140627,0.015379316,0.078826904,16.538550767797748,28.770471191406276,0.01539076,0.06286621,5.393240321755827,0,0,1
2016-03-21 18:00:00,1257.4212,28.409295654296898,0.016786829,0.048446655,27.582634845045483,30.268670654296898,0.015432612,0.05303955,16.9222154408708,27.190545654296898,0.015589015,0.05885315,6.250516040097577,0,0,1
2016-03-21 19:00:00,1295.5202,27.690820312500023,0.017015751,0.054473877,26.82342346052379,28.565820312500023,0.01565772,0.021751404,17.662210994226907,25.800195312500023,0.015848454,0.06881714,7.09360785925875,0,0,1
2016-03-21 20:00:00,1254.7107,27.400964355468773,0.017191242,0.05645752,26.283648599762937,27.494714355468773,0.015985798,0.010673523,17.66914722709928,24.775964355468773,0.015978169,0.08670044,7.771464603204304,0,0,1
2016-03-21 21:00:00,1233.9246,27.264245605468773,0.017214164,0.059906006,26.57713260796079,26.951745605468773,0.01626812,0.007987976,17.24409439500684,24.123620605468773,0.016039237,0.09277344,8.028227397760135,0,0,1
2016-03-21 22:00:00,1180.1736,27.163903808593773,0.017229555,0.05406189,25.842724966919032,26.695153808593773,0.016428469,0.009326935,16.42227125101739,23.757653808593773,0.016077517,0.09295654,7.997974244175713,0,0,1
2016-03-21 23:00:00,1105.8311,27.085534667968773,0.017199267,0.05065918,25.227259796514176,26.523034667968773,0.016566027,0.010475159,15.692647390701998,23.585534667968773,0.01613878,0.07888794,7.911811545554725,0,0,1
2016-03-22 00:00:00,1046.3515,26.974389648437523,0.017207189,0.048721313,25.2741252079928,26.318139648437523,0.01668839,0.009712219,15.19261713924072,23.443139648437523,0.016123815,0.06906128,7.855960041239751,0,0,1
2016-03-22 01:00:00,1008.8066,26.876489257812523,0.017253265,0.03656006,24.91168501267826,26.142114257812523,0.01681839,0.011772156,14.898143616824854,23.282739257812523,0.016116485,0.066345215,7.654228163963415,0,0,1
2016-03-22 02:00:00,972.2131,26.8190856933594,0.017284023,0.024047852,24.349928361916565,26.0065856933594,0.016910182,0.016403198,14.68798757709651,23.1784606933594,0.016124355,0.068481445,7.482303539466565,0,0,1
2016-03-22 03:00:00,949.1059,26.738366699218773,0.017367996,0.011920929,23.38532970966804,25.957116699218773,0.01694838,0.029907227,14.612711277226484,23.175866699218773,0.016154923,0.063690186,7.409349628277944,0,0,1
2016-03-22 04:00:00,948.1658,26.633325195312523,0.017467055,0.016426086,22.60660159486484,25.961450195312523,0.016925368,0.02936554,14.73437233853038,23.195825195312523,0.016109023,0.074401855,7.489025188618131,0,0,1
2016-03-22 05:00:00,963.5279,26.526910400390648,0.017482076,0.017539978,21.59890820604966,25.886285400390648,0.016955648,0.013240814,14.486273483743185,23.183160400390648,0.015986715,0.085754395,7.530385044177637,0,0,1
2016-03-22 06:00:00,980.3281,26.549188232421898,0.01750472,0.020835876,21.316901665834543,25.877313232421898,0.01700881,0.008960724,14.46135325324152,23.205438232421898,0.015902547,0.0791626,7.59450842566779,0,0,1
2016-03-22 07:00:00,1105.5875,27.289422607421898,0.017237518,0.060302734,25.441096195139696,27.430047607421898,0.016787384,0.02243805,17.301232539906003,23.836297607421898,0.015803192,0.078063965,8.06526173686603,0,0,1
2016-03-22 08:00:00,1307.6623,28.435632324218773,0.016772019,0.09402466,28.533150372260256,29.716882324218773,0.015841233,0.024795532,20.35064770466807,25.420007324218773,0.015394914,0.077056885,8.505866335387507,0,0,1
2016-03-22 09:00:00,1374.6649,29.654107666015648,0.016573608,0.10494995,29.33505924118091,31.935357666015648,0.015154541,0.026000977,21.436609273928703,27.435357666015648,0.014792144,0.0630188,8.532917988126329,0,0,1
2016-03-22 10:00:00,1429.6283,30.815576171875023,0.016535383,0.10083008,29.92138172733098,33.69057617187502,0.014765363,0.025848389,21.65411769129099,29.049951171875023,0.014402967,0.052139282,8.077013587863721,0,0,1
2016-03-22 11:00:00,1485.8675,31.474206542968773,0.016527649,0.09585571,30.695620683582717,34.98983154296877,0.014631744,0.033996582,21.49830759883805,29.958581542968773,0.014345641,0.0446167,7.642621060686321,0,0,1
2016-03-22 12:00:00,1477.1326,31.939721679687523,0.016504662,0.07647705,31.58706717154982,35.86159667968752,0.014681237,0.04916382,21.199605873331,30.408471679687523,0.01432647,0.03791809,7.540959489520085,0,0,1
2016-03-22 13:00:00,1502.7277,32.1734558105469,0.016443554,0.047927856,32.25852290178036,36.2828308105469,0.014799421,0.05307007,20.96883914206555,30.470330810546898,0.014372175,0.045425415,7.559244112645485,0,0,1
2016-03-22 14:00:00,1522.5069,32.02376708984377,0.016397769,0.03010559,32.46820671089619,36.18001708984377,0.014906223,0.04928589,20.75866982845661,30.180017089843773,0.01449805,0.050201416,7.666184885671226,0,0,1
2016-03-22 15:00:00,1502.6699,31.448388671875023,0.016451169,0.026069641,32.6619946165874,35.24526367187502,0.015116025,0.04508972,20.665037533116585,29.589013671875023,0.014662076,0.052474976,7.844474572990466,0,0,1
2016-03-22 16:00:00,1412.0268999999998,30.521752929687523,0.01662661,0.0287323,33.3387295233407,33.47487792968752,0.015394462,0.040771484,21.055742320516003,28.646752929687523,0.014848961,0.055130005,8.384842275593039,0,0,1
2016-03-22 17:00:00,1271.9929,29.317468261718773,0.016794443,0.032852173,33.65350757019755,31.301843261718773,0.01571107,0.042114258,21.20403629961777,27.270593261718773,0.015203715,0.063690186,8.817917088160993,0,0,1
2016-03-22 18:00:00,1264.9843,28.190454101562523,0.016908858,0.039108276,33.1686622251877,29.221704101562523,0.01613066,0.04774475,19.845603167651284,25.581079101562523,0.015840743,0.09402466,8.434865799736846,0,0,1
2016-03-22 19:00:00,1314.29,27.579980468750023,0.017023364,0.03967285,33.11719197850288,28.033105468750023,0.016634265,0.040664673,18.666539934727208,24.579980468750023,0.01631383,0.109069824,7.922372597861432,0,0,1
2016-03-22 20:00:00,1290.0108,27.305078125000023,0.016993022,0.04005432,33.55691447062829,27.508203125000023,0.016977763,0.024017334,18.377324320867167,24.383203125000023,0.016458964,0.10406494,7.974010241086425,0,0,1
2016-03-22 21:00:00,1247.0598,27.165917968750023,0.016855985,0.043167114,33.89898269612278,27.228417968750023,0.017222196,0.013378143,18.10518476719035,24.384667968750023,0.01654318,0.096069336,7.98367243652509,0,0,1
2016-03-22 22:00:00,1191.7638,27.037530517578148,0.016749596,0.051635742,33.805295035128886,27.053155517578148,0.017298913,0.017295837,17.990796597344747,24.443780517578148,0.016619897,0.09335327,7.766331133600563,0,0,1
2016-03-22 23:00:00,1107.3299,26.901391601562523,0.016666202,0.04559326,33.595225676164496,26.854516601562523,0.017215518,0.015693665,17.883950856625265,24.432641601562523,0.016650943,0.100738525,7.608063495888472,0,0,1
2016-03-23 00:00:00,1061.3032,26.7517028808594,0.016574917,0.039489746,33.413969250366726,26.6579528808594,0.017139493,0.015319824,17.728258469924924,24.3454528808594,0.01665884,0.09725952,7.384820736909203,0,0,1
2016-03-23 01:00:00,1020.3634,26.582177734375023,0.016536547,0.03715515,33.55722238315123,26.457177734375023,0.017024828,0.018089294,17.776636748466064,24.144677734375023,0.016589953,0.09106445,7.283011549672705,0,0,1
2016-03-23 02:00:00,997.8132,26.430444335937523,0.016498243,0.035461426,33.691676656523555,26.258569335937523,0.01692549,0.012512207,17.480951014646337,23.930444335937523,0.016444838,0.09082031,7.410294553022088,0,0,1
2016-03-23 03:00:00,966.9723,26.323327636718773,0.016437164,0.034988403,33.68323376423954,26.057702636718773,0.016879668,0.004419327,17.11249888540617,23.760827636718773,0.016307464,0.08859253,7.535453313545576,0,0,1
2016-03-23 04:00:00,955.6144,26.264916992187523,0.016437171,0.028839111,32.5406523471147,25.905541992187523,0.016772864,0.0021867752,16.114413965868536,23.624291992187523,0.016215919,0.083618164,7.339119592403544,0,0,1
2016-03-23 05:00:00,972.43,26.2470642089844,0.016444959,0.025466919,31.029040883885347,25.7314392089844,0.0166891,0.0014424324,14.942858752928132,23.5439392089844,0.0161703,0.075805664,7.021802661966242,0,0,1
2016-03-23 06:00:00,981.5877,26.288964843750023,0.01641465,0.024269104,30.419981342738826,25.679589843750023,0.016635902,0.001493454,14.361943453770008,23.523339843750023,0.016109474,0.069610596,6.626442780208139,0,0,1
2016-03-23 07:00:00,1107.3358,26.9030700683594,0.016170584,0.01688385,32.40320571299259,27.0749450683594,0.016429983,0.005060196,16.6330561021675,24.2311950683594,0.016010366,0.06640625,6.677488021925534,0,0,1
2016-03-23 08:00:00,1293.1645,28.061395263671898,0.015872743,0.0046215057,34.007528696696575,29.264520263671898,0.01565149,0.0036535263,19.184235729178667,25.889520263671898,0.015559938,0.05496216,6.91188192242856,0,0,1
2016-03-23 09:00:00,1374.6846,29.399072265625023,0.015758025,0.0020685196,33.864977490608986,31.539697265625023,0.0150027145,0.0014867783,19.440406845921743,27.836572265625023,0.015037047,0.044021606,6.683008477488314,0,0,1
2016-03-23 10:00:00,1458.9826999999998,30.492089843750023,0.015788348,0.0009496212,32.309508029093095,33.55458984375002,0.014704974,0.0011482239,18.60141074460357,29.492089843750023,0.014773639,0.040222168,6.090718343302288,0,0,1
2016-03-23 11:00:00,1473.0554,31.2893005371094,0.015887298,0.0010294914,29.905561928800864,35.0861755371094,0.01478485,0.0014400482,17.429378857994003,30.5861755371094,0.014815368,0.033676147,5.334211715049533,0,0,1
2016-03-23 12:00:00,1477.769,31.813684082031276,0.015955862,0.0010061264,27.02763478353568,36.11055908203127,0.0148877455,0.0016846657,16.64482522915695,31.251184082031276,0.014788563,0.03312683,4.877835778234549,0,0,1
2016-03-23 13:00:00,1476.226,32.03798828125002,0.016009213,0.0015230179,24.42998579476904,36.61611328125002,0.0148876915,0.00283432,16.2538427134663,31.553613281250023,0.014799953,0.030097961,4.616368546253656,0,0,1
2016-03-23 14:00:00,1487.9341,31.955712890625023,0.016047204,0.0016212463,23.30144898980349,36.36196289062502,0.014898979,0.0048160553,16.190821527062532,31.486962890625023,0.0147807235,0.03036499,4.637702715368381,0,0,1
2016-03-23 15:00:00,1457.4018999999998,31.532678222656276,0.01603944,0.00058197975,23.460323808781723,35.37642822265627,0.014902661,0.0050296783,16.236003540715345,30.938928222656276,0.014746258,0.029716492,5.050416181430186,0,0,1
2016-03-23 16:00:00,1374.0067,30.751000976562523,0.01597831,0.00067281723,24.909955417588566,33.81350097656252,0.014868233,0.003663063,16.63549766958728,29.922875976562523,0.01465461,0.028335571,5.9385514591200765,0,0,1
2016-03-23 17:00:00,1238.3955,29.465478515625023,0.016008738,0.0018754005,26.549939482021863,31.668603515625023,0.014856699,0.00217247,17.154865306568965,28.418603515625023,0.014624002,0.026390076,7.015331908222999,0,0,1
2016-03-23 18:00:00,1208.7935,27.963403320312523,0.016199399,0.016365051,27.390764804620392,29.213403320312523,0.014879513,0.0032787323,17.206365950886894,26.572778320312523,0.0147421835,0.025787354,7.719241408794396,0,0,1
2016-03-23 19:00:00,1272.7127,27.086450195312523,0.016458832,0.029754639,27.26739419403351,27.539575195312523,0.0151007995,0.0041542053,17.19804367650077,25.164575195312523,0.015001617,0.030639648,8.225431112104731,0,0,1
2016-03-23 20:00:00,1247.504,26.788018798828148,0.016626798,0.030632019,26.64048580654619,26.631768798828148,0.015501463,0.0035877228,16.549590257257293,24.428643798828148,0.01528021,0.037612915,8.02013236757096,0,0,1
2016-03-23 21:00:00,1217.7489,26.682641601562523,0.016726173,0.028663635,26.13121849118377,26.198266601562523,0.015833534,0.008880615,15.80547429146386,24.026391601562523,0.015406287,0.045166016,7.751302986130016,0,0,1
2016-03-23 22:00:00,1171.4624,26.585015869140648,0.01684851,0.02747345,25.822154340510718,25.944390869140648,0.015955871,0.015235901,15.334692812374898,23.741265869140648,0.01545996,0.050186157,7.455536627078233,0,0,1
2016-03-23 23:00:00,1099.6721,26.470819091796898,0.016940296,0.026939392,25.86791236997797,25.752069091796898,0.015986621,0.020324707,15.01138776713574,23.548944091796898,0.015525042,0.052352905,7.113826358528127,0,0,1
2016-03-24 00:00:00,1048.7164,26.378381347656276,0.01689454,0.029769897,26.329684266234,25.581506347656276,0.016040048,0.016357422,14.410707688859349,23.394006347656276,0.015582285,0.05291748,6.8141882136276655,8,1,1
2016-03-24 01:00:00,980.6632,26.272332763671898,0.016795339,0.030212402,26.57497842236968,25.459832763671898,0.016139211,0.009662628,13.738009931213371,23.256707763671898,0.0156433,0.051116943,6.59143944343437,8,1,1
2016-03-24 02:00:00,974.4395,26.157861328125023,0.016711371,0.030838013,26.134283240564432,25.376611328125023,0.016253607,0.012485504,13.159086283585486,23.189111328125023,0.01571192,0.05632019,6.331556686700696,8,1,1
2016-03-24 03:00:00,962.5043,26.063989257812523,0.016718954,0.030021667,25.148219833925214,25.298364257812523,0.016345114,0.020935059,12.954129777874002,23.173364257812523,0.01576528,0.06329346,6.074341801908749,8,1,1
2016-03-24 04:00:00,940.8047,26.000909423828148,0.016810453,0.022033691,22.99829549029633,25.250909423828148,0.01634506,0.0259552,12.279928662220264,23.172784423828148,0.015788114,0.056549072,5.7225806642299215,8,1,1
2016-03-24 05:00:00,956.5083,26.003137207031276,0.016909575,0.016159058,20.49811016024652,25.190637207031276,0.016299224,0.027618408,11.36070778186516,23.159387207031276,0.015826201,0.05369568,5.4636494280500685,8,1,1
2016-03-24 06:00:00,961.7635,26.098016357421898,0.017023971,0.013748169,18.90039955806728,25.269891357421898,0.01627629,0.023544312,11.167902839522192,23.207391357421898,0.015826156,0.060165405,5.424941446717871,8,1,1
2016-03-24 07:00:00,1069.1785,26.853356933593773,0.01692476,0.02103424,20.81214012041053,26.900231933593773,0.016184708,0.0143966675,14.196450705950568,24.134606933593773,0.015726944,0.055618286,5.980829875864078,8,1,1
2016-03-24 08:00:00,1215.4104,28.1113220214844,0.016634803,0.026924133,21.25367190242518,29.4081970214844,0.01565824,0.008815765,15.802420351092954,26.0800720214844,0.015303474,0.036514282,6.145811766850623,8,1,1
2016-03-24 09:00:00,1298.2445,29.448205566406276,0.016474532,0.014369965,19.84469138392046,31.932580566406276,0.014979172,0.0055656433,14.620493220869273,28.338830566406276,0.014731216,0.025543213,5.491981278912004,8,1,1
2016-03-24 10:00:00,1355.5654,30.6762634277344,0.0162685,0.006910324,18.60871687871225,34.1762634277344,0.014590032,0.003232956,12.746661927316762,30.2856384277344,0.014609106,0.02293396,4.004472806714611,8,1,1
2016-03-24 11:00:00,1375.3955,31.7004333496094,0.016039595,0.0040016174,17.84659375941181,35.8566833496094,0.014445052,0.0016789436,11.111068712365531,31.6848083496094,0.014815077,0.022415161,2.5118059651611757,8,1,1
2016-03-24 12:00:00,1308.6702,32.5109802246094,0.015810693,0.0020580292,17.616291378262,37.0891052246094,0.014281,0.004650116,10.16963367713888,32.6984802246094,0.014685358,0.027519226,1.8213459090701167,8,1,1
2016-03-24 13:00:00,1298.9465,33.01311645507815,0.015608509,0.0039634705,18.15778485269709,37.66936645507815,0.014075001,0.023887634,9.762768457216362,33.26311645507815,0.0145442085,0.03061676,1.2665074514515462,8,1,1
2016-03-24 14:00:00,1287.6817,33.1066833496094,0.015513151,0.0073013306,19.62206277625303,37.3566833496094,0.01388809,0.04260254,9.74237253999917,33.4035583496094,0.014319151,0.04121399,0.7944869206308014,8,1,1
2016-03-24 15:00:00,1264.3215,32.72158203125002,0.015528418,0.012516022,21.512648001765186,37.01845703125002,0.013830878,0.05822754,10.14087713883259,32.95595703125002,0.01418183,0.05718994,0.4820533877193658,8,1,1
2016-03-24 16:00:00,1219.8055,31.665460205078148,0.01572675,0.004880905,23.369361891059683,35.68108520507815,0.01398725,0.06239319,10.855407492405428,31.837335205078148,0.014406866,0.04399109,0.4010328807941822,8,1,1
2016-03-24 17:00:00,1150.1331,30.146539306640648,0.016001321,0.00049448013,24.73785113316279,33.75591430664065,0.014425851,0.03515625,11.828573049225312,30.193414306640648,0.014746286,0.03791809,0.453882884870311,8,1,1
2016-03-24 18:00:00,1146.5401,28.572686767578148,0.01623011,0.0035495758,24.977619755442287,31.213311767578148,0.014936928,0.015449524,12.45715075201382,28.244561767578148,0.01515818,0.041275024,0.5863431007358482,8,1,1
2016-03-24 19:00:00,1200.4038999999998,27.598474121093773,0.016405523,0.009685516,24.16804381908092,28.973474121093773,0.015375554,0.0064792633,13.971322431838182,26.707849121093773,0.015497624,0.043884277,0.9829891585822288,8,1,1
2016-03-24 20:00:00,1170.3933,27.213769531250023,0.016535169,0.012374878,23.04409243001016,27.620019531250023,0.015562421,0.0047626495,15.452060154714076,25.698144531250023,0.015520459,0.04156494,2.2975315447977684,8,1,1
2016-03-24 21:00:00,1123.686,27.060693359375023,0.016611423,0.018562317,22.691457154250877,26.873193359375023,0.01565012,0.0029830933,15.3974662578973,24.888818359375023,0.01564249,0.03895569,3.617049375990669,8,1,1
2016-03-24 22:00:00,1102.4708,26.974084472656276,0.016626704,0.024536133,23.07634933345329,26.442834472656276,0.015779842,0.0063056946,14.095455086497171,24.224084472656276,0.015756954,0.035202026,4.786403526460043,8,1,1
2016-03-24 23:00:00,1058.0995,26.868005371093773,0.016664943,0.023284912,23.41570306752467,26.196130371093773,0.015871486,0.009975433,13.379566720695587,23.664880371093773,0.015886744,0.030952454,5.424269023114509,8,1,1
2016-03-25 00:00:00,1002.9976,26.742730712890648,0.016672648,0.021057129,23.016066298595167,25.961480712890648,0.015955485,0.012256622,13.051407310634588,23.273980712890648,0.015986003,0.030601501,5.84290000241596,9,1,1
2016-03-25 01:00:00,977.1195,26.618585205078148,0.016665086,0.022102356,22.62321596309188,25.759210205078148,0.016031846,0.016082764,13.14410946690488,23.024835205078148,0.016001329,0.031295776,6.228734121285168,9,1,1
2016-03-25 02:00:00,945.3128,26.496392822265648,0.016672801,0.02734375,23.11641361654552,25.637017822265648,0.016115855,0.016105652,13.220510500286425,22.793267822265648,0.01592512,0.035491943,6.30057651061789,9,1,1
2016-03-25 03:00:00,936.8407,26.406091308593773,0.016810235,0.02924347,23.204644126407175,25.531091308593773,0.016260918,0.009292603,12.74198063591854,22.624841308593773,0.015894707,0.038528442,6.312128952754271,9,1,1
2016-03-25 04:00:00,922.0199,26.293481445312523,0.017092617,0.014862061,21.481632154460037,25.387231445312523,0.016459377,0.0045604706,11.57541834032006,22.512231445312523,0.015902432,0.036071777,5.946864403030167,9,1,1
2016-03-25 05:00:00,904.6676,26.186975097656276,0.017352115,0.0074806213,19.000360457364103,25.233850097656276,0.016596805,0.0029325485,10.549694154473377,22.421350097656276,0.01591779,0.037322998,5.358875559676593,9,1,1
2016-03-25 06:00:00,867.0403,26.183862304687523,0.01752008,0.009700775,17.362504824808656,25.199487304687523,0.016673217,0.005498886,9.969804853635807,22.402612304687523,0.015940795,0.04524231,5.004896739690989,9,1,1
2016-03-25 07:00:00,875.4738,26.916680908203148,0.017420992,0.01228714,18.72836297958312,26.791680908203148,0.0165665,0.008525848,12.946594915875428,23.104180908203148,0.016101107,0.04008484,5.256733505382068,9,1,1
2016-03-25 08:00:00,914.2607,28.115563964843773,0.017161679,0.00970459,18.431411012895065,29.318688964843773,0.01587994,0.00888443,14.510018921727385,24.928063964843773,0.015948605,0.02432251,5.390801988432816,9,1,1
2016-03-25 09:00:00,936.2306,29.453942871093773,0.016932743,0.008850098,17.26475652687083,31.922692871093773,0.015139836,0.006532669,13.05297591380214,27.641442871093773,0.015025395,0.010253906,4.827415920890451,9,1,1
2016-03-25 10:00:00,946.3887,30.691491699218773,0.016688578,0.01102066,16.96452522078932,34.26961669921877,0.014678232,0.004211426,11.07112791688592,30.050866699218773,0.014346354,0.00749588,3.487036705007695,9,1,1
2016-03-25 11:00:00,951.0789,31.747125244140648,0.01642922,0.01241684,17.24994061003703,36.13775024414065,0.014189991,0.0027074814,10.192315292200542,31.794000244140648,0.014518055,0.005815506,1.7028145148366347,9,1,1
2016-03-25 12:00:00,969.6427,32.49166259765627,0.016230945,0.012996674,17.494799851686956,37.49166259765627,0.013747577,0.001891613,9.89725678324535,33.14791259765627,0.0140260495,0.004108429,0.9220292618559912,9,1,1
2016-03-25 13:00:00,994.9224,32.95244750976565,0.016070887,0.012931824,17.719473339030074,38.34307250976565,0.013495968,0.0014204979,9.946115074647237,33.98369750976565,0.0137134055,0.0028095245,0.2793354998737034,9,1,1
2016-03-25 14:00:00,1003.0669,33.01308593750002,0.01594876,0.019065857,18.44449998706794,38.54433593750002,0.0135531295,0.0012607574,10.237378063104517,34.21621093750002,0.013579832,0.0022249222,0.6503939654290273,9,1,1
2016-03-25 15:00:00,999.5116,32.61702880859377,0.015879948,0.017333984,19.506553581537528,38.13265380859377,0.013797123,0.0035600662,10.538883300343624,33.71077880859377,0.013598759,0.021614075,1.7220808290392131,9,1,1
2016-03-25 16:00:00,980.9311,31.737878417968773,0.015879836,0.008403778,21.136784227051606,36.89412841796877,0.014205183,0.033416748,11.059738859435878,32.34725341796877,0.013941969,0.030662537,2.585320624679144,9,1,1
2016-03-25 17:00:00,954.5454,30.324609375000023,0.016001735,0.0018820763,23.01242730141117,34.79335937500002,0.014777217,0.0345459,11.68639915463339,30.355859375000023,0.014758144,0.032485962,2.545162647535991,9,1,1
2016-03-25 18:00:00,1011.6328,28.752343750000023,0.016177112,0.0002886057,24.9189037585197,32.09609375000002,0.015601094,0.024162292,11.870601910930349,28.080468750000023,0.015788013,0.047409058,2.3105253459478816,9,1,1
2016-03-25 19:00:00,1071.9852999999998,27.659234619140648,0.016405879,0.002421379,25.57737489116587,29.752984619140648,0.016222773,0.026252747,12.26730885137723,26.456109619140648,0.016489802,0.056274414,2.085072867540409,9,1,1
2016-03-25 20:00:00,1078.0506,27.189721679687523,0.016665224,0.011192322,25.01756593569166,28.205346679687523,0.016482119,0.023788452,13.019553189675484,25.814721679687523,0.01621509,0.05834961,2.2036616089870105,9,1,1
2016-03-25 21:00:00,1057.9749000000002,27.059472656250023,0.016871244,0.018814087,24.996865098858056,27.512597656250023,0.016482145,0.020446777,13.423089480714763,25.309472656250023,0.016314298,0.060653687,2.249252290465692,9,1,1
2016-03-25 22:00:00,1034.6935,26.954797363281276,0.017046804,0.02054596,25.1306091788519,27.001672363281276,0.016512746,0.015266418,13.214470249257284,24.939172363281276,0.016299123,0.06399536,2.64086027282315,9,1,1
2016-03-25 23:00:00,990.5508,26.821435546875023,0.017123202,0.021316528,25.04341051610823,26.587060546875023,0.016604403,0.008346558,12.795305911272193,24.571435546875023,0.01614664,0.062805176,3.828709721965194,9,1,1
2016-03-26 00:00:00,959.1656,26.637506103515648,0.017176796,0.016601562,24.57979986247441,26.309381103515648,0.016581703,0.0035133362,12.768578670209314,24.200006103515648,0.01611631,0.06362915,4.7344420777658405,10,1,1
2016-03-26 01:00:00,941.6933,26.454431152343773,0.01716176,0.012794495,24.334346657473542,26.063806152343773,0.01653615,0.0013132095,12.97979176852418,23.907556152343773,0.016124163,0.06726074,5.228995840415679,10,1,1
2016-03-26 02:00:00,911.9018,26.3395935058594,0.017085658,0.015369415,24.11784756749786,25.8552185058594,0.016482936,0.0010957718,13.152063545797493,23.7302185058594,0.016116725,0.06163025,5.757245989690143,10,1,1
2016-03-26 03:00:00,884.4378,26.296594238281276,0.017032398,0.018722534,24.24863447297004,25.687219238281276,0.016475452,0.0045604706,13.027866035023298,23.640344238281276,0.01613213,0.052734375,6.03260250126199,10,1,1
2016-03-26 04:00:00,870.7396,26.3239685058594,0.017078241,0.02066803,23.54557344663035,25.5583435058594,0.016490778,0.01083374,12.529353096863336,23.6208435058594,0.016170343,0.048980713,6.032678562624866,10,1,1
2016-03-26 05:00:00,864.006,26.357568359375023,0.017177373,0.019805908,22.530757175933932,25.451318359375023,0.016498357,0.013748169,11.904736847129971,23.654443359375023,0.016185552,0.047348022,5.920317458198266,10,1,1
2016-03-26 06:00:00,847.1455,26.438500976562523,0.017291658,0.01941681,22.21680185782911,25.485375976562523,0.01651346,0.014678955,11.956996730491662,23.704125976562523,0.016162507,0.04499817,5.787139232093711,10,1,1
2016-03-26 07:00:00,891.2585,27.127648925781276,0.017169368,0.015506744,24.48526786223006,27.065148925781276,0.016429316,0.013214111,14.793813494992069,24.549523925781276,0.016070735,0.03526306,6.121496411427888,10,1,1
2016-03-26 08:00:00,972.1188,28.326379394531276,0.016871622,0.0052948,25.28823153031196,29.638879394531276,0.01589506,0.007490158,16.759259088568143,26.404504394531276,0.01564329,0.02520752,6.358799920850682,10,1,1
2016-03-26 09:00:00,1058.9937,29.637841796875023,0.016612055,0.0022306442,24.11973952423195,32.29409179687502,0.015143397,0.003643036,16.020520669426798,28.575341796875023,0.015067103,0.01398468,5.706536791176226,10,1,1
2016-03-26 10:00:00,1128.0032,30.795129394531276,0.016390696,0.0010175705,22.42703464425403,34.48262939453127,0.014704599,0.0018606186,14.455441178431252,30.545129394531276,0.01507081,0.012088776,3.876028379755673,10,1,1
2016-03-26 11:00:00,1149.9618,31.7280212402344,0.016123604,0.00057673454,20.550052392154928,36.2123962402344,0.014437509,0.0011057854,13.170810834042188,32.1498962402344,0.014651132,0.012172699,2.4937321970598147,10,1,1
2016-03-26 12:00:00,1153.8122,32.4660583496094,0.015856508,0.00029540062,19.108980394407947,37.3879333496094,0.014300111,0.0006251335,12.30295869551606,33.2160583496094,0.014475587,0.012710571,1.528939525025783,10,1,1
2016-03-26 13:00:00,1165.8344,32.89180908203127,0.015688546,0.00015360117,18.849184005439028,37.96993408203127,0.014177926,0.0003285408,11.942654191415834,33.62618408203127,0.014650948,0.015991211,0.8407371421378641,10,1,1
2016-03-26 14:00:00,1169.6743,32.96145019531252,0.015688438,0.005115509,19.713622596913908,38.03957519531252,0.014090079,0.0003079176,11.744271428102858,33.60207519531252,0.014738577,0.027427673,0.4611107584661197,10,1,1
2016-03-26 15:00:00,1172.445,32.4869323730469,0.015848573,0.013343811,21.06417575225934,37.4400573730469,0.014227326,0.00042307377,11.559357357707796,33.0494323730469,0.014860566,0.02772522,0.5813328714667827,10,1,1
2016-03-26 16:00:00,1151.5192,31.463403320312523,0.016077403,0.004266739,22.70082918912927,36.11965332031252,0.014479044,0.00096178055,11.875698510757513,31.994653320312523,0.015009287,0.03640747,1.0488333010412607,10,1,1
2016-03-26 17:00:00,1104.1387,30.051568603515648,0.0163062,0.0002194643,24.151523935322125,33.91094360351565,0.014948168,0.002278328,12.504135680591936,30.379693603515648,0.015295305,0.045410156,1.421453572794139,10,1,1
2016-03-26 18:00:00,1136.1703,28.644494628906276,0.01650451,0.0002758503,24.610342280097505,31.175744628906276,0.015550836,0.0048656464,12.795493787067493,28.394494628906276,0.015848381,0.056488037,1.4560243292546975,10,1,1
2016-03-26 19:00:00,1183.1309,27.780969238281276,0.016710503,0.002175331,23.78643296735656,28.921594238281276,0.016039116,0.00538826,13.555825127872554,26.874719238281276,0.01637481,0.06802368,1.3553627073818852,10,1,1
2016-03-26 20:00:00,1145.5413,27.4374938964844,0.016886078,0.007253647,22.57648754605092,27.7187438964844,0.01623758,0.0054397583,14.222772369539364,25.8749938964844,0.016641937,0.06982422,1.7466025616018,10,1,1
2016-03-26 21:00:00,1104.4452,27.287255859375023,0.017015936,0.013431549,21.85791604092997,27.021630859375023,0.01632929,0.0035762787,13.854396571190197,25.193505859375023,0.016687872,0.0736084,2.201819441281461,10,1,1
2016-03-26 22:00:00,1080.4628,27.165856933593773,0.017137982,0.015159607,21.62549040662774,26.540856933593773,0.016443707,0.0018968582,13.043824411791372,24.681481933593773,0.016710736,0.06838989,2.774609868230699,10,1,1
2016-03-26 23:00:00,1057.5733,27.059716796875023,0.017153218,0.019706726,21.698789515331587,26.278466796875023,0.016451314,0.0011014938,12.42560890593896,24.200341796875023,0.01663442,0.059677124,4.205701867675367,10,1,1
2016-03-27 00:00:00,1050.2922,26.954370117187523,0.01712268,0.028915405,21.680691488576915,26.094995117187523,0.016382629,0.00068974495,11.985218347272072,23.751245117187523,0.016603881,0.05178833,4.7930792745890525,11,1,1
2016-03-27 01:00:00,989.7945,26.8732849121094,0.017076876,0.041656494,21.57486215770621,25.9514099121094,0.016352084,0.00042426586,11.510500935011574,23.4514099121094,0.01652756,0.045516968,5.0198314788922005,11,1,1
2016-03-27 02:00:00,954.0894,26.793969726562523,0.017084619,0.0708313,21.18752475973388,25.793969726562523,0.016359827,0.00029587746,10.82699606026366,23.247094726562523,0.016375085,0.040924072,5.228614093820853,11,1,1
2016-03-27 03:00:00,927.1827,26.727807617187523,0.017214213,0.084625244,20.662977597347304,25.712182617187523,0.01635972,0.0037813187,10.672704473964142,23.102807617187523,0.016207132,0.036621094,5.431029622794547,11,1,1
2016-03-27 04:00:00,904.2901,26.687188720703148,0.017473528,0.09640503,19.146220275931544,25.687188720703148,0.016390154,0.0063495636,10.209398001652808,22.984063720703148,0.016031573,0.03227234,5.485478310746334,11,1,1
2016-03-27 05:00:00,893.5093999999999,26.656701660156276,0.017778661,0.13079834,17.323430453457572,25.672326660156276,0.016443517,0.00786972,9.556276158458568,22.906701660156276,0.015924718,0.028800964,5.464091944103852,11,1,1
2016-03-27 06:00:00,844.4354000000001,26.660028076171898,0.018015146,0.20959473,16.7533744396389,25.800653076171898,0.016489267,0.011928558,9.811082093640056,22.863153076171898,0.015848398,0.02633667,5.548655651276081,11,1,1
2016-03-27 07:00:00,874.9065,26.930566406250023,0.018038023,0.29248047,17.670335642504078,27.321191406250023,0.016466368,0.009689331,12.793335222565824,23.711816406250023,0.015733946,0.024650574,6.017777580068396,11,1,1
2016-03-27 08:00:00,913.8164,27.4457946777344,0.017709954,0.3215332,18.940788506244434,29.6957946777344,0.016138298,0.006504059,15.229440787475385,25.6332946777344,0.015245658,0.027328491,6.136033234457757,11,1,1
2016-03-27 09:00:00,957.5,28.042321777343773,0.01739715,0.30493164,18.552604340297272,32.05794677734377,0.015547022,0.00463295,14.601987510116748,28.011071777343773,0.014559016,0.029075623,5.558436049732849,11,1,1
2016-03-27 10:00:00,1016.1922,28.707910156250023,0.017091978,0.2593994,17.87464828892129,34.12978515625002,0.01524948,0.0039711,12.84632995087652,30.082910156250023,0.014417876,0.031051636,4.014022096376372,11,1,1
2016-03-27 11:00:00,1070.3063,29.434167480468773,0.016779084,0.21704102,17.41566890407787,35.77791748046877,0.015131134,0.012813568,11.572902454787537,31.621667480468773,0.014467376,0.042785645,2.205189267813233,11,1,1
2016-03-27 12:00:00,1090.6614000000002,30.075006103515648,0.016511938,0.1685791,17.770466518514493,36.79375610351565,0.015039464,0.030982971,10.81036451827904,32.63750610351565,0.01471903,0.05189514,1.140577410920138,11,1,1
2016-03-27 13:00:00,1108.2989,30.670007324218773,0.016313475,0.10592651,18.76212088693017,37.26375732421877,0.014905852,0.06838989,10.492174164059843,33.29500732421877,0.014745635,0.0642395,0.3582362300089188,11,1,1
2016-03-27 14:00:00,1115.3,31.049249267578148,0.016160807,0.07989502,19.471666027668675,37.23674926757815,0.014829477,0.09814453,10.364754153481371,33.31487426757815,0.014676889,0.08843994,0.3240681139754915,11,1,1
2016-03-27 15:00:00,1121.2196,31.034997558593773,0.016107336,0.074798584,19.98999461339484,36.47249755859377,0.014829411,0.09609985,10.215533960309576,32.69124755859377,0.014795079,0.09661865,1.0029983048334372,11,1,1
2016-03-27 16:00:00,1111.275,30.509667968750023,0.016267523,0.0713501,20.527821979443573,35.50966796875002,0.014959083,0.061294556,10.29856304774548,31.462792968750023,0.015100227,0.09817505,1.7783096096967363,11,1,1
2016-03-27 17:00:00,1053.8463,29.5537048339844,0.016488787,0.06059265,21.42497332113913,34.1787048339844,0.015180347,0.028152466,10.43604739377309,29.8193298339844,0.015725847,0.10418701,2.203196478150863,11,1,1
2016-03-27 18:00:00,1096.1026,28.455865478515648,0.016694803,0.040725708,22.53939982958141,32.06524047851565,0.015535135,0.01890564,9.951022052509298,27.971490478515648,0.016443033,0.11456299,2.369641518220289,11,1,1
2016-03-27 19:00:00,1168.9779,27.622827148437523,0.016961878,0.04737854,23.03192487827782,30.122827148437523,0.01604635,0.013885498,10.588995969039004,26.669702148437523,0.016877955,0.1156311,2.52114284622433,11,1,1
2016-03-27 20:00:00,1172.7189,27.166680908203148,0.017183086,0.0647583,22.103648910666667,28.604180908203148,0.016443035,0.012870789,11.617137450243144,26.151055908203148,0.016740581,0.1065979,2.989334588596184,11,1,1
2016-03-27 21:00:00,1144.2043,27.0024353027344,0.01732805,0.0921936,20.509026928327803,27.7836853027344,0.016626146,0.011043549,12.364241705880138,25.7055603027344,0.01683214,0.10317993,3.1671614462821114,11,1,1
2016-03-27 22:00:00,1104.2336,26.915399169921898,0.017396785,0.10345459,19.83073661324822,27.243524169921898,0.01671777,0.011142731,11.683473447067447,25.321649169921898,0.016755916,0.100738525,3.276142823679618,11,1,1
2016-03-27 23:00:00,1047.2311,26.805505371093773,0.017412158,0.09942627,20.203639558049968,26.774255371093773,0.016733142,0.017105103,10.646829869359696,24.961755371093773,0.016481372,0.10003662,3.481069395082074,11,1,1
2016-03-28 00:00:00,1013.1125,26.645654296875023,0.017412309,0.07330322,21.18307687687697,26.380029296875023,0.016687516,0.015571594,9.854847782997451,24.614404296875023,0.01625264,0.09384155,3.646296147789095,0,0,1
2016-03-28 01:00:00,969.6136,26.4628845214844,0.01742772,0.03250122,22.219851386863432,26.0566345214844,0.016619004,0.012523651,9.439065547210753,24.2597595214844,0.0161765,0.084625244,3.888521829236526,0,0,1
2016-03-28 02:00:00,942.1841,26.260125732421898,0.017458277,0.0235672,22.5101029563932,25.760125732421898,0.016558008,0.010681152,9.322728250030984,23.978875732421898,0.01615365,0.075653076,4.1093586690019785,0,0,1
2016-03-28 03:00:00,925.4843,26.137292480468773,0.0174125,0.021461487,22.3109318235032,25.481042480468773,0.01653512,0.0071640015,8.926640566540092,23.762292480468773,0.016130762,0.06211853,4.288626987046204,0,0,1
2016-03-28 04:00:00,921.1843,26.075402832031276,0.017343834,0.019721985,21.103839774378887,25.200402832031276,0.016527489,0.004875183,7.789993954657388,23.606652832031276,0.016115502,0.052520752,4.328187369988619,0,0,1
2016-03-28 05:00:00,938.083,26.0898376464844,0.0172828,0.019104004,18.87508253875269,24.8554626464844,0.01653512,0.007846832,6.183061929317653,23.4804626464844,0.016123133,0.044143677,4.325376893308262,0,0,1
2016-03-28 06:00:00,966.163,26.187677001953148,0.017244672,0.023414612,16.795537028833408,24.875177001953148,0.016542768,0.008090973,6.064666861043317,23.437677001953148,0.016115522,0.038269043,4.383358805670657,0,0,1
2016-03-28 07:00:00,1115.2181,26.919885253906276,0.017076867,0.027626038,17.55755358779466,26.826135253906276,0.016344445,0.006685257,9.765793717292564,24.388635253906276,0.015932458,0.03215027,4.810196334575196,0,0,1
2016-03-28 08:00:00,1313.1376,28.087274169921898,0.01693196,0.02722931,16.79420722818853,29.462274169921898,0.01579518,0.0056762695,11.621980966657771,26.290399169921898,0.015310713,0.022918701,4.76785376289946,0,0,1
2016-03-28 09:00:00,1402.5425,29.383966064453148,0.016794674,0.034194946,15.159347279369369,31.883966064453148,0.015181056,0.0047302246,10.861227430244885,28.477716064453148,0.014715663,0.012641907,4.058357199272986,0,0,1
2016-03-28 10:00:00,1486.068,30.6330505371094,0.01659627,0.027076721,14.415135154447777,34.1486755371094,0.01490636,0.0033597946,9.752357690824573,30.4924255371094,0.014437152,0.010246277,2.873482066270932,0,0,1
2016-03-28 11:00:00,1516.8618,31.754449462890648,0.016359612,0.019256592,14.145359985042631,36.06694946289065,0.014704034,0.0023241043,9.064629169670573,31.988824462890648,0.014978692,0.00699234,1.32907147061648,0,0,1
2016-03-28 12:00:00,1510.8801,32.64736328125002,0.016122986,0.009262085,14.318001648400983,37.52236328125002,0.014284302,0.0015249252,8.862771042739977,33.22548828125002,0.014730621,0.004837036,0.6449362394511136,0,0,1
2016-03-28 13:00:00,1562.9397,33.17720947265627,0.01590164,0.0024776459,15.022879797809525,38.39595947265627,0.01395233,0.0033388138,8.740768567823427,34.06783447265627,0.0143337995,0.019874573,0.6292330789461993,0,0,1
2016-03-28 14:00:00,1572.7906,33.36467895507815,0.015726095,0.0020418167,16.096007161193832,38.58342895507815,0.013891226,0.010349274,8.546975695140661,34.16155395507815,0.014108663,0.051513672,1.4560232018610684,0,0,1
2016-03-28 15:00:00,1522.1098,33.12978515625002,0.01565739,0.0023078918,17.46456702524842,38.05166015625002,0.01401707,0.02293396,8.295908146790229,33.19228515625002,0.014295543,0.07437134,2.676630594486324,0,0,1
2016-03-28 16:00:00,1422.241,32.37502441406252,0.015710749,0.0022354126,18.981299881152044,36.78127441406252,0.014276422,0.036010742,8.027656215405848,31.671899414062523,0.014902032,0.08227539,2.985919160651834,0,0,1
2016-03-28 17:00:00,1285.8719,30.950738525390648,0.015962375,0.0036201477,20.81385750957066,35.04448852539065,0.014596713,0.024238586,7.595874946830401,29.888238525390648,0.015554202,0.090545654,2.643228536270643,0,0,1
2016-03-28 18:00:00,1275.4096,29.175561523437523,0.01629793,0.011005402,22.98414100885737,32.80056152343752,0.015012378,0.01424408,6.150072236916174,28.097436523437523,0.016122455,0.093811035,2.144938065761802,0,0,1
2016-03-28 19:00:00,1322.2282,27.805200195312523,0.016534341,0.027496338,24.44848635616164,31.148950195312523,0.015397563,0.0076007843,6.210768487897944,26.820825195312523,0.016267313,0.08578491,1.7464666677527374,0,0,1
2016-03-28 20:00:00,1293.4268000000002,27.185144042968773,0.016587678,0.029312134,23.99790449530991,29.841394042968773,0.015901033,0.0060749054,7.415264474855611,25.825769042968773,0.01643509,0.06741333,1.4845271640886375,0,0,1
2016-03-28 21:00:00,1235.8121,26.968286132812523,0.016572399,0.02342987,23.28075543465887,28.718286132812523,0.01630537,0.005628586,8.446913328094404,25.140161132812523,0.016656322,0.057678223,1.5678526625831464,0,0,1
2016-03-28 22:00:00,1175.9622,26.866815185546898,0.01654955,0.023963928,23.159744248633437,27.835565185546898,0.016404592,0.005466461,9.805638730780322,24.663690185546898,0.016717397,0.058883667,2.458139575068301,0,0,1
2016-03-28 23:00:00,1116.7274,26.741357421875023,0.016625848,0.024002075,22.9676122964406,27.194482421875023,0.016526666,0.0060253143,10.051464532072028,24.241357421875023,0.016709771,0.05708313,3.398764447500339,0,0,1
2016-03-29 00:00:00,1056.2773000000002,26.551049804687523,0.01674796,0.022094727,22.398680075857705,26.644799804687523,0.016740331,0.013500214,9.6148815206051,23.879174804687523,0.016648779,0.057556152,4.051986207296503,0,0,1
2016-03-29 01:00:00,1010.466,26.374719238281276,0.01675567,0.02973175,21.8954965219868,26.171594238281276,0.016824335,0.017112732,9.277032289179685,23.609094238281276,0.016534418,0.06022644,4.455648499885838,0,0,1
2016-03-29 02:00:00,975.4622,26.235162353515648,0.016740503,0.029029846,21.01005269991309,25.782037353515648,0.016847314,0.014842987,8.758991134240134,23.360162353515648,0.016442956,0.065582275,4.50576258760036,0,0,1
2016-03-29 03:00:00,945.5509,26.122827148437523,0.016664295,0.031845093,20.179704036905243,25.450952148437523,0.016832141,0.011898041,8.381088521541113,23.169702148437523,0.016389636,0.07345581,4.440242377702112,0,0,1
2016-03-29 04:00:00,940.9378,26.0456481933594,0.0165957,0.026802063,18.54792840705828,25.0768981933594,0.016839841,0.009109497,7.607104143316669,23.0143981933594,0.016366819,0.07989502,4.377265143246105,0,0,1
2016-03-29 05:00:00,948.203,25.9553161621094,0.016572861,0.022735596,16.45046102231423,24.7365661621094,0.01684752,0.0067272186,7.255642745756763,22.9084411621094,0.016374497,0.081329346,4.295945584852952,0,0,1
2016-03-29 06:00:00,956.0273,25.999841308593773,0.016519492,0.018371582,15.508848861387849,24.656091308593773,0.016824668,0.0050182343,8.013648373678372,22.890466308593773,0.016366905,0.080718994,4.315245668174268,0,0,1
2016-03-29 07:00:00,1092.8506,26.740991210937523,0.016290609,0.01789093,16.930356470400845,26.537866210937523,0.016359273,0.004037857,11.846812261296057,23.584741210937523,0.01639742,0.07159424,4.838432789848118,0,0,1
2016-03-29 08:00:00,1273.2448000000002,27.9562927246094,0.016015945,0.021636963,17.07888236862781,29.1594177246094,0.015359818,0.0034484863,13.4203010902796,25.3469177246094,0.01596254,0.054779053,4.912150969008789,0,0,1
2016-03-29 09:00:00,1389.2065,29.285791015625023,0.015825234,0.015289307,16.276464440342515,31.645166015625023,0.014532052,0.003378868,12.714924538913843,27.738916015625023,0.0152454,0.04626465,4.31039425066796,0,0,1
2016-03-29 10:00:00,1464.3250999999998,30.521661376953148,0.015611664,0.014713287,16.084640995818198,33.99041137695315,0.013998047,0.0038166046,11.297959114701676,29.849786376953148,0.014726655,0.03956604,3.099585477740464,0,0,1
2016-03-29 11:00:00,1504.7806,31.522515869140648,0.015405752,0.013900757,16.35998124100559,35.78814086914065,0.013830282,0.0038785934,10.002502387708452,31.366265869140648,0.015184499,0.03315735,1.3510570202702346,0,0,1
2016-03-29 12:00:00,1505.4522,32.31466064453127,0.01519986,0.009902954,17.25797144597753,37.11153564453127,0.013487061,0.0032901764,9.669790950436647,32.58028564453127,0.014764984,0.03286743,0.5518144882936266,0,0,1
2016-03-29 13:00:00,1541.6843,32.7646423339844,0.01500162,0.0080833435,18.223187843934237,37.9208923339844,0.0130446805,0.0028390884,9.545321340052585,33.3115173339844,0.014234866,0.044281006,0.2790878213765951,0,0,1
2016-03-29 14:00:00,1560.5058,32.83657226562502,0.014852994,0.0062675476,18.8563436665799,38.14907226562502,0.0127434665,0.0026683807,9.06863560988924,33.47719726562502,0.013983243,0.047561646,0.9363389073062592,0,0,1
2016-03-29 15:00:00,1534.5487,32.54836425781252,0.01482244,0.0053138733,19.49586792815269,37.75148925781252,0.012632804,0.005268097,8.43465735806291,33.00148925781252,0.01400991,0.058807373,1.8951776618512204,0,0,1
2016-03-29 16:00:00,1442.7591,31.738092041015648,0.014940678,0.0051345825,20.975306526645056,36.65996704101565,0.01270908,0.006631851,8.422438950491472,31.769342041015648,0.014528691,0.06286621,2.46055734368432,0,0,1
2016-03-29 17:00:00,1319.2814,30.3456970214844,0.015257243,0.005636215,23.055220006663657,34.9238220214844,0.012911204,0.005968094,8.987556591041464,30.0175720214844,0.015241984,0.07650757,2.406454541318932,0,0,1
2016-03-29 18:00:00,1292.8726,28.655236816406276,0.015718773,0.0069293976,24.690868861321047,32.56148681640627,0.0133803645,0.0060768127,9.169723889635838,28.061486816406276,0.015955284,0.08319092,2.271822115192091,0,0,1
2016-03-29 19:00:00,1321.4668,27.438317871093773,0.01615363,0.009059906,24.612746755623306,30.375817871093773,0.014227207,0.0054779053,10.262103955227245,26.657067871093773,0.016207036,0.08831787,2.3430665598999525,0,0,1
2016-03-29 20:00:00,1312.1455999999998,26.860986328125023,0.016306251,0.0091667175,23.223985651078163,28.642236328125023,0.015062661,0.0077056885,11.32698094303754,25.970361328125023,0.016008705,0.07354736,2.8149750919493566,0,0,1
2016-03-29 21:00:00,1251.1136,26.658959960937523,0.016298752,0.011943817,22.621029466429988,27.518334960937523,0.015375595,0.01292038,12.504873531148938,25.471459960937523,0.015993576,0.057266235,2.9703207241628773,0,0,1
2016-03-29 22:00:00,1201.9995,26.533593750000023,0.016283711,0.011566162,22.55344543525393,26.861718750000023,0.015688619,0.014263153,12.033703984463529,25.064843750000023,0.015886983,0.052246094,3.093818538946937,0,0,1
2016-03-29 23:00:00,1137.6482,26.404809570312523,0.016238116,0.01864624,22.245706057310954,26.373559570312523,0.016039751,0.015647888,10.88250801575127,24.701684570312523,0.015772723,0.052444458,3.39727656457093,0,0,1
2016-03-30 00:00:00,1072.1047,26.279107666015648,0.016215347,0.025527954,21.749389555684587,25.966607666015648,0.016245864,0.018608093,9.832767275880974,24.357232666015648,0.015688919,0.048080444,3.701036753903081,0,0,1
2016-03-30 01:00:00,1040.9982,26.172021484375023,0.016200151,0.035507202,20.90365791981659,25.609521484375023,0.01633748,0.02394867,8.912044886970824,24.031396484375023,0.015612689,0.042755127,3.823298154223985,0,0,1
2016-03-30 02:00:00,968.1396,26.077050781250023,0.01621541,0.036453247,19.512024068557142,25.217675781250023,0.016367998,0.027175903,7.857727814933159,23.717675781250023,0.015559283,0.04248047,3.838117680246802,0,0,1
2016-03-30 03:00:00,945.4205,26.001275634765648,0.016207734,0.037841797,18.72435868798628,24.845025634765648,0.01638321,0.025505066,7.103446024778461,23.423150634765648,0.015563049,0.04145813,3.916102092444693,0,0,1
2016-03-30 04:00:00,915.7226,25.952478027343773,0.01613903,0.027656555,17.248856508252516,24.436853027343773,0.01639843,0.02040863,6.02267915338102,23.202478027343773,0.015551567,0.038406372,3.962952317857029,0,0,1
2016-03-30 05:00:00,960.876,25.876672363281276,0.01607795,0.020446777,15.273020124971778,24.017297363281276,0.016406015,0.016113281,5.289570926362741,23.032922363281276,0.015528635,0.037506104,3.970216146874018,0,0,1
2016-03-30 06:00:00,966.8608,25.974023437500023,0.016001433,0.018058777,14.842295919733756,24.083398437500023,0.016405791,0.01228714,5.875842922695012,23.005273437500023,0.015501708,0.04057312,3.967651888097916,0,0,1
2016-03-30 07:00:00,1074.4081,26.699884033203148,0.015871594,0.020378113,16.868838474738457,26.278009033203148,0.016108105,0.009624481,9.900153557713567,23.996759033203148,0.015425274,0.035217285,4.235451863310416,0,0,1
2016-03-30 08:00:00,1259.8348,27.877343750000023,0.015741756,0.025268555,18.10983033023346,28.986718750000023,0.015211513,0.009098053,11.683948421929909,26.111718750000023,0.015020778,0.028160095,3.890070636274655,0,0,1
2016-03-30 09:00:00,1382.1017,29.216210937500023,0.015585299,0.02494812,18.95314553758935,31.622460937500023,0.0142768575,0.009483337,11.742805875839322,28.544335937500023,0.014681215,0.041229248,2.804296630145205,0,0,1
2016-03-30 10:00:00,1466.5649,30.464990234375023,0.0152992075,0.019248962,18.447187553600017,33.91811523437502,0.013685591,0.009738922,11.01750601044472,30.418115234375023,0.014738447,0.052871704,1.5285237219245316,0,0,1
2016-03-30 11:00:00,1493.4468000000002,31.597589111328148,0.014944323,0.014274597,17.341359764559606,35.69133911132815,0.013460406,0.009197235,10.272166553394838,31.800714111328148,0.014810809,0.06478882,1.81669305321432,0,0,1
2016-03-30 12:00:00,1500.9059,32.51152954101565,0.0145703815,0.012718201,17.058017552740115,37.02715454101565,0.013105538,0.007675171,9.858864373043897,32.71465454101565,0.014642861,0.07675171,2.907711198242362,0,0,1
2016-03-30 13:00:00,1523.8197,33.07955322265627,0.01423082,0.009986877,16.31437059923908,37.79830322265627,0.012834641,0.0058689117,9.116592844420682,33.11080322265627,0.014658066,0.100982666,4.166908156962667,0,0,1
2016-03-30 14:00:00,1535.8665,33.35991821289065,0.013944692,0.007041931,15.801676523617084,38.01616821289065,0.012674398,0.0086631775,8.184389346395287,32.76616821289065,0.014783925,0.12670898,5.5178095568167125,0,0,1
2016-03-30 15:00:00,1517.8009,33.30974731445315,0.013784472,0.004758835,16.08881292787702,37.68474731445315,0.012582842,0.010734558,7.342117473546805,32.15349731445315,0.014989916,0.1251831,6.897636091570313,0,0,1
2016-03-30 16:00:00,1437.4194,32.70308837890627,0.013921825,0.0033979416,17.180810097189923,36.82808837890627,0.012594311,0.008636475,7.382712889953023,31.218713378906276,0.015520183,0.13464355,7.2002858105198735,0,0,1
2016-03-30 17:00:00,1295.0326,31.493524169921898,0.014337658,0.002696991,18.42187969644501,35.3060241699219,0.012792706,0.002620697,8.194660197318234,29.915399169921898,0.01605427,0.13287354,6.811090207996967,0,0,1
2016-03-30 18:00:00,1276.8509,29.902001953125023,0.0149174575,0.0025377274,19.39772018722597,32.43325195312502,0.013837898,0.00038003922,6.597862053434239,28.386376953125023,0.016763771,0.11291504,6.272956789062189,0,0,1
2016-03-30 19:00:00,1340.9136,28.498406982421898,0.015565953,0.0030088425,20.80787335082057,30.764031982421898,0.014711461,0.0002425909,5.903541510666632,27.217156982421898,0.017274939,0.101257324,5.584718869748591,0,0,1
2016-03-30 20:00:00,1306.2222,27.534204101562523,0.016008526,0.005754471,21.083927400484622,29.862329101562523,0.015298993,0.0019388199,5.111602689535256,26.424829101562523,0.017198712,0.09008789,4.806311987190687,0,0,1
2016-03-30 21:00:00,1257.5583,27.011285400390648,0.016214643,0.008758545,20.065178910842565,29.136285400390648,0.01573399,0.0040779114,3.946881741406987,25.855035400390648,0.017153058,0.08609009,4.008488198591164,0,0,1
2016-03-30 22:00:00,1197.3057,26.774499511718773,0.01630636,0.012611389,18.70580646308975,28.524499511718773,0.015947778,0.018356323,2.630529111934932,25.446374511718773,0.017084558,0.08908081,3.1335772608777552,0,0,1
2016-03-30 23:00:00,1137.2458,26.611230468750023,0.016359942,0.0160141,17.54322238043108,27.986230468750023,0.015963214,0.039001465,3.282506229252363,25.033105468750023,0.016993182,0.10934448,2.225951672741458,0,0,1
2016-03-31 00:00:00,1065.2571,26.415673828125023,0.016360128,0.017204285,16.540025167941927,27.525048828125023,0.015864218,0.060928345,5.475584244582403,24.618798828125023,0.016878927,0.13500977,1.5763915590253372,0,0,1
2016-03-31 01:00:00,1027.3423,26.201257324218773,0.016345004,0.01626587,15.66701903792384,26.951257324218773,0.015780428,0.05606079,6.626226880174079,24.279382324218773,0.016734103,0.1529541,1.4862477505139908,0,0,1
2016-03-31 02:00:00,980.9413,25.980279541015648,0.016375592,0.015018463,15.006872662610837,26.355279541015648,0.015711835,0.040252686,6.65742517547445,24.058404541015648,0.016589215,0.15533447,1.75611363217513,0,0,1
2016-03-31 03:00:00,955.2306,25.791680908203148,0.016398463,0.014202118,14.622163562083694,25.744805908203148,0.01568893,0.026908875,6.071517963680976,23.854180908203148,0.01643661,0.14001465,2.1099482253353,0,0,1
2016-03-31 04:00:00,951.4748,25.638208007812523,0.016421234,0.013046265,13.614294920563534,25.263208007812523,0.0157117,0.019477844,5.4432559361808055,23.669458007812523,0.016291535,0.12597656,2.3416283579461035,0,0,1
2016-03-31 05:00:00,950.8886,25.556848144531276,0.016428694,0.012218475,12.20955152733036,24.869348144531276,0.015764937,0.01663208,5.287232639776841,23.478723144531276,0.016169295,0.12023926,2.652061998911288,0,0,1
2016-03-31 06:00:00,944.7954,25.694543457031276,0.01642093,0.012592316,12.351402339005489,24.819543457031276,0.015856355,0.014541626,6.5463524133240485,23.413293457031276,0.01604709,0.12640381,3.05150402382228,0,0,1
2016-03-31 07:00:00,1088.0347,26.605493164062523,0.016191928,0.013134003,14.66822057873037,26.636743164062523,0.015680758,0.0115737915,9.449665499625349,24.214868164062523,0.015856234,0.13677979,3.6030161143886703,0,0,1
2016-03-31 08:00:00,1267.764,27.760430908203148,0.016115418,0.01083374,13.690628287901198,29.260430908203148,0.014814606,0.009300232,9.773512111900454,25.979180908203148,0.0153868105,0.13452148,3.308187363492773,0,0,1
2016-03-31 09:00:00,1360.8102,29.092645263671898,0.015909156,0.009994507,12.60408831073376,31.998895263671898,0.013967475,0.005968094,8.492972918198776,28.045770263671898,0.015020331,0.13604736,2.2091746119333906,0,0,1
2016-03-31 10:00:00,1463.8377,30.511773681640648,0.015435962,0.008235931,11.267036782530122,34.37114868164065,0.013829974,0.0038938522,5.986773389078847,30.105523681640648,0.014722614,0.13513184,1.0705021750015122,0,0,1
2016-03-31 11:00:00,1504.7791,31.748620605468773,0.014829289,0.005634308,9.64681670502157,36.29549560546877,0.013723027,0.0027456284,3.3061895974307864,31.576745605468773,0.015199315,0.14678955,2.0881710138991427,0,0,1
2016-03-31 12:00:00,1494.9623,32.81963500976565,0.014134873,0.003273964,8.523290777158612,37.69463500976565,0.013684738,0.0028209686,1.857138265142947,32.63213500976565,0.015225876,0.16156006,3.615941015889143,0,0,1
2016-03-31 13:00:00,1539.4646,33.62969360351565,0.013581606,0.0016422272,7.92644182922082,38.47344360351565,0.013741823,0.0036611557,3.1438746842824066,32.95781860351565,0.015111299,0.16241455,5.5064556070448765,0,0,1
2016-03-31 14:00:00,1557.6125000000002,34.14278564453127,0.013303049,0.00079512596,7.924535368286437,38.73653564453127,0.013562448,0.02443695,5.750490628747558,32.36153564453127,0.015385874,0.18188477,6.596471467499364,0,0,1
2016-03-31 15:00:00,1521.5952,34.26833496093752,0.013222894,0.0003989935,8.269295561562222,38.26833496093752,0.01346322,0.037353516,8.621878760773578,31.658959960937523,0.015801629,0.1951294,6.850511955008569,0,0,1
2016-03-31 16:00:00,1467.1,34.03066406250002,0.013257214,0.00022125244,9.809425997958485,36.78066406250002,0.0135890925,0.05630493,10.542357040134332,30.546289062500023,0.016251752,0.20501709,6.567370994994015,0,0,1
2016-03-31 17:00:00,1338.1408,33.31191406250002,0.013489898,0.00017344952,12.258971772380244,35.09316406250002,0.0140544735,0.061416626,10.79796333182691,29.311914062500023,0.016648468,0.21765137,5.984573015169016,0,0,1
2016-03-31 18:00:00,1311.2738,32.23549804687502,0.0139781665,0.00019043684,14.39909874956779,33.15737304687502,0.014859362,0.06359863,9.661300505768804,28.016748046875023,0.016999407,0.22125244,5.28222217527896,0,0,1
2016-03-31 19:00:00,1369.2979,31.073999023437523,0.014767804,0.00020170212,16.633711481987888,31.855249023437523,0.015702406,0.06086731,8.87989879962888,26.870874023437523,0.017464796,0.21282959,4.527241913355306,0,0,1
2016-03-31 20:00:00,1325.7429000000002,29.858361816406276,0.0157177,0.0001783967,17.973031020258542,31.061486816406276,0.016251758,0.025901794,7.70278090755,25.811486816406276,0.018159106,0.20587158,3.77828538426444,0,0,1
2016-03-31 21:00:00,1265.5129,28.776483154296898,0.01651126,0.00014704466,18.34653958738658,30.432733154296898,0.016671477,0.0049819946,6.814515824558392,25.151483154296898,0.018578826,0.19482422,3.222415047791699,0,0,1
2016-03-31 22:00:00,1201.8657999999998,27.8920837402344,0.017030217,0.00010627508,18.265064198913446,29.7358337402344,0.017083623,0.0024738312,6.2220427233296896,24.8139587402344,0.01876209,0.19433594,2.939427155136006,0,0,1
2016-03-31 23:00:00,1137.1465999999998,27.263604736328148,0.017396627,7.1555376e-05,17.736560524059698,29.013604736328148,0.01760262,0.0020170212,6.369072597670287,24.654229736328148,0.018800436,0.18267822,2.843975078352853,0,0,1
2016-04-01 00:00:00,1082.8475,26.841210937500023,0.017640995,5.5223703e-05,17.293639893727573,28.247460937500023,0.018152164,0.003818512,6.260801795457933,24.497460937500023,0.018770145,0.16546631,2.9167012083642185,0,0,1
2016-04-01 01:00:00,1036.6406,26.534997558593773,0.017725075,0.0008928776,17.176317669159328,27.597497558593773,0.018602455,0.009033203,6.113514438069552,24.316247558593773,0.018701637,0.16937256,3.028690788392423,0,0,1
2016-04-01 02:00:00,1001.5975,26.343041992187523,0.01767175,0.004720688,17.167317047144202,27.077416992187523,0.018831419,0.015346527,5.805078042858614,24.155541992187523,0.018610166,0.17132568,3.1001044332694865,0,0,1
2016-04-01 03:00:00,955.588,26.258325195312523,0.017557325,0.008552551,16.981315972653178,26.617700195312523,0.018892469,0.018066406,5.36484979751666,24.039575195312523,0.01850337,0.18237305,3.124428153550244,0,0,1
2016-04-01 04:00:00,944.4593,26.210961914062523,0.017419938,0.012561798,15.957393604361936,26.195336914062523,0.018808488,0.02027893,5.0049218977132375,23.945336914062523,0.018388871,0.19116211,2.996216414625024,0,0,1
2016-04-01 05:00:00,939.3475,26.189141845703148,0.017320663,0.014987946,14.044657430629984,25.845391845703148,0.018648177,0.024803162,4.856774703146149,23.876641845703148,0.018259078,0.20031738,2.7056230642585413,0,0,1
2016-04-01 06:00:00,971.2745,26.266564941406276,0.017282441,0.0142326355,12.828624012542257,25.735314941406276,0.018464997,0.029457092,5.579158142326439,23.907189941406276,0.018167451,0.1963501,2.235898978423327,0,0,1
2016-04-01 07:00:00,1091.2971,27.020227050781276,0.01716794,0.013065338,12.741837076295452,26.770227050781276,0.018220797,0.030838013,7.220494665387589,24.535852050781276,0.018579379,0.21820068,1.5626293807823122,0,0,1
2016-04-01 08:00:00,1272.1691,28.178552246093773,0.017053446,0.010700226,10.955294481338765,29.397302246093773,0.016786417,0.031158447,6.3963804321230215,25.287927246093773,0.018670877,0.22131348,1.3205273921729743,0,0,1
2016-04-01 09:00:00,1391.256,29.451867675781276,0.016740587,0.009170532,9.28521288798723,32.31124267578127,0.015718248,0.051101685,3.3611833043572785,26.998742675781276,0.017900255,0.24084473,1.9729871439875035,0,0,1
2016-04-01 10:00:00,1471.0422,30.839929199218773,0.015916577,0.0059280396,7.324008840742041,34.58992919921877,0.0151116755,0.05116272,0.549622312283706,29.168054199218773,0.017183056,0.25830078,3.3884768917921986,0,0,1
2016-04-01 11:00:00,1510.2402000000002,32.55852661132815,0.014363995,0.0025606155,5.35415635203198,36.44915161132815,0.0148217585,0.07067871,4.324117996158541,30.339776611328148,0.017022839,0.2857666,4.881747239267234,0,0,1
2016-04-01 12:00:00,1528.9489,33.82583007812502,0.013536224,0.0008530617,4.627115122711524,37.40395507812502,0.01453186,0.08432007,7.992095914522897,30.591455078125023,0.01710678,0.29492188,5.993775133193608,0,0,1
2016-04-01 13:00:00,1551.9676,34.60756835937502,0.01316241,0.00024062395,4.977731462861112,37.52944335937502,0.014489925,0.11428833,11.354960986615868,30.279443359375023,0.017297542,0.30895996,6.754345982512982,0,0,1
2016-04-01 14:00:00,1549.7807,35.00240478515627,0.012944987,6.6936016e-05,5.520206902814235,36.89302978515627,0.014890483,0.13128662,14.059889845653975,29.611779785156276,0.017488291,0.3140869,7.24191528993887,0,0,1
2016-04-01 15:00:00,1523.0791000000002,35.03957519531252,0.0129183475,2.4035573e-05,6.19678272634532,35.08645019531252,0.015695447,0.18377686,15.384214321601505,28.852075195312523,0.017618055,0.32873535,7.514951268569194,0,0,1
2016-04-01 16:00:00,1418.5972000000002,34.6186462402344,0.013166458,1.6063452e-05,8.038559013592838,32.9936462402344,0.016679794,0.21820068,15.1460347037941,27.8373962402344,0.017847091,0.31933594,7.323915181208954,0,0,1
2016-04-01 17:00:00,1303.1698,33.74871215820315,0.013643456,2.9303133e-05,10.533809876426256,30.858087158203148,0.017648889,0.22961426,13.77863545431514,26.670587158203148,0.018228723,0.3392334,6.766421522513722,0,0,1
2016-04-01 18:00:00,1286.2119,32.43319091796877,0.014337816,3.6403537e-05,12.31397830047108,29.089440917968773,0.018518724,0.23150635,11.590292110892646,25.573815917968773,0.018717088,0.3289795,5.880300310990632,0,0,1
2016-04-01 19:00:00,1334.3499,31.157434082031276,0.015146605,5.1930547e-05,12.70283856846702,28.235559082031276,0.019182555,0.22796631,9.794523363185537,25.048059082031276,0.019029967,0.33874512,5.26136567492308,0,0,1
2016-04-01 20:00:00,1296.7853,30.160058593750023,0.015825659,6.407499e-05,11.08456938158827,27.800683593750023,0.019632727,0.25012207,8.425813439828984,24.910058593750023,0.019174963,0.31274414,4.723959453993402,0,0,1
2016-04-01 21:00:00,1250.2017,29.467736816406276,0.01629114,7.149577e-05,8.692713218094855,27.545861816406276,0.019968508,0.25109863,7.28017141056527,24.827111816406276,0.019243715,0.23339844,4.332261480159145,0,0,1
2016-04-01 22:00:00,1189.2026,28.9509216308594,0.016596531,7.292628e-05,6.282677377245333,27.2790466308594,0.020197606,0.23913574,6.767612139727831,24.7009216308594,0.019175267,0.16149902,4.145518019808547,0,0,1
2016-04-01 23:00:00,1143.3329,28.556970214843773,0.016779954,6.341934e-05,4.3987202300408255,27.041345214843773,0.020327622,0.18792725,6.596424625551039,24.494470214843773,0.018984849,0.12020874,3.9753398965869566,0,0,1
2016-04-02 00:00:00,1077.027,28.226586914062523,0.016894562,5.1662326e-05,3.316052947619046,26.804711914062523,0.020373566,0.13079834,6.1781278063199006,24.273461914062523,0.018756134,0.120910645,3.940965446268419,0,0,1
2016-04-02 01:00:00,1028.8208,27.941705322265648,0.01699392,4.0516257e-05,2.762700702746929,26.582330322265648,0.020320335,0.10913086,5.914131616871343,24.082330322265648,0.018535057,0.12609863,3.9274244170804713,0,0,1
2016-04-02 02:00:00,997.7455,27.669976806640648,0.01709312,0.00025856495,2.612929598152216,26.419976806640648,0.020266948,0.10153198,5.598594455078572,23.904351806640648,0.018336711,0.13665771,3.78195228297221,0,0,1
2016-04-02 03:00:00,965.4126,27.447625732421898,0.017123584,0.0024881363,3.096413038425076,26.213250732421898,0.020152453,0.07232666,4.863352585602571,23.760125732421898,0.01816881,0.14050293,3.539434802954454,0,0,1
2016-04-02 04:00:00,962.5751,27.331323242187523,0.016970877,0.004924774,4.367189729584209,26.065698242187523,0.020022634,0.07891846,4.442634191337886,23.659448242187523,0.018038992,0.13293457,3.3318260181542545,0,0,1
2016-04-02 05:00:00,945.319,27.212609863281276,0.016932549,0.004928589,5.620713424063424,25.900109863281276,0.019839348,0.07626343,4.218125014741044,23.587609863281276,0.017901482,0.11669922,3.163869989260732,0,0,1
2016-04-02 06:00:00,906.5656,27.165551757812523,0.016932374,0.0046424866,6.533936372809715,26.118676757812523,0.01987732,0.068115234,4.617290632771083,23.587426757812523,0.017809754,0.09957886,2.9675697839721904,0,0,1
2016-04-02 07:00:00,995.3267,27.5781188964844,0.01715334,0.0017642975,6.96607897833476,27.5624938964844,0.020083027,0.06625366,6.527952854631384,24.3749938964844,0.018259602,0.08569336,2.8034600660440456,0,0,1
2016-04-02 08:00:00,1139.4244,28.524774169921898,0.017259857,0.00015610456,6.696546774905413,29.540399169921898,0.018694183,0.07305908,7.316898701434623,25.352899169921898,0.018266937,0.06539917,2.7446864552513794,0,0,1
2016-04-02 09:00:00,1227.9737,29.848413085937523,0.016855262,0.000664711,6.647297601218854,31.551538085937523,0.017450355,0.080596924,7.153180123412993,27.614038085937523,0.017099403,0.042922974,2.7182085221493315,0,0,1
2016-04-02 10:00:00,1308.9034,31.135369873046898,0.016343934,0.011871338,5.974342332342207,33.0728698730469,0.016969545,0.10409546,7.123576525992227,30.010369873046898,0.016008241,0.053710938,3.08654794415924,0,0,1
2016-04-02 11:00:00,1341.8417,32.1290222167969,0.015954752,0.038253784,4.549258823601512,34.1602722167969,0.016877908,0.16363525,8.299418224489607,31.519647216796898,0.015702982,0.104400635,3.967792649031296,0,0,1
2016-04-02 12:00:00,1328.3494,32.73421630859377,0.015794484,0.053710938,3.0238486928552004,34.14046630859377,0.01697704,0.21240234,10.368266563803514,32.37484130859377,0.015702931,0.1585083,5.164071992296968,0,0,1
2016-04-02 13:00:00,1309.8229,33.22896728515627,0.0156495,0.060821533,1.9435022006050608,33.61959228515627,0.01727456,0.2644043,12.147312630046208,31.994592285156276,0.015939416,0.21099854,6.323322396330088,0,0,1
2016-04-02 14:00:00,1300.7911,33.39986572265627,0.015634239,0.05987549,2.0745128461891005,32.79049072265627,0.017648399,0.2927246,12.919965401712394,31.196740722656276,0.016343772,0.2524414,6.725370869106504,0,0,1
2016-04-02 15:00:00,1238.7818,33.1843200683594,0.015802104,0.060134888,2.810345305000331,31.7311950683594,0.018045146,0.32055664,12.902947235545888,30.1374450683594,0.016679484,0.27819824,6.644595888822498,0,0,1
2016-04-02 16:00:00,1178.3905000000002,32.67254028320315,0.015886055,0.08355713,2.0012195445214798,30.500665283203148,0.018403756,0.33532715,11.887295636366868,29.000665283203148,0.01696943,0.2886963,6.15549444993802,0,0,1
2016-04-02 17:00:00,1158.1298,31.773309326171898,0.016061563,0.08425903,1.140111736669223,29.070184326171898,0.018853921,0.34362793,9.934225984015526,27.773309326171898,0.01723649,0.28637695,5.357967921127883,0,0,1
2016-04-02 18:00:00,1182.0395,30.814538574218773,0.016511695,0.056533813,2.1259706658845365,27.830163574218773,0.019639747,0.33068848,7.215546037151853,26.408288574218773,0.017732399,0.28381348,4.255906562561083,0,0,1
2016-04-02 19:00:00,1249.7682,29.951837158203148,0.017083911,0.028671265,3.2499910281130857,27.373712158203148,0.019922046,0.36132812,6.252083655355976,25.420587158203148,0.018296985,0.28149414,3.54859854208024,0,0,1
2016-04-02 20:00:00,1235.3108,29.198205566406276,0.017549371,0.014080048,4.20248065306359,27.120080566406276,0.020013666,0.39135742,5.50089693211937,24.995080566406276,0.01857171,0.27246094,3.1104468594359163,0,0,1
2016-04-02 21:00:00,1202.6625,28.591729736328148,0.017862292,0.007616043,5.07843835045841,26.904229736328148,0.020051928,0.37927246,4.8774010482128105,24.810479736328148,0.018587084,0.24926758,2.7287982542530607,0,0,1
2016-04-02 22:00:00,1172.1966,28.114404296875023,0.018083706,0.0050964355,5.905942374801219,26.723779296875023,0.02005972,0.36499023,4.128496685520619,24.676904296875023,0.018495694,0.21850586,2.3924732199578185,0,0,1
2016-04-02 23:00:00,1113.5518,27.704858398437523,0.018213594,0.00463295,6.471035707759889,26.517358398437523,0.020059908,0.3244629,3.5483657204789565,24.517358398437523,0.018366182,0.19439697,2.095583914772989,0,0,1
2016-04-03 00:00:00,1063.2377,27.348565673828148,0.018206118,0.0045318604,7.049439387656072,26.286065673828148,0.020014284,0.26391602,3.163485298914821,24.332940673828148,0.018190859,0.1953125,1.796924741637011,0,0,1
2016-04-03 01:00:00,1020.7661,27.014306640625023,0.018183304,0.0032978058,7.646875124714255,26.045556640625023,0.019938065,0.22918701,3.147889452012325,24.123681640625023,0.017962052,0.21466064,1.4936080162850744,0,0,1
2016-04-03 02:00:00,963.8397,26.7016540527344,0.018267201,0.0025920868,7.97730096131777,25.8266540527344,0.019846486,0.22741699,3.320520607563689,23.9204040527344,0.017694997,0.23046875,1.1262505447267832,0,0,1
2016-04-03 03:00:00,955.2399,26.448999023437523,0.018312864,0.005554199,8.481108133679873,25.683374023437523,0.01975482,0.24591064,3.705111625009168,23.714624023437523,0.017435484,0.23358154,0.913468358539496,0,0,1
2016-04-03 04:00:00,946.0175000000002,26.3100524902344,0.018297462,0.012802124,8.7754186677092,25.6069274902344,0.019670753,0.24786377,3.907692306970265,23.5131774902344,0.017252235,0.2111206,1.119965493956419,0,0,1
2016-04-03 05:00:00,921.864,26.287957763671898,0.018327894,0.019355774,8.577045750498964,25.506707763671898,0.019533338,0.2088623,3.690495214029436,23.303582763671898,0.017053785,0.15209961,1.5064986407567884,0,0,1
2016-04-03 06:00:00,878.4048,26.403222656250023,0.01821334,0.025970459,9.199677934399643,25.418847656250023,0.01933486,0.1574707,3.7934001025964696,23.075097656250023,0.01681716,0.09259033,1.8122737848586816,0,0,1
2016-04-03 07:00:00,904.6046,27.0988708496094,0.017808901,0.032073975,11.36773307324769,25.9426208496094,0.019357668,0.17150879,5.347490403004899,23.4269958496094,0.016710268,0.051513672,2.136590091381541,0,0,1
2016-04-03 08:00:00,957.7775,28.013848876953148,0.017824113,0.03440857,11.60230821467018,26.841973876953148,0.019044816,0.17248535,6.324122269232015,25.107598876953148,0.015771806,0.03087616,2.0955065950960265,0,0,1
2016-04-03 09:00:00,1002.6273,28.902001953125023,0.018068228,0.026885986,11.14739827819939,28.355126953125023,0.018091116,0.16778564,7.089924206994409,28.230126953125023,0.013654624,0.015007019,1.656631270375248,0,0,1
2016-04-03 10:00:00,1065.2001,29.819543457031276,0.017969051,0.02381897,11.779683244782609,29.913293457031276,0.017229,0.16394043,7.097608061287295,30.569543457031276,0.012746731,0.0050525665,0.9285972607472588,0,0,1
2016-04-03 11:00:00,1114.56,30.692468261718773,0.017663911,0.02544403,12.932218797252832,30.989343261718773,0.016878083,0.19091797,6.736003096545814,32.19246826171877,0.012697176,0.004917145,1.330501942604135,0,0,1
2016-04-03 12:00:00,1132.2251,31.385308837890648,0.017244354,0.027923584,13.816188869950237,31.791558837890648,0.016717926,0.23608398,6.4339669141265565,33.05718383789065,0.01350595,0.015209198,2.2376034845897177,0,0,1
2016-04-03 13:00:00,1145.9684,31.866357421875023,0.016809553,0.026618958,14.570016554048726,32.24135742187502,0.016634077,0.27026367,6.16192791432502,33.44448242187502,0.013666243,0.0393219,3.3747629845364675,0,0,1
2016-04-03 14:00:00,1150.0595,32.11959228515627,0.016405232,0.02242279,15.304267108745842,32.24459228515627,0.01667989,0.28735352,6.237893074202859,33.21334228515627,0.0139828995,0.06037903,4.335360788293501,0,0,1
2016-04-03 15:00:00,1133.1298,32.10625610351565,0.016061956,0.018241882,16.03306553247545,31.621881103515648,0.016809637,0.24890137,6.691739615505528,32.21563110351565,0.014475042,0.07348633,4.924433207937092,0,0,1
2016-04-03 16:00:00,1146.9925,31.705468750000023,0.015909426,0.010902405,17.054770474059495,31.033593750000023,0.017030947,0.20422363,6.97973093361339,30.971093750000023,0.01496338,0.085235596,5.098838393372647,0,0,1
2016-04-03 17:00:00,1110.8152,30.783166503906276,0.0160468,0.0053863525,18.22341301684242,30.111291503906276,0.017603196,0.13214111,5.996250401938821,29.517541503906276,0.015341082,0.1003418,4.9501338940631525,0,0,1
2016-04-03 18:00:00,1133.1061,29.374810791015648,0.016512215,0.0030918121,19.533411083565777,28.265435791015648,0.01909858,0.060577393,3.960509356772407,27.890435791015648,0.01595527,0.089019775,4.223457029850014,0,0,1
2016-04-03 19:00:00,1221.481,28.1899353027344,0.017107349,0.0025730133,21.358530353178708,27.3618103027344,0.019213062,0.036010742,2.962031160750933,26.6430603027344,0.01658855,0.06552124,3.364620957926946,0,0,1
2016-04-03 20:00:00,1223.2264,27.488885498046898,0.017466057,0.0028295517,21.4692929448266,26.863885498046898,0.018854607,0.027786255,2.578980826079915,25.942010498046898,0.016909111,0.05682373,2.3629177541589583,0,0,1
2016-04-03 21:00:00,1220.9985,27.142602539062523,0.017595956,0.0033302307,20.87180818015019,26.470727539062523,0.01841993,0.024154663,3.279335256764292,25.423852539062523,0.016993234,0.057525635,1.2871483757813431,0,0,1
2016-04-03 22:00:00,1180.9199999999998,26.918847656250023,0.017558074,0.0035886765,20.810457036555267,26.184472656250023,0.018153166,0.023094177,4.6299656743534205,24.918847656250023,0.017146086,0.06686401,0.2256920186099892,0,0,1
2016-04-03 23:00:00,1104.7071,26.731652832031276,0.017466744,0.0038070679,21.049161076081774,25.825402832031276,0.018054208,0.02230072,5.669027888206727,24.497277832031276,0.017207345,0.07727051,0.7661477694215738,0,0,1
2016-04-04 00:00:00,1052.608,26.571862792968773,0.017275888,0.008693695,21.401648940971302,25.399987792968773,0.017977793,0.022865295,6.158457899403914,24.212487792968773,0.017062265,0.08621216,1.4894134204053435,0,0,1
2016-04-04 01:00:00,1030.0878,26.489587402343773,0.017169064,0.0142707825,21.25611185658764,25.005212402343773,0.017878598,0.023765564,6.533578140512002,23.911462402343773,0.016810482,0.09509277,2.2855319515374126,0,0,1
2016-04-04 02:00:00,996.6716,26.399621582031276,0.017062295,0.015182495,20.964388488978088,24.680871582031276,0.01775657,0.026939392,6.950523548852231,23.665246582031276,0.016604532,0.10409546,2.996835756492438,0,0,1
2016-04-04 03:00:00,960.0069,26.281579589843773,0.017001387,0.013458252,20.114205331146334,24.437829589843773,0.017619368,0.02809906,7.255472824705098,23.469079589843773,0.016482588,0.11087036,3.522903927073726,0,0,1
2016-04-04 04:00:00,960.3837,26.150842285156276,0.01695536,0.012069702,18.945404663113457,24.244592285156276,0.017489418,0.031417847,7.319047877816386,23.338342285156276,0.016436562,0.11102295,3.7738066726073263,0,0,1
2016-04-04 05:00:00,976.9324,26.007409667968773,0.01699324,0.0063705444,17.55532685647287,24.101159667968773,0.017382339,0.031921387,7.247632964889295,23.257409667968773,0.016443923,0.10870361,3.912150631257124,0,0,1
2016-04-04 06:00:00,955.6329,26.099084472656276,0.016939538,0.008277893,17.875434462595937,24.286584472656276,0.017351525,0.030410767,8.01344517029439,23.270959472656276,0.016474145,0.10498047,4.014369443544822,0,0,1
2016-04-04 07:00:00,1129.3786,27.097070312500023,0.016328866,0.01128006,21.841904470387988,26.190820312500023,0.017351205,0.029083252,11.998330591428177,24.331445312500023,0.016443307,0.09539795,4.558909000587176,0,0,1
2016-04-04 08:00:00,1324.3383,28.217156982421898,0.015878439,0.010662079,23.49475537802932,28.717156982421898,0.016793966,0.028457642,14.93114040712972,26.373406982421898,0.015924215,0.07723999,5.00213584295079,0,0,1
2016-04-04 09:00:00,1408.3044,29.296166992187523,0.015717996,0.009357452,22.847125891433773,30.858666992187523,0.0162902,0.024887085,14.87437629994952,28.452416992187523,0.015222086,0.07720947,4.819350007103323,0,0,1
2016-04-04 10:00:00,1479.7964,30.272363281250023,0.0156148905,0.0042266846,21.55673347654303,32.72548828125002,0.01593914,0.018608093,13.974599204005733,30.162988281250023,0.014958763,0.06484985,3.866585002782201,0,0,1
2016-04-04 11:00:00,1529.9015,31.059442138671898,0.015488931,0.0032348633,20.27179125360862,34.2156921386719,0.01577122,0.012271881,12.64043885422853,31.387567138671898,0.015137979,0.05718994,2.607299796343352,0,0,1
2016-04-04 12:00:00,1527.2824,31.647607421875023,0.015324862,0.0023040771,19.75204152818766,35.21010742187502,0.015649112,0.0074043274,11.585423077862387,32.24135742187502,0.014985354,0.059631348,2.043724938335221,0,0,1
2016-04-04 13:00:00,1550.6545,32.03206787109377,0.015111229,0.001511097,19.990040366822363,35.70394287109377,0.015370629,0.0046920776,11.401665114215072,32.65706787109377,0.014836571,0.07342529,1.70103353049518,0,0,1
2016-04-04 14:00:00,1566.7461999999998,32.09563598632815,0.014977699,0.0010046959,20.758598380870545,35.70501098632815,0.015115028,0.00541687,11.76420214799776,32.58001098632815,0.014790779,0.07388306,1.4692920544901684,0,0,1
2016-04-04 15:00:00,1538.794,31.795190429687523,0.014962423,0.0006942749,21.65880552596388,35.12331542968752,0.014897573,0.007326126,12.384642239617596,31.951440429687523,0.014832723,0.08230591,1.380259095416082,0,0,1
2016-04-04 16:00:00,1485.4145,31.062127685546898,0.015118823,0.0004963875,22.91605191084765,33.9527526855469,0.014779315,0.006547928,13.00600610345788,30.874627685546898,0.014935718,0.090789795,1.3972872183445362,0,0,1
2016-04-04 17:00:00,1321.9697,29.821099853515648,0.01538206,0.00041735172,24.17396718987733,31.883599853515648,0.014874705,0.006072998,13.235691281990457,29.352349853515648,0.015153178,0.09152222,1.6745308133511208,0,0,1
2016-04-04 18:00:00,1309.0363,28.413415527343773,0.015595722,0.0011916161,24.28405950957641,29.241540527343773,0.015164661,0.006750107,11.99408114375212,27.569665527343773,0.015233326,0.105041504,2.2161197147705494,0,0,1
2016-04-04 19:00:00,1373.2443,27.536584472656276,0.01577125,0.0062446594,23.83642076390632,27.442834472656276,0.015393593,0.009307861,11.87488461729512,26.130334472656276,0.0154546285,0.097595215,4.005594961143328,0,0,1
2016-04-04 20:00:00,1349.501,27.153283691406276,0.015885774,0.0107040405,22.995706081113173,26.403283691406276,0.015717927,0.011898041,11.544450690086553,24.965783691406276,0.015969697,0.07873535,5.257208719714678,0,0,1
2016-04-04 21:00:00,1292.7757,26.970178222656276,0.016007954,0.017288208,22.728669789935395,25.688928222656276,0.016137654,0.0149002075,11.254137239743718,24.204553222656276,0.016282612,0.07046509,5.579831005121511,0,0,1
2016-04-04 22:00:00,1238.1369000000002,26.801354980468773,0.016137779,0.022384644,22.52198827933909,25.238854980468773,0.01637429,0.017936707,10.272408998243655,23.707604980468773,0.01638192,0.06756592,5.399747365763949,0,0,1
2016-04-04 23:00:00,1160.121,26.622705078125023,0.016237082,0.026123047,22.138501119351407,24.903955078125023,0.016488852,0.0185318,9.47862540262645,23.357080078125023,0.016412558,0.06274414,5.436389194021347,0,0,1
2016-04-05 00:00:00,1094.1083999999998,26.435571289062523,0.016267728,0.031677246,21.865257777594667,24.669946289062523,0.016595792,0.013523102,9.132597060587145,23.091821289062523,0.016443204,0.063201904,5.461514102472308,0,0,1
2016-04-05 01:00:00,1060.344,26.230920410156276,0.016321244,0.03718567,21.531938897837215,24.418420410156276,0.016717972,0.011539459,8.490784628908095,22.902795410156276,0.016466202,0.072052,5.437441721636775,0,0,1
2016-04-05 02:00:00,1030.7357,26.067285156250023,0.016435748,0.03630066,20.958306956745435,24.223535156250023,0.016710406,0.01537323,8.559819174665929,22.754785156250023,0.016466266,0.077819824,5.278319029688789,0,0,1
2016-04-05 03:00:00,1011.7149,25.930200195312523,0.01655781,0.026107788,19.81738696937478,24.008325195312523,0.016595958,0.018966675,8.546601151955691,22.648950195312523,0.016428111,0.08227539,5.062674557537459,0,0,1
2016-04-05 04:00:00,985.6848,25.843957519531276,0.016641686,0.022743225,19.514114295511373,23.828332519531276,0.016428063,0.016616821,8.85050127581777,22.562707519531276,0.016382286,0.08157349,5.020104617134376,0,0,1
2016-04-05 05:00:00,988.9684,25.788598632812523,0.016717957,0.020950317,19.22272381744882,23.694848632812523,0.016252564,0.01348114,9.294542926551095,22.507348632812523,0.016344117,0.0743103,5.03976293619387,0,0,1
2016-04-05 06:00:00,1007.445,25.8588806152344,0.016794244,0.022727966,19.366473757143627,23.7495056152344,0.016122857,0.0117836,10.29118380218199,22.5151306152344,0.016290704,0.07223511,5.274524887889785,0,0,1
2016-04-05 07:00:00,1127.5713,26.615411376953148,0.016611142,0.029960632,22.91411019269244,25.146661376953148,0.016061826,0.0095329285,13.008991606187749,23.193536376953148,0.016328854,0.06903076,6.117055915206529,0,0,1
2016-04-05 08:00:00,1308.9778,27.741387939453148,0.016229685,0.0473938,25.52172224350101,27.460137939453148,0.015634593,0.011478424,16.477304198499898,25.038262939453148,0.01591688,0.066345215,6.555887738484531,0,0,1
2016-04-05 09:00:00,1387.5618,28.887567138671898,0.016008446,0.04574585,26.06208857588931,29.528192138671898,0.015089105,0.011920929,17.42261887075045,27.387567138671898,0.015039514,0.057037354,6.426431720496463,0,0,1
2016-04-05 10:00:00,1479.9769,30.008721923828148,0.015848268,0.029701233,25.16780911646177,31.289971923828148,0.014585604,0.011577606,16.871792419762826,29.243096923828148,0.014295687,0.046951294,5.683506643984575,0,0,1
2016-04-05 11:00:00,1519.5709,30.905358886718773,0.015817797,0.016693115,23.60890844281726,32.82723388671877,0.014215623,0.009567261,15.776211970423768,30.530358886718773,0.01425377,0.042922974,4.5694044320243,0,0,1
2016-04-05 12:00:00,1519.7564,31.473321533203148,0.015833095,0.0064849854,22.468645144922235,33.91082153320315,0.014139369,0.006855011,14.54051534880682,31.395196533203148,0.014047816,0.037582397,3.963256583201902,0,0,1
2016-04-05 13:00:00,1548.8403,31.731988525390648,0.015772067,0.0033750534,21.931436962636397,34.54448852539065,0.014154635,0.005493164,13.80944704864415,31.731988525390648,0.0137998685,0.038528442,3.7471425575766073,0,0,1
2016-04-05 14:00:00,1562.8114,31.652307128906276,0.015726266,0.003285408,22.10335926054196,34.65230712890627,0.014299569,0.0056114197,13.726056267788788,31.699182128906276,0.013574776,0.03593445,3.887468017740949,0,0,1
2016-04-05 15:00:00,1542.8124,31.242028808593773,0.015726246,0.004016876,22.79723722885198,34.19515380859377,0.014452138,0.0058937073,14.201709107179369,31.226403808593773,0.013395467,0.02683258,4.417893059281987,0,0,1
2016-04-05 16:00:00,1466.2499,30.476190185546898,0.01584833,0.0019598007,24.409371986921304,32.9761901855469,0.014593295,0.00607872,15.143459910197466,30.226190185546898,0.013414553,0.022605896,5.193792206630598,0,0,1
2016-04-05 17:00:00,1316.8874999999998,29.305932617187523,0.015993334,0.0022468567,25.903459001307567,31.040307617187523,0.014765001,0.005830765,15.827088392681269,28.759057617187523,0.013639665,0.025032043,6.00682880895468,0,0,1
2016-04-05 18:00:00,1292.9149,28.060388183593773,0.016146014,0.0052871704,25.82271530518086,28.638513183593773,0.015077898,0.0066375732,14.444036764668043,26.997888183593773,0.014196703,0.025527954,6.544017701015456,0,0,1
2016-04-05 19:00:00,1340.9762,27.3073669433594,0.016359733,0.00851059,25.02167401538567,27.1042419433594,0.01551287,0.0069885254,13.531153781187564,25.6354919433594,0.014616416,0.034805298,6.901665262705625,0,0,1
2016-04-05 20:00:00,1324.7886,26.974053955078148,0.016565882,0.0111961365,24.09929319746095,26.224053955078148,0.015932642,0.0055713654,13.420509687088284,24.880303955078148,0.015036187,0.052352905,6.868858318498742,0,0,1
2016-04-05 21:00:00,1277.1953,26.789514160156276,0.016703455,0.021583557,23.750394759260384,25.711389160156276,0.016154138,0.00466156,13.14539058530163,24.414514160156276,0.015330165,0.08200073,6.657078462005085,0,0,1
2016-04-05 22:00:00,1187.2373,26.626336669921898,0.016757177,0.028175354,23.65489528712655,25.345086669921898,0.016253637,0.0038633347,12.713782321767704,24.110711669921898,0.015525029,0.08761597,6.356331667755217,0,0,1
2016-04-05 23:00:00,1102.1788,26.483056640625023,0.016711747,0.032348633,23.839077503354392,25.029931640625023,0.016253984,0.0024929047,12.122773245613018,23.873681640625023,0.015636003,0.07513428,5.979613593895496,0,0,1
2016-04-06 00:00:00,1034.6769,26.344018554687523,0.016590016,0.031951904,23.8440158462203,24.719018554687523,0.016208546,0.0018367767,11.738232808500296,23.672143554687523,0.01566686,0.06010437,5.792406152220992,0,0,1
2016-04-06 01:00:00,1012.0521,26.185693359375023,0.016536927,0.021362305,23.18165057410373,24.435693359375023,0.016132569,0.004049301,11.460703482081684,23.435693359375023,0.015579439,0.050476074,5.692502019225957,0,0,1
2016-04-06 02:00:00,1002.0591,26.0312438964844,0.016460877,0.017738342,22.840949338300383,24.1874938964844,0.016056519,0.0027160645,11.359631771244675,23.1640563964844,0.015461427,0.041610718,5.8387112196147095,0,0,1
2016-04-06 03:00:00,994.3878,25.907312011718773,0.016376896,0.017799377,22.39396167839269,23.876062011718773,0.016003055,0.0015182495,10.530687186486404,22.961999511718773,0.0152973365,0.038879395,5.977311591382336,0,0,1
2016-04-06 04:00:00,965.8933,25.825555419921898,0.016353864,0.016952515,21.231476157676468,23.481805419921898,0.015964765,0.0011749268,9.373062727084688,22.817742919921898,0.015209454,0.032577515,5.818335211666216,0,0,1
2016-04-06 05:00:00,976.7823,25.815454101562523,0.016323177,0.021942139,20.242721470246355,23.299829101562523,0.01591882,0.0011105537,8.91226053865884,22.706079101562523,0.015163509,0.023880005,5.548757836804031,0,0,1
2016-04-06 06:00:00,979.9055,25.983056640625023,0.016307756,0.023040771,20.279840684073108,23.576806640625023,0.015865251,0.0010232925,9.447970581125167,22.670556640625023,0.0151213845,0.021736145,5.341733917590607,0,0,1
2016-04-06 07:00:00,1103.3044,26.852014160156276,0.016132127,0.019309998,23.08144229712747,25.273889160156276,0.01584984,0.0010051727,12.291195169662323,23.648889160156276,0.015018236,0.018966675,5.825095969134035,0,0,1
2016-04-06 08:00:00,1291.4770999999998,28.0202575683594,0.016017556,0.010478973,24.19031233650157,27.7390075683594,0.015372871,0.0014381409,15.314424065979637,25.5358825683594,0.014518379,0.015262604,6.024664822827656,0,0,1
2016-04-06 09:00:00,1404.229,29.192895507812523,0.016002195,0.0044002533,23.8777833732187,29.833520507812523,0.014651793,0.0020217896,16.091892395069394,27.567895507812523,0.013831633,0.013622284,5.791235665217772,0,0,1
2016-04-06 10:00:00,1474.279,30.175897216796898,0.015857184,0.0039787292,23.574614239122504,31.660272216796898,0.014026131,0.0026187897,15.91214751687002,29.332147216796898,0.013255562,0.010822296,5.413167539666587,0,0,1
2016-04-06 11:00:00,1504.5297,31.053399658203148,0.015696976,0.0011315346,23.641578307158674,33.13152465820315,0.013679001,0.0050811768,15.33086387872733,30.569024658203148,0.013270828,0.012050629,4.755884757536218,0,0,1
2016-04-06 12:00:00,1504.0521,31.730889892578148,0.015468107,0.0014467239,24.2839434663796,34.02776489257815,0.013751493,0.009716034,14.610759010730035,31.262139892578148,0.013534055,0.0181427,4.118147662145729,0,0,1
2016-04-06 13:00:00,1549.6678,32.03597412109377,0.015220156,0.00147295,25.56891899416699,34.42659912109377,0.01402997,0.009906769,14.607036462650164,31.567224121093773,0.013686648,0.022789001,3.875610633236593,0,0,1
2016-04-06 14:00:00,1538.3557,31.950341796875023,0.0150256045,0.0012254715,27.07393928626868,34.29409179687502,0.014380921,0.009124756,15.243006479070855,31.450341796875023,0.013751496,0.025146484,3.9745928717793126,0,0,1
2016-04-06 15:00:00,1510.1756,31.372521972656276,0.014895903,0.00088500977,28.198083658239444,33.45064697265627,0.014640318,0.008766174,15.970625759374492,30.903771972656276,0.013713347,0.026390076,4.341995069173283,0,0,1
2016-04-06 16:00:00,1434.3772,30.385705566406276,0.0149149615,0.0005710125,28.769929827941667,31.963830566406276,0.01468608,0.0068531036,16.398803806875268,29.963830566406276,0.013690444,0.017738342,4.959530827574629,0,0,1
2016-04-06 17:00:00,1304.396,29.129418945312523,0.015197197,0.0003888607,28.084681158879096,30.066918945312523,0.01465551,0.004081726,16.25665067291151,28.645043945312523,0.013812462,0.020118713,5.554181827754367,0,0,1
2016-04-06 18:00:00,1257.6230999999998,27.883081054687523,0.015540528,0.00033843517,25.973903834809317,28.070581054687523,0.014773774,0.0029239655,14.158700781880045,26.992456054687523,0.014449525,0.021385193,5.780343434779549,0,0,1
2016-04-06 19:00:00,1321.4598,27.162194824218773,0.015872385,0.0006670952,24.19242137432971,26.787194824218773,0.015143778,0.0030460358,12.372720626371638,25.755944824218773,0.014735606,0.02696991,5.926555757646978,0,0,1
2016-04-06 20:00:00,1304.9865,26.839532470703148,0.016040357,0.008323669,23.279395243861508,26.011407470703148,0.015494856,0.009719849,12.037475871124329,24.995782470703148,0.015059981,0.02532196,5.839170555889058,0,0,1
2016-04-06 21:00:00,1248.4122,26.672937011718773,0.016124522,0.014945984,23.28290121032023,25.532312011718773,0.015697276,0.01625061,11.881330228371128,24.516687011718773,0.01527003,0.029724121,5.882996390458808,0,0,1
2016-04-06 22:00:00,1175.4113,26.533959960937523,0.016231619,0.019302368,24.03584656645186,25.205834960937523,0.01585015,0.018692017,11.863874922120706,24.112084960937523,0.015327535,0.037338257,6.007071600222948,0,0,1
2016-04-06 23:00:00,1132.1538,26.390222167968773,0.016315602,0.02809143,25.1354088382469,24.921472167968773,0.016002797,0.018753052,11.818236086367342,23.733972167968773,0.0153237805,0.048065186,6.030230800709593,0,0,1
2016-04-07 00:00:00,1056.9367000000002,26.240045166015648,0.016353762,0.023246765,25.804539019497888,24.693170166015648,0.016101992,0.019165039,11.70743453697265,23.411920166015648,0.01531998,0.05987549,6.0198464794164135,0,0,1
2016-04-07 01:00:00,1018.7096,26.104516601562523,0.016353775,0.014862061,25.400688174079,24.479516601562523,0.01615541,0.019248962,11.202810329981972,23.135766601562523,0.015251328,0.06271362,5.900635148467873,0,0,1
2016-04-07 02:00:00,1005.5054,25.984521484375023,0.016277403,0.011878967,23.914354209977603,24.250146484375023,0.016155332,0.019172668,10.246300371117666,22.843896484375023,0.0152321765,0.072906494,5.408304599789476,0,0,1
2016-04-07 03:00:00,992.8088,25.860314941406276,0.016147688,0.013961792,22.72437344433285,23.938439941406276,0.01613243,0.018539429,9.091410668321142,22.641564941406276,0.015270308,0.077545166,4.98964235572177,0,0,1
2016-04-07 04:00:00,983.4606,25.730310058593773,0.016162857,0.0107040405,20.925874162688075,23.464685058593773,0.016155228,0.018417358,7.691391703222341,22.495935058593773,0.0153694,0.07104492,4.775445857378059,0,0,1
2016-04-07 05:00:00,990.786,25.653344726562523,0.016170096,0.009914398,20.309647260614497,23.247094726562523,0.016208243,0.017852783,7.644659264944359,22.387719726562523,0.015506339,0.066833496,4.693155115376137,0,0,1
2016-04-07 06:00:00,987.375,25.760461425781276,0.016185047,0.0084114075,19.90601639016181,23.510461425781276,0.01626897,0.016220093,8.97828886079747,22.401086425781276,0.015582325,0.071777344,5.045784783018206,0,0,1
2016-04-07 07:00:00,1130.6127,26.776879882812523,0.015841372,0.009075165,22.91589010728537,25.761254882812523,0.016299136,0.015815735,13.196017739674003,23.495629882812523,0.015486605,0.06951904,5.9832810639601615,0,0,1
2016-04-07 08:00:00,1298.7904,27.875573730468773,0.015528302,0.0089530945,24.74180983539127,28.578698730468773,0.015658002,0.013835907,16.0953982298434,25.578698730468773,0.015028576,0.05596924,6.14835975917736,0,0,1
2016-04-07 09:00:00,1390.9495,28.990502929687523,0.015493772,0.0016312599,25.42956134761336,30.912377929687523,0.014910123,0.008148193,15.844691372505222,27.787377929687523,0.01437988,0.046020508,5.684113881644776,0,0,1
2016-04-07 10:00:00,1464.4223000000002,30.051873779296898,0.015398268,0.0005404949,25.37412030879716,32.9581237792969,0.014349226,0.004743576,14.919315102737311,29.629998779296898,0.01373506,0.038513184,4.934728855928232,0,0,1
2016-04-07 11:00:00,1488.9017,30.871118164062523,0.015249317,0.00044548512,24.942078703248907,34.44924316406252,0.01432616,0.0031547546,13.919375219464564,30.980493164062523,0.013746326,0.037078857,3.87168648101514,0,0,1
2016-04-07 12:00:00,1465.1071,31.413049316406276,0.0150737185,0.00047326088,24.768798458447584,35.41304931640627,0.014436664,0.0026712418,13.661762175046784,31.709924316406276,0.014070453,0.03303528,2.953805812287409,0,0,1
2016-04-07 13:00:00,1494.7588,31.665887451171898,0.014917313,0.00052046776,24.753816955318666,35.8690124511719,0.014543473,0.0031175613,14.10070557147852,32.1033874511719,0.014020859,0.031707764,2.6851299410017546,0,0,1
2016-04-07 14:00:00,1525.3026,31.667382812500023,0.0147073595,0.00052547455,25.024172322765303,35.79238281250002,0.014596733,0.0053253174,14.849266727723435,32.07363281250002,0.013932976,0.032806396,2.7234461352528228,0,0,1
2016-04-07 15:00:00,1481.1445,31.327172851562523,0.014539392,0.00046479702,25.43440178076364,35.10842285156252,0.014615686,0.010784149,15.585394903619152,31.624047851562523,0.013795526,0.032791138,3.2362956041855786,0,0,1
2016-04-07 16:00:00,1410.6527999999998,30.519189453125023,0.014539349,0.00041365623,26.284032312684783,33.44106445312502,0.014630902,0.012809753,16.442581507576627,30.737939453125023,0.013642895,0.023849487,4.357537769672632,0,0,1
2016-04-07 17:00:00,1306.0441,29.198327636718773,0.014898018,0.00041425228,26.83680569692765,31.088952636718773,0.014634804,0.011035919,16.96340247770492,29.245202636718773,0.0137955705,0.02457428,5.606841601539228,0,0,1
2016-04-07 18:00:00,1272.8967,27.803918457031276,0.015527391,0.00047457218,26.594683272126527,28.678918457031276,0.014741563,0.0071582794,16.038130975978365,27.288293457031276,0.014451646,0.023895264,6.368994489325118,0,0,1
2016-04-07 19:00:00,1307.8079,27.001123046875023,0.01612252,0.002831459,26.305120385972536,27.297998046875023,0.015184104,0.006378174,14.732077962519408,25.860498046875023,0.014806449,0.028823853,6.68598813659364,0,0,1
2016-04-07 20:00:00,1314.7156,26.678247070312523,0.016473688,0.012134552,26.11476107203758,26.584497070312523,0.015863337,0.0073127747,14.355625828222252,25.068872070312523,0.0152568,0.037384033,6.5690636121689865,0,0,1
2016-04-07 21:00:00,1265.664,26.535760498046898,0.016626528,0.02796936,25.993206556894343,26.301385498046898,0.016283205,0.0060310364,13.82133440258099,24.645135498046898,0.01540201,0.042800903,6.54437725044877,0,0,1
2016-04-07 22:00:00,1195.4834999999998,26.433190917968773,0.016779438,0.035079956,25.915085288453376,26.120690917968773,0.016359821,0.004545212,13.454904080562548,24.308190917968773,0.015436664,0.051193237,6.437610490461838,0,0,1
2016-04-07 23:00:00,1135.6789,26.324822998046898,0.016863631,0.034820557,25.541280565771427,25.934197998046898,0.016283797,0.007408142,13.062589846945418,23.981072998046898,0.015452194,0.05291748,6.375383352085375,0,0,1
2016-04-08 00:00:00,1078.0133,26.2021423339844,0.016802574,0.037597656,25.04552469993626,25.7333923339844,0.016131187,0.008029938,12.39126256315052,23.6865173339844,0.015436911,0.046661377,6.346552028355287,0,0,1
2016-04-08 01:00:00,1072.6898,26.082604980468773,0.016771942,0.034469604,24.17014559555551,25.566979980468773,0.015993744,0.010574341,12.059409593392662,23.441979980468773,0.015368133,0.047286987,6.328714816262931,0,0,1
2016-04-08 02:00:00,1046.6974,25.961541748046898,0.016779387,0.028869629,22.96595371211974,25.414666748046898,0.01587149,0.010375977,11.853555710819515,23.180291748046898,0.01536795,0.046340942,6.278867127231489,0,0,1
2016-04-08 03:00:00,1025.219,25.879724121093773,0.016794458,0.01864624,22.06891863684772,25.254724121093773,0.015749231,0.012062073,12.079239341584762,23.004724121093773,0.015379206,0.040634155,6.414301649274704,0,0,1
2016-04-08 04:00:00,1001.0006,25.867456054687523,0.01679428,0.014221191,21.06830144567103,25.054956054687523,0.015688017,0.017692566,12.137302121278976,22.898706054687523,0.01540573,0.036712646,6.421361482234314,0,0,1
2016-04-08 05:00:00,1017.4232,25.864465332031276,0.016801778,0.016777039,20.073626441568177,24.864465332031276,0.015748922,0.01877594,12.054674677468068,22.864465332031276,0.015428487,0.037963867,6.285026084827564,0,0,1
2016-04-08 06:00:00,1038.0093,25.924951171875023,0.016824573,0.023216248,19.96930890227972,24.831201171875023,0.015840381,0.020347595,12.053779560145038,22.909326171875023,0.015443652,0.0418396,6.033553327409953,0,0,1
2016-04-08 07:00:00,1166.4941,26.702935791015648,0.01659564,0.038009644,23.392521763651107,26.390435791015648,0.015886106,0.018798828,14.869382381580882,23.874810791015648,0.015313901,0.032226562,6.197825025719787,0,0,1
2016-04-08 08:00:00,1344.786,27.760583496093773,0.016237045,0.05429077,25.67246876453101,28.713708496093773,0.015413071,0.011646271,16.995617029986892,25.760583496093773,0.01467302,0.017501831,6.155677417133402,0,0,1
2016-04-08 09:00:00,1431.3747,28.942712402343773,0.01619126,0.057617188,25.99753794823881,31.052087402343773,0.014508979,0.00825119,17.05833708230881,27.942712402343773,0.0137765575,0.014614105,5.605821982282874,0,0,1
2016-04-08 10:00:00,1492.0823,29.978814697265648,0.01622176,0.04019165,25.57312119370435,32.94756469726565,0.013982533,0.007173538,16.53654259226401,29.838189697265648,0.013067005,0.021270752,4.681833360736614,0,0,1
2016-04-08 11:00:00,1515.5396999999998,30.880029296875023,0.016252209,0.034988403,25.339092476723497,34.33315429687502,0.013959575,0.009860992,15.746494186408531,31.161279296875023,0.01314323,0.026771545,3.4978614827010657,0,0,1
2016-04-08 12:00:00,1495.9792,31.400689697265648,0.016229277,0.025535583,25.627862633072787,35.15068969726565,0.014070159,0.016868591,15.209978482383542,31.963189697265648,0.013414031,0.027580261,2.4434879669820497,0,0,1
2016-04-08 13:00:00,1531.6677,31.579553222656276,0.01617583,0.022514343,26.13100659399164,35.37642822265627,0.014085377,0.025184631,15.084351875662046,32.17330322265627,0.013833607,0.048797607,1.866714423993543,0,0,1
2016-04-08 14:00:00,1505.3867,31.446374511718773,0.016160542,0.02722168,26.828266712096603,35.05574951171877,0.014134938,0.02949524,15.262395085154608,31.758874511718773,0.014058644,0.061019897,1.7723063897465656,0,0,1
2016-04-08 15:00:00,1483.8932,30.983575439453148,0.016213931,0.04055786,27.68402964592625,34.12420043945315,0.0141806975,0.022506714,15.712244961291583,31.030450439453148,0.0142188445,0.06781006,2.064903959853479,0,0,1
2016-04-08 16:00:00,1425.6203,30.181848144531276,0.016366515,0.054840088,28.99705061022236,32.66622314453127,0.014169249,0.011226654,16.377846870178857,30.072473144531276,0.014264616,0.048187256,2.874508810791909,0,0,1
2016-04-08 17:00:00,1289.2908,29.036096191406276,0.01656488,0.068573,29.756469310392195,30.614221191406276,0.014195953,0.007911682,16.856653112358654,28.879846191406276,0.014237914,0.031951904,3.873939595489578,0,0,1
2016-04-08 18:00:00,1283.0197,27.8278747558594,0.016946346,0.070739746,29.08955337365144,28.3434997558594,0.014382869,0.007820129,15.891980635620886,27.3278747558594,0.01411584,0.027359009,4.594540069524911,0,0,1
2016-04-08 19:00:00,1298.7863,27.1013122558594,0.017457506,0.08282471,27.853062185693645,27.0231872558594,0.01489403,0.007904053,14.805833368007065,25.8981872558594,0.014508746,0.035217285,5.305942399777429,0,0,1
2016-04-08 20:00:00,1277.1026,26.834619140625023,0.017770318,0.10028076,27.05822426934834,26.303369140625023,0.015492943,0.007484436,14.335432014887685,24.943994140625023,0.014977959,0.03501892,5.4427237313036025,0,0,1
2016-04-08 21:00:00,1227.8143,26.703820800781276,0.017892433,0.09863281,26.54272661313397,25.922570800781276,0.015855385,0.0068359375,13.91475048525465,24.391320800781276,0.015126778,0.032226562,5.753045597388385,0,0,1
2016-04-08 22:00:00,1192.042,26.6152282714844,0.017945923,0.094451904,25.98142494434576,25.6777282714844,0.01597754,0.007539749,13.648604403404931,23.9433532714844,0.015111603,0.033462524,6.164152200140469,0,0,1
2016-04-08 23:00:00,1174.0145,26.519372558593773,0.017907906,0.09164429,26.30235278843,25.503747558593773,0.016008187,0.013893127,13.505127810311592,23.488122558593773,0.015077401,0.04208374,6.398632594896558,0,0,1
2016-04-09 00:00:00,1071.9653,26.393609619140648,0.017877515,0.09207153,26.096475613168742,25.346734619140648,0.016031202,0.017669678,13.44757720227268,23.081109619140648,0.015005047,0.05204773,6.502162456265301,0,0,1
2016-04-09 01:00:00,1024.4191,26.243218994140648,0.017854692,0.09124756,25.9224422830106,25.211968994140648,0.016077043,0.02229309,13.447151194366064,22.758843994140648,0.014993669,0.062194824,6.382150728057856,0,0,1
2016-04-09 02:00:00,997.1214,26.131372070312523,0.017786063,0.09527588,26.399655634628136,25.131372070312523,0.016161002,0.026756287,13.487431282950238,22.553247070312523,0.015047111,0.065704346,6.228842760253144,0,0,1
2016-04-09 03:00:00,998.2893,26.038171386718773,0.017717386,0.081726074,26.403723748888478,25.131921386718773,0.016298318,0.02594757,13.248856123006062,22.444421386718773,0.015111947,0.06359863,6.019807212885647,0,0,1
2016-04-09 04:00:00,976.5488,25.982293701171898,0.017702075,0.06970215,25.400539278327987,25.154168701171898,0.016427966,0.030708313,12.338917232845189,22.419793701171898,0.015165302,0.061050415,5.844711759849676,0,0,1
2016-04-09 05:00:00,974.8487,25.917687988281276,0.017740186,0.054641724,24.385938125720823,25.120812988281276,0.016488966,0.03401184,11.048304501082184,22.402062988281276,0.015188154,0.059646606,5.862876278121813,0,0,1
2016-04-09 06:00:00,954.3571,26.044305419921898,0.017785948,0.042556763,23.94385725339379,25.247430419921898,0.016549986,0.029563904,10.655315372949854,22.434930419921898,0.015195769,0.056152344,5.823205414393157,0,0,1
2016-04-09 07:00:00,1019.7606,26.986474609375023,0.017579969,0.067474365,26.8210982785234,27.002099609375023,0.016656812,0.02191925,13.60595475149418,23.455224609375023,0.015153821,0.047073364,6.126491779132278,0,0,1
2016-04-09 08:00:00,1167.6153,28.194360351562523,0.016992502,0.102142334,28.706391126010463,29.397485351562523,0.016443186,0.024276733,16.542154708055836,25.584985351562523,0.0147418305,0.032226562,6.462304740626983,0,0,1
2016-04-09 09:00:00,1256.8303,29.262719726562523,0.016664395,0.11602783,28.274313030447797,31.606469726562523,0.01584805,0.02482605,17.403424682338475,27.950219726562523,0.01414288,0.018722534,6.330357516348507,0,0,1
2016-04-09 10:00:00,1334.3843,30.250390625000023,0.016458321,0.09814453,28.66718662707117,33.50039062500002,0.015428353,0.0233078,17.599744049291907,29.844140625000023,0.013738442,0.018180847,5.651619235242549,0,0,1
2016-04-09 11:00:00,1343.8395,31.131707763671898,0.016320921,0.061538696,30.09768264315845,34.9129577636719,0.015195586,0.018585205,18.079534216763363,31.022332763671898,0.0137879625,0.028259277,4.878298655809068,0,0,1
2016-04-09 12:00:00,1326.2166,31.733514404296898,0.016183548,0.043273926,31.35568731820857,35.8428894042969,0.0150391385,0.014453888,18.8061996870043,31.764764404296898,0.013642959,0.04006958,4.739622867405373,0,0,1
2016-04-09 13:00:00,1314.3328,31.942742919921898,0.016107237,0.029548645,31.899438356818585,36.1927429199219,0.015020049,0.014644623,19.074972626152743,32.0521179199219,0.013513244,0.036987305,4.996143022641731,0,0,1
2016-04-09 14:00:00,1304.9305,31.769708251953148,0.016214054,0.032318115,31.512590954599005,35.89470825195315,0.015046757,0.014461517,18.958846768423815,31.925958251953148,0.013353031,0.03263855,5.458479089707894,0,0,1
2016-04-09 15:00:00,1265.7784,31.2363220214844,0.016412392,0.03352356,30.231130639882213,34.9394470214844,0.0149856955,0.019042969,18.912305912854897,31.3769470214844,0.013219491,0.028144836,5.928505867088357,0,0,1
2016-04-09 16:00:00,1226.0659999999998,30.383111572265648,0.01658779,0.04447937,29.257190935487078,33.44561157226565,0.014871176,0.02458191,18.612589998969156,30.398736572265648,0.013246115,0.02999115,6.36375346249434,0,0,1
2016-04-09 17:00:00,1181.8839,29.263360595703148,0.016793672,0.044891357,28.847259084520545,31.544610595703148,0.014958802,0.026817322,17.73926895063131,28.982110595703148,0.013539734,0.02696991,6.710883822953625,0,0,1
2016-04-09 18:00:00,1203.8886,28.114282226562523,0.017075825,0.047042847,28.258127503773697,29.411157226562523,0.015347768,0.02947998,15.331790165302014,27.254907226562523,0.013978291,0.027816772,6.515028918327272,0,0,1
2016-04-09 19:00:00,1277.2947,27.369073486328148,0.017396174,0.046020508,27.87115128979695,27.962823486328148,0.015923701,0.027931213,13.889869994508786,25.884698486328148,0.014237605,0.035583496,6.488141895798039,0,0,1
2016-04-09 20:00:00,1261.0139,26.998254394531276,0.017594514,0.047027588,27.59265868365029,27.107629394531276,0.016427217,0.034973145,13.727237156380369,24.935754394531276,0.014489351,0.042800903,6.685483222678473,0,0,1
2016-04-09 21:00:00,1226.1381,26.811364746093773,0.017701363,0.050369263,27.723011481449596,26.670739746093773,0.016709542,0.037261963,13.66112435579703,24.295739746093773,0.014764046,0.054885864,6.863667648285471,0,0,1
2016-04-09 22:00:00,1189.7373,26.644616699218773,0.017770082,0.056732178,29.137827467090837,26.472741699218773,0.016877443,0.035339355,14.368089270613892,23.894616699218773,0.0150769055,0.07156372,6.937759930664204,0,0,1
2016-04-09 23:00:00,1138.373,26.5007263183594,0.017739607,0.052627563,30.92615363668372,26.3601013183594,0.017030073,0.036895752,14.403077559621645,23.6726013183594,0.015378309,0.08532715,6.697434252921382,0,0,1
2016-04-10 00:00:00,1121.5343,26.383874511718773,0.017518468,0.04121399,31.81331312658026,26.305749511718773,0.017068334,0.055740356,13.870769123735872,23.493249511718773,0.015634008,0.08621216,6.267800852763848,0,0,1
2016-04-10 01:00:00,1080.1091,26.332818603515648,0.017129423,0.026977539,32.0797419716977,26.176568603515648,0.017091276,0.051696777,13.10814111515714,23.332818603515648,0.015832426,0.09552002,6.03146607639475,0,0,1
2016-04-10 02:00:00,1049.2034999999998,26.246423339843773,0.016824188,0.017219543,31.02680222089746,26.090173339843773,0.017220916,0.039215088,12.509486951667734,23.230798339843773,0.016068878,0.097717285,5.821290359996081,0,0,1
2016-04-10 03:00:00,1024.5947,26.167749023437523,0.016618121,0.021530151,30.08330316628364,26.042749023437523,0.017335285,0.059127808,12.462718561488543,23.198999023437523,0.016274799,0.09329224,5.535547770865604,0,0,1
2016-04-10 04:00:00,1013.9977,26.119165039062523,0.016488355,0.018363953,28.27783172755496,25.947290039062523,0.017228406,0.063812256,12.70786788404913,23.197290039062523,0.016351026,0.09603882,5.337854606766516,0,0,1
2016-04-10 05:00:00,1010.379,26.139855957031276,0.01638144,0.01512146,26.96303133169099,25.764855957031276,0.017090974,0.043655396,12.613039517465271,23.171105957031276,0.016350923,0.09863281,5.241523351767036,0,0,1
2016-04-10 06:00:00,959.4928,26.299523925781276,0.016366094,0.011642456,27.206713880058487,25.799523925781276,0.016991705,0.03074646,13.487090385092854,23.205773925781276,0.016320318,0.09603882,5.402022364525258,0,0,1
2016-04-10 07:00:00,992.7515,27.207086181640648,0.016144764,0.010063171,31.46580454189516,27.269586181640648,0.016770374,0.032714844,16.73711489518574,24.113336181640648,0.016213428,0.0854187,6.232183599600418,0,0,1
2016-04-10 08:00:00,1054.2611,28.450402832031276,0.01578611,0.016838074,35.203318023355635,29.341027832031276,0.01590055,0.042160034,19.80432040155336,25.981652832031276,0.01551145,0.06808472,6.993470009933995,0,0,1
2016-04-10 09:00:00,1068.481,29.622766113281276,0.015694484,0.013641357,35.042265844374455,31.341516113281276,0.0151718715,0.03678894,20.476101017787176,27.935266113281276,0.0146683315,0.055160522,6.908134243454302,0,0,1
2016-04-10 10:00:00,1099.1126,30.536798095703148,0.0156868,0.013271332,33.41406838175071,33.00554809570315,0.0147445705,0.025764465,19.91362529096608,29.521173095703148,0.014298251,0.047698975,5.957555138336393,0,0,1
2016-04-10 11:00:00,1134.4414,31.188134765625023,0.015671507,0.006439209,31.532099820528877,34.26625976562502,0.01438214,0.015716553,19.06232434601448,30.610009765625023,0.014168517,0.044067383,4.958727840896225,0,0,1
2016-04-10 12:00:00,1137.1331,31.608850097656276,0.015656212,0.0016851425,30.31136563599123,35.07760009765627,0.0140921865,0.012142181,18.309302770234837,31.358850097656276,0.013790825,0.047225952,4.524248100742841,0,0,1
2016-04-10 13:00:00,1163.0069999999998,31.803186035156276,0.015557,0.0010256767,29.860732835590547,35.36568603515627,0.013928125,0.008720398,18.00913144234383,31.709436035156276,0.013424585,0.045822144,4.41560820558112,0,0,1
2016-04-10 14:00:00,1175.7767,31.6643005371094,0.015495945,0.0017137527,30.18839490618404,35.0861755371094,0.013790775,0.0051345825,18.007163033976965,31.6643005371094,0.013088871,0.043777466,4.633904157553762,0,0,1
2016-04-10 15:00:00,1167.2361999999998,31.054162597656276,0.015522634,0.002916336,30.532587631425923,34.10103759765627,0.013733541,0.0040626526,18.127789108881267,31.241662597656276,0.012901937,0.035629272,5.045481955245264,0,0,1
2016-04-10 16:00:00,1146.78,30.120477294921898,0.0156714,0.0018939972,30.32966180177032,32.5736022949219,0.013741163,0.0032405853,18.41795170830336,30.354852294921898,0.012985853,0.038116455,5.650544536985185,0,0,1
2016-04-10 17:00:00,1121.7975,28.989648437500023,0.015862133,0.0055236816,28.91026331937004,30.708398437500023,0.013897564,0.007835388,18.150455185407885,28.989648437500023,0.013394024,0.03237915,6.142114822551611,0,0,1
2016-04-10 18:00:00,1138.6215,27.883508300781276,0.016052874,0.018333435,26.496038602883782,28.805383300781276,0.014317187,0.01291275,15.687060696351487,27.227258300781276,0.014183672,0.03529358,6.029083678810863,0,0,1
2016-04-10 19:00:00,1192.0606,27.284478759765648,0.016289396,0.021980286,24.96732224680455,27.628228759765648,0.015019103,0.036132812,13.734411246085918,25.753228759765648,0.015011474,0.051696777,5.798970154063331,0,0,1
2016-04-10 20:00:00,1209.0698,26.990686035156276,0.016518306,0.015018463,24.49310378818313,26.990686035156276,0.015686702,0.052139282,13.212090139970254,25.021936035156276,0.015179347,0.062423706,5.831074486939882,0,0,1
2016-04-10 21:00:00,1209.3777,26.801446533203148,0.01673961,0.022338867,24.236630017787967,26.567071533203148,0.016136888,0.049987793,12.453614650083855,24.520196533203148,0.01548839,0.070129395,5.815669193745596,0,0,1
2016-04-10 22:00:00,1171.1982,26.6303649902344,0.016892271,0.03993225,24.178847357678123,26.2241149902344,0.016335325,0.05517578,11.6781051002682,24.1772399902344,0.015602904,0.077545166,5.712233706221214,0,0,1
2016-04-10 23:00:00,1110.1998,26.462731933593773,0.016953371,0.04496765,24.81942312057405,25.915856933593773,0.016381167,0.046813965,11.424975332154204,23.868981933593773,0.015618228,0.07675171,5.529827801470496,0,0,1
2016-04-11 00:00:00,1018.6639,26.288018798828148,0.01693818,0.04246521,25.921010913208907,25.647393798828148,0.016381234,0.036026,11.493205091494126,23.600518798828148,0.01560685,0.07543945,5.387416865510603,0,0,1
2016-04-11 01:00:00,991.9675,26.156793212890648,0.016846687,0.03656006,26.65160044718674,25.422418212890648,0.016358405,0.038604736,11.772933175993408,23.344293212890648,0.015545875,0.07711792,5.433660880359037,0,0,1
2016-04-11 02:00:00,978.8377,26.0571228027344,0.016686494,0.028335571,26.489487614930617,25.2914978027344,0.016282136,0.03956604,12.001622376443446,23.0883728027344,0.015484864,0.075164795,5.528745077580765,0,0,1
2016-04-11 03:00:00,953.4906,25.980859375000023,0.016549159,0.021453857,25.448004491849407,25.183984375000023,0.01616769,0.042526245,11.92244436841781,22.871484375000023,0.015374231,0.07312012,5.691381835885136,0,0,1
2016-04-11 04:00:00,959.204,25.922509765625023,0.016472856,0.020614624,23.52326308678284,25.078759765625023,0.016106645,0.03768921,10.90703774829018,22.672509765625023,0.015278854,0.06808472,5.61307570939254,0,0,1
2016-04-11 05:00:00,985.0461,25.853845214843773,0.016594948,0.017982483,19.70358118338378,25.056970214843773,0.016144814,0.04008484,10.024427257739124,22.478845214843773,0.01525599,0.064331055,5.4291298998478,0,0,1
2016-04-11 06:00:00,981.8451,25.939111328125023,0.01672471,0.012329102,17.835691111964408,25.220361328125023,0.01620591,0.049194336,10.03734456817263,22.407861328125023,0.01526368,0.057373047,5.450708717671708,0,0,1
2016-04-11 07:00:00,1123.3842,26.821496582031276,0.016541686,0.013191223,21.39712542184953,26.524621582031276,0.01612207,0.062683105,12.553812987296707,23.368371582031276,0.015168395,0.052719116,5.91859201544696,0,0,1
2016-04-11 08:00:00,1339.6104,27.972070312500023,0.016206067,0.015033722,24.24370717622378,28.440820312500023,0.015507978,0.062408447,15.218745528265512,25.425195312500023,0.0145237865,0.045059204,6.167721462595496,0,0,1
2016-04-11 09:00:00,1439.5703,29.1362243652344,0.016038258,0.01675415,25.0480453002676,30.5112243652344,0.014931996,0.045150757,15.412475942328395,27.6049743652344,0.013852437,0.03363037,5.775303602288663,0,0,1
2016-04-11 10:00:00,1523.239,30.147393798828148,0.015969587,0.017837524,25.47549183439059,32.49114379882815,0.014638257,0.029876709,14.57238987997387,29.444268798828148,0.013360334,0.031906128,4.93029117908209,0,0,1
2016-04-11 11:00:00,1561.1455,30.918603515625023,0.015908532,0.014026642,25.45186245142178,34.12172851562502,0.014668755,0.014228821,13.44022425941288,30.731103515625023,0.0136197135,0.01852417,3.488688580181809,0,0,1
2016-04-11 12:00:00,1554.0220000000002,31.392846679687523,0.015870355,0.015838623,25.0823245607558,35.33034667968752,0.014642023,0.009845734,12.735358719912584,31.783471679687523,0.01316192,0.02091217,2.503142281804809,0,0,1
2016-04-11 13:00:00,1564.7828,31.592553710937523,0.015778791,0.009315491,24.40048600009876,35.81130371093752,0.014523756,0.034622192,12.22141285322226,32.38942871093752,0.013058912,0.017066956,1.7259298679363333,0,0,1
2016-04-11 14:00:00,1576.1684,31.580102539062523,0.015633848,0.008075714,23.67669845659837,35.50197753906252,0.014329221,0.09188843,11.716369797340274,32.43947753906252,0.013287809,0.010433197,1.1067455297232895,0,0,1
2016-04-11 15:00:00,1543.1861,31.255090332031276,0.015511791,0.01367569,23.133970810666074,34.64571533203127,0.014191906,0.1494751,11.078046771420285,32.14571533203127,0.013226788,0.009365082,0.4779826513328348,0,0,1
2016-04-11 16:00:00,1453.8063000000002,30.567437744140648,0.015431679,0.017303467,22.93479613289001,33.33306274414065,0.014119423,0.16571045,10.37217638681813,31.254937744140648,0.013112343,0.020751953,0.7906426733099785,0,0,1
2016-04-11 17:00:00,1326.4226999999998,29.520532226562523,0.015443132,0.017074585,22.61892035136355,31.692407226562523,0.014073656,0.16455078,9.485525657071769,29.833032226562523,0.013348863,0.028503418,1.5606328099811209,0,0,1
2016-04-11 18:00:00,1326.7258,28.412530517578148,0.01553851,0.014377594,21.54949769321963,29.912530517578148,0.0143216215,0.1453247,8.237330692849437,28.100030517578148,0.014153775,0.035583496,1.822534976199753,0,0,1
2016-04-11 19:00:00,1356.7652,27.672814941406276,0.015702577,0.008338928,20.22554187025189,28.657189941406276,0.014661165,0.1109314,8.106664204952637,26.625939941406276,0.015481325,0.038116455,1.5949226351364083,0,0,1
2016-04-11 20:00:00,1334.557,27.230157470703148,0.015847594,0.0047626495,18.87196472419524,27.839532470703148,0.014501005,0.090545654,8.291061754509482,25.823907470703148,0.014771849,0.030815125,1.2633313567180486,0,0,1
2016-04-11 21:00:00,1303.056,26.932489013671898,0.01595447,0.0049495697,17.866484420947646,27.166864013671898,0.014672732,0.08816528,7.490397340754876,25.166864013671898,0.014909243,0.019134521,1.2323232180226082,0,0,1
2016-04-11 22:00:00,1224.4618,26.6667419433594,0.016023267,0.00901413,17.39964751840245,26.6354919433594,0.015012371,0.103759766,7.251733980327433,24.6198669433594,0.015096295,0.0231781,1.3948238726148554,0,0,1
2016-04-11 23:00:00,1163.5582,26.435021972656276,0.016092056,0.011543274,17.217253623230977,26.231896972656276,0.01541304,0.12060547,6.921945122563827,24.185021972656276,0.015245194,0.036834717,1.7939083733906178,0,0,1
2016-04-12 00:00:00,1069.3212,26.214868164062523,0.016076922,0.01386261,17.49188893712932,25.933618164062523,0.015779376,0.125,6.76188841079664,23.839868164062523,0.015352131,0.050689697,2.337648913286108,0,0,1
2016-04-12 01:00:00,1030.9031,26.019311523437523,0.015916757,0.013000488,18.10558889523244,25.706811523437523,0.016107492,0.123535156,6.704053754154007,23.550561523437523,0.015436105,0.04890442,2.9431703033168457,0,0,1
2016-04-12 02:00:00,1008.6489,25.8127380371094,0.015649745,0.014663696,18.977478565077824,25.5002380371094,0.016359279,0.10437012,6.621673621247553,23.2814880371094,0.015493343,0.0388031,3.4304579023773067,0,0,1
2016-04-12 03:00:00,981.5868,25.617242431640648,0.015401764,0.015052795,18.919467164615625,25.304742431640648,0.016496582,0.08294678,6.564404334466108,23.101617431640648,0.015413208,0.031066895,3.954325709680135,0,0,1
2016-04-12 04:00:00,968.7858,25.436730957031276,0.015333061,0.011062622,17.684704317139936,25.092980957031276,0.01654995,0.09030151,6.5048594371202135,22.889855957031276,0.015313988,0.029022217,4.198947543022558,0,0,1
2016-04-12 05:00:00,977.0404,25.253930664062523,0.015420754,0.006784439,15.900698894759213,24.941430664062523,0.016557533,0.12399292,6.701917137747081,22.753930664062523,0.01523002,0.039016724,4.252695402469796,0,0,1
2016-04-12 06:00:00,978.9299,25.303399658203148,0.015546613,0.005104065,15.280284610514306,24.990899658203148,0.01651936,0.16973877,7.59302608854167,22.772149658203148,0.015176588,0.056243896,4.226121976956099,0,0,1
2016-04-12 07:00:00,1151.8723,26.429223632812523,0.015214721,0.004545212,19.841393291710837,26.007348632812523,0.016313354,0.18261719,10.034400870053124,23.647973632812523,0.01509265,0.08627319,4.368726031192631,0,0,1
2016-04-12 08:00:00,1322.6815,27.689416503906276,0.014974376,0.0037603378,22.76004547007331,27.626916503906276,0.015680095,0.15759277,11.966454711425424,25.298791503906276,0.01473405,0.12295532,4.1545745042324445,0,0,1
2016-04-12 09:00:00,1410.1283,28.854211425781276,0.015016307,0.0012040138,22.9844141819644,29.463586425781276,0.014974345,0.11425781,11.782985239314456,26.885461425781276,0.014379253,0.16033936,3.496610959799948,0,0,1
2016-04-12 10:00:00,1488.5632,29.941918945312523,0.015008644,0.00080895424,21.87328077786469,31.441918945312523,0.014196114,0.06741333,10.84305611184995,28.191918945312523,0.013974861,0.15985107,2.66652464985179,0,0,1
2016-04-12 11:00:00,1513.0888,30.841027832031276,0.014863668,0.0005247593,20.134883979214912,33.34102783203127,0.01364678,0.055618286,9.405134016478442,29.481652832031276,0.013532339,0.13781738,1.9497233194520605,0,0,1
2016-04-12 12:00:00,1517.9947,31.540704345703148,0.0146347545,0.00030612946,18.720027386571957,34.46257934570315,0.013250019,0.060653687,8.166256573819082,30.384454345703148,0.013227131,0.14093018,1.3716939228790637,0,0,1
2016-04-12 13:00:00,1544.2728,31.983239746093773,0.014398163,0.00017553568,17.530420032785266,35.03011474609377,0.012853211,0.06150818,7.36477078455986,30.686364746093773,0.013627594,0.14501953,0.7584629621817323,0,0,1
2016-04-12 14:00:00,1550.9934,32.13802490234377,0.014218784,0.0001887083,16.66711799519116,35.12239990234377,0.012681461,0.057739258,6.588561237130231,30.747399902343773,0.013570285,0.15374756,0.2927981765097662,0,0,1
2016-04-12 15:00:00,1510.3347,31.978967285156276,0.014146258,0.000182271,16.097426887698084,34.82271728515627,0.012658526,0.05784607,5.781450389791401,30.541467285156276,0.013337542,0.15783691,0.5045566610681018,0,0,1
2016-04-12 16:00:00,1408.3534,31.4262634277344,0.014218725,0.0012822151,16.21011418278254,34.0200134277344,0.012673773,0.06147766,5.23023130281023,30.0512634277344,0.013062872,0.15563965,0.9537242518957852,0,0,1
2016-04-12 17:00:00,1285.9987,30.405236816406276,0.014497166,0.001188755,16.748774742747624,32.67086181640627,0.012879734,0.04814148,4.1276355230863215,29.202111816406276,0.01299799,0.13568115,1.318502409233001,0,0,1
2016-04-12 18:00:00,1266.9998,29.042871093750023,0.015046435,0.0026254654,17.822802735913374,29.949121093750023,0.015443164,0.021949768,2.7577018028282434,27.980371093750023,0.013390857,0.104034424,1.481779701550522,0,0,1
2016-04-12 19:00:00,1321.4194,27.890924072265648,0.015748315,0.0030412674,19.63916485659837,28.406549072265648,0.01606112,0.0057907104,2.11675123273571,26.734674072265648,0.013753229,0.06677246,1.015142616155759,0,0,1
2016-04-12 20:00:00,1270.2558,27.165216064453148,0.016183205,0.0030641556,19.26331725172296,27.368341064453148,0.016267128,0.011199951,1.0868207980960212,25.774591064453148,0.014329262,0.037643433,0.2033575864809211,0,0,1
2016-04-12 21:00:00,1238.7439,26.817681884765648,0.016328176,0.006170273,17.643045584453873,26.583306884765648,0.0162824,0.016601562,1.2847420188936498,25.020806884765648,0.014905294,0.049179077,1.0510144169995508,0,0,1
2016-04-12 22:00:00,1177.9057,26.5395446777344,0.016343413,0.00607872,16.211677919837985,25.9770446777344,0.016167937,0.025848389,2.443210146072395,24.4770446777344,0.0152524095,0.056625366,2.015045206826513,0,0,1
2016-04-12 23:00:00,1110.1257,26.216577148437523,0.016328199,0.0043849945,14.747932480560518,25.466577148437523,0.016045911,0.03390503,3.220580310596611,24.044702148437523,0.0154622635,0.063568115,2.5927332160545498,0,0,1
2016-04-13 00:00:00,1042.5408,25.818475341796898,0.01637402,0.003768921,13.134982880405849,25.084100341796898,0.01599255,0.037704468,3.6129761009238863,23.677850341796898,0.015550045,0.061553955,3.175792830893033,0,0,1
2016-04-13 01:00:00,1006.1061,25.501855468750023,0.016335893,0.0034389496,11.865335937065334,24.720605468750023,0.015946794,0.036987305,3.8811192366092127,23.283105468750023,0.015527178,0.067596436,3.567853210329223,0,0,1
2016-04-13 02:00:00,973.1376,25.192041015625023,0.016305381,0.0032262802,10.8955560076828,24.332666015625023,0.015885765,0.03642273,4.075804519806256,22.988916015625023,0.015462332,0.06921387,3.736132156489272,0,0,1
2016-04-13 03:00:00,941.5222,24.925378417968773,0.016290113,0.0032987595,10.517507355263298,23.987878417968773,0.015862867,0.037902832,4.3497804652097125,22.722253417968773,0.015397474,0.06768799,3.8603053329945984,0,0,1
2016-04-13 04:00:00,931.4502,24.6899353027344,0.016259579,0.0033302307,10.171335626180571,23.6899353027344,0.015916256,0.03895569,4.6719931495041465,22.4868103027344,0.01535931,0.06503296,3.9526715334418743,0,0,1
2016-04-13 05:00:00,940.6541,24.492761230468773,0.01619849,0.0030565262,9.764281837318295,23.430261230468773,0.015984867,0.037521362,4.958912282316774,22.289636230468773,0.01537833,0.0642395,3.966494071368402,0,0,1
2016-04-13 06:00:00,940.0373,24.724908447265648,0.016190814,0.0026187897,10.352226880212516,23.709283447265648,0.016030597,0.0342865,6.2528590384547424,22.224908447265648,0.0153897265,0.06539917,3.9963035049651054,0,0,1
2016-04-13 07:00:00,1073.2885,26.063165283203148,0.015656712,0.0022974014,14.943086210702536,26.000665283203148,0.015893223,0.030136108,9.994785849188697,23.297540283203148,0.015248539,0.05784607,4.444213939543841,0,0,1
2016-04-13 08:00:00,1277.8587,27.173303222656276,0.015485012,0.002257347,15.884506479004722,28.376428222656276,0.015290462,0.027015686,11.212957938038242,25.407678222656276,0.014641964,0.037521362,4.473523854425832,0,0,1
2016-04-13 09:00:00,1392.8214,28.197290039062523,0.01568715,0.0027399063,14.45361646123882,30.556665039062523,0.014451189,0.021781921,10.860538943917277,27.572290039062523,0.013661547,0.025993347,4.059229253042216,0,0,1
2016-04-13 10:00:00,1471.8268,29.159387207031276,0.01575579,0.0034532547,12.86477676571535,32.53438720703127,0.01359667,0.014533997,9.807066413344112,29.503137207031276,0.01284136,0.018997192,3.2148759152922715,0,0,1
2016-04-13 11:00:00,1496.4317,30.058465576171898,0.015538353,0.004026413,11.734091403343154,34.2459655761719,0.013001579,0.008514404,8.240166036173722,31.152215576171898,0.012311119,0.01335907,2.254031374943985,0,0,1
2016-04-13 12:00:00,1514.7486,30.809533691406276,0.015221747,0.004076004,10.863990609424786,35.45015869140627,0.012982519,0.0046157837,6.397008393373241,32.29390869140627,0.012604864,0.010391235,1.973239857977072,0,0,1
2016-04-13 13:00:00,1519.8766,31.394921875000023,0.014878446,0.0036945343,10.374736251236213,36.34804687500002,0.012498075,0.0025644302,5.085925720482471,32.97304687500002,0.012673551,0.007865906,2.7921696539053973,0,0,1
2016-04-13 14:00:00,1550.3083,31.737756347656276,0.014558016,0.0030212402,10.590330010045944,36.67525634765627,0.012471377,0.004716873,4.12129777708814,33.05025634765627,0.012810885,0.008098602,3.853406063326236,0,0,1
2016-04-13 15:00:00,1527.2546,31.807031250000023,0.014332948,0.002609253,11.546534982096292,36.36953125000002,0.01266974,0.02696228,3.719207045734581,32.55703125000002,0.013066469,0.031677246,4.74133355032624,0,0,1
2016-04-13 16:00:00,1445.3471,31.492303466796898,0.014264287,0.0025262833,13.177805760700377,35.4610534667969,0.012818517,0.051132202,3.800932280469373,31.382928466796898,0.013379278,0.039367676,5.565099178366121,0,0,1
2016-04-13 17:00:00,1297.9028,30.724572753906276,0.014416889,0.0024175644,14.831951478749136,33.77144775390627,0.01321526,0.06347656,3.3516390064817387,29.740197753906276,0.013951496,0.03036499,5.751744080454294,0,0,1
2016-04-13 18:00:00,1260.3305,29.482995605468773,0.0149318725,0.0029563904,15.693787802373826,31.029870605468773,0.015355304,0.058059692,0.5475200168007495,27.920495605468773,0.014615253,0.040374756,5.138420590527904,0,0,1
2016-04-13 19:00:00,1289.2161,28.3166442871094,0.015588003,0.0043678284,18.157181080566456,29.5353942871094,0.015702445,0.034591675,0.6779477129413384,26.4728942871094,0.015221792,0.04774475,4.12852718406876,0,0,1
2016-04-13 20:00:00,1270.0967,27.347528076171898,0.0161297,0.0056858063,19.46602038699824,28.566278076171898,0.015809266,0.015693665,1.0144627144308525,25.597528076171898,0.015511719,0.049316406,2.9218795123549923,0,0,1
2016-04-13 21:00:00,1231.2241,26.672448730468773,0.01642728,0.0058345795,18.897099517603824,27.734948730468773,0.015847446,0.012012482,1.8157760688583735,24.984948730468773,0.015710117,0.0513916,1.9230265893511305,0,0,1
2016-04-13 22:00:00,1175.1755,26.215875244140648,0.016518898,0.0046901703,17.650956384612815,27.137750244140648,0.015717812,0.0072689056,2.907812149072428,24.465875244140648,0.015816994,0.055923462,1.244537844882884,0,0,1
2016-04-13 23:00:00,1104.1030999999998,25.868127441406276,0.01648083,0.0034389496,16.515485786132757,26.415002441406276,0.015679743,0.00360775,3.6193813978826026,24.055627441406276,0.015862849,0.057159424,1.0423283426034984,0,0,1
2016-04-14 00:00:00,1034.1326,25.578942871093773,0.016419878,0.0022859573,15.708475796620986,25.797692871093773,0.015740862,0.0033655167,4.21923776477148,23.703942871093773,0.015855303,0.06161499,1.3163069962118894,0,0,1
2016-04-14 01:00:00,999.4467,25.312951660156276,0.016374173,0.0027627945,14.943157342241316,25.281701660156276,0.015740933,0.0052928925,4.699750794236178,23.406701660156276,0.01577908,0.068603516,1.7046522666583768,0,0,1
2016-04-14 02:00:00,966.4789,25.131066894531276,0.016351337,0.0044727325,14.55374232664744,24.771691894531276,0.015725726,0.010128021,4.9708578569052975,23.193566894531276,0.015626544,0.07077026,2.117926726281397,0,0,1
2016-04-14 03:00:00,938.4672,25.045007324218773,0.016351365,0.0059814453,14.217636508812866,24.310632324218773,0.015710495,0.015823364,5.040777369902377,23.013757324218773,0.015473983,0.06121826,2.5051134762216978,0,0,1
2016-04-14 04:00:00,929.996,25.033410644531276,0.016366642,0.007820129,13.193528444281258,23.908410644531276,0.015664738,0.018356323,5.072310897513473,22.830285644531276,0.015336674,0.052337646,2.879012074900007,0,0,1
2016-04-14 05:00:00,938.8671,24.989343261718773,0.016374398,0.0082092285,11.784840664278066,23.567468261718773,0.015664864,0.019874573,5.223142481719064,22.645593261718773,0.015222359,0.0443573,3.3670922526542872,0,0,1
2016-04-14 06:00:00,940.8561,25.240563964843773,0.016397325,0.007797241,12.021229238001334,23.787438964843773,0.015764086,0.020317078,6.898748748773654,22.568688964843773,0.015119401,0.03829956,3.8340910864742255,0,0,1
2016-04-14 07:00:00,1072.8023999999998,26.374139404296898,0.016176127,0.007854462,16.147914314819424,26.046014404296898,0.015794657,0.018875122,11.154241013638355,23.655389404296898,0.014940164,0.03353882,4.408524362118418,0,0,1
2016-04-14 08:00:00,1272.1826,27.540704345703148,0.016107608,0.008090973,17.109903619830323,28.650079345703148,0.015203524,0.014297485,12.412815092299772,25.775079345703148,0.014448214,0.026382446,4.05936227140127,0,0,1
2016-04-14 09:00:00,1381.4725,28.712060546875023,0.016122976,0.008171082,17.154897007356467,31.055810546875023,0.014261404,0.009002686,11.580948483061912,28.071435546875023,0.013837973,0.024871826,3.06508672345734,0,0,1
2016-04-14 10:00:00,1459.0076,29.891900634765648,0.015833138,0.006883621,17.093103242734976,33.26690063476565,0.01333451,0.0048007965,10.153400110971525,30.048150634765648,0.013342139,0.03463745,1.775381052727908,0,0,1
2016-04-14 11:00:00,1508.4991,30.9865661621094,0.015203635,0.004152298,16.68053403699286,34.9709411621094,0.013025443,0.0034255981,8.336299341959236,31.5490661621094,0.013563315,0.059158325,1.0031029458161762,0,0,1
2016-04-14 12:00:00,1492.5465,31.857781982421898,0.014494073,0.0017857552,16.135670921862307,36.2171569824219,0.0124799125,0.004781723,7.276999822036009,32.5296569824219,0.013425957,0.10101318,1.7931143129388614,0,0,1
2016-04-14 13:00:00,1534.7826,32.44844970703127,0.013891404,0.0006337166,15.895062468082903,37.08907470703127,0.01179332,0.0066127777,6.714732850442199,32.62032470703127,0.013597672,0.122528076,2.811869176691982,0,0,1
2016-04-14 14:00:00,1550.3118,32.70913085937502,0.013475651,0.00021797419,16.270478101199163,37.39663085937502,0.011522526,0.009132385,6.482435474479181,32.00600585937502,0.014089817,0.14624023,3.435949965138222,0,0,1
2016-04-14 15:00:00,1507.3094,32.59761962890627,0.013246849,8.264184e-05,17.079339003626025,37.05074462890627,0.011690453,0.012928009,6.6269221184205,31.097619628906276,0.014505699,0.1741333,3.657278555934653,0,0,1
2016-04-14 16:00:00,1429.5275,32.04360351562502,0.013330869,3.9726496e-05,18.28455168502268,35.96547851562502,0.012125425,0.023750305,7.000826318197963,29.981103515625023,0.014864378,0.19274902,3.506621491034829,0,0,1
2016-04-14 17:00:00,1308.5176,30.897973632812523,0.013838178,2.823025e-05,19.558184958654856,34.25734863281252,0.012762433,0.0256958,6.850382728743952,28.741723632812523,0.014982587,0.20397949,3.3582374101543517,0,0,1
2016-04-14 18:00:00,1265.6834,29.249566650390648,0.0147651015,2.9698014e-05,20.58112694326729,31.577691650390648,0.014139491,0.021621704,3.9249508799984234,27.358941650390648,0.0150550185,0.19384766,3.20306551547758,0,0,1
2016-04-14 19:00:00,1311.8204,27.772027587890648,0.015833171,4.4107437e-05,21.522048673431684,29.756402587890648,0.0147688715,0.018722534,3.9731343695623247,26.209527587890648,0.015505108,0.17700195,2.6293238097644496,0,0,1
2016-04-14 20:00:00,1283.046,26.830834960937523,0.01651977,6.979704e-05,20.962783664155754,28.612084960937523,0.015314325,0.011276245,4.562519591825042,25.252709960937523,0.01601623,0.1428833,2.229501147859992,0,0,1
2016-04-14 21:00:00,1250.596,26.3185974121094,0.01687831,0.0001963973,19.72198695388423,27.7404724121094,0.015428727,0.0070056915,5.197661926917791,24.5529724121094,0.016428176,0.1156311,2.2106477937178437,0,0,1
2016-04-14 22:00:00,1191.1359,26.089471435546898,0.016916493,0.0016965866,19.05362370185459,26.964471435546898,0.015615681,0.004365921,5.527863653635205,24.151971435546898,0.01657317,0.09124756,2.476207265316634,0,0,1
2016-04-14 23:00:00,1117.6471,25.914514160156276,0.016855422,0.0031881332,18.85458301310704,26.273889160156276,0.015810195,0.0023450851,5.459621874113699,23.820764160156276,0.016557876,0.07791138,2.7336916260314994,0,0,1
2016-04-15 00:00:00,1066.12,25.738549804687523,0.016855383,0.0070438385,18.9662563277352,25.691674804687523,0.01587882,0.0013418198,5.674781516150422,23.519799804687523,0.016489172,0.06945801,3.022164606459883,0,0,1
2016-04-15 01:00:00,1054.8502,25.617089843750023,0.016870638,0.01411438,19.136758219111165,25.195214843750023,0.015947482,0.00178051,5.832605970902218,23.210839843750023,0.016374728,0.069885254,3.2928422940229427,0,0,1
2016-04-15 02:00:00,1012.6601,25.582910156250023,0.016863015,0.019935608,19.159295063788456,24.770410156250023,0.016016152,0.00532341,5.989641049668138,22.942285156250023,0.016267922,0.06893921,3.5558177920004024,0,0,1
2016-04-15 03:00:00,982.037,25.581475830078148,0.016893532,0.019836426,18.836132147221157,24.409600830078148,0.016061928,0.008369446,6.109728160124049,22.722100830078148,0.01616111,0.068115234,3.836782461673208,0,0,1
2016-04-15 04:00:00,966.2861,25.504815673828148,0.016969828,0.016494751,17.257384893836708,24.051690673828148,0.016138224,0.0072460175,5.615528127506608,22.567315673828148,0.0160543,0.06448364,3.911080472788834,0,0,1
2016-04-15 05:00:00,988.5258,25.415429687500023,0.01703851,0.013454437,15.193619372654869,23.681054687500023,0.016214535,0.00746727,5.1745261929094495,22.477929687500023,0.015985653,0.06375122,3.841925121779109,0,0,1
2016-04-15 06:00:00,982.5456,25.624566650390648,0.017038543,0.010860443,14.847515383852294,23.890191650390648,0.016290862,0.008731842,6.034545734821053,22.499566650390648,0.015970428,0.06613159,3.687090180463565,0,0,1
2016-04-15 07:00:00,1115.0107,26.629602050781276,0.016817328,0.0076122284,17.011211010649067,26.160852050781276,0.016184088,0.010784149,9.27854630363987,23.254602050781276,0.01615357,0.06762695,3.790654898554671,0,0,1
2016-04-15 08:00:00,1304.8143,27.8217712402344,0.016733442,0.005138397,15.788976778744294,28.8373962402344,0.015356336,0.010822296,10.124743038731491,24.9311462402344,0.015909467,0.052947998,3.5155366688122007,0,0,1
2016-04-15 09:00:00,1406.5226,29.013024902343773,0.016756363,0.0038471222,13.715409727356228,31.341149902343773,0.014429397,0.008495331,8.7156867571175,27.419274902343773,0.014841384,0.03678894,2.747703567891408,0,0,1
2016-04-15 10:00:00,1482.471,30.160668945312523,0.016519872,0.0016989708,12.879302058294506,33.59816894531252,0.013811437,0.005586624,6.97469078116872,29.660668945312523,0.01390299,0.047180176,1.4213369319770612,0,0,1
2016-04-15 11:00:00,1502.1333,31.212792968750023,0.016138533,0.00096178055,12.7189229487627,35.30654296875002,0.013979414,0.0032892227,5.089962894102095,31.119042968750023,0.013834455,0.08148193,0.2871876500921095,0,0,1
2016-04-15 12:00:00,1496.5468,32.0566345214844,0.015757078,0.00072336197,13.09850918971942,36.6660095214844,0.013517852,0.0017542839,3.8479686009995673,31.9472595214844,0.013742919,0.102752686,1.3433054876320638,0,0,1
2016-04-15 13:00:00,1543.1214,32.62835083007815,0.015459457,0.00067067146,14.088553453404074,37.36272583007815,0.0137314,0.0011167526,3.1779083043044234,32.15960083007815,0.014257828,0.12484741,2.336909249058065,0,0,1
2016-04-15 14:00:00,1547.3777,32.86464843750002,0.015337352,0.006881714,15.772970571422896,37.59902343750002,0.013723735,0.0032310486,3.6234513098686745,31.833398437500023,0.014517192,0.14471436,3.3984752195172367,0,0,1
2016-04-15 15:00:00,1513.3877,32.61086425781252,0.015402118,0.018074036,17.909217634892524,37.29836425781252,0.013635913,0.030319214,4.704703799662612,31.126489257812523,0.01480321,0.15484619,4.346839828952256,0,0,1
2016-04-15 16:00:00,1409.4888999999998,31.842553710937523,0.015711084,0.012119293,20.15502508087604,36.29567871093752,0.013574854,0.04701233,5.760263590741891,30.139428710937523,0.015154138,0.16320801,5.02940092239156,0,0,1
2016-04-15 17:00:00,1300.7999,30.563134765625023,0.016123101,0.010242462,22.004529133070857,34.46938476562502,0.013891502,0.076538086,5.994093199959016,28.875634765625023,0.015505119,0.1671753,5.356575890756846,0,0,1
2016-04-15 18:00:00,1303.8552,28.981561279296898,0.016565772,0.017921448,23.106422779860164,31.809686279296898,0.015818091,0.097961426,4.393536742937488,27.340936279296898,0.016008826,0.15588379,5.078794577250606,0,0,1
2016-04-15 19:00:00,1330.7699,27.822229003906276,0.01695482,0.014514923,22.690600898623757,30.447229003906276,0.016863268,0.10058594,3.392715422861346,25.994104003906276,0.016802233,0.13244629,4.371258944337818,0,0,1
2016-04-15 20:00:00,1305.8066,27.272363281250023,0.017160894,0.013774872,20.75214684100761,29.725488281250023,0.016779425,0.09588623,2.157439787633362,25.147363281250023,0.01733637,0.11697388,3.6189073439471615,0,0,1
2016-04-15 21:00:00,1267.4232,27.052117919921898,0.017290795,0.012432098,18.9370751905478,29.005242919921898,0.016840661,0.06707764,1.328118953915466,24.614617919921898,0.0176036,0.1307373,3.089865267325421,0,0,1
2016-04-15 22:00:00,1214.1197,26.910943603515648,0.017359503,0.009788513,18.142764227063864,28.332818603515648,0.017176397,0.040100098,1.1995619868536431,24.285943603515648,0.017626531,0.14526367,2.66770257518484,0,0,1
2016-04-15 23:00:00,1169.719,26.772363281250023,0.017344207,0.0075950623,18.606101801047878,27.631738281250023,0.01730606,0.024383545,1.723426185909703,24.006738281250023,0.01754257,0.15661621,2.470160972971469,0,0,1
